27.08.2026 13:48:19	Information:	log created
27.08.2026 13:48:19	Debug:	Before Compose
27.08.2026 13:48:20	Information:	_customFunctions = BakulevaAddons.BakulevaAddonsFactory
27.08.2026 13:48:20	Information:	Now we will start with rest
27.08.2026 13:48:21	Information:	Region Область Абай Clinic НАО Медицинский университет Семей Loaded
27.08.2026 13:48:21	Information:	Getting driver 732f78f6-9b44-4775-9d86-67c072a8d90a
27.08.2026 13:48:40	Information:	ret is {"OrgHealthCareID":"45500000000000909","Name":"BS-240","SystemName":"732f78f6-9b44-4775-9d86-67c072a8d90a","DllName":"LABIO200","DeleteDate":null,"ID":"150","StrID":"150"}
27.08.2026 13:48:40	Information:	Driver downloaded 732f78f6-9b44-4775-9d86-67c072a8d90a
27.08.2026 13:48:40	Information:	{
"DriverManagerID": 150,
"Offset": 0,
"Limit": 100
}


27.08.2026 13:48:40	Information:	Devices for driverManagerID = 150: 
27.08.2026 13:48:40	Information:	{"Data":[{"DriverManagerID":150,"DriverManager":{"OrgHealthCareID":"45500000000000909","Name":"BS-240","SystemName":"732f78f6-9b44-4775-9d86-67c072a8d90a","DllName":"LABIO200","DeleteDate":null,"ID":"150","StrID":"150"},"WorkPlaceID":20747,"WorkPlace":{"OrgHealthCareID":"45500000000000909","NameRU":"Клиническая химия (биохимия)","NameKZ":"Клиническая химия (биохимия)","Name":"Клиническая химия (биохимия)","BeginDate":"2019-04-15T14:11:34.383","EndDate":null,"ID":"20747","StrID":"20747"},"ID":"195","StrID":"195"}],"Total":1}
27.08.2026 13:48:41	Information:	Enum 1 Id 2000169 Driver 6660a4dc-ecdf-481a-bdf6-90349fc23a7cdevice 
27.08.2026 13:48:41	Information:	Enum -1 Id 2000168 Driver 6660a4dc-ecdf-481a-bdf6-90349fc23a7cdevice 
27.08.2026 13:48:41	Information:	Enum 0 Id 2000170 Driver 6660a4dc-ecdf-481a-bdf6-90349fc23a7cdevice 
27.08.2026 13:48:41	Information:	Enum 1 Id 2000020 Driver 6660a4dc-ecdf-481a-bdf6-90349fc23a7cdevice 
27.08.2026 13:48:41	Information:	Enum -1 Id 2000019 Driver 6660a4dc-ecdf-481a-bdf6-90349fc23a7cdevice 
27.08.2026 13:48:41	Information:	Enum 0 Id 2000021 Driver 6660a4dc-ecdf-481a-bdf6-90349fc23a7cdevice 
27.08.2026 13:48:41	Information:	System names from registry 732f78f6-9b44-4775-9d86-67c072a8d90a
27.08.2026 13:48:41	Information:	System name from collation 6660a4dc-ecdf-481a-bdf6-90349fc23a7c
27.08.2026 13:48:41	Information:	System name from collation 6660a4dc-ecdf-481a-bdf6-90349fc23a7c
27.08.2026 13:48:41	Information:	System name from collation 6660a4dc-ecdf-481a-bdf6-90349fc23a7c
27.08.2026 13:48:41	Information:	System name from collation 6660a4dc-ecdf-481a-bdf6-90349fc23a7c
27.08.2026 13:48:41	Information:	System name from collation 6660a4dc-ecdf-481a-bdf6-90349fc23a7c
27.08.2026 13:48:41	Information:	System name from collation 6660a4dc-ecdf-481a-bdf6-90349fc23a7c
27.08.2026 13:48:41	Information:	{
"DriverManagerID": 150,
"Offset": 0,
"Limit": 100
}


27.08.2026 13:48:41	Information:	ret is {"Data":[],"Total":0}
27.08.2026 13:48:41	Information:	System names from registry 732f78f6-9b44-4775-9d86-67c072a8d90a
27.08.2026 13:48:41	Information:	{
"DriverManagerID": 150,
"Offset": 0,
"Limit": 100
}


27.08.2026 13:48:41	Information:	ret is {"Data":[{"DriverManagerID":150,"DriverManager":{"OrgHealthCareID":"45500000000000909","Name":"BS-240","SystemName":"732f78f6-9b44-4775-9d86-67c072a8d90a","DllName":"LABIO200","DeleteDate":null,"ID":"150","StrID":"150"},"Code":"ALT","ParameterID":200357,"Parameter":{"ShortNameRU":"АЛаТ","ShortNameKZ":"АЛаТ","ShortName":"АЛаТ","DataType":0,"DataTypeName":"Число","UnitTypeID":100030,"UnitType":null,"MedicalFormID":null,"MasterDataID":0,"MedicalForm":null,"NameWithDataType":"АЛаТ  (Число)","NameRU":"АЛаТ","NameKZ":"АЛаТ","Name":"АЛаТ","PublicCode":"20035700","EndDate":null,"ID":"200357","StrID":"200357"},"WorkPlaceID":20747,"WorkPlace":{"OrgHealthCareID":"45500000000000909","NameRU":"Клиническая химия (биохимия)","NameKZ":"Клиническая химия (биохимия)","Name":"Клиническая химия (биохимия)","BeginDate":"2019-04-15T14:11:34.383","EndDate":null,"ID":"20747","StrID":"20747"},"ID":"2711","StrID":"2711"},{"DriverManagerID":150,"DriverManager":{"OrgHealthCareID":"45500000000000909","Name":"BS-240","SystemName":"732f78f6-9b44-4775-9d86-67c072a8d90a","DllName":"LABIO200","DeleteDate":null,"ID":"150","StrID":"150"},"Code":"AMY","ParameterID":200365,"Parameter":{"ShortNameRU":"амилаза панкреатическая в сыворотке крови","ShortNameKZ":"қан сарысуындағы панкреатикалық амилаза","ShortName":"амилаза панкреатическая в сыворотке крови","DataType":0,"DataTypeName":"Число","UnitTypeID":100015,"UnitType":null,"MedicalFormID":null,"MasterDataID":0,"MedicalForm":null,"NameWithDataType":"амилаза панкреатическая в сыворотке крови  (Число)","NameRU":"амилаза панкреатическая в сыворотке крови","NameKZ":"қан сарысуындағы панкреатикалық амилаза","Name":"амилаза панкреатическая в сыворотке крови","PublicCode":"20036500","EndDate":null,"ID":"200365","StrID":"200365"},"WorkPlaceID":20747,"WorkPlace":{"OrgHealthCareID":"45500000000000909","NameRU":"Клиническая химия (биохимия)","NameKZ":"Клиническая химия (биохимия)","Name":"Клиническая химия (биохимия)","BeginDate":"2019-04-15T14:11:34.383","EndDate":null,"ID":"20747","StrID":"20747"},"ID":"2712","StrID":"2712"},{"DriverManagerID":150,"DriverManager":{"OrgHealthCareID":"45500000000000909","Name":"BS-240","SystemName":"732f78f6-9b44-4775-9d86-67c072a8d90a","DllName":"LABIO200","DeleteDate":null,"ID":"150","StrID":"150"},"Code":"AST","ParameterID":200408,"Parameter":{"ShortNameRU":"АСаТ","ShortNameKZ":"АСаТ","ShortName":"АСаТ","DataType":0,"DataTypeName":"Число","UnitTypeID":100030,"UnitType":null,"MedicalFormID":null,"MasterDataID":0,"MedicalForm":null,"NameWithDataType":"АСаТ  (Число)","NameRU":"АСаТ","NameKZ":"АСаТ","Name":"АСаТ","PublicCode":"20040800","EndDate":null,"ID":"200408","StrID":"200408"},"WorkPlaceID":20747,"WorkPlace":{"OrgHealthCareID":"45500000000000909","NameRU":"Клиническая химия (биохимия)","NameKZ":"Клиническая химия (биохимия)","Name":"Клиническая химия (биохимия)","BeginDate":"2019-04-15T14:11:34.383","EndDate":null,"ID":"20747","StrID":"20747"},"ID":"2713","StrID":"2713"},{"DriverManagerID":150,"DriverManager":{"OrgHealthCareID":"45500000000000909","Name":"BS-240","SystemName":"732f78f6-9b44-4775-9d86-67c072a8d90a","DllName":"LABIO200","DeleteDate":null,"ID":"150","StrID":"150"},"Code":"Glu-G","ParameterID":200549,"Parameter":{"ShortNameRU":"глюкоза в сыворотке крови","ShortNameKZ":"қан сарысуындағы глюкоза","ShortName":"глюкоза в сыворотке крови","DataType":0,"DataTypeName":"Число","UnitTypeID":100051,"UnitType":null,"MedicalFormID":null,"MasterDataID":0,"MedicalForm":null,"NameWithDataType":"глюкоза в сыворотке крови  (Число)","NameRU":"глюкоза в сыворотке крови","NameKZ":"қан сарысуындағы глюкоза","Name":"глюкоза в сыворотке крови","PublicCode":"20054900","EndDate":null,"ID":"200549","StrID":"200549"},"WorkPlaceID":20747,"WorkPlace":{"OrgHealthCareID":"45500000000000909","NameRU":"Клиническая химия (биохимия)","NameKZ":"Клиническая химия (биохимия)","Name":"Клиническая химия (биохимия)","BeginDate":"2019-04-15T14:11:34.383","EndDate":null,"ID":"20747","StrID":"20747"},"ID":"2715","StrID":"2715"},{"DriverManagerID":150,"DriverManager":{"OrgHealthCareID":"45500000000000909","Name":"BS-240","SystemName":"732f78f6-9b44-4775-9d86-67c072a8d90a","DllName":"LABIO200","DeleteDate":null,"ID":"150","StrID":"150"},"Code":"Fe","ParameterID":200592,"Parameter":{"ShortNameRU":"железо в сыворотке крови","ShortNameKZ":"қан сарысуындағы темір","ShortName":"железо в сыворотке крови","DataType":0,"DataTypeName":"Число","UnitTypeID":100041,"UnitType":null,"MedicalFormID":null,"MasterDataID":0,"MedicalForm":null,"NameWithDataType":"железо в сыворотке крови  (Число)","NameRU":"железо в сыворотке крови","NameKZ":"қан сарысуындағы темір","Name":"железо в сыворотке крови","PublicCode":"20059200","EndDate":null,"ID":"200592","StrID":"200592"},"WorkPlaceID":20747,"WorkPlace":{"OrgHealthCareID":"45500000000000909","NameRU":"Клиническая химия (биохимия)","NameKZ":"Клиническая химия (биохимия)","Name":"Клиническая химия (биохимия)","BeginDate":"2019-04-15T14:11:34.383","EndDate":null,"ID":"20747","StrID":"20747"},"ID":"2716","StrID":"2716"},{"DriverManagerID":150,"DriverManager":{"OrgHealthCareID":"45500000000000909","Name":"BS-240","SystemName":"732f78f6-9b44-4775-9d86-67c072a8d90a","DllName":"LABIO200","DeleteDate":null,"ID":"150","StrID":"150"},"Code":"CREA-S","ParameterID":200744,"Parameter":{"ShortNameRU":"креатинин в крови","ShortNameKZ":"қандағы креатинин","ShortName":"креатинин в крови","DataType":0,"DataTypeName":"Число","UnitTypeID":100041,"UnitType":null,"MedicalFormID":null,"MasterDataID":0,"MedicalForm":null,"NameWithDataType":"креатинин в крови  (Число)","NameRU":"креатинин в крови","NameKZ":"қандағы креатинин","Name":"креатинин в крови","PublicCode":"20074400","EndDate":null,"ID":"200744","StrID":"200744"},"WorkPlaceID":20747,"WorkPlace":{"OrgHealthCareID":"45500000000000909","NameRU":"Клиническая химия (биохимия)","NameKZ":"Клиническая химия (биохимия)","Name":"Клиническая химия (биохимия)","BeginDate":"2019-04-15T14:11:34.383","EndDate":null,"ID":"20747","StrID":"20747"},"ID":"2717","StrID":"2717"},{"DriverManagerID":150,"DriverManager":{"OrgHealthCareID":"45500000000000909","Name":"BS-240","SystemName":"732f78f6-9b44-4775-9d86-67c072a8d90a","DllName":"LABIO200","DeleteDate":null,"ID":"150","StrID":"150"},"Code":"LDH","ParameterID":200769,"Parameter":{"ShortNameRU":"ЛДГ (анализатор)","ShortNameKZ":"ЛДГ (анализатор)","ShortName":"ЛДГ (анализатор)","DataType":0,"DataTypeName":"Число","UnitTypeID":100015,"UnitType":null,"MedicalFormID":null,"MasterDataID":0,"MedicalForm":null,"NameWithDataType":"ЛДГ (анализатор)  (Число)","NameRU":"ЛДГ (анализатор)","NameKZ":"ЛДГ (анализатор)","Name":"ЛДГ (анализатор)","PublicCode":"20076900","EndDate":null,"ID":"200769","StrID":"200769"},"WorkPlaceID":20747,"WorkPlace":{"OrgHealthCareID":"45500000000000909","NameRU":"Клиническая химия (биохимия)","NameKZ":"Клиническая химия (биохимия)","Name":"Клиническая химия (биохимия)","BeginDate":"2019-04-15T14:11:34.383","EndDate":null,"ID":"20747","StrID":"20747"},"ID":"2718","StrID":"2718"},{"DriverManagerID":150,"DriverManager":{"OrgHealthCareID":"45500000000000909","Name":"BS-240","SystemName":"732f78f6-9b44-4775-9d86-67c072a8d90a","DllName":"LABIO200","DeleteDate":null,"ID":"150","StrID":"150"},"Code":"LIP","ParameterID":200800,"Parameter":{"ShortNameRU":"липаза в сыворотке крови","ShortNameKZ":"қан сарысуындағы липаза","ShortName":"липаза в сыворотке крови","DataType":0,"DataTypeName":"Число","UnitTypeID":100030,"UnitType":null,"MedicalFormID":null,"MasterDataID":0,"MedicalForm":null,"NameWithDataType":"липаза в сыворотке крови  (Число)","NameRU":"липаза в сыворотке крови","NameKZ":"қан сарысуындағы липаза","Name":"липаза в сыворотке крови","PublicCode":"20080000","EndDate":null,"ID":"200800","StrID":"200800"},"WorkPlaceID":20747,"WorkPlace":{"OrgHealthCareID":"45500000000000909","NameRU":"Клиническая химия (биохимия)","NameKZ":"Клиническая химия (биохимия)","Name":"Клиническая химия (биохимия)","BeginDate":"2019-04-15T14:11:34.383","EndDate":null,"ID":"20747","StrID":"20747"},"ID":"2719","StrID":"2719"},{"DriverManagerID":150,"DriverManager":{"OrgHealthCareID":"45500000000000909","Name":"BS-240","SystemName":"732f78f6-9b44-4775-9d86-67c072a8d90a","DllName":"LABIO200","DeleteDate":null,"ID":"150","StrID":"150"},"Code":"HDL-C","ParameterID":200802,"Parameter":{"ShortNameRU":"ЛПВП","ShortNameKZ":"ТЖЛП","ShortName":"ЛПВП","DataType":0,"DataTypeName":"Число","UnitTypeID":100051,"UnitType":null,"MedicalFormID":null,"MasterDataID":0,"MedicalForm":null,"NameWithDataType":"ЛПВП  (Число)","NameRU":"ЛПВП","NameKZ":"ТЖЛП","Name":"ЛПВП","PublicCode":"20080200","EndDate":null,"ID":"200802","StrID":"200802"},"WorkPlaceID":20747,"WorkPlace":{"OrgHealthCareID":"45500000000000909","NameRU":"Клиническая химия (биохимия)","NameKZ":"Клиническая химия (биохимия)","Name":"Клиническая химия (биохимия)","BeginDate":"2019-04-15T14:11:34.383","EndDate":null,"ID":"20747","StrID":"20747"},"ID":"2720","StrID":"2720"},{"DriverManagerID":150,"DriverManager":{"OrgHealthCareID":"45500000000000909","Name":"BS-240","SystemName":"732f78f6-9b44-4775-9d86-67c072a8d90a","DllName":"LABIO200","DeleteDate":null,"ID":"150","StrID":"150"},"Code":"LDL-C","ParameterID":200804,"Parameter":{"ShortNameRU":"ЛПНП (анализатор)","ShortNameKZ":"ТТЛП (анализатор)","ShortName":"ЛПНП (анализатор)","DataType":0,"DataTypeName":"Число","UnitTypeID":100051,"UnitType":null,"MedicalFormID":null,"MasterDataID":0,"MedicalForm":null,"NameWithDataType":"ЛПНП (анализатор)  (Число)","NameRU":"ЛПНП (анализатор)","NameKZ":"ТТЛП (анализатор)","Name":"ЛПНП (анализатор)","PublicCode":"20080400","EndDate":null,"ID":"200804","StrID":"200804"},"WorkPlaceID":20747,"WorkPlace":{"OrgHealthCareID":"45500000000000909","NameRU":"Клиническая химия (биохимия)","NameKZ":"Клиническая химия (биохимия)","Name":"Клиническая химия (биохимия)","BeginDate":"2019-04-15T14:11:34.383","EndDate":null,"ID":"20747","StrID":"20747"},"ID":"2721","StrID":"2721"},{"DriverManagerID":150,"DriverManager":{"OrgHealthCareID":"45500000000000909","Name":"BS-240","SystemName":"732f78f6-9b44-4775-9d86-67c072a8d90a","DllName":"LABIO200","DeleteDate":null,"ID":"150","StrID":"150"},"Code":"UA","ParameterID":200851,"Parameter":{"ShortNameRU":"мочевая кислота в сыворотке крови","ShortNameKZ":"қан сарысуындағы зәр қышқылы","ShortName":"мочевая кислота в сыворотке крови","DataType":0,"DataTypeName":"Число","UnitTypeID":100041,"UnitType":null,"MedicalFormID":null,"MasterDataID":0,"MedicalForm":null,"NameWithDataType":"мочевая кислота в сыворотке крови  (Число)","NameRU":"мочевая кислота в сыворотке крови","NameKZ":"қан сарысуындағы зәр қышқылы","Name":"мочевая кислота в сыворотке крови","PublicCode":"20085100","EndDate":null,"ID":"200851","StrID":"200851"},"WorkPlaceID":20747,"WorkPlace":{"OrgHealthCareID":"45500000000000909","NameRU":"Клиническая химия (биохимия)","NameKZ":"Клиническая химия (биохимия)","Name":"Клиническая химия (биохимия)","BeginDate":"2019-04-15T14:11:34.383","EndDate":null,"ID":"20747","StrID":"20747"},"ID":"4100","StrID":"4100"},{"DriverManagerID":150,"DriverManager":{"OrgHealthCareID":"45500000000000909","Name":"BS-240","SystemName":"732f78f6-9b44-4775-9d86-67c072a8d90a","DllName":"LABIO200","DeleteDate":null,"ID":"150","StrID":"150"},"Code":"UREA","ParameterID":200852,"Parameter":{"ShortNameRU":"мочевина в сыворотке крови","ShortNameKZ":"қан сарысуындағы несепнәр","ShortName":"мочевина в сыворотке крови","DataType":0,"DataTypeName":"Число","UnitTypeID":100051,"UnitType":null,"MedicalFormID":null,"MasterDataID":0,"MedicalForm":null,"NameWithDataType":"мочевина в сыворотке крови  (Число)","NameRU":"мочевина в сыворотке крови","NameKZ":"қан сарысуындағы несепнәр","Name":"мочевина в сыворотке крови","PublicCode":"20085200","EndDate":null,"ID":"200852","StrID":"200852"},"WorkPlaceID":20747,"WorkPlace":{"OrgHealthCareID":"45500000000000909","NameRU":"Клиническая химия (биохимия)","NameKZ":"Клиническая химия (биохимия)","Name":"Клиническая химия (биохимия)","BeginDate":"2019-04-15T14:11:34.383","EndDate":null,"ID":"20747","StrID":"20747"},"ID":"2724","StrID":"2724"},{"DriverManagerID":150,"DriverManager":{"OrgHealthCareID":"45500000000000909","Name":"BS-240","SystemName":"732f78f6-9b44-4775-9d86-67c072a8d90a","DllName":"LABIO200","DeleteDate":null,"ID":"150","StrID":"150"},"Code":"AMY","ParameterID":200905,"Parameter":{"ShortNameRU":"общая ɑ-амилаза в сыворотке крови (анализатор)","ShortNameKZ":"қандағы жалпы ɑ-амилаза (анализатор)","ShortName":"общая ɑ-амилаза в сыворотке крови (анализатор)","DataType":0,"DataTypeName":"Число","UnitTypeID":100030,"UnitType":null,"MedicalFormID":null,"MasterDataID":0,"MedicalForm":null,"NameWithDataType":"общая ɑ-амилаза в сыворотке крови (анализатор)  (Число)","NameRU":"общая ɑ-амилаза в сыворотке крови (анализатор)","NameKZ":"қандағы жалпы ɑ-амилаза (анализатор)","Name":"общая ɑ-амилаза в сыворотке крови (анализатор)","PublicCode":"20090500","EndDate":null,"ID":"200905","StrID":"200905"},"WorkPlaceID":20747,"WorkPlace":{"OrgHealthCareID":"45500000000000909","NameRU":"Клиническая химия (биохимия)","NameKZ":"Клиническая химия (биохимия)","Name":"Клиническая химия (биохимия)","BeginDate":"2019-04-15T14:11:34.383","EndDate":null,"ID":"20747","StrID":"20747"},"ID":"2725","StrID":"2725"},{"DriverManagerID":150,"DriverManager":{"OrgHealthCareID":"45500000000000909","Name":"BS-240","SystemName":"732f78f6-9b44-4775-9d86-67c072a8d90a","DllName":"LABIO200","DeleteDate":null,"ID":"150","StrID":"150"},"Code":"TP","ParameterID":200918,"Parameter":{"ShortNameRU":"общий белок в сыворотке крови","ShortNameKZ":"қан сарысуындағы жалпы ақуыз","ShortName":"общий белок в сыворотке крови","DataType":0,"DataTypeName":"Число","UnitTypeID":100012,"UnitType":null,"MedicalFormID":null,"MasterDataID":0,"MedicalForm":null,"NameWithDataType":"общий белок в сыворотке крови  (Число)","NameRU":"общий белок в сыворотке крови","NameKZ":"қан сарысуындағы жалпы ақуыз","Name":"общий белок в сыворотке крови","PublicCode":"20091800","EndDate":null,"ID":"200918","StrID":"200918"},"WorkPlaceID":20747,"WorkPlace":{"OrgHealthCareID":"45500000000000909","NameRU":"Клиническая химия (биохимия)","NameKZ":"Клиническая химия (биохимия)","Name":"Клиническая химия (биохимия)","BeginDate":"2019-04-15T14:11:34.383","EndDate":null,"ID":"20747","StrID":"20747"},"ID":"2726","StrID":"2726"},{"DriverManagerID":150,"DriverManager":{"OrgHealthCareID":"45500000000000909","Name":"BS-240","SystemName":"732f78f6-9b44-4775-9d86-67c072a8d90a","DllName":"LABIO200","DeleteDate":null,"ID":"150","StrID":"150"},"Code":"T-Bil-V","ParameterID":200919,"Parameter":{"ShortNameRU":"общий билирубин в сыворотке крови","ShortNameKZ":"қан сарысуындағы жалпы билирубин","ShortName":"общий билирубин в сыворотке крови","DataType":0,"DataTypeName":"Число","UnitTypeID":100041,"UnitType":null,"MedicalFormID":null,"MasterDataID":0,"MedicalForm":null,"NameWithDataType":"общий билирубин в сыворотке крови  (Число)","NameRU":"общий билирубин в сыворотке крови","NameKZ":"қан сарысуындағы жалпы билирубин","Name":"общий билирубин в сыворотке крови","PublicCode":"20091900","EndDate":null,"ID":"200919","StrID":"200919"},"WorkPlaceID":20747,"WorkPlace":{"OrgHealthCareID":"45500000000000909","NameRU":"Клиническая химия (биохимия)","NameKZ":"Клиническая химия (биохимия)","Name":"Клиническая химия (биохимия)","BeginDate":"2019-04-15T14:11:34.383","EndDate":null,"ID":"20747","StrID":"20747"},"ID":"2727","StrID":"2727"},{"DriverManagerID":150,"DriverManager":{"OrgHealthCareID":"45500000000000909","Name":"BS-240","SystemName":"732f78f6-9b44-4775-9d86-67c072a8d90a","DllName":"LABIO200","DeleteDate":null,"ID":"150","StrID":"150"},"Code":"D-Bil-V","ParameterID":201032,"Parameter":{"ShortNameRU":"прямой билирубин в сыворотке крови","ShortNameKZ":"қан сарысуындағы тікелей билирубин","ShortName":"прямой билирубин в сыворотке крови","DataType":0,"DataTypeName":"Число","UnitTypeID":100041,"UnitType":null,"MedicalFormID":null,"MasterDataID":0,"MedicalForm":null,"NameWithDataType":"прямой билирубин в сыворотке крови  (Число)","NameRU":"прямой билирубин в сыворотке крови","NameKZ":"қан сарысуындағы тікелей билирубин","Name":"прямой билирубин в сыворотке крови","PublicCode":"20103200","EndDate":null,"ID":"201032","StrID":"201032"},"WorkPlaceID":20747,"WorkPlace":{"OrgHealthCareID":"45500000000000909","NameRU":"Клиническая химия (биохимия)","NameKZ":"Клиническая химия (биохимия)","Name":"Клиническая химия (биохимия)","BeginDate":"2019-04-15T14:11:34.383","EndDate":null,"ID":"20747","StrID":"20747"},"ID":"2728","StrID":"2728"},{"DriverManagerID":150,"DriverManager":{"OrgHealthCareID":"45500000000000909","Name":"BS-240","SystemName":"732f78f6-9b44-4775-9d86-67c072a8d90a","DllName":"LABIO200","DeleteDate":null,"ID":"150","StrID":"150"},"Code":"CRP","ParameterID":201150,"Parameter":{"ShortNameRU":"СРБ","ShortNameKZ":"СРА","ShortName":"СРБ","DataType":0,"DataTypeName":"Число","UnitTypeID":100026,"UnitType":null,"MedicalFormID":null,"MasterDataID":0,"MedicalForm":null,"NameWithDataType":"СРБ  (Число)","NameRU":"СРБ","NameKZ":"СРА","Name":"СРБ","PublicCode":"20115000","EndDate":null,"ID":"201150","StrID":"201150"},"WorkPlaceID":20747,"WorkPlace":{"OrgHealthCareID":"45500000000000909","NameRU":"Клиническая химия (биохимия)","NameKZ":"Клиническая химия (биохимия)","Name":"Клиническая химия (биохимия)","BeginDate":"2019-04-15T14:11:34.383","EndDate":null,"ID":"20747","StrID":"20747"},"ID":"2730","StrID":"2730"},{"DriverManagerID":150,"DriverManager":{"OrgHealthCareID":"45500000000000909","Name":"BS-240","SystemName":"732f78f6-9b44-4775-9d86-67c072a8d90a","DllName":"LABIO200","DeleteDate":null,"ID":"150","StrID":"150"},"Code":"TG","ParameterID":201202,"Parameter":{"ShortNameRU":"триглицериды в сыворотке крови","ShortNameKZ":"қан сарысуындағы триглицеридтер","ShortName":"триглицериды в сыворотке крови","DataType":0,"DataTypeName":"Число","UnitTypeID":100051,"UnitType":null,"MedicalFormID":null,"MasterDataID":0,"MedicalForm":null,"NameWithDataType":"триглицериды в сыворотке крови  (Число)","NameRU":"триглицериды в сыворотке крови","NameKZ":"қан сарысуындағы триглицеридтер","Name":"триглицериды в сыворотке крови","PublicCode":"20120200","EndDate":null,"ID":"201202","StrID":"201202"},"WorkPlaceID":20747,"WorkPlace":{"OrgHealthCareID":"45500000000000909","NameRU":"Клиническая химия (биохимия)","NameKZ":"Клиническая химия (биохимия)","Name":"Клиническая химия (биохимия)","BeginDate":"2019-04-15T14:11:34.383","EndDate":null,"ID":"20747","StrID":"20747"},"ID":"2731","StrID":"2731"},{"DriverManagerID":150,"DriverManager":{"OrgHealthCareID":"45500000000000909","Name":"BS-240","SystemName":"732f78f6-9b44-4775-9d86-67c072a8d90a","DllName":"LABIO200","DeleteDate":null,"ID":"150","StrID":"150"},"Code":"FER","ParameterID":201234,"Parameter":{"ShortNameRU":"ферритин в сыворотке крови","ShortNameKZ":"қан сарысуындағы ферритин","ShortName":"ферритин в сыворотке крови","DataType":0,"DataTypeName":"Число","UnitTypeID":100035,"UnitType":null,"MedicalFormID":null,"MasterDataID":0,"MedicalForm":null,"NameWithDataType":"ферритин в сыворотке крови  (Число)","NameRU":"ферритин в сыворотке крови","NameKZ":"қан сарысуындағы ферритин","Name":"ферритин в сыворотке крови","PublicCode":"20123400","EndDate":null,"ID":"201234","StrID":"201234"},"WorkPlaceID":20747,"WorkPlace":{"OrgHealthCareID":"45500000000000909","NameRU":"Клиническая химия (биохимия)","NameKZ":"Клиническая химия (биохимия)","Name":"Клиническая химия (биохимия)","BeginDate":"2019-04-15T14:11:34.383","EndDate":null,"ID":"20747","StrID":"20747"},"ID":"2732","StrID":"2732"},{"DriverManagerID":150,"DriverManager":{"OrgHealthCareID":"45500000000000909","Name":"BS-240","SystemName":"732f78f6-9b44-4775-9d86-67c072a8d90a","DllName":"LABIO200","DeleteDate":null,"ID":"150","StrID":"150"},"Code":"TC","ParameterID":201268,"Parameter":{"ShortNameRU":"холестерин в сыворотке крови","ShortNameKZ":"қан сарысуындағы холестерин","ShortName":"холестерин в сыворотке крови","DataType":0,"DataTypeName":"Число","UnitTypeID":100051,"UnitType":null,"MedicalFormID":null,"MasterDataID":0,"MedicalForm":null,"NameWithDataType":"холестерин в сыворотке крови  (Число)","NameRU":"холестерин в сыворотке крови","NameKZ":"қан сарысуындағы холестерин","Name":"холестерин в сыворотке крови","PublicCode":"20126800","EndDate":null,"ID":"201268","StrID":"201268"},"WorkPlaceID":20747,"WorkPlace":{"OrgHealthCareID":"45500000000000909","NameRU":"Клиническая химия (биохимия)","NameKZ":"Клиническая химия (биохимия)","Name":"Клиническая химия (биохимия)","BeginDate":"2019-04-15T14:11:34.383","EndDate":null,"ID":"20747","StrID":"20747"},"ID":"2733","StrID":"2733"},{"DriverManagerID":150,"DriverManager":{"OrgHealthCareID":"45500000000000909","Name":"BS-240","SystemName":"732f78f6-9b44-4775-9d86-67c072a8d90a","DllName":"LABIO200","DeleteDate":null,"ID":"150","StrID":"150"},"Code":"ALP","ParameterID":201306,"Parameter":{"ShortNameRU":"ЩФ","ShortNameKZ":"СФ","ShortName":"ЩФ","DataType":0,"DataTypeName":"Число","UnitTypeID":100030,"UnitType":null,"MedicalFormID":null,"MasterDataID":0,"MedicalForm":null,"NameWithDataType":"ЩФ  (Число)","NameRU":"ЩФ","NameKZ":"СФ","Name":"ЩФ","PublicCode":"20130600","EndDate":null,"ID":"201306","StrID":"201306"},"WorkPlaceID":20747,"WorkPlace":{"OrgHealthCareID":"45500000000000909","NameRU":"Клиническая химия (биохимия)","NameKZ":"Клиническая химия (биохимия)","Name":"Клиническая химия (биохимия)","BeginDate":"2019-04-15T14:11:34.383","EndDate":null,"ID":"20747","StrID":"20747"},"ID":"2734","StrID":"2734"}],"Total":21}
27.08.2026 13:48:41	Information:	Test ALT Id 200357 Driver 732f78f6-9b44-4775-9d86-67c072a8d90adevice 20747
27.08.2026 13:48:41	Information:	Test AMY Id 200365 Driver 732f78f6-9b44-4775-9d86-67c072a8d90adevice 20747
27.08.2026 13:48:41	Information:	Test AST Id 200408 Driver 732f78f6-9b44-4775-9d86-67c072a8d90adevice 20747
27.08.2026 13:48:41	Information:	Test Glu-G Id 200549 Driver 732f78f6-9b44-4775-9d86-67c072a8d90adevice 20747
27.08.2026 13:48:41	Information:	Test Fe Id 200592 Driver 732f78f6-9b44-4775-9d86-67c072a8d90adevice 20747
27.08.2026 13:48:41	Information:	Test CREA-S Id 200744 Driver 732f78f6-9b44-4775-9d86-67c072a8d90adevice 20747
27.08.2026 13:48:41	Information:	Test LDH Id 200769 Driver 732f78f6-9b44-4775-9d86-67c072a8d90adevice 20747
27.08.2026 13:48:41	Information:	Test LIP Id 200800 Driver 732f78f6-9b44-4775-9d86-67c072a8d90adevice 20747
27.08.2026 13:48:41	Information:	Test HDL-C Id 200802 Driver 732f78f6-9b44-4775-9d86-67c072a8d90adevice 20747
27.08.2026 13:48:41	Information:	Test LDL-C Id 200804 Driver 732f78f6-9b44-4775-9d86-67c072a8d90adevice 20747
27.08.2026 13:48:41	Information:	Test UA Id 200851 Driver 732f78f6-9b44-4775-9d86-67c072a8d90adevice 20747
27.08.2026 13:48:41	Information:	Test UREA Id 200852 Driver 732f78f6-9b44-4775-9d86-67c072a8d90adevice 20747
27.08.2026 13:48:41	Information:	Test AMY Id 200905 Driver 732f78f6-9b44-4775-9d86-67c072a8d90adevice 20747
27.08.2026 13:48:41	Information:	Test TP Id 200918 Driver 732f78f6-9b44-4775-9d86-67c072a8d90adevice 20747
27.08.2026 13:48:41	Information:	Test T-Bil-V Id 200919 Driver 732f78f6-9b44-4775-9d86-67c072a8d90adevice 20747
27.08.2026 13:48:41	Information:	Test D-Bil-V Id 201032 Driver 732f78f6-9b44-4775-9d86-67c072a8d90adevice 20747
27.08.2026 13:48:41	Information:	Test CRP Id 201150 Driver 732f78f6-9b44-4775-9d86-67c072a8d90adevice 20747
27.08.2026 13:48:41	Information:	Test TG Id 201202 Driver 732f78f6-9b44-4775-9d86-67c072a8d90adevice 20747
27.08.2026 13:48:41	Information:	Test FER Id 201234 Driver 732f78f6-9b44-4775-9d86-67c072a8d90adevice 20747
27.08.2026 13:48:41	Information:	Test TC Id 201268 Driver 732f78f6-9b44-4775-9d86-67c072a8d90adevice 20747
27.08.2026 13:48:41	Information:	Test ALP Id 201306 Driver 732f78f6-9b44-4775-9d86-67c072a8d90adevice 20747
27.08.2026 13:48:41	Information:	System names from registry 732f78f6-9b44-4775-9d86-67c072a8d90a
27.08.2026 13:48:41	Information:	System name from collation 732f78f6-9b44-4775-9d86-67c072a8d90a
27.08.2026 13:48:41	Information:	System names from registry 732f78f6-9b44-4775-9d86-67c072a8d90a
27.08.2026 13:48:42	Information:	{
"DriverManagerID": 150,
"Offset": 0,
"Limit": 100
}


27.08.2026 13:48:42	Information:	ret is {"Data":[],"Total":0}
27.08.2026 13:48:42	Information:	System names from registry 732f78f6-9b44-4775-9d86-67c072a8d90a
27.08.2026 13:48:42	Information:	{
"DriverManagerID": 150,
"Offset": 0,
"Limit": 100
}


27.08.2026 13:48:42	Information:	ret is {"Data":[],"Total":0}
27.08.2026 13:48:42	Information:	System names from registry 732f78f6-9b44-4775-9d86-67c072a8d90a
27.08.2026 13:48:42	Information:	{
"DriverManagerID": 150,
"Offset": 0,
"Limit": 100
}


27.08.2026 13:48:42	Information:	ret is {"Data":[],"Total":0}
27.08.2026 13:48:42	Information:	System names from registry 732f78f6-9b44-4775-9d86-67c072a8d90a
27.08.2026 13:48:42	Information:	Devices received from MIS
27.08.2026 13:48:42	Information:	{
"DriverManagerID": 150,
"AnalyzerUid": "793a577c-f026-40cc-a999-da33d16b115a"
}


27.08.2026 13:48:42	Information:	Devices for driverManagerID = 150: 
27.08.2026 13:48:42	Information:	{"ID":0,"DriverManagerID":150,"AnalyzerID":38,"Analyzer":null,"AnalyzerDriverManagerID":"793a577c-f026-40cc-a999-da33d16b115a"}
27.08.2026 13:48:42	Information:	Driver Analyzer downloaded 38
27.08.2026 13:48:42	Information:	Read from file DtRKz8xJFVzKxVspL52fq75lMHl6wTvWLHZf7IWvHm6eyXcPJRVsCvfqSGT9HtL2hJnuk66FMOZBSka7qAmYM7feEWI5dbAIM7Sxd4eHnzLlyrB5fSUlLQqWK2aZm0YS8nDxZoYb3Xn6GoXVC7i+WuAr5fgGVfIPEVcJgHPFsJw=
hG+JBY+NDea7C9DRvzYX57C6IMOf4xXPgAU/uAXUJWkE3DKvgjYczbOhBsfsEKwB31B3Ujn67Jcg9xy3IWv2Q7gkngYPE2+zxCUdYKqU1bcn88HOC0zNvcVUUcZH2TqJw4AdzPMAXJE6cOc5wwUaYloLTJSB6y2KnJc3KRniPfc=
vNhUP2hlUChNxkCLPiE+j9STKcnfOp+l/aSp1g8q+tJn8lbFaFkQyCH7Orm4DNgl3Qv35tnIhwgXiSnwQQrCWbwL2kD++sxJ4WFNJ3uGCPqUJJb5rqLK32HxeMoGlqKQl/GW7+LZ9kn4DdJhtDctNVyFbIwTqXmRyDolYHwQs01Vh+Bp8izz4dhGQkLRdE0+jvA3XkgijtZ04e9rlFybI/B+DYBSQBxzCCZV0cwkcW1E9jkagzW6uCvRtx7HOpBLIF2ghT/rb5FRzirbVjNeqZ/JYa4gKLiHKEUE7d17EK57ao0jpd4jbfpbKNDs/MKM

27.08.2026 13:48:42	Information:	After uncode {"Hash":"w9LjvpRCyoByGV3Lzv0iX9dSI0tLK0uV+pRojL1kufc=","Device":{"OrgHealthCareID":45500000000000909,"DriverId":150,"DllName":"LABIO200","WorkPlaceID":20747,"AnalyzerId":38,"MAC":"A8A159732B1B","Path":"C:\\Damu\\DriversManager4\\"}}
27.08.2026 13:48:42	Information:	Factory registered objectORU
27.08.2026 13:48:42	Information:	Factory registered objectACK
27.08.2026 13:48:42	Information:	Factory registered objectQRY
27.08.2026 13:48:42	Information:	Factory registered objectQCK
27.08.2026 13:48:42	Information:	Factory registered objectDSR
27.08.2026 13:48:42	Information:	Factory registered objectQBP
27.08.2026 13:48:42	Information:	Factory registered objectRSP
27.08.2026 13:48:42	Information:	Factory registered objectORM
27.08.2026 13:48:42	Information:	
driver BS-240(SystemName=20747) is created,
WorkMode = OnlySendResults,
 Options = None,
AddressType=BySampleBarcode, Lpu= , Dep = 45500000000000909, Div = , Cab = 

27.08.2026 13:48:42	Information:	
driver BS-240 is started
27.08.2026 13:51:43	Information:	Error in Monitoring. Driver Ping w9LjvpRCyoByGV3Lzv0iX9dSI0tLK0uV+pRojL1kufc=
27.08.2026 13:51:43	Information:	Базовое соединение закрыто: Непредвиденная ошибка при передаче.
27.08.2026 13:53:44	Information:	url https://lab-vko.dmed.kz/ /api/DriverManager/PingDevice
27.08.2026 13:53:44	Information:	{
"Hash": "w9LjvpRCyoByGV3Lzv0iX9dSI0tLK0uV+pRojL1kufc=",
"Status": 0
}


27.08.2026 13:53:44	Information:	Ping ret is {"Status":0,"Comment":null}
27.08.2026 13:56:04	Information:	url https://lab-vko.dmed.kz/ /api/DriverManager/PingDevice
27.08.2026 13:56:04	Information:	{
"Hash": "w9LjvpRCyoByGV3Lzv0iX9dSI0tLK0uV+pRojL1kufc=",
"Status": 0
}


27.08.2026 13:56:04	Information:	Ping ret is {"Status":0,"Comment":null}
27.08.2026 13:58:04	Information:	url https://lab-vko.dmed.kz/ /api/DriverManager/PingDevice
27.08.2026 13:58:04	Information:	{
"Hash": "w9LjvpRCyoByGV3Lzv0iX9dSI0tLK0uV+pRojL1kufc=",
"Status": 0
}


27.08.2026 13:58:04	Information:	Ping ret is {"Status":0,"Comment":null}
27.08.2026 14:00:24	Information:	url https://lab-vko.dmed.kz/ /api/DriverManager/PingDevice
27.08.2026 14:00:24	Information:	{
"Hash": "w9LjvpRCyoByGV3Lzv0iX9dSI0tLK0uV+pRojL1kufc=",
"Status": 0
}


27.08.2026 14:00:24	Information:	Ping ret is {"Status":0,"Comment":null}
27.08.2026 14:03:03	Information:	Error in Monitoring. Driver Ping w9LjvpRCyoByGV3Lzv0iX9dSI0tLK0uV+pRojL1kufc=
27.08.2026 14:03:03	Information:	Базовое соединение закрыто: Непредвиденная ошибка при передаче.
27.08.2026 14:05:42	Information:	Error in Monitoring. Driver Ping w9LjvpRCyoByGV3Lzv0iX9dSI0tLK0uV+pRojL1kufc=
27.08.2026 14:05:42	Information:	Базовое соединение закрыто: Непредвиденная ошибка при передаче.
27.08.2026 14:08:41	Information:	Error in Monitoring. Driver Ping w9LjvpRCyoByGV3Lzv0iX9dSI0tLK0uV+pRojL1kufc=
27.08.2026 14:08:41	Information:	Базовое соединение закрыто: Непредвиденная ошибка при передаче.
27.08.2026 14:11:01	Information:	url https://lab-vko.dmed.kz/ /api/DriverManager/PingDevice
27.08.2026 14:11:01	Information:	{
"Hash": "w9LjvpRCyoByGV3Lzv0iX9dSI0tLK0uV+pRojL1kufc=",
"Status": 0
}


27.08.2026 14:11:01	Information:	Ping ret is {"Status":0,"Comment":null}
27.08.2026 14:13:40	Information:	Error in Monitoring. Driver Ping w9LjvpRCyoByGV3Lzv0iX9dSI0tLK0uV+pRojL1kufc=
27.08.2026 14:13:40	Information:	Базовое соединение закрыто: Непредвиденная ошибка при передаче.
27.08.2026 14:15:40	Information:	url https://lab-vko.dmed.kz/ /api/DriverManager/PingDevice
27.08.2026 14:15:40	Information:	{
"Hash": "w9LjvpRCyoByGV3Lzv0iX9dSI0tLK0uV+pRojL1kufc=",
"Status": 0
}


27.08.2026 14:15:40	Information:	Ping ret is {"Status":0,"Comment":null}
27.08.2026 14:18:00	Information:	url https://lab-vko.dmed.kz/ /api/DriverManager/PingDevice
27.08.2026 14:18:00	Information:	{
"Hash": "w9LjvpRCyoByGV3Lzv0iX9dSI0tLK0uV+pRojL1kufc=",
"Status": 0
}


27.08.2026 14:18:00	Information:	Ping ret is {"Status":0,"Comment":null}
27.08.2026 14:20:39	Information:	Error in Monitoring. Driver Ping w9LjvpRCyoByGV3Lzv0iX9dSI0tLK0uV+pRojL1kufc=
27.08.2026 14:20:39	Information:	Базовое соединение закрыто: Непредвиденная ошибка при передаче.
27.08.2026 14:23:37	Information:	Error in Monitoring. Driver Ping w9LjvpRCyoByGV3Lzv0iX9dSI0tLK0uV+pRojL1kufc=
27.08.2026 14:23:37	Information:	Базовое соединение закрыто: Непредвиденная ошибка при передаче.
27.08.2026 14:26:16	Information:	Error in Monitoring. Driver Ping w9LjvpRCyoByGV3Lzv0iX9dSI0tLK0uV+pRojL1kufc=
27.08.2026 14:26:16	Information:	Базовое соединение закрыто: Непредвиденная ошибка при передаче.
27.08.2026 14:28:16	Information:	url https://lab-vko.dmed.kz/ /api/DriverManager/PingDevice
27.08.2026 14:28:16	Information:	{
"Hash": "w9LjvpRCyoByGV3Lzv0iX9dSI0tLK0uV+pRojL1kufc=",
"Status": 0
}


27.08.2026 14:28:16	Information:	Ping ret is {"Status":0,"Comment":null}
27.08.2026 14:30:36	Information:	url https://lab-vko.dmed.kz/ /api/DriverManager/PingDevice
27.08.2026 14:30:36	Information:	{
"Hash": "w9LjvpRCyoByGV3Lzv0iX9dSI0tLK0uV+pRojL1kufc=",
"Status": 0
}


27.08.2026 14:30:36	Information:	Ping ret is {"Status":0,"Comment":null}
27.08.2026 14:32:36	Information:	url https://lab-vko.dmed.kz/ /api/DriverManager/PingDevice
27.08.2026 14:32:36	Information:	{
"Hash": "w9LjvpRCyoByGV3Lzv0iX9dSI0tLK0uV+pRojL1kufc=",
"Status": 0
}


27.08.2026 14:32:36	Information:	Ping ret is {"Status":0,"Comment":null}
27.08.2026 14:34:37	Information:	url https://lab-vko.dmed.kz/ /api/DriverManager/PingDevice
27.08.2026 14:34:37	Information:	{
"Hash": "w9LjvpRCyoByGV3Lzv0iX9dSI0tLK0uV+pRojL1kufc=",
"Status": 0
}


27.08.2026 14:34:37	Information:	Ping ret is {"Status":0,"Comment":null}
27.08.2026 14:37:16	Information:	Error in Monitoring. Driver Ping w9LjvpRCyoByGV3Lzv0iX9dSI0tLK0uV+pRojL1kufc=
27.08.2026 14:37:16	Information:	Базовое соединение закрыто: Непредвиденная ошибка при передаче.
27.08.2026 14:39:54	Information:	Error in Monitoring. Driver Ping w9LjvpRCyoByGV3Lzv0iX9dSI0tLK0uV+pRojL1kufc=
27.08.2026 14:39:54	Information:	Базовое соединение закрыто: Непредвиденная ошибка при передаче.
27.08.2026 14:41:55	Information:	url https://lab-vko.dmed.kz/ /api/DriverManager/PingDevice
27.08.2026 14:41:55	Information:	{
"Hash": "w9LjvpRCyoByGV3Lzv0iX9dSI0tLK0uV+pRojL1kufc=",
"Status": 0
}


27.08.2026 14:41:55	Information:	Ping ret is {"Status":0,"Comment":null}
27.08.2026 14:43:56	Information:	url https://lab-vko.dmed.kz/ /api/DriverManager/PingDevice
27.08.2026 14:43:56	Information:	{
"Hash": "w9LjvpRCyoByGV3Lzv0iX9dSI0tLK0uV+pRojL1kufc=",
"Status": 0
}


27.08.2026 14:43:56	Information:	Ping ret is {"Status":0,"Comment":null}
27.08.2026 14:45:56	Information:	url https://lab-vko.dmed.kz/ /api/DriverManager/PingDevice
27.08.2026 14:45:56	Information:	{
"Hash": "w9LjvpRCyoByGV3Lzv0iX9dSI0tLK0uV+pRojL1kufc=",
"Status": 0
}


27.08.2026 14:45:56	Information:	Ping ret is {"Status":0,"Comment":null}
27.08.2026 14:48:35	Information:	Error in Monitoring. Driver Ping w9LjvpRCyoByGV3Lzv0iX9dSI0tLK0uV+pRojL1kufc=
27.08.2026 14:48:35	Information:	Базовое соединение закрыто: Непредвиденная ошибка при передаче.
27.08.2026 14:50:55	Information:	url https://lab-vko.dmed.kz/ /api/DriverManager/PingDevice
27.08.2026 14:50:55	Information:	{
"Hash": "w9LjvpRCyoByGV3Lzv0iX9dSI0tLK0uV+pRojL1kufc=",
"Status": 0
}


27.08.2026 14:50:55	Information:	Ping ret is {"Status":0,"Comment":null}
27.08.2026 14:53:15	Information:	url https://lab-vko.dmed.kz/ /api/DriverManager/PingDevice
27.08.2026 14:53:15	Information:	{
"Hash": "w9LjvpRCyoByGV3Lzv0iX9dSI0tLK0uV+pRojL1kufc=",
"Status": 0
}


27.08.2026 14:53:15	Information:	Ping ret is {"Status":0,"Comment":null}
27.08.2026 14:55:54	Information:	Error in Monitoring. Driver Ping w9LjvpRCyoByGV3Lzv0iX9dSI0tLK0uV+pRojL1kufc=
27.08.2026 14:55:54	Information:	Базовое соединение закрыто: Непредвиденная ошибка при передаче.
27.08.2026 14:57:54	Information:	url https://lab-vko.dmed.kz/ /api/DriverManager/PingDevice
27.08.2026 14:57:54	Information:	{
"Hash": "w9LjvpRCyoByGV3Lzv0iX9dSI0tLK0uV+pRojL1kufc=",
"Status": 0
}


27.08.2026 14:57:54	Information:	Ping ret is {"Status":0,"Comment":null}
27.08.2026 14:59:55	Information:	url https://lab-vko.dmed.kz/ /api/DriverManager/PingDevice
27.08.2026 14:59:55	Information:	{
"Hash": "w9LjvpRCyoByGV3Lzv0iX9dSI0tLK0uV+pRojL1kufc=",
"Status": 0
}


27.08.2026 14:59:55	Information:	Ping ret is {"Status":0,"Comment":null}
27.08.2026 15:01:55	Information:	url https://lab-vko.dmed.kz/ /api/DriverManager/PingDevice
27.08.2026 15:01:55	Information:	{
"Hash": "w9LjvpRCyoByGV3Lzv0iX9dSI0tLK0uV+pRojL1kufc=",
"Status": 0
}


27.08.2026 15:01:55	Information:	Ping ret is {"Status":0,"Comment":null}
27.08.2026 15:04:15	Information:	url https://lab-vko.dmed.kz/ /api/DriverManager/PingDevice
27.08.2026 15:04:15	Information:	{
"Hash": "w9LjvpRCyoByGV3Lzv0iX9dSI0tLK0uV+pRojL1kufc=",
"Status": 0
}


27.08.2026 15:04:15	Information:	Ping ret is {"Status":0,"Comment":null}
27.08.2026 15:06:16	Information:	url https://lab-vko.dmed.kz/ /api/DriverManager/PingDevice
27.08.2026 15:06:16	Information:	{
"Hash": "w9LjvpRCyoByGV3Lzv0iX9dSI0tLK0uV+pRojL1kufc=",
"Status": 0
}


27.08.2026 15:06:16	Information:	Ping ret is {"Status":0,"Comment":null}
27.08.2026 15:08:16	Information:	url https://lab-vko.dmed.kz/ /api/DriverManager/PingDevice
27.08.2026 15:08:16	Information:	{
"Hash": "w9LjvpRCyoByGV3Lzv0iX9dSI0tLK0uV+pRojL1kufc=",
"Status": 0
}


27.08.2026 15:08:16	Information:	Ping ret is {"Status":0,"Comment":null}
27.08.2026 15:10:36	Information:	url https://lab-vko.dmed.kz/ /api/DriverManager/PingDevice
27.08.2026 15:10:36	Information:	{
"Hash": "w9LjvpRCyoByGV3Lzv0iX9dSI0tLK0uV+pRojL1kufc=",
"Status": 0
}


27.08.2026 15:10:36	Information:	Ping ret is {"Status":0,"Comment":null}
27.08.2026 15:12:56	Information:	url https://lab-vko.dmed.kz/ /api/DriverManager/PingDevice
27.08.2026 15:12:56	Information:	{
"Hash": "w9LjvpRCyoByGV3Lzv0iX9dSI0tLK0uV+pRojL1kufc=",
"Status": 0
}


27.08.2026 15:12:56	Information:	Ping ret is {"Status":0,"Comment":null}
27.08.2026 15:14:56	Information:	url https://lab-vko.dmed.kz/ /api/DriverManager/PingDevice
27.08.2026 15:14:56	Information:	{
"Hash": "w9LjvpRCyoByGV3Lzv0iX9dSI0tLK0uV+pRojL1kufc=",
"Status": 0
}


27.08.2026 15:14:56	Information:	Ping ret is {"Status":0,"Comment":null}
27.08.2026 15:16:57	Information:	url https://lab-vko.dmed.kz/ /api/DriverManager/PingDevice
27.08.2026 15:16:57	Information:	{
"Hash": "w9LjvpRCyoByGV3Lzv0iX9dSI0tLK0uV+pRojL1kufc=",
"Status": 0
}


27.08.2026 15:16:57	Information:	Ping ret is {"Status":0,"Comment":null}
27.08.2026 15:19:16	Information:	url https://lab-vko.dmed.kz/ /api/DriverManager/PingDevice
27.08.2026 15:19:16	Information:	{
"Hash": "w9LjvpRCyoByGV3Lzv0iX9dSI0tLK0uV+pRojL1kufc=",
"Status": 0
}


27.08.2026 15:19:16	Information:	Ping ret is {"Status":0,"Comment":null}
27.08.2026 15:21:17	Information:	url https://lab-vko.dmed.kz/ /api/DriverManager/PingDevice
27.08.2026 15:21:17	Information:	{
"Hash": "w9LjvpRCyoByGV3Lzv0iX9dSI0tLK0uV+pRojL1kufc=",
"Status": 0
}


27.08.2026 15:21:17	Information:	Ping ret is {"Status":0,"Comment":null}
27.08.2026 15:23:18	Information:	url https://lab-vko.dmed.kz/ /api/DriverManager/PingDevice
27.08.2026 15:23:18	Information:	{
"Hash": "w9LjvpRCyoByGV3Lzv0iX9dSI0tLK0uV+pRojL1kufc=",
"Status": 0
}


27.08.2026 15:23:18	Information:	Ping ret is {"Status":0,"Comment":null}
27.08.2026 15:25:18	Information:	url https://lab-vko.dmed.kz/ /api/DriverManager/PingDevice
27.08.2026 15:25:18	Information:	{
"Hash": "w9LjvpRCyoByGV3Lzv0iX9dSI0tLK0uV+pRojL1kufc=",
"Status": 0
}


27.08.2026 15:25:18	Information:	Ping ret is {"Status":0,"Comment":null}
27.08.2026 15:27:19	Information:	url https://lab-vko.dmed.kz/ /api/DriverManager/PingDevice
27.08.2026 15:27:19	Information:	{
"Hash": "w9LjvpRCyoByGV3Lzv0iX9dSI0tLK0uV+pRojL1kufc=",
"Status": 0
}


27.08.2026 15:27:19	Information:	Ping ret is {"Status":0,"Comment":null}
27.08.2026 15:29:38	Information:	url https://lab-vko.dmed.kz/ /api/DriverManager/PingDevice
27.08.2026 15:29:38	Information:	{
"Hash": "w9LjvpRCyoByGV3Lzv0iX9dSI0tLK0uV+pRojL1kufc=",
"Status": 0
}


27.08.2026 15:29:38	Information:	Ping ret is {"Status":0,"Comment":null}
27.08.2026 15:32:17	Information:	Error in Monitoring. Driver Ping w9LjvpRCyoByGV3Lzv0iX9dSI0tLK0uV+pRojL1kufc=
27.08.2026 15:32:17	Information:	Базовое соединение закрыто: Непредвиденная ошибка при передаче.
27.08.2026 15:34:56	Information:	Error in Monitoring. Driver Ping w9LjvpRCyoByGV3Lzv0iX9dSI0tLK0uV+pRojL1kufc=
27.08.2026 15:34:56	Information:	Базовое соединение закрыто: Непредвиденная ошибка при передаче.
27.08.2026 15:37:35	Information:	Error in Monitoring. Driver Ping w9LjvpRCyoByGV3Lzv0iX9dSI0tLK0uV+pRojL1kufc=
27.08.2026 15:37:35	Information:	Базовое соединение закрыто: Непредвиденная ошибка при передаче.
27.08.2026 15:39:36	Information:	url https://lab-vko.dmed.kz/ /api/DriverManager/PingDevice
27.08.2026 15:39:36	Information:	{
"Hash": "w9LjvpRCyoByGV3Lzv0iX9dSI0tLK0uV+pRojL1kufc=",
"Status": 0
}


27.08.2026 15:39:36	Information:	Ping ret is {"Status":0,"Comment":null}
27.08.2026 15:41:37	Information:	url https://lab-vko.dmed.kz/ /api/DriverManager/PingDevice
27.08.2026 15:41:37	Information:	{
"Hash": "w9LjvpRCyoByGV3Lzv0iX9dSI0tLK0uV+pRojL1kufc=",
"Status": 0
}


27.08.2026 15:41:37	Information:	Ping ret is {"Status":0,"Comment":null}
27.08.2026 15:43:37	Information:	url https://lab-vko.dmed.kz/ /api/DriverManager/PingDevice
27.08.2026 15:43:37	Information:	{
"Hash": "w9LjvpRCyoByGV3Lzv0iX9dSI0tLK0uV+pRojL1kufc=",
"Status": 0
}


27.08.2026 15:43:37	Information:	Ping ret is {"Status":0,"Comment":null}
27.08.2026 15:46:16	Information:	Error in Monitoring. Driver Ping w9LjvpRCyoByGV3Lzv0iX9dSI0tLK0uV+pRojL1kufc=
27.08.2026 15:46:16	Information:	Базовое соединение закрыто: Непредвиденная ошибка при передаче.
27.08.2026 15:48:16	Information:	url https://lab-vko.dmed.kz/ /api/DriverManager/PingDevice
27.08.2026 15:48:16	Information:	{
"Hash": "w9LjvpRCyoByGV3Lzv0iX9dSI0tLK0uV+pRojL1kufc=",
"Status": 0
}


27.08.2026 15:48:16	Information:	Ping ret is {"Status":0,"Comment":null}
27.08.2026 15:50:36	Information:	url https://lab-vko.dmed.kz/ /api/DriverManager/PingDevice
27.08.2026 15:50:36	Information:	{
"Hash": "w9LjvpRCyoByGV3Lzv0iX9dSI0tLK0uV+pRojL1kufc=",
"Status": 0
}


27.08.2026 15:50:36	Information:	Ping ret is {"Status":0,"Comment":null}
27.08.2026 15:52:37	Information:	url https://lab-vko.dmed.kz/ /api/DriverManager/PingDevice
27.08.2026 15:52:37	Information:	{
"Hash": "w9LjvpRCyoByGV3Lzv0iX9dSI0tLK0uV+pRojL1kufc=",
"Status": 0
}


27.08.2026 15:52:37	Information:	Ping ret is {"Status":0,"Comment":null}
27.08.2026 15:54:37	Information:	url https://lab-vko.dmed.kz/ /api/DriverManager/PingDevice
27.08.2026 15:54:37	Information:	{
"Hash": "w9LjvpRCyoByGV3Lzv0iX9dSI0tLK0uV+pRojL1kufc=",
"Status": 0
}


27.08.2026 15:54:37	Information:	Ping ret is {"Status":0,"Comment":null}
27.08.2026 15:57:16	Information:	Error in Monitoring. Driver Ping w9LjvpRCyoByGV3Lzv0iX9dSI0tLK0uV+pRojL1kufc=
27.08.2026 15:57:16	Information:	Базовое соединение закрыто: Непредвиденная ошибка при передаче.
27.08.2026 15:59:55	Information:	Error in Monitoring. Driver Ping w9LjvpRCyoByGV3Lzv0iX9dSI0tLK0uV+pRojL1kufc=
27.08.2026 15:59:55	Information:	Базовое соединение закрыто: Непредвиденная ошибка при передаче.
27.08.2026 16:02:15	Information:	url https://lab-vko.dmed.kz/ /api/DriverManager/PingDevice
27.08.2026 16:02:15	Information:	{
"Hash": "w9LjvpRCyoByGV3Lzv0iX9dSI0tLK0uV+pRojL1kufc=",
"Status": 0
}


27.08.2026 16:02:15	Information:	Ping ret is {"Status":0,"Comment":null}
27.08.2026 16:04:54	Information:	Error in Monitoring. Driver Ping w9LjvpRCyoByGV3Lzv0iX9dSI0tLK0uV+pRojL1kufc=
27.08.2026 16:04:54	Information:	Базовое соединение закрыто: Непредвиденная ошибка при передаче.
27.08.2026 16:06:54	Information:	url https://lab-vko.dmed.kz/ /api/DriverManager/PingDevice
27.08.2026 16:06:54	Information:	{
"Hash": "w9LjvpRCyoByGV3Lzv0iX9dSI0tLK0uV+pRojL1kufc=",
"Status": 0
}


27.08.2026 16:06:54	Information:	Ping ret is {"Status":0,"Comment":null}
27.08.2026 16:09:33	Information:	Error in Monitoring. Driver Ping w9LjvpRCyoByGV3Lzv0iX9dSI0tLK0uV+pRojL1kufc=
27.08.2026 16:09:33	Information:	Базовое соединение закрыто: Непредвиденная ошибка при передаче.
27.08.2026 16:11:34	Information:	url https://lab-vko.dmed.kz/ /api/DriverManager/PingDevice
27.08.2026 16:11:34	Information:	{
"Hash": "w9LjvpRCyoByGV3Lzv0iX9dSI0tLK0uV+pRojL1kufc=",
"Status": 0
}


27.08.2026 16:11:34	Information:	Ping ret is {"Status":0,"Comment":null}
27.08.2026 16:13:53	Information:	url https://lab-vko.dmed.kz/ /api/DriverManager/PingDevice
27.08.2026 16:13:53	Information:	{
"Hash": "w9LjvpRCyoByGV3Lzv0iX9dSI0tLK0uV+pRojL1kufc=",
"Status": 0
}


27.08.2026 16:13:53	Information:	Ping ret is {"Status":0,"Comment":null}
27.08.2026 16:16:32	Information:	Error in Monitoring. Driver Ping w9LjvpRCyoByGV3Lzv0iX9dSI0tLK0uV+pRojL1kufc=
27.08.2026 16:16:32	Information:	Базовое соединение закрыто: Непредвиденная ошибка при передаче.
27.08.2026 16:18:52	Information:	url https://lab-vko.dmed.kz/ /api/DriverManager/PingDevice
27.08.2026 16:18:52	Information:	{
"Hash": "w9LjvpRCyoByGV3Lzv0iX9dSI0tLK0uV+pRojL1kufc=",
"Status": 0
}


27.08.2026 16:18:52	Information:	Ping ret is {"Status":0,"Comment":null}
27.08.2026 16:20:53	Information:	url https://lab-vko.dmed.kz/ /api/DriverManager/PingDevice
27.08.2026 16:20:53	Information:	{
"Hash": "w9LjvpRCyoByGV3Lzv0iX9dSI0tLK0uV+pRojL1kufc=",
"Status": 0
}


27.08.2026 16:20:53	Information:	Ping ret is {"Status":0,"Comment":null}
27.08.2026 16:23:12	Information:	url https://lab-vko.dmed.kz/ /api/DriverManager/PingDevice
27.08.2026 16:23:12	Information:	{
"Hash": "w9LjvpRCyoByGV3Lzv0iX9dSI0tLK0uV+pRojL1kufc=",
"Status": 0
}


27.08.2026 16:23:12	Information:	Ping ret is {"Status":0,"Comment":null}
27.08.2026 16:25:13	Information:	url https://lab-vko.dmed.kz/ /api/DriverManager/PingDevice
27.08.2026 16:25:13	Information:	{
"Hash": "w9LjvpRCyoByGV3Lzv0iX9dSI0tLK0uV+pRojL1kufc=",
"Status": 0
}


27.08.2026 16:25:13	Information:	Ping ret is {"Status":0,"Comment":null}
27.08.2026 16:27:52	Information:	Error in Monitoring. Driver Ping w9LjvpRCyoByGV3Lzv0iX9dSI0tLK0uV+pRojL1kufc=
27.08.2026 16:27:52	Information:	Базовое соединение закрыто: Непредвиденная ошибка при передаче.
27.08.2026 16:30:11	Information:	url https://lab-vko.dmed.kz/ /api/DriverManager/PingDevice
27.08.2026 16:30:11	Information:	{
"Hash": "w9LjvpRCyoByGV3Lzv0iX9dSI0tLK0uV+pRojL1kufc=",
"Status": 0
}


27.08.2026 16:30:11	Information:	Ping ret is {"Status":0,"Comment":null}
27.08.2026 16:32:51	Information:	Error in Monitoring. Driver Ping w9LjvpRCyoByGV3Lzv0iX9dSI0tLK0uV+pRojL1kufc=
27.08.2026 16:32:51	Information:	Базовое соединение закрыто: Непредвиденная ошибка при передаче.
27.08.2026 16:34:51	Information:	url https://lab-vko.dmed.kz/ /api/DriverManager/PingDevice
27.08.2026 16:34:51	Information:	{
"Hash": "w9LjvpRCyoByGV3Lzv0iX9dSI0tLK0uV+pRojL1kufc=",
"Status": 0
}


27.08.2026 16:34:51	Information:	Ping ret is {"Status":0,"Comment":null}
27.08.2026 16:37:11	Information:	url https://lab-vko.dmed.kz/ /api/DriverManager/PingDevice
27.08.2026 16:37:11	Information:	{
"Hash": "w9LjvpRCyoByGV3Lzv0iX9dSI0tLK0uV+pRojL1kufc=",
"Status": 0
}


27.08.2026 16:37:11	Information:	Ping ret is {"Status":0,"Comment":null}
27.08.2026 16:39:11	Information:	url https://lab-vko.dmed.kz/ /api/DriverManager/PingDevice
27.08.2026 16:39:11	Information:	{
"Hash": "w9LjvpRCyoByGV3Lzv0iX9dSI0tLK0uV+pRojL1kufc=",
"Status": 0
}


27.08.2026 16:39:11	Information:	Ping ret is {"Status":0,"Comment":null}
27.08.2026 16:41:31	Information:	url https://lab-vko.dmed.kz/ /api/DriverManager/PingDevice
27.08.2026 16:41:31	Information:	{
"Hash": "w9LjvpRCyoByGV3Lzv0iX9dSI0tLK0uV+pRojL1kufc=",
"Status": 0
}


27.08.2026 16:41:31	Information:	Ping ret is {"Status":0,"Comment":null}
27.08.2026 16:44:10	Information:	Error in Monitoring. Driver Ping w9LjvpRCyoByGV3Lzv0iX9dSI0tLK0uV+pRojL1kufc=
27.08.2026 16:44:10	Information:	Базовое соединение закрыто: Непредвиденная ошибка при передаче.
27.08.2026 16:46:30	Information:	url https://lab-vko.dmed.kz/ /api/DriverManager/PingDevice
27.08.2026 16:46:30	Information:	{
"Hash": "w9LjvpRCyoByGV3Lzv0iX9dSI0tLK0uV+pRojL1kufc=",
"Status": 0
}


27.08.2026 16:46:30	Information:	Ping ret is {"Status":0,"Comment":null}
27.08.2026 16:48:30	Information:	url https://lab-vko.dmed.kz/ /api/DriverManager/PingDevice
27.08.2026 16:48:30	Information:	{
"Hash": "w9LjvpRCyoByGV3Lzv0iX9dSI0tLK0uV+pRojL1kufc=",
"Status": 0
}


27.08.2026 16:48:30	Information:	Ping ret is {"Status":0,"Comment":null}
27.08.2026 16:50:31	Information:	url https://lab-vko.dmed.kz/ /api/DriverManager/PingDevice
27.08.2026 16:50:31	Information:	{
"Hash": "w9LjvpRCyoByGV3Lzv0iX9dSI0tLK0uV+pRojL1kufc=",
"Status": 0
}


27.08.2026 16:50:31	Information:	Ping ret is {"Status":0,"Comment":null}
27.08.2026 16:53:10	Information:	Error in Monitoring. Driver Ping w9LjvpRCyoByGV3Lzv0iX9dSI0tLK0uV+pRojL1kufc=
27.08.2026 16:53:10	Information:	Базовое соединение закрыто: Непредвиденная ошибка при передаче.
27.08.2026 16:55:10	Information:	url https://lab-vko.dmed.kz/ /api/DriverManager/PingDevice
27.08.2026 16:55:10	Information:	{
"Hash": "w9LjvpRCyoByGV3Lzv0iX9dSI0tLK0uV+pRojL1kufc=",
"Status": 0
}


27.08.2026 16:55:10	Information:	Ping ret is {"Status":0,"Comment":null}
27.08.2026 16:57:49	Information:	Error in Monitoring. Driver Ping w9LjvpRCyoByGV3Lzv0iX9dSI0tLK0uV+pRojL1kufc=
27.08.2026 16:57:49	Information:	Базовое соединение закрыто: Непредвиденная ошибка при передаче.
27.08.2026 17:00:09	Information:	url https://lab-vko.dmed.kz/ /api/DriverManager/PingDevice
27.08.2026 17:00:09	Information:	{
"Hash": "w9LjvpRCyoByGV3Lzv0iX9dSI0tLK0uV+pRojL1kufc=",
"Status": 0
}


27.08.2026 17:00:09	Information:	Ping ret is {"Status":0,"Comment":null}
27.08.2026 17:03:07	Information:	Error in Monitoring. Driver Ping w9LjvpRCyoByGV3Lzv0iX9dSI0tLK0uV+pRojL1kufc=
27.08.2026 17:03:07	Information:	Базовое соединение закрыто: Непредвиденная ошибка при передаче.
27.08.2026 17:05:08	Information:	url https://lab-vko.dmed.kz/ /api/DriverManager/PingDevice
27.08.2026 17:05:08	Information:	{
"Hash": "w9LjvpRCyoByGV3Lzv0iX9dSI0tLK0uV+pRojL1kufc=",
"Status": 0
}


27.08.2026 17:05:08	Information:	Ping ret is {"Status":0,"Comment":null}
27.08.2026 17:07:08	Information:	url https://lab-vko.dmed.kz/ /api/DriverManager/PingDevice
27.08.2026 17:07:08	Information:	{
"Hash": "w9LjvpRCyoByGV3Lzv0iX9dSI0tLK0uV+pRojL1kufc=",
"Status": 0
}


27.08.2026 17:07:08	Information:	Ping ret is {"Status":0,"Comment":null}
27.08.2026 17:09:47	Information:	Error in Monitoring. Driver Ping w9LjvpRCyoByGV3Lzv0iX9dSI0tLK0uV+pRojL1kufc=
27.08.2026 17:09:47	Information:	Базовое соединение закрыто: Непредвиденная ошибка при передаче.
27.08.2026 17:12:07	Information:	url https://lab-vko.dmed.kz/ /api/DriverManager/PingDevice
27.08.2026 17:12:07	Information:	{
"Hash": "w9LjvpRCyoByGV3Lzv0iX9dSI0tLK0uV+pRojL1kufc=",
"Status": 0
}


27.08.2026 17:12:07	Information:	Ping ret is {"Status":0,"Comment":null}
27.08.2026 17:14:08	Information:	url https://lab-vko.dmed.kz/ /api/DriverManager/PingDevice
27.08.2026 17:14:08	Information:	{
"Hash": "w9LjvpRCyoByGV3Lzv0iX9dSI0tLK0uV+pRojL1kufc=",
"Status": 0
}


27.08.2026 17:14:08	Information:	Ping ret is {"Status":0,"Comment":null}
27.08.2026 17:16:08	Information:	url https://lab-vko.dmed.kz/ /api/DriverManager/PingDevice
27.08.2026 17:16:08	Information:	{
"Hash": "w9LjvpRCyoByGV3Lzv0iX9dSI0tLK0uV+pRojL1kufc=",
"Status": 0
}


27.08.2026 17:16:08	Information:	Ping ret is {"Status":0,"Comment":null}
27.08.2026 17:18:28	Information:	url https://lab-vko.dmed.kz/ /api/DriverManager/PingDevice
27.08.2026 17:18:28	Information:	{
"Hash": "w9LjvpRCyoByGV3Lzv0iX9dSI0tLK0uV+pRojL1kufc=",
"Status": 0
}


27.08.2026 17:18:28	Information:	Ping ret is {"Status":0,"Comment":null}
27.08.2026 17:21:07	Information:	Error in Monitoring. Driver Ping w9LjvpRCyoByGV3Lzv0iX9dSI0tLK0uV+pRojL1kufc=
27.08.2026 17:21:07	Information:	Базовое соединение закрыто: Непредвиденная ошибка при передаче.
27.08.2026 17:23:45	Information:	Error in Monitoring. Driver Ping w9LjvpRCyoByGV3Lzv0iX9dSI0tLK0uV+pRojL1kufc=
27.08.2026 17:23:45	Information:	Базовое соединение закрыто: Непредвиденная ошибка при передаче.
27.08.2026 17:26:24	Information:	Error in Monitoring. Driver Ping w9LjvpRCyoByGV3Lzv0iX9dSI0tLK0uV+pRojL1kufc=
27.08.2026 17:26:24	Information:	Базовое соединение закрыто: Непредвиденная ошибка при передаче.
27.08.2026 17:29:03	Information:	Error in Monitoring. Driver Ping w9LjvpRCyoByGV3Lzv0iX9dSI0tLK0uV+pRojL1kufc=
27.08.2026 17:29:03	Information:	Базовое соединение закрыто: Непредвиденная ошибка при передаче.
27.08.2026 17:31:43	Information:	Error in Monitoring. Driver Ping w9LjvpRCyoByGV3Lzv0iX9dSI0tLK0uV+pRojL1kufc=
27.08.2026 17:31:43	Information:	Базовое соединение закрыто: Непредвиденная ошибка при передаче.
27.08.2026 17:34:22	Information:	Error in Monitoring. Driver Ping w9LjvpRCyoByGV3Lzv0iX9dSI0tLK0uV+pRojL1kufc=
27.08.2026 17:34:22	Information:	Базовое соединение закрыто: Непредвиденная ошибка при передаче.
27.08.2026 17:36:22	Information:	url https://lab-vko.dmed.kz/ /api/DriverManager/PingDevice
27.08.2026 17:36:22	Information:	{
"Hash": "w9LjvpRCyoByGV3Lzv0iX9dSI0tLK0uV+pRojL1kufc=",
"Status": 0
}


27.08.2026 17:36:22	Information:	Ping ret is {"Status":0,"Comment":null}
27.08.2026 17:38:23	Information:	url https://lab-vko.dmed.kz/ /api/DriverManager/PingDevice
27.08.2026 17:38:23	Information:	{
"Hash": "w9LjvpRCyoByGV3Lzv0iX9dSI0tLK0uV+pRojL1kufc=",
"Status": 0
}


27.08.2026 17:38:23	Information:	Ping ret is {"Status":0,"Comment":null}
27.08.2026 17:40:23	Information:	url https://lab-vko.dmed.kz/ /api/DriverManager/PingDevice
27.08.2026 17:40:23	Information:	{
"Hash": "w9LjvpRCyoByGV3Lzv0iX9dSI0tLK0uV+pRojL1kufc=",
"Status": 0
}


27.08.2026 17:40:23	Information:	Ping ret is {"Status":0,"Comment":null}
27.08.2026 17:42:43	Information:	url https://lab-vko.dmed.kz/ /api/DriverManager/PingDevice
27.08.2026 17:42:43	Information:	{
"Hash": "w9LjvpRCyoByGV3Lzv0iX9dSI0tLK0uV+pRojL1kufc=",
"Status": 0
}


27.08.2026 17:42:43	Information:	Ping ret is {"Status":0,"Comment":null}
27.08.2026 17:45:03	Information:	url https://lab-vko.dmed.kz/ /api/DriverManager/PingDevice
27.08.2026 17:45:03	Information:	{
"Hash": "w9LjvpRCyoByGV3Lzv0iX9dSI0tLK0uV+pRojL1kufc=",
"Status": 0
}


27.08.2026 17:45:03	Information:	Ping ret is {"Status":0,"Comment":null}
27.08.2026 17:47:23	Information:	url https://lab-vko.dmed.kz/ /api/DriverManager/PingDevice
27.08.2026 17:47:23	Information:	{
"Hash": "w9LjvpRCyoByGV3Lzv0iX9dSI0tLK0uV+pRojL1kufc=",
"Status": 0
}


27.08.2026 17:47:23	Information:	Ping ret is {"Status":0,"Comment":null}
27.08.2026 17:49:24	Information:	url https://lab-vko.dmed.kz/ /api/DriverManager/PingDevice
27.08.2026 17:49:24	Information:	{
"Hash": "w9LjvpRCyoByGV3Lzv0iX9dSI0tLK0uV+pRojL1kufc=",
"Status": 0
}


27.08.2026 17:49:24	Information:	Ping ret is {"Status":0,"Comment":null}
27.08.2026 17:52:03	Information:	Error in Monitoring. Driver Ping w9LjvpRCyoByGV3Lzv0iX9dSI0tLK0uV+pRojL1kufc=
27.08.2026 17:52:03	Information:	Базовое соединение закрыто: Непредвиденная ошибка при передаче.
27.08.2026 17:54:22	Information:	url https://lab-vko.dmed.kz/ /api/DriverManager/PingDevice
27.08.2026 17:54:22	Information:	{
"Hash": "w9LjvpRCyoByGV3Lzv0iX9dSI0tLK0uV+pRojL1kufc=",
"Status": 0
}


27.08.2026 17:54:22	Information:	Ping ret is {"Status":0,"Comment":null}
27.08.2026 17:57:01	Information:	Error in Monitoring. Driver Ping w9LjvpRCyoByGV3Lzv0iX9dSI0tLK0uV+pRojL1kufc=
27.08.2026 17:57:01	Information:	Базовое соединение закрыто: Непредвиденная ошибка при передаче.
27.08.2026 17:59:02	Information:	url https://lab-vko.dmed.kz/ /api/DriverManager/PingDevice
27.08.2026 17:59:02	Information:	{
"Hash": "w9LjvpRCyoByGV3Lzv0iX9dSI0tLK0uV+pRojL1kufc=",
"Status": 0
}


27.08.2026 17:59:02	Information:	Ping ret is {"Status":0,"Comment":null}
27.08.2026 18:01:41	Information:	url https://lab-vko.dmed.kz/ /api/DriverManager/PingDevice
27.08.2026 18:01:41	Information:	{
"Hash": "w9LjvpRCyoByGV3Lzv0iX9dSI0tLK0uV+pRojL1kufc=",
"Status": 0
}


27.08.2026 18:01:41	Information:	Ping ret is {"Status":0,"Comment":null}
27.08.2026 18:03:41	Information:	url https://lab-vko.dmed.kz/ /api/DriverManager/PingDevice
27.08.2026 18:03:41	Information:	{
"Hash": "w9LjvpRCyoByGV3Lzv0iX9dSI0tLK0uV+pRojL1kufc=",
"Status": 0
}


27.08.2026 18:03:41	Information:	Ping ret is {"Status":0,"Comment":null}
27.08.2026 18:06:20	Information:	Error in Monitoring. Driver Ping w9LjvpRCyoByGV3Lzv0iX9dSI0tLK0uV+pRojL1kufc=
27.08.2026 18:06:20	Information:	Базовое соединение закрыто: Непредвиденная ошибка при передаче.
27.08.2026 18:08:21	Information:	url https://lab-vko.dmed.kz/ /api/DriverManager/PingDevice
27.08.2026 18:08:21	Information:	{
"Hash": "w9LjvpRCyoByGV3Lzv0iX9dSI0tLK0uV+pRojL1kufc=",
"Status": 0
}


27.08.2026 18:08:21	Information:	Ping ret is {"Status":0,"Comment":null}
27.08.2026 18:10:59	Information:	Error in Monitoring. Driver Ping w9LjvpRCyoByGV3Lzv0iX9dSI0tLK0uV+pRojL1kufc=
27.08.2026 18:10:59	Information:	Базовое соединение закрыто: Непредвиденная ошибка при передаче.
27.08.2026 18:13:00	Information:	url https://lab-vko.dmed.kz/ /api/DriverManager/PingDevice
27.08.2026 18:13:00	Information:	{
"Hash": "w9LjvpRCyoByGV3Lzv0iX9dSI0tLK0uV+pRojL1kufc=",
"Status": 0
}


27.08.2026 18:13:00	Information:	Ping ret is {"Status":0,"Comment":null}
27.08.2026 18:15:00	Information:	url https://lab-vko.dmed.kz/ /api/DriverManager/PingDevice
27.08.2026 18:15:00	Information:	{
"Hash": "w9LjvpRCyoByGV3Lzv0iX9dSI0tLK0uV+pRojL1kufc=",
"Status": 0
}


27.08.2026 18:15:00	Information:	Ping ret is {"Status":0,"Comment":null}
27.08.2026 18:17:39	Information:	Error in Monitoring. Driver Ping w9LjvpRCyoByGV3Lzv0iX9dSI0tLK0uV+pRojL1kufc=
27.08.2026 18:17:39	Information:	Базовое соединение закрыто: Непредвиденная ошибка при передаче.
27.08.2026 18:19:59	Information:	url https://lab-vko.dmed.kz/ /api/DriverManager/PingDevice
27.08.2026 18:19:59	Information:	{
"Hash": "w9LjvpRCyoByGV3Lzv0iX9dSI0tLK0uV+pRojL1kufc=",
"Status": 0
}


27.08.2026 18:19:59	Information:	Ping ret is {"Status":0,"Comment":null}
27.08.2026 18:22:38	Information:	Error in Monitoring. Driver Ping w9LjvpRCyoByGV3Lzv0iX9dSI0tLK0uV+pRojL1kufc=
27.08.2026 18:22:38	Information:	Базовое соединение закрыто: Непредвиденная ошибка при передаче.
27.08.2026 18:25:17	Information:	Error in Monitoring. Driver Ping w9LjvpRCyoByGV3Lzv0iX9dSI0tLK0uV+pRojL1kufc=
27.08.2026 18:25:17	Information:	Базовое соединение закрыто: Непредвиденная ошибка при передаче.
27.08.2026 18:27:36	Information:	url https://lab-vko.dmed.kz/ /api/DriverManager/PingDevice
27.08.2026 18:27:36	Information:	{
"Hash": "w9LjvpRCyoByGV3Lzv0iX9dSI0tLK0uV+pRojL1kufc=",
"Status": 0
}


27.08.2026 18:27:36	Information:	Ping ret is {"Status":0,"Comment":null}
27.08.2026 18:29:37	Information:	url https://lab-vko.dmed.kz/ /api/DriverManager/PingDevice
27.08.2026 18:29:37	Information:	{
"Hash": "w9LjvpRCyoByGV3Lzv0iX9dSI0tLK0uV+pRojL1kufc=",
"Status": 0
}


27.08.2026 18:29:37	Information:	Ping ret is {"Status":0,"Comment":null}
27.08.2026 18:31:57	Information:	url https://lab-vko.dmed.kz/ /api/DriverManager/PingDevice
27.08.2026 18:31:57	Information:	{
"Hash": "w9LjvpRCyoByGV3Lzv0iX9dSI0tLK0uV+pRojL1kufc=",
"Status": 0
}


27.08.2026 18:31:57	Information:	Ping ret is {"Status":0,"Comment":null}
27.08.2026 18:34:35	Information:	Error in Monitoring. Driver Ping w9LjvpRCyoByGV3Lzv0iX9dSI0tLK0uV+pRojL1kufc=
27.08.2026 18:34:35	Information:	Базовое соединение закрыто: Непредвиденная ошибка при передаче.
27.08.2026 18:36:36	Information:	url https://lab-vko.dmed.kz/ /api/DriverManager/PingDevice
27.08.2026 18:36:36	Information:	{
"Hash": "w9LjvpRCyoByGV3Lzv0iX9dSI0tLK0uV+pRojL1kufc=",
"Status": 0
}


27.08.2026 18:36:36	Information:	Ping ret is {"Status":0,"Comment":null}
27.08.2026 18:41:23	Information:	log created
27.08.2026 18:41:23	Debug:	Before Compose
27.08.2026 18:41:24	Information:	_customFunctions = BakulevaAddons.BakulevaAddonsFactory
27.08.2026 18:41:25	Information:	Now we will start with rest
27.08.2026 18:41:25	Information:	Region Область Абай Clinic НАО Медицинский университет Семей Loaded
27.08.2026 18:42:03	Error:	Базовое соединение закрыто: Непредвиденная ошибка при передаче.
   в Microsoft.Http.HttpStageProcessingAsyncResult.Complete(HttpStage stage, Exception e)
   в Microsoft.Http.HttpStageProcessingAsyncResult.NextRequest(HttpStageProcessingAsyncResult self)
   в Microsoft.Http.HttpClient.Send(HttpRequestMessage request)
   в Microsoft.Http.HttpMethodExtensions.Method(HttpClient client, HttpMethod method, Uri uri, HttpContent body)
   в Microsoft.Http.HttpMethodExtensions.Post(HttpClient client, String uri, HttpContent body)
   в DataAccessWeb.Rest.Authentication.GetAuth() в C:\Johne\KZ\KZGitNew\ManagerKZ\DataAccessWeb\Rest\Authentication.cs:строка 51
   в DataAccessWeb.Rest.DriverManagerRest.GetDriverManager(String SystemName) в C:\Johne\KZ\KZGitNew\ManagerKZ\DataAccessWeb\Rest\DriverManagerRest.cs:строка 80
   в DataAccessWeb.Rest.DriverManagerRest.GetDriversDevices(IEnumerable`1 systemNames) в C:\Johne\KZ\KZGitNew\ManagerKZ\DataAccessWeb\Rest\DriverManagerRest.cs:строка 51
   в DataAccessWeb.DriverDataProvider.GetDriversDevices(IEnumerable`1 systemNames) в C:\Johne\KZ\KZGitNew\ManagerKZ\DataAccessWeb\DriverDataProvider.cs:строка 151
   в DriversManager.DriverManager.Initialize(DriversRegistry registry) в C:\Johne\KZ\KZGitNew\ManagerKZ\Modules\Drivers\DriversManager\DriverManager.cs:строка 322
	InnerException:
	Базовое соединение закрыто: Непредвиденная ошибка при передаче.
	   в System.Net.HttpWebRequest.GetRequestStream(TransportContext& context)
   в System.Net.HttpWebRequest.GetRequestStream()
   в Microsoft.Http.HttpWebRequestTransportStage.HttpTransportAsyncResult..ctor(Boolean preferSync, HttpRequestMessage request, HttpWebRequestTransportSettings settings, AsyncCallback callback, Object state)
   в Microsoft.Http.HttpWebRequestTransportStage.ProcessRequestAndTryGetResponse(HttpRequestMessage request, HttpResponseMessage& response, Object& state)
   в Microsoft.Http.HttpStageProcessingAsyncResult.NextRequest(HttpStageProcessingAsyncResult self)
		InnerException:
		Не удается прочитать данные из транспортного соединения: Попытка установить соединение была безуспешной, т.к. от другого компьютера за требуемое время не получен нужный отклик, или было разорвано уже установленное соединение из-за неверного отклика уже подключенного компьютера.
		   в System.Net.Sockets.NetworkStream.Read(Byte[] buffer, Int32 offset, Int32 size)
   в System.Net.FixedSizeReader.ReadPacket(Byte[] buffer, Int32 offset, Int32 count)
   в System.Net.Security.SslState.StartReceiveBlob(Byte[] buffer, AsyncProtocolRequest asyncRequest)
   в System.Net.Security.SslState.ForceAuthentication(Boolean receiveFirst, Byte[] buffer, AsyncProtocolRequest asyncRequest)
   в System.Net.Security.SslState.ProcessAuthentication(LazyAsyncResult lazyResult)
   в System.Threading.ExecutionContext.Run(ExecutionContext executionContext, ContextCallback callback, Object state)
   в System.Net.TlsStream.ProcessAuthentication(LazyAsyncResult result)
   в System.Net.TlsStream.Write(Byte[] buffer, Int32 offset, Int32 size)
   в System.Net.PooledStream.Write(Byte[] buffer, Int32 offset, Int32 size)
   в System.Net.ConnectStream.WriteHeaders(Boolean async)
			InnerException:
			Попытка установить соединение была безуспешной, т.к. от другого компьютера за требуемое время не получен нужный отклик, или было разорвано уже установленное соединение из-за неверного отклика уже подключенного компьютера
			   в System.Net.Sockets.NetworkStream.Read(Byte[] buffer, Int32 offset, Int32 size)

27.08.2026 18:42:17	Information:	log created
27.08.2026 18:42:17	Debug:	Before Compose
27.08.2026 18:42:18	Information:	_customFunctions = BakulevaAddons.BakulevaAddonsFactory
27.08.2026 18:42:18	Information:	Now we will start with rest
27.08.2026 18:42:18	Information:	Region Область Абай Clinic НАО Медицинский университет Семей Loaded
27.08.2026 18:42:19	Information:	Getting driver 732f78f6-9b44-4775-9d86-67c072a8d90a
27.08.2026 18:42:57	Error:	Базовое соединение закрыто: Непредвиденная ошибка при передаче.
   в Microsoft.Http.HttpStageProcessingAsyncResult.Complete(HttpStage stage, Exception e)
   в Microsoft.Http.HttpStageProcessingAsyncResult.NextRequest(HttpStageProcessingAsyncResult self)
   в Microsoft.Http.HttpClient.Send(HttpRequestMessage request)
   в Microsoft.Http.HttpMethodExtensions.Method(HttpClient client, HttpMethod method, Uri uri, HttpContent body)
   в Microsoft.Http.HttpMethodExtensions.Post(HttpClient client, String uri, HttpContent body)
   в DataAccessWeb.Rest.DriverManagerRest.GetDriverManager(String SystemName) в C:\Johne\KZ\KZGitNew\ManagerKZ\DataAccessWeb\Rest\DriverManagerRest.cs:строка 116
   в DataAccessWeb.Rest.DriverManagerRest.GetDriversDevices(IEnumerable`1 systemNames) в C:\Johne\KZ\KZGitNew\ManagerKZ\DataAccessWeb\Rest\DriverManagerRest.cs:строка 51
   в DataAccessWeb.DriverDataProvider.GetDriversDevices(IEnumerable`1 systemNames) в C:\Johne\KZ\KZGitNew\ManagerKZ\DataAccessWeb\DriverDataProvider.cs:строка 151
   в DriversManager.DriverManager.Initialize(DriversRegistry registry) в C:\Johne\KZ\KZGitNew\ManagerKZ\Modules\Drivers\DriversManager\DriverManager.cs:строка 322
	InnerException:
	Базовое соединение закрыто: Непредвиденная ошибка при передаче.
	   в System.Net.HttpWebRequest.GetRequestStream(TransportContext& context)
   в System.Net.HttpWebRequest.GetRequestStream()
   в Microsoft.Http.HttpWebRequestTransportStage.HttpTransportAsyncResult..ctor(Boolean preferSync, HttpRequestMessage request, HttpWebRequestTransportSettings settings, AsyncCallback callback, Object state)
   в Microsoft.Http.HttpWebRequestTransportStage.ProcessRequestAndTryGetResponse(HttpRequestMessage request, HttpResponseMessage& response, Object& state)
   в Microsoft.Http.HttpStageProcessingAsyncResult.NextRequest(HttpStageProcessingAsyncResult self)
		InnerException:
		Не удается прочитать данные из транспортного соединения: Попытка установить соединение была безуспешной, т.к. от другого компьютера за требуемое время не получен нужный отклик, или было разорвано уже установленное соединение из-за неверного отклика уже подключенного компьютера.
		   в System.Net.Sockets.NetworkStream.Read(Byte[] buffer, Int32 offset, Int32 size)
   в System.Net.FixedSizeReader.ReadPacket(Byte[] buffer, Int32 offset, Int32 count)
   в System.Net.Security.SslState.StartReceiveBlob(Byte[] buffer, AsyncProtocolRequest asyncRequest)
   в System.Net.Security.SslState.ForceAuthentication(Boolean receiveFirst, Byte[] buffer, AsyncProtocolRequest asyncRequest)
   в System.Net.Security.SslState.ProcessAuthentication(LazyAsyncResult lazyResult)
   в System.Threading.ExecutionContext.Run(ExecutionContext executionContext, ContextCallback callback, Object state)
   в System.Net.TlsStream.ProcessAuthentication(LazyAsyncResult result)
   в System.Net.TlsStream.Write(Byte[] buffer, Int32 offset, Int32 size)
   в System.Net.PooledStream.Write(Byte[] buffer, Int32 offset, Int32 size)
   в System.Net.ConnectStream.WriteHeaders(Boolean async)
			InnerException:
			Попытка установить соединение была безуспешной, т.к. от другого компьютера за требуемое время не получен нужный отклик, или было разорвано уже установленное соединение из-за неверного отклика уже подключенного компьютера
			   в System.Net.Sockets.NetworkStream.Read(Byte[] buffer, Int32 offset, Int32 size)

27.08.2026 18:43:01	Information:	log created
27.08.2026 18:43:01	Debug:	Before Compose
27.08.2026 18:43:02	Information:	_customFunctions = BakulevaAddons.BakulevaAddonsFactory
27.08.2026 18:43:02	Information:	Now we will start with rest
27.08.2026 18:43:02	Information:	Region Область Абай Clinic НАО Медицинский университет Семей Loaded
27.08.2026 18:43:03	Information:	Getting driver 732f78f6-9b44-4775-9d86-67c072a8d90a
27.08.2026 18:43:03	Information:	ret is {"OrgHealthCareID":"45500000000000909","Name":"BS-240","SystemName":"732f78f6-9b44-4775-9d86-67c072a8d90a","DllName":"LABIO200","DeleteDate":null,"ID":"150","StrID":"150"}
27.08.2026 18:43:03	Information:	Driver downloaded 732f78f6-9b44-4775-9d86-67c072a8d90a
27.08.2026 18:43:03	Information:	{
"DriverManagerID": 150,
"Offset": 0,
"Limit": 100
}


27.08.2026 18:43:03	Information:	Devices for driverManagerID = 150: 
27.08.2026 18:43:03	Information:	{"Data":[{"DriverManagerID":150,"DriverManager":{"OrgHealthCareID":"45500000000000909","Name":"BS-240","SystemName":"732f78f6-9b44-4775-9d86-67c072a8d90a","DllName":"LABIO200","DeleteDate":null,"ID":"150","StrID":"150"},"WorkPlaceID":20747,"WorkPlace":{"OrgHealthCareID":"45500000000000909","NameRU":"Клиническая химия (биохимия)","NameKZ":"Клиническая химия (биохимия)","Name":"Клиническая химия (биохимия)","BeginDate":"2019-04-15T14:11:34.383","EndDate":null,"ID":"20747","StrID":"20747"},"ID":"195","StrID":"195"}],"Total":1}
27.08.2026 18:43:03	Information:	Enum 1 Id 2000169 Driver 6660a4dc-ecdf-481a-bdf6-90349fc23a7cdevice 
27.08.2026 18:43:03	Information:	Enum -1 Id 2000168 Driver 6660a4dc-ecdf-481a-bdf6-90349fc23a7cdevice 
27.08.2026 18:43:03	Information:	Enum 0 Id 2000170 Driver 6660a4dc-ecdf-481a-bdf6-90349fc23a7cdevice 
27.08.2026 18:43:03	Information:	Enum 1 Id 2000020 Driver 6660a4dc-ecdf-481a-bdf6-90349fc23a7cdevice 
27.08.2026 18:43:03	Information:	Enum -1 Id 2000019 Driver 6660a4dc-ecdf-481a-bdf6-90349fc23a7cdevice 
27.08.2026 18:43:03	Information:	Enum 0 Id 2000021 Driver 6660a4dc-ecdf-481a-bdf6-90349fc23a7cdevice 
27.08.2026 18:43:03	Information:	System names from registry 732f78f6-9b44-4775-9d86-67c072a8d90a
27.08.2026 18:43:03	Information:	System name from collation 6660a4dc-ecdf-481a-bdf6-90349fc23a7c
27.08.2026 18:43:03	Information:	System name from collation 6660a4dc-ecdf-481a-bdf6-90349fc23a7c
27.08.2026 18:43:03	Information:	System name from collation 6660a4dc-ecdf-481a-bdf6-90349fc23a7c
27.08.2026 18:43:03	Information:	System name from collation 6660a4dc-ecdf-481a-bdf6-90349fc23a7c
27.08.2026 18:43:03	Information:	System name from collation 6660a4dc-ecdf-481a-bdf6-90349fc23a7c
27.08.2026 18:43:03	Information:	System name from collation 6660a4dc-ecdf-481a-bdf6-90349fc23a7c
27.08.2026 18:43:03	Information:	{
"DriverManagerID": 150,
"Offset": 0,
"Limit": 100
}


27.08.2026 18:43:03	Information:	ret is {"Data":[],"Total":0}
27.08.2026 18:43:03	Information:	System names from registry 732f78f6-9b44-4775-9d86-67c072a8d90a
27.08.2026 18:43:03	Information:	{
"DriverManagerID": 150,
"Offset": 0,
"Limit": 100
}


27.08.2026 18:43:03	Information:	ret is {"Data":[{"DriverManagerID":150,"DriverManager":{"OrgHealthCareID":"45500000000000909","Name":"BS-240","SystemName":"732f78f6-9b44-4775-9d86-67c072a8d90a","DllName":"LABIO200","DeleteDate":null,"ID":"150","StrID":"150"},"Code":"ALT","ParameterID":200357,"Parameter":{"ShortNameRU":"АЛаТ","ShortNameKZ":"АЛаТ","ShortName":"АЛаТ","DataType":0,"DataTypeName":"Число","UnitTypeID":100030,"UnitType":null,"MedicalFormID":null,"MasterDataID":0,"MedicalForm":null,"NameWithDataType":"АЛаТ  (Число)","NameRU":"АЛаТ","NameKZ":"АЛаТ","Name":"АЛаТ","PublicCode":"20035700","EndDate":null,"ID":"200357","StrID":"200357"},"WorkPlaceID":20747,"WorkPlace":{"OrgHealthCareID":"45500000000000909","NameRU":"Клиническая химия (биохимия)","NameKZ":"Клиническая химия (биохимия)","Name":"Клиническая химия (биохимия)","BeginDate":"2019-04-15T14:11:34.383","EndDate":null,"ID":"20747","StrID":"20747"},"ID":"2711","StrID":"2711"},{"DriverManagerID":150,"DriverManager":{"OrgHealthCareID":"45500000000000909","Name":"BS-240","SystemName":"732f78f6-9b44-4775-9d86-67c072a8d90a","DllName":"LABIO200","DeleteDate":null,"ID":"150","StrID":"150"},"Code":"AMY","ParameterID":200365,"Parameter":{"ShortNameRU":"амилаза панкреатическая в сыворотке крови","ShortNameKZ":"қан сарысуындағы панкреатикалық амилаза","ShortName":"амилаза панкреатическая в сыворотке крови","DataType":0,"DataTypeName":"Число","UnitTypeID":100015,"UnitType":null,"MedicalFormID":null,"MasterDataID":0,"MedicalForm":null,"NameWithDataType":"амилаза панкреатическая в сыворотке крови  (Число)","NameRU":"амилаза панкреатическая в сыворотке крови","NameKZ":"қан сарысуындағы панкреатикалық амилаза","Name":"амилаза панкреатическая в сыворотке крови","PublicCode":"20036500","EndDate":null,"ID":"200365","StrID":"200365"},"WorkPlaceID":20747,"WorkPlace":{"OrgHealthCareID":"45500000000000909","NameRU":"Клиническая химия (биохимия)","NameKZ":"Клиническая химия (биохимия)","Name":"Клиническая химия (биохимия)","BeginDate":"2019-04-15T14:11:34.383","EndDate":null,"ID":"20747","StrID":"20747"},"ID":"2712","StrID":"2712"},{"DriverManagerID":150,"DriverManager":{"OrgHealthCareID":"45500000000000909","Name":"BS-240","SystemName":"732f78f6-9b44-4775-9d86-67c072a8d90a","DllName":"LABIO200","DeleteDate":null,"ID":"150","StrID":"150"},"Code":"AST","ParameterID":200408,"Parameter":{"ShortNameRU":"АСаТ","ShortNameKZ":"АСаТ","ShortName":"АСаТ","DataType":0,"DataTypeName":"Число","UnitTypeID":100030,"UnitType":null,"MedicalFormID":null,"MasterDataID":0,"MedicalForm":null,"NameWithDataType":"АСаТ  (Число)","NameRU":"АСаТ","NameKZ":"АСаТ","Name":"АСаТ","PublicCode":"20040800","EndDate":null,"ID":"200408","StrID":"200408"},"WorkPlaceID":20747,"WorkPlace":{"OrgHealthCareID":"45500000000000909","NameRU":"Клиническая химия (биохимия)","NameKZ":"Клиническая химия (биохимия)","Name":"Клиническая химия (биохимия)","BeginDate":"2019-04-15T14:11:34.383","EndDate":null,"ID":"20747","StrID":"20747"},"ID":"2713","StrID":"2713"},{"DriverManagerID":150,"DriverManager":{"OrgHealthCareID":"45500000000000909","Name":"BS-240","SystemName":"732f78f6-9b44-4775-9d86-67c072a8d90a","DllName":"LABIO200","DeleteDate":null,"ID":"150","StrID":"150"},"Code":"Glu-G","ParameterID":200549,"Parameter":{"ShortNameRU":"глюкоза в сыворотке крови","ShortNameKZ":"қан сарысуындағы глюкоза","ShortName":"глюкоза в сыворотке крови","DataType":0,"DataTypeName":"Число","UnitTypeID":100051,"UnitType":null,"MedicalFormID":null,"MasterDataID":0,"MedicalForm":null,"NameWithDataType":"глюкоза в сыворотке крови  (Число)","NameRU":"глюкоза в сыворотке крови","NameKZ":"қан сарысуындағы глюкоза","Name":"глюкоза в сыворотке крови","PublicCode":"20054900","EndDate":null,"ID":"200549","StrID":"200549"},"WorkPlaceID":20747,"WorkPlace":{"OrgHealthCareID":"45500000000000909","NameRU":"Клиническая химия (биохимия)","NameKZ":"Клиническая химия (биохимия)","Name":"Клиническая химия (биохимия)","BeginDate":"2019-04-15T14:11:34.383","EndDate":null,"ID":"20747","StrID":"20747"},"ID":"2715","StrID":"2715"},{"DriverManagerID":150,"DriverManager":{"OrgHealthCareID":"45500000000000909","Name":"BS-240","SystemName":"732f78f6-9b44-4775-9d86-67c072a8d90a","DllName":"LABIO200","DeleteDate":null,"ID":"150","StrID":"150"},"Code":"Fe","ParameterID":200592,"Parameter":{"ShortNameRU":"железо в сыворотке крови","ShortNameKZ":"қан сарысуындағы темір","ShortName":"железо в сыворотке крови","DataType":0,"DataTypeName":"Число","UnitTypeID":100041,"UnitType":null,"MedicalFormID":null,"MasterDataID":0,"MedicalForm":null,"NameWithDataType":"железо в сыворотке крови  (Число)","NameRU":"железо в сыворотке крови","NameKZ":"қан сарысуындағы темір","Name":"железо в сыворотке крови","PublicCode":"20059200","EndDate":null,"ID":"200592","StrID":"200592"},"WorkPlaceID":20747,"WorkPlace":{"OrgHealthCareID":"45500000000000909","NameRU":"Клиническая химия (биохимия)","NameKZ":"Клиническая химия (биохимия)","Name":"Клиническая химия (биохимия)","BeginDate":"2019-04-15T14:11:34.383","EndDate":null,"ID":"20747","StrID":"20747"},"ID":"2716","StrID":"2716"},{"DriverManagerID":150,"DriverManager":{"OrgHealthCareID":"45500000000000909","Name":"BS-240","SystemName":"732f78f6-9b44-4775-9d86-67c072a8d90a","DllName":"LABIO200","DeleteDate":null,"ID":"150","StrID":"150"},"Code":"CREA-S","ParameterID":200744,"Parameter":{"ShortNameRU":"креатинин в крови","ShortNameKZ":"қандағы креатинин","ShortName":"креатинин в крови","DataType":0,"DataTypeName":"Число","UnitTypeID":100041,"UnitType":null,"MedicalFormID":null,"MasterDataID":0,"MedicalForm":null,"NameWithDataType":"креатинин в крови  (Число)","NameRU":"креатинин в крови","NameKZ":"қандағы креатинин","Name":"креатинин в крови","PublicCode":"20074400","EndDate":null,"ID":"200744","StrID":"200744"},"WorkPlaceID":20747,"WorkPlace":{"OrgHealthCareID":"45500000000000909","NameRU":"Клиническая химия (биохимия)","NameKZ":"Клиническая химия (биохимия)","Name":"Клиническая химия (биохимия)","BeginDate":"2019-04-15T14:11:34.383","EndDate":null,"ID":"20747","StrID":"20747"},"ID":"2717","StrID":"2717"},{"DriverManagerID":150,"DriverManager":{"OrgHealthCareID":"45500000000000909","Name":"BS-240","SystemName":"732f78f6-9b44-4775-9d86-67c072a8d90a","DllName":"LABIO200","DeleteDate":null,"ID":"150","StrID":"150"},"Code":"LDH","ParameterID":200769,"Parameter":{"ShortNameRU":"ЛДГ (анализатор)","ShortNameKZ":"ЛДГ (анализатор)","ShortName":"ЛДГ (анализатор)","DataType":0,"DataTypeName":"Число","UnitTypeID":100015,"UnitType":null,"MedicalFormID":null,"MasterDataID":0,"MedicalForm":null,"NameWithDataType":"ЛДГ (анализатор)  (Число)","NameRU":"ЛДГ (анализатор)","NameKZ":"ЛДГ (анализатор)","Name":"ЛДГ (анализатор)","PublicCode":"20076900","EndDate":null,"ID":"200769","StrID":"200769"},"WorkPlaceID":20747,"WorkPlace":{"OrgHealthCareID":"45500000000000909","NameRU":"Клиническая химия (биохимия)","NameKZ":"Клиническая химия (биохимия)","Name":"Клиническая химия (биохимия)","BeginDate":"2019-04-15T14:11:34.383","EndDate":null,"ID":"20747","StrID":"20747"},"ID":"2718","StrID":"2718"},{"DriverManagerID":150,"DriverManager":{"OrgHealthCareID":"45500000000000909","Name":"BS-240","SystemName":"732f78f6-9b44-4775-9d86-67c072a8d90a","DllName":"LABIO200","DeleteDate":null,"ID":"150","StrID":"150"},"Code":"LIP","ParameterID":200800,"Parameter":{"ShortNameRU":"липаза в сыворотке крови","ShortNameKZ":"қан сарысуындағы липаза","ShortName":"липаза в сыворотке крови","DataType":0,"DataTypeName":"Число","UnitTypeID":100030,"UnitType":null,"MedicalFormID":null,"MasterDataID":0,"MedicalForm":null,"NameWithDataType":"липаза в сыворотке крови  (Число)","NameRU":"липаза в сыворотке крови","NameKZ":"қан сарысуындағы липаза","Name":"липаза в сыворотке крови","PublicCode":"20080000","EndDate":null,"ID":"200800","StrID":"200800"},"WorkPlaceID":20747,"WorkPlace":{"OrgHealthCareID":"45500000000000909","NameRU":"Клиническая химия (биохимия)","NameKZ":"Клиническая химия (биохимия)","Name":"Клиническая химия (биохимия)","BeginDate":"2019-04-15T14:11:34.383","EndDate":null,"ID":"20747","StrID":"20747"},"ID":"2719","StrID":"2719"},{"DriverManagerID":150,"DriverManager":{"OrgHealthCareID":"45500000000000909","Name":"BS-240","SystemName":"732f78f6-9b44-4775-9d86-67c072a8d90a","DllName":"LABIO200","DeleteDate":null,"ID":"150","StrID":"150"},"Code":"HDL-C","ParameterID":200802,"Parameter":{"ShortNameRU":"ЛПВП","ShortNameKZ":"ТЖЛП","ShortName":"ЛПВП","DataType":0,"DataTypeName":"Число","UnitTypeID":100051,"UnitType":null,"MedicalFormID":null,"MasterDataID":0,"MedicalForm":null,"NameWithDataType":"ЛПВП  (Число)","NameRU":"ЛПВП","NameKZ":"ТЖЛП","Name":"ЛПВП","PublicCode":"20080200","EndDate":null,"ID":"200802","StrID":"200802"},"WorkPlaceID":20747,"WorkPlace":{"OrgHealthCareID":"45500000000000909","NameRU":"Клиническая химия (биохимия)","NameKZ":"Клиническая химия (биохимия)","Name":"Клиническая химия (биохимия)","BeginDate":"2019-04-15T14:11:34.383","EndDate":null,"ID":"20747","StrID":"20747"},"ID":"2720","StrID":"2720"},{"DriverManagerID":150,"DriverManager":{"OrgHealthCareID":"45500000000000909","Name":"BS-240","SystemName":"732f78f6-9b44-4775-9d86-67c072a8d90a","DllName":"LABIO200","DeleteDate":null,"ID":"150","StrID":"150"},"Code":"LDL-C","ParameterID":200804,"Parameter":{"ShortNameRU":"ЛПНП (анализатор)","ShortNameKZ":"ТТЛП (анализатор)","ShortName":"ЛПНП (анализатор)","DataType":0,"DataTypeName":"Число","UnitTypeID":100051,"UnitType":null,"MedicalFormID":null,"MasterDataID":0,"MedicalForm":null,"NameWithDataType":"ЛПНП (анализатор)  (Число)","NameRU":"ЛПНП (анализатор)","NameKZ":"ТТЛП (анализатор)","Name":"ЛПНП (анализатор)","PublicCode":"20080400","EndDate":null,"ID":"200804","StrID":"200804"},"WorkPlaceID":20747,"WorkPlace":{"OrgHealthCareID":"45500000000000909","NameRU":"Клиническая химия (биохимия)","NameKZ":"Клиническая химия (биохимия)","Name":"Клиническая химия (биохимия)","BeginDate":"2019-04-15T14:11:34.383","EndDate":null,"ID":"20747","StrID":"20747"},"ID":"2721","StrID":"2721"},{"DriverManagerID":150,"DriverManager":{"OrgHealthCareID":"45500000000000909","Name":"BS-240","SystemName":"732f78f6-9b44-4775-9d86-67c072a8d90a","DllName":"LABIO200","DeleteDate":null,"ID":"150","StrID":"150"},"Code":"UA","ParameterID":200851,"Parameter":{"ShortNameRU":"мочевая кислота в сыворотке крови","ShortNameKZ":"қан сарысуындағы зәр қышқылы","ShortName":"мочевая кислота в сыворотке крови","DataType":0,"DataTypeName":"Число","UnitTypeID":100041,"UnitType":null,"MedicalFormID":null,"MasterDataID":0,"MedicalForm":null,"NameWithDataType":"мочевая кислота в сыворотке крови  (Число)","NameRU":"мочевая кислота в сыворотке крови","NameKZ":"қан сарысуындағы зәр қышқылы","Name":"мочевая кислота в сыворотке крови","PublicCode":"20085100","EndDate":null,"ID":"200851","StrID":"200851"},"WorkPlaceID":20747,"WorkPlace":{"OrgHealthCareID":"45500000000000909","NameRU":"Клиническая химия (биохимия)","NameKZ":"Клиническая химия (биохимия)","Name":"Клиническая химия (биохимия)","BeginDate":"2019-04-15T14:11:34.383","EndDate":null,"ID":"20747","StrID":"20747"},"ID":"4100","StrID":"4100"},{"DriverManagerID":150,"DriverManager":{"OrgHealthCareID":"45500000000000909","Name":"BS-240","SystemName":"732f78f6-9b44-4775-9d86-67c072a8d90a","DllName":"LABIO200","DeleteDate":null,"ID":"150","StrID":"150"},"Code":"UREA","ParameterID":200852,"Parameter":{"ShortNameRU":"мочевина в сыворотке крови","ShortNameKZ":"қан сарысуындағы несепнәр","ShortName":"мочевина в сыворотке крови","DataType":0,"DataTypeName":"Число","UnitTypeID":100051,"UnitType":null,"MedicalFormID":null,"MasterDataID":0,"MedicalForm":null,"NameWithDataType":"мочевина в сыворотке крови  (Число)","NameRU":"мочевина в сыворотке крови","NameKZ":"қан сарысуындағы несепнәр","Name":"мочевина в сыворотке крови","PublicCode":"20085200","EndDate":null,"ID":"200852","StrID":"200852"},"WorkPlaceID":20747,"WorkPlace":{"OrgHealthCareID":"45500000000000909","NameRU":"Клиническая химия (биохимия)","NameKZ":"Клиническая химия (биохимия)","Name":"Клиническая химия (биохимия)","BeginDate":"2019-04-15T14:11:34.383","EndDate":null,"ID":"20747","StrID":"20747"},"ID":"2724","StrID":"2724"},{"DriverManagerID":150,"DriverManager":{"OrgHealthCareID":"45500000000000909","Name":"BS-240","SystemName":"732f78f6-9b44-4775-9d86-67c072a8d90a","DllName":"LABIO200","DeleteDate":null,"ID":"150","StrID":"150"},"Code":"AMY","ParameterID":200905,"Parameter":{"ShortNameRU":"общая ɑ-амилаза в сыворотке крови (анализатор)","ShortNameKZ":"қандағы жалпы ɑ-амилаза (анализатор)","ShortName":"общая ɑ-амилаза в сыворотке крови (анализатор)","DataType":0,"DataTypeName":"Число","UnitTypeID":100030,"UnitType":null,"MedicalFormID":null,"MasterDataID":0,"MedicalForm":null,"NameWithDataType":"общая ɑ-амилаза в сыворотке крови (анализатор)  (Число)","NameRU":"общая ɑ-амилаза в сыворотке крови (анализатор)","NameKZ":"қандағы жалпы ɑ-амилаза (анализатор)","Name":"общая ɑ-амилаза в сыворотке крови (анализатор)","PublicCode":"20090500","EndDate":null,"ID":"200905","StrID":"200905"},"WorkPlaceID":20747,"WorkPlace":{"OrgHealthCareID":"45500000000000909","NameRU":"Клиническая химия (биохимия)","NameKZ":"Клиническая химия (биохимия)","Name":"Клиническая химия (биохимия)","BeginDate":"2019-04-15T14:11:34.383","EndDate":null,"ID":"20747","StrID":"20747"},"ID":"2725","StrID":"2725"},{"DriverManagerID":150,"DriverManager":{"OrgHealthCareID":"45500000000000909","Name":"BS-240","SystemName":"732f78f6-9b44-4775-9d86-67c072a8d90a","DllName":"LABIO200","DeleteDate":null,"ID":"150","StrID":"150"},"Code":"TP","ParameterID":200918,"Parameter":{"ShortNameRU":"общий белок в сыворотке крови","ShortNameKZ":"қан сарысуындағы жалпы ақуыз","ShortName":"общий белок в сыворотке крови","DataType":0,"DataTypeName":"Число","UnitTypeID":100012,"UnitType":null,"MedicalFormID":null,"MasterDataID":0,"MedicalForm":null,"NameWithDataType":"общий белок в сыворотке крови  (Число)","NameRU":"общий белок в сыворотке крови","NameKZ":"қан сарысуындағы жалпы ақуыз","Name":"общий белок в сыворотке крови","PublicCode":"20091800","EndDate":null,"ID":"200918","StrID":"200918"},"WorkPlaceID":20747,"WorkPlace":{"OrgHealthCareID":"45500000000000909","NameRU":"Клиническая химия (биохимия)","NameKZ":"Клиническая химия (биохимия)","Name":"Клиническая химия (биохимия)","BeginDate":"2019-04-15T14:11:34.383","EndDate":null,"ID":"20747","StrID":"20747"},"ID":"2726","StrID":"2726"},{"DriverManagerID":150,"DriverManager":{"OrgHealthCareID":"45500000000000909","Name":"BS-240","SystemName":"732f78f6-9b44-4775-9d86-67c072a8d90a","DllName":"LABIO200","DeleteDate":null,"ID":"150","StrID":"150"},"Code":"T-Bil-V","ParameterID":200919,"Parameter":{"ShortNameRU":"общий билирубин в сыворотке крови","ShortNameKZ":"қан сарысуындағы жалпы билирубин","ShortName":"общий билирубин в сыворотке крови","DataType":0,"DataTypeName":"Число","UnitTypeID":100041,"UnitType":null,"MedicalFormID":null,"MasterDataID":0,"MedicalForm":null,"NameWithDataType":"общий билирубин в сыворотке крови  (Число)","NameRU":"общий билирубин в сыворотке крови","NameKZ":"қан сарысуындағы жалпы билирубин","Name":"общий билирубин в сыворотке крови","PublicCode":"20091900","EndDate":null,"ID":"200919","StrID":"200919"},"WorkPlaceID":20747,"WorkPlace":{"OrgHealthCareID":"45500000000000909","NameRU":"Клиническая химия (биохимия)","NameKZ":"Клиническая химия (биохимия)","Name":"Клиническая химия (биохимия)","BeginDate":"2019-04-15T14:11:34.383","EndDate":null,"ID":"20747","StrID":"20747"},"ID":"2727","StrID":"2727"},{"DriverManagerID":150,"DriverManager":{"OrgHealthCareID":"45500000000000909","Name":"BS-240","SystemName":"732f78f6-9b44-4775-9d86-67c072a8d90a","DllName":"LABIO200","DeleteDate":null,"ID":"150","StrID":"150"},"Code":"D-Bil-V","ParameterID":201032,"Parameter":{"ShortNameRU":"прямой билирубин в сыворотке крови","ShortNameKZ":"қан сарысуындағы тікелей билирубин","ShortName":"прямой билирубин в сыворотке крови","DataType":0,"DataTypeName":"Число","UnitTypeID":100041,"UnitType":null,"MedicalFormID":null,"MasterDataID":0,"MedicalForm":null,"NameWithDataType":"прямой билирубин в сыворотке крови  (Число)","NameRU":"прямой билирубин в сыворотке крови","NameKZ":"қан сарысуындағы тікелей билирубин","Name":"прямой билирубин в сыворотке крови","PublicCode":"20103200","EndDate":null,"ID":"201032","StrID":"201032"},"WorkPlaceID":20747,"WorkPlace":{"OrgHealthCareID":"45500000000000909","NameRU":"Клиническая химия (биохимия)","NameKZ":"Клиническая химия (биохимия)","Name":"Клиническая химия (биохимия)","BeginDate":"2019-04-15T14:11:34.383","EndDate":null,"ID":"20747","StrID":"20747"},"ID":"2728","StrID":"2728"},{"DriverManagerID":150,"DriverManager":{"OrgHealthCareID":"45500000000000909","Name":"BS-240","SystemName":"732f78f6-9b44-4775-9d86-67c072a8d90a","DllName":"LABIO200","DeleteDate":null,"ID":"150","StrID":"150"},"Code":"CRP","ParameterID":201150,"Parameter":{"ShortNameRU":"СРБ","ShortNameKZ":"СРА","ShortName":"СРБ","DataType":0,"DataTypeName":"Число","UnitTypeID":100026,"UnitType":null,"MedicalFormID":null,"MasterDataID":0,"MedicalForm":null,"NameWithDataType":"СРБ  (Число)","NameRU":"СРБ","NameKZ":"СРА","Name":"СРБ","PublicCode":"20115000","EndDate":null,"ID":"201150","StrID":"201150"},"WorkPlaceID":20747,"WorkPlace":{"OrgHealthCareID":"45500000000000909","NameRU":"Клиническая химия (биохимия)","NameKZ":"Клиническая химия (биохимия)","Name":"Клиническая химия (биохимия)","BeginDate":"2019-04-15T14:11:34.383","EndDate":null,"ID":"20747","StrID":"20747"},"ID":"2730","StrID":"2730"},{"DriverManagerID":150,"DriverManager":{"OrgHealthCareID":"45500000000000909","Name":"BS-240","SystemName":"732f78f6-9b44-4775-9d86-67c072a8d90a","DllName":"LABIO200","DeleteDate":null,"ID":"150","StrID":"150"},"Code":"TG","ParameterID":201202,"Parameter":{"ShortNameRU":"триглицериды в сыворотке крови","ShortNameKZ":"қан сарысуындағы триглицеридтер","ShortName":"триглицериды в сыворотке крови","DataType":0,"DataTypeName":"Число","UnitTypeID":100051,"UnitType":null,"MedicalFormID":null,"MasterDataID":0,"MedicalForm":null,"NameWithDataType":"триглицериды в сыворотке крови  (Число)","NameRU":"триглицериды в сыворотке крови","NameKZ":"қан сарысуындағы триглицеридтер","Name":"триглицериды в сыворотке крови","PublicCode":"20120200","EndDate":null,"ID":"201202","StrID":"201202"},"WorkPlaceID":20747,"WorkPlace":{"OrgHealthCareID":"45500000000000909","NameRU":"Клиническая химия (биохимия)","NameKZ":"Клиническая химия (биохимия)","Name":"Клиническая химия (биохимия)","BeginDate":"2019-04-15T14:11:34.383","EndDate":null,"ID":"20747","StrID":"20747"},"ID":"2731","StrID":"2731"},{"DriverManagerID":150,"DriverManager":{"OrgHealthCareID":"45500000000000909","Name":"BS-240","SystemName":"732f78f6-9b44-4775-9d86-67c072a8d90a","DllName":"LABIO200","DeleteDate":null,"ID":"150","StrID":"150"},"Code":"FER","ParameterID":201234,"Parameter":{"ShortNameRU":"ферритин в сыворотке крови","ShortNameKZ":"қан сарысуындағы ферритин","ShortName":"ферритин в сыворотке крови","DataType":0,"DataTypeName":"Число","UnitTypeID":100035,"UnitType":null,"MedicalFormID":null,"MasterDataID":0,"MedicalForm":null,"NameWithDataType":"ферритин в сыворотке крови  (Число)","NameRU":"ферритин в сыворотке крови","NameKZ":"қан сарысуындағы ферритин","Name":"ферритин в сыворотке крови","PublicCode":"20123400","EndDate":null,"ID":"201234","StrID":"201234"},"WorkPlaceID":20747,"WorkPlace":{"OrgHealthCareID":"45500000000000909","NameRU":"Клиническая химия (биохимия)","NameKZ":"Клиническая химия (биохимия)","Name":"Клиническая химия (биохимия)","BeginDate":"2019-04-15T14:11:34.383","EndDate":null,"ID":"20747","StrID":"20747"},"ID":"2732","StrID":"2732"},{"DriverManagerID":150,"DriverManager":{"OrgHealthCareID":"45500000000000909","Name":"BS-240","SystemName":"732f78f6-9b44-4775-9d86-67c072a8d90a","DllName":"LABIO200","DeleteDate":null,"ID":"150","StrID":"150"},"Code":"TC","ParameterID":201268,"Parameter":{"ShortNameRU":"холестерин в сыворотке крови","ShortNameKZ":"қан сарысуындағы холестерин","ShortName":"холестерин в сыворотке крови","DataType":0,"DataTypeName":"Число","UnitTypeID":100051,"UnitType":null,"MedicalFormID":null,"MasterDataID":0,"MedicalForm":null,"NameWithDataType":"холестерин в сыворотке крови  (Число)","NameRU":"холестерин в сыворотке крови","NameKZ":"қан сарысуындағы холестерин","Name":"холестерин в сыворотке крови","PublicCode":"20126800","EndDate":null,"ID":"201268","StrID":"201268"},"WorkPlaceID":20747,"WorkPlace":{"OrgHealthCareID":"45500000000000909","NameRU":"Клиническая химия (биохимия)","NameKZ":"Клиническая химия (биохимия)","Name":"Клиническая химия (биохимия)","BeginDate":"2019-04-15T14:11:34.383","EndDate":null,"ID":"20747","StrID":"20747"},"ID":"2733","StrID":"2733"},{"DriverManagerID":150,"DriverManager":{"OrgHealthCareID":"45500000000000909","Name":"BS-240","SystemName":"732f78f6-9b44-4775-9d86-67c072a8d90a","DllName":"LABIO200","DeleteDate":null,"ID":"150","StrID":"150"},"Code":"ALP","ParameterID":201306,"Parameter":{"ShortNameRU":"ЩФ","ShortNameKZ":"СФ","ShortName":"ЩФ","DataType":0,"DataTypeName":"Число","UnitTypeID":100030,"UnitType":null,"MedicalFormID":null,"MasterDataID":0,"MedicalForm":null,"NameWithDataType":"ЩФ  (Число)","NameRU":"ЩФ","NameKZ":"СФ","Name":"ЩФ","PublicCode":"20130600","EndDate":null,"ID":"201306","StrID":"201306"},"WorkPlaceID":20747,"WorkPlace":{"OrgHealthCareID":"45500000000000909","NameRU":"Клиническая химия (биохимия)","NameKZ":"Клиническая химия (биохимия)","Name":"Клиническая химия (биохимия)","BeginDate":"2019-04-15T14:11:34.383","EndDate":null,"ID":"20747","StrID":"20747"},"ID":"2734","StrID":"2734"}],"Total":21}
27.08.2026 18:43:03	Information:	Test ALT Id 200357 Driver 732f78f6-9b44-4775-9d86-67c072a8d90adevice 20747
27.08.2026 18:43:03	Information:	Test AMY Id 200365 Driver 732f78f6-9b44-4775-9d86-67c072a8d90adevice 20747
27.08.2026 18:43:03	Information:	Test AST Id 200408 Driver 732f78f6-9b44-4775-9d86-67c072a8d90adevice 20747
27.08.2026 18:43:03	Information:	Test Glu-G Id 200549 Driver 732f78f6-9b44-4775-9d86-67c072a8d90adevice 20747
27.08.2026 18:43:03	Information:	Test Fe Id 200592 Driver 732f78f6-9b44-4775-9d86-67c072a8d90adevice 20747
27.08.2026 18:43:03	Information:	Test CREA-S Id 200744 Driver 732f78f6-9b44-4775-9d86-67c072a8d90adevice 20747
27.08.2026 18:43:03	Information:	Test LDH Id 200769 Driver 732f78f6-9b44-4775-9d86-67c072a8d90adevice 20747
27.08.2026 18:43:03	Information:	Test LIP Id 200800 Driver 732f78f6-9b44-4775-9d86-67c072a8d90adevice 20747
27.08.2026 18:43:03	Information:	Test HDL-C Id 200802 Driver 732f78f6-9b44-4775-9d86-67c072a8d90adevice 20747
27.08.2026 18:43:03	Information:	Test LDL-C Id 200804 Driver 732f78f6-9b44-4775-9d86-67c072a8d90adevice 20747
27.08.2026 18:43:03	Information:	Test UA Id 200851 Driver 732f78f6-9b44-4775-9d86-67c072a8d90adevice 20747
27.08.2026 18:43:03	Information:	Test UREA Id 200852 Driver 732f78f6-9b44-4775-9d86-67c072a8d90adevice 20747
27.08.2026 18:43:03	Information:	Test AMY Id 200905 Driver 732f78f6-9b44-4775-9d86-67c072a8d90adevice 20747
27.08.2026 18:43:03	Information:	Test TP Id 200918 Driver 732f78f6-9b44-4775-9d86-67c072a8d90adevice 20747
27.08.2026 18:43:03	Information:	Test T-Bil-V Id 200919 Driver 732f78f6-9b44-4775-9d86-67c072a8d90adevice 20747
27.08.2026 18:43:03	Information:	Test D-Bil-V Id 201032 Driver 732f78f6-9b44-4775-9d86-67c072a8d90adevice 20747
27.08.2026 18:43:03	Information:	Test CRP Id 201150 Driver 732f78f6-9b44-4775-9d86-67c072a8d90adevice 20747
27.08.2026 18:43:03	Information:	Test TG Id 201202 Driver 732f78f6-9b44-4775-9d86-67c072a8d90adevice 20747
27.08.2026 18:43:03	Information:	Test FER Id 201234 Driver 732f78f6-9b44-4775-9d86-67c072a8d90adevice 20747
27.08.2026 18:43:03	Information:	Test TC Id 201268 Driver 732f78f6-9b44-4775-9d86-67c072a8d90adevice 20747
27.08.2026 18:43:03	Information:	Test ALP Id 201306 Driver 732f78f6-9b44-4775-9d86-67c072a8d90adevice 20747
27.08.2026 18:43:03	Information:	System names from registry 732f78f6-9b44-4775-9d86-67c072a8d90a
27.08.2026 18:43:04	Information:	System name from collation 732f78f6-9b44-4775-9d86-67c072a8d90a
27.08.2026 18:43:04	Information:	System names from registry 732f78f6-9b44-4775-9d86-67c072a8d90a
27.08.2026 18:43:04	Information:	{
"DriverManagerID": 150,
"Offset": 0,
"Limit": 100
}


27.08.2026 18:43:04	Information:	ret is {"Data":[],"Total":0}
27.08.2026 18:43:04	Information:	System names from registry 732f78f6-9b44-4775-9d86-67c072a8d90a
27.08.2026 18:43:04	Information:	{
"DriverManagerID": 150,
"Offset": 0,
"Limit": 100
}


27.08.2026 18:43:04	Information:	ret is {"Data":[],"Total":0}
27.08.2026 18:43:04	Information:	System names from registry 732f78f6-9b44-4775-9d86-67c072a8d90a
27.08.2026 18:43:04	Information:	{
"DriverManagerID": 150,
"Offset": 0,
"Limit": 100
}


27.08.2026 18:43:04	Information:	ret is {"Data":[],"Total":0}
27.08.2026 18:43:04	Information:	System names from registry 732f78f6-9b44-4775-9d86-67c072a8d90a
27.08.2026 18:43:04	Information:	Devices received from MIS
27.08.2026 18:43:04	Information:	{
"DriverManagerID": 150,
"AnalyzerUid": "793a577c-f026-40cc-a999-da33d16b115a"
}


27.08.2026 18:43:04	Information:	Devices for driverManagerID = 150: 
27.08.2026 18:43:04	Information:	{"ID":0,"DriverManagerID":150,"AnalyzerID":38,"Analyzer":null,"AnalyzerDriverManagerID":"793a577c-f026-40cc-a999-da33d16b115a"}
27.08.2026 18:43:04	Information:	Driver Analyzer downloaded 38
27.08.2026 18:43:04	Information:	Read from file DtRKz8xJFVzKxVspL52fq75lMHl6wTvWLHZf7IWvHm6eyXcPJRVsCvfqSGT9HtL2hJnuk66FMOZBSka7qAmYM7feEWI5dbAIM7Sxd4eHnzLlyrB5fSUlLQqWK2aZm0YS8nDxZoYb3Xn6GoXVC7i+WuAr5fgGVfIPEVcJgHPFsJw=
hG+JBY+NDea7C9DRvzYX57C6IMOf4xXPgAU/uAXUJWkE3DKvgjYczbOhBsfsEKwB31B3Ujn67Jcg9xy3IWv2Q7gkngYPE2+zxCUdYKqU1bcn88HOC0zNvcVUUcZH2TqJw4AdzPMAXJE6cOc5wwUaYloLTJSB6y2KnJc3KRniPfc=
vNhUP2hlUChNxkCLPiE+j9STKcnfOp+l/aSp1g8q+tJn8lbFaFkQyCH7Orm4DNgl3Qv35tnIhwgXiSnwQQrCWbwL2kD++sxJ4WFNJ3uGCPqUJJb5rqLK32HxeMoGlqKQl/GW7+LZ9kn4DdJhtDctNVyFbIwTqXmRyDolYHwQs01Vh+Bp8izz4dhGQkLRdE0+jvA3XkgijtZ04e9rlFybI/B+DYBSQBxzCCZV0cwkcW1E9jkagzW6uCvRtx7HOpBLIF2ghT/rb5FRzirbVjNeqZ/JYa4gKLiHKEUE7d17EK57ao0jpd4jbfpbKNDs/MKM

27.08.2026 18:43:04	Information:	After uncode {"Hash":"w9LjvpRCyoByGV3Lzv0iX9dSI0tLK0uV+pRojL1kufc=","Device":{"OrgHealthCareID":45500000000000909,"DriverId":150,"DllName":"LABIO200","WorkPlaceID":20747,"AnalyzerId":38,"MAC":"A8A159732B1B","Path":"C:\\Damu\\DriversManager4\\"}}
27.08.2026 18:43:04	Information:	Factory registered objectORU
27.08.2026 18:43:04	Information:	Factory registered objectACK
27.08.2026 18:43:04	Information:	Factory registered objectQRY
27.08.2026 18:43:04	Information:	Factory registered objectQCK
27.08.2026 18:43:04	Information:	Factory registered objectDSR
27.08.2026 18:43:04	Information:	Factory registered objectQBP
27.08.2026 18:43:04	Information:	Factory registered objectRSP
27.08.2026 18:43:04	Information:	Factory registered objectORM
27.08.2026 18:43:04	Information:	
driver BS-240(SystemName=20747) is created,
WorkMode = OnlySendResults,
 Options = None,
AddressType=BySampleBarcode, Lpu= , Dep = 45500000000000909, Div = , Cab = 

27.08.2026 18:43:04	Information:	
driver BS-240 is started
27.08.2026 18:45:46	Information:	Error in Monitoring. Driver Ping w9LjvpRCyoByGV3Lzv0iX9dSI0tLK0uV+pRojL1kufc=
27.08.2026 18:45:46	Information:	Базовое соединение закрыто: Непредвиденная ошибка при передаче.
27.08.2026 18:48:06	Information:	url https://lab-vko.dmed.kz/ /api/DriverManager/PingDevice
27.08.2026 18:48:06	Information:	{
"Hash": "w9LjvpRCyoByGV3Lzv0iX9dSI0tLK0uV+pRojL1kufc=",
"Status": 0
}


27.08.2026 18:48:06	Information:	Ping ret is {"Status":0,"Comment":null}
27.08.2026 18:50:45	Information:	Error in Monitoring. Driver Ping w9LjvpRCyoByGV3Lzv0iX9dSI0tLK0uV+pRojL1kufc=
27.08.2026 18:50:45	Information:	Базовое соединение закрыто: Непредвиденная ошибка при передаче.
27.08.2026 18:53:24	Information:	Error in Monitoring. Driver Ping w9LjvpRCyoByGV3Lzv0iX9dSI0tLK0uV+pRojL1kufc=
27.08.2026 18:53:24	Information:	Базовое соединение закрыто: Непредвиденная ошибка при передаче.
27.08.2026 18:55:24	Information:	url https://lab-vko.dmed.kz/ /api/DriverManager/PingDevice
27.08.2026 18:55:24	Information:	{
"Hash": "w9LjvpRCyoByGV3Lzv0iX9dSI0tLK0uV+pRojL1kufc=",
"Status": 0
}


27.08.2026 18:55:24	Information:	Ping ret is {"Status":0,"Comment":null}
27.08.2026 18:57:25	Information:	url https://lab-vko.dmed.kz/ /api/DriverManager/PingDevice
27.08.2026 18:57:25	Information:	{
"Hash": "w9LjvpRCyoByGV3Lzv0iX9dSI0tLK0uV+pRojL1kufc=",
"Status": 0
}


27.08.2026 18:57:25	Information:	Ping ret is {"Status":0,"Comment":null}
27.08.2026 18:59:45	Information:	url https://lab-vko.dmed.kz/ /api/DriverManager/PingDevice
27.08.2026 18:59:45	Information:	{
"Hash": "w9LjvpRCyoByGV3Lzv0iX9dSI0tLK0uV+pRojL1kufc=",
"Status": 0
}


27.08.2026 18:59:45	Information:	Ping ret is {"Status":0,"Comment":null}
27.08.2026 19:02:04	Information:	url https://lab-vko.dmed.kz/ /api/DriverManager/PingDevice
27.08.2026 19:02:04	Information:	{
"Hash": "w9LjvpRCyoByGV3Lzv0iX9dSI0tLK0uV+pRojL1kufc=",
"Status": 0
}


27.08.2026 19:02:04	Information:	Ping ret is {"Status":0,"Comment":null}
27.08.2026 19:04:43	Information:	Error in Monitoring. Driver Ping w9LjvpRCyoByGV3Lzv0iX9dSI0tLK0uV+pRojL1kufc=
27.08.2026 19:04:43	Information:	Базовое соединение закрыто: Непредвиденная ошибка при передаче.
27.08.2026 19:06:44	Information:	url https://lab-vko.dmed.kz/ /api/DriverManager/PingDevice
27.08.2026 19:06:44	Information:	{
"Hash": "w9LjvpRCyoByGV3Lzv0iX9dSI0tLK0uV+pRojL1kufc=",
"Status": 0
}


27.08.2026 19:06:44	Information:	Ping ret is {"Status":0,"Comment":null}
27.08.2026 19:08:44	Information:	url https://lab-vko.dmed.kz/ /api/DriverManager/PingDevice
27.08.2026 19:08:44	Information:	{
"Hash": "w9LjvpRCyoByGV3Lzv0iX9dSI0tLK0uV+pRojL1kufc=",
"Status": 0
}


27.08.2026 19:08:44	Information:	Ping ret is {"Status":0,"Comment":null}
27.08.2026 19:11:04	Information:	url https://lab-vko.dmed.kz/ /api/DriverManager/PingDevice
27.08.2026 19:11:04	Information:	{
"Hash": "w9LjvpRCyoByGV3Lzv0iX9dSI0tLK0uV+pRojL1kufc=",
"Status": 0
}


27.08.2026 19:11:04	Information:	Ping ret is {"Status":0,"Comment":null}
27.08.2026 19:13:43	Information:	Error in Monitoring. Driver Ping w9LjvpRCyoByGV3Lzv0iX9dSI0tLK0uV+pRojL1kufc=
27.08.2026 19:13:43	Information:	Базовое соединение закрыто: Непредвиденная ошибка при передаче.
27.08.2026 19:15:43	Information:	url https://lab-vko.dmed.kz/ /api/DriverManager/PingDevice
27.08.2026 19:15:43	Information:	{
"Hash": "w9LjvpRCyoByGV3Lzv0iX9dSI0tLK0uV+pRojL1kufc=",
"Status": 0
}


27.08.2026 19:15:44	Information:	Ping ret is {"Status":0,"Comment":null}
27.08.2026 19:18:03	Information:	url https://lab-vko.dmed.kz/ /api/DriverManager/PingDevice
27.08.2026 19:18:03	Information:	{
"Hash": "w9LjvpRCyoByGV3Lzv0iX9dSI0tLK0uV+pRojL1kufc=",
"Status": 0
}


27.08.2026 19:18:03	Information:	Ping ret is {"Status":0,"Comment":null}
27.08.2026 19:20:23	Information:	url https://lab-vko.dmed.kz/ /api/DriverManager/PingDevice
27.08.2026 19:20:23	Information:	{
"Hash": "w9LjvpRCyoByGV3Lzv0iX9dSI0tLK0uV+pRojL1kufc=",
"Status": 0
}


27.08.2026 19:20:23	Information:	Ping ret is {"Status":0,"Comment":null}
27.08.2026 19:22:23	Information:	url https://lab-vko.dmed.kz/ /api/DriverManager/PingDevice
27.08.2026 19:22:23	Information:	{
"Hash": "w9LjvpRCyoByGV3Lzv0iX9dSI0tLK0uV+pRojL1kufc=",
"Status": 0
}


27.08.2026 19:22:23	Information:	Ping ret is {"Status":0,"Comment":null}
27.08.2026 19:25:02	Information:	Error in Monitoring. Driver Ping w9LjvpRCyoByGV3Lzv0iX9dSI0tLK0uV+pRojL1kufc=
27.08.2026 19:25:02	Information:	Базовое соединение закрыто: Непредвиденная ошибка при передаче.
27.08.2026 19:27:41	Information:	Error in Monitoring. Driver Ping w9LjvpRCyoByGV3Lzv0iX9dSI0tLK0uV+pRojL1kufc=
27.08.2026 19:27:41	Information:	Базовое соединение закрыто: Непредвиденная ошибка при передаче.
27.08.2026 19:30:20	Information:	Error in Monitoring. Driver Ping w9LjvpRCyoByGV3Lzv0iX9dSI0tLK0uV+pRojL1kufc=
27.08.2026 19:30:20	Information:	Базовое соединение закрыто: Непредвиденная ошибка при передаче.
27.08.2026 19:32:20	Information:	url https://lab-vko.dmed.kz/ /api/DriverManager/PingDevice
27.08.2026 19:32:20	Information:	{
"Hash": "w9LjvpRCyoByGV3Lzv0iX9dSI0tLK0uV+pRojL1kufc=",
"Status": 0
}


27.08.2026 19:32:20	Information:	Ping ret is {"Status":0,"Comment":null}
27.08.2026 19:34:40	Information:	url https://lab-vko.dmed.kz/ /api/DriverManager/PingDevice
27.08.2026 19:34:40	Information:	{
"Hash": "w9LjvpRCyoByGV3Lzv0iX9dSI0tLK0uV+pRojL1kufc=",
"Status": 0
}


27.08.2026 19:34:40	Information:	Ping ret is {"Status":0,"Comment":null}
27.08.2026 19:36:41	Information:	url https://lab-vko.dmed.kz/ /api/DriverManager/PingDevice
27.08.2026 19:36:41	Information:	{
"Hash": "w9LjvpRCyoByGV3Lzv0iX9dSI0tLK0uV+pRojL1kufc=",
"Status": 0
}


27.08.2026 19:36:41	Information:	Ping ret is {"Status":0,"Comment":null}
27.08.2026 19:38:41	Information:	url https://lab-vko.dmed.kz/ /api/DriverManager/PingDevice
27.08.2026 19:38:41	Information:	{
"Hash": "w9LjvpRCyoByGV3Lzv0iX9dSI0tLK0uV+pRojL1kufc=",
"Status": 0
}


27.08.2026 19:38:41	Information:	Ping ret is {"Status":0,"Comment":null}
27.08.2026 19:40:42	Information:	url https://lab-vko.dmed.kz/ /api/DriverManager/PingDevice
27.08.2026 19:40:42	Information:	{
"Hash": "w9LjvpRCyoByGV3Lzv0iX9dSI0tLK0uV+pRojL1kufc=",
"Status": 0
}


27.08.2026 19:40:42	Information:	Ping ret is {"Status":0,"Comment":null}
27.08.2026 19:43:21	Information:	Error in Monitoring. Driver Ping w9LjvpRCyoByGV3Lzv0iX9dSI0tLK0uV+pRojL1kufc=
27.08.2026 19:43:21	Information:	Базовое соединение закрыто: Непредвиденная ошибка при передаче.
27.08.2026 19:45:41	Information:	url https://lab-vko.dmed.kz/ /api/DriverManager/PingDevice
27.08.2026 19:45:41	Information:	{
"Hash": "w9LjvpRCyoByGV3Lzv0iX9dSI0tLK0uV+pRojL1kufc=",
"Status": 0
}


27.08.2026 19:45:41	Information:	Ping ret is {"Status":0,"Comment":null}
27.08.2026 19:47:41	Information:	url https://lab-vko.dmed.kz/ /api/DriverManager/PingDevice
27.08.2026 19:47:41	Information:	{
"Hash": "w9LjvpRCyoByGV3Lzv0iX9dSI0tLK0uV+pRojL1kufc=",
"Status": 0
}


27.08.2026 19:47:41	Information:	Ping ret is {"Status":0,"Comment":null}
27.08.2026 19:49:42	Information:	url https://lab-vko.dmed.kz/ /api/DriverManager/PingDevice
27.08.2026 19:49:42	Information:	{
"Hash": "w9LjvpRCyoByGV3Lzv0iX9dSI0tLK0uV+pRojL1kufc=",
"Status": 0
}


27.08.2026 19:49:42	Information:	Ping ret is {"Status":0,"Comment":null}
27.08.2026 19:51:42	Information:	url https://lab-vko.dmed.kz/ /api/DriverManager/PingDevice
27.08.2026 19:51:42	Information:	{
"Hash": "w9LjvpRCyoByGV3Lzv0iX9dSI0tLK0uV+pRojL1kufc=",
"Status": 0
}


27.08.2026 19:51:42	Information:	Ping ret is {"Status":0,"Comment":null}
27.08.2026 19:53:43	Information:	url https://lab-vko.dmed.kz/ /api/DriverManager/PingDevice
27.08.2026 19:53:43	Information:	{
"Hash": "w9LjvpRCyoByGV3Lzv0iX9dSI0tLK0uV+pRojL1kufc=",
"Status": 0
}


27.08.2026 19:53:43	Information:	Ping ret is {"Status":0,"Comment":null}
27.08.2026 19:56:03	Information:	url https://lab-vko.dmed.kz/ /api/DriverManager/PingDevice
27.08.2026 19:56:03	Information:	{
"Hash": "w9LjvpRCyoByGV3Lzv0iX9dSI0tLK0uV+pRojL1kufc=",
"Status": 0
}


27.08.2026 19:56:03	Information:	Ping ret is {"Status":0,"Comment":null}
27.08.2026 19:58:03	Information:	url https://lab-vko.dmed.kz/ /api/DriverManager/PingDevice
27.08.2026 19:58:03	Information:	{
"Hash": "w9LjvpRCyoByGV3Lzv0iX9dSI0tLK0uV+pRojL1kufc=",
"Status": 0
}


27.08.2026 19:58:03	Information:	Ping ret is {"Status":0,"Comment":null}
27.08.2026 20:00:04	Information:	url https://lab-vko.dmed.kz/ /api/DriverManager/PingDevice
27.08.2026 20:00:04	Information:	{
"Hash": "w9LjvpRCyoByGV3Lzv0iX9dSI0tLK0uV+pRojL1kufc=",
"Status": 0
}


27.08.2026 20:00:04	Information:	Ping ret is {"Status":0,"Comment":null}
27.08.2026 20:02:24	Information:	url https://lab-vko.dmed.kz/ /api/DriverManager/PingDevice
27.08.2026 20:02:24	Information:	{
"Hash": "w9LjvpRCyoByGV3Lzv0iX9dSI0tLK0uV+pRojL1kufc=",
"Status": 0
}


27.08.2026 20:02:24	Information:	Ping ret is {"Status":0,"Comment":null}
27.08.2026 20:04:43	Information:	url https://lab-vko.dmed.kz/ /api/DriverManager/PingDevice
27.08.2026 20:04:43	Information:	{
"Hash": "w9LjvpRCyoByGV3Lzv0iX9dSI0tLK0uV+pRojL1kufc=",
"Status": 0
}


27.08.2026 20:04:43	Information:	Ping ret is {"Status":0,"Comment":null}
27.08.2026 20:07:22	Information:	url https://lab-vko.dmed.kz/ /api/DriverManager/PingDevice
27.08.2026 20:07:22	Information:	{
"Hash": "w9LjvpRCyoByGV3Lzv0iX9dSI0tLK0uV+pRojL1kufc=",
"Status": 0
}


27.08.2026 20:07:22	Information:	Ping ret is {"Status":0,"Comment":null}
27.08.2026 20:10:01	Information:	Error in Monitoring. Driver Ping w9LjvpRCyoByGV3Lzv0iX9dSI0tLK0uV+pRojL1kufc=
27.08.2026 20:10:01	Information:	Базовое соединение закрыто: Непредвиденная ошибка при передаче.
27.08.2026 20:12:02	Information:	url https://lab-vko.dmed.kz/ /api/DriverManager/PingDevice
27.08.2026 20:12:02	Information:	{
"Hash": "w9LjvpRCyoByGV3Lzv0iX9dSI0tLK0uV+pRojL1kufc=",
"Status": 0
}


27.08.2026 20:12:02	Information:	Ping ret is {"Status":0,"Comment":null}
27.08.2026 20:14:40	Information:	Error in Monitoring. Driver Ping w9LjvpRCyoByGV3Lzv0iX9dSI0tLK0uV+pRojL1kufc=
27.08.2026 20:14:40	Information:	Базовое соединение закрыто: Непредвиденная ошибка при передаче.
27.08.2026 20:17:19	Information:	Error in Monitoring. Driver Ping w9LjvpRCyoByGV3Lzv0iX9dSI0tLK0uV+pRojL1kufc=
27.08.2026 20:17:19	Information:	Базовое соединение закрыто: Непредвиденная ошибка при передаче.
27.08.2026 20:19:20	Information:	url https://lab-vko.dmed.kz/ /api/DriverManager/PingDevice
27.08.2026 20:19:20	Information:	{
"Hash": "w9LjvpRCyoByGV3Lzv0iX9dSI0tLK0uV+pRojL1kufc=",
"Status": 0
}


27.08.2026 20:19:20	Information:	Ping ret is {"Status":0,"Comment":null}
27.08.2026 20:21:39	Information:	url https://lab-vko.dmed.kz/ /api/DriverManager/PingDevice
27.08.2026 20:21:39	Information:	{
"Hash": "w9LjvpRCyoByGV3Lzv0iX9dSI0tLK0uV+pRojL1kufc=",
"Status": 0
}


27.08.2026 20:21:39	Information:	Ping ret is {"Status":0,"Comment":null}
27.08.2026 20:23:59	Information:	url https://lab-vko.dmed.kz/ /api/DriverManager/PingDevice
27.08.2026 20:23:59	Information:	{
"Hash": "w9LjvpRCyoByGV3Lzv0iX9dSI0tLK0uV+pRojL1kufc=",
"Status": 0
}


27.08.2026 20:23:59	Information:	Ping ret is {"Status":0,"Comment":null}
27.08.2026 20:26:00	Information:	url https://lab-vko.dmed.kz/ /api/DriverManager/PingDevice
27.08.2026 20:26:00	Information:	{
"Hash": "w9LjvpRCyoByGV3Lzv0iX9dSI0tLK0uV+pRojL1kufc=",
"Status": 0
}


27.08.2026 20:26:00	Information:	Ping ret is {"Status":0,"Comment":null}
27.08.2026 20:28:19	Information:	url https://lab-vko.dmed.kz/ /api/DriverManager/PingDevice
27.08.2026 20:28:19	Information:	{
"Hash": "w9LjvpRCyoByGV3Lzv0iX9dSI0tLK0uV+pRojL1kufc=",
"Status": 0
}


27.08.2026 20:28:19	Information:	Ping ret is {"Status":0,"Comment":null}
27.08.2026 20:30:20	Information:	url https://lab-vko.dmed.kz/ /api/DriverManager/PingDevice
27.08.2026 20:30:20	Information:	{
"Hash": "w9LjvpRCyoByGV3Lzv0iX9dSI0tLK0uV+pRojL1kufc=",
"Status": 0
}


27.08.2026 20:30:20	Information:	Ping ret is {"Status":0,"Comment":null}
27.08.2026 20:32:20	Information:	url https://lab-vko.dmed.kz/ /api/DriverManager/PingDevice
27.08.2026 20:32:20	Information:	{
"Hash": "w9LjvpRCyoByGV3Lzv0iX9dSI0tLK0uV+pRojL1kufc=",
"Status": 0
}


27.08.2026 20:32:20	Information:	Ping ret is {"Status":0,"Comment":null}
27.08.2026 20:34:40	Information:	url https://lab-vko.dmed.kz/ /api/DriverManager/PingDevice
27.08.2026 20:34:40	Information:	{
"Hash": "w9LjvpRCyoByGV3Lzv0iX9dSI0tLK0uV+pRojL1kufc=",
"Status": 0
}


27.08.2026 20:34:40	Information:	Ping ret is {"Status":0,"Comment":null}
27.08.2026 20:36:41	Information:	url https://lab-vko.dmed.kz/ /api/DriverManager/PingDevice
27.08.2026 20:36:41	Information:	{
"Hash": "w9LjvpRCyoByGV3Lzv0iX9dSI0tLK0uV+pRojL1kufc=",
"Status": 0
}


27.08.2026 20:36:41	Information:	Ping ret is {"Status":0,"Comment":null}
27.08.2026 20:39:01	Information:	url https://lab-vko.dmed.kz/ /api/DriverManager/PingDevice
27.08.2026 20:39:01	Information:	{
"Hash": "w9LjvpRCyoByGV3Lzv0iX9dSI0tLK0uV+pRojL1kufc=",
"Status": 0
}


27.08.2026 20:39:01	Information:	Ping ret is {"Status":0,"Comment":null}
27.08.2026 20:41:20	Information:	url https://lab-vko.dmed.kz/ /api/DriverManager/PingDevice
27.08.2026 20:41:20	Information:	{
"Hash": "w9LjvpRCyoByGV3Lzv0iX9dSI0tLK0uV+pRojL1kufc=",
"Status": 0
}


27.08.2026 20:41:20	Information:	Ping ret is {"Status":0,"Comment":null}
27.08.2026 20:43:21	Information:	url https://lab-vko.dmed.kz/ /api/DriverManager/PingDevice
27.08.2026 20:43:21	Information:	{
"Hash": "w9LjvpRCyoByGV3Lzv0iX9dSI0tLK0uV+pRojL1kufc=",
"Status": 0
}


27.08.2026 20:43:21	Information:	Ping ret is {"Status":0,"Comment":null}
27.08.2026 20:45:21	Information:	url https://lab-vko.dmed.kz/ /api/DriverManager/PingDevice
27.08.2026 20:45:21	Information:	{
"Hash": "w9LjvpRCyoByGV3Lzv0iX9dSI0tLK0uV+pRojL1kufc=",
"Status": 0
}


27.08.2026 20:45:21	Information:	Ping ret is {"Status":0,"Comment":null}
27.08.2026 20:47:41	Information:	url https://lab-vko.dmed.kz/ /api/DriverManager/PingDevice
27.08.2026 20:47:41	Information:	{
"Hash": "w9LjvpRCyoByGV3Lzv0iX9dSI0tLK0uV+pRojL1kufc=",
"Status": 0
}


27.08.2026 20:47:41	Information:	Ping ret is {"Status":0,"Comment":null}
27.08.2026 20:50:20	Information:	Error in Monitoring. Driver Ping w9LjvpRCyoByGV3Lzv0iX9dSI0tLK0uV+pRojL1kufc=
27.08.2026 20:50:20	Information:	Базовое соединение закрыто: Непредвиденная ошибка при передаче.
27.08.2026 20:52:21	Information:	url https://lab-vko.dmed.kz/ /api/DriverManager/PingDevice
27.08.2026 20:52:21	Information:	{
"Hash": "w9LjvpRCyoByGV3Lzv0iX9dSI0tLK0uV+pRojL1kufc=",
"Status": 0
}


27.08.2026 20:52:21	Information:	Ping ret is {"Status":0,"Comment":null}
27.08.2026 20:54:21	Information:	url https://lab-vko.dmed.kz/ /api/DriverManager/PingDevice
27.08.2026 20:54:21	Information:	{
"Hash": "w9LjvpRCyoByGV3Lzv0iX9dSI0tLK0uV+pRojL1kufc=",
"Status": 0
}


27.08.2026 20:54:21	Information:	Ping ret is {"Status":0,"Comment":null}
27.08.2026 20:57:00	Information:	Error in Monitoring. Driver Ping w9LjvpRCyoByGV3Lzv0iX9dSI0tLK0uV+pRojL1kufc=
27.08.2026 20:57:00	Information:	Базовое соединение закрыто: Непредвиденная ошибка при передаче.
27.08.2026 20:59:01	Information:	url https://lab-vko.dmed.kz/ /api/DriverManager/PingDevice
27.08.2026 20:59:01	Information:	{
"Hash": "w9LjvpRCyoByGV3Lzv0iX9dSI0tLK0uV+pRojL1kufc=",
"Status": 0
}


27.08.2026 20:59:01	Information:	Ping ret is {"Status":0,"Comment":null}
27.08.2026 21:01:20	Information:	url https://lab-vko.dmed.kz/ /api/DriverManager/PingDevice
27.08.2026 21:01:20	Information:	{
"Hash": "w9LjvpRCyoByGV3Lzv0iX9dSI0tLK0uV+pRojL1kufc=",
"Status": 0
}


27.08.2026 21:01:20	Information:	Ping ret is {"Status":0,"Comment":null}
27.08.2026 21:03:21	Information:	url https://lab-vko.dmed.kz/ /api/DriverManager/PingDevice
27.08.2026 21:03:21	Information:	{
"Hash": "w9LjvpRCyoByGV3Lzv0iX9dSI0tLK0uV+pRojL1kufc=",
"Status": 0
}


27.08.2026 21:03:21	Information:	Ping ret is {"Status":0,"Comment":null}
27.08.2026 21:05:21	Information:	url https://lab-vko.dmed.kz/ /api/DriverManager/PingDevice
27.08.2026 21:05:21	Information:	{
"Hash": "w9LjvpRCyoByGV3Lzv0iX9dSI0tLK0uV+pRojL1kufc=",
"Status": 0
}


27.08.2026 21:05:21	Information:	Ping ret is {"Status":0,"Comment":null}
27.08.2026 21:08:00	Information:	Error in Monitoring. Driver Ping w9LjvpRCyoByGV3Lzv0iX9dSI0tLK0uV+pRojL1kufc=
27.08.2026 21:08:00	Information:	Базовое соединение закрыто: Непредвиденная ошибка при передаче.
27.08.2026 21:10:39	Information:	Error in Monitoring. Driver Ping w9LjvpRCyoByGV3Lzv0iX9dSI0tLK0uV+pRojL1kufc=
27.08.2026 21:10:39	Information:	Базовое соединение закрыто: Непредвиденная ошибка при передаче.
27.08.2026 21:12:39	Information:	url https://lab-vko.dmed.kz/ /api/DriverManager/PingDevice
27.08.2026 21:12:39	Information:	{
"Hash": "w9LjvpRCyoByGV3Lzv0iX9dSI0tLK0uV+pRojL1kufc=",
"Status": 0
}


27.08.2026 21:12:39	Information:	Ping ret is {"Status":0,"Comment":null}
27.08.2026 21:14:40	Information:	url https://lab-vko.dmed.kz/ /api/DriverManager/PingDevice
27.08.2026 21:14:40	Information:	{
"Hash": "w9LjvpRCyoByGV3Lzv0iX9dSI0tLK0uV+pRojL1kufc=",
"Status": 0
}


27.08.2026 21:14:40	Information:	Ping ret is {"Status":0,"Comment":null}
27.08.2026 21:17:00	Information:	url https://lab-vko.dmed.kz/ /api/DriverManager/PingDevice
27.08.2026 21:17:00	Information:	{
"Hash": "w9LjvpRCyoByGV3Lzv0iX9dSI0tLK0uV+pRojL1kufc=",
"Status": 0
}


27.08.2026 21:17:00	Information:	Ping ret is {"Status":0,"Comment":null}
27.08.2026 21:19:01	Information:	url https://lab-vko.dmed.kz/ /api/DriverManager/PingDevice
27.08.2026 21:19:01	Information:	{
"Hash": "w9LjvpRCyoByGV3Lzv0iX9dSI0tLK0uV+pRojL1kufc=",
"Status": 0
}


27.08.2026 21:19:01	Information:	Ping ret is {"Status":0,"Comment":null}
27.08.2026 21:21:40	Information:	Error in Monitoring. Driver Ping w9LjvpRCyoByGV3Lzv0iX9dSI0tLK0uV+pRojL1kufc=
27.08.2026 21:21:40	Information:	Базовое соединение закрыто: Непредвиденная ошибка при передаче.
27.08.2026 21:23:59	Information:	url https://lab-vko.dmed.kz/ /api/DriverManager/PingDevice
27.08.2026 21:23:59	Information:	{
"Hash": "w9LjvpRCyoByGV3Lzv0iX9dSI0tLK0uV+pRojL1kufc=",
"Status": 0
}


27.08.2026 21:23:59	Information:	Ping ret is {"Status":0,"Comment":null}
27.08.2026 21:26:00	Information:	url https://lab-vko.dmed.kz/ /api/DriverManager/PingDevice
27.08.2026 21:26:00	Information:	{
"Hash": "w9LjvpRCyoByGV3Lzv0iX9dSI0tLK0uV+pRojL1kufc=",
"Status": 0
}


27.08.2026 21:26:00	Information:	Ping ret is {"Status":0,"Comment":null}
27.08.2026 21:28:00	Information:	url https://lab-vko.dmed.kz/ /api/DriverManager/PingDevice
27.08.2026 21:28:00	Information:	{
"Hash": "w9LjvpRCyoByGV3Lzv0iX9dSI0tLK0uV+pRojL1kufc=",
"Status": 0
}


27.08.2026 21:28:00	Information:	Ping ret is {"Status":0,"Comment":null}
27.08.2026 21:30:20	Information:	url https://lab-vko.dmed.kz/ /api/DriverManager/PingDevice
27.08.2026 21:30:20	Information:	{
"Hash": "w9LjvpRCyoByGV3Lzv0iX9dSI0tLK0uV+pRojL1kufc=",
"Status": 0
}


27.08.2026 21:30:20	Information:	Ping ret is {"Status":0,"Comment":null}
27.08.2026 21:32:40	Information:	url https://lab-vko.dmed.kz/ /api/DriverManager/PingDevice
27.08.2026 21:32:40	Information:	{
"Hash": "w9LjvpRCyoByGV3Lzv0iX9dSI0tLK0uV+pRojL1kufc=",
"Status": 0
}


27.08.2026 21:32:40	Information:	Ping ret is {"Status":0,"Comment":null}
27.08.2026 21:34:41	Information:	url https://lab-vko.dmed.kz/ /api/DriverManager/PingDevice
27.08.2026 21:34:41	Information:	{
"Hash": "w9LjvpRCyoByGV3Lzv0iX9dSI0tLK0uV+pRojL1kufc=",
"Status": 0
}


27.08.2026 21:34:41	Information:	Ping ret is {"Status":0,"Comment":null}
27.08.2026 21:37:20	Information:	Error in Monitoring. Driver Ping w9LjvpRCyoByGV3Lzv0iX9dSI0tLK0uV+pRojL1kufc=
27.08.2026 21:37:20	Information:	Базовое соединение закрыто: Непредвиденная ошибка при передаче.
27.08.2026 21:39:20	Information:	url https://lab-vko.dmed.kz/ /api/DriverManager/PingDevice
27.08.2026 21:39:20	Information:	{
"Hash": "w9LjvpRCyoByGV3Lzv0iX9dSI0tLK0uV+pRojL1kufc=",
"Status": 0
}


27.08.2026 21:39:20	Information:	Ping ret is {"Status":0,"Comment":null}
27.08.2026 21:41:59	Information:	Error in Monitoring. Driver Ping w9LjvpRCyoByGV3Lzv0iX9dSI0tLK0uV+pRojL1kufc=
27.08.2026 21:41:59	Information:	Базовое соединение закрыто: Непредвиденная ошибка при передаче.
27.08.2026 21:44:00	Information:	url https://lab-vko.dmed.kz/ /api/DriverManager/PingDevice
27.08.2026 21:44:00	Information:	{
"Hash": "w9LjvpRCyoByGV3Lzv0iX9dSI0tLK0uV+pRojL1kufc=",
"Status": 0
}


27.08.2026 21:44:00	Information:	Ping ret is {"Status":0,"Comment":null}
27.08.2026 21:46:39	Information:	url https://lab-vko.dmed.kz/ /api/DriverManager/PingDevice
27.08.2026 21:46:39	Information:	{
"Hash": "w9LjvpRCyoByGV3Lzv0iX9dSI0tLK0uV+pRojL1kufc=",
"Status": 0
}


27.08.2026 21:46:39	Information:	Ping ret is {"Status":0,"Comment":null}
27.08.2026 21:48:59	Information:	url https://lab-vko.dmed.kz/ /api/DriverManager/PingDevice
27.08.2026 21:48:59	Information:	{
"Hash": "w9LjvpRCyoByGV3Lzv0iX9dSI0tLK0uV+pRojL1kufc=",
"Status": 0
}


27.08.2026 21:48:59	Information:	Ping ret is {"Status":0,"Comment":null}
27.08.2026 21:50:59	Information:	url https://lab-vko.dmed.kz/ /api/DriverManager/PingDevice
27.08.2026 21:50:59	Information:	{
"Hash": "w9LjvpRCyoByGV3Lzv0iX9dSI0tLK0uV+pRojL1kufc=",
"Status": 0
}


27.08.2026 21:50:59	Information:	Ping ret is {"Status":0,"Comment":null}
27.08.2026 21:53:38	Information:	Error in Monitoring. Driver Ping w9LjvpRCyoByGV3Lzv0iX9dSI0tLK0uV+pRojL1kufc=
27.08.2026 21:53:38	Information:	Базовое соединение закрыто: Непредвиденная ошибка при передаче.
27.08.2026 21:55:58	Information:	url https://lab-vko.dmed.kz/ /api/DriverManager/PingDevice
27.08.2026 21:55:58	Information:	{
"Hash": "w9LjvpRCyoByGV3Lzv0iX9dSI0tLK0uV+pRojL1kufc=",
"Status": 0
}


27.08.2026 21:55:58	Information:	Ping ret is {"Status":0,"Comment":null}
27.08.2026 21:58:37	Information:	Error in Monitoring. Driver Ping w9LjvpRCyoByGV3Lzv0iX9dSI0tLK0uV+pRojL1kufc=
27.08.2026 21:58:37	Information:	Базовое соединение закрыто: Непредвиденная ошибка при передаче.
27.08.2026 22:01:15	Information:	Error in Monitoring. Driver Ping w9LjvpRCyoByGV3Lzv0iX9dSI0tLK0uV+pRojL1kufc=
27.08.2026 22:01:15	Information:	Базовое соединение закрыто: Непредвиденная ошибка при передаче.
27.08.2026 22:03:35	Information:	url https://lab-vko.dmed.kz/ /api/DriverManager/PingDevice
27.08.2026 22:03:35	Information:	{
"Hash": "w9LjvpRCyoByGV3Lzv0iX9dSI0tLK0uV+pRojL1kufc=",
"Status": 0
}


27.08.2026 22:03:35	Information:	Ping ret is {"Status":0,"Comment":null}
27.08.2026 22:05:55	Information:	url https://lab-vko.dmed.kz/ /api/DriverManager/PingDevice
27.08.2026 22:05:55	Information:	{
"Hash": "w9LjvpRCyoByGV3Lzv0iX9dSI0tLK0uV+pRojL1kufc=",
"Status": 0
}


27.08.2026 22:05:55	Information:	Ping ret is {"Status":0,"Comment":null}
27.08.2026 22:08:34	Information:	Error in Monitoring. Driver Ping w9LjvpRCyoByGV3Lzv0iX9dSI0tLK0uV+pRojL1kufc=
27.08.2026 22:08:34	Information:	Базовое соединение закрыто: Непредвиденная ошибка при передаче.
27.08.2026 22:10:35	Information:	url https://lab-vko.dmed.kz/ /api/DriverManager/PingDevice
27.08.2026 22:10:35	Information:	{
"Hash": "w9LjvpRCyoByGV3Lzv0iX9dSI0tLK0uV+pRojL1kufc=",
"Status": 0
}


27.08.2026 22:10:35	Information:	Ping ret is {"Status":0,"Comment":null}
27.08.2026 22:12:35	Information:	url https://lab-vko.dmed.kz/ /api/DriverManager/PingDevice
27.08.2026 22:12:35	Information:	{
"Hash": "w9LjvpRCyoByGV3Lzv0iX9dSI0tLK0uV+pRojL1kufc=",
"Status": 0
}


27.08.2026 22:12:35	Information:	Ping ret is {"Status":0,"Comment":null}
27.08.2026 22:15:14	Information:	Error in Monitoring. Driver Ping w9LjvpRCyoByGV3Lzv0iX9dSI0tLK0uV+pRojL1kufc=
27.08.2026 22:15:14	Information:	Базовое соединение закрыто: Непредвиденная ошибка при передаче.
27.08.2026 22:17:53	Information:	Error in Monitoring. Driver Ping w9LjvpRCyoByGV3Lzv0iX9dSI0tLK0uV+pRojL1kufc=
27.08.2026 22:17:53	Information:	Базовое соединение закрыто: Непредвиденная ошибка при передаче.
27.08.2026 22:20:51	Information:	Error in Monitoring. Driver Ping w9LjvpRCyoByGV3Lzv0iX9dSI0tLK0uV+pRojL1kufc=
27.08.2026 22:20:51	Information:	Базовое соединение закрыто: Непредвиденная ошибка при передаче.
27.08.2026 22:23:11	Information:	url https://lab-vko.dmed.kz/ /api/DriverManager/PingDevice
27.08.2026 22:23:11	Information:	{
"Hash": "w9LjvpRCyoByGV3Lzv0iX9dSI0tLK0uV+pRojL1kufc=",
"Status": 0
}


27.08.2026 22:23:11	Information:	Ping ret is {"Status":0,"Comment":null}
27.08.2026 22:25:50	Information:	Error in Monitoring. Driver Ping w9LjvpRCyoByGV3Lzv0iX9dSI0tLK0uV+pRojL1kufc=
27.08.2026 22:25:50	Information:	Базовое соединение закрыто: Непредвиденная ошибка при передаче.
27.08.2026 22:27:52	Information:	url https://lab-vko.dmed.kz/ /api/DriverManager/PingDevice
27.08.2026 22:27:52	Information:	{
"Hash": "w9LjvpRCyoByGV3Lzv0iX9dSI0tLK0uV+pRojL1kufc=",
"Status": 0
}


27.08.2026 22:27:52	Information:	Ping ret is {"Status":0,"Comment":null}
27.08.2026 22:30:31	Information:	Error in Monitoring. Driver Ping w9LjvpRCyoByGV3Lzv0iX9dSI0tLK0uV+pRojL1kufc=
27.08.2026 22:30:31	Information:	Базовое соединение закрыто: Непредвиденная ошибка при передаче.
27.08.2026 22:32:31	Information:	url https://lab-vko.dmed.kz/ /api/DriverManager/PingDevice
27.08.2026 22:32:31	Information:	{
"Hash": "w9LjvpRCyoByGV3Lzv0iX9dSI0tLK0uV+pRojL1kufc=",
"Status": 0
}


27.08.2026 22:32:31	Information:	Ping ret is {"Status":0,"Comment":null}
27.08.2026 22:34:31	Information:	url https://lab-vko.dmed.kz/ /api/DriverManager/PingDevice
27.08.2026 22:34:31	Information:	{
"Hash": "w9LjvpRCyoByGV3Lzv0iX9dSI0tLK0uV+pRojL1kufc=",
"Status": 0
}


27.08.2026 22:34:31	Information:	Ping ret is {"Status":0,"Comment":null}
27.08.2026 22:37:11	Information:	Error in Monitoring. Driver Ping w9LjvpRCyoByGV3Lzv0iX9dSI0tLK0uV+pRojL1kufc=
27.08.2026 22:37:11	Information:	Базовое соединение закрыто: Непредвиденная ошибка при передаче.
27.08.2026 22:39:11	Information:	url https://lab-vko.dmed.kz/ /api/DriverManager/PingDevice
27.08.2026 22:39:11	Information:	{
"Hash": "w9LjvpRCyoByGV3Lzv0iX9dSI0tLK0uV+pRojL1kufc=",
"Status": 0
}


27.08.2026 22:39:11	Information:	Ping ret is {"Status":0,"Comment":null}
27.08.2026 22:41:12	Information:	url https://lab-vko.dmed.kz/ /api/DriverManager/PingDevice
27.08.2026 22:41:12	Information:	{
"Hash": "w9LjvpRCyoByGV3Lzv0iX9dSI0tLK0uV+pRojL1kufc=",
"Status": 0
}


27.08.2026 22:41:12	Information:	Ping ret is {"Status":0,"Comment":null}
27.08.2026 22:43:51	Information:	Error in Monitoring. Driver Ping w9LjvpRCyoByGV3Lzv0iX9dSI0tLK0uV+pRojL1kufc=
27.08.2026 22:43:51	Information:	Базовое соединение закрыто: Непредвиденная ошибка при передаче.
27.08.2026 22:46:29	Information:	Error in Monitoring. Driver Ping w9LjvpRCyoByGV3Lzv0iX9dSI0tLK0uV+pRojL1kufc=
27.08.2026 22:46:29	Information:	Базовое соединение закрыто: Непредвиденная ошибка при передаче.
27.08.2026 22:48:49	Information:	url https://lab-vko.dmed.kz/ /api/DriverManager/PingDevice
27.08.2026 22:48:49	Information:	{
"Hash": "w9LjvpRCyoByGV3Lzv0iX9dSI0tLK0uV+pRojL1kufc=",
"Status": 0
}


27.08.2026 22:48:49	Information:	Ping ret is {"Status":0,"Comment":null}
27.08.2026 22:51:09	Information:	url https://lab-vko.dmed.kz/ /api/DriverManager/PingDevice
27.08.2026 22:51:09	Information:	{
"Hash": "w9LjvpRCyoByGV3Lzv0iX9dSI0tLK0uV+pRojL1kufc=",
"Status": 0
}


27.08.2026 22:51:09	Information:	Ping ret is {"Status":0,"Comment":null}
27.08.2026 22:53:09	Information:	url https://lab-vko.dmed.kz/ /api/DriverManager/PingDevice
27.08.2026 22:53:09	Information:	{
"Hash": "w9LjvpRCyoByGV3Lzv0iX9dSI0tLK0uV+pRojL1kufc=",
"Status": 0
}


27.08.2026 22:53:09	Information:	Ping ret is {"Status":0,"Comment":null}
27.08.2026 22:55:10	Information:	url https://lab-vko.dmed.kz/ /api/DriverManager/PingDevice
27.08.2026 22:55:10	Information:	{
"Hash": "w9LjvpRCyoByGV3Lzv0iX9dSI0tLK0uV+pRojL1kufc=",
"Status": 0
}


27.08.2026 22:55:10	Information:	Ping ret is {"Status":0,"Comment":null}
27.08.2026 22:57:11	Information:	url https://lab-vko.dmed.kz/ /api/DriverManager/PingDevice
27.08.2026 22:57:11	Information:	{
"Hash": "w9LjvpRCyoByGV3Lzv0iX9dSI0tLK0uV+pRojL1kufc=",
"Status": 0
}


27.08.2026 22:57:11	Information:	Ping ret is {"Status":0,"Comment":null}
27.08.2026 22:59:30	Information:	url https://lab-vko.dmed.kz/ /api/DriverManager/PingDevice
27.08.2026 22:59:30	Information:	{
"Hash": "w9LjvpRCyoByGV3Lzv0iX9dSI0tLK0uV+pRojL1kufc=",
"Status": 0
}


27.08.2026 22:59:30	Information:	Ping ret is {"Status":0,"Comment":null}
27.08.2026 23:02:09	Information:	Error in Monitoring. Driver Ping w9LjvpRCyoByGV3Lzv0iX9dSI0tLK0uV+pRojL1kufc=
27.08.2026 23:02:09	Information:	Базовое соединение закрыто: Непредвиденная ошибка при передаче.
27.08.2026 23:04:10	Information:	url https://lab-vko.dmed.kz/ /api/DriverManager/PingDevice
27.08.2026 23:04:10	Information:	{
"Hash": "w9LjvpRCyoByGV3Lzv0iX9dSI0tLK0uV+pRojL1kufc=",
"Status": 0
}


27.08.2026 23:04:10	Information:	Ping ret is {"Status":0,"Comment":null}
27.08.2026 23:06:49	Information:	Error in Monitoring. Driver Ping w9LjvpRCyoByGV3Lzv0iX9dSI0tLK0uV+pRojL1kufc=
27.08.2026 23:06:49	Information:	Базовое соединение закрыто: Непредвиденная ошибка при передаче.
27.08.2026 23:08:49	Information:	url https://lab-vko.dmed.kz/ /api/DriverManager/PingDevice
27.08.2026 23:08:49	Information:	{
"Hash": "w9LjvpRCyoByGV3Lzv0iX9dSI0tLK0uV+pRojL1kufc=",
"Status": 0
}


27.08.2026 23:08:49	Information:	Ping ret is {"Status":0,"Comment":null}
27.08.2026 23:11:28	Information:	Error in Monitoring. Driver Ping w9LjvpRCyoByGV3Lzv0iX9dSI0tLK0uV+pRojL1kufc=
27.08.2026 23:11:28	Information:	Базовое соединение закрыто: Непредвиденная ошибка при передаче.
27.08.2026 23:13:29	Information:	url https://lab-vko.dmed.kz/ /api/DriverManager/PingDevice
27.08.2026 23:13:29	Information:	{
"Hash": "w9LjvpRCyoByGV3Lzv0iX9dSI0tLK0uV+pRojL1kufc=",
"Status": 0
}


27.08.2026 23:13:29	Information:	Ping ret is {"Status":0,"Comment":null}
27.08.2026 23:16:27	Information:	Error in Monitoring. Driver Ping w9LjvpRCyoByGV3Lzv0iX9dSI0tLK0uV+pRojL1kufc=
27.08.2026 23:16:27	Information:	Базовое соединение закрыто: Непредвиденная ошибка при передаче.
27.08.2026 23:18:27	Information:	url https://lab-vko.dmed.kz/ /api/DriverManager/PingDevice
27.08.2026 23:18:27	Information:	{
"Hash": "w9LjvpRCyoByGV3Lzv0iX9dSI0tLK0uV+pRojL1kufc=",
"Status": 0
}


27.08.2026 23:18:27	Information:	Ping ret is {"Status":0,"Comment":null}
27.08.2026 23:20:28	Information:	url https://lab-vko.dmed.kz/ /api/DriverManager/PingDevice
27.08.2026 23:20:28	Information:	{
"Hash": "w9LjvpRCyoByGV3Lzv0iX9dSI0tLK0uV+pRojL1kufc=",
"Status": 0
}


27.08.2026 23:20:28	Information:	Ping ret is {"Status":0,"Comment":null}
27.08.2026 23:22:48	Information:	url https://lab-vko.dmed.kz/ /api/DriverManager/PingDevice
27.08.2026 23:22:48	Information:	{
"Hash": "w9LjvpRCyoByGV3Lzv0iX9dSI0tLK0uV+pRojL1kufc=",
"Status": 0
}


27.08.2026 23:22:48	Information:	Ping ret is {"Status":0,"Comment":null}
27.08.2026 23:24:48	Information:	url https://lab-vko.dmed.kz/ /api/DriverManager/PingDevice
27.08.2026 23:24:48	Information:	{
"Hash": "w9LjvpRCyoByGV3Lzv0iX9dSI0tLK0uV+pRojL1kufc=",
"Status": 0
}


27.08.2026 23:24:48	Information:	Ping ret is {"Status":0,"Comment":null}
27.08.2026 23:26:49	Information:	url https://lab-vko.dmed.kz/ /api/DriverManager/PingDevice
27.08.2026 23:26:49	Information:	{
"Hash": "w9LjvpRCyoByGV3Lzv0iX9dSI0tLK0uV+pRojL1kufc=",
"Status": 0
}


27.08.2026 23:26:49	Information:	Ping ret is {"Status":0,"Comment":null}
27.08.2026 23:28:49	Information:	url https://lab-vko.dmed.kz/ /api/DriverManager/PingDevice
27.08.2026 23:28:49	Information:	{
"Hash": "w9LjvpRCyoByGV3Lzv0iX9dSI0tLK0uV+pRojL1kufc=",
"Status": 0
}


27.08.2026 23:28:49	Information:	Ping ret is {"Status":0,"Comment":null}
27.08.2026 23:31:28	Information:	Error in Monitoring. Driver Ping w9LjvpRCyoByGV3Lzv0iX9dSI0tLK0uV+pRojL1kufc=
27.08.2026 23:31:28	Information:	Базовое соединение закрыто: Непредвиденная ошибка при передаче.
27.08.2026 23:33:28	Information:	url https://lab-vko.dmed.kz/ /api/DriverManager/PingDevice
27.08.2026 23:33:28	Information:	{
"Hash": "w9LjvpRCyoByGV3Lzv0iX9dSI0tLK0uV+pRojL1kufc=",
"Status": 0
}


27.08.2026 23:33:28	Information:	Ping ret is {"Status":0,"Comment":null}
27.08.2026 23:36:07	Information:	Error in Monitoring. Driver Ping w9LjvpRCyoByGV3Lzv0iX9dSI0tLK0uV+pRojL1kufc=
27.08.2026 23:36:07	Information:	Базовое соединение закрыто: Непредвиденная ошибка при передаче.
27.08.2026 23:38:46	Information:	Error in Monitoring. Driver Ping w9LjvpRCyoByGV3Lzv0iX9dSI0tLK0uV+pRojL1kufc=
27.08.2026 23:38:46	Information:	Базовое соединение закрыто: Непредвиденная ошибка при передаче.
27.08.2026 23:41:25	Information:	Error in Monitoring. Driver Ping w9LjvpRCyoByGV3Lzv0iX9dSI0tLK0uV+pRojL1kufc=
27.08.2026 23:41:25	Information:	Базовое соединение закрыто: Непредвиденная ошибка при передаче.
27.08.2026 23:43:26	Information:	url https://lab-vko.dmed.kz/ /api/DriverManager/PingDevice
27.08.2026 23:43:26	Information:	{
"Hash": "w9LjvpRCyoByGV3Lzv0iX9dSI0tLK0uV+pRojL1kufc=",
"Status": 0
}


27.08.2026 23:43:26	Information:	Ping ret is {"Status":0,"Comment":null}
27.08.2026 23:46:05	Information:	Error in Monitoring. Driver Ping w9LjvpRCyoByGV3Lzv0iX9dSI0tLK0uV+pRojL1kufc=
27.08.2026 23:46:05	Information:	Базовое соединение закрыто: Непредвиденная ошибка при передаче.
27.08.2026 23:48:44	Information:	Error in Monitoring. Driver Ping w9LjvpRCyoByGV3Lzv0iX9dSI0tLK0uV+pRojL1kufc=
27.08.2026 23:48:44	Information:	Базовое соединение закрыто: Непредвиденная ошибка при передаче.
27.08.2026 23:51:23	Information:	Error in Monitoring. Driver Ping w9LjvpRCyoByGV3Lzv0iX9dSI0tLK0uV+pRojL1kufc=
27.08.2026 23:51:23	Information:	Базовое соединение закрыто: Непредвиденная ошибка при передаче.
27.08.2026 23:53:42	Information:	url https://lab-vko.dmed.kz/ /api/DriverManager/PingDevice
27.08.2026 23:53:42	Information:	{
"Hash": "w9LjvpRCyoByGV3Lzv0iX9dSI0tLK0uV+pRojL1kufc=",
"Status": 0
}


27.08.2026 23:53:42	Information:	Ping ret is {"Status":0,"Comment":null}
27.08.2026 23:55:43	Information:	url https://lab-vko.dmed.kz/ /api/DriverManager/PingDevice
27.08.2026 23:55:43	Information:	{
"Hash": "w9LjvpRCyoByGV3Lzv0iX9dSI0tLK0uV+pRojL1kufc=",
"Status": 0
}


27.08.2026 23:55:43	Information:	Ping ret is {"Status":0,"Comment":null}
27.08.2026 23:58:03	Information:	url https://lab-vko.dmed.kz/ /api/DriverManager/PingDevice
27.08.2026 23:58:03	Information:	{
"Hash": "w9LjvpRCyoByGV3Lzv0iX9dSI0tLK0uV+pRojL1kufc=",
"Status": 0
}


27.08.2026 23:58:03	Information:	Ping ret is {"Status":0,"Comment":null}
28.08.2026 0:00:41	Information:	Error in Monitoring. Driver Ping w9LjvpRCyoByGV3Lzv0iX9dSI0tLK0uV+pRojL1kufc=
28.08.2026 0:00:41	Information:	Базовое соединение закрыто: Непредвиденная ошибка при передаче.
28.08.2026 0:03:20	Information:	Error in Monitoring. Driver Ping w9LjvpRCyoByGV3Lzv0iX9dSI0tLK0uV+pRojL1kufc=
28.08.2026 0:03:20	Information:	Базовое соединение закрыто: Непредвиденная ошибка при передаче.
28.08.2026 0:05:21	Information:	url https://lab-vko.dmed.kz/ /api/DriverManager/PingDevice
28.08.2026 0:05:21	Information:	{
"Hash": "w9LjvpRCyoByGV3Lzv0iX9dSI0tLK0uV+pRojL1kufc=",
"Status": 0
}


28.08.2026 0:05:21	Information:	Ping ret is {"Status":0,"Comment":null}
28.08.2026 0:07:22	Information:	url https://lab-vko.dmed.kz/ /api/DriverManager/PingDevice
28.08.2026 0:07:22	Information:	{
"Hash": "w9LjvpRCyoByGV3Lzv0iX9dSI0tLK0uV+pRojL1kufc=",
"Status": 0
}


28.08.2026 0:07:22	Information:	Ping ret is {"Status":0,"Comment":null}
28.08.2026 0:09:41	Information:	url https://lab-vko.dmed.kz/ /api/DriverManager/PingDevice
28.08.2026 0:09:41	Information:	{
"Hash": "w9LjvpRCyoByGV3Lzv0iX9dSI0tLK0uV+pRojL1kufc=",
"Status": 0
}


28.08.2026 0:09:41	Information:	Ping ret is {"Status":0,"Comment":null}
28.08.2026 0:12:20	Information:	Error in Monitoring. Driver Ping w9LjvpRCyoByGV3Lzv0iX9dSI0tLK0uV+pRojL1kufc=
28.08.2026 0:12:20	Information:	Базовое соединение закрыто: Непредвиденная ошибка при передаче.
28.08.2026 0:14:21	Information:	url https://lab-vko.dmed.kz/ /api/DriverManager/PingDevice
28.08.2026 0:14:21	Information:	{
"Hash": "w9LjvpRCyoByGV3Lzv0iX9dSI0tLK0uV+pRojL1kufc=",
"Status": 0
}


28.08.2026 0:14:21	Information:	Ping ret is {"Status":0,"Comment":null}
28.08.2026 0:16:40	Information:	url https://lab-vko.dmed.kz/ /api/DriverManager/PingDevice
28.08.2026 0:16:40	Information:	{
"Hash": "w9LjvpRCyoByGV3Lzv0iX9dSI0tLK0uV+pRojL1kufc=",
"Status": 0
}


28.08.2026 0:16:40	Information:	Ping ret is {"Status":0,"Comment":null}
28.08.2026 0:18:41	Information:	url https://lab-vko.dmed.kz/ /api/DriverManager/PingDevice
28.08.2026 0:18:41	Information:	{
"Hash": "w9LjvpRCyoByGV3Lzv0iX9dSI0tLK0uV+pRojL1kufc=",
"Status": 0
}


28.08.2026 0:18:41	Information:	Ping ret is {"Status":0,"Comment":null}
28.08.2026 0:20:41	Information:	url https://lab-vko.dmed.kz/ /api/DriverManager/PingDevice
28.08.2026 0:20:41	Information:	{
"Hash": "w9LjvpRCyoByGV3Lzv0iX9dSI0tLK0uV+pRojL1kufc=",
"Status": 0
}


28.08.2026 0:20:41	Information:	Ping ret is {"Status":0,"Comment":null}
28.08.2026 0:23:01	Information:	url https://lab-vko.dmed.kz/ /api/DriverManager/PingDevice
28.08.2026 0:23:01	Information:	{
"Hash": "w9LjvpRCyoByGV3Lzv0iX9dSI0tLK0uV+pRojL1kufc=",
"Status": 0
}


28.08.2026 0:23:01	Information:	Ping ret is {"Status":0,"Comment":null}
28.08.2026 0:25:02	Information:	url https://lab-vko.dmed.kz/ /api/DriverManager/PingDevice
28.08.2026 0:25:02	Information:	{
"Hash": "w9LjvpRCyoByGV3Lzv0iX9dSI0tLK0uV+pRojL1kufc=",
"Status": 0
}


28.08.2026 0:25:02	Information:	Ping ret is {"Status":0,"Comment":null}
28.08.2026 0:27:41	Information:	Error in Monitoring. Driver Ping w9LjvpRCyoByGV3Lzv0iX9dSI0tLK0uV+pRojL1kufc=
28.08.2026 0:27:41	Information:	Базовое соединение закрыто: Непредвиденная ошибка при передаче.
28.08.2026 0:30:00	Information:	url https://lab-vko.dmed.kz/ /api/DriverManager/PingDevice
28.08.2026 0:30:00	Information:	{
"Hash": "w9LjvpRCyoByGV3Lzv0iX9dSI0tLK0uV+pRojL1kufc=",
"Status": 0
}


28.08.2026 0:30:00	Information:	Ping ret is {"Status":0,"Comment":null}
28.08.2026 0:32:01	Information:	url https://lab-vko.dmed.kz/ /api/DriverManager/PingDevice
28.08.2026 0:32:01	Information:	{
"Hash": "w9LjvpRCyoByGV3Lzv0iX9dSI0tLK0uV+pRojL1kufc=",
"Status": 0
}


28.08.2026 0:32:01	Information:	Ping ret is {"Status":0,"Comment":null}
28.08.2026 0:34:39	Information:	Error in Monitoring. Driver Ping w9LjvpRCyoByGV3Lzv0iX9dSI0tLK0uV+pRojL1kufc=
28.08.2026 0:34:39	Information:	Базовое соединение закрыто: Непредвиденная ошибка при передаче.
28.08.2026 0:36:40	Information:	url https://lab-vko.dmed.kz/ /api/DriverManager/PingDevice
28.08.2026 0:36:40	Information:	{
"Hash": "w9LjvpRCyoByGV3Lzv0iX9dSI0tLK0uV+pRojL1kufc=",
"Status": 0
}


28.08.2026 0:36:40	Information:	Ping ret is {"Status":0,"Comment":null}
28.08.2026 0:38:40	Information:	url https://lab-vko.dmed.kz/ /api/DriverManager/PingDevice
28.08.2026 0:38:40	Information:	{
"Hash": "w9LjvpRCyoByGV3Lzv0iX9dSI0tLK0uV+pRojL1kufc=",
"Status": 0
}


28.08.2026 0:38:40	Information:	Ping ret is {"Status":0,"Comment":null}
28.08.2026 0:40:41	Information:	url https://lab-vko.dmed.kz/ /api/DriverManager/PingDevice
28.08.2026 0:40:41	Information:	{
"Hash": "w9LjvpRCyoByGV3Lzv0iX9dSI0tLK0uV+pRojL1kufc=",
"Status": 0
}


28.08.2026 0:40:41	Information:	Ping ret is {"Status":0,"Comment":null}
28.08.2026 0:43:01	Information:	url https://lab-vko.dmed.kz/ /api/DriverManager/PingDevice
28.08.2026 0:43:01	Information:	{
"Hash": "w9LjvpRCyoByGV3Lzv0iX9dSI0tLK0uV+pRojL1kufc=",
"Status": 0
}


28.08.2026 0:43:01	Information:	Ping ret is {"Status":0,"Comment":null}
28.08.2026 0:45:01	Information:	url https://lab-vko.dmed.kz/ /api/DriverManager/PingDevice
28.08.2026 0:45:01	Information:	{
"Hash": "w9LjvpRCyoByGV3Lzv0iX9dSI0tLK0uV+pRojL1kufc=",
"Status": 0
}


28.08.2026 0:45:01	Information:	Ping ret is {"Status":0,"Comment":null}
28.08.2026 0:47:21	Information:	url https://lab-vko.dmed.kz/ /api/DriverManager/PingDevice
28.08.2026 0:47:21	Information:	{
"Hash": "w9LjvpRCyoByGV3Lzv0iX9dSI0tLK0uV+pRojL1kufc=",
"Status": 0
}


28.08.2026 0:47:21	Information:	Ping ret is {"Status":0,"Comment":null}
28.08.2026 0:49:21	Information:	url https://lab-vko.dmed.kz/ /api/DriverManager/PingDevice
28.08.2026 0:49:21	Information:	{
"Hash": "w9LjvpRCyoByGV3Lzv0iX9dSI0tLK0uV+pRojL1kufc=",
"Status": 0
}


28.08.2026 0:49:21	Information:	Ping ret is {"Status":0,"Comment":null}
28.08.2026 0:51:41	Information:	url https://lab-vko.dmed.kz/ /api/DriverManager/PingDevice
28.08.2026 0:51:41	Information:	{
"Hash": "w9LjvpRCyoByGV3Lzv0iX9dSI0tLK0uV+pRojL1kufc=",
"Status": 0
}


28.08.2026 0:51:41	Information:	Ping ret is {"Status":0,"Comment":null}
28.08.2026 0:53:42	Information:	url https://lab-vko.dmed.kz/ /api/DriverManager/PingDevice
28.08.2026 0:53:42	Information:	{
"Hash": "w9LjvpRCyoByGV3Lzv0iX9dSI0tLK0uV+pRojL1kufc=",
"Status": 0
}


28.08.2026 0:53:42	Information:	Ping ret is {"Status":0,"Comment":null}
28.08.2026 0:56:01	Information:	url https://lab-vko.dmed.kz/ /api/DriverManager/PingDevice
28.08.2026 0:56:01	Information:	{
"Hash": "w9LjvpRCyoByGV3Lzv0iX9dSI0tLK0uV+pRojL1kufc=",
"Status": 0
}


28.08.2026 0:56:01	Information:	Ping ret is {"Status":0,"Comment":null}
28.08.2026 0:58:02	Information:	url https://lab-vko.dmed.kz/ /api/DriverManager/PingDevice
28.08.2026 0:58:02	Information:	{
"Hash": "w9LjvpRCyoByGV3Lzv0iX9dSI0tLK0uV+pRojL1kufc=",
"Status": 0
}


28.08.2026 0:58:02	Information:	Ping ret is {"Status":0,"Comment":null}
28.08.2026 1:00:41	Information:	Error in Monitoring. Driver Ping w9LjvpRCyoByGV3Lzv0iX9dSI0tLK0uV+pRojL1kufc=
28.08.2026 1:00:41	Information:	Базовое соединение закрыто: Непредвиденная ошибка при передаче.
28.08.2026 1:03:19	Information:	Error in Monitoring. Driver Ping w9LjvpRCyoByGV3Lzv0iX9dSI0tLK0uV+pRojL1kufc=
28.08.2026 1:03:19	Information:	Базовое соединение закрыто: Непредвиденная ошибка при передаче.
28.08.2026 1:05:20	Information:	url https://lab-vko.dmed.kz/ /api/DriverManager/PingDevice
28.08.2026 1:05:20	Information:	{
"Hash": "w9LjvpRCyoByGV3Lzv0iX9dSI0tLK0uV+pRojL1kufc=",
"Status": 0
}


28.08.2026 1:05:20	Information:	Ping ret is {"Status":0,"Comment":null}
28.08.2026 1:07:21	Information:	url https://lab-vko.dmed.kz/ /api/DriverManager/PingDevice
28.08.2026 1:07:21	Information:	{
"Hash": "w9LjvpRCyoByGV3Lzv0iX9dSI0tLK0uV+pRojL1kufc=",
"Status": 0
}


28.08.2026 1:07:21	Information:	Ping ret is {"Status":0,"Comment":null}
28.08.2026 1:09:40	Information:	url https://lab-vko.dmed.kz/ /api/DriverManager/PingDevice
28.08.2026 1:09:40	Information:	{
"Hash": "w9LjvpRCyoByGV3Lzv0iX9dSI0tLK0uV+pRojL1kufc=",
"Status": 0
}


28.08.2026 1:09:40	Information:	Ping ret is {"Status":0,"Comment":null}
28.08.2026 1:12:19	Information:	Error in Monitoring. Driver Ping w9LjvpRCyoByGV3Lzv0iX9dSI0tLK0uV+pRojL1kufc=
28.08.2026 1:12:19	Information:	Базовое соединение закрыто: Непредвиденная ошибка при передаче.
28.08.2026 1:14:20	Information:	url https://lab-vko.dmed.kz/ /api/DriverManager/PingDevice
28.08.2026 1:14:20	Information:	{
"Hash": "w9LjvpRCyoByGV3Lzv0iX9dSI0tLK0uV+pRojL1kufc=",
"Status": 0
}


28.08.2026 1:14:20	Information:	Ping ret is {"Status":0,"Comment":null}
28.08.2026 1:16:21	Information:	url https://lab-vko.dmed.kz/ /api/DriverManager/PingDevice
28.08.2026 1:16:21	Information:	{
"Hash": "w9LjvpRCyoByGV3Lzv0iX9dSI0tLK0uV+pRojL1kufc=",
"Status": 0
}


28.08.2026 1:16:21	Information:	Ping ret is {"Status":0,"Comment":null}
28.08.2026 1:18:21	Information:	url https://lab-vko.dmed.kz/ /api/DriverManager/PingDevice
28.08.2026 1:18:21	Information:	{
"Hash": "w9LjvpRCyoByGV3Lzv0iX9dSI0tLK0uV+pRojL1kufc=",
"Status": 0
}


28.08.2026 1:18:21	Information:	Ping ret is {"Status":0,"Comment":null}
28.08.2026 1:20:41	Information:	url https://lab-vko.dmed.kz/ /api/DriverManager/PingDevice
28.08.2026 1:20:41	Information:	{
"Hash": "w9LjvpRCyoByGV3Lzv0iX9dSI0tLK0uV+pRojL1kufc=",
"Status": 0
}


28.08.2026 1:20:41	Information:	Ping ret is {"Status":0,"Comment":null}
28.08.2026 1:23:01	Information:	url https://lab-vko.dmed.kz/ /api/DriverManager/PingDevice
28.08.2026 1:23:01	Information:	{
"Hash": "w9LjvpRCyoByGV3Lzv0iX9dSI0tLK0uV+pRojL1kufc=",
"Status": 0
}


28.08.2026 1:23:01	Information:	Ping ret is {"Status":0,"Comment":null}
28.08.2026 1:25:01	Information:	url https://lab-vko.dmed.kz/ /api/DriverManager/PingDevice
28.08.2026 1:25:01	Information:	{
"Hash": "w9LjvpRCyoByGV3Lzv0iX9dSI0tLK0uV+pRojL1kufc=",
"Status": 0
}


28.08.2026 1:25:01	Information:	Ping ret is {"Status":0,"Comment":null}
28.08.2026 1:27:21	Information:	url https://lab-vko.dmed.kz/ /api/DriverManager/PingDevice
28.08.2026 1:27:21	Information:	{
"Hash": "w9LjvpRCyoByGV3Lzv0iX9dSI0tLK0uV+pRojL1kufc=",
"Status": 0
}


28.08.2026 1:27:21	Information:	Ping ret is {"Status":0,"Comment":null}
28.08.2026 1:29:22	Information:	url https://lab-vko.dmed.kz/ /api/DriverManager/PingDevice
28.08.2026 1:29:22	Information:	{
"Hash": "w9LjvpRCyoByGV3Lzv0iX9dSI0tLK0uV+pRojL1kufc=",
"Status": 0
}


28.08.2026 1:29:22	Information:	Ping ret is {"Status":0,"Comment":null}
28.08.2026 1:32:00	Information:	Error in Monitoring. Driver Ping w9LjvpRCyoByGV3Lzv0iX9dSI0tLK0uV+pRojL1kufc=
28.08.2026 1:32:00	Information:	Базовое соединение закрыто: Непредвиденная ошибка при передаче.
28.08.2026 1:34:01	Information:	url https://lab-vko.dmed.kz/ /api/DriverManager/PingDevice
28.08.2026 1:34:01	Information:	{
"Hash": "w9LjvpRCyoByGV3Lzv0iX9dSI0tLK0uV+pRojL1kufc=",
"Status": 0
}


28.08.2026 1:34:01	Information:	Ping ret is {"Status":0,"Comment":null}
28.08.2026 1:36:41	Information:	Error in Monitoring. Driver Ping w9LjvpRCyoByGV3Lzv0iX9dSI0tLK0uV+pRojL1kufc=
28.08.2026 1:36:41	Information:	Базовое соединение закрыто: Непредвиденная ошибка при передаче.
28.08.2026 1:39:39	Information:	Error in Monitoring. Driver Ping w9LjvpRCyoByGV3Lzv0iX9dSI0tLK0uV+pRojL1kufc=
28.08.2026 1:39:39	Information:	Базовое соединение закрыто: Непредвиденная ошибка при передаче.
28.08.2026 1:41:40	Information:	url https://lab-vko.dmed.kz/ /api/DriverManager/PingDevice
28.08.2026 1:41:40	Information:	{
"Hash": "w9LjvpRCyoByGV3Lzv0iX9dSI0tLK0uV+pRojL1kufc=",
"Status": 0
}


28.08.2026 1:41:40	Information:	Ping ret is {"Status":0,"Comment":null}
28.08.2026 1:43:40	Information:	url https://lab-vko.dmed.kz/ /api/DriverManager/PingDevice
28.08.2026 1:43:40	Information:	{
"Hash": "w9LjvpRCyoByGV3Lzv0iX9dSI0tLK0uV+pRojL1kufc=",
"Status": 0
}


28.08.2026 1:43:40	Information:	Ping ret is {"Status":0,"Comment":null}
28.08.2026 1:45:41	Information:	url https://lab-vko.dmed.kz/ /api/DriverManager/PingDevice
28.08.2026 1:45:41	Information:	{
"Hash": "w9LjvpRCyoByGV3Lzv0iX9dSI0tLK0uV+pRojL1kufc=",
"Status": 0
}


28.08.2026 1:45:41	Information:	Ping ret is {"Status":0,"Comment":null}
28.08.2026 1:48:20	Information:	Error in Monitoring. Driver Ping w9LjvpRCyoByGV3Lzv0iX9dSI0tLK0uV+pRojL1kufc=
28.08.2026 1:48:20	Information:	Базовое соединение закрыто: Непредвиденная ошибка при передаче.
28.08.2026 1:50:39	Information:	url https://lab-vko.dmed.kz/ /api/DriverManager/PingDevice
28.08.2026 1:50:39	Information:	{
"Hash": "w9LjvpRCyoByGV3Lzv0iX9dSI0tLK0uV+pRojL1kufc=",
"Status": 0
}


28.08.2026 1:50:39	Information:	Ping ret is {"Status":0,"Comment":null}
28.08.2026 1:53:18	Information:	Error in Monitoring. Driver Ping w9LjvpRCyoByGV3Lzv0iX9dSI0tLK0uV+pRojL1kufc=
28.08.2026 1:53:18	Information:	Базовое соединение закрыто: Непредвиденная ошибка при передаче.
28.08.2026 1:55:19	Information:	url https://lab-vko.dmed.kz/ /api/DriverManager/PingDevice
28.08.2026 1:55:19	Information:	{
"Hash": "w9LjvpRCyoByGV3Lzv0iX9dSI0tLK0uV+pRojL1kufc=",
"Status": 0
}


28.08.2026 1:55:19	Information:	Ping ret is {"Status":0,"Comment":null}
28.08.2026 1:57:19	Information:	url https://lab-vko.dmed.kz/ /api/DriverManager/PingDevice
28.08.2026 1:57:19	Information:	{
"Hash": "w9LjvpRCyoByGV3Lzv0iX9dSI0tLK0uV+pRojL1kufc=",
"Status": 0
}


28.08.2026 1:57:19	Information:	Ping ret is {"Status":0,"Comment":null}
28.08.2026 1:59:58	Information:	Error in Monitoring. Driver Ping w9LjvpRCyoByGV3Lzv0iX9dSI0tLK0uV+pRojL1kufc=
28.08.2026 1:59:58	Information:	Базовое соединение закрыто: Непредвиденная ошибка при передаче.
28.08.2026 2:01:59	Information:	url https://lab-vko.dmed.kz/ /api/DriverManager/PingDevice
28.08.2026 2:01:59	Information:	{
"Hash": "w9LjvpRCyoByGV3Lzv0iX9dSI0tLK0uV+pRojL1kufc=",
"Status": 0
}


28.08.2026 2:01:59	Information:	Ping ret is {"Status":0,"Comment":null}
28.08.2026 2:03:59	Information:	url https://lab-vko.dmed.kz/ /api/DriverManager/PingDevice
28.08.2026 2:03:59	Information:	{
"Hash": "w9LjvpRCyoByGV3Lzv0iX9dSI0tLK0uV+pRojL1kufc=",
"Status": 0
}


28.08.2026 2:03:59	Information:	Ping ret is {"Status":0,"Comment":null}
28.08.2026 2:06:38	Information:	url https://lab-vko.dmed.kz/ /api/DriverManager/PingDevice
28.08.2026 2:06:38	Information:	{
"Hash": "w9LjvpRCyoByGV3Lzv0iX9dSI0tLK0uV+pRojL1kufc=",
"Status": 0
}


28.08.2026 2:06:38	Information:	Ping ret is {"Status":0,"Comment":null}
28.08.2026 2:09:17	Information:	Error in Monitoring. Driver Ping w9LjvpRCyoByGV3Lzv0iX9dSI0tLK0uV+pRojL1kufc=
28.08.2026 2:09:17	Information:	Базовое соединение закрыто: Непредвиденная ошибка при передаче.
28.08.2026 2:11:56	Information:	Error in Monitoring. Driver Ping w9LjvpRCyoByGV3Lzv0iX9dSI0tLK0uV+pRojL1kufc=
28.08.2026 2:11:56	Information:	Базовое соединение закрыто: Непредвиденная ошибка при передаче.
28.08.2026 2:14:35	Information:	Error in Monitoring. Driver Ping w9LjvpRCyoByGV3Lzv0iX9dSI0tLK0uV+pRojL1kufc=
28.08.2026 2:14:35	Information:	Базовое соединение закрыто: Непредвиденная ошибка при передаче.
28.08.2026 2:17:14	Information:	Error in Monitoring. Driver Ping w9LjvpRCyoByGV3Lzv0iX9dSI0tLK0uV+pRojL1kufc=
28.08.2026 2:17:14	Information:	Базовое соединение закрыто: Непредвиденная ошибка при передаче.
28.08.2026 2:19:53	Information:	Error in Monitoring. Driver Ping w9LjvpRCyoByGV3Lzv0iX9dSI0tLK0uV+pRojL1kufc=
28.08.2026 2:19:53	Information:	Базовое соединение закрыто: Непредвиденная ошибка при передаче.
28.08.2026 2:22:31	Information:	Error in Monitoring. Driver Ping w9LjvpRCyoByGV3Lzv0iX9dSI0tLK0uV+pRojL1kufc=
28.08.2026 2:22:31	Information:	Базовое соединение закрыто: Непредвиденная ошибка при передаче.
28.08.2026 2:24:51	Information:	url https://lab-vko.dmed.kz/ /api/DriverManager/PingDevice
28.08.2026 2:24:51	Information:	{
"Hash": "w9LjvpRCyoByGV3Lzv0iX9dSI0tLK0uV+pRojL1kufc=",
"Status": 0
}


28.08.2026 2:24:51	Information:	Ping ret is {"Status":0,"Comment":null}
28.08.2026 2:26:52	Information:	url https://lab-vko.dmed.kz/ /api/DriverManager/PingDevice
28.08.2026 2:26:52	Information:	{
"Hash": "w9LjvpRCyoByGV3Lzv0iX9dSI0tLK0uV+pRojL1kufc=",
"Status": 0
}


28.08.2026 2:26:52	Information:	Ping ret is {"Status":0,"Comment":null}
28.08.2026 2:29:11	Information:	url https://lab-vko.dmed.kz/ /api/DriverManager/PingDevice
28.08.2026 2:29:11	Information:	{
"Hash": "w9LjvpRCyoByGV3Lzv0iX9dSI0tLK0uV+pRojL1kufc=",
"Status": 0
}


28.08.2026 2:29:11	Information:	Ping ret is {"Status":0,"Comment":null}
28.08.2026 2:31:12	Information:	url https://lab-vko.dmed.kz/ /api/DriverManager/PingDevice
28.08.2026 2:31:12	Information:	{
"Hash": "w9LjvpRCyoByGV3Lzv0iX9dSI0tLK0uV+pRojL1kufc=",
"Status": 0
}


28.08.2026 2:31:12	Information:	Ping ret is {"Status":0,"Comment":null}
28.08.2026 2:33:12	Information:	url https://lab-vko.dmed.kz/ /api/DriverManager/PingDevice
28.08.2026 2:33:12	Information:	{
"Hash": "w9LjvpRCyoByGV3Lzv0iX9dSI0tLK0uV+pRojL1kufc=",
"Status": 0
}


28.08.2026 2:33:12	Information:	Ping ret is {"Status":0,"Comment":null}
28.08.2026 2:35:13	Information:	url https://lab-vko.dmed.kz/ /api/DriverManager/PingDevice
28.08.2026 2:35:13	Information:	{
"Hash": "w9LjvpRCyoByGV3Lzv0iX9dSI0tLK0uV+pRojL1kufc=",
"Status": 0
}


28.08.2026 2:35:13	Information:	Ping ret is {"Status":0,"Comment":null}
28.08.2026 2:37:33	Information:	url https://lab-vko.dmed.kz/ /api/DriverManager/PingDevice
28.08.2026 2:37:33	Information:	{
"Hash": "w9LjvpRCyoByGV3Lzv0iX9dSI0tLK0uV+pRojL1kufc=",
"Status": 0
}


28.08.2026 2:37:33	Information:	Ping ret is {"Status":0,"Comment":null}
28.08.2026 2:39:33	Information:	url https://lab-vko.dmed.kz/ /api/DriverManager/PingDevice
28.08.2026 2:39:33	Information:	{
"Hash": "w9LjvpRCyoByGV3Lzv0iX9dSI0tLK0uV+pRojL1kufc=",
"Status": 0
}


28.08.2026 2:39:33	Information:	Ping ret is {"Status":0,"Comment":null}
28.08.2026 2:42:12	Information:	Error in Monitoring. Driver Ping w9LjvpRCyoByGV3Lzv0iX9dSI0tLK0uV+pRojL1kufc=
28.08.2026 2:42:12	Information:	Базовое соединение закрыто: Непредвиденная ошибка при передаче.
28.08.2026 2:44:13	Information:	url https://lab-vko.dmed.kz/ /api/DriverManager/PingDevice
28.08.2026 2:44:13	Information:	{
"Hash": "w9LjvpRCyoByGV3Lzv0iX9dSI0tLK0uV+pRojL1kufc=",
"Status": 0
}


28.08.2026 2:44:13	Information:	Ping ret is {"Status":0,"Comment":null}
28.08.2026 2:46:33	Information:	url https://lab-vko.dmed.kz/ /api/DriverManager/PingDevice
28.08.2026 2:46:33	Information:	{
"Hash": "w9LjvpRCyoByGV3Lzv0iX9dSI0tLK0uV+pRojL1kufc=",
"Status": 0
}


28.08.2026 2:46:33	Information:	Ping ret is {"Status":0,"Comment":null}
28.08.2026 2:48:34	Information:	url https://lab-vko.dmed.kz/ /api/DriverManager/PingDevice
28.08.2026 2:48:34	Information:	{
"Hash": "w9LjvpRCyoByGV3Lzv0iX9dSI0tLK0uV+pRojL1kufc=",
"Status": 0
}


28.08.2026 2:48:34	Information:	Ping ret is {"Status":0,"Comment":null}
28.08.2026 2:51:13	Information:	Error in Monitoring. Driver Ping w9LjvpRCyoByGV3Lzv0iX9dSI0tLK0uV+pRojL1kufc=
28.08.2026 2:51:13	Information:	Базовое соединение закрыто: Непредвиденная ошибка при передаче.
28.08.2026 2:53:13	Information:	url https://lab-vko.dmed.kz/ /api/DriverManager/PingDevice
28.08.2026 2:53:13	Information:	{
"Hash": "w9LjvpRCyoByGV3Lzv0iX9dSI0tLK0uV+pRojL1kufc=",
"Status": 0
}


28.08.2026 2:53:13	Information:	Ping ret is {"Status":0,"Comment":null}
28.08.2026 2:55:14	Information:	url https://lab-vko.dmed.kz/ /api/DriverManager/PingDevice
28.08.2026 2:55:14	Information:	{
"Hash": "w9LjvpRCyoByGV3Lzv0iX9dSI0tLK0uV+pRojL1kufc=",
"Status": 0
}


28.08.2026 2:55:14	Information:	Ping ret is {"Status":0,"Comment":null}
28.08.2026 2:57:14	Information:	url https://lab-vko.dmed.kz/ /api/DriverManager/PingDevice
28.08.2026 2:57:14	Information:	{
"Hash": "w9LjvpRCyoByGV3Lzv0iX9dSI0tLK0uV+pRojL1kufc=",
"Status": 0
}


28.08.2026 2:57:14	Information:	Ping ret is {"Status":0,"Comment":null}
28.08.2026 2:59:34	Information:	url https://lab-vko.dmed.kz/ /api/DriverManager/PingDevice
28.08.2026 2:59:34	Information:	{
"Hash": "w9LjvpRCyoByGV3Lzv0iX9dSI0tLK0uV+pRojL1kufc=",
"Status": 0
}


28.08.2026 2:59:34	Information:	Ping ret is {"Status":0,"Comment":null}
28.08.2026 3:01:35	Information:	url https://lab-vko.dmed.kz/ /api/DriverManager/PingDevice
28.08.2026 3:01:35	Information:	{
"Hash": "w9LjvpRCyoByGV3Lzv0iX9dSI0tLK0uV+pRojL1kufc=",
"Status": 0
}


28.08.2026 3:01:35	Information:	Ping ret is {"Status":0,"Comment":null}
28.08.2026 3:03:35	Information:	url https://lab-vko.dmed.kz/ /api/DriverManager/PingDevice
28.08.2026 3:03:35	Information:	{
"Hash": "w9LjvpRCyoByGV3Lzv0iX9dSI0tLK0uV+pRojL1kufc=",
"Status": 0
}


28.08.2026 3:03:35	Information:	Ping ret is {"Status":0,"Comment":null}
28.08.2026 3:05:36	Information:	url https://lab-vko.dmed.kz/ /api/DriverManager/PingDevice
28.08.2026 3:05:36	Information:	{
"Hash": "w9LjvpRCyoByGV3Lzv0iX9dSI0tLK0uV+pRojL1kufc=",
"Status": 0
}


28.08.2026 3:05:36	Information:	Ping ret is {"Status":0,"Comment":null}
28.08.2026 3:07:56	Information:	url https://lab-vko.dmed.kz/ /api/DriverManager/PingDevice
28.08.2026 3:07:56	Information:	{
"Hash": "w9LjvpRCyoByGV3Lzv0iX9dSI0tLK0uV+pRojL1kufc=",
"Status": 0
}


28.08.2026 3:07:56	Information:	Ping ret is {"Status":0,"Comment":null}
28.08.2026 3:10:15	Information:	url https://lab-vko.dmed.kz/ /api/DriverManager/PingDevice
28.08.2026 3:10:15	Information:	{
"Hash": "w9LjvpRCyoByGV3Lzv0iX9dSI0tLK0uV+pRojL1kufc=",
"Status": 0
}


28.08.2026 3:10:15	Information:	Ping ret is {"Status":0,"Comment":null}
28.08.2026 3:12:16	Information:	url https://lab-vko.dmed.kz/ /api/DriverManager/PingDevice
28.08.2026 3:12:16	Information:	{
"Hash": "w9LjvpRCyoByGV3Lzv0iX9dSI0tLK0uV+pRojL1kufc=",
"Status": 0
}


28.08.2026 3:12:16	Information:	Ping ret is {"Status":0,"Comment":null}
28.08.2026 3:14:55	Information:	Error in Monitoring. Driver Ping w9LjvpRCyoByGV3Lzv0iX9dSI0tLK0uV+pRojL1kufc=
28.08.2026 3:14:55	Information:	Базовое соединение закрыто: Непредвиденная ошибка при передаче.
28.08.2026 3:17:15	Information:	url https://lab-vko.dmed.kz/ /api/DriverManager/PingDevice
28.08.2026 3:17:15	Information:	{
"Hash": "w9LjvpRCyoByGV3Lzv0iX9dSI0tLK0uV+pRojL1kufc=",
"Status": 0
}


28.08.2026 3:17:15	Information:	Ping ret is {"Status":0,"Comment":null}
28.08.2026 3:19:15	Information:	url https://lab-vko.dmed.kz/ /api/DriverManager/PingDevice
28.08.2026 3:19:15	Information:	{
"Hash": "w9LjvpRCyoByGV3Lzv0iX9dSI0tLK0uV+pRojL1kufc=",
"Status": 0
}


28.08.2026 3:19:15	Information:	Ping ret is {"Status":0,"Comment":null}
28.08.2026 3:21:16	Information:	url https://lab-vko.dmed.kz/ /api/DriverManager/PingDevice
28.08.2026 3:21:16	Information:	{
"Hash": "w9LjvpRCyoByGV3Lzv0iX9dSI0tLK0uV+pRojL1kufc=",
"Status": 0
}


28.08.2026 3:21:16	Information:	Ping ret is {"Status":0,"Comment":null}
28.08.2026 3:23:35	Information:	url https://lab-vko.dmed.kz/ /api/DriverManager/PingDevice
28.08.2026 3:23:35	Information:	{
"Hash": "w9LjvpRCyoByGV3Lzv0iX9dSI0tLK0uV+pRojL1kufc=",
"Status": 0
}


28.08.2026 3:23:35	Information:	Ping ret is {"Status":0,"Comment":null}
28.08.2026 3:25:36	Information:	url https://lab-vko.dmed.kz/ /api/DriverManager/PingDevice
28.08.2026 3:25:36	Information:	{
"Hash": "w9LjvpRCyoByGV3Lzv0iX9dSI0tLK0uV+pRojL1kufc=",
"Status": 0
}


28.08.2026 3:25:36	Information:	Ping ret is {"Status":0,"Comment":null}
28.08.2026 3:27:36	Information:	url https://lab-vko.dmed.kz/ /api/DriverManager/PingDevice
28.08.2026 3:27:36	Information:	{
"Hash": "w9LjvpRCyoByGV3Lzv0iX9dSI0tLK0uV+pRojL1kufc=",
"Status": 0
}


28.08.2026 3:27:36	Information:	Ping ret is {"Status":0,"Comment":null}
28.08.2026 3:29:37	Information:	url https://lab-vko.dmed.kz/ /api/DriverManager/PingDevice
28.08.2026 3:29:37	Information:	{
"Hash": "w9LjvpRCyoByGV3Lzv0iX9dSI0tLK0uV+pRojL1kufc=",
"Status": 0
}


28.08.2026 3:29:37	Information:	Ping ret is {"Status":0,"Comment":null}
28.08.2026 3:31:37	Information:	url https://lab-vko.dmed.kz/ /api/DriverManager/PingDevice
28.08.2026 3:31:37	Information:	{
"Hash": "w9LjvpRCyoByGV3Lzv0iX9dSI0tLK0uV+pRojL1kufc=",
"Status": 0
}


28.08.2026 3:31:37	Information:	Ping ret is {"Status":0,"Comment":null}
28.08.2026 3:33:38	Information:	url https://lab-vko.dmed.kz/ /api/DriverManager/PingDevice
28.08.2026 3:33:38	Information:	{
"Hash": "w9LjvpRCyoByGV3Lzv0iX9dSI0tLK0uV+pRojL1kufc=",
"Status": 0
}


28.08.2026 3:33:38	Information:	Ping ret is {"Status":0,"Comment":null}
28.08.2026 3:35:39	Information:	url https://lab-vko.dmed.kz/ /api/DriverManager/PingDevice
28.08.2026 3:35:39	Information:	{
"Hash": "w9LjvpRCyoByGV3Lzv0iX9dSI0tLK0uV+pRojL1kufc=",
"Status": 0
}


28.08.2026 3:35:39	Information:	Ping ret is {"Status":0,"Comment":null}
28.08.2026 3:37:40	Information:	url https://lab-vko.dmed.kz/ /api/DriverManager/PingDevice
28.08.2026 3:37:40	Information:	{
"Hash": "w9LjvpRCyoByGV3Lzv0iX9dSI0tLK0uV+pRojL1kufc=",
"Status": 0
}


28.08.2026 3:37:40	Information:	Ping ret is {"Status":0,"Comment":null}
28.08.2026 3:39:40	Information:	url https://lab-vko.dmed.kz/ /api/DriverManager/PingDevice
28.08.2026 3:39:40	Information:	{
"Hash": "w9LjvpRCyoByGV3Lzv0iX9dSI0tLK0uV+pRojL1kufc=",
"Status": 0
}


28.08.2026 3:39:40	Information:	Ping ret is {"Status":0,"Comment":null}
28.08.2026 3:42:19	Information:	Error in Monitoring. Driver Ping w9LjvpRCyoByGV3Lzv0iX9dSI0tLK0uV+pRojL1kufc=
28.08.2026 3:42:19	Information:	Базовое соединение закрыто: Непредвиденная ошибка при передаче.
28.08.2026 3:44:20	Information:	url https://lab-vko.dmed.kz/ /api/DriverManager/PingDevice
28.08.2026 3:44:20	Information:	{
"Hash": "w9LjvpRCyoByGV3Lzv0iX9dSI0tLK0uV+pRojL1kufc=",
"Status": 0
}


28.08.2026 3:44:20	Information:	Ping ret is {"Status":0,"Comment":null}
28.08.2026 3:46:20	Information:	url https://lab-vko.dmed.kz/ /api/DriverManager/PingDevice
28.08.2026 3:46:20	Information:	{
"Hash": "w9LjvpRCyoByGV3Lzv0iX9dSI0tLK0uV+pRojL1kufc=",
"Status": 0
}


28.08.2026 3:46:20	Information:	Ping ret is {"Status":0,"Comment":null}
28.08.2026 3:48:59	Information:	Error in Monitoring. Driver Ping w9LjvpRCyoByGV3Lzv0iX9dSI0tLK0uV+pRojL1kufc=
28.08.2026 3:48:59	Information:	Базовое соединение закрыто: Непредвиденная ошибка при передаче.
28.08.2026 3:51:38	Information:	Error in Monitoring. Driver Ping w9LjvpRCyoByGV3Lzv0iX9dSI0tLK0uV+pRojL1kufc=
28.08.2026 3:51:38	Information:	Базовое соединение закрыто: Непредвиденная ошибка при передаче.
28.08.2026 3:53:58	Information:	url https://lab-vko.dmed.kz/ /api/DriverManager/PingDevice
28.08.2026 3:53:58	Information:	{
"Hash": "w9LjvpRCyoByGV3Lzv0iX9dSI0tLK0uV+pRojL1kufc=",
"Status": 0
}


28.08.2026 3:53:58	Information:	Ping ret is {"Status":0,"Comment":null}
28.08.2026 3:56:37	Information:	Error in Monitoring. Driver Ping w9LjvpRCyoByGV3Lzv0iX9dSI0tLK0uV+pRojL1kufc=
28.08.2026 3:56:37	Information:	Базовое соединение закрыто: Непредвиденная ошибка при передаче.
28.08.2026 3:59:16	Information:	Error in Monitoring. Driver Ping w9LjvpRCyoByGV3Lzv0iX9dSI0tLK0uV+pRojL1kufc=
28.08.2026 3:59:16	Information:	Базовое соединение закрыто: Непредвиденная ошибка при передаче.
28.08.2026 4:01:16	Information:	url https://lab-vko.dmed.kz/ /api/DriverManager/PingDevice
28.08.2026 4:01:16	Information:	{
"Hash": "w9LjvpRCyoByGV3Lzv0iX9dSI0tLK0uV+pRojL1kufc=",
"Status": 0
}


28.08.2026 4:01:16	Information:	Ping ret is {"Status":0,"Comment":null}
28.08.2026 4:03:56	Information:	Error in Monitoring. Driver Ping w9LjvpRCyoByGV3Lzv0iX9dSI0tLK0uV+pRojL1kufc=
28.08.2026 4:03:56	Information:	Базовое соединение закрыто: Непредвиденная ошибка при передаче.
28.08.2026 4:06:54	Information:	Error in Monitoring. Driver Ping w9LjvpRCyoByGV3Lzv0iX9dSI0tLK0uV+pRojL1kufc=
28.08.2026 4:06:54	Information:	Базовое соединение закрыто: Непредвиденная ошибка при передаче.
28.08.2026 4:09:33	Information:	Error in Monitoring. Driver Ping w9LjvpRCyoByGV3Lzv0iX9dSI0tLK0uV+pRojL1kufc=
28.08.2026 4:09:33	Information:	Базовое соединение закрыто: Непредвиденная ошибка при передаче.
28.08.2026 4:12:11	Information:	Error in Monitoring. Driver Ping w9LjvpRCyoByGV3Lzv0iX9dSI0tLK0uV+pRojL1kufc=
28.08.2026 4:12:11	Information:	Базовое соединение закрыто: Непредвиденная ошибка при передаче.
28.08.2026 4:14:50	Information:	Error in Monitoring. Driver Ping w9LjvpRCyoByGV3Lzv0iX9dSI0tLK0uV+pRojL1kufc=
28.08.2026 4:14:50	Information:	Базовое соединение закрыто: Непредвиденная ошибка при передаче.
28.08.2026 4:17:10	Information:	url https://lab-vko.dmed.kz/ /api/DriverManager/PingDevice
28.08.2026 4:17:10	Information:	{
"Hash": "w9LjvpRCyoByGV3Lzv0iX9dSI0tLK0uV+pRojL1kufc=",
"Status": 0
}


28.08.2026 4:17:10	Information:	Ping ret is {"Status":0,"Comment":null}
28.08.2026 4:19:30	Information:	url https://lab-vko.dmed.kz/ /api/DriverManager/PingDevice
28.08.2026 4:19:30	Information:	{
"Hash": "w9LjvpRCyoByGV3Lzv0iX9dSI0tLK0uV+pRojL1kufc=",
"Status": 0
}


28.08.2026 4:19:30	Information:	Ping ret is {"Status":0,"Comment":null}
28.08.2026 4:21:30	Information:	url https://lab-vko.dmed.kz/ /api/DriverManager/PingDevice
28.08.2026 4:21:30	Information:	{
"Hash": "w9LjvpRCyoByGV3Lzv0iX9dSI0tLK0uV+pRojL1kufc=",
"Status": 0
}


28.08.2026 4:21:30	Information:	Ping ret is {"Status":0,"Comment":null}
28.08.2026 4:23:31	Information:	url https://lab-vko.dmed.kz/ /api/DriverManager/PingDevice
28.08.2026 4:23:31	Information:	{
"Hash": "w9LjvpRCyoByGV3Lzv0iX9dSI0tLK0uV+pRojL1kufc=",
"Status": 0
}


28.08.2026 4:23:31	Information:	Ping ret is {"Status":0,"Comment":null}
28.08.2026 4:25:31	Information:	url https://lab-vko.dmed.kz/ /api/DriverManager/PingDevice
28.08.2026 4:25:31	Information:	{
"Hash": "w9LjvpRCyoByGV3Lzv0iX9dSI0tLK0uV+pRojL1kufc=",
"Status": 0
}


28.08.2026 4:25:31	Information:	Ping ret is {"Status":0,"Comment":null}
28.08.2026 4:27:32	Information:	url https://lab-vko.dmed.kz/ /api/DriverManager/PingDevice
28.08.2026 4:27:32	Information:	{
"Hash": "w9LjvpRCyoByGV3Lzv0iX9dSI0tLK0uV+pRojL1kufc=",
"Status": 0
}


28.08.2026 4:27:32	Information:	Ping ret is {"Status":0,"Comment":null}
28.08.2026 4:29:32	Information:	url https://lab-vko.dmed.kz/ /api/DriverManager/PingDevice
28.08.2026 4:29:32	Information:	{
"Hash": "w9LjvpRCyoByGV3Lzv0iX9dSI0tLK0uV+pRojL1kufc=",
"Status": 0
}


28.08.2026 4:29:32	Information:	Ping ret is {"Status":0,"Comment":null}
28.08.2026 4:31:33	Information:	url https://lab-vko.dmed.kz/ /api/DriverManager/PingDevice
28.08.2026 4:31:33	Information:	{
"Hash": "w9LjvpRCyoByGV3Lzv0iX9dSI0tLK0uV+pRojL1kufc=",
"Status": 0
}


28.08.2026 4:31:33	Information:	Ping ret is {"Status":0,"Comment":null}
28.08.2026 4:33:34	Information:	url https://lab-vko.dmed.kz/ /api/DriverManager/PingDevice
28.08.2026 4:33:34	Information:	{
"Hash": "w9LjvpRCyoByGV3Lzv0iX9dSI0tLK0uV+pRojL1kufc=",
"Status": 0
}


28.08.2026 4:33:34	Information:	Ping ret is {"Status":0,"Comment":null}
28.08.2026 4:36:32	Information:	Error in Monitoring. Driver Ping w9LjvpRCyoByGV3Lzv0iX9dSI0tLK0uV+pRojL1kufc=
28.08.2026 4:36:32	Information:	Базовое соединение закрыто: Непредвиденная ошибка при передаче.
28.08.2026 4:38:33	Information:	url https://lab-vko.dmed.kz/ /api/DriverManager/PingDevice
28.08.2026 4:38:33	Information:	{
"Hash": "w9LjvpRCyoByGV3Lzv0iX9dSI0tLK0uV+pRojL1kufc=",
"Status": 0
}


28.08.2026 4:38:33	Information:	Ping ret is {"Status":0,"Comment":null}
28.08.2026 4:40:33	Information:	url https://lab-vko.dmed.kz/ /api/DriverManager/PingDevice
28.08.2026 4:40:33	Information:	{
"Hash": "w9LjvpRCyoByGV3Lzv0iX9dSI0tLK0uV+pRojL1kufc=",
"Status": 0
}


28.08.2026 4:40:33	Information:	Ping ret is {"Status":0,"Comment":null}
28.08.2026 4:42:33	Information:	url https://lab-vko.dmed.kz/ /api/DriverManager/PingDevice
28.08.2026 4:42:33	Information:	{
"Hash": "w9LjvpRCyoByGV3Lzv0iX9dSI0tLK0uV+pRojL1kufc=",
"Status": 0
}


28.08.2026 4:42:33	Information:	Ping ret is {"Status":0,"Comment":null}
28.08.2026 4:44:53	Information:	url https://lab-vko.dmed.kz/ /api/DriverManager/PingDevice
28.08.2026 4:44:53	Information:	{
"Hash": "w9LjvpRCyoByGV3Lzv0iX9dSI0tLK0uV+pRojL1kufc=",
"Status": 0
}


28.08.2026 4:44:53	Information:	Ping ret is {"Status":0,"Comment":null}
28.08.2026 4:47:32	Information:	Error in Monitoring. Driver Ping w9LjvpRCyoByGV3Lzv0iX9dSI0tLK0uV+pRojL1kufc=
28.08.2026 4:47:32	Information:	Базовое соединение закрыто: Непредвиденная ошибка при передаче.
28.08.2026 4:49:33	Information:	url https://lab-vko.dmed.kz/ /api/DriverManager/PingDevice
28.08.2026 4:49:33	Information:	{
"Hash": "w9LjvpRCyoByGV3Lzv0iX9dSI0tLK0uV+pRojL1kufc=",
"Status": 0
}


28.08.2026 4:49:33	Information:	Ping ret is {"Status":0,"Comment":null}
28.08.2026 4:51:33	Information:	url https://lab-vko.dmed.kz/ /api/DriverManager/PingDevice
28.08.2026 4:51:33	Information:	{
"Hash": "w9LjvpRCyoByGV3Lzv0iX9dSI0tLK0uV+pRojL1kufc=",
"Status": 0
}


28.08.2026 4:51:33	Information:	Ping ret is {"Status":0,"Comment":null}
28.08.2026 4:53:53	Information:	url https://lab-vko.dmed.kz/ /api/DriverManager/PingDevice
28.08.2026 4:53:53	Information:	{
"Hash": "w9LjvpRCyoByGV3Lzv0iX9dSI0tLK0uV+pRojL1kufc=",
"Status": 0
}


28.08.2026 4:53:53	Information:	Ping ret is {"Status":0,"Comment":null}
28.08.2026 4:56:13	Information:	url https://lab-vko.dmed.kz/ /api/DriverManager/PingDevice
28.08.2026 4:56:13	Information:	{
"Hash": "w9LjvpRCyoByGV3Lzv0iX9dSI0tLK0uV+pRojL1kufc=",
"Status": 0
}


28.08.2026 4:56:13	Information:	Ping ret is {"Status":0,"Comment":null}
28.08.2026 4:58:13	Information:	url https://lab-vko.dmed.kz/ /api/DriverManager/PingDevice
28.08.2026 4:58:13	Information:	{
"Hash": "w9LjvpRCyoByGV3Lzv0iX9dSI0tLK0uV+pRojL1kufc=",
"Status": 0
}


28.08.2026 4:58:13	Information:	Ping ret is {"Status":0,"Comment":null}
28.08.2026 5:00:33	Information:	url https://lab-vko.dmed.kz/ /api/DriverManager/PingDevice
28.08.2026 5:00:33	Information:	{
"Hash": "w9LjvpRCyoByGV3Lzv0iX9dSI0tLK0uV+pRojL1kufc=",
"Status": 0
}


28.08.2026 5:00:33	Information:	Ping ret is {"Status":0,"Comment":null}
28.08.2026 5:02:33	Information:	url https://lab-vko.dmed.kz/ /api/DriverManager/PingDevice
28.08.2026 5:02:33	Information:	{
"Hash": "w9LjvpRCyoByGV3Lzv0iX9dSI0tLK0uV+pRojL1kufc=",
"Status": 0
}


28.08.2026 5:02:33	Information:	Ping ret is {"Status":0,"Comment":null}
28.08.2026 5:04:34	Information:	url https://lab-vko.dmed.kz/ /api/DriverManager/PingDevice
28.08.2026 5:04:34	Information:	{
"Hash": "w9LjvpRCyoByGV3Lzv0iX9dSI0tLK0uV+pRojL1kufc=",
"Status": 0
}


28.08.2026 5:04:34	Information:	Ping ret is {"Status":0,"Comment":null}
28.08.2026 5:07:13	Information:	Error in Monitoring. Driver Ping w9LjvpRCyoByGV3Lzv0iX9dSI0tLK0uV+pRojL1kufc=
28.08.2026 5:07:13	Information:	Базовое соединение закрыто: Непредвиденная ошибка при передаче.
28.08.2026 5:09:32	Information:	url https://lab-vko.dmed.kz/ /api/DriverManager/PingDevice
28.08.2026 5:09:32	Information:	{
"Hash": "w9LjvpRCyoByGV3Lzv0iX9dSI0tLK0uV+pRojL1kufc=",
"Status": 0
}


28.08.2026 5:09:32	Information:	Ping ret is {"Status":0,"Comment":null}
28.08.2026 5:11:33	Information:	url https://lab-vko.dmed.kz/ /api/DriverManager/PingDevice
28.08.2026 5:11:33	Information:	{
"Hash": "w9LjvpRCyoByGV3Lzv0iX9dSI0tLK0uV+pRojL1kufc=",
"Status": 0
}


28.08.2026 5:11:33	Information:	Ping ret is {"Status":0,"Comment":null}
28.08.2026 5:13:53	Information:	url https://lab-vko.dmed.kz/ /api/DriverManager/PingDevice
28.08.2026 5:13:53	Information:	{
"Hash": "w9LjvpRCyoByGV3Lzv0iX9dSI0tLK0uV+pRojL1kufc=",
"Status": 0
}


28.08.2026 5:13:53	Information:	Ping ret is {"Status":0,"Comment":null}
28.08.2026 5:15:53	Information:	url https://lab-vko.dmed.kz/ /api/DriverManager/PingDevice
28.08.2026 5:15:53	Information:	{
"Hash": "w9LjvpRCyoByGV3Lzv0iX9dSI0tLK0uV+pRojL1kufc=",
"Status": 0
}


28.08.2026 5:15:53	Information:	Ping ret is {"Status":0,"Comment":null}
28.08.2026 5:18:32	Information:	Error in Monitoring. Driver Ping w9LjvpRCyoByGV3Lzv0iX9dSI0tLK0uV+pRojL1kufc=
28.08.2026 5:18:32	Information:	Базовое соединение закрыто: Непредвиденная ошибка при передаче.
28.08.2026 5:20:52	Information:	url https://lab-vko.dmed.kz/ /api/DriverManager/PingDevice
28.08.2026 5:20:52	Information:	{
"Hash": "w9LjvpRCyoByGV3Lzv0iX9dSI0tLK0uV+pRojL1kufc=",
"Status": 0
}


28.08.2026 5:20:52	Information:	Ping ret is {"Status":0,"Comment":null}
28.08.2026 5:22:52	Information:	url https://lab-vko.dmed.kz/ /api/DriverManager/PingDevice
28.08.2026 5:22:52	Information:	{
"Hash": "w9LjvpRCyoByGV3Lzv0iX9dSI0tLK0uV+pRojL1kufc=",
"Status": 0
}


28.08.2026 5:22:52	Information:	Ping ret is {"Status":0,"Comment":null}
28.08.2026 5:24:52	Information:	url https://lab-vko.dmed.kz/ /api/DriverManager/PingDevice
28.08.2026 5:24:53	Information:	{
"Hash": "w9LjvpRCyoByGV3Lzv0iX9dSI0tLK0uV+pRojL1kufc=",
"Status": 0
}


28.08.2026 5:24:53	Information:	Ping ret is {"Status":0,"Comment":null}
28.08.2026 5:27:31	Information:	Error in Monitoring. Driver Ping w9LjvpRCyoByGV3Lzv0iX9dSI0tLK0uV+pRojL1kufc=
28.08.2026 5:27:31	Information:	Базовое соединение закрыто: Непредвиденная ошибка при передаче.
28.08.2026 5:29:32	Information:	url https://lab-vko.dmed.kz/ /api/DriverManager/PingDevice
28.08.2026 5:29:32	Information:	{
"Hash": "w9LjvpRCyoByGV3Lzv0iX9dSI0tLK0uV+pRojL1kufc=",
"Status": 0
}


28.08.2026 5:29:32	Information:	Ping ret is {"Status":0,"Comment":null}
28.08.2026 5:31:33	Information:	url https://lab-vko.dmed.kz/ /api/DriverManager/PingDevice
28.08.2026 5:31:33	Information:	{
"Hash": "w9LjvpRCyoByGV3Lzv0iX9dSI0tLK0uV+pRojL1kufc=",
"Status": 0
}


28.08.2026 5:31:33	Information:	Ping ret is {"Status":0,"Comment":null}
28.08.2026 5:33:53	Information:	url https://lab-vko.dmed.kz/ /api/DriverManager/PingDevice
28.08.2026 5:33:53	Information:	{
"Hash": "w9LjvpRCyoByGV3Lzv0iX9dSI0tLK0uV+pRojL1kufc=",
"Status": 0
}


28.08.2026 5:33:53	Information:	Ping ret is {"Status":0,"Comment":null}
28.08.2026 5:35:53	Information:	url https://lab-vko.dmed.kz/ /api/DriverManager/PingDevice
28.08.2026 5:35:53	Information:	{
"Hash": "w9LjvpRCyoByGV3Lzv0iX9dSI0tLK0uV+pRojL1kufc=",
"Status": 0
}


28.08.2026 5:35:53	Information:	Ping ret is {"Status":0,"Comment":null}
28.08.2026 5:38:32	Information:	Error in Monitoring. Driver Ping w9LjvpRCyoByGV3Lzv0iX9dSI0tLK0uV+pRojL1kufc=
28.08.2026 5:38:32	Information:	Базовое соединение закрыто: Непредвиденная ошибка при передаче.
28.08.2026 5:41:11	Information:	Error in Monitoring. Driver Ping w9LjvpRCyoByGV3Lzv0iX9dSI0tLK0uV+pRojL1kufc=
28.08.2026 5:41:11	Information:	Базовое соединение закрыто: Непредвиденная ошибка при передаче.
28.08.2026 5:43:31	Information:	url https://lab-vko.dmed.kz/ /api/DriverManager/PingDevice
28.08.2026 5:43:31	Information:	{
"Hash": "w9LjvpRCyoByGV3Lzv0iX9dSI0tLK0uV+pRojL1kufc=",
"Status": 0
}


28.08.2026 5:43:31	Information:	Ping ret is {"Status":0,"Comment":null}
28.08.2026 5:45:31	Information:	url https://lab-vko.dmed.kz/ /api/DriverManager/PingDevice
28.08.2026 5:45:31	Information:	{
"Hash": "w9LjvpRCyoByGV3Lzv0iX9dSI0tLK0uV+pRojL1kufc=",
"Status": 0
}


28.08.2026 5:45:31	Information:	Ping ret is {"Status":0,"Comment":null}
28.08.2026 5:47:32	Information:	url https://lab-vko.dmed.kz/ /api/DriverManager/PingDevice
28.08.2026 5:47:32	Information:	{
"Hash": "w9LjvpRCyoByGV3Lzv0iX9dSI0tLK0uV+pRojL1kufc=",
"Status": 0
}


28.08.2026 5:47:32	Information:	Ping ret is {"Status":0,"Comment":null}
28.08.2026 5:49:51	Information:	url https://lab-vko.dmed.kz/ /api/DriverManager/PingDevice
28.08.2026 5:49:51	Information:	{
"Hash": "w9LjvpRCyoByGV3Lzv0iX9dSI0tLK0uV+pRojL1kufc=",
"Status": 0
}


28.08.2026 5:49:51	Information:	Ping ret is {"Status":0,"Comment":null}
28.08.2026 5:52:30	Information:	Error in Monitoring. Driver Ping w9LjvpRCyoByGV3Lzv0iX9dSI0tLK0uV+pRojL1kufc=
28.08.2026 5:52:30	Information:	Базовое соединение закрыто: Непредвиденная ошибка при передаче.
28.08.2026 5:55:09	Information:	Error in Monitoring. Driver Ping w9LjvpRCyoByGV3Lzv0iX9dSI0tLK0uV+pRojL1kufc=
28.08.2026 5:55:09	Information:	Базовое соединение закрыто: Непредвиденная ошибка при передаче.
28.08.2026 5:57:48	Information:	Error in Monitoring. Driver Ping w9LjvpRCyoByGV3Lzv0iX9dSI0tLK0uV+pRojL1kufc=
28.08.2026 5:57:48	Information:	Базовое соединение закрыто: Непредвиденная ошибка при передаче.
28.08.2026 6:00:08	Information:	url https://lab-vko.dmed.kz/ /api/DriverManager/PingDevice
28.08.2026 6:00:08	Information:	{
"Hash": "w9LjvpRCyoByGV3Lzv0iX9dSI0tLK0uV+pRojL1kufc=",
"Status": 0
}


28.08.2026 6:00:08	Information:	Ping ret is {"Status":0,"Comment":null}
28.08.2026 6:02:47	Information:	Error in Monitoring. Driver Ping w9LjvpRCyoByGV3Lzv0iX9dSI0tLK0uV+pRojL1kufc=
28.08.2026 6:02:47	Information:	Базовое соединение закрыто: Непредвиденная ошибка при передаче.
28.08.2026 6:05:25	Information:	Error in Monitoring. Driver Ping w9LjvpRCyoByGV3Lzv0iX9dSI0tLK0uV+pRojL1kufc=
28.08.2026 6:05:25	Information:	Базовое соединение закрыто: Непредвиденная ошибка при передаче.
28.08.2026 6:07:45	Information:	url https://lab-vko.dmed.kz/ /api/DriverManager/PingDevice
28.08.2026 6:07:45	Information:	{
"Hash": "w9LjvpRCyoByGV3Lzv0iX9dSI0tLK0uV+pRojL1kufc=",
"Status": 0
}


28.08.2026 6:07:45	Information:	Ping ret is {"Status":0,"Comment":null}
28.08.2026 6:10:24	Information:	Error in Monitoring. Driver Ping w9LjvpRCyoByGV3Lzv0iX9dSI0tLK0uV+pRojL1kufc=
28.08.2026 6:10:24	Information:	Базовое соединение закрыто: Непредвиденная ошибка при передаче.
28.08.2026 6:13:03	Information:	Error in Monitoring. Driver Ping w9LjvpRCyoByGV3Lzv0iX9dSI0tLK0uV+pRojL1kufc=
28.08.2026 6:13:03	Information:	Базовое соединение закрыто: Непредвиденная ошибка при передаче.
28.08.2026 6:15:04	Information:	url https://lab-vko.dmed.kz/ /api/DriverManager/PingDevice
28.08.2026 6:15:04	Information:	{
"Hash": "w9LjvpRCyoByGV3Lzv0iX9dSI0tLK0uV+pRojL1kufc=",
"Status": 0
}


28.08.2026 6:15:04	Information:	Ping ret is {"Status":0,"Comment":null}
28.08.2026 6:17:42	Information:	Error in Monitoring. Driver Ping w9LjvpRCyoByGV3Lzv0iX9dSI0tLK0uV+pRojL1kufc=
28.08.2026 6:17:42	Information:	Базовое соединение закрыто: Непредвиденная ошибка при передаче.
28.08.2026 6:19:43	Information:	url https://lab-vko.dmed.kz/ /api/DriverManager/PingDevice
28.08.2026 6:19:43	Information:	{
"Hash": "w9LjvpRCyoByGV3Lzv0iX9dSI0tLK0uV+pRojL1kufc=",
"Status": 0
}


28.08.2026 6:19:43	Information:	Ping ret is {"Status":0,"Comment":null}
28.08.2026 6:21:43	Information:	url https://lab-vko.dmed.kz/ /api/DriverManager/PingDevice
28.08.2026 6:21:43	Information:	{
"Hash": "w9LjvpRCyoByGV3Lzv0iX9dSI0tLK0uV+pRojL1kufc=",
"Status": 0
}


28.08.2026 6:21:43	Information:	Ping ret is {"Status":0,"Comment":null}
28.08.2026 6:24:22	Information:	Error in Monitoring. Driver Ping w9LjvpRCyoByGV3Lzv0iX9dSI0tLK0uV+pRojL1kufc=
28.08.2026 6:24:22	Information:	Базовое соединение закрыто: Непредвиденная ошибка при передаче.
28.08.2026 6:26:23	Information:	url https://lab-vko.dmed.kz/ /api/DriverManager/PingDevice
28.08.2026 6:26:23	Information:	{
"Hash": "w9LjvpRCyoByGV3Lzv0iX9dSI0tLK0uV+pRojL1kufc=",
"Status": 0
}


28.08.2026 6:26:23	Information:	Ping ret is {"Status":0,"Comment":null}
28.08.2026 6:28:23	Information:	url https://lab-vko.dmed.kz/ /api/DriverManager/PingDevice
28.08.2026 6:28:23	Information:	{
"Hash": "w9LjvpRCyoByGV3Lzv0iX9dSI0tLK0uV+pRojL1kufc=",
"Status": 0
}


28.08.2026 6:28:23	Information:	Ping ret is {"Status":0,"Comment":null}
28.08.2026 6:30:24	Information:	url https://lab-vko.dmed.kz/ /api/DriverManager/PingDevice
28.08.2026 6:30:24	Information:	{
"Hash": "w9LjvpRCyoByGV3Lzv0iX9dSI0tLK0uV+pRojL1kufc=",
"Status": 0
}


28.08.2026 6:30:24	Information:	Ping ret is {"Status":0,"Comment":null}
28.08.2026 6:33:03	Information:	Error in Monitoring. Driver Ping w9LjvpRCyoByGV3Lzv0iX9dSI0tLK0uV+pRojL1kufc=
28.08.2026 6:33:03	Information:	Базовое соединение закрыто: Непредвиденная ошибка при передаче.
28.08.2026 6:35:41	Information:	Error in Monitoring. Driver Ping w9LjvpRCyoByGV3Lzv0iX9dSI0tLK0uV+pRojL1kufc=
28.08.2026 6:35:41	Information:	Базовое соединение закрыто: Непредвиденная ошибка при передаче.
28.08.2026 6:38:20	Information:	Error in Monitoring. Driver Ping w9LjvpRCyoByGV3Lzv0iX9dSI0tLK0uV+pRojL1kufc=
28.08.2026 6:38:20	Information:	Базовое соединение закрыто: Непредвиденная ошибка при передаче.
28.08.2026 6:40:59	Information:	Error in Monitoring. Driver Ping w9LjvpRCyoByGV3Lzv0iX9dSI0tLK0uV+pRojL1kufc=
28.08.2026 6:40:59	Information:	Базовое соединение закрыто: Непредвиденная ошибка при передаче.
28.08.2026 6:43:00	Information:	url https://lab-vko.dmed.kz/ /api/DriverManager/PingDevice
28.08.2026 6:43:00	Information:	{
"Hash": "w9LjvpRCyoByGV3Lzv0iX9dSI0tLK0uV+pRojL1kufc=",
"Status": 0
}


28.08.2026 6:43:00	Information:	Ping ret is {"Status":0,"Comment":null}
28.08.2026 6:45:00	Information:	url https://lab-vko.dmed.kz/ /api/DriverManager/PingDevice
28.08.2026 6:45:00	Information:	{
"Hash": "w9LjvpRCyoByGV3Lzv0iX9dSI0tLK0uV+pRojL1kufc=",
"Status": 0
}


28.08.2026 6:45:00	Information:	Ping ret is {"Status":0,"Comment":null}
28.08.2026 6:47:20	Information:	url https://lab-vko.dmed.kz/ /api/DriverManager/PingDevice
28.08.2026 6:47:20	Information:	{
"Hash": "w9LjvpRCyoByGV3Lzv0iX9dSI0tLK0uV+pRojL1kufc=",
"Status": 0
}


28.08.2026 6:47:20	Information:	Ping ret is {"Status":0,"Comment":null}
28.08.2026 6:49:20	Information:	url https://lab-vko.dmed.kz/ /api/DriverManager/PingDevice
28.08.2026 6:49:20	Information:	{
"Hash": "w9LjvpRCyoByGV3Lzv0iX9dSI0tLK0uV+pRojL1kufc=",
"Status": 0
}


28.08.2026 6:49:20	Information:	Ping ret is {"Status":0,"Comment":null}
28.08.2026 6:51:21	Information:	url https://lab-vko.dmed.kz/ /api/DriverManager/PingDevice
28.08.2026 6:51:21	Information:	{
"Hash": "w9LjvpRCyoByGV3Lzv0iX9dSI0tLK0uV+pRojL1kufc=",
"Status": 0
}


28.08.2026 6:51:21	Information:	Ping ret is {"Status":0,"Comment":null}
28.08.2026 6:53:21	Information:	url https://lab-vko.dmed.kz/ /api/DriverManager/PingDevice
28.08.2026 6:53:21	Information:	{
"Hash": "w9LjvpRCyoByGV3Lzv0iX9dSI0tLK0uV+pRojL1kufc=",
"Status": 0
}


28.08.2026 6:53:21	Information:	Ping ret is {"Status":0,"Comment":null}
28.08.2026 6:55:41	Information:	url https://lab-vko.dmed.kz/ /api/DriverManager/PingDevice
28.08.2026 6:55:41	Information:	{
"Hash": "w9LjvpRCyoByGV3Lzv0iX9dSI0tLK0uV+pRojL1kufc=",
"Status": 0
}


28.08.2026 6:55:41	Information:	Ping ret is {"Status":0,"Comment":null}
28.08.2026 6:57:42	Information:	url https://lab-vko.dmed.kz/ /api/DriverManager/PingDevice
28.08.2026 6:57:42	Information:	{
"Hash": "w9LjvpRCyoByGV3Lzv0iX9dSI0tLK0uV+pRojL1kufc=",
"Status": 0
}


28.08.2026 6:57:42	Information:	Ping ret is {"Status":0,"Comment":null}
28.08.2026 6:59:42	Information:	url https://lab-vko.dmed.kz/ /api/DriverManager/PingDevice
28.08.2026 6:59:42	Information:	{
"Hash": "w9LjvpRCyoByGV3Lzv0iX9dSI0tLK0uV+pRojL1kufc=",
"Status": 0
}


28.08.2026 6:59:42	Information:	Ping ret is {"Status":0,"Comment":null}
28.08.2026 7:01:43	Information:	url https://lab-vko.dmed.kz/ /api/DriverManager/PingDevice
28.08.2026 7:01:43	Information:	{
"Hash": "w9LjvpRCyoByGV3Lzv0iX9dSI0tLK0uV+pRojL1kufc=",
"Status": 0
}


28.08.2026 7:01:43	Information:	Ping ret is {"Status":0,"Comment":null}
28.08.2026 7:04:02	Information:	url https://lab-vko.dmed.kz/ /api/DriverManager/PingDevice
28.08.2026 7:04:02	Information:	{
"Hash": "w9LjvpRCyoByGV3Lzv0iX9dSI0tLK0uV+pRojL1kufc=",
"Status": 0
}


28.08.2026 7:04:02	Information:	Ping ret is {"Status":0,"Comment":null}
28.08.2026 7:06:03	Information:	url https://lab-vko.dmed.kz/ /api/DriverManager/PingDevice
28.08.2026 7:06:03	Information:	{
"Hash": "w9LjvpRCyoByGV3Lzv0iX9dSI0tLK0uV+pRojL1kufc=",
"Status": 0
}


28.08.2026 7:06:03	Information:	Ping ret is {"Status":0,"Comment":null}
28.08.2026 7:08:03	Information:	url https://lab-vko.dmed.kz/ /api/DriverManager/PingDevice
28.08.2026 7:08:03	Information:	{
"Hash": "w9LjvpRCyoByGV3Lzv0iX9dSI0tLK0uV+pRojL1kufc=",
"Status": 0
}


28.08.2026 7:08:03	Information:	Ping ret is {"Status":0,"Comment":null}
28.08.2026 7:10:04	Information:	url https://lab-vko.dmed.kz/ /api/DriverManager/PingDevice
28.08.2026 7:10:04	Information:	{
"Hash": "w9LjvpRCyoByGV3Lzv0iX9dSI0tLK0uV+pRojL1kufc=",
"Status": 0
}


28.08.2026 7:10:04	Information:	Ping ret is {"Status":0,"Comment":null}
28.08.2026 7:12:04	Information:	url https://lab-vko.dmed.kz/ /api/DriverManager/PingDevice
28.08.2026 7:12:04	Information:	{
"Hash": "w9LjvpRCyoByGV3Lzv0iX9dSI0tLK0uV+pRojL1kufc=",
"Status": 0
}


28.08.2026 7:12:04	Information:	Ping ret is {"Status":0,"Comment":null}
28.08.2026 7:14:05	Information:	url https://lab-vko.dmed.kz/ /api/DriverManager/PingDevice
28.08.2026 7:14:05	Information:	{
"Hash": "w9LjvpRCyoByGV3Lzv0iX9dSI0tLK0uV+pRojL1kufc=",
"Status": 0
}


28.08.2026 7:14:05	Information:	Ping ret is {"Status":0,"Comment":null}
28.08.2026 7:16:25	Information:	url https://lab-vko.dmed.kz/ /api/DriverManager/PingDevice
28.08.2026 7:16:25	Information:	{
"Hash": "w9LjvpRCyoByGV3Lzv0iX9dSI0tLK0uV+pRojL1kufc=",
"Status": 0
}


28.08.2026 7:16:25	Information:	Ping ret is {"Status":0,"Comment":null}
28.08.2026 7:18:45	Information:	url https://lab-vko.dmed.kz/ /api/DriverManager/PingDevice
28.08.2026 7:18:45	Information:	{
"Hash": "w9LjvpRCyoByGV3Lzv0iX9dSI0tLK0uV+pRojL1kufc=",
"Status": 0
}


28.08.2026 7:18:45	Information:	Ping ret is {"Status":0,"Comment":null}
28.08.2026 7:21:24	Information:	Error in Monitoring. Driver Ping w9LjvpRCyoByGV3Lzv0iX9dSI0tLK0uV+pRojL1kufc=
28.08.2026 7:21:24	Information:	Базовое соединение закрыто: Непредвиденная ошибка при передаче.
28.08.2026 7:24:03	Information:	Error in Monitoring. Driver Ping w9LjvpRCyoByGV3Lzv0iX9dSI0tLK0uV+pRojL1kufc=
28.08.2026 7:24:03	Information:	Базовое соединение закрыто: Непредвиденная ошибка при передаче.
28.08.2026 7:26:03	Information:	url https://lab-vko.dmed.kz/ /api/DriverManager/PingDevice
28.08.2026 7:26:03	Information:	{
"Hash": "w9LjvpRCyoByGV3Lzv0iX9dSI0tLK0uV+pRojL1kufc=",
"Status": 0
}


28.08.2026 7:26:03	Information:	Ping ret is {"Status":0,"Comment":null}
28.08.2026 7:28:04	Information:	url https://lab-vko.dmed.kz/ /api/DriverManager/PingDevice
28.08.2026 7:28:04	Information:	{
"Hash": "w9LjvpRCyoByGV3Lzv0iX9dSI0tLK0uV+pRojL1kufc=",
"Status": 0
}


28.08.2026 7:28:04	Information:	Ping ret is {"Status":0,"Comment":null}
28.08.2026 7:30:04	Information:	url https://lab-vko.dmed.kz/ /api/DriverManager/PingDevice
28.08.2026 7:30:04	Information:	{
"Hash": "w9LjvpRCyoByGV3Lzv0iX9dSI0tLK0uV+pRojL1kufc=",
"Status": 0
}


28.08.2026 7:30:04	Information:	Ping ret is {"Status":0,"Comment":null}
28.08.2026 7:32:05	Information:	url https://lab-vko.dmed.kz/ /api/DriverManager/PingDevice
28.08.2026 7:32:05	Information:	{
"Hash": "w9LjvpRCyoByGV3Lzv0iX9dSI0tLK0uV+pRojL1kufc=",
"Status": 0
}


28.08.2026 7:32:05	Information:	Ping ret is {"Status":0,"Comment":null}
28.08.2026 7:34:05	Information:	url https://lab-vko.dmed.kz/ /api/DriverManager/PingDevice
28.08.2026 7:34:05	Information:	{
"Hash": "w9LjvpRCyoByGV3Lzv0iX9dSI0tLK0uV+pRojL1kufc=",
"Status": 0
}


28.08.2026 7:34:05	Information:	Ping ret is {"Status":0,"Comment":null}
28.08.2026 7:36:44	Information:	Error in Monitoring. Driver Ping w9LjvpRCyoByGV3Lzv0iX9dSI0tLK0uV+pRojL1kufc=
28.08.2026 7:36:44	Information:	Базовое соединение закрыто: Непредвиденная ошибка при передаче.
28.08.2026 7:39:42	Information:	Error in Monitoring. Driver Ping w9LjvpRCyoByGV3Lzv0iX9dSI0tLK0uV+pRojL1kufc=
28.08.2026 7:39:42	Information:	Базовое соединение закрыто: Непредвиденная ошибка при передаче.
28.08.2026 7:41:43	Information:	url https://lab-vko.dmed.kz/ /api/DriverManager/PingDevice
28.08.2026 7:41:43	Information:	{
"Hash": "w9LjvpRCyoByGV3Lzv0iX9dSI0tLK0uV+pRojL1kufc=",
"Status": 0
}


28.08.2026 7:41:43	Information:	Ping ret is {"Status":0,"Comment":null}
28.08.2026 7:43:43	Information:	url https://lab-vko.dmed.kz/ /api/DriverManager/PingDevice
28.08.2026 7:43:43	Information:	{
"Hash": "w9LjvpRCyoByGV3Lzv0iX9dSI0tLK0uV+pRojL1kufc=",
"Status": 0
}


28.08.2026 7:43:43	Information:	Ping ret is {"Status":0,"Comment":null}
28.08.2026 7:46:42	Information:	Error in Monitoring. Driver Ping w9LjvpRCyoByGV3Lzv0iX9dSI0tLK0uV+pRojL1kufc=
28.08.2026 7:46:42	Information:	Базовое соединение закрыто: Непредвиденная ошибка при передаче.
28.08.2026 7:49:21	Information:	Error in Monitoring. Driver Ping w9LjvpRCyoByGV3Lzv0iX9dSI0tLK0uV+pRojL1kufc=
28.08.2026 7:49:21	Information:	Базовое соединение закрыто: Непредвиденная ошибка при передаче.
28.08.2026 7:51:40	Information:	url https://lab-vko.dmed.kz/ /api/DriverManager/PingDevice
28.08.2026 7:51:40	Information:	{
"Hash": "w9LjvpRCyoByGV3Lzv0iX9dSI0tLK0uV+pRojL1kufc=",
"Status": 0
}


28.08.2026 7:51:40	Information:	Ping ret is {"Status":0,"Comment":null}
28.08.2026 7:53:41	Information:	url https://lab-vko.dmed.kz/ /api/DriverManager/PingDevice
28.08.2026 7:53:41	Information:	{
"Hash": "w9LjvpRCyoByGV3Lzv0iX9dSI0tLK0uV+pRojL1kufc=",
"Status": 0
}


28.08.2026 7:53:41	Information:	Ping ret is {"Status":0,"Comment":null}
28.08.2026 7:56:20	Information:	Error in Monitoring. Driver Ping w9LjvpRCyoByGV3Lzv0iX9dSI0tLK0uV+pRojL1kufc=
28.08.2026 7:56:20	Information:	Базовое соединение закрыто: Непредвиденная ошибка при передаче.
28.08.2026 7:58:40	Information:	url https://lab-vko.dmed.kz/ /api/DriverManager/PingDevice
28.08.2026 7:58:40	Information:	{
"Hash": "w9LjvpRCyoByGV3Lzv0iX9dSI0tLK0uV+pRojL1kufc=",
"Status": 0
}


28.08.2026 7:58:40	Information:	Ping ret is {"Status":0,"Comment":null}
28.08.2026 8:00:40	Information:	url https://lab-vko.dmed.kz/ /api/DriverManager/PingDevice
28.08.2026 8:00:40	Information:	{
"Hash": "w9LjvpRCyoByGV3Lzv0iX9dSI0tLK0uV+pRojL1kufc=",
"Status": 0
}


28.08.2026 8:00:40	Information:	Ping ret is {"Status":0,"Comment":null}
28.08.2026 8:02:41	Information:	url https://lab-vko.dmed.kz/ /api/DriverManager/PingDevice
28.08.2026 8:02:41	Information:	{
"Hash": "w9LjvpRCyoByGV3Lzv0iX9dSI0tLK0uV+pRojL1kufc=",
"Status": 0
}


28.08.2026 8:02:41	Information:	Ping ret is {"Status":0,"Comment":null}
28.08.2026 8:05:00	Information:	url https://lab-vko.dmed.kz/ /api/DriverManager/PingDevice
28.08.2026 8:05:00	Information:	{
"Hash": "w9LjvpRCyoByGV3Lzv0iX9dSI0tLK0uV+pRojL1kufc=",
"Status": 0
}


28.08.2026 8:05:00	Information:	Ping ret is {"Status":0,"Comment":null}
28.08.2026 8:07:39	Information:	Error in Monitoring. Driver Ping w9LjvpRCyoByGV3Lzv0iX9dSI0tLK0uV+pRojL1kufc=
28.08.2026 8:07:39	Information:	Базовое соединение закрыто: Непредвиденная ошибка при передаче.
28.08.2026 8:09:40	Information:	url https://lab-vko.dmed.kz/ /api/DriverManager/PingDevice
28.08.2026 8:09:40	Information:	{
"Hash": "w9LjvpRCyoByGV3Lzv0iX9dSI0tLK0uV+pRojL1kufc=",
"Status": 0
}


28.08.2026 8:09:40	Information:	Ping ret is {"Status":0,"Comment":null}
28.08.2026 8:11:41	Information:	url https://lab-vko.dmed.kz/ /api/DriverManager/PingDevice
28.08.2026 8:11:41	Information:	{
"Hash": "w9LjvpRCyoByGV3Lzv0iX9dSI0tLK0uV+pRojL1kufc=",
"Status": 0
}


28.08.2026 8:11:41	Information:	Ping ret is {"Status":0,"Comment":null}
28.08.2026 8:14:20	Information:	Error in Monitoring. Driver Ping w9LjvpRCyoByGV3Lzv0iX9dSI0tLK0uV+pRojL1kufc=
28.08.2026 8:14:20	Information:	Базовое соединение закрыто: Непредвиденная ошибка при передаче.
28.08.2026 8:16:58	Information:	Error in Monitoring. Driver Ping w9LjvpRCyoByGV3Lzv0iX9dSI0tLK0uV+pRojL1kufc=
28.08.2026 8:16:58	Information:	Базовое соединение закрыто: Непредвиденная ошибка при передаче.
28.08.2026 8:19:02	Information:	url https://lab-vko.dmed.kz/ /api/DriverManager/PingDevice
28.08.2026 8:19:02	Information:	{
"Hash": "w9LjvpRCyoByGV3Lzv0iX9dSI0tLK0uV+pRojL1kufc=",
"Status": 0
}


28.08.2026 8:19:02	Information:	Ping ret is {"Status":0,"Comment":null}
28.08.2026 8:21:22	Information:	url https://lab-vko.dmed.kz/ /api/DriverManager/PingDevice
28.08.2026 8:21:22	Information:	{
"Hash": "w9LjvpRCyoByGV3Lzv0iX9dSI0tLK0uV+pRojL1kufc=",
"Status": 0
}


28.08.2026 8:21:22	Information:	Ping ret is {"Status":0,"Comment":null}
28.08.2026 8:23:41	Information:	url https://lab-vko.dmed.kz/ /api/DriverManager/PingDevice
28.08.2026 8:23:41	Information:	{
"Hash": "w9LjvpRCyoByGV3Lzv0iX9dSI0tLK0uV+pRojL1kufc=",
"Status": 0
}


28.08.2026 8:23:41	Information:	Ping ret is {"Status":0,"Comment":null}
28.08.2026 8:26:20	Information:	Error in Monitoring. Driver Ping w9LjvpRCyoByGV3Lzv0iX9dSI0tLK0uV+pRojL1kufc=
28.08.2026 8:26:20	Information:	Базовое соединение закрыто: Непредвиденная ошибка при передаче.
28.08.2026 8:28:59	Information:	Error in Monitoring. Driver Ping w9LjvpRCyoByGV3Lzv0iX9dSI0tLK0uV+pRojL1kufc=
28.08.2026 8:28:59	Information:	Базовое соединение закрыто: Непредвиденная ошибка при передаче.
28.08.2026 8:31:00	Information:	url https://lab-vko.dmed.kz/ /api/DriverManager/PingDevice
28.08.2026 8:31:00	Information:	{
"Hash": "w9LjvpRCyoByGV3Lzv0iX9dSI0tLK0uV+pRojL1kufc=",
"Status": 0
}


28.08.2026 8:31:00	Information:	Ping ret is {"Status":0,"Comment":null}
28.08.2026 8:33:00	Information:	url https://lab-vko.dmed.kz/ /api/DriverManager/PingDevice
28.08.2026 8:33:00	Information:	{
"Hash": "w9LjvpRCyoByGV3Lzv0iX9dSI0tLK0uV+pRojL1kufc=",
"Status": 0
}


28.08.2026 8:33:00	Information:	Ping ret is {"Status":0,"Comment":null}
28.08.2026 8:35:01	Information:	url https://lab-vko.dmed.kz/ /api/DriverManager/PingDevice
28.08.2026 8:35:01	Information:	{
"Hash": "w9LjvpRCyoByGV3Lzv0iX9dSI0tLK0uV+pRojL1kufc=",
"Status": 0
}


28.08.2026 8:35:01	Information:	Ping ret is {"Status":0,"Comment":null}
28.08.2026 8:37:39	Information:	Error in Monitoring. Driver Ping w9LjvpRCyoByGV3Lzv0iX9dSI0tLK0uV+pRojL1kufc=
28.08.2026 8:37:39	Information:	Базовое соединение закрыто: Непредвиденная ошибка при передаче.
28.08.2026 8:40:18	Information:	Error in Monitoring. Driver Ping w9LjvpRCyoByGV3Lzv0iX9dSI0tLK0uV+pRojL1kufc=
28.08.2026 8:40:18	Information:	Базовое соединение закрыто: Непредвиденная ошибка при передаче.
28.08.2026 8:42:57	Information:	Error in Monitoring. Driver Ping w9LjvpRCyoByGV3Lzv0iX9dSI0tLK0uV+pRojL1kufc=
28.08.2026 8:42:57	Information:	Базовое соединение закрыто: Непредвиденная ошибка при передаче.
28.08.2026 8:44:58	Information:	url https://lab-vko.dmed.kz/ /api/DriverManager/PingDevice
28.08.2026 8:44:58	Information:	{
"Hash": "w9LjvpRCyoByGV3Lzv0iX9dSI0tLK0uV+pRojL1kufc=",
"Status": 0
}


28.08.2026 8:44:58	Information:	Ping ret is {"Status":0,"Comment":null}
28.08.2026 8:47:18	Information:	url https://lab-vko.dmed.kz/ /api/DriverManager/PingDevice
28.08.2026 8:47:18	Information:	{
"Hash": "w9LjvpRCyoByGV3Lzv0iX9dSI0tLK0uV+pRojL1kufc=",
"Status": 0
}


28.08.2026 8:47:18	Information:	Ping ret is {"Status":0,"Comment":null}
28.08.2026 8:49:57	Information:	Error in Monitoring. Driver Ping w9LjvpRCyoByGV3Lzv0iX9dSI0tLK0uV+pRojL1kufc=
28.08.2026 8:49:57	Information:	Базовое соединение закрыто: Непредвиденная ошибка при передаче.
28.08.2026 8:51:57	Information:	url https://lab-vko.dmed.kz/ /api/DriverManager/PingDevice
28.08.2026 8:51:57	Information:	{
"Hash": "w9LjvpRCyoByGV3Lzv0iX9dSI0tLK0uV+pRojL1kufc=",
"Status": 0
}


28.08.2026 8:51:57	Information:	Ping ret is {"Status":0,"Comment":null}
28.08.2026 8:54:17	Information:	url https://lab-vko.dmed.kz/ /api/DriverManager/PingDevice
28.08.2026 8:54:17	Information:	{
"Hash": "w9LjvpRCyoByGV3Lzv0iX9dSI0tLK0uV+pRojL1kufc=",
"Status": 0
}


28.08.2026 8:54:17	Information:	Ping ret is {"Status":0,"Comment":null}
28.08.2026 8:56:37	Information:	url https://lab-vko.dmed.kz/ /api/DriverManager/PingDevice
28.08.2026 8:56:37	Information:	{
"Hash": "w9LjvpRCyoByGV3Lzv0iX9dSI0tLK0uV+pRojL1kufc=",
"Status": 0
}


28.08.2026 8:56:37	Information:	Ping ret is {"Status":0,"Comment":null}
28.08.2026 8:59:15	Information:	Error in Monitoring. Driver Ping w9LjvpRCyoByGV3Lzv0iX9dSI0tLK0uV+pRojL1kufc=
28.08.2026 8:59:15	Information:	Базовое соединение закрыто: Непредвиденная ошибка при передаче.
28.08.2026 9:01:16	Information:	url https://lab-vko.dmed.kz/ /api/DriverManager/PingDevice
28.08.2026 9:01:16	Information:	{
"Hash": "w9LjvpRCyoByGV3Lzv0iX9dSI0tLK0uV+pRojL1kufc=",
"Status": 0
}


28.08.2026 9:01:16	Information:	Ping ret is {"Status":0,"Comment":null}
28.08.2026 9:03:17	Information:	url https://lab-vko.dmed.kz/ /api/DriverManager/PingDevice
28.08.2026 9:03:17	Information:	{
"Hash": "w9LjvpRCyoByGV3Lzv0iX9dSI0tLK0uV+pRojL1kufc=",
"Status": 0
}


28.08.2026 9:03:17	Information:	Ping ret is {"Status":0,"Comment":null}
28.08.2026 9:05:56	Information:	url https://lab-vko.dmed.kz/ /api/DriverManager/PingDevice
28.08.2026 9:05:56	Information:	{
"Hash": "w9LjvpRCyoByGV3Lzv0iX9dSI0tLK0uV+pRojL1kufc=",
"Status": 0
}


28.08.2026 9:05:56	Information:	Ping ret is {"Status":0,"Comment":null}
28.08.2026 9:07:56	Information:	url https://lab-vko.dmed.kz/ /api/DriverManager/PingDevice
28.08.2026 9:07:56	Information:	{
"Hash": "w9LjvpRCyoByGV3Lzv0iX9dSI0tLK0uV+pRojL1kufc=",
"Status": 0
}


28.08.2026 9:07:56	Information:	Ping ret is {"Status":0,"Comment":null}
28.08.2026 9:10:35	Information:	Error in Monitoring. Driver Ping w9LjvpRCyoByGV3Lzv0iX9dSI0tLK0uV+pRojL1kufc=
28.08.2026 9:10:35	Information:	Базовое соединение закрыто: Непредвиденная ошибка при передаче.
28.08.2026 9:12:36	Information:	url https://lab-vko.dmed.kz/ /api/DriverManager/PingDevice
28.08.2026 9:12:36	Information:	{
"Hash": "w9LjvpRCyoByGV3Lzv0iX9dSI0tLK0uV+pRojL1kufc=",
"Status": 0
}


28.08.2026 9:12:36	Information:	Ping ret is {"Status":0,"Comment":null}
28.08.2026 9:14:55	Information:	url https://lab-vko.dmed.kz/ /api/DriverManager/PingDevice
28.08.2026 9:14:55	Information:	{
"Hash": "w9LjvpRCyoByGV3Lzv0iX9dSI0tLK0uV+pRojL1kufc=",
"Status": 0
}


28.08.2026 9:14:55	Information:	Ping ret is {"Status":0,"Comment":null}
28.08.2026 9:17:34	Information:	Error in Monitoring. Driver Ping w9LjvpRCyoByGV3Lzv0iX9dSI0tLK0uV+pRojL1kufc=
28.08.2026 9:17:34	Information:	Базовое соединение закрыто: Непредвиденная ошибка при передаче.
28.08.2026 9:19:54	Information:	url https://lab-vko.dmed.kz/ /api/DriverManager/PingDevice
28.08.2026 9:19:54	Information:	{
"Hash": "w9LjvpRCyoByGV3Lzv0iX9dSI0tLK0uV+pRojL1kufc=",
"Status": 0
}


28.08.2026 9:19:54	Information:	Ping ret is {"Status":0,"Comment":null}
28.08.2026 9:21:55	Information:	url https://lab-vko.dmed.kz/ /api/DriverManager/PingDevice
28.08.2026 9:21:55	Information:	{
"Hash": "w9LjvpRCyoByGV3Lzv0iX9dSI0tLK0uV+pRojL1kufc=",
"Status": 0
}


28.08.2026 9:21:55	Information:	Ping ret is {"Status":0,"Comment":null}
28.08.2026 9:24:34	Information:	Error in Monitoring. Driver Ping w9LjvpRCyoByGV3Lzv0iX9dSI0tLK0uV+pRojL1kufc=
28.08.2026 9:24:34	Information:	Базовое соединение закрыто: Непредвиденная ошибка при передаче.
28.08.2026 9:27:12	Information:	Error in Monitoring. Driver Ping w9LjvpRCyoByGV3Lzv0iX9dSI0tLK0uV+pRojL1kufc=
28.08.2026 9:27:12	Information:	Базовое соединение закрыто: Непредвиденная ошибка при передаче.
28.08.2026 9:29:51	Information:	Error in Monitoring. Driver Ping w9LjvpRCyoByGV3Lzv0iX9dSI0tLK0uV+pRojL1kufc=
28.08.2026 9:29:51	Information:	Базовое соединение закрыто: Непредвиденная ошибка при передаче.
28.08.2026 9:32:30	Information:	Error in Monitoring. Driver Ping w9LjvpRCyoByGV3Lzv0iX9dSI0tLK0uV+pRojL1kufc=
28.08.2026 9:32:30	Information:	Базовое соединение закрыто: Непредвиденная ошибка при передаче.
28.08.2026 9:35:09	Information:	Error in Monitoring. Driver Ping w9LjvpRCyoByGV3Lzv0iX9dSI0tLK0uV+pRojL1kufc=
28.08.2026 9:35:09	Information:	Базовое соединение закрыто: Непредвиденная ошибка при передаче.
28.08.2026 9:37:09	Information:	url https://lab-vko.dmed.kz/ /api/DriverManager/PingDevice
28.08.2026 9:37:09	Information:	{
"Hash": "w9LjvpRCyoByGV3Lzv0iX9dSI0tLK0uV+pRojL1kufc=",
"Status": 0
}


28.08.2026 9:37:09	Information:	Ping ret is {"Status":0,"Comment":null}
28.08.2026 9:39:48	Information:	Error in Monitoring. Driver Ping w9LjvpRCyoByGV3Lzv0iX9dSI0tLK0uV+pRojL1kufc=
28.08.2026 9:39:48	Information:	Базовое соединение закрыто: Непредвиденная ошибка при передаче.
28.08.2026 9:42:08	Information:	url https://lab-vko.dmed.kz/ /api/DriverManager/PingDevice
28.08.2026 9:42:08	Information:	{
"Hash": "w9LjvpRCyoByGV3Lzv0iX9dSI0tLK0uV+pRojL1kufc=",
"Status": 0
}


28.08.2026 9:42:08	Information:	Ping ret is {"Status":0,"Comment":null}
28.08.2026 9:44:09	Information:	url https://lab-vko.dmed.kz/ /api/DriverManager/PingDevice
28.08.2026 9:44:09	Information:	{
"Hash": "w9LjvpRCyoByGV3Lzv0iX9dSI0tLK0uV+pRojL1kufc=",
"Status": 0
}


28.08.2026 9:44:09	Information:	Ping ret is {"Status":0,"Comment":null}
28.08.2026 9:46:29	Information:	url https://lab-vko.dmed.kz/ /api/DriverManager/PingDevice
28.08.2026 9:46:29	Information:	{
"Hash": "w9LjvpRCyoByGV3Lzv0iX9dSI0tLK0uV+pRojL1kufc=",
"Status": 0
}


28.08.2026 9:46:29	Information:	Ping ret is {"Status":0,"Comment":null}
28.08.2026 9:48:48	Information:	url https://lab-vko.dmed.kz/ /api/DriverManager/PingDevice
28.08.2026 9:48:48	Information:	{
"Hash": "w9LjvpRCyoByGV3Lzv0iX9dSI0tLK0uV+pRojL1kufc=",
"Status": 0
}


28.08.2026 9:48:48	Information:	Ping ret is {"Status":0,"Comment":null}
28.08.2026 9:51:08	Information:	url https://lab-vko.dmed.kz/ /api/DriverManager/PingDevice
28.08.2026 9:51:08	Information:	{
"Hash": "w9LjvpRCyoByGV3Lzv0iX9dSI0tLK0uV+pRojL1kufc=",
"Status": 0
}


28.08.2026 9:51:08	Information:	Ping ret is {"Status":0,"Comment":null}
28.08.2026 9:53:28	Information:	url https://lab-vko.dmed.kz/ /api/DriverManager/PingDevice
28.08.2026 9:53:28	Information:	{
"Hash": "w9LjvpRCyoByGV3Lzv0iX9dSI0tLK0uV+pRojL1kufc=",
"Status": 0
}


28.08.2026 9:53:28	Information:	Ping ret is {"Status":0,"Comment":null}
28.08.2026 9:56:07	Information:	Error in Monitoring. Driver Ping w9LjvpRCyoByGV3Lzv0iX9dSI0tLK0uV+pRojL1kufc=
28.08.2026 9:56:07	Information:	Базовое соединение закрыто: Непредвиденная ошибка при передаче.
28.08.2026 9:58:07	Information:	url https://lab-vko.dmed.kz/ /api/DriverManager/PingDevice
28.08.2026 9:58:07	Information:	{
"Hash": "w9LjvpRCyoByGV3Lzv0iX9dSI0tLK0uV+pRojL1kufc=",
"Status": 0
}


28.08.2026 9:58:07	Information:	Ping ret is {"Status":0,"Comment":null}
28.08.2026 10:00:27	Information:	url https://lab-vko.dmed.kz/ /api/DriverManager/PingDevice
28.08.2026 10:00:27	Information:	{
"Hash": "w9LjvpRCyoByGV3Lzv0iX9dSI0tLK0uV+pRojL1kufc=",
"Status": 0
}


28.08.2026 10:00:27	Information:	Ping ret is {"Status":0,"Comment":null}
28.08.2026 10:02:47	Information:	url https://lab-vko.dmed.kz/ /api/DriverManager/PingDevice
28.08.2026 10:02:47	Information:	{
"Hash": "w9LjvpRCyoByGV3Lzv0iX9dSI0tLK0uV+pRojL1kufc=",
"Status": 0
}


28.08.2026 10:02:47	Information:	Ping ret is {"Status":0,"Comment":null}
28.08.2026 10:04:47	Information:	url https://lab-vko.dmed.kz/ /api/DriverManager/PingDevice
28.08.2026 10:04:47	Information:	{
"Hash": "w9LjvpRCyoByGV3Lzv0iX9dSI0tLK0uV+pRojL1kufc=",
"Status": 0
}


28.08.2026 10:04:47	Information:	Ping ret is {"Status":0,"Comment":null}
28.08.2026 10:07:26	Information:	url https://lab-vko.dmed.kz/ /api/DriverManager/PingDevice
28.08.2026 10:07:26	Information:	{
"Hash": "w9LjvpRCyoByGV3Lzv0iX9dSI0tLK0uV+pRojL1kufc=",
"Status": 0
}


28.08.2026 10:07:26	Information:	Ping ret is {"Status":0,"Comment":null}
28.08.2026 10:09:27	Information:	url https://lab-vko.dmed.kz/ /api/DriverManager/PingDevice
28.08.2026 10:09:27	Information:	{
"Hash": "w9LjvpRCyoByGV3Lzv0iX9dSI0tLK0uV+pRojL1kufc=",
"Status": 0
}


28.08.2026 10:09:27	Information:	Ping ret is {"Status":0,"Comment":null}
28.08.2026 10:11:47	Information:	url https://lab-vko.dmed.kz/ /api/DriverManager/PingDevice
28.08.2026 10:11:47	Information:	{
"Hash": "w9LjvpRCyoByGV3Lzv0iX9dSI0tLK0uV+pRojL1kufc=",
"Status": 0
}


28.08.2026 10:11:47	Information:	Ping ret is {"Status":0,"Comment":null}
28.08.2026 10:13:47	Information:	url https://lab-vko.dmed.kz/ /api/DriverManager/PingDevice
28.08.2026 10:13:47	Information:	{
"Hash": "w9LjvpRCyoByGV3Lzv0iX9dSI0tLK0uV+pRojL1kufc=",
"Status": 0
}


28.08.2026 10:13:47	Information:	Ping ret is {"Status":0,"Comment":null}
28.08.2026 10:16:26	Information:	Error in Monitoring. Driver Ping w9LjvpRCyoByGV3Lzv0iX9dSI0tLK0uV+pRojL1kufc=
28.08.2026 10:16:26	Information:	Базовое соединение закрыто: Непредвиденная ошибка при передаче.
28.08.2026 10:19:05	Information:	Error in Monitoring. Driver Ping w9LjvpRCyoByGV3Lzv0iX9dSI0tLK0uV+pRojL1kufc=
28.08.2026 10:19:05	Information:	Базовое соединение закрыто: Непредвиденная ошибка при передаче.
28.08.2026 10:21:05	Information:	url https://lab-vko.dmed.kz/ /api/DriverManager/PingDevice
28.08.2026 10:21:05	Information:	{
"Hash": "w9LjvpRCyoByGV3Lzv0iX9dSI0tLK0uV+pRojL1kufc=",
"Status": 0
}


28.08.2026 10:21:05	Information:	Ping ret is {"Status":0,"Comment":null}
28.08.2026 10:23:06	Information:	url https://lab-vko.dmed.kz/ /api/DriverManager/PingDevice
28.08.2026 10:23:06	Information:	{
"Hash": "w9LjvpRCyoByGV3Lzv0iX9dSI0tLK0uV+pRojL1kufc=",
"Status": 0
}


28.08.2026 10:23:06	Information:	Ping ret is {"Status":0,"Comment":null}
28.08.2026 10:25:06	Information:	url https://lab-vko.dmed.kz/ /api/DriverManager/PingDevice
28.08.2026 10:25:06	Information:	{
"Hash": "w9LjvpRCyoByGV3Lzv0iX9dSI0tLK0uV+pRojL1kufc=",
"Status": 0
}


28.08.2026 10:25:06	Information:	Ping ret is {"Status":0,"Comment":null}
28.08.2026 10:27:26	Information:	url https://lab-vko.dmed.kz/ /api/DriverManager/PingDevice
28.08.2026 10:27:26	Information:	{
"Hash": "w9LjvpRCyoByGV3Lzv0iX9dSI0tLK0uV+pRojL1kufc=",
"Status": 0
}


28.08.2026 10:27:26	Information:	Ping ret is {"Status":0,"Comment":null}
28.08.2026 10:29:27	Information:	url https://lab-vko.dmed.kz/ /api/DriverManager/PingDevice
28.08.2026 10:29:27	Information:	{
"Hash": "w9LjvpRCyoByGV3Lzv0iX9dSI0tLK0uV+pRojL1kufc=",
"Status": 0
}


28.08.2026 10:29:27	Information:	Ping ret is {"Status":0,"Comment":null}
28.08.2026 10:32:06	Information:	Error in Monitoring. Driver Ping w9LjvpRCyoByGV3Lzv0iX9dSI0tLK0uV+pRojL1kufc=
28.08.2026 10:32:06	Information:	Базовое соединение закрыто: Непредвиденная ошибка при передаче.
28.08.2026 10:34:44	Information:	Error in Monitoring. Driver Ping w9LjvpRCyoByGV3Lzv0iX9dSI0tLK0uV+pRojL1kufc=
28.08.2026 10:34:44	Information:	Базовое соединение закрыто: Непредвиденная ошибка при передаче.
28.08.2026 10:37:04	Information:	url https://lab-vko.dmed.kz/ /api/DriverManager/PingDevice
28.08.2026 10:37:04	Information:	{
"Hash": "w9LjvpRCyoByGV3Lzv0iX9dSI0tLK0uV+pRojL1kufc=",
"Status": 0
}


28.08.2026 10:37:04	Information:	Ping ret is {"Status":0,"Comment":null}
28.08.2026 10:39:05	Information:	url https://lab-vko.dmed.kz/ /api/DriverManager/PingDevice
28.08.2026 10:39:05	Information:	{
"Hash": "w9LjvpRCyoByGV3Lzv0iX9dSI0tLK0uV+pRojL1kufc=",
"Status": 0
}


28.08.2026 10:39:05	Information:	Ping ret is {"Status":0,"Comment":null}
28.08.2026 10:41:05	Information:	url https://lab-vko.dmed.kz/ /api/DriverManager/PingDevice
28.08.2026 10:41:05	Information:	{
"Hash": "w9LjvpRCyoByGV3Lzv0iX9dSI0tLK0uV+pRojL1kufc=",
"Status": 0
}


28.08.2026 10:41:05	Information:	Ping ret is {"Status":0,"Comment":null}
28.08.2026 10:43:44	Information:	Error in Monitoring. Driver Ping w9LjvpRCyoByGV3Lzv0iX9dSI0tLK0uV+pRojL1kufc=
28.08.2026 10:43:44	Information:	Базовое соединение закрыто: Непредвиденная ошибка при передаче.
28.08.2026 10:46:23	Information:	Error in Monitoring. Driver Ping w9LjvpRCyoByGV3Lzv0iX9dSI0tLK0uV+pRojL1kufc=
28.08.2026 10:46:23	Information:	Базовое соединение закрыто: Непредвиденная ошибка при передаче.
28.08.2026 10:48:23	Information:	url https://lab-vko.dmed.kz/ /api/DriverManager/PingDevice
28.08.2026 10:48:23	Information:	{
"Hash": "w9LjvpRCyoByGV3Lzv0iX9dSI0tLK0uV+pRojL1kufc=",
"Status": 0
}


28.08.2026 10:48:23	Information:	Ping ret is {"Status":0,"Comment":null}
28.08.2026 10:50:43	Information:	url https://lab-vko.dmed.kz/ /api/DriverManager/PingDevice
28.08.2026 10:50:43	Information:	{
"Hash": "w9LjvpRCyoByGV3Lzv0iX9dSI0tLK0uV+pRojL1kufc=",
"Status": 0
}


28.08.2026 10:50:43	Information:	Ping ret is {"Status":0,"Comment":null}
28.08.2026 10:52:44	Information:	url https://lab-vko.dmed.kz/ /api/DriverManager/PingDevice
28.08.2026 10:52:44	Information:	{
"Hash": "w9LjvpRCyoByGV3Lzv0iX9dSI0tLK0uV+pRojL1kufc=",
"Status": 0
}


28.08.2026 10:52:44	Information:	Ping ret is {"Status":0,"Comment":null}
28.08.2026 10:55:22	Information:	Error in Monitoring. Driver Ping w9LjvpRCyoByGV3Lzv0iX9dSI0tLK0uV+pRojL1kufc=
28.08.2026 10:55:22	Information:	Базовое соединение закрыто: Непредвиденная ошибка при передаче.
28.08.2026 10:57:42	Information:	url https://lab-vko.dmed.kz/ /api/DriverManager/PingDevice
28.08.2026 10:57:42	Information:	{
"Hash": "w9LjvpRCyoByGV3Lzv0iX9dSI0tLK0uV+pRojL1kufc=",
"Status": 0
}


28.08.2026 10:57:42	Information:	Ping ret is {"Status":0,"Comment":null}
28.08.2026 11:00:02	Information:	url https://lab-vko.dmed.kz/ /api/DriverManager/PingDevice
28.08.2026 11:00:02	Information:	{
"Hash": "w9LjvpRCyoByGV3Lzv0iX9dSI0tLK0uV+pRojL1kufc=",
"Status": 0
}


28.08.2026 11:00:02	Information:	Ping ret is {"Status":0,"Comment":null}
28.08.2026 11:02:03	Information:	url https://lab-vko.dmed.kz/ /api/DriverManager/PingDevice
28.08.2026 11:02:03	Information:	{
"Hash": "w9LjvpRCyoByGV3Lzv0iX9dSI0tLK0uV+pRojL1kufc=",
"Status": 0
}


28.08.2026 11:02:03	Information:	Ping ret is {"Status":0,"Comment":null}
28.08.2026 11:04:22	Information:	url https://lab-vko.dmed.kz/ /api/DriverManager/PingDevice
28.08.2026 11:04:22	Information:	{
"Hash": "w9LjvpRCyoByGV3Lzv0iX9dSI0tLK0uV+pRojL1kufc=",
"Status": 0
}


28.08.2026 11:04:22	Information:	Ping ret is {"Status":0,"Comment":null}
28.08.2026 11:06:23	Information:	url https://lab-vko.dmed.kz/ /api/DriverManager/PingDevice
28.08.2026 11:06:23	Information:	{
"Hash": "w9LjvpRCyoByGV3Lzv0iX9dSI0tLK0uV+pRojL1kufc=",
"Status": 0
}


28.08.2026 11:06:23	Information:	Ping ret is {"Status":0,"Comment":null}
28.08.2026 11:08:43	Information:	url https://lab-vko.dmed.kz/ /api/DriverManager/PingDevice
28.08.2026 11:08:43	Information:	{
"Hash": "w9LjvpRCyoByGV3Lzv0iX9dSI0tLK0uV+pRojL1kufc=",
"Status": 0
}


28.08.2026 11:08:43	Information:	Ping ret is {"Status":0,"Comment":null}
28.08.2026 11:10:43	Information:	url https://lab-vko.dmed.kz/ /api/DriverManager/PingDevice
28.08.2026 11:10:43	Information:	{
"Hash": "w9LjvpRCyoByGV3Lzv0iX9dSI0tLK0uV+pRojL1kufc=",
"Status": 0
}


28.08.2026 11:10:43	Information:	Ping ret is {"Status":0,"Comment":null}
28.08.2026 11:13:03	Information:	url https://lab-vko.dmed.kz/ /api/DriverManager/PingDevice
28.08.2026 11:13:03	Information:	{
"Hash": "w9LjvpRCyoByGV3Lzv0iX9dSI0tLK0uV+pRojL1kufc=",
"Status": 0
}


28.08.2026 11:13:03	Information:	Ping ret is {"Status":0,"Comment":null}
28.08.2026 11:15:42	Information:	Error in Monitoring. Driver Ping w9LjvpRCyoByGV3Lzv0iX9dSI0tLK0uV+pRojL1kufc=
28.08.2026 11:15:42	Information:	Базовое соединение закрыто: Непредвиденная ошибка при передаче.
28.08.2026 11:18:40	Information:	Error in Monitoring. Driver Ping w9LjvpRCyoByGV3Lzv0iX9dSI0tLK0uV+pRojL1kufc=
28.08.2026 11:18:40	Information:	Базовое соединение закрыто: Непредвиденная ошибка при передаче.
28.08.2026 11:20:40	Information:	url https://lab-vko.dmed.kz/ /api/DriverManager/PingDevice
28.08.2026 11:20:40	Information:	{
"Hash": "w9LjvpRCyoByGV3Lzv0iX9dSI0tLK0uV+pRojL1kufc=",
"Status": 0
}


28.08.2026 11:20:40	Information:	Ping ret is {"Status":0,"Comment":null}
28.08.2026 11:22:41	Information:	url https://lab-vko.dmed.kz/ /api/DriverManager/PingDevice
28.08.2026 11:22:41	Information:	{
"Hash": "w9LjvpRCyoByGV3Lzv0iX9dSI0tLK0uV+pRojL1kufc=",
"Status": 0
}


28.08.2026 11:22:41	Information:	Ping ret is {"Status":0,"Comment":null}
28.08.2026 11:25:01	Information:	url https://lab-vko.dmed.kz/ /api/DriverManager/PingDevice
28.08.2026 11:25:01	Information:	{
"Hash": "w9LjvpRCyoByGV3Lzv0iX9dSI0tLK0uV+pRojL1kufc=",
"Status": 0
}


28.08.2026 11:25:01	Information:	Ping ret is {"Status":0,"Comment":null}
28.08.2026 11:27:21	Information:	url https://lab-vko.dmed.kz/ /api/DriverManager/PingDevice
28.08.2026 11:27:21	Information:	{
"Hash": "w9LjvpRCyoByGV3Lzv0iX9dSI0tLK0uV+pRojL1kufc=",
"Status": 0
}


28.08.2026 11:27:21	Information:	Ping ret is {"Status":0,"Comment":null}
28.08.2026 11:29:21	Information:	url https://lab-vko.dmed.kz/ /api/DriverManager/PingDevice
28.08.2026 11:29:21	Information:	{
"Hash": "w9LjvpRCyoByGV3Lzv0iX9dSI0tLK0uV+pRojL1kufc=",
"Status": 0
}


28.08.2026 11:29:21	Information:	Ping ret is {"Status":0,"Comment":null}
28.08.2026 11:31:41	Information:	url https://lab-vko.dmed.kz/ /api/DriverManager/PingDevice
28.08.2026 11:31:41	Information:	{
"Hash": "w9LjvpRCyoByGV3Lzv0iX9dSI0tLK0uV+pRojL1kufc=",
"Status": 0
}


28.08.2026 11:31:41	Information:	Ping ret is {"Status":0,"Comment":null}
28.08.2026 11:34:00	Information:	url https://lab-vko.dmed.kz/ /api/DriverManager/PingDevice
28.08.2026 11:34:00	Information:	{
"Hash": "w9LjvpRCyoByGV3Lzv0iX9dSI0tLK0uV+pRojL1kufc=",
"Status": 0
}


28.08.2026 11:34:00	Information:	Ping ret is {"Status":0,"Comment":null}
28.08.2026 11:36:20	Information:	url https://lab-vko.dmed.kz/ /api/DriverManager/PingDevice
28.08.2026 11:36:20	Information:	{
"Hash": "w9LjvpRCyoByGV3Lzv0iX9dSI0tLK0uV+pRojL1kufc=",
"Status": 0
}


28.08.2026 11:36:20	Information:	Ping ret is {"Status":0,"Comment":null}
28.08.2026 11:38:21	Information:	url https://lab-vko.dmed.kz/ /api/DriverManager/PingDevice
28.08.2026 11:38:21	Information:	{
"Hash": "w9LjvpRCyoByGV3Lzv0iX9dSI0tLK0uV+pRojL1kufc=",
"Status": 0
}


28.08.2026 11:38:21	Information:	Ping ret is {"Status":0,"Comment":null}
28.08.2026 11:40:21	Information:	url https://lab-vko.dmed.kz/ /api/DriverManager/PingDevice
28.08.2026 11:40:21	Information:	{
"Hash": "w9LjvpRCyoByGV3Lzv0iX9dSI0tLK0uV+pRojL1kufc=",
"Status": 0
}


28.08.2026 11:40:21	Information:	Ping ret is {"Status":0,"Comment":null}
28.08.2026 11:42:22	Information:	url https://lab-vko.dmed.kz/ /api/DriverManager/PingDevice
28.08.2026 11:42:22	Information:	{
"Hash": "w9LjvpRCyoByGV3Lzv0iX9dSI0tLK0uV+pRojL1kufc=",
"Status": 0
}


28.08.2026 11:42:22	Information:	Ping ret is {"Status":0,"Comment":null}
28.08.2026 11:45:00	Information:	Error in Monitoring. Driver Ping w9LjvpRCyoByGV3Lzv0iX9dSI0tLK0uV+pRojL1kufc=
28.08.2026 11:45:00	Information:	Базовое соединение закрыто: Непредвиденная ошибка при передаче.
28.08.2026 11:47:39	Information:	Error in Monitoring. Driver Ping w9LjvpRCyoByGV3Lzv0iX9dSI0tLK0uV+pRojL1kufc=
28.08.2026 11:47:39	Information:	Базовое соединение закрыто: Непредвиденная ошибка при передаче.
28.08.2026 11:50:18	Information:	Error in Monitoring. Driver Ping w9LjvpRCyoByGV3Lzv0iX9dSI0tLK0uV+pRojL1kufc=
28.08.2026 11:50:18	Information:	Базовое соединение закрыто: Непредвиденная ошибка при передаче.
28.08.2026 11:52:19	Information:	url https://lab-vko.dmed.kz/ /api/DriverManager/PingDevice
28.08.2026 11:52:19	Information:	{
"Hash": "w9LjvpRCyoByGV3Lzv0iX9dSI0tLK0uV+pRojL1kufc=",
"Status": 0
}


28.08.2026 11:52:19	Information:	Ping ret is {"Status":0,"Comment":null}
28.08.2026 11:54:19	Information:	url https://lab-vko.dmed.kz/ /api/DriverManager/PingDevice
28.08.2026 11:54:19	Information:	{
"Hash": "w9LjvpRCyoByGV3Lzv0iX9dSI0tLK0uV+pRojL1kufc=",
"Status": 0
}


28.08.2026 11:54:19	Information:	Ping ret is {"Status":0,"Comment":null}
28.08.2026 11:56:59	Information:	url https://lab-vko.dmed.kz/ /api/DriverManager/PingDevice
28.08.2026 11:56:59	Information:	{
"Hash": "w9LjvpRCyoByGV3Lzv0iX9dSI0tLK0uV+pRojL1kufc=",
"Status": 0
}


28.08.2026 11:56:59	Information:	Ping ret is {"Status":0,"Comment":null}
28.08.2026 11:58:59	Information:	url https://lab-vko.dmed.kz/ /api/DriverManager/PingDevice
28.08.2026 11:58:59	Information:	{
"Hash": "w9LjvpRCyoByGV3Lzv0iX9dSI0tLK0uV+pRojL1kufc=",
"Status": 0
}


28.08.2026 11:58:59	Information:	Ping ret is {"Status":0,"Comment":null}
28.08.2026 12:01:19	Information:	url https://lab-vko.dmed.kz/ /api/DriverManager/PingDevice
28.08.2026 12:01:19	Information:	{
"Hash": "w9LjvpRCyoByGV3Lzv0iX9dSI0tLK0uV+pRojL1kufc=",
"Status": 0
}


28.08.2026 12:01:19	Information:	Ping ret is {"Status":0,"Comment":null}
28.08.2026 12:03:19	Information:	url https://lab-vko.dmed.kz/ /api/DriverManager/PingDevice
28.08.2026 12:03:19	Information:	{
"Hash": "w9LjvpRCyoByGV3Lzv0iX9dSI0tLK0uV+pRojL1kufc=",
"Status": 0
}


28.08.2026 12:03:19	Information:	Ping ret is {"Status":0,"Comment":null}
28.08.2026 12:05:58	Information:	url https://lab-vko.dmed.kz/ /api/DriverManager/PingDevice
28.08.2026 12:05:58	Information:	{
"Hash": "w9LjvpRCyoByGV3Lzv0iX9dSI0tLK0uV+pRojL1kufc=",
"Status": 0
}


28.08.2026 12:05:58	Information:	Ping ret is {"Status":0,"Comment":null}
28.08.2026 12:08:18	Information:	url https://lab-vko.dmed.kz/ /api/DriverManager/PingDevice
28.08.2026 12:08:18	Information:	{
"Hash": "w9LjvpRCyoByGV3Lzv0iX9dSI0tLK0uV+pRojL1kufc=",
"Status": 0
}


28.08.2026 12:08:18	Information:	Ping ret is {"Status":0,"Comment":null}
28.08.2026 12:10:18	Information:	url https://lab-vko.dmed.kz/ /api/DriverManager/PingDevice
28.08.2026 12:10:18	Information:	{
"Hash": "w9LjvpRCyoByGV3Lzv0iX9dSI0tLK0uV+pRojL1kufc=",
"Status": 0
}


28.08.2026 12:10:18	Information:	Ping ret is {"Status":0,"Comment":null}
28.08.2026 12:12:19	Information:	url https://lab-vko.dmed.kz/ /api/DriverManager/PingDevice
28.08.2026 12:12:19	Information:	{
"Hash": "w9LjvpRCyoByGV3Lzv0iX9dSI0tLK0uV+pRojL1kufc=",
"Status": 0
}


28.08.2026 12:12:19	Information:	Ping ret is {"Status":0,"Comment":null}
28.08.2026 12:14:39	Information:	url https://lab-vko.dmed.kz/ /api/DriverManager/PingDevice
28.08.2026 12:14:39	Information:	{
"Hash": "w9LjvpRCyoByGV3Lzv0iX9dSI0tLK0uV+pRojL1kufc=",
"Status": 0
}


28.08.2026 12:14:39	Information:	Ping ret is {"Status":0,"Comment":null}
28.08.2026 12:16:59	Information:	url https://lab-vko.dmed.kz/ /api/DriverManager/PingDevice
28.08.2026 12:16:59	Information:	{
"Hash": "w9LjvpRCyoByGV3Lzv0iX9dSI0tLK0uV+pRojL1kufc=",
"Status": 0
}


28.08.2026 12:16:59	Information:	Ping ret is {"Status":0,"Comment":null}
28.08.2026 12:18:59	Information:	url https://lab-vko.dmed.kz/ /api/DriverManager/PingDevice
28.08.2026 12:18:59	Information:	{
"Hash": "w9LjvpRCyoByGV3Lzv0iX9dSI0tLK0uV+pRojL1kufc=",
"Status": 0
}


28.08.2026 12:18:59	Information:	Ping ret is {"Status":0,"Comment":null}
28.08.2026 12:21:19	Information:	url https://lab-vko.dmed.kz/ /api/DriverManager/PingDevice
28.08.2026 12:21:19	Information:	{
"Hash": "w9LjvpRCyoByGV3Lzv0iX9dSI0tLK0uV+pRojL1kufc=",
"Status": 0
}


28.08.2026 12:21:19	Information:	Ping ret is {"Status":0,"Comment":null}
28.08.2026 12:23:58	Information:	Error in Monitoring. Driver Ping w9LjvpRCyoByGV3Lzv0iX9dSI0tLK0uV+pRojL1kufc=
28.08.2026 12:23:58	Information:	Базовое соединение закрыто: Непредвиденная ошибка при передаче.
28.08.2026 12:25:58	Information:	url https://lab-vko.dmed.kz/ /api/DriverManager/PingDevice
28.08.2026 12:25:58	Information:	{
"Hash": "w9LjvpRCyoByGV3Lzv0iX9dSI0tLK0uV+pRojL1kufc=",
"Status": 0
}


28.08.2026 12:25:58	Information:	Ping ret is {"Status":0,"Comment":null}
28.08.2026 12:28:18	Information:	url https://lab-vko.dmed.kz/ /api/DriverManager/PingDevice
28.08.2026 12:28:18	Information:	{
"Hash": "w9LjvpRCyoByGV3Lzv0iX9dSI0tLK0uV+pRojL1kufc=",
"Status": 0
}


28.08.2026 12:28:18	Information:	Ping ret is {"Status":0,"Comment":null}
28.08.2026 12:30:19	Information:	url https://lab-vko.dmed.kz/ /api/DriverManager/PingDevice
28.08.2026 12:30:19	Information:	{
"Hash": "w9LjvpRCyoByGV3Lzv0iX9dSI0tLK0uV+pRojL1kufc=",
"Status": 0
}


28.08.2026 12:30:19	Information:	Ping ret is {"Status":0,"Comment":null}
28.08.2026 12:32:39	Information:	url https://lab-vko.dmed.kz/ /api/DriverManager/PingDevice
28.08.2026 12:32:39	Information:	{
"Hash": "w9LjvpRCyoByGV3Lzv0iX9dSI0tLK0uV+pRojL1kufc=",
"Status": 0
}


28.08.2026 12:32:39	Information:	Ping ret is {"Status":0,"Comment":null}
28.08.2026 12:34:39	Information:	url https://lab-vko.dmed.kz/ /api/DriverManager/PingDevice
28.08.2026 12:34:39	Information:	{
"Hash": "w9LjvpRCyoByGV3Lzv0iX9dSI0tLK0uV+pRojL1kufc=",
"Status": 0
}


28.08.2026 12:34:39	Information:	Ping ret is {"Status":0,"Comment":null}
28.08.2026 12:36:59	Information:	url https://lab-vko.dmed.kz/ /api/DriverManager/PingDevice
28.08.2026 12:36:59	Information:	{
"Hash": "w9LjvpRCyoByGV3Lzv0iX9dSI0tLK0uV+pRojL1kufc=",
"Status": 0
}


28.08.2026 12:36:59	Information:	Ping ret is {"Status":0,"Comment":null}
28.08.2026 12:39:00	Information:	url https://lab-vko.dmed.kz/ /api/DriverManager/PingDevice
28.08.2026 12:39:00	Information:	{
"Hash": "w9LjvpRCyoByGV3Lzv0iX9dSI0tLK0uV+pRojL1kufc=",
"Status": 0
}


28.08.2026 12:39:00	Information:	Ping ret is {"Status":0,"Comment":null}
28.08.2026 12:41:19	Information:	url https://lab-vko.dmed.kz/ /api/DriverManager/PingDevice
28.08.2026 12:41:19	Information:	{
"Hash": "w9LjvpRCyoByGV3Lzv0iX9dSI0tLK0uV+pRojL1kufc=",
"Status": 0
}


28.08.2026 12:41:19	Information:	Ping ret is {"Status":0,"Comment":null}
28.08.2026 12:43:20	Information:	url https://lab-vko.dmed.kz/ /api/DriverManager/PingDevice
28.08.2026 12:43:20	Information:	{
"Hash": "w9LjvpRCyoByGV3Lzv0iX9dSI0tLK0uV+pRojL1kufc=",
"Status": 0
}


28.08.2026 12:43:20	Information:	Ping ret is {"Status":0,"Comment":null}
28.08.2026 12:45:21	Information:	url https://lab-vko.dmed.kz/ /api/DriverManager/PingDevice
28.08.2026 12:45:21	Information:	{
"Hash": "w9LjvpRCyoByGV3Lzv0iX9dSI0tLK0uV+pRojL1kufc=",
"Status": 0
}


28.08.2026 12:45:21	Information:	Ping ret is {"Status":0,"Comment":null}
28.08.2026 12:47:21	Information:	url https://lab-vko.dmed.kz/ /api/DriverManager/PingDevice
28.08.2026 12:47:21	Information:	{
"Hash": "w9LjvpRCyoByGV3Lzv0iX9dSI0tLK0uV+pRojL1kufc=",
"Status": 0
}


28.08.2026 12:47:21	Information:	Ping ret is {"Status":0,"Comment":null}
28.08.2026 12:50:00	Information:	Error in Monitoring. Driver Ping w9LjvpRCyoByGV3Lzv0iX9dSI0tLK0uV+pRojL1kufc=
28.08.2026 12:50:00	Information:	Базовое соединение закрыто: Непредвиденная ошибка при передаче.
28.08.2026 12:52:00	Information:	url https://lab-vko.dmed.kz/ /api/DriverManager/PingDevice
28.08.2026 12:52:00	Information:	{
"Hash": "w9LjvpRCyoByGV3Lzv0iX9dSI0tLK0uV+pRojL1kufc=",
"Status": 0
}


28.08.2026 12:52:00	Information:	Ping ret is {"Status":0,"Comment":null}
28.08.2026 12:54:39	Information:	Error in Monitoring. Driver Ping w9LjvpRCyoByGV3Lzv0iX9dSI0tLK0uV+pRojL1kufc=
28.08.2026 12:54:39	Information:	Базовое соединение закрыто: Непредвиденная ошибка при передаче.
28.08.2026 12:57:18	Information:	Error in Monitoring. Driver Ping w9LjvpRCyoByGV3Lzv0iX9dSI0tLK0uV+pRojL1kufc=
28.08.2026 12:57:18	Information:	Базовое соединение закрыто: Непредвиденная ошибка при передаче.
28.08.2026 12:59:57	Information:	Error in Monitoring. Driver Ping w9LjvpRCyoByGV3Lzv0iX9dSI0tLK0uV+pRojL1kufc=
28.08.2026 12:59:57	Information:	Базовое соединение закрыто: Непредвиденная ошибка при передаче.
28.08.2026 13:01:57	Information:	url https://lab-vko.dmed.kz/ /api/DriverManager/PingDevice
28.08.2026 13:01:57	Information:	{
"Hash": "w9LjvpRCyoByGV3Lzv0iX9dSI0tLK0uV+pRojL1kufc=",
"Status": 0
}


28.08.2026 13:01:57	Information:	Ping ret is {"Status":0,"Comment":null}
28.08.2026 13:03:58	Information:	url https://lab-vko.dmed.kz/ /api/DriverManager/PingDevice
28.08.2026 13:03:58	Information:	{
"Hash": "w9LjvpRCyoByGV3Lzv0iX9dSI0tLK0uV+pRojL1kufc=",
"Status": 0
}


28.08.2026 13:03:58	Information:	Ping ret is {"Status":0,"Comment":null}
28.08.2026 13:06:37	Information:	Error in Monitoring. Driver Ping w9LjvpRCyoByGV3Lzv0iX9dSI0tLK0uV+pRojL1kufc=
28.08.2026 13:06:37	Information:	Базовое соединение закрыто: Непредвиденная ошибка при передаче.
28.08.2026 13:09:16	Information:	Error in Monitoring. Driver Ping w9LjvpRCyoByGV3Lzv0iX9dSI0tLK0uV+pRojL1kufc=
28.08.2026 13:09:16	Information:	Базовое соединение закрыто: Непредвиденная ошибка при передаче.
28.08.2026 13:11:35	Information:	url https://lab-vko.dmed.kz/ /api/DriverManager/PingDevice
28.08.2026 13:11:35	Information:	{
"Hash": "w9LjvpRCyoByGV3Lzv0iX9dSI0tLK0uV+pRojL1kufc=",
"Status": 0
}


28.08.2026 13:11:35	Information:	Ping ret is {"Status":0,"Comment":null}
28.08.2026 13:14:14	Information:	Error in Monitoring. Driver Ping w9LjvpRCyoByGV3Lzv0iX9dSI0tLK0uV+pRojL1kufc=
28.08.2026 13:14:14	Information:	Базовое соединение закрыто: Непредвиденная ошибка при передаче.
28.08.2026 13:16:34	Information:	url https://lab-vko.dmed.kz/ /api/DriverManager/PingDevice
28.08.2026 13:16:34	Information:	{
"Hash": "w9LjvpRCyoByGV3Lzv0iX9dSI0tLK0uV+pRojL1kufc=",
"Status": 0
}


28.08.2026 13:16:34	Information:	Ping ret is {"Status":0,"Comment":null}
28.08.2026 13:18:35	Information:	url https://lab-vko.dmed.kz/ /api/DriverManager/PingDevice
28.08.2026 13:18:35	Information:	{
"Hash": "w9LjvpRCyoByGV3Lzv0iX9dSI0tLK0uV+pRojL1kufc=",
"Status": 0
}


28.08.2026 13:18:35	Information:	Ping ret is {"Status":0,"Comment":null}
28.08.2026 13:20:54	Information:	url https://lab-vko.dmed.kz/ /api/DriverManager/PingDevice
28.08.2026 13:20:54	Information:	{
"Hash": "w9LjvpRCyoByGV3Lzv0iX9dSI0tLK0uV+pRojL1kufc=",
"Status": 0
}


28.08.2026 13:20:54	Information:	Ping ret is {"Status":0,"Comment":null}
28.08.2026 13:23:33	Information:	Error in Monitoring. Driver Ping w9LjvpRCyoByGV3Lzv0iX9dSI0tLK0uV+pRojL1kufc=
28.08.2026 13:23:33	Information:	Базовое соединение закрыто: Непредвиденная ошибка при передаче.
28.08.2026 13:25:53	Information:	url https://lab-vko.dmed.kz/ /api/DriverManager/PingDevice
28.08.2026 13:25:53	Information:	{
"Hash": "w9LjvpRCyoByGV3Lzv0iX9dSI0tLK0uV+pRojL1kufc=",
"Status": 0
}


28.08.2026 13:25:53	Information:	Ping ret is {"Status":0,"Comment":null}
28.08.2026 13:28:32	Information:	Error in Monitoring. Driver Ping w9LjvpRCyoByGV3Lzv0iX9dSI0tLK0uV+pRojL1kufc=
28.08.2026 13:28:32	Information:	Базовое соединение закрыто: Непредвиденная ошибка при передаче.
28.08.2026 13:31:11	Information:	Error in Monitoring. Driver Ping w9LjvpRCyoByGV3Lzv0iX9dSI0tLK0uV+pRojL1kufc=
28.08.2026 13:31:11	Information:	Базовое соединение закрыто: Непредвиденная ошибка при передаче.
28.08.2026 13:33:11	Information:	url https://lab-vko.dmed.kz/ /api/DriverManager/PingDevice
28.08.2026 13:33:11	Information:	{
"Hash": "w9LjvpRCyoByGV3Lzv0iX9dSI0tLK0uV+pRojL1kufc=",
"Status": 0
}


28.08.2026 13:33:11	Information:	Ping ret is {"Status":0,"Comment":null}
28.08.2026 13:35:12	Information:	url https://lab-vko.dmed.kz/ /api/DriverManager/PingDevice
28.08.2026 13:35:12	Information:	{
"Hash": "w9LjvpRCyoByGV3Lzv0iX9dSI0tLK0uV+pRojL1kufc=",
"Status": 0
}


28.08.2026 13:35:12	Information:	Ping ret is {"Status":0,"Comment":null}
28.08.2026 13:37:51	Information:	Error in Monitoring. Driver Ping w9LjvpRCyoByGV3Lzv0iX9dSI0tLK0uV+pRojL1kufc=
28.08.2026 13:37:51	Information:	Базовое соединение закрыто: Непредвиденная ошибка при передаче.
28.08.2026 13:39:51	Information:	url https://lab-vko.dmed.kz/ /api/DriverManager/PingDevice
28.08.2026 13:39:51	Information:	{
"Hash": "w9LjvpRCyoByGV3Lzv0iX9dSI0tLK0uV+pRojL1kufc=",
"Status": 0
}


28.08.2026 13:39:51	Information:	Ping ret is {"Status":0,"Comment":null}
28.08.2026 13:41:52	Information:	url https://lab-vko.dmed.kz/ /api/DriverManager/PingDevice
28.08.2026 13:41:52	Information:	{
"Hash": "w9LjvpRCyoByGV3Lzv0iX9dSI0tLK0uV+pRojL1kufc=",
"Status": 0
}


28.08.2026 13:41:52	Information:	Ping ret is {"Status":0,"Comment":null}
28.08.2026 13:43:52	Information:	url https://lab-vko.dmed.kz/ /api/DriverManager/PingDevice
28.08.2026 13:43:52	Information:	{
"Hash": "w9LjvpRCyoByGV3Lzv0iX9dSI0tLK0uV+pRojL1kufc=",
"Status": 0
}


28.08.2026 13:43:52	Information:	Ping ret is {"Status":0,"Comment":null}
28.08.2026 13:46:12	Information:	url https://lab-vko.dmed.kz/ /api/DriverManager/PingDevice
28.08.2026 13:46:12	Information:	{
"Hash": "w9LjvpRCyoByGV3Lzv0iX9dSI0tLK0uV+pRojL1kufc=",
"Status": 0
}


28.08.2026 13:46:12	Information:	Ping ret is {"Status":0,"Comment":null}
28.08.2026 13:48:51	Information:	Error in Monitoring. Driver Ping w9LjvpRCyoByGV3Lzv0iX9dSI0tLK0uV+pRojL1kufc=
28.08.2026 13:48:51	Information:	Базовое соединение закрыто: Непредвиденная ошибка при передаче.
28.08.2026 13:50:51	Information:	url https://lab-vko.dmed.kz/ /api/DriverManager/PingDevice
28.08.2026 13:50:51	Information:	{
"Hash": "w9LjvpRCyoByGV3Lzv0iX9dSI0tLK0uV+pRojL1kufc=",
"Status": 0
}


28.08.2026 13:50:51	Information:	Ping ret is {"Status":0,"Comment":null}
28.08.2026 13:53:11	Information:	url https://lab-vko.dmed.kz/ /api/DriverManager/PingDevice
28.08.2026 13:53:11	Information:	{
"Hash": "w9LjvpRCyoByGV3Lzv0iX9dSI0tLK0uV+pRojL1kufc=",
"Status": 0
}


28.08.2026 13:53:11	Information:	Ping ret is {"Status":0,"Comment":null}
28.08.2026 13:55:31	Information:	url https://lab-vko.dmed.kz/ /api/DriverManager/PingDevice
28.08.2026 13:55:31	Information:	{
"Hash": "w9LjvpRCyoByGV3Lzv0iX9dSI0tLK0uV+pRojL1kufc=",
"Status": 0
}


28.08.2026 13:55:31	Information:	Ping ret is {"Status":0,"Comment":null}
28.08.2026 13:57:31	Information:	url https://lab-vko.dmed.kz/ /api/DriverManager/PingDevice
28.08.2026 13:57:31	Information:	{
"Hash": "w9LjvpRCyoByGV3Lzv0iX9dSI0tLK0uV+pRojL1kufc=",
"Status": 0
}


28.08.2026 13:57:31	Information:	Ping ret is {"Status":0,"Comment":null}
28.08.2026 13:59:51	Information:	url https://lab-vko.dmed.kz/ /api/DriverManager/PingDevice
28.08.2026 13:59:51	Information:	{
"Hash": "w9LjvpRCyoByGV3Lzv0iX9dSI0tLK0uV+pRojL1kufc=",
"Status": 0
}


28.08.2026 13:59:51	Information:	Ping ret is {"Status":0,"Comment":null}
28.08.2026 14:01:52	Information:	url https://lab-vko.dmed.kz/ /api/DriverManager/PingDevice
28.08.2026 14:01:52	Information:	{
"Hash": "w9LjvpRCyoByGV3Lzv0iX9dSI0tLK0uV+pRojL1kufc=",
"Status": 0
}


28.08.2026 14:01:52	Information:	Ping ret is {"Status":0,"Comment":null}
28.08.2026 14:03:52	Information:	url https://lab-vko.dmed.kz/ /api/DriverManager/PingDevice
28.08.2026 14:03:52	Information:	{
"Hash": "w9LjvpRCyoByGV3Lzv0iX9dSI0tLK0uV+pRojL1kufc=",
"Status": 0
}


28.08.2026 14:03:52	Information:	Ping ret is {"Status":0,"Comment":null}
28.08.2026 14:06:31	Information:	Error in Monitoring. Driver Ping w9LjvpRCyoByGV3Lzv0iX9dSI0tLK0uV+pRojL1kufc=
28.08.2026 14:06:31	Information:	Базовое соединение закрыто: Непредвиденная ошибка при передаче.
28.08.2026 14:08:32	Information:	url https://lab-vko.dmed.kz/ /api/DriverManager/PingDevice
28.08.2026 14:08:32	Information:	{
"Hash": "w9LjvpRCyoByGV3Lzv0iX9dSI0tLK0uV+pRojL1kufc=",
"Status": 0
}


28.08.2026 14:08:32	Information:	Ping ret is {"Status":0,"Comment":null}
28.08.2026 14:10:52	Information:	url https://lab-vko.dmed.kz/ /api/DriverManager/PingDevice
28.08.2026 14:10:52	Information:	{
"Hash": "w9LjvpRCyoByGV3Lzv0iX9dSI0tLK0uV+pRojL1kufc=",
"Status": 0
}


28.08.2026 14:10:52	Information:	Ping ret is {"Status":0,"Comment":null}
28.08.2026 14:13:31	Information:	Error in Monitoring. Driver Ping w9LjvpRCyoByGV3Lzv0iX9dSI0tLK0uV+pRojL1kufc=
28.08.2026 14:13:31	Information:	Базовое соединение закрыто: Непредвиденная ошибка при передаче.
28.08.2026 14:15:31	Information:	url https://lab-vko.dmed.kz/ /api/DriverManager/PingDevice
28.08.2026 14:15:31	Information:	{
"Hash": "w9LjvpRCyoByGV3Lzv0iX9dSI0tLK0uV+pRojL1kufc=",
"Status": 0
}


28.08.2026 14:15:31	Information:	Ping ret is {"Status":0,"Comment":null}
28.08.2026 14:17:32	Information:	url https://lab-vko.dmed.kz/ /api/DriverManager/PingDevice
28.08.2026 14:17:32	Information:	{
"Hash": "w9LjvpRCyoByGV3Lzv0iX9dSI0tLK0uV+pRojL1kufc=",
"Status": 0
}


28.08.2026 14:17:32	Information:	Ping ret is {"Status":0,"Comment":null}
28.08.2026 14:19:32	Information:	url https://lab-vko.dmed.kz/ /api/DriverManager/PingDevice
28.08.2026 14:19:32	Information:	{
"Hash": "w9LjvpRCyoByGV3Lzv0iX9dSI0tLK0uV+pRojL1kufc=",
"Status": 0
}


28.08.2026 14:19:32	Information:	Ping ret is {"Status":0,"Comment":null}
28.08.2026 14:22:11	Information:	Error in Monitoring. Driver Ping w9LjvpRCyoByGV3Lzv0iX9dSI0tLK0uV+pRojL1kufc=
28.08.2026 14:22:11	Information:	Базовое соединение закрыто: Непредвиденная ошибка при передаче.
28.08.2026 14:24:12	Information:	url https://lab-vko.dmed.kz/ /api/DriverManager/PingDevice
28.08.2026 14:24:12	Information:	{
"Hash": "w9LjvpRCyoByGV3Lzv0iX9dSI0tLK0uV+pRojL1kufc=",
"Status": 0
}


28.08.2026 14:24:13	Information:	Ping ret is {"Status":0,"Comment":null}
28.08.2026 14:26:14	Information:	url https://lab-vko.dmed.kz/ /api/DriverManager/PingDevice
28.08.2026 14:26:15	Information:	{
"Hash": "w9LjvpRCyoByGV3Lzv0iX9dSI0tLK0uV+pRojL1kufc=",
"Status": 0
}


28.08.2026 14:26:16	Information:	Ping ret is {"Status":0,"Comment":null}
28.08.2026 14:28:36	Information:	url https://lab-vko.dmed.kz/ /api/DriverManager/PingDevice
28.08.2026 14:28:36	Information:	{
"Hash": "w9LjvpRCyoByGV3Lzv0iX9dSI0tLK0uV+pRojL1kufc=",
"Status": 0
}


28.08.2026 14:28:36	Information:	Ping ret is {"Status":0,"Comment":null}
28.08.2026 14:30:56	Information:	url https://lab-vko.dmed.kz/ /api/DriverManager/PingDevice
28.08.2026 14:30:56	Information:	{
"Hash": "w9LjvpRCyoByGV3Lzv0iX9dSI0tLK0uV+pRojL1kufc=",
"Status": 0
}


28.08.2026 14:30:56	Information:	Ping ret is {"Status":0,"Comment":null}
28.08.2026 14:33:35	Information:	Error in Monitoring. Driver Ping w9LjvpRCyoByGV3Lzv0iX9dSI0tLK0uV+pRojL1kufc=
28.08.2026 14:33:35	Information:	Базовое соединение закрыто: Непредвиденная ошибка при передаче.
28.08.2026 14:36:13	Information:	Error in Monitoring. Driver Ping w9LjvpRCyoByGV3Lzv0iX9dSI0tLK0uV+pRojL1kufc=
28.08.2026 14:36:13	Information:	Базовое соединение закрыто: Непредвиденная ошибка при передаче.
28.08.2026 14:38:53	Information:	Error in Monitoring. Driver Ping w9LjvpRCyoByGV3Lzv0iX9dSI0tLK0uV+pRojL1kufc=
28.08.2026 14:38:53	Information:	Базовое соединение закрыто: Непредвиденная ошибка при передаче.
28.08.2026 14:41:12	Information:	url https://lab-vko.dmed.kz/ /api/DriverManager/PingDevice
28.08.2026 14:41:12	Information:	{
"Hash": "w9LjvpRCyoByGV3Lzv0iX9dSI0tLK0uV+pRojL1kufc=",
"Status": 0
}


28.08.2026 14:41:12	Information:	Ping ret is {"Status":0,"Comment":null}
28.08.2026 14:43:13	Information:	url https://lab-vko.dmed.kz/ /api/DriverManager/PingDevice
28.08.2026 14:43:13	Information:	{
"Hash": "w9LjvpRCyoByGV3Lzv0iX9dSI0tLK0uV+pRojL1kufc=",
"Status": 0
}


28.08.2026 14:43:13	Information:	Ping ret is {"Status":0,"Comment":null}
28.08.2026 14:45:13	Information:	url https://lab-vko.dmed.kz/ /api/DriverManager/PingDevice
28.08.2026 14:45:13	Information:	{
"Hash": "w9LjvpRCyoByGV3Lzv0iX9dSI0tLK0uV+pRojL1kufc=",
"Status": 0
}


28.08.2026 14:45:13	Information:	Ping ret is {"Status":0,"Comment":null}
28.08.2026 14:47:33	Information:	url https://lab-vko.dmed.kz/ /api/DriverManager/PingDevice
28.08.2026 14:47:33	Information:	{
"Hash": "w9LjvpRCyoByGV3Lzv0iX9dSI0tLK0uV+pRojL1kufc=",
"Status": 0
}


28.08.2026 14:47:33	Information:	Ping ret is {"Status":0,"Comment":null}
28.08.2026 14:49:53	Information:	url https://lab-vko.dmed.kz/ /api/DriverManager/PingDevice
28.08.2026 14:49:53	Information:	{
"Hash": "w9LjvpRCyoByGV3Lzv0iX9dSI0tLK0uV+pRojL1kufc=",
"Status": 0
}


28.08.2026 14:49:53	Information:	Ping ret is {"Status":0,"Comment":null}
28.08.2026 14:52:12	Information:	url https://lab-vko.dmed.kz/ /api/DriverManager/PingDevice
28.08.2026 14:52:12	Information:	{
"Hash": "w9LjvpRCyoByGV3Lzv0iX9dSI0tLK0uV+pRojL1kufc=",
"Status": 0
}


28.08.2026 14:52:12	Information:	Ping ret is {"Status":0,"Comment":null}
28.08.2026 14:54:13	Information:	url https://lab-vko.dmed.kz/ /api/DriverManager/PingDevice
28.08.2026 14:54:13	Information:	{
"Hash": "w9LjvpRCyoByGV3Lzv0iX9dSI0tLK0uV+pRojL1kufc=",
"Status": 0
}


28.08.2026 14:54:13	Information:	Ping ret is {"Status":0,"Comment":null}
28.08.2026 14:56:52	Information:	Error in Monitoring. Driver Ping w9LjvpRCyoByGV3Lzv0iX9dSI0tLK0uV+pRojL1kufc=
28.08.2026 14:56:52	Information:	Базовое соединение закрыто: Непредвиденная ошибка при передаче.
28.08.2026 14:59:11	Information:	url https://lab-vko.dmed.kz/ /api/DriverManager/PingDevice
28.08.2026 14:59:11	Information:	{
"Hash": "w9LjvpRCyoByGV3Lzv0iX9dSI0tLK0uV+pRojL1kufc=",
"Status": 0
}


28.08.2026 14:59:11	Information:	Ping ret is {"Status":0,"Comment":null}
28.08.2026 15:01:12	Information:	url https://lab-vko.dmed.kz/ /api/DriverManager/PingDevice
28.08.2026 15:01:12	Information:	{
"Hash": "w9LjvpRCyoByGV3Lzv0iX9dSI0tLK0uV+pRojL1kufc=",
"Status": 0
}


28.08.2026 15:01:12	Information:	Ping ret is {"Status":0,"Comment":null}
28.08.2026 15:03:13	Information:	url https://lab-vko.dmed.kz/ /api/DriverManager/PingDevice
28.08.2026 15:03:13	Information:	{
"Hash": "w9LjvpRCyoByGV3Lzv0iX9dSI0tLK0uV+pRojL1kufc=",
"Status": 0
}


28.08.2026 15:03:13	Information:	Ping ret is {"Status":0,"Comment":null}
28.08.2026 15:05:13	Information:	url https://lab-vko.dmed.kz/ /api/DriverManager/PingDevice
28.08.2026 15:05:13	Information:	{
"Hash": "w9LjvpRCyoByGV3Lzv0iX9dSI0tLK0uV+pRojL1kufc=",
"Status": 0
}


28.08.2026 15:05:13	Information:	Ping ret is {"Status":0,"Comment":null}
28.08.2026 15:07:14	Information:	url https://lab-vko.dmed.kz/ /api/DriverManager/PingDevice
28.08.2026 15:07:14	Information:	{
"Hash": "w9LjvpRCyoByGV3Lzv0iX9dSI0tLK0uV+pRojL1kufc=",
"Status": 0
}


28.08.2026 15:07:14	Information:	Ping ret is {"Status":0,"Comment":null}
28.08.2026 15:09:53	Information:	Error in Monitoring. Driver Ping w9LjvpRCyoByGV3Lzv0iX9dSI0tLK0uV+pRojL1kufc=
28.08.2026 15:09:53	Information:	Базовое соединение закрыто: Непредвиденная ошибка при передаче.
28.08.2026 15:12:13	Information:	url https://lab-vko.dmed.kz/ /api/DriverManager/PingDevice
28.08.2026 15:12:13	Information:	{
"Hash": "w9LjvpRCyoByGV3Lzv0iX9dSI0tLK0uV+pRojL1kufc=",
"Status": 0
}


28.08.2026 15:12:13	Information:	Ping ret is {"Status":0,"Comment":null}
28.08.2026 15:14:52	Information:	Error in Monitoring. Driver Ping w9LjvpRCyoByGV3Lzv0iX9dSI0tLK0uV+pRojL1kufc=
28.08.2026 15:14:52	Information:	Базовое соединение закрыто: Непредвиденная ошибка при передаче.
28.08.2026 15:17:31	Information:	Error in Monitoring. Driver Ping w9LjvpRCyoByGV3Lzv0iX9dSI0tLK0uV+pRojL1kufc=
28.08.2026 15:17:31	Information:	Базовое соединение закрыто: Непредвиденная ошибка при передаче.
28.08.2026 15:19:31	Information:	url https://lab-vko.dmed.kz/ /api/DriverManager/PingDevice
28.08.2026 15:19:31	Information:	{
"Hash": "w9LjvpRCyoByGV3Lzv0iX9dSI0tLK0uV+pRojL1kufc=",
"Status": 0
}


28.08.2026 15:19:31	Information:	Ping ret is {"Status":0,"Comment":null}
28.08.2026 15:22:10	Information:	Error in Monitoring. Driver Ping w9LjvpRCyoByGV3Lzv0iX9dSI0tLK0uV+pRojL1kufc=
28.08.2026 15:22:10	Information:	Базовое соединение закрыто: Непредвиденная ошибка при передаче.
28.08.2026 15:24:49	Information:	Error in Monitoring. Driver Ping w9LjvpRCyoByGV3Lzv0iX9dSI0tLK0uV+pRojL1kufc=
28.08.2026 15:24:49	Information:	Базовое соединение закрыто: Непредвиденная ошибка при передаче.
28.08.2026 15:26:50	Information:	url https://lab-vko.dmed.kz/ /api/DriverManager/PingDevice
28.08.2026 15:26:50	Information:	{
"Hash": "w9LjvpRCyoByGV3Lzv0iX9dSI0tLK0uV+pRojL1kufc=",
"Status": 0
}


28.08.2026 15:26:50	Information:	Ping ret is {"Status":0,"Comment":null}
28.08.2026 15:28:50	Information:	url https://lab-vko.dmed.kz/ /api/DriverManager/PingDevice
28.08.2026 15:28:50	Information:	{
"Hash": "w9LjvpRCyoByGV3Lzv0iX9dSI0tLK0uV+pRojL1kufc=",
"Status": 0
}


28.08.2026 15:28:50	Information:	Ping ret is {"Status":0,"Comment":null}
28.08.2026 15:31:29	Information:	Error in Monitoring. Driver Ping w9LjvpRCyoByGV3Lzv0iX9dSI0tLK0uV+pRojL1kufc=
28.08.2026 15:31:29	Information:	Базовое соединение закрыто: Непредвиденная ошибка при передаче.
28.08.2026 15:33:29	Information:	url https://lab-vko.dmed.kz/ /api/DriverManager/PingDevice
28.08.2026 15:33:29	Information:	{
"Hash": "w9LjvpRCyoByGV3Lzv0iX9dSI0tLK0uV+pRojL1kufc=",
"Status": 0
}


28.08.2026 15:33:29	Information:	Ping ret is {"Status":0,"Comment":null}
28.08.2026 15:36:09	Information:	url https://lab-vko.dmed.kz/ /api/DriverManager/PingDevice
28.08.2026 15:36:09	Information:	{
"Hash": "w9LjvpRCyoByGV3Lzv0iX9dSI0tLK0uV+pRojL1kufc=",
"Status": 0
}


28.08.2026 15:36:09	Information:	Ping ret is {"Status":0,"Comment":null}
28.08.2026 15:38:09	Information:	url https://lab-vko.dmed.kz/ /api/DriverManager/PingDevice
28.08.2026 15:38:09	Information:	{
"Hash": "w9LjvpRCyoByGV3Lzv0iX9dSI0tLK0uV+pRojL1kufc=",
"Status": 0
}


28.08.2026 15:38:09	Information:	Ping ret is {"Status":0,"Comment":null}
28.08.2026 15:40:29	Information:	url https://lab-vko.dmed.kz/ /api/DriverManager/PingDevice
28.08.2026 15:40:29	Information:	{
"Hash": "w9LjvpRCyoByGV3Lzv0iX9dSI0tLK0uV+pRojL1kufc=",
"Status": 0
}


28.08.2026 15:40:29	Information:	Ping ret is {"Status":0,"Comment":null}
28.08.2026 15:43:08	Information:	Error in Monitoring. Driver Ping w9LjvpRCyoByGV3Lzv0iX9dSI0tLK0uV+pRojL1kufc=
28.08.2026 15:43:08	Information:	Базовое соединение закрыто: Непредвиденная ошибка при передаче.
28.08.2026 15:45:27	Information:	url https://lab-vko.dmed.kz/ /api/DriverManager/PingDevice
28.08.2026 15:45:27	Information:	{
"Hash": "w9LjvpRCyoByGV3Lzv0iX9dSI0tLK0uV+pRojL1kufc=",
"Status": 0
}


28.08.2026 15:45:27	Information:	Ping ret is {"Status":0,"Comment":null}
28.08.2026 15:47:47	Information:	url https://lab-vko.dmed.kz/ /api/DriverManager/PingDevice
28.08.2026 15:47:47	Information:	{
"Hash": "w9LjvpRCyoByGV3Lzv0iX9dSI0tLK0uV+pRojL1kufc=",
"Status": 0
}


28.08.2026 15:47:47	Information:	Ping ret is {"Status":0,"Comment":null}
28.08.2026 15:50:07	Information:	url https://lab-vko.dmed.kz/ /api/DriverManager/PingDevice
28.08.2026 15:50:07	Information:	{
"Hash": "w9LjvpRCyoByGV3Lzv0iX9dSI0tLK0uV+pRojL1kufc=",
"Status": 0
}


28.08.2026 15:50:07	Information:	Ping ret is {"Status":0,"Comment":null}
28.08.2026 15:52:27	Information:	url https://lab-vko.dmed.kz/ /api/DriverManager/PingDevice
28.08.2026 15:52:27	Information:	{
"Hash": "w9LjvpRCyoByGV3Lzv0iX9dSI0tLK0uV+pRojL1kufc=",
"Status": 0
}


28.08.2026 15:52:27	Information:	Ping ret is {"Status":0,"Comment":null}
28.08.2026 15:54:46	Information:	url https://lab-vko.dmed.kz/ /api/DriverManager/PingDevice
28.08.2026 15:54:46	Information:	{
"Hash": "w9LjvpRCyoByGV3Lzv0iX9dSI0tLK0uV+pRojL1kufc=",
"Status": 0
}


28.08.2026 15:54:46	Information:	Ping ret is {"Status":0,"Comment":null}
28.08.2026 15:57:25	Information:	Error in Monitoring. Driver Ping w9LjvpRCyoByGV3Lzv0iX9dSI0tLK0uV+pRojL1kufc=
28.08.2026 15:57:25	Information:	Базовое соединение закрыто: Непредвиденная ошибка при передаче.
28.08.2026 15:59:45	Information:	url https://lab-vko.dmed.kz/ /api/DriverManager/PingDevice
28.08.2026 15:59:45	Information:	{
"Hash": "w9LjvpRCyoByGV3Lzv0iX9dSI0tLK0uV+pRojL1kufc=",
"Status": 0
}


28.08.2026 15:59:45	Information:	Ping ret is {"Status":0,"Comment":null}
28.08.2026 16:02:24	Information:	Error in Monitoring. Driver Ping w9LjvpRCyoByGV3Lzv0iX9dSI0tLK0uV+pRojL1kufc=
28.08.2026 16:02:24	Information:	Базовое соединение закрыто: Непредвиденная ошибка при передаче.
28.08.2026 16:05:03	Information:	Error in Monitoring. Driver Ping w9LjvpRCyoByGV3Lzv0iX9dSI0tLK0uV+pRojL1kufc=
28.08.2026 16:05:03	Information:	Базовое соединение закрыто: Непредвиденная ошибка при передаче.
28.08.2026 16:07:42	Information:	Error in Monitoring. Driver Ping w9LjvpRCyoByGV3Lzv0iX9dSI0tLK0uV+pRojL1kufc=
28.08.2026 16:07:42	Information:	Базовое соединение закрыто: Непредвиденная ошибка при передаче.
28.08.2026 16:09:42	Information:	url https://lab-vko.dmed.kz/ /api/DriverManager/PingDevice
28.08.2026 16:09:42	Information:	{
"Hash": "w9LjvpRCyoByGV3Lzv0iX9dSI0tLK0uV+pRojL1kufc=",
"Status": 0
}


28.08.2026 16:09:42	Information:	Ping ret is {"Status":0,"Comment":null}
28.08.2026 16:12:02	Information:	url https://lab-vko.dmed.kz/ /api/DriverManager/PingDevice
28.08.2026 16:12:02	Information:	{
"Hash": "w9LjvpRCyoByGV3Lzv0iX9dSI0tLK0uV+pRojL1kufc=",
"Status": 0
}


28.08.2026 16:12:02	Information:	Ping ret is {"Status":0,"Comment":null}
28.08.2026 16:14:02	Information:	url https://lab-vko.dmed.kz/ /api/DriverManager/PingDevice
28.08.2026 16:14:02	Information:	{
"Hash": "w9LjvpRCyoByGV3Lzv0iX9dSI0tLK0uV+pRojL1kufc=",
"Status": 0
}


28.08.2026 16:14:02	Information:	Ping ret is {"Status":0,"Comment":null}
28.08.2026 16:16:22	Information:	url https://lab-vko.dmed.kz/ /api/DriverManager/PingDevice
28.08.2026 16:16:22	Information:	{
"Hash": "w9LjvpRCyoByGV3Lzv0iX9dSI0tLK0uV+pRojL1kufc=",
"Status": 0
}


28.08.2026 16:16:22	Information:	Ping ret is {"Status":0,"Comment":null}
28.08.2026 16:19:01	Information:	Error in Monitoring. Driver Ping w9LjvpRCyoByGV3Lzv0iX9dSI0tLK0uV+pRojL1kufc=
28.08.2026 16:19:01	Information:	Базовое соединение закрыто: Непредвиденная ошибка при передаче.
28.08.2026 16:21:02	Information:	url https://lab-vko.dmed.kz/ /api/DriverManager/PingDevice
28.08.2026 16:21:02	Information:	{
"Hash": "w9LjvpRCyoByGV3Lzv0iX9dSI0tLK0uV+pRojL1kufc=",
"Status": 0
}


28.08.2026 16:21:02	Information:	Ping ret is {"Status":0,"Comment":null}
28.08.2026 16:23:21	Information:	url https://lab-vko.dmed.kz/ /api/DriverManager/PingDevice
28.08.2026 16:23:21	Information:	{
"Hash": "w9LjvpRCyoByGV3Lzv0iX9dSI0tLK0uV+pRojL1kufc=",
"Status": 0
}


28.08.2026 16:23:21	Information:	Ping ret is {"Status":0,"Comment":null}
28.08.2026 16:25:41	Information:	url https://lab-vko.dmed.kz/ /api/DriverManager/PingDevice
28.08.2026 16:25:41	Information:	{
"Hash": "w9LjvpRCyoByGV3Lzv0iX9dSI0tLK0uV+pRojL1kufc=",
"Status": 0
}


28.08.2026 16:25:41	Information:	Ping ret is {"Status":0,"Comment":null}
28.08.2026 16:27:42	Information:	url https://lab-vko.dmed.kz/ /api/DriverManager/PingDevice
28.08.2026 16:27:42	Information:	{
"Hash": "w9LjvpRCyoByGV3Lzv0iX9dSI0tLK0uV+pRojL1kufc=",
"Status": 0
}


28.08.2026 16:27:42	Information:	Ping ret is {"Status":0,"Comment":null}
28.08.2026 16:29:42	Information:	url https://lab-vko.dmed.kz/ /api/DriverManager/PingDevice
28.08.2026 16:29:42	Information:	{
"Hash": "w9LjvpRCyoByGV3Lzv0iX9dSI0tLK0uV+pRojL1kufc=",
"Status": 0
}


28.08.2026 16:29:42	Information:	Ping ret is {"Status":0,"Comment":null}
28.08.2026 16:31:43	Information:	url https://lab-vko.dmed.kz/ /api/DriverManager/PingDevice
28.08.2026 16:31:43	Information:	{
"Hash": "w9LjvpRCyoByGV3Lzv0iX9dSI0tLK0uV+pRojL1kufc=",
"Status": 0
}


28.08.2026 16:31:43	Information:	Ping ret is {"Status":0,"Comment":null}
28.08.2026 16:33:43	Information:	url https://lab-vko.dmed.kz/ /api/DriverManager/PingDevice
28.08.2026 16:33:43	Information:	{
"Hash": "w9LjvpRCyoByGV3Lzv0iX9dSI0tLK0uV+pRojL1kufc=",
"Status": 0
}


28.08.2026 16:33:43	Information:	Ping ret is {"Status":0,"Comment":null}
28.08.2026 16:36:22	Information:	Error in Monitoring. Driver Ping w9LjvpRCyoByGV3Lzv0iX9dSI0tLK0uV+pRojL1kufc=
28.08.2026 16:36:22	Information:	Базовое соединение закрыто: Непредвиденная ошибка при передаче.
28.08.2026 16:39:01	Information:	Error in Monitoring. Driver Ping w9LjvpRCyoByGV3Lzv0iX9dSI0tLK0uV+pRojL1kufc=
28.08.2026 16:39:01	Information:	Базовое соединение закрыто: Непредвиденная ошибка при передаче.
28.08.2026 16:41:02	Information:	url https://lab-vko.dmed.kz/ /api/DriverManager/PingDevice
28.08.2026 16:41:02	Information:	{
"Hash": "w9LjvpRCyoByGV3Lzv0iX9dSI0tLK0uV+pRojL1kufc=",
"Status": 0
}


28.08.2026 16:41:02	Information:	Ping ret is {"Status":0,"Comment":null}
28.08.2026 16:43:41	Information:	Error in Monitoring. Driver Ping w9LjvpRCyoByGV3Lzv0iX9dSI0tLK0uV+pRojL1kufc=
28.08.2026 16:43:41	Information:	Базовое соединение закрыто: Непредвиденная ошибка при передаче.
28.08.2026 16:46:01	Information:	url https://lab-vko.dmed.kz/ /api/DriverManager/PingDevice
28.08.2026 16:46:01	Information:	{
"Hash": "w9LjvpRCyoByGV3Lzv0iX9dSI0tLK0uV+pRojL1kufc=",
"Status": 0
}


28.08.2026 16:46:01	Information:	Ping ret is {"Status":0,"Comment":null}
28.08.2026 16:48:01	Information:	url https://lab-vko.dmed.kz/ /api/DriverManager/PingDevice
28.08.2026 16:48:01	Information:	{
"Hash": "w9LjvpRCyoByGV3Lzv0iX9dSI0tLK0uV+pRojL1kufc=",
"Status": 0
}


28.08.2026 16:48:01	Information:	Ping ret is {"Status":0,"Comment":null}
28.08.2026 16:50:02	Information:	url https://lab-vko.dmed.kz/ /api/DriverManager/PingDevice
28.08.2026 16:50:02	Information:	{
"Hash": "w9LjvpRCyoByGV3Lzv0iX9dSI0tLK0uV+pRojL1kufc=",
"Status": 0
}


28.08.2026 16:50:02	Information:	Ping ret is {"Status":0,"Comment":null}
28.08.2026 16:52:02	Information:	url https://lab-vko.dmed.kz/ /api/DriverManager/PingDevice
28.08.2026 16:52:02	Information:	{
"Hash": "w9LjvpRCyoByGV3Lzv0iX9dSI0tLK0uV+pRojL1kufc=",
"Status": 0
}


28.08.2026 16:52:02	Information:	Ping ret is {"Status":0,"Comment":null}
28.08.2026 16:54:03	Information:	url https://lab-vko.dmed.kz/ /api/DriverManager/PingDevice
28.08.2026 16:54:03	Information:	{
"Hash": "w9LjvpRCyoByGV3Lzv0iX9dSI0tLK0uV+pRojL1kufc=",
"Status": 0
}


28.08.2026 16:54:03	Information:	Ping ret is {"Status":0,"Comment":null}
28.08.2026 16:56:42	Information:	url https://lab-vko.dmed.kz/ /api/DriverManager/PingDevice
28.08.2026 16:56:42	Information:	{
"Hash": "w9LjvpRCyoByGV3Lzv0iX9dSI0tLK0uV+pRojL1kufc=",
"Status": 0
}


28.08.2026 16:56:42	Information:	Ping ret is {"Status":0,"Comment":null}
28.08.2026 16:58:42	Information:	url https://lab-vko.dmed.kz/ /api/DriverManager/PingDevice
28.08.2026 16:58:42	Information:	{
"Hash": "w9LjvpRCyoByGV3Lzv0iX9dSI0tLK0uV+pRojL1kufc=",
"Status": 0
}


28.08.2026 16:58:42	Information:	Ping ret is {"Status":0,"Comment":null}
28.08.2026 17:01:02	Information:	url https://lab-vko.dmed.kz/ /api/DriverManager/PingDevice
28.08.2026 17:01:02	Information:	{
"Hash": "w9LjvpRCyoByGV3Lzv0iX9dSI0tLK0uV+pRojL1kufc=",
"Status": 0
}


28.08.2026 17:01:02	Information:	Ping ret is {"Status":0,"Comment":null}
28.08.2026 17:03:02	Information:	url https://lab-vko.dmed.kz/ /api/DriverManager/PingDevice
28.08.2026 17:03:02	Information:	{
"Hash": "w9LjvpRCyoByGV3Lzv0iX9dSI0tLK0uV+pRojL1kufc=",
"Status": 0
}


28.08.2026 17:03:03	Information:	Ping ret is {"Status":0,"Comment":null}
28.08.2026 17:05:22	Information:	url https://lab-vko.dmed.kz/ /api/DriverManager/PingDevice
28.08.2026 17:05:22	Information:	{
"Hash": "w9LjvpRCyoByGV3Lzv0iX9dSI0tLK0uV+pRojL1kufc=",
"Status": 0
}


28.08.2026 17:05:22	Information:	Ping ret is {"Status":0,"Comment":null}
28.08.2026 17:08:01	Information:	Error in Monitoring. Driver Ping w9LjvpRCyoByGV3Lzv0iX9dSI0tLK0uV+pRojL1kufc=
28.08.2026 17:08:01	Information:	Базовое соединение закрыто: Непредвиденная ошибка при передаче.
28.08.2026 17:10:02	Information:	url https://lab-vko.dmed.kz/ /api/DriverManager/PingDevice
28.08.2026 17:10:02	Information:	{
"Hash": "w9LjvpRCyoByGV3Lzv0iX9dSI0tLK0uV+pRojL1kufc=",
"Status": 0
}


28.08.2026 17:10:02	Information:	Ping ret is {"Status":0,"Comment":null}
28.08.2026 17:12:02	Information:	url https://lab-vko.dmed.kz/ /api/DriverManager/PingDevice
28.08.2026 17:12:02	Information:	{
"Hash": "w9LjvpRCyoByGV3Lzv0iX9dSI0tLK0uV+pRojL1kufc=",
"Status": 0
}


28.08.2026 17:12:02	Information:	Ping ret is {"Status":0,"Comment":null}
28.08.2026 17:14:03	Information:	url https://lab-vko.dmed.kz/ /api/DriverManager/PingDevice
28.08.2026 17:14:03	Information:	{
"Hash": "w9LjvpRCyoByGV3Lzv0iX9dSI0tLK0uV+pRojL1kufc=",
"Status": 0
}


28.08.2026 17:14:03	Information:	Ping ret is {"Status":0,"Comment":null}
28.08.2026 17:16:42	Information:	Error in Monitoring. Driver Ping w9LjvpRCyoByGV3Lzv0iX9dSI0tLK0uV+pRojL1kufc=
28.08.2026 17:16:42	Information:	Базовое соединение закрыто: Непредвиденная ошибка при передаче.
28.08.2026 17:18:42	Information:	url https://lab-vko.dmed.kz/ /api/DriverManager/PingDevice
28.08.2026 17:18:42	Information:	{
"Hash": "w9LjvpRCyoByGV3Lzv0iX9dSI0tLK0uV+pRojL1kufc=",
"Status": 0
}


28.08.2026 17:18:42	Information:	Ping ret is {"Status":0,"Comment":null}
28.08.2026 17:20:43	Information:	url https://lab-vko.dmed.kz/ /api/DriverManager/PingDevice
28.08.2026 17:20:43	Information:	{
"Hash": "w9LjvpRCyoByGV3Lzv0iX9dSI0tLK0uV+pRojL1kufc=",
"Status": 0
}


28.08.2026 17:20:43	Information:	Ping ret is {"Status":0,"Comment":null}
28.08.2026 17:23:02	Information:	url https://lab-vko.dmed.kz/ /api/DriverManager/PingDevice
28.08.2026 17:23:02	Information:	{
"Hash": "w9LjvpRCyoByGV3Lzv0iX9dSI0tLK0uV+pRojL1kufc=",
"Status": 0
}


28.08.2026 17:23:02	Information:	Ping ret is {"Status":0,"Comment":null}
28.08.2026 17:25:03	Information:	url https://lab-vko.dmed.kz/ /api/DriverManager/PingDevice
28.08.2026 17:25:03	Information:	{
"Hash": "w9LjvpRCyoByGV3Lzv0iX9dSI0tLK0uV+pRojL1kufc=",
"Status": 0
}


28.08.2026 17:25:03	Information:	Ping ret is {"Status":0,"Comment":null}
28.08.2026 17:27:42	Information:	Error in Monitoring. Driver Ping w9LjvpRCyoByGV3Lzv0iX9dSI0tLK0uV+pRojL1kufc=
28.08.2026 17:27:42	Information:	Базовое соединение закрыто: Непредвиденная ошибка при передаче.
28.08.2026 17:30:21	Information:	Error in Monitoring. Driver Ping w9LjvpRCyoByGV3Lzv0iX9dSI0tLK0uV+pRojL1kufc=
28.08.2026 17:30:21	Information:	Базовое соединение закрыто: Непредвиденная ошибка при передаче.
28.08.2026 17:33:00	Information:	Error in Monitoring. Driver Ping w9LjvpRCyoByGV3Lzv0iX9dSI0tLK0uV+pRojL1kufc=
28.08.2026 17:33:00	Information:	Базовое соединение закрыто: Непредвиденная ошибка при передаче.
28.08.2026 17:35:20	Information:	url https://lab-vko.dmed.kz/ /api/DriverManager/PingDevice
28.08.2026 17:35:20	Information:	{
"Hash": "w9LjvpRCyoByGV3Lzv0iX9dSI0tLK0uV+pRojL1kufc=",
"Status": 0
}


28.08.2026 17:35:20	Information:	Ping ret is {"Status":0,"Comment":null}
28.08.2026 17:38:18	Information:	Error in Monitoring. Driver Ping w9LjvpRCyoByGV3Lzv0iX9dSI0tLK0uV+pRojL1kufc=
28.08.2026 17:38:18	Information:	Базовое соединение закрыто: Непредвиденная ошибка при передаче.
28.08.2026 17:40:57	Information:	Error in Monitoring. Driver Ping w9LjvpRCyoByGV3Lzv0iX9dSI0tLK0uV+pRojL1kufc=
28.08.2026 17:40:57	Information:	Базовое соединение закрыто: Непредвиденная ошибка при передаче.
28.08.2026 17:43:35	Information:	Error in Monitoring. Driver Ping w9LjvpRCyoByGV3Lzv0iX9dSI0tLK0uV+pRojL1kufc=
28.08.2026 17:43:35	Information:	Базовое соединение закрыто: Непредвиденная ошибка при передаче.
28.08.2026 17:46:34	Information:	Error in Monitoring. Driver Ping w9LjvpRCyoByGV3Lzv0iX9dSI0tLK0uV+pRojL1kufc=
28.08.2026 17:46:34	Information:	Базовое соединение закрыто: Непредвиденная ошибка при передаче.
28.08.2026 17:48:34	Information:	url https://lab-vko.dmed.kz/ /api/DriverManager/PingDevice
28.08.2026 17:48:34	Information:	{
"Hash": "w9LjvpRCyoByGV3Lzv0iX9dSI0tLK0uV+pRojL1kufc=",
"Status": 0
}


28.08.2026 17:48:34	Information:	Ping ret is {"Status":0,"Comment":null}
28.08.2026 17:50:35	Information:	url https://lab-vko.dmed.kz/ /api/DriverManager/PingDevice
28.08.2026 17:50:35	Information:	{
"Hash": "w9LjvpRCyoByGV3Lzv0iX9dSI0tLK0uV+pRojL1kufc=",
"Status": 0
}


28.08.2026 17:50:35	Information:	Ping ret is {"Status":0,"Comment":null}
28.08.2026 17:52:35	Information:	url https://lab-vko.dmed.kz/ /api/DriverManager/PingDevice
28.08.2026 17:52:35	Information:	{
"Hash": "w9LjvpRCyoByGV3Lzv0iX9dSI0tLK0uV+pRojL1kufc=",
"Status": 0
}


28.08.2026 17:52:35	Information:	Ping ret is {"Status":0,"Comment":null}
28.08.2026 17:54:55	Information:	url https://lab-vko.dmed.kz/ /api/DriverManager/PingDevice
28.08.2026 17:54:55	Information:	{
"Hash": "w9LjvpRCyoByGV3Lzv0iX9dSI0tLK0uV+pRojL1kufc=",
"Status": 0
}


28.08.2026 17:54:55	Information:	Ping ret is {"Status":0,"Comment":null}
28.08.2026 17:56:56	Information:	url https://lab-vko.dmed.kz/ /api/DriverManager/PingDevice
28.08.2026 17:56:56	Information:	{
"Hash": "w9LjvpRCyoByGV3Lzv0iX9dSI0tLK0uV+pRojL1kufc=",
"Status": 0
}


28.08.2026 17:56:56	Information:	Ping ret is {"Status":0,"Comment":null}
28.08.2026 17:59:16	Information:	url https://lab-vko.dmed.kz/ /api/DriverManager/PingDevice
28.08.2026 17:59:16	Information:	{
"Hash": "w9LjvpRCyoByGV3Lzv0iX9dSI0tLK0uV+pRojL1kufc=",
"Status": 0
}


28.08.2026 17:59:16	Information:	Ping ret is {"Status":0,"Comment":null}
28.08.2026 18:01:17	Information:	url https://lab-vko.dmed.kz/ /api/DriverManager/PingDevice
28.08.2026 18:01:17	Information:	{
"Hash": "w9LjvpRCyoByGV3Lzv0iX9dSI0tLK0uV+pRojL1kufc=",
"Status": 0
}


28.08.2026 18:01:17	Information:	Ping ret is {"Status":0,"Comment":null}
28.08.2026 18:03:37	Information:	url https://lab-vko.dmed.kz/ /api/DriverManager/PingDevice
28.08.2026 18:03:37	Information:	{
"Hash": "w9LjvpRCyoByGV3Lzv0iX9dSI0tLK0uV+pRojL1kufc=",
"Status": 0
}


28.08.2026 18:03:37	Information:	Ping ret is {"Status":0,"Comment":null}
28.08.2026 18:06:16	Information:	Error in Monitoring. Driver Ping w9LjvpRCyoByGV3Lzv0iX9dSI0tLK0uV+pRojL1kufc=
28.08.2026 18:06:16	Information:	Базовое соединение закрыто: Непредвиденная ошибка при передаче.
28.08.2026 18:08:54	Information:	Error in Monitoring. Driver Ping w9LjvpRCyoByGV3Lzv0iX9dSI0tLK0uV+pRojL1kufc=
28.08.2026 18:08:54	Information:	Базовое соединение закрыто: Непредвиденная ошибка при передаче.
28.08.2026 18:11:14	Information:	url https://lab-vko.dmed.kz/ /api/DriverManager/PingDevice
28.08.2026 18:11:14	Information:	{
"Hash": "w9LjvpRCyoByGV3Lzv0iX9dSI0tLK0uV+pRojL1kufc=",
"Status": 0
}


28.08.2026 18:11:14	Information:	Ping ret is {"Status":0,"Comment":null}
28.08.2026 18:13:53	Information:	Error in Monitoring. Driver Ping w9LjvpRCyoByGV3Lzv0iX9dSI0tLK0uV+pRojL1kufc=
28.08.2026 18:13:53	Information:	Базовое соединение закрыто: Непредвиденная ошибка при передаче.
28.08.2026 18:15:53	Information:	url https://lab-vko.dmed.kz/ /api/DriverManager/PingDevice
28.08.2026 18:15:53	Information:	{
"Hash": "w9LjvpRCyoByGV3Lzv0iX9dSI0tLK0uV+pRojL1kufc=",
"Status": 0
}


28.08.2026 18:15:53	Information:	Ping ret is {"Status":0,"Comment":null}
28.08.2026 18:17:54	Information:	url https://lab-vko.dmed.kz/ /api/DriverManager/PingDevice
28.08.2026 18:17:54	Information:	{
"Hash": "w9LjvpRCyoByGV3Lzv0iX9dSI0tLK0uV+pRojL1kufc=",
"Status": 0
}


28.08.2026 18:17:54	Information:	Ping ret is {"Status":0,"Comment":null}
28.08.2026 18:19:54	Information:	url https://lab-vko.dmed.kz/ /api/DriverManager/PingDevice
28.08.2026 18:19:54	Information:	{
"Hash": "w9LjvpRCyoByGV3Lzv0iX9dSI0tLK0uV+pRojL1kufc=",
"Status": 0
}


28.08.2026 18:19:54	Information:	Ping ret is {"Status":0,"Comment":null}
28.08.2026 18:21:55	Information:	url https://lab-vko.dmed.kz/ /api/DriverManager/PingDevice
28.08.2026 18:21:55	Information:	{
"Hash": "w9LjvpRCyoByGV3Lzv0iX9dSI0tLK0uV+pRojL1kufc=",
"Status": 0
}


28.08.2026 18:21:55	Information:	Ping ret is {"Status":0,"Comment":null}
28.08.2026 18:23:55	Information:	url https://lab-vko.dmed.kz/ /api/DriverManager/PingDevice
28.08.2026 18:23:55	Information:	{
"Hash": "w9LjvpRCyoByGV3Lzv0iX9dSI0tLK0uV+pRojL1kufc=",
"Status": 0
}


28.08.2026 18:23:55	Information:	Ping ret is {"Status":0,"Comment":null}
28.08.2026 18:26:34	Information:	Error in Monitoring. Driver Ping w9LjvpRCyoByGV3Lzv0iX9dSI0tLK0uV+pRojL1kufc=
28.08.2026 18:26:34	Information:	Базовое соединение закрыто: Непредвиденная ошибка при передаче.
28.08.2026 18:28:54	Information:	url https://lab-vko.dmed.kz/ /api/DriverManager/PingDevice
28.08.2026 18:28:54	Information:	{
"Hash": "w9LjvpRCyoByGV3Lzv0iX9dSI0tLK0uV+pRojL1kufc=",
"Status": 0
}


28.08.2026 18:28:54	Information:	Ping ret is {"Status":0,"Comment":null}
28.08.2026 18:30:55	Information:	url https://lab-vko.dmed.kz/ /api/DriverManager/PingDevice
28.08.2026 18:30:55	Information:	{
"Hash": "w9LjvpRCyoByGV3Lzv0iX9dSI0tLK0uV+pRojL1kufc=",
"Status": 0
}


28.08.2026 18:30:55	Information:	Ping ret is {"Status":0,"Comment":null}
28.08.2026 18:33:15	Information:	url https://lab-vko.dmed.kz/ /api/DriverManager/PingDevice
28.08.2026 18:33:15	Information:	{
"Hash": "w9LjvpRCyoByGV3Lzv0iX9dSI0tLK0uV+pRojL1kufc=",
"Status": 0
}


28.08.2026 18:33:15	Information:	Ping ret is {"Status":0,"Comment":null}
28.08.2026 18:35:15	Information:	url https://lab-vko.dmed.kz/ /api/DriverManager/PingDevice
28.08.2026 18:35:15	Information:	{
"Hash": "w9LjvpRCyoByGV3Lzv0iX9dSI0tLK0uV+pRojL1kufc=",
"Status": 0
}


28.08.2026 18:35:15	Information:	Ping ret is {"Status":0,"Comment":null}
28.08.2026 18:37:16	Information:	url https://lab-vko.dmed.kz/ /api/DriverManager/PingDevice
28.08.2026 18:37:16	Information:	{
"Hash": "w9LjvpRCyoByGV3Lzv0iX9dSI0tLK0uV+pRojL1kufc=",
"Status": 0
}


28.08.2026 18:37:16	Information:	Ping ret is {"Status":0,"Comment":null}
28.08.2026 18:39:54	Information:	Error in Monitoring. Driver Ping w9LjvpRCyoByGV3Lzv0iX9dSI0tLK0uV+pRojL1kufc=
28.08.2026 18:39:54	Information:	Базовое соединение закрыто: Непредвиденная ошибка при передаче.
28.08.2026 18:41:55	Information:	url https://lab-vko.dmed.kz/ /api/DriverManager/PingDevice
28.08.2026 18:41:55	Information:	{
"Hash": "w9LjvpRCyoByGV3Lzv0iX9dSI0tLK0uV+pRojL1kufc=",
"Status": 0
}


28.08.2026 18:41:55	Information:	Ping ret is {"Status":0,"Comment":null}
28.08.2026 18:44:34	Information:	Error in Monitoring. Driver Ping w9LjvpRCyoByGV3Lzv0iX9dSI0tLK0uV+pRojL1kufc=
28.08.2026 18:44:34	Information:	Базовое соединение закрыто: Непредвиденная ошибка при передаче.
28.08.2026 18:47:32	Information:	Error in Monitoring. Driver Ping w9LjvpRCyoByGV3Lzv0iX9dSI0tLK0uV+pRojL1kufc=
28.08.2026 18:47:32	Information:	Базовое соединение закрыто: Непредвиденная ошибка при передаче.
28.08.2026 18:49:33	Information:	url https://lab-vko.dmed.kz/ /api/DriverManager/PingDevice
28.08.2026 18:49:33	Information:	{
"Hash": "w9LjvpRCyoByGV3Lzv0iX9dSI0tLK0uV+pRojL1kufc=",
"Status": 0
}


28.08.2026 18:49:33	Information:	Ping ret is {"Status":0,"Comment":null}
28.08.2026 18:51:33	Information:	url https://lab-vko.dmed.kz/ /api/DriverManager/PingDevice
28.08.2026 18:51:33	Information:	{
"Hash": "w9LjvpRCyoByGV3Lzv0iX9dSI0tLK0uV+pRojL1kufc=",
"Status": 0
}


28.08.2026 18:51:33	Information:	Ping ret is {"Status":0,"Comment":null}
28.08.2026 18:53:34	Information:	url https://lab-vko.dmed.kz/ /api/DriverManager/PingDevice
28.08.2026 18:53:34	Information:	{
"Hash": "w9LjvpRCyoByGV3Lzv0iX9dSI0tLK0uV+pRojL1kufc=",
"Status": 0
}


28.08.2026 18:53:34	Information:	Ping ret is {"Status":0,"Comment":null}
28.08.2026 18:56:12	Information:	Error in Monitoring. Driver Ping w9LjvpRCyoByGV3Lzv0iX9dSI0tLK0uV+pRojL1kufc=
28.08.2026 18:56:12	Information:	Базовое соединение закрыто: Непредвиденная ошибка при передаче.
28.08.2026 18:58:13	Information:	url https://lab-vko.dmed.kz/ /api/DriverManager/PingDevice
28.08.2026 18:58:13	Information:	{
"Hash": "w9LjvpRCyoByGV3Lzv0iX9dSI0tLK0uV+pRojL1kufc=",
"Status": 0
}


28.08.2026 18:58:13	Information:	Ping ret is {"Status":0,"Comment":null}
28.08.2026 19:00:33	Information:	url https://lab-vko.dmed.kz/ /api/DriverManager/PingDevice
28.08.2026 19:00:33	Information:	{
"Hash": "w9LjvpRCyoByGV3Lzv0iX9dSI0tLK0uV+pRojL1kufc=",
"Status": 0
}


28.08.2026 19:00:33	Information:	Ping ret is {"Status":0,"Comment":null}
28.08.2026 19:03:11	Information:	Error in Monitoring. Driver Ping w9LjvpRCyoByGV3Lzv0iX9dSI0tLK0uV+pRojL1kufc=
28.08.2026 19:03:11	Information:	Базовое соединение закрыто: Непредвиденная ошибка при передаче.
28.08.2026 19:05:31	Information:	url https://lab-vko.dmed.kz/ /api/DriverManager/PingDevice
28.08.2026 19:05:31	Information:	{
"Hash": "w9LjvpRCyoByGV3Lzv0iX9dSI0tLK0uV+pRojL1kufc=",
"Status": 0
}


28.08.2026 19:05:31	Information:	Ping ret is {"Status":0,"Comment":null}
28.08.2026 19:07:51	Information:	url https://lab-vko.dmed.kz/ /api/DriverManager/PingDevice
28.08.2026 19:07:51	Information:	{
"Hash": "w9LjvpRCyoByGV3Lzv0iX9dSI0tLK0uV+pRojL1kufc=",
"Status": 0
}


28.08.2026 19:07:51	Information:	Ping ret is {"Status":0,"Comment":null}
28.08.2026 19:10:10	Information:	url https://lab-vko.dmed.kz/ /api/DriverManager/PingDevice
28.08.2026 19:10:10	Information:	{
"Hash": "w9LjvpRCyoByGV3Lzv0iX9dSI0tLK0uV+pRojL1kufc=",
"Status": 0
}


28.08.2026 19:10:10	Information:	Ping ret is {"Status":0,"Comment":null}
28.08.2026 19:12:30	Information:	url https://lab-vko.dmed.kz/ /api/DriverManager/PingDevice
28.08.2026 19:12:30	Information:	{
"Hash": "w9LjvpRCyoByGV3Lzv0iX9dSI0tLK0uV+pRojL1kufc=",
"Status": 0
}


28.08.2026 19:12:30	Information:	Ping ret is {"Status":0,"Comment":null}
28.08.2026 19:14:50	Information:	url https://lab-vko.dmed.kz/ /api/DriverManager/PingDevice
28.08.2026 19:14:50	Information:	{
"Hash": "w9LjvpRCyoByGV3Lzv0iX9dSI0tLK0uV+pRojL1kufc=",
"Status": 0
}


28.08.2026 19:14:50	Information:	Ping ret is {"Status":0,"Comment":null}
28.08.2026 19:17:29	Information:	url https://lab-vko.dmed.kz/ /api/DriverManager/PingDevice
28.08.2026 19:17:29	Information:	{
"Hash": "w9LjvpRCyoByGV3Lzv0iX9dSI0tLK0uV+pRojL1kufc=",
"Status": 0
}


28.08.2026 19:17:29	Information:	Ping ret is {"Status":0,"Comment":null}
28.08.2026 19:19:49	Information:	url https://lab-vko.dmed.kz/ /api/DriverManager/PingDevice
28.08.2026 19:19:49	Information:	{
"Hash": "w9LjvpRCyoByGV3Lzv0iX9dSI0tLK0uV+pRojL1kufc=",
"Status": 0
}


28.08.2026 19:19:49	Information:	Ping ret is {"Status":0,"Comment":null}
28.08.2026 19:21:49	Information:	url https://lab-vko.dmed.kz/ /api/DriverManager/PingDevice
28.08.2026 19:21:49	Information:	{
"Hash": "w9LjvpRCyoByGV3Lzv0iX9dSI0tLK0uV+pRojL1kufc=",
"Status": 0
}


28.08.2026 19:21:49	Information:	Ping ret is {"Status":0,"Comment":null}
28.08.2026 19:23:50	Information:	url https://lab-vko.dmed.kz/ /api/DriverManager/PingDevice
28.08.2026 19:23:50	Information:	{
"Hash": "w9LjvpRCyoByGV3Lzv0iX9dSI0tLK0uV+pRojL1kufc=",
"Status": 0
}


28.08.2026 19:23:50	Information:	Ping ret is {"Status":0,"Comment":null}
28.08.2026 19:26:10	Information:	url https://lab-vko.dmed.kz/ /api/DriverManager/PingDevice
28.08.2026 19:26:10	Information:	{
"Hash": "w9LjvpRCyoByGV3Lzv0iX9dSI0tLK0uV+pRojL1kufc=",
"Status": 0
}


28.08.2026 19:26:10	Information:	Ping ret is {"Status":0,"Comment":null}
28.08.2026 19:28:10	Information:	url https://lab-vko.dmed.kz/ /api/DriverManager/PingDevice
28.08.2026 19:28:10	Information:	{
"Hash": "w9LjvpRCyoByGV3Lzv0iX9dSI0tLK0uV+pRojL1kufc=",
"Status": 0
}


28.08.2026 19:28:10	Information:	Ping ret is {"Status":0,"Comment":null}
28.08.2026 19:30:30	Information:	url https://lab-vko.dmed.kz/ /api/DriverManager/PingDevice
28.08.2026 19:30:30	Information:	{
"Hash": "w9LjvpRCyoByGV3Lzv0iX9dSI0tLK0uV+pRojL1kufc=",
"Status": 0
}


28.08.2026 19:30:30	Information:	Ping ret is {"Status":0,"Comment":null}
28.08.2026 19:32:30	Information:	url https://lab-vko.dmed.kz/ /api/DriverManager/PingDevice
28.08.2026 19:32:30	Information:	{
"Hash": "w9LjvpRCyoByGV3Lzv0iX9dSI0tLK0uV+pRojL1kufc=",
"Status": 0
}


28.08.2026 19:32:30	Information:	Ping ret is {"Status":0,"Comment":null}
28.08.2026 19:34:31	Information:	url https://lab-vko.dmed.kz/ /api/DriverManager/PingDevice
28.08.2026 19:34:31	Information:	{
"Hash": "w9LjvpRCyoByGV3Lzv0iX9dSI0tLK0uV+pRojL1kufc=",
"Status": 0
}


28.08.2026 19:34:31	Information:	Ping ret is {"Status":0,"Comment":null}
28.08.2026 19:36:31	Information:	url https://lab-vko.dmed.kz/ /api/DriverManager/PingDevice
28.08.2026 19:36:31	Information:	{
"Hash": "w9LjvpRCyoByGV3Lzv0iX9dSI0tLK0uV+pRojL1kufc=",
"Status": 0
}


28.08.2026 19:36:31	Information:	Ping ret is {"Status":0,"Comment":null}
28.08.2026 19:39:10	Information:	Error in Monitoring. Driver Ping w9LjvpRCyoByGV3Lzv0iX9dSI0tLK0uV+pRojL1kufc=
28.08.2026 19:39:10	Information:	Базовое соединение закрыто: Непредвиденная ошибка при передаче.
28.08.2026 19:41:11	Information:	url https://lab-vko.dmed.kz/ /api/DriverManager/PingDevice
28.08.2026 19:41:11	Information:	{
"Hash": "w9LjvpRCyoByGV3Lzv0iX9dSI0tLK0uV+pRojL1kufc=",
"Status": 0
}


28.08.2026 19:41:11	Information:	Ping ret is {"Status":0,"Comment":null}
28.08.2026 19:43:50	Information:	Error in Monitoring. Driver Ping w9LjvpRCyoByGV3Lzv0iX9dSI0tLK0uV+pRojL1kufc=
28.08.2026 19:43:50	Information:	Базовое соединение закрыто: Непредвиденная ошибка при передаче.
28.08.2026 19:46:48	Information:	Error in Monitoring. Driver Ping w9LjvpRCyoByGV3Lzv0iX9dSI0tLK0uV+pRojL1kufc=
28.08.2026 19:46:48	Information:	Базовое соединение закрыто: Непредвиденная ошибка при передаче.
28.08.2026 19:49:08	Information:	url https://lab-vko.dmed.kz/ /api/DriverManager/PingDevice
28.08.2026 19:49:08	Information:	{
"Hash": "w9LjvpRCyoByGV3Lzv0iX9dSI0tLK0uV+pRojL1kufc=",
"Status": 0
}


28.08.2026 19:49:08	Information:	Ping ret is {"Status":0,"Comment":null}
28.08.2026 19:51:27	Information:	url https://lab-vko.dmed.kz/ /api/DriverManager/PingDevice
28.08.2026 19:51:27	Information:	{
"Hash": "w9LjvpRCyoByGV3Lzv0iX9dSI0tLK0uV+pRojL1kufc=",
"Status": 0
}


28.08.2026 19:51:27	Information:	Ping ret is {"Status":0,"Comment":null}
28.08.2026 19:54:06	Information:	Error in Monitoring. Driver Ping w9LjvpRCyoByGV3Lzv0iX9dSI0tLK0uV+pRojL1kufc=
28.08.2026 19:54:06	Information:	Базовое соединение закрыто: Непредвиденная ошибка при передаче.
28.08.2026 19:56:26	Information:	url https://lab-vko.dmed.kz/ /api/DriverManager/PingDevice
28.08.2026 19:56:26	Information:	{
"Hash": "w9LjvpRCyoByGV3Lzv0iX9dSI0tLK0uV+pRojL1kufc=",
"Status": 0
}


28.08.2026 19:56:26	Information:	Ping ret is {"Status":0,"Comment":null}
28.08.2026 19:58:46	Information:	url https://lab-vko.dmed.kz/ /api/DriverManager/PingDevice
28.08.2026 19:58:46	Information:	{
"Hash": "w9LjvpRCyoByGV3Lzv0iX9dSI0tLK0uV+pRojL1kufc=",
"Status": 0
}


28.08.2026 19:58:46	Information:	Ping ret is {"Status":0,"Comment":null}
28.08.2026 20:00:46	Information:	url https://lab-vko.dmed.kz/ /api/DriverManager/PingDevice
28.08.2026 20:00:46	Information:	{
"Hash": "w9LjvpRCyoByGV3Lzv0iX9dSI0tLK0uV+pRojL1kufc=",
"Status": 0
}


28.08.2026 20:00:46	Information:	Ping ret is {"Status":0,"Comment":null}
28.08.2026 20:02:47	Information:	url https://lab-vko.dmed.kz/ /api/DriverManager/PingDevice
28.08.2026 20:02:47	Information:	{
"Hash": "w9LjvpRCyoByGV3Lzv0iX9dSI0tLK0uV+pRojL1kufc=",
"Status": 0
}


28.08.2026 20:02:47	Information:	Ping ret is {"Status":0,"Comment":null}
28.08.2026 20:04:48	Information:	url https://lab-vko.dmed.kz/ /api/DriverManager/PingDevice
28.08.2026 20:04:48	Information:	{
"Hash": "w9LjvpRCyoByGV3Lzv0iX9dSI0tLK0uV+pRojL1kufc=",
"Status": 0
}


28.08.2026 20:04:48	Information:	Ping ret is {"Status":0,"Comment":null}
28.08.2026 20:07:27	Information:	Error in Monitoring. Driver Ping w9LjvpRCyoByGV3Lzv0iX9dSI0tLK0uV+pRojL1kufc=
28.08.2026 20:07:27	Information:	Базовое соединение закрыто: Непредвиденная ошибка при передаче.
28.08.2026 20:10:05	Information:	Error in Monitoring. Driver Ping w9LjvpRCyoByGV3Lzv0iX9dSI0tLK0uV+pRojL1kufc=
28.08.2026 20:10:05	Information:	Базовое соединение закрыто: Непредвиденная ошибка при передаче.
28.08.2026 20:12:06	Information:	url https://lab-vko.dmed.kz/ /api/DriverManager/PingDevice
28.08.2026 20:12:06	Information:	{
"Hash": "w9LjvpRCyoByGV3Lzv0iX9dSI0tLK0uV+pRojL1kufc=",
"Status": 0
}


28.08.2026 20:12:06	Information:	Ping ret is {"Status":0,"Comment":null}
28.08.2026 20:14:45	Information:	Error in Monitoring. Driver Ping w9LjvpRCyoByGV3Lzv0iX9dSI0tLK0uV+pRojL1kufc=
28.08.2026 20:14:45	Information:	Базовое соединение закрыто: Непредвиденная ошибка при передаче.
28.08.2026 20:17:24	Information:	Error in Monitoring. Driver Ping w9LjvpRCyoByGV3Lzv0iX9dSI0tLK0uV+pRojL1kufc=
28.08.2026 20:17:24	Information:	Базовое соединение закрыто: Непредвиденная ошибка при передаче.
28.08.2026 20:20:03	Information:	Error in Monitoring. Driver Ping w9LjvpRCyoByGV3Lzv0iX9dSI0tLK0uV+pRojL1kufc=
28.08.2026 20:20:03	Information:	Базовое соединение закрыто: Непредвиденная ошибка при передаче.
28.08.2026 20:22:23	Information:	url https://lab-vko.dmed.kz/ /api/DriverManager/PingDevice
28.08.2026 20:22:23	Information:	{
"Hash": "w9LjvpRCyoByGV3Lzv0iX9dSI0tLK0uV+pRojL1kufc=",
"Status": 0
}


28.08.2026 20:22:23	Information:	Ping ret is {"Status":0,"Comment":null}
28.08.2026 20:24:23	Information:	url https://lab-vko.dmed.kz/ /api/DriverManager/PingDevice
28.08.2026 20:24:23	Information:	{
"Hash": "w9LjvpRCyoByGV3Lzv0iX9dSI0tLK0uV+pRojL1kufc=",
"Status": 0
}


28.08.2026 20:24:23	Information:	Ping ret is {"Status":0,"Comment":null}
28.08.2026 20:26:24	Information:	url https://lab-vko.dmed.kz/ /api/DriverManager/PingDevice
28.08.2026 20:26:24	Information:	{
"Hash": "w9LjvpRCyoByGV3Lzv0iX9dSI0tLK0uV+pRojL1kufc=",
"Status": 0
}


28.08.2026 20:26:24	Information:	Ping ret is {"Status":0,"Comment":null}
28.08.2026 20:28:24	Information:	url https://lab-vko.dmed.kz/ /api/DriverManager/PingDevice
28.08.2026 20:28:24	Information:	{
"Hash": "w9LjvpRCyoByGV3Lzv0iX9dSI0tLK0uV+pRojL1kufc=",
"Status": 0
}


28.08.2026 20:28:24	Information:	Ping ret is {"Status":0,"Comment":null}
28.08.2026 20:30:44	Information:	url https://lab-vko.dmed.kz/ /api/DriverManager/PingDevice
28.08.2026 20:30:44	Information:	{
"Hash": "w9LjvpRCyoByGV3Lzv0iX9dSI0tLK0uV+pRojL1kufc=",
"Status": 0
}


28.08.2026 20:30:44	Information:	Ping ret is {"Status":0,"Comment":null}
28.08.2026 20:32:45	Information:	url https://lab-vko.dmed.kz/ /api/DriverManager/PingDevice
28.08.2026 20:32:45	Information:	{
"Hash": "w9LjvpRCyoByGV3Lzv0iX9dSI0tLK0uV+pRojL1kufc=",
"Status": 0
}


28.08.2026 20:32:45	Information:	Ping ret is {"Status":0,"Comment":null}
28.08.2026 20:35:04	Information:	url https://lab-vko.dmed.kz/ /api/DriverManager/PingDevice
28.08.2026 20:35:04	Information:	{
"Hash": "w9LjvpRCyoByGV3Lzv0iX9dSI0tLK0uV+pRojL1kufc=",
"Status": 0
}


28.08.2026 20:35:04	Information:	Ping ret is {"Status":0,"Comment":null}
28.08.2026 20:37:43	Information:	Error in Monitoring. Driver Ping w9LjvpRCyoByGV3Lzv0iX9dSI0tLK0uV+pRojL1kufc=
28.08.2026 20:37:43	Information:	Базовое соединение закрыто: Непредвиденная ошибка при передаче.
28.08.2026 20:40:22	Information:	url https://lab-vko.dmed.kz/ /api/DriverManager/PingDevice
28.08.2026 20:40:22	Information:	{
"Hash": "w9LjvpRCyoByGV3Lzv0iX9dSI0tLK0uV+pRojL1kufc=",
"Status": 0
}


28.08.2026 20:40:22	Information:	Ping ret is {"Status":0,"Comment":null}
28.08.2026 20:42:23	Information:	url https://lab-vko.dmed.kz/ /api/DriverManager/PingDevice
28.08.2026 20:42:23	Information:	{
"Hash": "w9LjvpRCyoByGV3Lzv0iX9dSI0tLK0uV+pRojL1kufc=",
"Status": 0
}


28.08.2026 20:42:23	Information:	Ping ret is {"Status":0,"Comment":null}
28.08.2026 20:44:42	Information:	url https://lab-vko.dmed.kz/ /api/DriverManager/PingDevice
28.08.2026 20:44:42	Information:	{
"Hash": "w9LjvpRCyoByGV3Lzv0iX9dSI0tLK0uV+pRojL1kufc=",
"Status": 0
}


28.08.2026 20:44:42	Information:	Ping ret is {"Status":0,"Comment":null}
28.08.2026 20:47:21	Information:	Error in Monitoring. Driver Ping w9LjvpRCyoByGV3Lzv0iX9dSI0tLK0uV+pRojL1kufc=
28.08.2026 20:47:21	Information:	Базовое соединение закрыто: Непредвиденная ошибка при передаче.
28.08.2026 20:50:00	Information:	Error in Monitoring. Driver Ping w9LjvpRCyoByGV3Lzv0iX9dSI0tLK0uV+pRojL1kufc=
28.08.2026 20:50:00	Information:	Базовое соединение закрыто: Непредвиденная ошибка при передаче.
28.08.2026 20:52:20	Information:	url https://lab-vko.dmed.kz/ /api/DriverManager/PingDevice
28.08.2026 20:52:20	Information:	{
"Hash": "w9LjvpRCyoByGV3Lzv0iX9dSI0tLK0uV+pRojL1kufc=",
"Status": 0
}


28.08.2026 20:52:20	Information:	Ping ret is {"Status":0,"Comment":null}
28.08.2026 20:54:20	Information:	url https://lab-vko.dmed.kz/ /api/DriverManager/PingDevice
28.08.2026 20:54:20	Information:	{
"Hash": "w9LjvpRCyoByGV3Lzv0iX9dSI0tLK0uV+pRojL1kufc=",
"Status": 0
}


28.08.2026 20:54:20	Information:	Ping ret is {"Status":0,"Comment":null}
28.08.2026 20:56:21	Information:	url https://lab-vko.dmed.kz/ /api/DriverManager/PingDevice
28.08.2026 20:56:21	Information:	{
"Hash": "w9LjvpRCyoByGV3Lzv0iX9dSI0tLK0uV+pRojL1kufc=",
"Status": 0
}


28.08.2026 20:56:21	Information:	Ping ret is {"Status":0,"Comment":null}
28.08.2026 20:59:00	Information:	Error in Monitoring. Driver Ping w9LjvpRCyoByGV3Lzv0iX9dSI0tLK0uV+pRojL1kufc=
28.08.2026 20:59:00	Information:	Базовое соединение закрыто: Непредвиденная ошибка при передаче.
28.08.2026 21:01:00	Information:	url https://lab-vko.dmed.kz/ /api/DriverManager/PingDevice
28.08.2026 21:01:00	Information:	{
"Hash": "w9LjvpRCyoByGV3Lzv0iX9dSI0tLK0uV+pRojL1kufc=",
"Status": 0
}


28.08.2026 21:01:00	Information:	Ping ret is {"Status":0,"Comment":null}
28.08.2026 21:03:00	Information:	url https://lab-vko.dmed.kz/ /api/DriverManager/PingDevice
28.08.2026 21:03:00	Information:	{
"Hash": "w9LjvpRCyoByGV3Lzv0iX9dSI0tLK0uV+pRojL1kufc=",
"Status": 0
}


28.08.2026 21:03:00	Information:	Ping ret is {"Status":0,"Comment":null}
28.08.2026 21:05:01	Information:	url https://lab-vko.dmed.kz/ /api/DriverManager/PingDevice
28.08.2026 21:05:01	Information:	{
"Hash": "w9LjvpRCyoByGV3Lzv0iX9dSI0tLK0uV+pRojL1kufc=",
"Status": 0
}


28.08.2026 21:05:01	Information:	Ping ret is {"Status":0,"Comment":null}
28.08.2026 21:07:21	Information:	url https://lab-vko.dmed.kz/ /api/DriverManager/PingDevice
28.08.2026 21:07:21	Information:	{
"Hash": "w9LjvpRCyoByGV3Lzv0iX9dSI0tLK0uV+pRojL1kufc=",
"Status": 0
}


28.08.2026 21:07:21	Information:	Ping ret is {"Status":0,"Comment":null}
28.08.2026 21:09:40	Information:	url https://lab-vko.dmed.kz/ /api/DriverManager/PingDevice
28.08.2026 21:09:40	Information:	{
"Hash": "w9LjvpRCyoByGV3Lzv0iX9dSI0tLK0uV+pRojL1kufc=",
"Status": 0
}


28.08.2026 21:09:40	Information:	Ping ret is {"Status":0,"Comment":null}
28.08.2026 21:11:41	Information:	url https://lab-vko.dmed.kz/ /api/DriverManager/PingDevice
28.08.2026 21:11:41	Information:	{
"Hash": "w9LjvpRCyoByGV3Lzv0iX9dSI0tLK0uV+pRojL1kufc=",
"Status": 0
}


28.08.2026 21:11:41	Information:	Ping ret is {"Status":0,"Comment":null}
28.08.2026 21:14:20	Information:	Error in Monitoring. Driver Ping w9LjvpRCyoByGV3Lzv0iX9dSI0tLK0uV+pRojL1kufc=
28.08.2026 21:14:20	Information:	Базовое соединение закрыто: Непредвиденная ошибка при передаче.
28.08.2026 21:16:59	Information:	Error in Monitoring. Driver Ping w9LjvpRCyoByGV3Lzv0iX9dSI0tLK0uV+pRojL1kufc=
28.08.2026 21:16:59	Information:	Базовое соединение закрыто: Непредвиденная ошибка при передаче.
28.08.2026 21:19:38	Information:	Error in Monitoring. Driver Ping w9LjvpRCyoByGV3Lzv0iX9dSI0tLK0uV+pRojL1kufc=
28.08.2026 21:19:38	Information:	Базовое соединение закрыто: Непредвиденная ошибка при передаче.
28.08.2026 21:22:16	Information:	Error in Monitoring. Driver Ping w9LjvpRCyoByGV3Lzv0iX9dSI0tLK0uV+pRojL1kufc=
28.08.2026 21:22:16	Information:	Базовое соединение закрыто: Непредвиденная ошибка при передаче.
28.08.2026 21:24:55	Information:	Error in Monitoring. Driver Ping w9LjvpRCyoByGV3Lzv0iX9dSI0tLK0uV+pRojL1kufc=
28.08.2026 21:24:55	Information:	Базовое соединение закрыто: Непредвиденная ошибка при передаче.
28.08.2026 21:27:34	Information:	Error in Monitoring. Driver Ping w9LjvpRCyoByGV3Lzv0iX9dSI0tLK0uV+pRojL1kufc=
28.08.2026 21:27:34	Information:	Базовое соединение закрыто: Непредвиденная ошибка при передаче.
28.08.2026 21:29:54	Information:	url https://lab-vko.dmed.kz/ /api/DriverManager/PingDevice
28.08.2026 21:29:54	Information:	{
"Hash": "w9LjvpRCyoByGV3Lzv0iX9dSI0tLK0uV+pRojL1kufc=",
"Status": 0
}


28.08.2026 21:29:54	Information:	Ping ret is {"Status":0,"Comment":null}
28.08.2026 21:31:55	Information:	url https://lab-vko.dmed.kz/ /api/DriverManager/PingDevice
28.08.2026 21:31:55	Information:	{
"Hash": "w9LjvpRCyoByGV3Lzv0iX9dSI0tLK0uV+pRojL1kufc=",
"Status": 0
}


28.08.2026 21:31:55	Information:	Ping ret is {"Status":0,"Comment":null}
28.08.2026 21:34:15	Information:	url https://lab-vko.dmed.kz/ /api/DriverManager/PingDevice
28.08.2026 21:34:15	Information:	{
"Hash": "w9LjvpRCyoByGV3Lzv0iX9dSI0tLK0uV+pRojL1kufc=",
"Status": 0
}


28.08.2026 21:34:15	Information:	Ping ret is {"Status":0,"Comment":null}
28.08.2026 21:36:53	Information:	Error in Monitoring. Driver Ping w9LjvpRCyoByGV3Lzv0iX9dSI0tLK0uV+pRojL1kufc=
28.08.2026 21:36:53	Information:	Базовое соединение закрыто: Непредвиденная ошибка при передаче.
28.08.2026 21:38:54	Information:	url https://lab-vko.dmed.kz/ /api/DriverManager/PingDevice
28.08.2026 21:38:54	Information:	{
"Hash": "w9LjvpRCyoByGV3Lzv0iX9dSI0tLK0uV+pRojL1kufc=",
"Status": 0
}


28.08.2026 21:38:54	Information:	Ping ret is {"Status":0,"Comment":null}
28.08.2026 21:41:33	Information:	Error in Monitoring. Driver Ping w9LjvpRCyoByGV3Lzv0iX9dSI0tLK0uV+pRojL1kufc=
28.08.2026 21:41:33	Information:	Базовое соединение закрыто: Непредвиденная ошибка при передаче.
28.08.2026 21:43:52	Information:	url https://lab-vko.dmed.kz/ /api/DriverManager/PingDevice
28.08.2026 21:43:52	Information:	{
"Hash": "w9LjvpRCyoByGV3Lzv0iX9dSI0tLK0uV+pRojL1kufc=",
"Status": 0
}


28.08.2026 21:43:52	Information:	Ping ret is {"Status":0,"Comment":null}
28.08.2026 21:46:12	Information:	url https://lab-vko.dmed.kz/ /api/DriverManager/PingDevice
28.08.2026 21:46:12	Information:	{
"Hash": "w9LjvpRCyoByGV3Lzv0iX9dSI0tLK0uV+pRojL1kufc=",
"Status": 0
}


28.08.2026 21:46:12	Information:	Ping ret is {"Status":0,"Comment":null}
28.08.2026 21:48:32	Information:	url https://lab-vko.dmed.kz/ /api/DriverManager/PingDevice
28.08.2026 21:48:32	Information:	{
"Hash": "w9LjvpRCyoByGV3Lzv0iX9dSI0tLK0uV+pRojL1kufc=",
"Status": 0
}


28.08.2026 21:48:32	Information:	Ping ret is {"Status":0,"Comment":null}
28.08.2026 21:51:11	Information:	Error in Monitoring. Driver Ping w9LjvpRCyoByGV3Lzv0iX9dSI0tLK0uV+pRojL1kufc=
28.08.2026 21:51:11	Information:	Базовое соединение закрыто: Непредвиденная ошибка при передаче.
28.08.2026 21:53:30	Information:	url https://lab-vko.dmed.kz/ /api/DriverManager/PingDevice
28.08.2026 21:53:30	Information:	{
"Hash": "w9LjvpRCyoByGV3Lzv0iX9dSI0tLK0uV+pRojL1kufc=",
"Status": 0
}


28.08.2026 21:53:30	Information:	Ping ret is {"Status":0,"Comment":null}
28.08.2026 21:56:09	Information:	Error in Monitoring. Driver Ping w9LjvpRCyoByGV3Lzv0iX9dSI0tLK0uV+pRojL1kufc=
28.08.2026 21:56:09	Information:	Базовое соединение закрыто: Непредвиденная ошибка при передаче.
28.08.2026 21:58:29	Information:	url https://lab-vko.dmed.kz/ /api/DriverManager/PingDevice
28.08.2026 21:58:29	Information:	{
"Hash": "w9LjvpRCyoByGV3Lzv0iX9dSI0tLK0uV+pRojL1kufc=",
"Status": 0
}


28.08.2026 21:58:29	Information:	Ping ret is {"Status":0,"Comment":null}
28.08.2026 22:00:29	Information:	url https://lab-vko.dmed.kz/ /api/DriverManager/PingDevice
28.08.2026 22:00:29	Information:	{
"Hash": "w9LjvpRCyoByGV3Lzv0iX9dSI0tLK0uV+pRojL1kufc=",
"Status": 0
}


28.08.2026 22:00:29	Information:	Ping ret is {"Status":0,"Comment":null}
28.08.2026 22:03:08	Information:	Error in Monitoring. Driver Ping w9LjvpRCyoByGV3Lzv0iX9dSI0tLK0uV+pRojL1kufc=
28.08.2026 22:03:08	Information:	Базовое соединение закрыто: Непредвиденная ошибка при передаче.
28.08.2026 22:05:09	Information:	url https://lab-vko.dmed.kz/ /api/DriverManager/PingDevice
28.08.2026 22:05:09	Information:	{
"Hash": "w9LjvpRCyoByGV3Lzv0iX9dSI0tLK0uV+pRojL1kufc=",
"Status": 0
}


28.08.2026 22:05:09	Information:	Ping ret is {"Status":0,"Comment":null}
28.08.2026 22:07:09	Information:	url https://lab-vko.dmed.kz/ /api/DriverManager/PingDevice
28.08.2026 22:07:09	Information:	{
"Hash": "w9LjvpRCyoByGV3Lzv0iX9dSI0tLK0uV+pRojL1kufc=",
"Status": 0
}


28.08.2026 22:07:09	Information:	Ping ret is {"Status":0,"Comment":null}
28.08.2026 22:09:48	Information:	Error in Monitoring. Driver Ping w9LjvpRCyoByGV3Lzv0iX9dSI0tLK0uV+pRojL1kufc=
28.08.2026 22:09:48	Information:	Базовое соединение закрыто: Непредвиденная ошибка при передаче.
28.08.2026 22:11:49	Information:	url https://lab-vko.dmed.kz/ /api/DriverManager/PingDevice
28.08.2026 22:11:49	Information:	{
"Hash": "w9LjvpRCyoByGV3Lzv0iX9dSI0tLK0uV+pRojL1kufc=",
"Status": 0
}


28.08.2026 22:11:49	Information:	Ping ret is {"Status":0,"Comment":null}
28.08.2026 22:13:49	Information:	url https://lab-vko.dmed.kz/ /api/DriverManager/PingDevice
28.08.2026 22:13:49	Information:	{
"Hash": "w9LjvpRCyoByGV3Lzv0iX9dSI0tLK0uV+pRojL1kufc=",
"Status": 0
}


28.08.2026 22:13:49	Information:	Ping ret is {"Status":0,"Comment":null}
28.08.2026 22:16:09	Information:	url https://lab-vko.dmed.kz/ /api/DriverManager/PingDevice
28.08.2026 22:16:09	Information:	{
"Hash": "w9LjvpRCyoByGV3Lzv0iX9dSI0tLK0uV+pRojL1kufc=",
"Status": 0
}


28.08.2026 22:16:09	Information:	Ping ret is {"Status":0,"Comment":null}
28.08.2026 22:18:09	Information:	url https://lab-vko.dmed.kz/ /api/DriverManager/PingDevice
28.08.2026 22:18:09	Information:	{
"Hash": "w9LjvpRCyoByGV3Lzv0iX9dSI0tLK0uV+pRojL1kufc=",
"Status": 0
}


28.08.2026 22:18:09	Information:	Ping ret is {"Status":0,"Comment":null}
28.08.2026 22:20:10	Information:	url https://lab-vko.dmed.kz/ /api/DriverManager/PingDevice
28.08.2026 22:20:10	Information:	{
"Hash": "w9LjvpRCyoByGV3Lzv0iX9dSI0tLK0uV+pRojL1kufc=",
"Status": 0
}


28.08.2026 22:20:10	Information:	Ping ret is {"Status":0,"Comment":null}
28.08.2026 22:22:49	Information:	Error in Monitoring. Driver Ping w9LjvpRCyoByGV3Lzv0iX9dSI0tLK0uV+pRojL1kufc=
28.08.2026 22:22:49	Information:	Базовое соединение закрыто: Непредвиденная ошибка при передаче.
28.08.2026 22:24:49	Information:	url https://lab-vko.dmed.kz/ /api/DriverManager/PingDevice
28.08.2026 22:24:49	Information:	{
"Hash": "w9LjvpRCyoByGV3Lzv0iX9dSI0tLK0uV+pRojL1kufc=",
"Status": 0
}


28.08.2026 22:24:49	Information:	Ping ret is {"Status":0,"Comment":null}
28.08.2026 22:27:09	Information:	url https://lab-vko.dmed.kz/ /api/DriverManager/PingDevice
28.08.2026 22:27:09	Information:	{
"Hash": "w9LjvpRCyoByGV3Lzv0iX9dSI0tLK0uV+pRojL1kufc=",
"Status": 0
}


28.08.2026 22:27:09	Information:	Ping ret is {"Status":0,"Comment":null}
28.08.2026 22:29:09	Information:	url https://lab-vko.dmed.kz/ /api/DriverManager/PingDevice
28.08.2026 22:29:09	Information:	{
"Hash": "w9LjvpRCyoByGV3Lzv0iX9dSI0tLK0uV+pRojL1kufc=",
"Status": 0
}


28.08.2026 22:29:09	Information:	Ping ret is {"Status":0,"Comment":null}
28.08.2026 22:31:48	Information:	Error in Monitoring. Driver Ping w9LjvpRCyoByGV3Lzv0iX9dSI0tLK0uV+pRojL1kufc=
28.08.2026 22:31:48	Information:	Базовое соединение закрыто: Непредвиденная ошибка при передаче.
28.08.2026 22:33:49	Information:	url https://lab-vko.dmed.kz/ /api/DriverManager/PingDevice
28.08.2026 22:33:49	Information:	{
"Hash": "w9LjvpRCyoByGV3Lzv0iX9dSI0tLK0uV+pRojL1kufc=",
"Status": 0
}


28.08.2026 22:33:49	Information:	Ping ret is {"Status":0,"Comment":null}
28.08.2026 22:36:08	Information:	url https://lab-vko.dmed.kz/ /api/DriverManager/PingDevice
28.08.2026 22:36:08	Information:	{
"Hash": "w9LjvpRCyoByGV3Lzv0iX9dSI0tLK0uV+pRojL1kufc=",
"Status": 0
}


28.08.2026 22:36:08	Information:	Ping ret is {"Status":0,"Comment":null}
28.08.2026 22:38:28	Information:	url https://lab-vko.dmed.kz/ /api/DriverManager/PingDevice
28.08.2026 22:38:28	Information:	{
"Hash": "w9LjvpRCyoByGV3Lzv0iX9dSI0tLK0uV+pRojL1kufc=",
"Status": 0
}


28.08.2026 22:38:28	Information:	Ping ret is {"Status":0,"Comment":null}
28.08.2026 22:40:29	Information:	url https://lab-vko.dmed.kz/ /api/DriverManager/PingDevice
28.08.2026 22:40:29	Information:	{
"Hash": "w9LjvpRCyoByGV3Lzv0iX9dSI0tLK0uV+pRojL1kufc=",
"Status": 0
}


28.08.2026 22:40:29	Information:	Ping ret is {"Status":0,"Comment":null}
28.08.2026 22:42:48	Information:	url https://lab-vko.dmed.kz/ /api/DriverManager/PingDevice
28.08.2026 22:42:48	Information:	{
"Hash": "w9LjvpRCyoByGV3Lzv0iX9dSI0tLK0uV+pRojL1kufc=",
"Status": 0
}


28.08.2026 22:42:48	Information:	Ping ret is {"Status":0,"Comment":null}
28.08.2026 22:44:49	Information:	url https://lab-vko.dmed.kz/ /api/DriverManager/PingDevice
28.08.2026 22:44:49	Information:	{
"Hash": "w9LjvpRCyoByGV3Lzv0iX9dSI0tLK0uV+pRojL1kufc=",
"Status": 0
}


28.08.2026 22:44:49	Information:	Ping ret is {"Status":0,"Comment":null}
28.08.2026 22:47:28	Information:	Error in Monitoring. Driver Ping w9LjvpRCyoByGV3Lzv0iX9dSI0tLK0uV+pRojL1kufc=
28.08.2026 22:47:28	Information:	Базовое соединение закрыто: Непредвиденная ошибка при передаче.
28.08.2026 22:49:28	Information:	url https://lab-vko.dmed.kz/ /api/DriverManager/PingDevice
28.08.2026 22:49:28	Information:	{
"Hash": "w9LjvpRCyoByGV3Lzv0iX9dSI0tLK0uV+pRojL1kufc=",
"Status": 0
}


28.08.2026 22:49:28	Information:	Ping ret is {"Status":0,"Comment":null}
28.08.2026 22:51:29	Information:	url https://lab-vko.dmed.kz/ /api/DriverManager/PingDevice
28.08.2026 22:51:29	Information:	{
"Hash": "w9LjvpRCyoByGV3Lzv0iX9dSI0tLK0uV+pRojL1kufc=",
"Status": 0
}


28.08.2026 22:51:29	Information:	Ping ret is {"Status":0,"Comment":null}
28.08.2026 22:53:29	Information:	url https://lab-vko.dmed.kz/ /api/DriverManager/PingDevice
28.08.2026 22:53:29	Information:	{
"Hash": "w9LjvpRCyoByGV3Lzv0iX9dSI0tLK0uV+pRojL1kufc=",
"Status": 0
}


28.08.2026 22:53:29	Information:	Ping ret is {"Status":0,"Comment":null}
28.08.2026 22:55:49	Information:	url https://lab-vko.dmed.kz/ /api/DriverManager/PingDevice
28.08.2026 22:55:49	Information:	{
"Hash": "w9LjvpRCyoByGV3Lzv0iX9dSI0tLK0uV+pRojL1kufc=",
"Status": 0
}


28.08.2026 22:55:49	Information:	Ping ret is {"Status":0,"Comment":null}
28.08.2026 22:58:28	Information:	Error in Monitoring. Driver Ping w9LjvpRCyoByGV3Lzv0iX9dSI0tLK0uV+pRojL1kufc=
28.08.2026 22:58:28	Information:	Базовое соединение закрыто: Непредвиденная ошибка при передаче.
28.08.2026 23:00:28	Information:	url https://lab-vko.dmed.kz/ /api/DriverManager/PingDevice
28.08.2026 23:00:28	Information:	{
"Hash": "w9LjvpRCyoByGV3Lzv0iX9dSI0tLK0uV+pRojL1kufc=",
"Status": 0
}


28.08.2026 23:00:28	Information:	Ping ret is {"Status":0,"Comment":null}
28.08.2026 23:02:29	Information:	url https://lab-vko.dmed.kz/ /api/DriverManager/PingDevice
28.08.2026 23:02:29	Information:	{
"Hash": "w9LjvpRCyoByGV3Lzv0iX9dSI0tLK0uV+pRojL1kufc=",
"Status": 0
}


28.08.2026 23:02:29	Information:	Ping ret is {"Status":0,"Comment":null}
28.08.2026 23:05:08	Information:	Error in Monitoring. Driver Ping w9LjvpRCyoByGV3Lzv0iX9dSI0tLK0uV+pRojL1kufc=
28.08.2026 23:05:08	Information:	Базовое соединение закрыто: Непредвиденная ошибка при передаче.
28.08.2026 23:07:28	Information:	url https://lab-vko.dmed.kz/ /api/DriverManager/PingDevice
28.08.2026 23:07:28	Information:	{
"Hash": "w9LjvpRCyoByGV3Lzv0iX9dSI0tLK0uV+pRojL1kufc=",
"Status": 0
}


28.08.2026 23:07:28	Information:	Ping ret is {"Status":0,"Comment":null}
28.08.2026 23:09:47	Information:	url https://lab-vko.dmed.kz/ /api/DriverManager/PingDevice
28.08.2026 23:09:47	Information:	{
"Hash": "w9LjvpRCyoByGV3Lzv0iX9dSI0tLK0uV+pRojL1kufc=",
"Status": 0
}


28.08.2026 23:09:47	Information:	Ping ret is {"Status":0,"Comment":null}
28.08.2026 23:11:48	Information:	url https://lab-vko.dmed.kz/ /api/DriverManager/PingDevice
28.08.2026 23:11:48	Information:	{
"Hash": "w9LjvpRCyoByGV3Lzv0iX9dSI0tLK0uV+pRojL1kufc=",
"Status": 0
}


28.08.2026 23:11:48	Information:	Ping ret is {"Status":0,"Comment":null}
28.08.2026 23:13:48	Information:	url https://lab-vko.dmed.kz/ /api/DriverManager/PingDevice
28.08.2026 23:13:48	Information:	{
"Hash": "w9LjvpRCyoByGV3Lzv0iX9dSI0tLK0uV+pRojL1kufc=",
"Status": 0
}


28.08.2026 23:13:48	Information:	Ping ret is {"Status":0,"Comment":null}
28.08.2026 23:16:27	Information:	Error in Monitoring. Driver Ping w9LjvpRCyoByGV3Lzv0iX9dSI0tLK0uV+pRojL1kufc=
28.08.2026 23:16:27	Information:	Базовое соединение закрыто: Непредвиденная ошибка при передаче.
28.08.2026 23:18:47	Information:	url https://lab-vko.dmed.kz/ /api/DriverManager/PingDevice
28.08.2026 23:18:47	Information:	{
"Hash": "w9LjvpRCyoByGV3Lzv0iX9dSI0tLK0uV+pRojL1kufc=",
"Status": 0
}


28.08.2026 23:18:47	Information:	Ping ret is {"Status":0,"Comment":null}
28.08.2026 23:21:07	Information:	url https://lab-vko.dmed.kz/ /api/DriverManager/PingDevice
28.08.2026 23:21:07	Information:	{
"Hash": "w9LjvpRCyoByGV3Lzv0iX9dSI0tLK0uV+pRojL1kufc=",
"Status": 0
}


28.08.2026 23:21:07	Information:	Ping ret is {"Status":0,"Comment":null}
28.08.2026 23:23:07	Information:	url https://lab-vko.dmed.kz/ /api/DriverManager/PingDevice
28.08.2026 23:23:07	Information:	{
"Hash": "w9LjvpRCyoByGV3Lzv0iX9dSI0tLK0uV+pRojL1kufc=",
"Status": 0
}


28.08.2026 23:23:07	Information:	Ping ret is {"Status":0,"Comment":null}
28.08.2026 23:25:08	Information:	url https://lab-vko.dmed.kz/ /api/DriverManager/PingDevice
28.08.2026 23:25:08	Information:	{
"Hash": "w9LjvpRCyoByGV3Lzv0iX9dSI0tLK0uV+pRojL1kufc=",
"Status": 0
}


28.08.2026 23:25:08	Information:	Ping ret is {"Status":0,"Comment":null}
28.08.2026 23:27:28	Information:	url https://lab-vko.dmed.kz/ /api/DriverManager/PingDevice
28.08.2026 23:27:28	Information:	{
"Hash": "w9LjvpRCyoByGV3Lzv0iX9dSI0tLK0uV+pRojL1kufc=",
"Status": 0
}


28.08.2026 23:27:28	Information:	Ping ret is {"Status":0,"Comment":null}
28.08.2026 23:29:28	Information:	url https://lab-vko.dmed.kz/ /api/DriverManager/PingDevice
28.08.2026 23:29:28	Information:	{
"Hash": "w9LjvpRCyoByGV3Lzv0iX9dSI0tLK0uV+pRojL1kufc=",
"Status": 0
}


28.08.2026 23:29:28	Information:	Ping ret is {"Status":0,"Comment":null}
28.08.2026 23:32:07	Information:	Error in Monitoring. Driver Ping w9LjvpRCyoByGV3Lzv0iX9dSI0tLK0uV+pRojL1kufc=
28.08.2026 23:32:07	Information:	Базовое соединение закрыто: Непредвиденная ошибка при передаче.
28.08.2026 23:34:27	Information:	url https://lab-vko.dmed.kz/ /api/DriverManager/PingDevice
28.08.2026 23:34:27	Information:	{
"Hash": "w9LjvpRCyoByGV3Lzv0iX9dSI0tLK0uV+pRojL1kufc=",
"Status": 0
}


28.08.2026 23:34:27	Information:	Ping ret is {"Status":0,"Comment":null}
28.08.2026 23:36:46	Information:	url https://lab-vko.dmed.kz/ /api/DriverManager/PingDevice
28.08.2026 23:36:46	Information:	{
"Hash": "w9LjvpRCyoByGV3Lzv0iX9dSI0tLK0uV+pRojL1kufc=",
"Status": 0
}


28.08.2026 23:36:46	Information:	Ping ret is {"Status":0,"Comment":null}
28.08.2026 23:38:47	Information:	url https://lab-vko.dmed.kz/ /api/DriverManager/PingDevice
28.08.2026 23:38:47	Information:	{
"Hash": "w9LjvpRCyoByGV3Lzv0iX9dSI0tLK0uV+pRojL1kufc=",
"Status": 0
}


28.08.2026 23:38:47	Information:	Ping ret is {"Status":0,"Comment":null}
28.08.2026 23:40:47	Information:	url https://lab-vko.dmed.kz/ /api/DriverManager/PingDevice
28.08.2026 23:40:47	Information:	{
"Hash": "w9LjvpRCyoByGV3Lzv0iX9dSI0tLK0uV+pRojL1kufc=",
"Status": 0
}


28.08.2026 23:40:47	Information:	Ping ret is {"Status":0,"Comment":null}
28.08.2026 23:42:48	Information:	url https://lab-vko.dmed.kz/ /api/DriverManager/PingDevice
28.08.2026 23:42:48	Information:	{
"Hash": "w9LjvpRCyoByGV3Lzv0iX9dSI0tLK0uV+pRojL1kufc=",
"Status": 0
}


28.08.2026 23:42:48	Information:	Ping ret is {"Status":0,"Comment":null}
28.08.2026 23:45:27	Information:	Error in Monitoring. Driver Ping w9LjvpRCyoByGV3Lzv0iX9dSI0tLK0uV+pRojL1kufc=
28.08.2026 23:45:27	Information:	Базовое соединение закрыто: Непредвиденная ошибка при передаче.
28.08.2026 23:48:05	Information:	Error in Monitoring. Driver Ping w9LjvpRCyoByGV3Lzv0iX9dSI0tLK0uV+pRojL1kufc=
28.08.2026 23:48:05	Information:	Базовое соединение закрыто: Непредвиденная ошибка при передаче.
28.08.2026 23:50:06	Information:	url https://lab-vko.dmed.kz/ /api/DriverManager/PingDevice
28.08.2026 23:50:06	Information:	{
"Hash": "w9LjvpRCyoByGV3Lzv0iX9dSI0tLK0uV+pRojL1kufc=",
"Status": 0
}


28.08.2026 23:50:06	Information:	Ping ret is {"Status":0,"Comment":null}
28.08.2026 23:52:26	Information:	url https://lab-vko.dmed.kz/ /api/DriverManager/PingDevice
28.08.2026 23:52:26	Information:	{
"Hash": "w9LjvpRCyoByGV3Lzv0iX9dSI0tLK0uV+pRojL1kufc=",
"Status": 0
}


28.08.2026 23:52:26	Information:	Ping ret is {"Status":0,"Comment":null}
28.08.2026 23:54:26	Information:	url https://lab-vko.dmed.kz/ /api/DriverManager/PingDevice
28.08.2026 23:54:26	Information:	{
"Hash": "w9LjvpRCyoByGV3Lzv0iX9dSI0tLK0uV+pRojL1kufc=",
"Status": 0
}


28.08.2026 23:54:26	Information:	Ping ret is {"Status":0,"Comment":null}
28.08.2026 23:57:24	Information:	Error in Monitoring. Driver Ping w9LjvpRCyoByGV3Lzv0iX9dSI0tLK0uV+pRojL1kufc=
28.08.2026 23:57:24	Information:	Базовое соединение закрыто: Непредвиденная ошибка при передаче.
28.08.2026 23:59:25	Information:	url https://lab-vko.dmed.kz/ /api/DriverManager/PingDevice
28.08.2026 23:59:25	Information:	{
"Hash": "w9LjvpRCyoByGV3Lzv0iX9dSI0tLK0uV+pRojL1kufc=",
"Status": 0
}


28.08.2026 23:59:25	Information:	Ping ret is {"Status":0,"Comment":null}
29.08.2026 0:01:56	Information:	url https://lab-vko.dmed.kz/ /api/DriverManager/PingDevice
29.08.2026 0:01:56	Information:	{
"Hash": "w9LjvpRCyoByGV3Lzv0iX9dSI0tLK0uV+pRojL1kufc=",
"Status": 0
}


29.08.2026 0:01:56	Information:	Ping ret is {"Status":0,"Comment":null}
29.08.2026 0:03:56	Information:	url https://lab-vko.dmed.kz/ /api/DriverManager/PingDevice
29.08.2026 0:03:56	Information:	{
"Hash": "w9LjvpRCyoByGV3Lzv0iX9dSI0tLK0uV+pRojL1kufc=",
"Status": 0
}


29.08.2026 0:03:56	Information:	Ping ret is {"Status":0,"Comment":null}
29.08.2026 0:05:57	Information:	url https://lab-vko.dmed.kz/ /api/DriverManager/PingDevice
29.08.2026 0:05:57	Information:	{
"Hash": "w9LjvpRCyoByGV3Lzv0iX9dSI0tLK0uV+pRojL1kufc=",
"Status": 0
}


29.08.2026 0:05:57	Information:	Ping ret is {"Status":0,"Comment":null}
29.08.2026 0:07:57	Information:	url https://lab-vko.dmed.kz/ /api/DriverManager/PingDevice
29.08.2026 0:07:57	Information:	{
"Hash": "w9LjvpRCyoByGV3Lzv0iX9dSI0tLK0uV+pRojL1kufc=",
"Status": 0
}


29.08.2026 0:07:57	Information:	Ping ret is {"Status":0,"Comment":null}
29.08.2026 0:10:17	Information:	url https://lab-vko.dmed.kz/ /api/DriverManager/PingDevice
29.08.2026 0:10:17	Information:	{
"Hash": "w9LjvpRCyoByGV3Lzv0iX9dSI0tLK0uV+pRojL1kufc=",
"Status": 0
}


29.08.2026 0:10:17	Information:	Ping ret is {"Status":0,"Comment":null}
29.08.2026 0:12:17	Information:	url https://lab-vko.dmed.kz/ /api/DriverManager/PingDevice
29.08.2026 0:12:17	Information:	{
"Hash": "w9LjvpRCyoByGV3Lzv0iX9dSI0tLK0uV+pRojL1kufc=",
"Status": 0
}


29.08.2026 0:12:17	Information:	Ping ret is {"Status":0,"Comment":null}
29.08.2026 0:14:18	Information:	url https://lab-vko.dmed.kz/ /api/DriverManager/PingDevice
29.08.2026 0:14:18	Information:	{
"Hash": "w9LjvpRCyoByGV3Lzv0iX9dSI0tLK0uV+pRojL1kufc=",
"Status": 0
}


29.08.2026 0:14:18	Information:	Ping ret is {"Status":0,"Comment":null}
29.08.2026 0:16:57	Information:	Error in Monitoring. Driver Ping w9LjvpRCyoByGV3Lzv0iX9dSI0tLK0uV+pRojL1kufc=
29.08.2026 0:16:57	Information:	Базовое соединение закрыто: Непредвиденная ошибка при передаче.
29.08.2026 0:19:17	Information:	url https://lab-vko.dmed.kz/ /api/DriverManager/PingDevice
29.08.2026 0:19:17	Information:	{
"Hash": "w9LjvpRCyoByGV3Lzv0iX9dSI0tLK0uV+pRojL1kufc=",
"Status": 0
}


29.08.2026 0:19:17	Information:	Ping ret is {"Status":0,"Comment":null}
29.08.2026 0:21:36	Information:	url https://lab-vko.dmed.kz/ /api/DriverManager/PingDevice
29.08.2026 0:21:36	Information:	{
"Hash": "w9LjvpRCyoByGV3Lzv0iX9dSI0tLK0uV+pRojL1kufc=",
"Status": 0
}


29.08.2026 0:21:36	Information:	Ping ret is {"Status":0,"Comment":null}
29.08.2026 0:23:56	Information:	url https://lab-vko.dmed.kz/ /api/DriverManager/PingDevice
29.08.2026 0:23:56	Information:	{
"Hash": "w9LjvpRCyoByGV3Lzv0iX9dSI0tLK0uV+pRojL1kufc=",
"Status": 0
}


29.08.2026 0:23:56	Information:	Ping ret is {"Status":0,"Comment":null}
29.08.2026 0:26:35	Information:	Error in Monitoring. Driver Ping w9LjvpRCyoByGV3Lzv0iX9dSI0tLK0uV+pRojL1kufc=
29.08.2026 0:26:35	Information:	Базовое соединение закрыто: Непредвиденная ошибка при передаче.
29.08.2026 0:28:55	Information:	url https://lab-vko.dmed.kz/ /api/DriverManager/PingDevice
29.08.2026 0:28:55	Information:	{
"Hash": "w9LjvpRCyoByGV3Lzv0iX9dSI0tLK0uV+pRojL1kufc=",
"Status": 0
}


29.08.2026 0:28:55	Information:	Ping ret is {"Status":0,"Comment":null}
29.08.2026 0:31:14	Information:	url https://lab-vko.dmed.kz/ /api/DriverManager/PingDevice
29.08.2026 0:31:14	Information:	{
"Hash": "w9LjvpRCyoByGV3Lzv0iX9dSI0tLK0uV+pRojL1kufc=",
"Status": 0
}


29.08.2026 0:31:14	Information:	Ping ret is {"Status":0,"Comment":null}
29.08.2026 0:33:15	Information:	url https://lab-vko.dmed.kz/ /api/DriverManager/PingDevice
29.08.2026 0:33:15	Information:	{
"Hash": "w9LjvpRCyoByGV3Lzv0iX9dSI0tLK0uV+pRojL1kufc=",
"Status": 0
}


29.08.2026 0:33:15	Information:	Ping ret is {"Status":0,"Comment":null}
29.08.2026 0:35:35	Information:	url https://lab-vko.dmed.kz/ /api/DriverManager/PingDevice
29.08.2026 0:35:35	Information:	{
"Hash": "w9LjvpRCyoByGV3Lzv0iX9dSI0tLK0uV+pRojL1kufc=",
"Status": 0
}


29.08.2026 0:35:35	Information:	Ping ret is {"Status":0,"Comment":null}
29.08.2026 0:38:13	Information:	Error in Monitoring. Driver Ping w9LjvpRCyoByGV3Lzv0iX9dSI0tLK0uV+pRojL1kufc=
29.08.2026 0:38:13	Information:	Базовое соединение закрыто: Непредвиденная ошибка при передаче.
29.08.2026 0:40:52	Information:	Error in Monitoring. Driver Ping w9LjvpRCyoByGV3Lzv0iX9dSI0tLK0uV+pRojL1kufc=
29.08.2026 0:40:52	Information:	Базовое соединение закрыто: Непредвиденная ошибка при передаче.
29.08.2026 0:42:53	Information:	url https://lab-vko.dmed.kz/ /api/DriverManager/PingDevice
29.08.2026 0:42:53	Information:	{
"Hash": "w9LjvpRCyoByGV3Lzv0iX9dSI0tLK0uV+pRojL1kufc=",
"Status": 0
}


29.08.2026 0:42:53	Information:	Ping ret is {"Status":0,"Comment":null}
29.08.2026 0:44:54	Information:	url https://lab-vko.dmed.kz/ /api/DriverManager/PingDevice
29.08.2026 0:44:54	Information:	{
"Hash": "w9LjvpRCyoByGV3Lzv0iX9dSI0tLK0uV+pRojL1kufc=",
"Status": 0
}


29.08.2026 0:44:54	Information:	Ping ret is {"Status":0,"Comment":null}
29.08.2026 0:47:33	Information:	Error in Monitoring. Driver Ping w9LjvpRCyoByGV3Lzv0iX9dSI0tLK0uV+pRojL1kufc=
29.08.2026 0:47:33	Information:	Базовое соединение закрыто: Непредвиденная ошибка при передаче.
29.08.2026 0:50:12	Information:	Error in Monitoring. Driver Ping w9LjvpRCyoByGV3Lzv0iX9dSI0tLK0uV+pRojL1kufc=
29.08.2026 0:50:12	Information:	Базовое соединение закрыто: Непредвиденная ошибка при передаче.
29.08.2026 0:52:12	Information:	url https://lab-vko.dmed.kz/ /api/DriverManager/PingDevice
29.08.2026 0:52:12	Information:	{
"Hash": "w9LjvpRCyoByGV3Lzv0iX9dSI0tLK0uV+pRojL1kufc=",
"Status": 0
}


29.08.2026 0:52:12	Information:	Ping ret is {"Status":0,"Comment":null}
29.08.2026 0:54:32	Information:	url https://lab-vko.dmed.kz/ /api/DriverManager/PingDevice
29.08.2026 0:54:32	Information:	{
"Hash": "w9LjvpRCyoByGV3Lzv0iX9dSI0tLK0uV+pRojL1kufc=",
"Status": 0
}


29.08.2026 0:54:32	Information:	Ping ret is {"Status":0,"Comment":null}
29.08.2026 0:56:33	Information:	url https://lab-vko.dmed.kz/ /api/DriverManager/PingDevice
29.08.2026 0:56:33	Information:	{
"Hash": "w9LjvpRCyoByGV3Lzv0iX9dSI0tLK0uV+pRojL1kufc=",
"Status": 0
}


29.08.2026 0:56:33	Information:	Ping ret is {"Status":0,"Comment":null}
29.08.2026 0:58:33	Information:	url https://lab-vko.dmed.kz/ /api/DriverManager/PingDevice
29.08.2026 0:58:33	Information:	{
"Hash": "w9LjvpRCyoByGV3Lzv0iX9dSI0tLK0uV+pRojL1kufc=",
"Status": 0
}


29.08.2026 0:58:33	Information:	Ping ret is {"Status":0,"Comment":null}
29.08.2026 1:00:34	Information:	url https://lab-vko.dmed.kz/ /api/DriverManager/PingDevice
29.08.2026 1:00:34	Information:	{
"Hash": "w9LjvpRCyoByGV3Lzv0iX9dSI0tLK0uV+pRojL1kufc=",
"Status": 0
}


29.08.2026 1:00:34	Information:	Ping ret is {"Status":0,"Comment":null}
29.08.2026 1:02:34	Information:	url https://lab-vko.dmed.kz/ /api/DriverManager/PingDevice
29.08.2026 1:02:34	Information:	{
"Hash": "w9LjvpRCyoByGV3Lzv0iX9dSI0tLK0uV+pRojL1kufc=",
"Status": 0
}


29.08.2026 1:02:34	Information:	Ping ret is {"Status":0,"Comment":null}
29.08.2026 1:05:13	Information:	Error in Monitoring. Driver Ping w9LjvpRCyoByGV3Lzv0iX9dSI0tLK0uV+pRojL1kufc=
29.08.2026 1:05:13	Information:	Базовое соединение закрыто: Непредвиденная ошибка при передаче.
29.08.2026 1:07:33	Information:	url https://lab-vko.dmed.kz/ /api/DriverManager/PingDevice
29.08.2026 1:07:33	Information:	{
"Hash": "w9LjvpRCyoByGV3Lzv0iX9dSI0tLK0uV+pRojL1kufc=",
"Status": 0
}


29.08.2026 1:07:33	Information:	Ping ret is {"Status":0,"Comment":null}
29.08.2026 1:09:34	Information:	url https://lab-vko.dmed.kz/ /api/DriverManager/PingDevice
29.08.2026 1:09:34	Information:	{
"Hash": "w9LjvpRCyoByGV3Lzv0iX9dSI0tLK0uV+pRojL1kufc=",
"Status": 0
}


29.08.2026 1:09:34	Information:	Ping ret is {"Status":0,"Comment":null}
29.08.2026 1:11:34	Information:	url https://lab-vko.dmed.kz/ /api/DriverManager/PingDevice
29.08.2026 1:11:34	Information:	{
"Hash": "w9LjvpRCyoByGV3Lzv0iX9dSI0tLK0uV+pRojL1kufc=",
"Status": 0
}


29.08.2026 1:11:34	Information:	Ping ret is {"Status":0,"Comment":null}
29.08.2026 1:14:13	Information:	Error in Monitoring. Driver Ping w9LjvpRCyoByGV3Lzv0iX9dSI0tLK0uV+pRojL1kufc=
29.08.2026 1:14:13	Information:	Базовое соединение закрыто: Непредвиденная ошибка при передаче.
29.08.2026 1:17:11	Information:	Error in Monitoring. Driver Ping w9LjvpRCyoByGV3Lzv0iX9dSI0tLK0uV+pRojL1kufc=
29.08.2026 1:17:11	Information:	Базовое соединение закрыто: Непредвиденная ошибка при передаче.
29.08.2026 1:19:31	Information:	url https://lab-vko.dmed.kz/ /api/DriverManager/PingDevice
29.08.2026 1:19:31	Information:	{
"Hash": "w9LjvpRCyoByGV3Lzv0iX9dSI0tLK0uV+pRojL1kufc=",
"Status": 0
}


29.08.2026 1:19:31	Information:	Ping ret is {"Status":0,"Comment":null}
29.08.2026 1:21:31	Information:	url https://lab-vko.dmed.kz/ /api/DriverManager/PingDevice
29.08.2026 1:21:31	Information:	{
"Hash": "w9LjvpRCyoByGV3Lzv0iX9dSI0tLK0uV+pRojL1kufc=",
"Status": 0
}


29.08.2026 1:21:31	Information:	Ping ret is {"Status":0,"Comment":null}
29.08.2026 1:24:10	Information:	Error in Monitoring. Driver Ping w9LjvpRCyoByGV3Lzv0iX9dSI0tLK0uV+pRojL1kufc=
29.08.2026 1:24:10	Information:	Базовое соединение закрыто: Непредвиденная ошибка при передаче.
29.08.2026 1:26:49	Information:	Error in Monitoring. Driver Ping w9LjvpRCyoByGV3Lzv0iX9dSI0tLK0uV+pRojL1kufc=
29.08.2026 1:26:49	Information:	Базовое соединение закрыто: Непредвиденная ошибка при передаче.
29.08.2026 1:29:28	Information:	Error in Monitoring. Driver Ping w9LjvpRCyoByGV3Lzv0iX9dSI0tLK0uV+pRojL1kufc=
29.08.2026 1:29:28	Information:	Базовое соединение закрыто: Непредвиденная ошибка при передаче.
29.08.2026 1:32:07	Information:	Error in Monitoring. Driver Ping w9LjvpRCyoByGV3Lzv0iX9dSI0tLK0uV+pRojL1kufc=
29.08.2026 1:32:07	Information:	Базовое соединение закрыто: Непредвиденная ошибка при передаче.
29.08.2026 1:34:27	Information:	url https://lab-vko.dmed.kz/ /api/DriverManager/PingDevice
29.08.2026 1:34:27	Information:	{
"Hash": "w9LjvpRCyoByGV3Lzv0iX9dSI0tLK0uV+pRojL1kufc=",
"Status": 0
}


29.08.2026 1:34:27	Information:	Ping ret is {"Status":0,"Comment":null}
29.08.2026 1:36:47	Information:	url https://lab-vko.dmed.kz/ /api/DriverManager/PingDevice
29.08.2026 1:36:47	Information:	{
"Hash": "w9LjvpRCyoByGV3Lzv0iX9dSI0tLK0uV+pRojL1kufc=",
"Status": 0
}


29.08.2026 1:36:47	Information:	Ping ret is {"Status":0,"Comment":null}
29.08.2026 1:38:47	Information:	url https://lab-vko.dmed.kz/ /api/DriverManager/PingDevice
29.08.2026 1:38:47	Information:	{
"Hash": "w9LjvpRCyoByGV3Lzv0iX9dSI0tLK0uV+pRojL1kufc=",
"Status": 0
}


29.08.2026 1:38:47	Information:	Ping ret is {"Status":0,"Comment":null}
29.08.2026 1:40:47	Information:	url https://lab-vko.dmed.kz/ /api/DriverManager/PingDevice
29.08.2026 1:40:47	Information:	{
"Hash": "w9LjvpRCyoByGV3Lzv0iX9dSI0tLK0uV+pRojL1kufc=",
"Status": 0
}


29.08.2026 1:40:47	Information:	Ping ret is {"Status":0,"Comment":null}
29.08.2026 1:43:07	Information:	url https://lab-vko.dmed.kz/ /api/DriverManager/PingDevice
29.08.2026 1:43:07	Information:	{
"Hash": "w9LjvpRCyoByGV3Lzv0iX9dSI0tLK0uV+pRojL1kufc=",
"Status": 0
}


29.08.2026 1:43:07	Information:	Ping ret is {"Status":0,"Comment":null}
29.08.2026 1:45:46	Information:	Error in Monitoring. Driver Ping w9LjvpRCyoByGV3Lzv0iX9dSI0tLK0uV+pRojL1kufc=
29.08.2026 1:45:46	Information:	Базовое соединение закрыто: Непредвиденная ошибка при передаче.
29.08.2026 1:48:25	Information:	Error in Monitoring. Driver Ping w9LjvpRCyoByGV3Lzv0iX9dSI0tLK0uV+pRojL1kufc=
29.08.2026 1:48:25	Information:	Базовое соединение закрыто: Непредвиденная ошибка при передаче.
29.08.2026 1:50:45	Information:	url https://lab-vko.dmed.kz/ /api/DriverManager/PingDevice
29.08.2026 1:50:45	Information:	{
"Hash": "w9LjvpRCyoByGV3Lzv0iX9dSI0tLK0uV+pRojL1kufc=",
"Status": 0
}


29.08.2026 1:50:45	Information:	Ping ret is {"Status":0,"Comment":null}
29.08.2026 1:53:24	Information:	Error in Monitoring. Driver Ping w9LjvpRCyoByGV3Lzv0iX9dSI0tLK0uV+pRojL1kufc=
29.08.2026 1:53:24	Information:	Базовое соединение закрыто: Непредвиденная ошибка при передаче.
29.08.2026 1:56:03	Information:	Error in Monitoring. Driver Ping w9LjvpRCyoByGV3Lzv0iX9dSI0tLK0uV+pRojL1kufc=
29.08.2026 1:56:03	Information:	Базовое соединение закрыто: Непредвиденная ошибка при передаче.
29.08.2026 1:58:03	Information:	url https://lab-vko.dmed.kz/ /api/DriverManager/PingDevice
29.08.2026 1:58:03	Information:	{
"Hash": "w9LjvpRCyoByGV3Lzv0iX9dSI0tLK0uV+pRojL1kufc=",
"Status": 0
}


29.08.2026 1:58:03	Information:	Ping ret is {"Status":0,"Comment":null}
29.08.2026 2:00:42	Information:	Error in Monitoring. Driver Ping w9LjvpRCyoByGV3Lzv0iX9dSI0tLK0uV+pRojL1kufc=
29.08.2026 2:00:42	Information:	Базовое соединение закрыто: Непредвиденная ошибка при передаче.
29.08.2026 2:03:02	Information:	url https://lab-vko.dmed.kz/ /api/DriverManager/PingDevice
29.08.2026 2:03:02	Information:	{
"Hash": "w9LjvpRCyoByGV3Lzv0iX9dSI0tLK0uV+pRojL1kufc=",
"Status": 0
}


29.08.2026 2:03:02	Information:	Ping ret is {"Status":0,"Comment":null}
29.08.2026 2:05:41	Information:	Error in Monitoring. Driver Ping w9LjvpRCyoByGV3Lzv0iX9dSI0tLK0uV+pRojL1kufc=
29.08.2026 2:05:41	Information:	Базовое соединение закрыто: Непредвиденная ошибка при передаче.
29.08.2026 2:07:41	Information:	url https://lab-vko.dmed.kz/ /api/DriverManager/PingDevice
29.08.2026 2:07:41	Information:	{
"Hash": "w9LjvpRCyoByGV3Lzv0iX9dSI0tLK0uV+pRojL1kufc=",
"Status": 0
}


29.08.2026 2:07:41	Information:	Ping ret is {"Status":0,"Comment":null}
29.08.2026 2:10:20	Information:	Error in Monitoring. Driver Ping w9LjvpRCyoByGV3Lzv0iX9dSI0tLK0uV+pRojL1kufc=
29.08.2026 2:10:20	Information:	Базовое соединение закрыто: Непредвиденная ошибка при передаче.
29.08.2026 2:12:21	Information:	url https://lab-vko.dmed.kz/ /api/DriverManager/PingDevice
29.08.2026 2:12:21	Information:	{
"Hash": "w9LjvpRCyoByGV3Lzv0iX9dSI0tLK0uV+pRojL1kufc=",
"Status": 0
}


29.08.2026 2:12:21	Information:	Ping ret is {"Status":0,"Comment":null}
29.08.2026 2:14:41	Information:	url https://lab-vko.dmed.kz/ /api/DriverManager/PingDevice
29.08.2026 2:14:41	Information:	{
"Hash": "w9LjvpRCyoByGV3Lzv0iX9dSI0tLK0uV+pRojL1kufc=",
"Status": 0
}


29.08.2026 2:14:41	Information:	Ping ret is {"Status":0,"Comment":null}
29.08.2026 2:17:19	Information:	Error in Monitoring. Driver Ping w9LjvpRCyoByGV3Lzv0iX9dSI0tLK0uV+pRojL1kufc=
29.08.2026 2:17:19	Information:	Базовое соединение закрыто: Непредвиденная ошибка при передаче.
29.08.2026 2:19:58	Information:	Error in Monitoring. Driver Ping w9LjvpRCyoByGV3Lzv0iX9dSI0tLK0uV+pRojL1kufc=
29.08.2026 2:19:58	Information:	Базовое соединение закрыто: Непредвиденная ошибка при передаче.
29.08.2026 2:22:18	Information:	url https://lab-vko.dmed.kz/ /api/DriverManager/PingDevice
29.08.2026 2:22:18	Information:	{
"Hash": "w9LjvpRCyoByGV3Lzv0iX9dSI0tLK0uV+pRojL1kufc=",
"Status": 0
}


29.08.2026 2:22:18	Information:	Ping ret is {"Status":0,"Comment":null}
29.08.2026 2:24:18	Information:	url https://lab-vko.dmed.kz/ /api/DriverManager/PingDevice
29.08.2026 2:24:18	Information:	{
"Hash": "w9LjvpRCyoByGV3Lzv0iX9dSI0tLK0uV+pRojL1kufc=",
"Status": 0
}


29.08.2026 2:24:18	Information:	Ping ret is {"Status":0,"Comment":null}
29.08.2026 2:26:38	Information:	url https://lab-vko.dmed.kz/ /api/DriverManager/PingDevice
29.08.2026 2:26:38	Information:	{
"Hash": "w9LjvpRCyoByGV3Lzv0iX9dSI0tLK0uV+pRojL1kufc=",
"Status": 0
}


29.08.2026 2:26:38	Information:	Ping ret is {"Status":0,"Comment":null}
29.08.2026 2:28:39	Information:	url https://lab-vko.dmed.kz/ /api/DriverManager/PingDevice
29.08.2026 2:28:39	Information:	{
"Hash": "w9LjvpRCyoByGV3Lzv0iX9dSI0tLK0uV+pRojL1kufc=",
"Status": 0
}


29.08.2026 2:28:39	Information:	Ping ret is {"Status":0,"Comment":null}
29.08.2026 2:30:39	Information:	url https://lab-vko.dmed.kz/ /api/DriverManager/PingDevice
29.08.2026 2:30:39	Information:	{
"Hash": "w9LjvpRCyoByGV3Lzv0iX9dSI0tLK0uV+pRojL1kufc=",
"Status": 0
}


29.08.2026 2:30:39	Information:	Ping ret is {"Status":0,"Comment":null}
29.08.2026 2:32:59	Information:	url https://lab-vko.dmed.kz/ /api/DriverManager/PingDevice
29.08.2026 2:32:59	Information:	{
"Hash": "w9LjvpRCyoByGV3Lzv0iX9dSI0tLK0uV+pRojL1kufc=",
"Status": 0
}


29.08.2026 2:32:59	Information:	Ping ret is {"Status":0,"Comment":null}
29.08.2026 2:34:59	Information:	url https://lab-vko.dmed.kz/ /api/DriverManager/PingDevice
29.08.2026 2:34:59	Information:	{
"Hash": "w9LjvpRCyoByGV3Lzv0iX9dSI0tLK0uV+pRojL1kufc=",
"Status": 0
}


29.08.2026 2:34:59	Information:	Ping ret is {"Status":0,"Comment":null}
29.08.2026 2:37:38	Information:	Error in Monitoring. Driver Ping w9LjvpRCyoByGV3Lzv0iX9dSI0tLK0uV+pRojL1kufc=
29.08.2026 2:37:38	Information:	Базовое соединение закрыто: Непредвиденная ошибка при передаче.
29.08.2026 2:40:17	Information:	Error in Monitoring. Driver Ping w9LjvpRCyoByGV3Lzv0iX9dSI0tLK0uV+pRojL1kufc=
29.08.2026 2:40:17	Information:	Базовое соединение закрыто: Непредвиденная ошибка при передаче.
29.08.2026 2:42:56	Information:	Error in Monitoring. Driver Ping w9LjvpRCyoByGV3Lzv0iX9dSI0tLK0uV+pRojL1kufc=
29.08.2026 2:42:56	Information:	Базовое соединение закрыто: Непредвиденная ошибка при передаче.
29.08.2026 2:45:35	Information:	Error in Monitoring. Driver Ping w9LjvpRCyoByGV3Lzv0iX9dSI0tLK0uV+pRojL1kufc=
29.08.2026 2:45:35	Information:	Базовое соединение закрыто: Непредвиденная ошибка при передаче.
29.08.2026 2:47:36	Information:	url https://lab-vko.dmed.kz/ /api/DriverManager/PingDevice
29.08.2026 2:47:36	Information:	{
"Hash": "w9LjvpRCyoByGV3Lzv0iX9dSI0tLK0uV+pRojL1kufc=",
"Status": 0
}


29.08.2026 2:47:36	Information:	Ping ret is {"Status":0,"Comment":null}
29.08.2026 2:50:14	Information:	Error in Monitoring. Driver Ping w9LjvpRCyoByGV3Lzv0iX9dSI0tLK0uV+pRojL1kufc=
29.08.2026 2:50:14	Information:	Базовое соединение закрыто: Непредвиденная ошибка при передаче.
29.08.2026 2:52:53	Information:	Error in Monitoring. Driver Ping w9LjvpRCyoByGV3Lzv0iX9dSI0tLK0uV+pRojL1kufc=
29.08.2026 2:52:53	Information:	Базовое соединение закрыто: Непредвиденная ошибка при передаче.
29.08.2026 2:54:54	Information:	url https://lab-vko.dmed.kz/ /api/DriverManager/PingDevice
29.08.2026 2:54:54	Information:	{
"Hash": "w9LjvpRCyoByGV3Lzv0iX9dSI0tLK0uV+pRojL1kufc=",
"Status": 0
}


29.08.2026 2:54:54	Information:	Ping ret is {"Status":0,"Comment":null}
29.08.2026 2:57:13	Information:	url https://lab-vko.dmed.kz/ /api/DriverManager/PingDevice
29.08.2026 2:57:13	Information:	{
"Hash": "w9LjvpRCyoByGV3Lzv0iX9dSI0tLK0uV+pRojL1kufc=",
"Status": 0
}


29.08.2026 2:57:13	Information:	Ping ret is {"Status":0,"Comment":null}
29.08.2026 2:59:33	Information:	url https://lab-vko.dmed.kz/ /api/DriverManager/PingDevice
29.08.2026 2:59:33	Information:	{
"Hash": "w9LjvpRCyoByGV3Lzv0iX9dSI0tLK0uV+pRojL1kufc=",
"Status": 0
}


29.08.2026 2:59:33	Information:	Ping ret is {"Status":0,"Comment":null}
29.08.2026 3:01:53	Information:	url https://lab-vko.dmed.kz/ /api/DriverManager/PingDevice
29.08.2026 3:01:53	Information:	{
"Hash": "w9LjvpRCyoByGV3Lzv0iX9dSI0tLK0uV+pRojL1kufc=",
"Status": 0
}


29.08.2026 3:01:53	Information:	Ping ret is {"Status":0,"Comment":null}
29.08.2026 3:04:31	Information:	Error in Monitoring. Driver Ping w9LjvpRCyoByGV3Lzv0iX9dSI0tLK0uV+pRojL1kufc=
29.08.2026 3:04:31	Information:	Базовое соединение закрыто: Непредвиденная ошибка при передаче.
29.08.2026 3:06:32	Information:	url https://lab-vko.dmed.kz/ /api/DriverManager/PingDevice
29.08.2026 3:06:32	Information:	{
"Hash": "w9LjvpRCyoByGV3Lzv0iX9dSI0tLK0uV+pRojL1kufc=",
"Status": 0
}


29.08.2026 3:06:32	Information:	Ping ret is {"Status":0,"Comment":null}
29.08.2026 3:09:11	Information:	Error in Monitoring. Driver Ping w9LjvpRCyoByGV3Lzv0iX9dSI0tLK0uV+pRojL1kufc=
29.08.2026 3:09:11	Information:	Базовое соединение закрыто: Непредвиденная ошибка при передаче.
29.08.2026 3:11:11	Information:	url https://lab-vko.dmed.kz/ /api/DriverManager/PingDevice
29.08.2026 3:11:11	Information:	{
"Hash": "w9LjvpRCyoByGV3Lzv0iX9dSI0tLK0uV+pRojL1kufc=",
"Status": 0
}


29.08.2026 3:11:11	Information:	Ping ret is {"Status":0,"Comment":null}
29.08.2026 3:13:12	Information:	url https://lab-vko.dmed.kz/ /api/DriverManager/PingDevice
29.08.2026 3:13:12	Information:	{
"Hash": "w9LjvpRCyoByGV3Lzv0iX9dSI0tLK0uV+pRojL1kufc=",
"Status": 0
}


29.08.2026 3:13:12	Information:	Ping ret is {"Status":0,"Comment":null}
29.08.2026 3:15:51	Information:	Error in Monitoring. Driver Ping w9LjvpRCyoByGV3Lzv0iX9dSI0tLK0uV+pRojL1kufc=
29.08.2026 3:15:51	Information:	Базовое соединение закрыто: Непредвиденная ошибка при передаче.
29.08.2026 3:18:29	Information:	Error in Monitoring. Driver Ping w9LjvpRCyoByGV3Lzv0iX9dSI0tLK0uV+pRojL1kufc=
29.08.2026 3:18:29	Information:	Базовое соединение закрыто: Непредвиденная ошибка при передаче.
29.08.2026 3:20:30	Information:	url https://lab-vko.dmed.kz/ /api/DriverManager/PingDevice
29.08.2026 3:20:30	Information:	{
"Hash": "w9LjvpRCyoByGV3Lzv0iX9dSI0tLK0uV+pRojL1kufc=",
"Status": 0
}


29.08.2026 3:20:30	Information:	Ping ret is {"Status":0,"Comment":null}
29.08.2026 3:22:30	Information:	url https://lab-vko.dmed.kz/ /api/DriverManager/PingDevice
29.08.2026 3:22:30	Information:	{
"Hash": "w9LjvpRCyoByGV3Lzv0iX9dSI0tLK0uV+pRojL1kufc=",
"Status": 0
}


29.08.2026 3:22:30	Information:	Ping ret is {"Status":0,"Comment":null}
29.08.2026 3:24:31	Information:	url https://lab-vko.dmed.kz/ /api/DriverManager/PingDevice
29.08.2026 3:24:31	Information:	{
"Hash": "w9LjvpRCyoByGV3Lzv0iX9dSI0tLK0uV+pRojL1kufc=",
"Status": 0
}


29.08.2026 3:24:31	Information:	Ping ret is {"Status":0,"Comment":null}
29.08.2026 3:26:51	Information:	url https://lab-vko.dmed.kz/ /api/DriverManager/PingDevice
29.08.2026 3:26:51	Information:	{
"Hash": "w9LjvpRCyoByGV3Lzv0iX9dSI0tLK0uV+pRojL1kufc=",
"Status": 0
}


29.08.2026 3:26:51	Information:	Ping ret is {"Status":0,"Comment":null}
29.08.2026 3:29:10	Information:	url https://lab-vko.dmed.kz/ /api/DriverManager/PingDevice
29.08.2026 3:29:10	Information:	{
"Hash": "w9LjvpRCyoByGV3Lzv0iX9dSI0tLK0uV+pRojL1kufc=",
"Status": 0
}


29.08.2026 3:29:10	Information:	Ping ret is {"Status":0,"Comment":null}
29.08.2026 3:31:11	Information:	url https://lab-vko.dmed.kz/ /api/DriverManager/PingDevice
29.08.2026 3:31:11	Information:	{
"Hash": "w9LjvpRCyoByGV3Lzv0iX9dSI0tLK0uV+pRojL1kufc=",
"Status": 0
}


29.08.2026 3:31:11	Information:	Ping ret is {"Status":0,"Comment":null}
29.08.2026 3:33:30	Information:	url https://lab-vko.dmed.kz/ /api/DriverManager/PingDevice
29.08.2026 3:33:30	Information:	{
"Hash": "w9LjvpRCyoByGV3Lzv0iX9dSI0tLK0uV+pRojL1kufc=",
"Status": 0
}


29.08.2026 3:33:30	Information:	Ping ret is {"Status":0,"Comment":null}
29.08.2026 3:35:31	Information:	url https://lab-vko.dmed.kz/ /api/DriverManager/PingDevice
29.08.2026 3:35:31	Information:	{
"Hash": "w9LjvpRCyoByGV3Lzv0iX9dSI0tLK0uV+pRojL1kufc=",
"Status": 0
}


29.08.2026 3:35:31	Information:	Ping ret is {"Status":0,"Comment":null}
29.08.2026 3:37:31	Information:	url https://lab-vko.dmed.kz/ /api/DriverManager/PingDevice
29.08.2026 3:37:31	Information:	{
"Hash": "w9LjvpRCyoByGV3Lzv0iX9dSI0tLK0uV+pRojL1kufc=",
"Status": 0
}


29.08.2026 3:37:31	Information:	Ping ret is {"Status":0,"Comment":null}
29.08.2026 3:39:51	Information:	url https://lab-vko.dmed.kz/ /api/DriverManager/PingDevice
29.08.2026 3:39:51	Information:	{
"Hash": "w9LjvpRCyoByGV3Lzv0iX9dSI0tLK0uV+pRojL1kufc=",
"Status": 0
}


29.08.2026 3:39:51	Information:	Ping ret is {"Status":0,"Comment":null}
29.08.2026 3:42:11	Information:	url https://lab-vko.dmed.kz/ /api/DriverManager/PingDevice
29.08.2026 3:42:11	Information:	{
"Hash": "w9LjvpRCyoByGV3Lzv0iX9dSI0tLK0uV+pRojL1kufc=",
"Status": 0
}


29.08.2026 3:42:11	Information:	Ping ret is {"Status":0,"Comment":null}
29.08.2026 3:44:11	Information:	url https://lab-vko.dmed.kz/ /api/DriverManager/PingDevice
29.08.2026 3:44:11	Information:	{
"Hash": "w9LjvpRCyoByGV3Lzv0iX9dSI0tLK0uV+pRojL1kufc=",
"Status": 0
}


29.08.2026 3:44:11	Information:	Ping ret is {"Status":0,"Comment":null}
29.08.2026 3:46:31	Information:	url https://lab-vko.dmed.kz/ /api/DriverManager/PingDevice
29.08.2026 3:46:31	Information:	{
"Hash": "w9LjvpRCyoByGV3Lzv0iX9dSI0tLK0uV+pRojL1kufc=",
"Status": 0
}


29.08.2026 3:46:31	Information:	Ping ret is {"Status":0,"Comment":null}
29.08.2026 3:48:31	Information:	url https://lab-vko.dmed.kz/ /api/DriverManager/PingDevice
29.08.2026 3:48:31	Information:	{
"Hash": "w9LjvpRCyoByGV3Lzv0iX9dSI0tLK0uV+pRojL1kufc=",
"Status": 0
}


29.08.2026 3:48:31	Information:	Ping ret is {"Status":0,"Comment":null}
29.08.2026 3:51:10	Information:	Error in Monitoring. Driver Ping w9LjvpRCyoByGV3Lzv0iX9dSI0tLK0uV+pRojL1kufc=
29.08.2026 3:51:10	Information:	Базовое соединение закрыто: Непредвиденная ошибка при передаче.
29.08.2026 3:53:49	Information:	Error in Monitoring. Driver Ping w9LjvpRCyoByGV3Lzv0iX9dSI0tLK0uV+pRojL1kufc=
29.08.2026 3:53:49	Information:	Базовое соединение закрыто: Непредвиденная ошибка при передаче.
29.08.2026 3:55:50	Information:	url https://lab-vko.dmed.kz/ /api/DriverManager/PingDevice
29.08.2026 3:55:50	Information:	{
"Hash": "w9LjvpRCyoByGV3Lzv0iX9dSI0tLK0uV+pRojL1kufc=",
"Status": 0
}


29.08.2026 3:55:50	Information:	Ping ret is {"Status":0,"Comment":null}
29.08.2026 3:58:29	Information:	Error in Monitoring. Driver Ping w9LjvpRCyoByGV3Lzv0iX9dSI0tLK0uV+pRojL1kufc=
29.08.2026 3:58:29	Information:	Базовое соединение закрыто: Непредвиденная ошибка при передаче.
29.08.2026 4:01:08	Information:	Error in Monitoring. Driver Ping w9LjvpRCyoByGV3Lzv0iX9dSI0tLK0uV+pRojL1kufc=
29.08.2026 4:01:08	Information:	Базовое соединение закрыто: Непредвиденная ошибка при передаче.
29.08.2026 4:03:08	Information:	url https://lab-vko.dmed.kz/ /api/DriverManager/PingDevice
29.08.2026 4:03:08	Information:	{
"Hash": "w9LjvpRCyoByGV3Lzv0iX9dSI0tLK0uV+pRojL1kufc=",
"Status": 0
}


29.08.2026 4:03:08	Information:	Ping ret is {"Status":0,"Comment":null}
29.08.2026 4:05:28	Information:	url https://lab-vko.dmed.kz/ /api/DriverManager/PingDevice
29.08.2026 4:05:28	Information:	{
"Hash": "w9LjvpRCyoByGV3Lzv0iX9dSI0tLK0uV+pRojL1kufc=",
"Status": 0
}


29.08.2026 4:05:28	Information:	Ping ret is {"Status":0,"Comment":null}
29.08.2026 4:07:29	Information:	url https://lab-vko.dmed.kz/ /api/DriverManager/PingDevice
29.08.2026 4:07:29	Information:	{
"Hash": "w9LjvpRCyoByGV3Lzv0iX9dSI0tLK0uV+pRojL1kufc=",
"Status": 0
}


29.08.2026 4:07:29	Information:	Ping ret is {"Status":0,"Comment":null}
29.08.2026 4:09:29	Information:	url https://lab-vko.dmed.kz/ /api/DriverManager/PingDevice
29.08.2026 4:09:29	Information:	{
"Hash": "w9LjvpRCyoByGV3Lzv0iX9dSI0tLK0uV+pRojL1kufc=",
"Status": 0
}


29.08.2026 4:09:29	Information:	Ping ret is {"Status":0,"Comment":null}
29.08.2026 4:11:30	Information:	url https://lab-vko.dmed.kz/ /api/DriverManager/PingDevice
29.08.2026 4:11:30	Information:	{
"Hash": "w9LjvpRCyoByGV3Lzv0iX9dSI0tLK0uV+pRojL1kufc=",
"Status": 0
}


29.08.2026 4:11:30	Information:	Ping ret is {"Status":0,"Comment":null}
29.08.2026 4:13:30	Information:	url https://lab-vko.dmed.kz/ /api/DriverManager/PingDevice
29.08.2026 4:13:30	Information:	{
"Hash": "w9LjvpRCyoByGV3Lzv0iX9dSI0tLK0uV+pRojL1kufc=",
"Status": 0
}


29.08.2026 4:13:30	Information:	Ping ret is {"Status":0,"Comment":null}
29.08.2026 4:16:09	Information:	Error in Monitoring. Driver Ping w9LjvpRCyoByGV3Lzv0iX9dSI0tLK0uV+pRojL1kufc=
29.08.2026 4:16:09	Information:	Базовое соединение закрыто: Непредвиденная ошибка при передаче.
29.08.2026 4:18:48	Information:	Error in Monitoring. Driver Ping w9LjvpRCyoByGV3Lzv0iX9dSI0tLK0uV+pRojL1kufc=
29.08.2026 4:18:48	Information:	Базовое соединение закрыто: Непредвиденная ошибка при передаче.
29.08.2026 4:21:27	Information:	Error in Monitoring. Driver Ping w9LjvpRCyoByGV3Lzv0iX9dSI0tLK0uV+pRojL1kufc=
29.08.2026 4:21:27	Information:	Базовое соединение закрыто: Непредвиденная ошибка при передаче.
29.08.2026 4:23:47	Information:	url https://lab-vko.dmed.kz/ /api/DriverManager/PingDevice
29.08.2026 4:23:47	Information:	{
"Hash": "w9LjvpRCyoByGV3Lzv0iX9dSI0tLK0uV+pRojL1kufc=",
"Status": 0
}


29.08.2026 4:23:47	Information:	Ping ret is {"Status":0,"Comment":null}
29.08.2026 4:25:47	Information:	url https://lab-vko.dmed.kz/ /api/DriverManager/PingDevice
29.08.2026 4:25:47	Information:	{
"Hash": "w9LjvpRCyoByGV3Lzv0iX9dSI0tLK0uV+pRojL1kufc=",
"Status": 0
}


29.08.2026 4:25:47	Information:	Ping ret is {"Status":0,"Comment":null}
29.08.2026 4:27:48	Information:	url https://lab-vko.dmed.kz/ /api/DriverManager/PingDevice
29.08.2026 4:27:48	Information:	{
"Hash": "w9LjvpRCyoByGV3Lzv0iX9dSI0tLK0uV+pRojL1kufc=",
"Status": 0
}


29.08.2026 4:27:48	Information:	Ping ret is {"Status":0,"Comment":null}
29.08.2026 4:29:48	Information:	url https://lab-vko.dmed.kz/ /api/DriverManager/PingDevice
29.08.2026 4:29:48	Information:	{
"Hash": "w9LjvpRCyoByGV3Lzv0iX9dSI0tLK0uV+pRojL1kufc=",
"Status": 0
}


29.08.2026 4:29:48	Information:	Ping ret is {"Status":0,"Comment":null}
29.08.2026 4:32:27	Information:	Error in Monitoring. Driver Ping w9LjvpRCyoByGV3Lzv0iX9dSI0tLK0uV+pRojL1kufc=
29.08.2026 4:32:27	Information:	Базовое соединение закрыто: Непредвиденная ошибка при передаче.
29.08.2026 4:34:47	Information:	url https://lab-vko.dmed.kz/ /api/DriverManager/PingDevice
29.08.2026 4:34:47	Information:	{
"Hash": "w9LjvpRCyoByGV3Lzv0iX9dSI0tLK0uV+pRojL1kufc=",
"Status": 0
}


29.08.2026 4:34:47	Information:	Ping ret is {"Status":0,"Comment":null}
29.08.2026 4:36:47	Information:	url https://lab-vko.dmed.kz/ /api/DriverManager/PingDevice
29.08.2026 4:36:47	Information:	{
"Hash": "w9LjvpRCyoByGV3Lzv0iX9dSI0tLK0uV+pRojL1kufc=",
"Status": 0
}


29.08.2026 4:36:47	Information:	Ping ret is {"Status":0,"Comment":null}
29.08.2026 4:38:48	Information:	url https://lab-vko.dmed.kz/ /api/DriverManager/PingDevice
29.08.2026 4:38:48	Information:	{
"Hash": "w9LjvpRCyoByGV3Lzv0iX9dSI0tLK0uV+pRojL1kufc=",
"Status": 0
}


29.08.2026 4:38:48	Information:	Ping ret is {"Status":0,"Comment":null}
29.08.2026 4:41:27	Information:	Error in Monitoring. Driver Ping w9LjvpRCyoByGV3Lzv0iX9dSI0tLK0uV+pRojL1kufc=
29.08.2026 4:41:27	Information:	Базовое соединение закрыто: Непредвиденная ошибка при передаче.
29.08.2026 4:43:46	Information:	url https://lab-vko.dmed.kz/ /api/DriverManager/PingDevice
29.08.2026 4:43:46	Information:	{
"Hash": "w9LjvpRCyoByGV3Lzv0iX9dSI0tLK0uV+pRojL1kufc=",
"Status": 0
}


29.08.2026 4:43:46	Information:	Ping ret is {"Status":0,"Comment":null}
29.08.2026 4:46:44	Information:	Error in Monitoring. Driver Ping w9LjvpRCyoByGV3Lzv0iX9dSI0tLK0uV+pRojL1kufc=
29.08.2026 4:46:44	Information:	Базовое соединение закрыто: Непредвиденная ошибка при передаче.
29.08.2026 4:48:45	Information:	url https://lab-vko.dmed.kz/ /api/DriverManager/PingDevice
29.08.2026 4:48:45	Information:	{
"Hash": "w9LjvpRCyoByGV3Lzv0iX9dSI0tLK0uV+pRojL1kufc=",
"Status": 0
}


29.08.2026 4:48:45	Information:	Ping ret is {"Status":0,"Comment":null}
29.08.2026 4:50:45	Information:	url https://lab-vko.dmed.kz/ /api/DriverManager/PingDevice
29.08.2026 4:50:45	Information:	{
"Hash": "w9LjvpRCyoByGV3Lzv0iX9dSI0tLK0uV+pRojL1kufc=",
"Status": 0
}


29.08.2026 4:50:45	Information:	Ping ret is {"Status":0,"Comment":null}
29.08.2026 4:53:05	Information:	url https://lab-vko.dmed.kz/ /api/DriverManager/PingDevice
29.08.2026 4:53:05	Information:	{
"Hash": "w9LjvpRCyoByGV3Lzv0iX9dSI0tLK0uV+pRojL1kufc=",
"Status": 0
}


29.08.2026 4:53:05	Information:	Ping ret is {"Status":0,"Comment":null}
29.08.2026 4:55:44	Information:	Error in Monitoring. Driver Ping w9LjvpRCyoByGV3Lzv0iX9dSI0tLK0uV+pRojL1kufc=
29.08.2026 4:55:44	Information:	Базовое соединение закрыто: Непредвиденная ошибка при передаче.
29.08.2026 4:58:04	Information:	url https://lab-vko.dmed.kz/ /api/DriverManager/PingDevice
29.08.2026 4:58:04	Information:	{
"Hash": "w9LjvpRCyoByGV3Lzv0iX9dSI0tLK0uV+pRojL1kufc=",
"Status": 0
}


29.08.2026 4:58:04	Information:	Ping ret is {"Status":0,"Comment":null}
29.08.2026 5:00:43	Information:	Error in Monitoring. Driver Ping w9LjvpRCyoByGV3Lzv0iX9dSI0tLK0uV+pRojL1kufc=
29.08.2026 5:00:43	Information:	Базовое соединение закрыто: Непредвиденная ошибка при передаче.
29.08.2026 5:02:43	Information:	url https://lab-vko.dmed.kz/ /api/DriverManager/PingDevice
29.08.2026 5:02:43	Information:	{
"Hash": "w9LjvpRCyoByGV3Lzv0iX9dSI0tLK0uV+pRojL1kufc=",
"Status": 0
}


29.08.2026 5:02:43	Information:	Ping ret is {"Status":0,"Comment":null}
29.08.2026 5:04:44	Information:	url https://lab-vko.dmed.kz/ /api/DriverManager/PingDevice
29.08.2026 5:04:44	Information:	{
"Hash": "w9LjvpRCyoByGV3Lzv0iX9dSI0tLK0uV+pRojL1kufc=",
"Status": 0
}


29.08.2026 5:04:44	Information:	Ping ret is {"Status":0,"Comment":null}
29.08.2026 5:07:22	Information:	Error in Monitoring. Driver Ping w9LjvpRCyoByGV3Lzv0iX9dSI0tLK0uV+pRojL1kufc=
29.08.2026 5:07:22	Information:	Базовое соединение закрыто: Непредвиденная ошибка при передаче.
29.08.2026 5:09:23	Information:	url https://lab-vko.dmed.kz/ /api/DriverManager/PingDevice
29.08.2026 5:09:23	Information:	{
"Hash": "w9LjvpRCyoByGV3Lzv0iX9dSI0tLK0uV+pRojL1kufc=",
"Status": 0
}


29.08.2026 5:09:23	Information:	Ping ret is {"Status":0,"Comment":null}
29.08.2026 5:12:02	Information:	Error in Monitoring. Driver Ping w9LjvpRCyoByGV3Lzv0iX9dSI0tLK0uV+pRojL1kufc=
29.08.2026 5:12:02	Information:	Базовое соединение закрыто: Непредвиденная ошибка при передаче.
29.08.2026 5:14:02	Information:	url https://lab-vko.dmed.kz/ /api/DriverManager/PingDevice
29.08.2026 5:14:02	Information:	{
"Hash": "w9LjvpRCyoByGV3Lzv0iX9dSI0tLK0uV+pRojL1kufc=",
"Status": 0
}


29.08.2026 5:14:02	Information:	Ping ret is {"Status":0,"Comment":null}
29.08.2026 5:16:41	Information:	url https://lab-vko.dmed.kz/ /api/DriverManager/PingDevice
29.08.2026 5:16:41	Information:	{
"Hash": "w9LjvpRCyoByGV3Lzv0iX9dSI0tLK0uV+pRojL1kufc=",
"Status": 0
}


29.08.2026 5:16:41	Information:	Ping ret is {"Status":0,"Comment":null}
29.08.2026 5:18:42	Information:	url https://lab-vko.dmed.kz/ /api/DriverManager/PingDevice
29.08.2026 5:18:42	Information:	{
"Hash": "w9LjvpRCyoByGV3Lzv0iX9dSI0tLK0uV+pRojL1kufc=",
"Status": 0
}


29.08.2026 5:18:42	Information:	Ping ret is {"Status":0,"Comment":null}
29.08.2026 5:20:42	Information:	url https://lab-vko.dmed.kz/ /api/DriverManager/PingDevice
29.08.2026 5:20:42	Information:	{
"Hash": "w9LjvpRCyoByGV3Lzv0iX9dSI0tLK0uV+pRojL1kufc=",
"Status": 0
}


29.08.2026 5:20:42	Information:	Ping ret is {"Status":0,"Comment":null}
29.08.2026 5:22:43	Information:	url https://lab-vko.dmed.kz/ /api/DriverManager/PingDevice
29.08.2026 5:22:43	Information:	{
"Hash": "w9LjvpRCyoByGV3Lzv0iX9dSI0tLK0uV+pRojL1kufc=",
"Status": 0
}


29.08.2026 5:22:43	Information:	Ping ret is {"Status":0,"Comment":null}
29.08.2026 5:25:22	Information:	Error in Monitoring. Driver Ping w9LjvpRCyoByGV3Lzv0iX9dSI0tLK0uV+pRojL1kufc=
29.08.2026 5:25:22	Information:	Базовое соединение закрыто: Непредвиденная ошибка при передаче.
29.08.2026 5:27:41	Information:	url https://lab-vko.dmed.kz/ /api/DriverManager/PingDevice
29.08.2026 5:27:41	Information:	{
"Hash": "w9LjvpRCyoByGV3Lzv0iX9dSI0tLK0uV+pRojL1kufc=",
"Status": 0
}


29.08.2026 5:27:41	Information:	Ping ret is {"Status":0,"Comment":null}
29.08.2026 5:30:20	Information:	Error in Monitoring. Driver Ping w9LjvpRCyoByGV3Lzv0iX9dSI0tLK0uV+pRojL1kufc=
29.08.2026 5:30:20	Information:	Базовое соединение закрыто: Непредвиденная ошибка при передаче.
29.08.2026 5:32:59	Information:	Error in Monitoring. Driver Ping w9LjvpRCyoByGV3Lzv0iX9dSI0tLK0uV+pRojL1kufc=
29.08.2026 5:32:59	Information:	Базовое соединение закрыто: Непредвиденная ошибка при передаче.
29.08.2026 5:35:38	Information:	Error in Monitoring. Driver Ping w9LjvpRCyoByGV3Lzv0iX9dSI0tLK0uV+pRojL1kufc=
29.08.2026 5:35:38	Information:	Базовое соединение закрыто: Непредвиденная ошибка при передаче.
29.08.2026 5:38:17	Information:	Error in Monitoring. Driver Ping w9LjvpRCyoByGV3Lzv0iX9dSI0tLK0uV+pRojL1kufc=
29.08.2026 5:38:17	Information:	Базовое соединение закрыто: Непредвиденная ошибка при передаче.
29.08.2026 5:40:17	Information:	url https://lab-vko.dmed.kz/ /api/DriverManager/PingDevice
29.08.2026 5:40:17	Information:	{
"Hash": "w9LjvpRCyoByGV3Lzv0iX9dSI0tLK0uV+pRojL1kufc=",
"Status": 0
}


29.08.2026 5:40:17	Information:	Ping ret is {"Status":0,"Comment":null}
29.08.2026 5:42:56	Information:	Error in Monitoring. Driver Ping w9LjvpRCyoByGV3Lzv0iX9dSI0tLK0uV+pRojL1kufc=
29.08.2026 5:42:56	Information:	Базовое соединение закрыто: Непредвиденная ошибка при передаче.
29.08.2026 5:45:16	Information:	url https://lab-vko.dmed.kz/ /api/DriverManager/PingDevice
29.08.2026 5:45:16	Information:	{
"Hash": "w9LjvpRCyoByGV3Lzv0iX9dSI0tLK0uV+pRojL1kufc=",
"Status": 0
}


29.08.2026 5:45:16	Information:	Ping ret is {"Status":0,"Comment":null}
29.08.2026 5:47:55	Information:	Error in Monitoring. Driver Ping w9LjvpRCyoByGV3Lzv0iX9dSI0tLK0uV+pRojL1kufc=
29.08.2026 5:47:55	Information:	Базовое соединение закрыто: Непредвиденная ошибка при передаче.
29.08.2026 5:49:55	Information:	url https://lab-vko.dmed.kz/ /api/DriverManager/PingDevice
29.08.2026 5:49:55	Information:	{
"Hash": "w9LjvpRCyoByGV3Lzv0iX9dSI0tLK0uV+pRojL1kufc=",
"Status": 0
}


29.08.2026 5:49:55	Information:	Ping ret is {"Status":0,"Comment":null}
29.08.2026 5:52:15	Information:	url https://lab-vko.dmed.kz/ /api/DriverManager/PingDevice
29.08.2026 5:52:15	Information:	{
"Hash": "w9LjvpRCyoByGV3Lzv0iX9dSI0tLK0uV+pRojL1kufc=",
"Status": 0
}


29.08.2026 5:52:15	Information:	Ping ret is {"Status":0,"Comment":null}
29.08.2026 5:54:15	Information:	url https://lab-vko.dmed.kz/ /api/DriverManager/PingDevice
29.08.2026 5:54:15	Information:	{
"Hash": "w9LjvpRCyoByGV3Lzv0iX9dSI0tLK0uV+pRojL1kufc=",
"Status": 0
}


29.08.2026 5:54:15	Information:	Ping ret is {"Status":0,"Comment":null}
29.08.2026 5:56:54	Information:	Error in Monitoring. Driver Ping w9LjvpRCyoByGV3Lzv0iX9dSI0tLK0uV+pRojL1kufc=
29.08.2026 5:56:54	Information:	Базовое соединение закрыто: Непредвиденная ошибка при передаче.
29.08.2026 5:59:14	Information:	url https://lab-vko.dmed.kz/ /api/DriverManager/PingDevice
29.08.2026 5:59:14	Information:	{
"Hash": "w9LjvpRCyoByGV3Lzv0iX9dSI0tLK0uV+pRojL1kufc=",
"Status": 0
}


29.08.2026 5:59:14	Information:	Ping ret is {"Status":0,"Comment":null}
29.08.2026 6:01:34	Information:	url https://lab-vko.dmed.kz/ /api/DriverManager/PingDevice
29.08.2026 6:01:34	Information:	{
"Hash": "w9LjvpRCyoByGV3Lzv0iX9dSI0tLK0uV+pRojL1kufc=",
"Status": 0
}


29.08.2026 6:01:34	Information:	Ping ret is {"Status":0,"Comment":null}
29.08.2026 6:03:34	Information:	url https://lab-vko.dmed.kz/ /api/DriverManager/PingDevice
29.08.2026 6:03:34	Information:	{
"Hash": "w9LjvpRCyoByGV3Lzv0iX9dSI0tLK0uV+pRojL1kufc=",
"Status": 0
}


29.08.2026 6:03:34	Information:	Ping ret is {"Status":0,"Comment":null}
29.08.2026 6:05:35	Information:	url https://lab-vko.dmed.kz/ /api/DriverManager/PingDevice
29.08.2026 6:05:35	Information:	{
"Hash": "w9LjvpRCyoByGV3Lzv0iX9dSI0tLK0uV+pRojL1kufc=",
"Status": 0
}


29.08.2026 6:05:35	Information:	Ping ret is {"Status":0,"Comment":null}
29.08.2026 6:08:14	Information:	Error in Monitoring. Driver Ping w9LjvpRCyoByGV3Lzv0iX9dSI0tLK0uV+pRojL1kufc=
29.08.2026 6:08:14	Information:	Базовое соединение закрыто: Непредвиденная ошибка при передаче.
29.08.2026 6:10:34	Information:	url https://lab-vko.dmed.kz/ /api/DriverManager/PingDevice
29.08.2026 6:10:34	Information:	{
"Hash": "w9LjvpRCyoByGV3Lzv0iX9dSI0tLK0uV+pRojL1kufc=",
"Status": 0
}


29.08.2026 6:10:34	Information:	Ping ret is {"Status":0,"Comment":null}
29.08.2026 6:12:34	Information:	url https://lab-vko.dmed.kz/ /api/DriverManager/PingDevice
29.08.2026 6:12:34	Information:	{
"Hash": "w9LjvpRCyoByGV3Lzv0iX9dSI0tLK0uV+pRojL1kufc=",
"Status": 0
}


29.08.2026 6:12:34	Information:	Ping ret is {"Status":0,"Comment":null}
29.08.2026 6:14:35	Information:	url https://lab-vko.dmed.kz/ /api/DriverManager/PingDevice
29.08.2026 6:14:35	Information:	{
"Hash": "w9LjvpRCyoByGV3Lzv0iX9dSI0tLK0uV+pRojL1kufc=",
"Status": 0
}


29.08.2026 6:14:35	Information:	Ping ret is {"Status":0,"Comment":null}
29.08.2026 6:16:35	Information:	url https://lab-vko.dmed.kz/ /api/DriverManager/PingDevice
29.08.2026 6:16:35	Information:	{
"Hash": "w9LjvpRCyoByGV3Lzv0iX9dSI0tLK0uV+pRojL1kufc=",
"Status": 0
}


29.08.2026 6:16:35	Information:	Ping ret is {"Status":0,"Comment":null}
29.08.2026 6:18:36	Information:	url https://lab-vko.dmed.kz/ /api/DriverManager/PingDevice
29.08.2026 6:18:36	Information:	{
"Hash": "w9LjvpRCyoByGV3Lzv0iX9dSI0tLK0uV+pRojL1kufc=",
"Status": 0
}


29.08.2026 6:18:36	Information:	Ping ret is {"Status":0,"Comment":null}
29.08.2026 6:20:36	Information:	url https://lab-vko.dmed.kz/ /api/DriverManager/PingDevice
29.08.2026 6:20:36	Information:	{
"Hash": "w9LjvpRCyoByGV3Lzv0iX9dSI0tLK0uV+pRojL1kufc=",
"Status": 0
}


29.08.2026 6:20:36	Information:	Ping ret is {"Status":0,"Comment":null}
29.08.2026 6:22:37	Information:	url https://lab-vko.dmed.kz/ /api/DriverManager/PingDevice
29.08.2026 6:22:37	Information:	{
"Hash": "w9LjvpRCyoByGV3Lzv0iX9dSI0tLK0uV+pRojL1kufc=",
"Status": 0
}


29.08.2026 6:22:37	Information:	Ping ret is {"Status":0,"Comment":null}
29.08.2026 6:24:37	Information:	url https://lab-vko.dmed.kz/ /api/DriverManager/PingDevice
29.08.2026 6:24:37	Information:	{
"Hash": "w9LjvpRCyoByGV3Lzv0iX9dSI0tLK0uV+pRojL1kufc=",
"Status": 0
}


29.08.2026 6:24:37	Information:	Ping ret is {"Status":0,"Comment":null}
29.08.2026 6:27:36	Information:	Error in Monitoring. Driver Ping w9LjvpRCyoByGV3Lzv0iX9dSI0tLK0uV+pRojL1kufc=
29.08.2026 6:27:36	Information:	Базовое соединение закрыто: Непредвиденная ошибка при передаче.
29.08.2026 6:29:56	Information:	url https://lab-vko.dmed.kz/ /api/DriverManager/PingDevice
29.08.2026 6:29:56	Information:	{
"Hash": "w9LjvpRCyoByGV3Lzv0iX9dSI0tLK0uV+pRojL1kufc=",
"Status": 0
}


29.08.2026 6:29:56	Information:	Ping ret is {"Status":0,"Comment":null}
29.08.2026 6:32:34	Information:	Error in Monitoring. Driver Ping w9LjvpRCyoByGV3Lzv0iX9dSI0tLK0uV+pRojL1kufc=
29.08.2026 6:32:34	Information:	Базовое соединение закрыто: Непредвиденная ошибка при передаче.
29.08.2026 6:34:35	Information:	url https://lab-vko.dmed.kz/ /api/DriverManager/PingDevice
29.08.2026 6:34:35	Information:	{
"Hash": "w9LjvpRCyoByGV3Lzv0iX9dSI0tLK0uV+pRojL1kufc=",
"Status": 0
}


29.08.2026 6:34:35	Information:	Ping ret is {"Status":0,"Comment":null}
29.08.2026 6:36:55	Information:	url https://lab-vko.dmed.kz/ /api/DriverManager/PingDevice
29.08.2026 6:36:55	Information:	{
"Hash": "w9LjvpRCyoByGV3Lzv0iX9dSI0tLK0uV+pRojL1kufc=",
"Status": 0
}


29.08.2026 6:36:55	Information:	Ping ret is {"Status":0,"Comment":null}
29.08.2026 6:39:14	Information:	url https://lab-vko.dmed.kz/ /api/DriverManager/PingDevice
29.08.2026 6:39:14	Information:	{
"Hash": "w9LjvpRCyoByGV3Lzv0iX9dSI0tLK0uV+pRojL1kufc=",
"Status": 0
}


29.08.2026 6:39:14	Information:	Ping ret is {"Status":0,"Comment":null}
29.08.2026 6:41:15	Information:	url https://lab-vko.dmed.kz/ /api/DriverManager/PingDevice
29.08.2026 6:41:15	Information:	{
"Hash": "w9LjvpRCyoByGV3Lzv0iX9dSI0tLK0uV+pRojL1kufc=",
"Status": 0
}


29.08.2026 6:41:15	Information:	Ping ret is {"Status":0,"Comment":null}
29.08.2026 6:43:15	Information:	url https://lab-vko.dmed.kz/ /api/DriverManager/PingDevice
29.08.2026 6:43:15	Information:	{
"Hash": "w9LjvpRCyoByGV3Lzv0iX9dSI0tLK0uV+pRojL1kufc=",
"Status": 0
}


29.08.2026 6:43:15	Information:	Ping ret is {"Status":0,"Comment":null}
29.08.2026 6:45:16	Information:	url https://lab-vko.dmed.kz/ /api/DriverManager/PingDevice
29.08.2026 6:45:16	Information:	{
"Hash": "w9LjvpRCyoByGV3Lzv0iX9dSI0tLK0uV+pRojL1kufc=",
"Status": 0
}


29.08.2026 6:45:16	Information:	Ping ret is {"Status":0,"Comment":null}
29.08.2026 6:47:16	Information:	url https://lab-vko.dmed.kz/ /api/DriverManager/PingDevice
29.08.2026 6:47:16	Information:	{
"Hash": "w9LjvpRCyoByGV3Lzv0iX9dSI0tLK0uV+pRojL1kufc=",
"Status": 0
}


29.08.2026 6:47:16	Information:	Ping ret is {"Status":0,"Comment":null}
29.08.2026 6:49:17	Information:	url https://lab-vko.dmed.kz/ /api/DriverManager/PingDevice
29.08.2026 6:49:17	Information:	{
"Hash": "w9LjvpRCyoByGV3Lzv0iX9dSI0tLK0uV+pRojL1kufc=",
"Status": 0
}


29.08.2026 6:49:17	Information:	Ping ret is {"Status":0,"Comment":null}
29.08.2026 6:51:17	Information:	url https://lab-vko.dmed.kz/ /api/DriverManager/PingDevice
29.08.2026 6:51:17	Information:	{
"Hash": "w9LjvpRCyoByGV3Lzv0iX9dSI0tLK0uV+pRojL1kufc=",
"Status": 0
}


29.08.2026 6:51:17	Information:	Ping ret is {"Status":0,"Comment":null}
29.08.2026 6:53:56	Information:	Error in Monitoring. Driver Ping w9LjvpRCyoByGV3Lzv0iX9dSI0tLK0uV+pRojL1kufc=
29.08.2026 6:53:56	Information:	Базовое соединение закрыто: Непредвиденная ошибка при передаче.
29.08.2026 6:56:35	Information:	Error in Monitoring. Driver Ping w9LjvpRCyoByGV3Lzv0iX9dSI0tLK0uV+pRojL1kufc=
29.08.2026 6:56:35	Information:	Базовое соединение закрыто: Непредвиденная ошибка при передаче.
29.08.2026 6:58:36	Information:	url https://lab-vko.dmed.kz/ /api/DriverManager/PingDevice
29.08.2026 6:58:36	Information:	{
"Hash": "w9LjvpRCyoByGV3Lzv0iX9dSI0tLK0uV+pRojL1kufc=",
"Status": 0
}


29.08.2026 6:58:36	Information:	Ping ret is {"Status":0,"Comment":null}
29.08.2026 7:01:14	Information:	Error in Monitoring. Driver Ping w9LjvpRCyoByGV3Lzv0iX9dSI0tLK0uV+pRojL1kufc=
29.08.2026 7:01:14	Information:	Базовое соединение закрыто: Непредвиденная ошибка при передаче.
29.08.2026 7:03:53	Information:	Error in Monitoring. Driver Ping w9LjvpRCyoByGV3Lzv0iX9dSI0tLK0uV+pRojL1kufc=
29.08.2026 7:03:53	Information:	Базовое соединение закрыто: Непредвиденная ошибка при передаче.
29.08.2026 7:05:54	Information:	url https://lab-vko.dmed.kz/ /api/DriverManager/PingDevice
29.08.2026 7:05:54	Information:	{
"Hash": "w9LjvpRCyoByGV3Lzv0iX9dSI0tLK0uV+pRojL1kufc=",
"Status": 0
}


29.08.2026 7:05:54	Information:	Ping ret is {"Status":0,"Comment":null}
29.08.2026 7:07:55	Information:	url https://lab-vko.dmed.kz/ /api/DriverManager/PingDevice
29.08.2026 7:07:55	Information:	{
"Hash": "w9LjvpRCyoByGV3Lzv0iX9dSI0tLK0uV+pRojL1kufc=",
"Status": 0
}


29.08.2026 7:07:55	Information:	Ping ret is {"Status":0,"Comment":null}
29.08.2026 7:09:55	Information:	url https://lab-vko.dmed.kz/ /api/DriverManager/PingDevice
29.08.2026 7:09:55	Information:	{
"Hash": "w9LjvpRCyoByGV3Lzv0iX9dSI0tLK0uV+pRojL1kufc=",
"Status": 0
}


29.08.2026 7:09:55	Information:	Ping ret is {"Status":0,"Comment":null}
29.08.2026 7:12:34	Information:	Error in Monitoring. Driver Ping w9LjvpRCyoByGV3Lzv0iX9dSI0tLK0uV+pRojL1kufc=
29.08.2026 7:12:34	Information:	Базовое соединение закрыто: Непредвиденная ошибка при передаче.
29.08.2026 7:14:35	Information:	url https://lab-vko.dmed.kz/ /api/DriverManager/PingDevice
29.08.2026 7:14:35	Information:	{
"Hash": "w9LjvpRCyoByGV3Lzv0iX9dSI0tLK0uV+pRojL1kufc=",
"Status": 0
}


29.08.2026 7:14:35	Information:	Ping ret is {"Status":0,"Comment":null}
29.08.2026 7:16:55	Information:	url https://lab-vko.dmed.kz/ /api/DriverManager/PingDevice
29.08.2026 7:16:55	Information:	{
"Hash": "w9LjvpRCyoByGV3Lzv0iX9dSI0tLK0uV+pRojL1kufc=",
"Status": 0
}


29.08.2026 7:16:55	Information:	Ping ret is {"Status":0,"Comment":null}
29.08.2026 7:19:15	Information:	url https://lab-vko.dmed.kz/ /api/DriverManager/PingDevice
29.08.2026 7:19:15	Information:	{
"Hash": "w9LjvpRCyoByGV3Lzv0iX9dSI0tLK0uV+pRojL1kufc=",
"Status": 0
}


29.08.2026 7:19:15	Information:	Ping ret is {"Status":0,"Comment":null}
29.08.2026 7:21:15	Information:	url https://lab-vko.dmed.kz/ /api/DriverManager/PingDevice
29.08.2026 7:21:15	Information:	{
"Hash": "w9LjvpRCyoByGV3Lzv0iX9dSI0tLK0uV+pRojL1kufc=",
"Status": 0
}


29.08.2026 7:21:15	Information:	Ping ret is {"Status":0,"Comment":null}
29.08.2026 7:23:16	Information:	url https://lab-vko.dmed.kz/ /api/DriverManager/PingDevice
29.08.2026 7:23:16	Information:	{
"Hash": "w9LjvpRCyoByGV3Lzv0iX9dSI0tLK0uV+pRojL1kufc=",
"Status": 0
}


29.08.2026 7:23:16	Information:	Ping ret is {"Status":0,"Comment":null}
29.08.2026 7:25:55	Information:	Error in Monitoring. Driver Ping w9LjvpRCyoByGV3Lzv0iX9dSI0tLK0uV+pRojL1kufc=
29.08.2026 7:25:55	Information:	Базовое соединение закрыто: Непредвиденная ошибка при передаче.
29.08.2026 7:28:14	Information:	url https://lab-vko.dmed.kz/ /api/DriverManager/PingDevice
29.08.2026 7:28:14	Information:	{
"Hash": "w9LjvpRCyoByGV3Lzv0iX9dSI0tLK0uV+pRojL1kufc=",
"Status": 0
}


29.08.2026 7:28:14	Information:	Ping ret is {"Status":0,"Comment":null}
29.08.2026 7:30:53	Information:	Error in Monitoring. Driver Ping w9LjvpRCyoByGV3Lzv0iX9dSI0tLK0uV+pRojL1kufc=
29.08.2026 7:30:53	Information:	Базовое соединение закрыто: Непредвиденная ошибка при передаче.
29.08.2026 7:33:32	Information:	Error in Monitoring. Driver Ping w9LjvpRCyoByGV3Lzv0iX9dSI0tLK0uV+pRojL1kufc=
29.08.2026 7:33:32	Information:	Базовое соединение закрыто: Непредвиденная ошибка при передаче.
29.08.2026 7:36:31	Information:	Error in Monitoring. Driver Ping w9LjvpRCyoByGV3Lzv0iX9dSI0tLK0uV+pRojL1kufc=
29.08.2026 7:36:31	Information:	Базовое соединение закрыто: Непредвиденная ошибка при передаче.
29.08.2026 7:38:31	Information:	url https://lab-vko.dmed.kz/ /api/DriverManager/PingDevice
29.08.2026 7:38:31	Information:	{
"Hash": "w9LjvpRCyoByGV3Lzv0iX9dSI0tLK0uV+pRojL1kufc=",
"Status": 0
}


29.08.2026 7:38:31	Information:	Ping ret is {"Status":0,"Comment":null}
29.08.2026 7:41:10	Information:	Error in Monitoring. Driver Ping w9LjvpRCyoByGV3Lzv0iX9dSI0tLK0uV+pRojL1kufc=
29.08.2026 7:41:10	Information:	Базовое соединение закрыто: Непредвиденная ошибка при передаче.
29.08.2026 7:43:49	Information:	Error in Monitoring. Driver Ping w9LjvpRCyoByGV3Lzv0iX9dSI0tLK0uV+pRojL1kufc=
29.08.2026 7:43:49	Information:	Базовое соединение закрыто: Непредвиденная ошибка при передаче.
29.08.2026 7:46:28	Information:	Error in Monitoring. Driver Ping w9LjvpRCyoByGV3Lzv0iX9dSI0tLK0uV+pRojL1kufc=
29.08.2026 7:46:28	Information:	Базовое соединение закрыто: Непредвиденная ошибка при передаче.
29.08.2026 7:48:29	Information:	url https://lab-vko.dmed.kz/ /api/DriverManager/PingDevice
29.08.2026 7:48:29	Information:	{
"Hash": "w9LjvpRCyoByGV3Lzv0iX9dSI0tLK0uV+pRojL1kufc=",
"Status": 0
}


29.08.2026 7:48:29	Information:	Ping ret is {"Status":0,"Comment":null}
29.08.2026 7:50:48	Information:	url https://lab-vko.dmed.kz/ /api/DriverManager/PingDevice
29.08.2026 7:50:48	Information:	{
"Hash": "w9LjvpRCyoByGV3Lzv0iX9dSI0tLK0uV+pRojL1kufc=",
"Status": 0
}


29.08.2026 7:50:48	Information:	Ping ret is {"Status":0,"Comment":null}
29.08.2026 7:53:08	Information:	url https://lab-vko.dmed.kz/ /api/DriverManager/PingDevice
29.08.2026 7:53:08	Information:	{
"Hash": "w9LjvpRCyoByGV3Lzv0iX9dSI0tLK0uV+pRojL1kufc=",
"Status": 0
}


29.08.2026 7:53:08	Information:	Ping ret is {"Status":0,"Comment":null}
29.08.2026 7:55:47	Information:	Error in Monitoring. Driver Ping w9LjvpRCyoByGV3Lzv0iX9dSI0tLK0uV+pRojL1kufc=
29.08.2026 7:55:47	Information:	Базовое соединение закрыто: Непредвиденная ошибка при передаче.
29.08.2026 7:58:26	Information:	Error in Monitoring. Driver Ping w9LjvpRCyoByGV3Lzv0iX9dSI0tLK0uV+pRojL1kufc=
29.08.2026 7:58:26	Information:	Базовое соединение закрыто: Непредвиденная ошибка при передаче.
29.08.2026 8:01:05	Information:	Error in Monitoring. Driver Ping w9LjvpRCyoByGV3Lzv0iX9dSI0tLK0uV+pRojL1kufc=
29.08.2026 8:01:05	Information:	Базовое соединение закрыто: Непредвиденная ошибка при передаче.
29.08.2026 8:03:24	Information:	url https://lab-vko.dmed.kz/ /api/DriverManager/PingDevice
29.08.2026 8:03:24	Information:	{
"Hash": "w9LjvpRCyoByGV3Lzv0iX9dSI0tLK0uV+pRojL1kufc=",
"Status": 0
}


29.08.2026 8:03:24	Information:	Ping ret is {"Status":0,"Comment":null}
29.08.2026 8:05:44	Information:	url https://lab-vko.dmed.kz/ /api/DriverManager/PingDevice
29.08.2026 8:05:44	Information:	{
"Hash": "w9LjvpRCyoByGV3Lzv0iX9dSI0tLK0uV+pRojL1kufc=",
"Status": 0
}


29.08.2026 8:05:44	Information:	Ping ret is {"Status":0,"Comment":null}
29.08.2026 8:08:23	Information:	Error in Monitoring. Driver Ping w9LjvpRCyoByGV3Lzv0iX9dSI0tLK0uV+pRojL1kufc=
29.08.2026 8:08:23	Information:	Базовое соединение закрыто: Непредвиденная ошибка при передаче.
29.08.2026 8:10:43	Information:	url https://lab-vko.dmed.kz/ /api/DriverManager/PingDevice
29.08.2026 8:10:43	Information:	{
"Hash": "w9LjvpRCyoByGV3Lzv0iX9dSI0tLK0uV+pRojL1kufc=",
"Status": 0
}


29.08.2026 8:10:43	Information:	Ping ret is {"Status":0,"Comment":null}
29.08.2026 8:13:22	Information:	Error in Monitoring. Driver Ping w9LjvpRCyoByGV3Lzv0iX9dSI0tLK0uV+pRojL1kufc=
29.08.2026 8:13:22	Information:	Базовое соединение закрыто: Непредвиденная ошибка при передаче.
29.08.2026 8:15:41	Information:	url https://lab-vko.dmed.kz/ /api/DriverManager/PingDevice
29.08.2026 8:15:41	Information:	{
"Hash": "w9LjvpRCyoByGV3Lzv0iX9dSI0tLK0uV+pRojL1kufc=",
"Status": 0
}


29.08.2026 8:15:41	Information:	Ping ret is {"Status":0,"Comment":null}
29.08.2026 8:18:01	Information:	url https://lab-vko.dmed.kz/ /api/DriverManager/PingDevice
29.08.2026 8:18:01	Information:	{
"Hash": "w9LjvpRCyoByGV3Lzv0iX9dSI0tLK0uV+pRojL1kufc=",
"Status": 0
}


29.08.2026 8:18:01	Information:	Ping ret is {"Status":0,"Comment":null}
29.08.2026 8:20:02	Information:	url https://lab-vko.dmed.kz/ /api/DriverManager/PingDevice
29.08.2026 8:20:02	Information:	{
"Hash": "w9LjvpRCyoByGV3Lzv0iX9dSI0tLK0uV+pRojL1kufc=",
"Status": 0
}


29.08.2026 8:20:02	Information:	Ping ret is {"Status":0,"Comment":null}
29.08.2026 8:22:21	Information:	url https://lab-vko.dmed.kz/ /api/DriverManager/PingDevice
29.08.2026 8:22:21	Information:	{
"Hash": "w9LjvpRCyoByGV3Lzv0iX9dSI0tLK0uV+pRojL1kufc=",
"Status": 0
}


29.08.2026 8:22:21	Information:	Ping ret is {"Status":0,"Comment":null}
29.08.2026 8:25:00	Information:	Error in Monitoring. Driver Ping w9LjvpRCyoByGV3Lzv0iX9dSI0tLK0uV+pRojL1kufc=
29.08.2026 8:25:00	Information:	Базовое соединение закрыто: Непредвиденная ошибка при передаче.
29.08.2026 8:27:39	Information:	Error in Monitoring. Driver Ping w9LjvpRCyoByGV3Lzv0iX9dSI0tLK0uV+pRojL1kufc=
29.08.2026 8:27:39	Information:	Базовое соединение закрыто: Непредвиденная ошибка при передаче.
29.08.2026 8:29:59	Information:	url https://lab-vko.dmed.kz/ /api/DriverManager/PingDevice
29.08.2026 8:29:59	Information:	{
"Hash": "w9LjvpRCyoByGV3Lzv0iX9dSI0tLK0uV+pRojL1kufc=",
"Status": 0
}


29.08.2026 8:29:59	Information:	Ping ret is {"Status":0,"Comment":null}
29.08.2026 8:31:59	Information:	url https://lab-vko.dmed.kz/ /api/DriverManager/PingDevice
29.08.2026 8:31:59	Information:	{
"Hash": "w9LjvpRCyoByGV3Lzv0iX9dSI0tLK0uV+pRojL1kufc=",
"Status": 0
}


29.08.2026 8:31:59	Information:	Ping ret is {"Status":0,"Comment":null}
29.08.2026 8:34:00	Information:	url https://lab-vko.dmed.kz/ /api/DriverManager/PingDevice
29.08.2026 8:34:00	Information:	{
"Hash": "w9LjvpRCyoByGV3Lzv0iX9dSI0tLK0uV+pRojL1kufc=",
"Status": 0
}


29.08.2026 8:34:00	Information:	Ping ret is {"Status":0,"Comment":null}
29.08.2026 8:36:39	Information:	url https://lab-vko.dmed.kz/ /api/DriverManager/PingDevice
29.08.2026 8:36:39	Information:	{
"Hash": "w9LjvpRCyoByGV3Lzv0iX9dSI0tLK0uV+pRojL1kufc=",
"Status": 0
}


29.08.2026 8:36:39	Information:	Ping ret is {"Status":0,"Comment":null}
29.08.2026 8:38:39	Information:	url https://lab-vko.dmed.kz/ /api/DriverManager/PingDevice
29.08.2026 8:38:39	Information:	{
"Hash": "w9LjvpRCyoByGV3Lzv0iX9dSI0tLK0uV+pRojL1kufc=",
"Status": 0
}


29.08.2026 8:38:39	Information:	Ping ret is {"Status":0,"Comment":null}
29.08.2026 8:40:40	Information:	url https://lab-vko.dmed.kz/ /api/DriverManager/PingDevice
29.08.2026 8:40:40	Information:	{
"Hash": "w9LjvpRCyoByGV3Lzv0iX9dSI0tLK0uV+pRojL1kufc=",
"Status": 0
}


29.08.2026 8:40:40	Information:	Ping ret is {"Status":0,"Comment":null}
29.08.2026 8:43:00	Information:	url https://lab-vko.dmed.kz/ /api/DriverManager/PingDevice
29.08.2026 8:43:00	Information:	{
"Hash": "w9LjvpRCyoByGV3Lzv0iX9dSI0tLK0uV+pRojL1kufc=",
"Status": 0
}


29.08.2026 8:43:00	Information:	Ping ret is {"Status":0,"Comment":null}
29.08.2026 8:45:00	Information:	url https://lab-vko.dmed.kz/ /api/DriverManager/PingDevice
29.08.2026 8:45:00	Information:	{
"Hash": "w9LjvpRCyoByGV3Lzv0iX9dSI0tLK0uV+pRojL1kufc=",
"Status": 0
}


29.08.2026 8:45:00	Information:	Ping ret is {"Status":0,"Comment":null}
29.08.2026 8:47:58	Information:	Error in Monitoring. Driver Ping w9LjvpRCyoByGV3Lzv0iX9dSI0tLK0uV+pRojL1kufc=
29.08.2026 8:47:58	Information:	Базовое соединение закрыто: Непредвиденная ошибка при передаче.
29.08.2026 8:50:18	Information:	url https://lab-vko.dmed.kz/ /api/DriverManager/PingDevice
29.08.2026 8:50:18	Information:	{
"Hash": "w9LjvpRCyoByGV3Lzv0iX9dSI0tLK0uV+pRojL1kufc=",
"Status": 0
}


29.08.2026 8:50:18	Information:	Ping ret is {"Status":0,"Comment":null}
29.08.2026 8:52:38	Information:	url https://lab-vko.dmed.kz/ /api/DriverManager/PingDevice
29.08.2026 8:52:38	Information:	{
"Hash": "w9LjvpRCyoByGV3Lzv0iX9dSI0tLK0uV+pRojL1kufc=",
"Status": 0
}


29.08.2026 8:52:38	Information:	Ping ret is {"Status":0,"Comment":null}
29.08.2026 8:54:57	Information:	url https://lab-vko.dmed.kz/ /api/DriverManager/PingDevice
29.08.2026 8:54:57	Information:	{
"Hash": "w9LjvpRCyoByGV3Lzv0iX9dSI0tLK0uV+pRojL1kufc=",
"Status": 0
}


29.08.2026 8:54:57	Information:	Ping ret is {"Status":0,"Comment":null}
29.08.2026 8:57:36	Information:	Error in Monitoring. Driver Ping w9LjvpRCyoByGV3Lzv0iX9dSI0tLK0uV+pRojL1kufc=
29.08.2026 8:57:36	Information:	Базовое соединение закрыто: Непредвиденная ошибка при передаче.
29.08.2026 8:59:37	Information:	url https://lab-vko.dmed.kz/ /api/DriverManager/PingDevice
29.08.2026 8:59:37	Information:	{
"Hash": "w9LjvpRCyoByGV3Lzv0iX9dSI0tLK0uV+pRojL1kufc=",
"Status": 0
}


29.08.2026 8:59:37	Information:	Ping ret is {"Status":0,"Comment":null}
29.08.2026 9:01:57	Information:	url https://lab-vko.dmed.kz/ /api/DriverManager/PingDevice
29.08.2026 9:01:57	Information:	{
"Hash": "w9LjvpRCyoByGV3Lzv0iX9dSI0tLK0uV+pRojL1kufc=",
"Status": 0
}


29.08.2026 9:01:57	Information:	Ping ret is {"Status":0,"Comment":null}
29.08.2026 9:03:57	Information:	url https://lab-vko.dmed.kz/ /api/DriverManager/PingDevice
29.08.2026 9:03:57	Information:	{
"Hash": "w9LjvpRCyoByGV3Lzv0iX9dSI0tLK0uV+pRojL1kufc=",
"Status": 0
}


29.08.2026 9:03:57	Information:	Ping ret is {"Status":0,"Comment":null}
29.08.2026 9:06:55	Information:	Error in Monitoring. Driver Ping w9LjvpRCyoByGV3Lzv0iX9dSI0tLK0uV+pRojL1kufc=
29.08.2026 9:06:55	Information:	Базовое соединение закрыто: Непредвиденная ошибка при передаче.
29.08.2026 9:08:56	Information:	url https://lab-vko.dmed.kz/ /api/DriverManager/PingDevice
29.08.2026 9:08:56	Information:	{
"Hash": "w9LjvpRCyoByGV3Lzv0iX9dSI0tLK0uV+pRojL1kufc=",
"Status": 0
}


29.08.2026 9:08:56	Information:	Ping ret is {"Status":0,"Comment":null}
29.08.2026 9:10:56	Information:	url https://lab-vko.dmed.kz/ /api/DriverManager/PingDevice
29.08.2026 9:10:56	Information:	{
"Hash": "w9LjvpRCyoByGV3Lzv0iX9dSI0tLK0uV+pRojL1kufc=",
"Status": 0
}


29.08.2026 9:10:56	Information:	Ping ret is {"Status":0,"Comment":null}
29.08.2026 9:13:35	Information:	Error in Monitoring. Driver Ping w9LjvpRCyoByGV3Lzv0iX9dSI0tLK0uV+pRojL1kufc=
29.08.2026 9:13:35	Information:	Базовое соединение закрыто: Непредвиденная ошибка при передаче.
29.08.2026 9:15:36	Information:	url https://lab-vko.dmed.kz/ /api/DriverManager/PingDevice
29.08.2026 9:15:36	Information:	{
"Hash": "w9LjvpRCyoByGV3Lzv0iX9dSI0tLK0uV+pRojL1kufc=",
"Status": 0
}


29.08.2026 9:15:36	Information:	Ping ret is {"Status":0,"Comment":null}
29.08.2026 9:17:55	Information:	url https://lab-vko.dmed.kz/ /api/DriverManager/PingDevice
29.08.2026 9:17:55	Information:	{
"Hash": "w9LjvpRCyoByGV3Lzv0iX9dSI0tLK0uV+pRojL1kufc=",
"Status": 0
}


29.08.2026 9:17:55	Information:	Ping ret is {"Status":0,"Comment":null}
29.08.2026 9:19:56	Information:	url https://lab-vko.dmed.kz/ /api/DriverManager/PingDevice
29.08.2026 9:19:56	Information:	{
"Hash": "w9LjvpRCyoByGV3Lzv0iX9dSI0tLK0uV+pRojL1kufc=",
"Status": 0
}


29.08.2026 9:19:56	Information:	Ping ret is {"Status":0,"Comment":null}
29.08.2026 9:21:56	Information:	url https://lab-vko.dmed.kz/ /api/DriverManager/PingDevice
29.08.2026 9:21:56	Information:	{
"Hash": "w9LjvpRCyoByGV3Lzv0iX9dSI0tLK0uV+pRojL1kufc=",
"Status": 0
}


29.08.2026 9:21:56	Information:	Ping ret is {"Status":0,"Comment":null}
29.08.2026 9:24:35	Information:	Error in Monitoring. Driver Ping w9LjvpRCyoByGV3Lzv0iX9dSI0tLK0uV+pRojL1kufc=
29.08.2026 9:24:35	Information:	Базовое соединение закрыто: Непредвиденная ошибка при передаче.
29.08.2026 9:27:14	Information:	Error in Monitoring. Driver Ping w9LjvpRCyoByGV3Lzv0iX9dSI0tLK0uV+pRojL1kufc=
29.08.2026 9:27:14	Information:	Базовое соединение закрыто: Непредвиденная ошибка при передаче.
29.08.2026 9:29:15	Information:	url https://lab-vko.dmed.kz/ /api/DriverManager/PingDevice
29.08.2026 9:29:15	Information:	{
"Hash": "w9LjvpRCyoByGV3Lzv0iX9dSI0tLK0uV+pRojL1kufc=",
"Status": 0
}


29.08.2026 9:29:15	Information:	Ping ret is {"Status":0,"Comment":null}
29.08.2026 9:31:34	Information:	url https://lab-vko.dmed.kz/ /api/DriverManager/PingDevice
29.08.2026 9:31:34	Information:	{
"Hash": "w9LjvpRCyoByGV3Lzv0iX9dSI0tLK0uV+pRojL1kufc=",
"Status": 0
}


29.08.2026 9:31:34	Information:	Ping ret is {"Status":0,"Comment":null}
29.08.2026 9:33:35	Information:	url https://lab-vko.dmed.kz/ /api/DriverManager/PingDevice
29.08.2026 9:33:35	Information:	{
"Hash": "w9LjvpRCyoByGV3Lzv0iX9dSI0tLK0uV+pRojL1kufc=",
"Status": 0
}


29.08.2026 9:33:35	Information:	Ping ret is {"Status":0,"Comment":null}
29.08.2026 9:35:55	Information:	url https://lab-vko.dmed.kz/ /api/DriverManager/PingDevice
29.08.2026 9:35:55	Information:	{
"Hash": "w9LjvpRCyoByGV3Lzv0iX9dSI0tLK0uV+pRojL1kufc=",
"Status": 0
}


29.08.2026 9:35:55	Information:	Ping ret is {"Status":0,"Comment":null}
29.08.2026 9:37:56	Information:	url https://lab-vko.dmed.kz/ /api/DriverManager/PingDevice
29.08.2026 9:37:56	Information:	{
"Hash": "w9LjvpRCyoByGV3Lzv0iX9dSI0tLK0uV+pRojL1kufc=",
"Status": 0
}


29.08.2026 9:37:56	Information:	Ping ret is {"Status":0,"Comment":null}
29.08.2026 9:40:35	Information:	Error in Monitoring. Driver Ping w9LjvpRCyoByGV3Lzv0iX9dSI0tLK0uV+pRojL1kufc=
29.08.2026 9:40:35	Information:	Базовое соединение закрыто: Непредвиденная ошибка при передаче.
29.08.2026 9:42:35	Information:	url https://lab-vko.dmed.kz/ /api/DriverManager/PingDevice
29.08.2026 9:42:35	Information:	{
"Hash": "w9LjvpRCyoByGV3Lzv0iX9dSI0tLK0uV+pRojL1kufc=",
"Status": 0
}


29.08.2026 9:42:35	Information:	Ping ret is {"Status":0,"Comment":null}
29.08.2026 9:44:36	Information:	url https://lab-vko.dmed.kz/ /api/DriverManager/PingDevice
29.08.2026 9:44:36	Information:	{
"Hash": "w9LjvpRCyoByGV3Lzv0iX9dSI0tLK0uV+pRojL1kufc=",
"Status": 0
}


29.08.2026 9:44:36	Information:	Ping ret is {"Status":0,"Comment":null}
29.08.2026 9:47:15	Information:	Error in Monitoring. Driver Ping w9LjvpRCyoByGV3Lzv0iX9dSI0tLK0uV+pRojL1kufc=
29.08.2026 9:47:15	Information:	Базовое соединение закрыто: Непредвиденная ошибка при передаче.
29.08.2026 9:49:15	Information:	url https://lab-vko.dmed.kz/ /api/DriverManager/PingDevice
29.08.2026 9:49:16	Information:	{
"Hash": "w9LjvpRCyoByGV3Lzv0iX9dSI0tLK0uV+pRojL1kufc=",
"Status": 0
}


29.08.2026 9:49:16	Information:	Ping ret is {"Status":0,"Comment":null}
29.08.2026 9:51:54	Information:	Error in Monitoring. Driver Ping w9LjvpRCyoByGV3Lzv0iX9dSI0tLK0uV+pRojL1kufc=
29.08.2026 9:51:54	Information:	Базовое соединение закрыто: Непредвиденная ошибка при передаче.
29.08.2026 9:54:33	Information:	Error in Monitoring. Driver Ping w9LjvpRCyoByGV3Lzv0iX9dSI0tLK0uV+pRojL1kufc=
29.08.2026 9:54:33	Information:	Базовое соединение закрыто: Непредвиденная ошибка при передаче.
29.08.2026 9:56:53	Information:	url https://lab-vko.dmed.kz/ /api/DriverManager/PingDevice
29.08.2026 9:56:53	Information:	{
"Hash": "w9LjvpRCyoByGV3Lzv0iX9dSI0tLK0uV+pRojL1kufc=",
"Status": 0
}


29.08.2026 9:56:53	Information:	Ping ret is {"Status":0,"Comment":null}
29.08.2026 9:59:32	Information:	Error in Monitoring. Driver Ping w9LjvpRCyoByGV3Lzv0iX9dSI0tLK0uV+pRojL1kufc=
29.08.2026 9:59:32	Information:	Базовое соединение закрыто: Непредвиденная ошибка при передаче.
29.08.2026 10:01:52	Information:	url https://lab-vko.dmed.kz/ /api/DriverManager/PingDevice
29.08.2026 10:01:52	Information:	{
"Hash": "w9LjvpRCyoByGV3Lzv0iX9dSI0tLK0uV+pRojL1kufc=",
"Status": 0
}


29.08.2026 10:01:52	Information:	Ping ret is {"Status":0,"Comment":null}
29.08.2026 10:03:52	Information:	url https://lab-vko.dmed.kz/ /api/DriverManager/PingDevice
29.08.2026 10:03:52	Information:	{
"Hash": "w9LjvpRCyoByGV3Lzv0iX9dSI0tLK0uV+pRojL1kufc=",
"Status": 0
}


29.08.2026 10:03:52	Information:	Ping ret is {"Status":0,"Comment":null}
29.08.2026 10:06:31	Information:	Error in Monitoring. Driver Ping w9LjvpRCyoByGV3Lzv0iX9dSI0tLK0uV+pRojL1kufc=
29.08.2026 10:06:31	Information:	Базовое соединение закрыто: Непредвиденная ошибка при передаче.
29.08.2026 10:09:10	Information:	url https://lab-vko.dmed.kz/ /api/DriverManager/PingDevice
29.08.2026 10:09:10	Information:	{
"Hash": "w9LjvpRCyoByGV3Lzv0iX9dSI0tLK0uV+pRojL1kufc=",
"Status": 0
}


29.08.2026 10:09:10	Information:	Ping ret is {"Status":0,"Comment":null}
29.08.2026 10:11:11	Information:	url https://lab-vko.dmed.kz/ /api/DriverManager/PingDevice
29.08.2026 10:11:11	Information:	{
"Hash": "w9LjvpRCyoByGV3Lzv0iX9dSI0tLK0uV+pRojL1kufc=",
"Status": 0
}


29.08.2026 10:11:11	Information:	Ping ret is {"Status":0,"Comment":null}
29.08.2026 10:13:49	Information:	Error in Monitoring. Driver Ping w9LjvpRCyoByGV3Lzv0iX9dSI0tLK0uV+pRojL1kufc=
29.08.2026 10:13:49	Information:	Базовое соединение закрыто: Непредвиденная ошибка при передаче.
29.08.2026 10:16:09	Information:	url https://lab-vko.dmed.kz/ /api/DriverManager/PingDevice
29.08.2026 10:16:09	Information:	{
"Hash": "w9LjvpRCyoByGV3Lzv0iX9dSI0tLK0uV+pRojL1kufc=",
"Status": 0
}


29.08.2026 10:16:09	Information:	Ping ret is {"Status":0,"Comment":null}
29.08.2026 10:18:10	Information:	url https://lab-vko.dmed.kz/ /api/DriverManager/PingDevice
29.08.2026 10:18:10	Information:	{
"Hash": "w9LjvpRCyoByGV3Lzv0iX9dSI0tLK0uV+pRojL1kufc=",
"Status": 0
}


29.08.2026 10:18:10	Information:	Ping ret is {"Status":0,"Comment":null}
29.08.2026 10:20:49	Information:	Error in Monitoring. Driver Ping w9LjvpRCyoByGV3Lzv0iX9dSI0tLK0uV+pRojL1kufc=
29.08.2026 10:20:49	Information:	Базовое соединение закрыто: Непредвиденная ошибка при передаче.
29.08.2026 10:22:49	Information:	url https://lab-vko.dmed.kz/ /api/DriverManager/PingDevice
29.08.2026 10:22:49	Information:	{
"Hash": "w9LjvpRCyoByGV3Lzv0iX9dSI0tLK0uV+pRojL1kufc=",
"Status": 0
}


29.08.2026 10:22:49	Information:	Ping ret is {"Status":0,"Comment":null}
29.08.2026 10:24:50	Information:	url https://lab-vko.dmed.kz/ /api/DriverManager/PingDevice
29.08.2026 10:24:50	Information:	{
"Hash": "w9LjvpRCyoByGV3Lzv0iX9dSI0tLK0uV+pRojL1kufc=",
"Status": 0
}


29.08.2026 10:24:50	Information:	Ping ret is {"Status":0,"Comment":null}
29.08.2026 10:27:09	Information:	url https://lab-vko.dmed.kz/ /api/DriverManager/PingDevice
29.08.2026 10:27:09	Information:	{
"Hash": "w9LjvpRCyoByGV3Lzv0iX9dSI0tLK0uV+pRojL1kufc=",
"Status": 0
}


29.08.2026 10:27:09	Information:	Ping ret is {"Status":0,"Comment":null}
29.08.2026 10:29:29	Information:	url https://lab-vko.dmed.kz/ /api/DriverManager/PingDevice
29.08.2026 10:29:29	Information:	{
"Hash": "w9LjvpRCyoByGV3Lzv0iX9dSI0tLK0uV+pRojL1kufc=",
"Status": 0
}


29.08.2026 10:29:29	Information:	Ping ret is {"Status":0,"Comment":null}
29.08.2026 10:32:08	Information:	Error in Monitoring. Driver Ping w9LjvpRCyoByGV3Lzv0iX9dSI0tLK0uV+pRojL1kufc=
29.08.2026 10:32:08	Information:	Базовое соединение закрыто: Непредвиденная ошибка при передаче.
29.08.2026 10:34:28	Information:	url https://lab-vko.dmed.kz/ /api/DriverManager/PingDevice
29.08.2026 10:34:28	Information:	{
"Hash": "w9LjvpRCyoByGV3Lzv0iX9dSI0tLK0uV+pRojL1kufc=",
"Status": 0
}


29.08.2026 10:34:28	Information:	Ping ret is {"Status":0,"Comment":null}
29.08.2026 10:36:47	Information:	url https://lab-vko.dmed.kz/ /api/DriverManager/PingDevice
29.08.2026 10:36:47	Information:	{
"Hash": "w9LjvpRCyoByGV3Lzv0iX9dSI0tLK0uV+pRojL1kufc=",
"Status": 0
}


29.08.2026 10:36:47	Information:	Ping ret is {"Status":0,"Comment":null}
29.08.2026 10:38:48	Information:	url https://lab-vko.dmed.kz/ /api/DriverManager/PingDevice
29.08.2026 10:38:48	Information:	{
"Hash": "w9LjvpRCyoByGV3Lzv0iX9dSI0tLK0uV+pRojL1kufc=",
"Status": 0
}


29.08.2026 10:38:48	Information:	Ping ret is {"Status":0,"Comment":null}
29.08.2026 10:40:48	Information:	url https://lab-vko.dmed.kz/ /api/DriverManager/PingDevice
29.08.2026 10:40:48	Information:	{
"Hash": "w9LjvpRCyoByGV3Lzv0iX9dSI0tLK0uV+pRojL1kufc=",
"Status": 0
}


29.08.2026 10:40:48	Information:	Ping ret is {"Status":0,"Comment":null}
29.08.2026 10:42:49	Information:	url https://lab-vko.dmed.kz/ /api/DriverManager/PingDevice
29.08.2026 10:42:49	Information:	{
"Hash": "w9LjvpRCyoByGV3Lzv0iX9dSI0tLK0uV+pRojL1kufc=",
"Status": 0
}


29.08.2026 10:42:49	Information:	Ping ret is {"Status":0,"Comment":null}
29.08.2026 10:44:49	Information:	url https://lab-vko.dmed.kz/ /api/DriverManager/PingDevice
29.08.2026 10:44:49	Information:	{
"Hash": "w9LjvpRCyoByGV3Lzv0iX9dSI0tLK0uV+pRojL1kufc=",
"Status": 0
}


29.08.2026 10:44:49	Information:	Ping ret is {"Status":0,"Comment":null}
29.08.2026 10:47:28	Information:	Error in Monitoring. Driver Ping w9LjvpRCyoByGV3Lzv0iX9dSI0tLK0uV+pRojL1kufc=
29.08.2026 10:47:28	Information:	Базовое соединение закрыто: Непредвиденная ошибка при передаче.
29.08.2026 10:50:07	Information:	Error in Monitoring. Driver Ping w9LjvpRCyoByGV3Lzv0iX9dSI0tLK0uV+pRojL1kufc=
29.08.2026 10:50:07	Information:	Базовое соединение закрыто: Непредвиденная ошибка при передаче.
29.08.2026 10:52:07	Information:	url https://lab-vko.dmed.kz/ /api/DriverManager/PingDevice
29.08.2026 10:52:07	Information:	{
"Hash": "w9LjvpRCyoByGV3Lzv0iX9dSI0tLK0uV+pRojL1kufc=",
"Status": 0
}


29.08.2026 10:52:07	Information:	Ping ret is {"Status":0,"Comment":null}
29.08.2026 10:54:27	Information:	url https://lab-vko.dmed.kz/ /api/DriverManager/PingDevice
29.08.2026 10:54:27	Information:	{
"Hash": "w9LjvpRCyoByGV3Lzv0iX9dSI0tLK0uV+pRojL1kufc=",
"Status": 0
}


29.08.2026 10:54:27	Information:	Ping ret is {"Status":0,"Comment":null}
29.08.2026 10:56:28	Information:	url https://lab-vko.dmed.kz/ /api/DriverManager/PingDevice
29.08.2026 10:56:28	Information:	{
"Hash": "w9LjvpRCyoByGV3Lzv0iX9dSI0tLK0uV+pRojL1kufc=",
"Status": 0
}


29.08.2026 10:56:28	Information:	Ping ret is {"Status":0,"Comment":null}
29.08.2026 10:58:29	Information:	url https://lab-vko.dmed.kz/ /api/DriverManager/PingDevice
29.08.2026 10:58:29	Information:	{
"Hash": "w9LjvpRCyoByGV3Lzv0iX9dSI0tLK0uV+pRojL1kufc=",
"Status": 0
}


29.08.2026 10:58:29	Information:	Ping ret is {"Status":0,"Comment":null}
29.08.2026 11:01:08	Information:	Error in Monitoring. Driver Ping w9LjvpRCyoByGV3Lzv0iX9dSI0tLK0uV+pRojL1kufc=
29.08.2026 11:01:08	Information:	Базовое соединение закрыто: Непредвиденная ошибка при передаче.
29.08.2026 11:03:08	Information:	url https://lab-vko.dmed.kz/ /api/DriverManager/PingDevice
29.08.2026 11:03:08	Information:	{
"Hash": "w9LjvpRCyoByGV3Lzv0iX9dSI0tLK0uV+pRojL1kufc=",
"Status": 0
}


29.08.2026 11:03:08	Information:	Ping ret is {"Status":0,"Comment":null}
29.08.2026 11:05:28	Information:	url https://lab-vko.dmed.kz/ /api/DriverManager/PingDevice
29.08.2026 11:05:28	Information:	{
"Hash": "w9LjvpRCyoByGV3Lzv0iX9dSI0tLK0uV+pRojL1kufc=",
"Status": 0
}


29.08.2026 11:05:28	Information:	Ping ret is {"Status":0,"Comment":null}
29.08.2026 11:08:07	Information:	Error in Monitoring. Driver Ping w9LjvpRCyoByGV3Lzv0iX9dSI0tLK0uV+pRojL1kufc=
29.08.2026 11:08:07	Information:	Базовое соединение закрыто: Непредвиденная ошибка при передаче.
29.08.2026 11:10:46	Information:	Error in Monitoring. Driver Ping w9LjvpRCyoByGV3Lzv0iX9dSI0tLK0uV+pRojL1kufc=
29.08.2026 11:10:46	Information:	Базовое соединение закрыто: Непредвиденная ошибка при передаче.
29.08.2026 11:12:46	Information:	url https://lab-vko.dmed.kz/ /api/DriverManager/PingDevice
29.08.2026 11:12:46	Information:	{
"Hash": "w9LjvpRCyoByGV3Lzv0iX9dSI0tLK0uV+pRojL1kufc=",
"Status": 0
}


29.08.2026 11:12:46	Information:	Ping ret is {"Status":0,"Comment":null}
29.08.2026 11:14:47	Information:	url https://lab-vko.dmed.kz/ /api/DriverManager/PingDevice
29.08.2026 11:14:47	Information:	{
"Hash": "w9LjvpRCyoByGV3Lzv0iX9dSI0tLK0uV+pRojL1kufc=",
"Status": 0
}


29.08.2026 11:14:47	Information:	Ping ret is {"Status":0,"Comment":null}
29.08.2026 11:17:06	Information:	url https://lab-vko.dmed.kz/ /api/DriverManager/PingDevice
29.08.2026 11:17:06	Information:	{
"Hash": "w9LjvpRCyoByGV3Lzv0iX9dSI0tLK0uV+pRojL1kufc=",
"Status": 0
}


29.08.2026 11:17:06	Information:	Ping ret is {"Status":0,"Comment":null}
29.08.2026 11:19:07	Information:	url https://lab-vko.dmed.kz/ /api/DriverManager/PingDevice
29.08.2026 11:19:07	Information:	{
"Hash": "w9LjvpRCyoByGV3Lzv0iX9dSI0tLK0uV+pRojL1kufc=",
"Status": 0
}


29.08.2026 11:19:07	Information:	Ping ret is {"Status":0,"Comment":null}
29.08.2026 11:21:07	Information:	url https://lab-vko.dmed.kz/ /api/DriverManager/PingDevice
29.08.2026 11:21:07	Information:	{
"Hash": "w9LjvpRCyoByGV3Lzv0iX9dSI0tLK0uV+pRojL1kufc=",
"Status": 0
}


29.08.2026 11:21:07	Information:	Ping ret is {"Status":0,"Comment":null}
29.08.2026 11:23:46	Information:	Error in Monitoring. Driver Ping w9LjvpRCyoByGV3Lzv0iX9dSI0tLK0uV+pRojL1kufc=
29.08.2026 11:23:46	Information:	Базовое соединение закрыто: Непредвиденная ошибка при передаче.
29.08.2026 11:26:25	Information:	Error in Monitoring. Driver Ping w9LjvpRCyoByGV3Lzv0iX9dSI0tLK0uV+pRojL1kufc=
29.08.2026 11:26:25	Information:	Базовое соединение закрыто: Непредвиденная ошибка при передаче.
29.08.2026 11:28:45	Information:	url https://lab-vko.dmed.kz/ /api/DriverManager/PingDevice
29.08.2026 11:28:45	Information:	{
"Hash": "w9LjvpRCyoByGV3Lzv0iX9dSI0tLK0uV+pRojL1kufc=",
"Status": 0
}


29.08.2026 11:28:45	Information:	Ping ret is {"Status":0,"Comment":null}
29.08.2026 11:31:05	Information:	url https://lab-vko.dmed.kz/ /api/DriverManager/PingDevice
29.08.2026 11:31:05	Information:	{
"Hash": "w9LjvpRCyoByGV3Lzv0iX9dSI0tLK0uV+pRojL1kufc=",
"Status": 0
}


29.08.2026 11:31:05	Information:	Ping ret is {"Status":0,"Comment":null}
29.08.2026 11:33:44	Information:	Error in Monitoring. Driver Ping w9LjvpRCyoByGV3Lzv0iX9dSI0tLK0uV+pRojL1kufc=
29.08.2026 11:33:44	Information:	Базовое соединение закрыто: Непредвиденная ошибка при передаче.
29.08.2026 11:36:23	Information:	Error in Monitoring. Driver Ping w9LjvpRCyoByGV3Lzv0iX9dSI0tLK0uV+pRojL1kufc=
29.08.2026 11:36:23	Information:	Базовое соединение закрыто: Непредвиденная ошибка при передаче.
29.08.2026 11:39:02	Information:	Error in Monitoring. Driver Ping w9LjvpRCyoByGV3Lzv0iX9dSI0tLK0uV+pRojL1kufc=
29.08.2026 11:39:02	Information:	Базовое соединение закрыто: Непредвиденная ошибка при передаче.
29.08.2026 11:41:21	Information:	url https://lab-vko.dmed.kz/ /api/DriverManager/PingDevice
29.08.2026 11:41:21	Information:	{
"Hash": "w9LjvpRCyoByGV3Lzv0iX9dSI0tLK0uV+pRojL1kufc=",
"Status": 0
}


29.08.2026 11:41:21	Information:	Ping ret is {"Status":0,"Comment":null}
29.08.2026 11:43:22	Information:	url https://lab-vko.dmed.kz/ /api/DriverManager/PingDevice
29.08.2026 11:43:22	Information:	{
"Hash": "w9LjvpRCyoByGV3Lzv0iX9dSI0tLK0uV+pRojL1kufc=",
"Status": 0
}


29.08.2026 11:43:22	Information:	Ping ret is {"Status":0,"Comment":null}
29.08.2026 11:45:42	Information:	url https://lab-vko.dmed.kz/ /api/DriverManager/PingDevice
29.08.2026 11:45:42	Information:	{
"Hash": "w9LjvpRCyoByGV3Lzv0iX9dSI0tLK0uV+pRojL1kufc=",
"Status": 0
}


29.08.2026 11:45:42	Information:	Ping ret is {"Status":0,"Comment":null}
29.08.2026 11:47:42	Information:	url https://lab-vko.dmed.kz/ /api/DriverManager/PingDevice
29.08.2026 11:47:42	Information:	{
"Hash": "w9LjvpRCyoByGV3Lzv0iX9dSI0tLK0uV+pRojL1kufc=",
"Status": 0
}


29.08.2026 11:47:42	Information:	Ping ret is {"Status":0,"Comment":null}
29.08.2026 11:49:42	Information:	url https://lab-vko.dmed.kz/ /api/DriverManager/PingDevice
29.08.2026 11:49:42	Information:	{
"Hash": "w9LjvpRCyoByGV3Lzv0iX9dSI0tLK0uV+pRojL1kufc=",
"Status": 0
}


29.08.2026 11:49:42	Information:	Ping ret is {"Status":0,"Comment":null}
29.08.2026 11:51:43	Information:	url https://lab-vko.dmed.kz/ /api/DriverManager/PingDevice
29.08.2026 11:51:43	Information:	{
"Hash": "w9LjvpRCyoByGV3Lzv0iX9dSI0tLK0uV+pRojL1kufc=",
"Status": 0
}


29.08.2026 11:51:43	Information:	Ping ret is {"Status":0,"Comment":null}
29.08.2026 11:54:22	Information:	Error in Monitoring. Driver Ping w9LjvpRCyoByGV3Lzv0iX9dSI0tLK0uV+pRojL1kufc=
29.08.2026 11:54:22	Information:	Базовое соединение закрыто: Непредвиденная ошибка при передаче.
29.08.2026 11:57:01	Information:	Error in Monitoring. Driver Ping w9LjvpRCyoByGV3Lzv0iX9dSI0tLK0uV+pRojL1kufc=
29.08.2026 11:57:01	Information:	Базовое соединение закрыто: Непредвиденная ошибка при передаче.
29.08.2026 11:59:01	Information:	url https://lab-vko.dmed.kz/ /api/DriverManager/PingDevice
29.08.2026 11:59:01	Information:	{
"Hash": "w9LjvpRCyoByGV3Lzv0iX9dSI0tLK0uV+pRojL1kufc=",
"Status": 0
}


29.08.2026 11:59:01	Information:	Ping ret is {"Status":0,"Comment":null}
29.08.2026 12:01:02	Information:	url https://lab-vko.dmed.kz/ /api/DriverManager/PingDevice
29.08.2026 12:01:02	Information:	{
"Hash": "w9LjvpRCyoByGV3Lzv0iX9dSI0tLK0uV+pRojL1kufc=",
"Status": 0
}


29.08.2026 12:01:02	Information:	Ping ret is {"Status":0,"Comment":null}
29.08.2026 12:03:02	Information:	url https://lab-vko.dmed.kz/ /api/DriverManager/PingDevice
29.08.2026 12:03:02	Information:	{
"Hash": "w9LjvpRCyoByGV3Lzv0iX9dSI0tLK0uV+pRojL1kufc=",
"Status": 0
}


29.08.2026 12:03:02	Information:	Ping ret is {"Status":0,"Comment":null}
29.08.2026 12:05:03	Information:	url https://lab-vko.dmed.kz/ /api/DriverManager/PingDevice
29.08.2026 12:05:03	Information:	{
"Hash": "w9LjvpRCyoByGV3Lzv0iX9dSI0tLK0uV+pRojL1kufc=",
"Status": 0
}


29.08.2026 12:05:03	Information:	Ping ret is {"Status":0,"Comment":null}
29.08.2026 12:07:23	Information:	url https://lab-vko.dmed.kz/ /api/DriverManager/PingDevice
29.08.2026 12:07:23	Information:	{
"Hash": "w9LjvpRCyoByGV3Lzv0iX9dSI0tLK0uV+pRojL1kufc=",
"Status": 0
}


29.08.2026 12:07:23	Information:	Ping ret is {"Status":0,"Comment":null}
29.08.2026 12:09:23	Information:	url https://lab-vko.dmed.kz/ /api/DriverManager/PingDevice
29.08.2026 12:09:23	Information:	{
"Hash": "w9LjvpRCyoByGV3Lzv0iX9dSI0tLK0uV+pRojL1kufc=",
"Status": 0
}


29.08.2026 12:09:23	Information:	Ping ret is {"Status":0,"Comment":null}
29.08.2026 12:11:43	Information:	url https://lab-vko.dmed.kz/ /api/DriverManager/PingDevice
29.08.2026 12:11:43	Information:	{
"Hash": "w9LjvpRCyoByGV3Lzv0iX9dSI0tLK0uV+pRojL1kufc=",
"Status": 0
}


29.08.2026 12:11:43	Information:	Ping ret is {"Status":0,"Comment":null}
29.08.2026 12:13:43	Information:	url https://lab-vko.dmed.kz/ /api/DriverManager/PingDevice
29.08.2026 12:13:43	Information:	{
"Hash": "w9LjvpRCyoByGV3Lzv0iX9dSI0tLK0uV+pRojL1kufc=",
"Status": 0
}


29.08.2026 12:13:43	Information:	Ping ret is {"Status":0,"Comment":null}
29.08.2026 12:16:22	Information:	Error in Monitoring. Driver Ping w9LjvpRCyoByGV3Lzv0iX9dSI0tLK0uV+pRojL1kufc=
29.08.2026 12:16:22	Information:	Базовое соединение закрыто: Непредвиденная ошибка при передаче.
29.08.2026 12:18:23	Information:	url https://lab-vko.dmed.kz/ /api/DriverManager/PingDevice
29.08.2026 12:18:23	Information:	{
"Hash": "w9LjvpRCyoByGV3Lzv0iX9dSI0tLK0uV+pRojL1kufc=",
"Status": 0
}


29.08.2026 12:18:23	Information:	Ping ret is {"Status":0,"Comment":null}
29.08.2026 12:20:23	Information:	url https://lab-vko.dmed.kz/ /api/DriverManager/PingDevice
29.08.2026 12:20:23	Information:	{
"Hash": "w9LjvpRCyoByGV3Lzv0iX9dSI0tLK0uV+pRojL1kufc=",
"Status": 0
}


29.08.2026 12:20:23	Information:	Ping ret is {"Status":0,"Comment":null}
29.08.2026 12:22:24	Information:	url https://lab-vko.dmed.kz/ /api/DriverManager/PingDevice
29.08.2026 12:22:24	Information:	{
"Hash": "w9LjvpRCyoByGV3Lzv0iX9dSI0tLK0uV+pRojL1kufc=",
"Status": 0
}


29.08.2026 12:22:24	Information:	Ping ret is {"Status":0,"Comment":null}
29.08.2026 12:24:24	Information:	url https://lab-vko.dmed.kz/ /api/DriverManager/PingDevice
29.08.2026 12:24:24	Information:	{
"Hash": "w9LjvpRCyoByGV3Lzv0iX9dSI0tLK0uV+pRojL1kufc=",
"Status": 0
}


29.08.2026 12:24:24	Information:	Ping ret is {"Status":0,"Comment":null}
29.08.2026 12:26:44	Information:	url https://lab-vko.dmed.kz/ /api/DriverManager/PingDevice
29.08.2026 12:26:44	Information:	{
"Hash": "w9LjvpRCyoByGV3Lzv0iX9dSI0tLK0uV+pRojL1kufc=",
"Status": 0
}


29.08.2026 12:26:44	Information:	Ping ret is {"Status":0,"Comment":null}
29.08.2026 12:29:23	Information:	Error in Monitoring. Driver Ping w9LjvpRCyoByGV3Lzv0iX9dSI0tLK0uV+pRojL1kufc=
29.08.2026 12:29:23	Information:	Базовое соединение закрыто: Непредвиденная ошибка при передаче.
29.08.2026 12:31:23	Information:	url https://lab-vko.dmed.kz/ /api/DriverManager/PingDevice
29.08.2026 12:31:23	Information:	{
"Hash": "w9LjvpRCyoByGV3Lzv0iX9dSI0tLK0uV+pRojL1kufc=",
"Status": 0
}


29.08.2026 12:31:23	Information:	Ping ret is {"Status":0,"Comment":null}
29.08.2026 12:33:43	Information:	url https://lab-vko.dmed.kz/ /api/DriverManager/PingDevice
29.08.2026 12:33:43	Information:	{
"Hash": "w9LjvpRCyoByGV3Lzv0iX9dSI0tLK0uV+pRojL1kufc=",
"Status": 0
}


29.08.2026 12:33:43	Information:	Ping ret is {"Status":0,"Comment":null}
29.08.2026 12:36:22	Information:	Error in Monitoring. Driver Ping w9LjvpRCyoByGV3Lzv0iX9dSI0tLK0uV+pRojL1kufc=
29.08.2026 12:36:22	Information:	Базовое соединение закрыто: Непредвиденная ошибка при передаче.
29.08.2026 12:38:42	Information:	url https://lab-vko.dmed.kz/ /api/DriverManager/PingDevice
29.08.2026 12:38:42	Information:	{
"Hash": "w9LjvpRCyoByGV3Lzv0iX9dSI0tLK0uV+pRojL1kufc=",
"Status": 0
}


29.08.2026 12:38:42	Information:	Ping ret is {"Status":0,"Comment":null}
29.08.2026 12:40:42	Information:	url https://lab-vko.dmed.kz/ /api/DriverManager/PingDevice
29.08.2026 12:40:42	Information:	{
"Hash": "w9LjvpRCyoByGV3Lzv0iX9dSI0tLK0uV+pRojL1kufc=",
"Status": 0
}


29.08.2026 12:40:42	Information:	Ping ret is {"Status":0,"Comment":null}
29.08.2026 12:42:43	Information:	url https://lab-vko.dmed.kz/ /api/DriverManager/PingDevice
29.08.2026 12:42:43	Information:	{
"Hash": "w9LjvpRCyoByGV3Lzv0iX9dSI0tLK0uV+pRojL1kufc=",
"Status": 0
}


29.08.2026 12:42:43	Information:	Ping ret is {"Status":0,"Comment":null}
29.08.2026 12:44:43	Information:	url https://lab-vko.dmed.kz/ /api/DriverManager/PingDevice
29.08.2026 12:44:43	Information:	{
"Hash": "w9LjvpRCyoByGV3Lzv0iX9dSI0tLK0uV+pRojL1kufc=",
"Status": 0
}


29.08.2026 12:44:43	Information:	Ping ret is {"Status":0,"Comment":null}
29.08.2026 12:47:22	Information:	Error in Monitoring. Driver Ping w9LjvpRCyoByGV3Lzv0iX9dSI0tLK0uV+pRojL1kufc=
29.08.2026 12:47:22	Information:	Базовое соединение закрыто: Непредвиденная ошибка при передаче.
29.08.2026 12:49:42	Information:	url https://lab-vko.dmed.kz/ /api/DriverManager/PingDevice
29.08.2026 12:49:42	Information:	{
"Hash": "w9LjvpRCyoByGV3Lzv0iX9dSI0tLK0uV+pRojL1kufc=",
"Status": 0
}


29.08.2026 12:49:42	Information:	Ping ret is {"Status":0,"Comment":null}
29.08.2026 12:52:21	Information:	Error in Monitoring. Driver Ping w9LjvpRCyoByGV3Lzv0iX9dSI0tLK0uV+pRojL1kufc=
29.08.2026 12:52:21	Information:	Базовое соединение закрыто: Непредвиденная ошибка при передаче.
29.08.2026 12:55:00	Information:	Error in Monitoring. Driver Ping w9LjvpRCyoByGV3Lzv0iX9dSI0tLK0uV+pRojL1kufc=
29.08.2026 12:55:00	Information:	Базовое соединение закрыто: Непредвиденная ошибка при передаче.
29.08.2026 12:57:00	Information:	url https://lab-vko.dmed.kz/ /api/DriverManager/PingDevice
29.08.2026 12:57:00	Information:	{
"Hash": "w9LjvpRCyoByGV3Lzv0iX9dSI0tLK0uV+pRojL1kufc=",
"Status": 0
}


29.08.2026 12:57:00	Information:	Ping ret is {"Status":0,"Comment":null}
29.08.2026 12:59:39	Information:	Error in Monitoring. Driver Ping w9LjvpRCyoByGV3Lzv0iX9dSI0tLK0uV+pRojL1kufc=
29.08.2026 12:59:39	Information:	Базовое соединение закрыто: Непредвиденная ошибка при передаче.
29.08.2026 13:01:40	Information:	url https://lab-vko.dmed.kz/ /api/DriverManager/PingDevice
29.08.2026 13:01:40	Information:	{
"Hash": "w9LjvpRCyoByGV3Lzv0iX9dSI0tLK0uV+pRojL1kufc=",
"Status": 0
}


29.08.2026 13:01:40	Information:	Ping ret is {"Status":0,"Comment":null}
29.08.2026 13:03:59	Information:	url https://lab-vko.dmed.kz/ /api/DriverManager/PingDevice
29.08.2026 13:03:59	Information:	{
"Hash": "w9LjvpRCyoByGV3Lzv0iX9dSI0tLK0uV+pRojL1kufc=",
"Status": 0
}


29.08.2026 13:03:59	Information:	Ping ret is {"Status":0,"Comment":null}
29.08.2026 13:06:58	Information:	Error in Monitoring. Driver Ping w9LjvpRCyoByGV3Lzv0iX9dSI0tLK0uV+pRojL1kufc=
29.08.2026 13:06:58	Information:	Базовое соединение закрыто: Непредвиденная ошибка при передаче.
29.08.2026 13:08:59	Information:	url https://lab-vko.dmed.kz/ /api/DriverManager/PingDevice
29.08.2026 13:08:59	Information:	{
"Hash": "w9LjvpRCyoByGV3Lzv0iX9dSI0tLK0uV+pRojL1kufc=",
"Status": 0
}


29.08.2026 13:08:59	Information:	Ping ret is {"Status":0,"Comment":null}
29.08.2026 13:10:59	Information:	url https://lab-vko.dmed.kz/ /api/DriverManager/PingDevice
29.08.2026 13:10:59	Information:	{
"Hash": "w9LjvpRCyoByGV3Lzv0iX9dSI0tLK0uV+pRojL1kufc=",
"Status": 0
}


29.08.2026 13:10:59	Information:	Ping ret is {"Status":0,"Comment":null}
29.08.2026 13:12:59	Information:	url https://lab-vko.dmed.kz/ /api/DriverManager/PingDevice
29.08.2026 13:12:59	Information:	{
"Hash": "w9LjvpRCyoByGV3Lzv0iX9dSI0tLK0uV+pRojL1kufc=",
"Status": 0
}


29.08.2026 13:12:59	Information:	Ping ret is {"Status":0,"Comment":null}
29.08.2026 13:15:19	Information:	url https://lab-vko.dmed.kz/ /api/DriverManager/PingDevice
29.08.2026 13:15:19	Information:	{
"Hash": "w9LjvpRCyoByGV3Lzv0iX9dSI0tLK0uV+pRojL1kufc=",
"Status": 0
}


29.08.2026 13:15:19	Information:	Ping ret is {"Status":0,"Comment":null}
29.08.2026 13:17:58	Information:	Error in Monitoring. Driver Ping w9LjvpRCyoByGV3Lzv0iX9dSI0tLK0uV+pRojL1kufc=
29.08.2026 13:17:58	Information:	Базовое соединение закрыто: Непредвиденная ошибка при передаче.
29.08.2026 13:20:37	Information:	Error in Monitoring. Driver Ping w9LjvpRCyoByGV3Lzv0iX9dSI0tLK0uV+pRojL1kufc=
29.08.2026 13:20:37	Information:	Базовое соединение закрыто: Непредвиденная ошибка при передаче.
29.08.2026 13:22:38	Information:	url https://lab-vko.dmed.kz/ /api/DriverManager/PingDevice
29.08.2026 13:22:38	Information:	{
"Hash": "w9LjvpRCyoByGV3Lzv0iX9dSI0tLK0uV+pRojL1kufc=",
"Status": 0
}


29.08.2026 13:22:38	Information:	Ping ret is {"Status":0,"Comment":null}
29.08.2026 13:24:38	Information:	url https://lab-vko.dmed.kz/ /api/DriverManager/PingDevice
29.08.2026 13:24:38	Information:	{
"Hash": "w9LjvpRCyoByGV3Lzv0iX9dSI0tLK0uV+pRojL1kufc=",
"Status": 0
}


29.08.2026 13:24:38	Information:	Ping ret is {"Status":0,"Comment":null}
29.08.2026 13:26:58	Information:	url https://lab-vko.dmed.kz/ /api/DriverManager/PingDevice
29.08.2026 13:26:58	Information:	{
"Hash": "w9LjvpRCyoByGV3Lzv0iX9dSI0tLK0uV+pRojL1kufc=",
"Status": 0
}


29.08.2026 13:26:58	Information:	Ping ret is {"Status":0,"Comment":null}
29.08.2026 13:29:18	Information:	url https://lab-vko.dmed.kz/ /api/DriverManager/PingDevice
29.08.2026 13:29:18	Information:	{
"Hash": "w9LjvpRCyoByGV3Lzv0iX9dSI0tLK0uV+pRojL1kufc=",
"Status": 0
}


29.08.2026 13:29:18	Information:	Ping ret is {"Status":0,"Comment":null}
29.08.2026 13:31:18	Information:	url https://lab-vko.dmed.kz/ /api/DriverManager/PingDevice
29.08.2026 13:31:18	Information:	{
"Hash": "w9LjvpRCyoByGV3Lzv0iX9dSI0tLK0uV+pRojL1kufc=",
"Status": 0
}


29.08.2026 13:31:18	Information:	Ping ret is {"Status":0,"Comment":null}
29.08.2026 13:33:57	Information:	Error in Monitoring. Driver Ping w9LjvpRCyoByGV3Lzv0iX9dSI0tLK0uV+pRojL1kufc=
29.08.2026 13:33:57	Information:	Базовое соединение закрыто: Непредвиденная ошибка при передаче.
29.08.2026 13:36:36	Information:	Error in Monitoring. Driver Ping w9LjvpRCyoByGV3Lzv0iX9dSI0tLK0uV+pRojL1kufc=
29.08.2026 13:36:36	Information:	Базовое соединение закрыто: Непредвиденная ошибка при передаче.
29.08.2026 13:38:56	Information:	url https://lab-vko.dmed.kz/ /api/DriverManager/PingDevice
29.08.2026 13:38:56	Information:	{
"Hash": "w9LjvpRCyoByGV3Lzv0iX9dSI0tLK0uV+pRojL1kufc=",
"Status": 0
}


29.08.2026 13:38:56	Information:	Ping ret is {"Status":0,"Comment":null}
29.08.2026 13:41:15	Information:	url https://lab-vko.dmed.kz/ /api/DriverManager/PingDevice
29.08.2026 13:41:15	Information:	{
"Hash": "w9LjvpRCyoByGV3Lzv0iX9dSI0tLK0uV+pRojL1kufc=",
"Status": 0
}


29.08.2026 13:41:15	Information:	Ping ret is {"Status":0,"Comment":null}
29.08.2026 13:43:35	Information:	url https://lab-vko.dmed.kz/ /api/DriverManager/PingDevice
29.08.2026 13:43:35	Information:	{
"Hash": "w9LjvpRCyoByGV3Lzv0iX9dSI0tLK0uV+pRojL1kufc=",
"Status": 0
}


29.08.2026 13:43:35	Information:	Ping ret is {"Status":0,"Comment":null}
29.08.2026 13:45:55	Information:	url https://lab-vko.dmed.kz/ /api/DriverManager/PingDevice
29.08.2026 13:45:55	Information:	{
"Hash": "w9LjvpRCyoByGV3Lzv0iX9dSI0tLK0uV+pRojL1kufc=",
"Status": 0
}


29.08.2026 13:45:55	Information:	Ping ret is {"Status":0,"Comment":null}
29.08.2026 13:48:34	Information:	Error in Monitoring. Driver Ping w9LjvpRCyoByGV3Lzv0iX9dSI0tLK0uV+pRojL1kufc=
29.08.2026 13:48:34	Information:	Базовое соединение закрыто: Непредвиденная ошибка при передаче.
29.08.2026 13:51:13	Information:	Error in Monitoring. Driver Ping w9LjvpRCyoByGV3Lzv0iX9dSI0tLK0uV+pRojL1kufc=
29.08.2026 13:51:13	Information:	Базовое соединение закрыто: Непредвиденная ошибка при передаче.
29.08.2026 13:53:13	Information:	url https://lab-vko.dmed.kz/ /api/DriverManager/PingDevice
29.08.2026 13:53:13	Information:	{
"Hash": "w9LjvpRCyoByGV3Lzv0iX9dSI0tLK0uV+pRojL1kufc=",
"Status": 0
}


29.08.2026 13:53:13	Information:	Ping ret is {"Status":0,"Comment":null}
29.08.2026 13:55:33	Information:	url https://lab-vko.dmed.kz/ /api/DriverManager/PingDevice
29.08.2026 13:55:33	Information:	{
"Hash": "w9LjvpRCyoByGV3Lzv0iX9dSI0tLK0uV+pRojL1kufc=",
"Status": 0
}


29.08.2026 13:55:33	Information:	Ping ret is {"Status":0,"Comment":null}
29.08.2026 13:57:33	Information:	url https://lab-vko.dmed.kz/ /api/DriverManager/PingDevice
29.08.2026 13:57:33	Information:	{
"Hash": "w9LjvpRCyoByGV3Lzv0iX9dSI0tLK0uV+pRojL1kufc=",
"Status": 0
}


29.08.2026 13:57:33	Information:	Ping ret is {"Status":0,"Comment":null}
29.08.2026 13:59:34	Information:	url https://lab-vko.dmed.kz/ /api/DriverManager/PingDevice
29.08.2026 13:59:34	Information:	{
"Hash": "w9LjvpRCyoByGV3Lzv0iX9dSI0tLK0uV+pRojL1kufc=",
"Status": 0
}


29.08.2026 13:59:34	Information:	Ping ret is {"Status":0,"Comment":null}
29.08.2026 14:01:34	Information:	url https://lab-vko.dmed.kz/ /api/DriverManager/PingDevice
29.08.2026 14:01:34	Information:	{
"Hash": "w9LjvpRCyoByGV3Lzv0iX9dSI0tLK0uV+pRojL1kufc=",
"Status": 0
}


29.08.2026 14:01:34	Information:	Ping ret is {"Status":0,"Comment":null}
29.08.2026 14:03:35	Information:	url https://lab-vko.dmed.kz/ /api/DriverManager/PingDevice
29.08.2026 14:03:35	Information:	{
"Hash": "w9LjvpRCyoByGV3Lzv0iX9dSI0tLK0uV+pRojL1kufc=",
"Status": 0
}


29.08.2026 14:03:35	Information:	Ping ret is {"Status":0,"Comment":null}
29.08.2026 14:05:36	Information:	url https://lab-vko.dmed.kz/ /api/DriverManager/PingDevice
29.08.2026 14:05:36	Information:	{
"Hash": "w9LjvpRCyoByGV3Lzv0iX9dSI0tLK0uV+pRojL1kufc=",
"Status": 0
}


29.08.2026 14:05:36	Information:	Ping ret is {"Status":0,"Comment":null}
29.08.2026 14:08:15	Information:	Error in Monitoring. Driver Ping w9LjvpRCyoByGV3Lzv0iX9dSI0tLK0uV+pRojL1kufc=
29.08.2026 14:08:15	Information:	Базовое соединение закрыто: Непредвиденная ошибка при передаче.
29.08.2026 14:10:53	Information:	Error in Monitoring. Driver Ping w9LjvpRCyoByGV3Lzv0iX9dSI0tLK0uV+pRojL1kufc=
29.08.2026 14:10:53	Information:	Базовое соединение закрыто: Непредвиденная ошибка при передаче.
29.08.2026 14:13:13	Information:	url https://lab-vko.dmed.kz/ /api/DriverManager/PingDevice
29.08.2026 14:13:13	Information:	{
"Hash": "w9LjvpRCyoByGV3Lzv0iX9dSI0tLK0uV+pRojL1kufc=",
"Status": 0
}


29.08.2026 14:13:13	Information:	Ping ret is {"Status":0,"Comment":null}
29.08.2026 14:15:52	Information:	Error in Monitoring. Driver Ping w9LjvpRCyoByGV3Lzv0iX9dSI0tLK0uV+pRojL1kufc=
29.08.2026 14:15:52	Information:	Базовое соединение закрыто: Непредвиденная ошибка при передаче.
29.08.2026 14:18:12	Information:	url https://lab-vko.dmed.kz/ /api/DriverManager/PingDevice
29.08.2026 14:18:12	Information:	{
"Hash": "w9LjvpRCyoByGV3Lzv0iX9dSI0tLK0uV+pRojL1kufc=",
"Status": 0
}


29.08.2026 14:18:12	Information:	Ping ret is {"Status":0,"Comment":null}
29.08.2026 14:20:32	Information:	url https://lab-vko.dmed.kz/ /api/DriverManager/PingDevice
29.08.2026 14:20:32	Information:	{
"Hash": "w9LjvpRCyoByGV3Lzv0iX9dSI0tLK0uV+pRojL1kufc=",
"Status": 0
}


29.08.2026 14:20:32	Information:	Ping ret is {"Status":0,"Comment":null}
29.08.2026 14:22:32	Information:	url https://lab-vko.dmed.kz/ /api/DriverManager/PingDevice
29.08.2026 14:22:32	Information:	{
"Hash": "w9LjvpRCyoByGV3Lzv0iX9dSI0tLK0uV+pRojL1kufc=",
"Status": 0
}


29.08.2026 14:22:32	Information:	Ping ret is {"Status":0,"Comment":null}
29.08.2026 14:24:52	Information:	url https://lab-vko.dmed.kz/ /api/DriverManager/PingDevice
29.08.2026 14:24:52	Information:	{
"Hash": "w9LjvpRCyoByGV3Lzv0iX9dSI0tLK0uV+pRojL1kufc=",
"Status": 0
}


29.08.2026 14:24:52	Information:	Ping ret is {"Status":0,"Comment":null}
29.08.2026 14:27:31	Information:	Error in Monitoring. Driver Ping w9LjvpRCyoByGV3Lzv0iX9dSI0tLK0uV+pRojL1kufc=
29.08.2026 14:27:31	Information:	Базовое соединение закрыто: Непредвиденная ошибка при передаче.
29.08.2026 14:29:51	Information:	url https://lab-vko.dmed.kz/ /api/DriverManager/PingDevice
29.08.2026 14:29:51	Information:	{
"Hash": "w9LjvpRCyoByGV3Lzv0iX9dSI0tLK0uV+pRojL1kufc=",
"Status": 0
}


29.08.2026 14:29:51	Information:	Ping ret is {"Status":0,"Comment":null}
29.08.2026 14:32:11	Information:	url https://lab-vko.dmed.kz/ /api/DriverManager/PingDevice
29.08.2026 14:32:11	Information:	{
"Hash": "w9LjvpRCyoByGV3Lzv0iX9dSI0tLK0uV+pRojL1kufc=",
"Status": 0
}


29.08.2026 14:32:11	Information:	Ping ret is {"Status":0,"Comment":null}
29.08.2026 14:34:50	Information:	Error in Monitoring. Driver Ping w9LjvpRCyoByGV3Lzv0iX9dSI0tLK0uV+pRojL1kufc=
29.08.2026 14:34:50	Information:	Базовое соединение закрыто: Непредвиденная ошибка при передаче.
29.08.2026 14:36:51	Information:	url https://lab-vko.dmed.kz/ /api/DriverManager/PingDevice
29.08.2026 14:36:51	Information:	{
"Hash": "w9LjvpRCyoByGV3Lzv0iX9dSI0tLK0uV+pRojL1kufc=",
"Status": 0
}


29.08.2026 14:36:51	Information:	Ping ret is {"Status":0,"Comment":null}
29.08.2026 14:39:30	Information:	Error in Monitoring. Driver Ping w9LjvpRCyoByGV3Lzv0iX9dSI0tLK0uV+pRojL1kufc=
29.08.2026 14:39:30	Information:	Базовое соединение закрыто: Непредвиденная ошибка при передаче.
29.08.2026 14:41:30	Information:	url https://lab-vko.dmed.kz/ /api/DriverManager/PingDevice
29.08.2026 14:41:30	Information:	{
"Hash": "w9LjvpRCyoByGV3Lzv0iX9dSI0tLK0uV+pRojL1kufc=",
"Status": 0
}


29.08.2026 14:41:30	Information:	Ping ret is {"Status":0,"Comment":null}
29.08.2026 14:44:09	Information:	Error in Monitoring. Driver Ping w9LjvpRCyoByGV3Lzv0iX9dSI0tLK0uV+pRojL1kufc=
29.08.2026 14:44:09	Information:	Базовое соединение закрыто: Непредвиденная ошибка при передаче.
29.08.2026 14:46:09	Information:	url https://lab-vko.dmed.kz/ /api/DriverManager/PingDevice
29.08.2026 14:46:09	Information:	{
"Hash": "w9LjvpRCyoByGV3Lzv0iX9dSI0tLK0uV+pRojL1kufc=",
"Status": 0
}


29.08.2026 14:46:09	Information:	Ping ret is {"Status":0,"Comment":null}
29.08.2026 14:48:48	Information:	Error in Monitoring. Driver Ping w9LjvpRCyoByGV3Lzv0iX9dSI0tLK0uV+pRojL1kufc=
29.08.2026 14:48:48	Information:	Базовое соединение закрыто: Непредвиденная ошибка при передаче.
29.08.2026 14:51:08	Information:	url https://lab-vko.dmed.kz/ /api/DriverManager/PingDevice
29.08.2026 14:51:08	Information:	{
"Hash": "w9LjvpRCyoByGV3Lzv0iX9dSI0tLK0uV+pRojL1kufc=",
"Status": 0
}


29.08.2026 14:51:08	Information:	Ping ret is {"Status":0,"Comment":null}
29.08.2026 14:53:28	Information:	url https://lab-vko.dmed.kz/ /api/DriverManager/PingDevice
29.08.2026 14:53:28	Information:	{
"Hash": "w9LjvpRCyoByGV3Lzv0iX9dSI0tLK0uV+pRojL1kufc=",
"Status": 0
}


29.08.2026 14:53:28	Information:	Ping ret is {"Status":0,"Comment":null}
29.08.2026 14:55:48	Information:	url https://lab-vko.dmed.kz/ /api/DriverManager/PingDevice
29.08.2026 14:55:48	Information:	{
"Hash": "w9LjvpRCyoByGV3Lzv0iX9dSI0tLK0uV+pRojL1kufc=",
"Status": 0
}


29.08.2026 14:55:48	Information:	Ping ret is {"Status":0,"Comment":null}
29.08.2026 14:58:26	Information:	Error in Monitoring. Driver Ping w9LjvpRCyoByGV3Lzv0iX9dSI0tLK0uV+pRojL1kufc=
29.08.2026 14:58:26	Information:	Базовое соединение закрыто: Непредвиденная ошибка при передаче.
29.08.2026 15:00:27	Information:	url https://lab-vko.dmed.kz/ /api/DriverManager/PingDevice
29.08.2026 15:00:27	Information:	{
"Hash": "w9LjvpRCyoByGV3Lzv0iX9dSI0tLK0uV+pRojL1kufc=",
"Status": 0
}


29.08.2026 15:00:27	Information:	Ping ret is {"Status":0,"Comment":null}
29.08.2026 15:02:27	Information:	url https://lab-vko.dmed.kz/ /api/DriverManager/PingDevice
29.08.2026 15:02:27	Information:	{
"Hash": "w9LjvpRCyoByGV3Lzv0iX9dSI0tLK0uV+pRojL1kufc=",
"Status": 0
}


29.08.2026 15:02:27	Information:	Ping ret is {"Status":0,"Comment":null}
29.08.2026 15:05:06	Information:	Error in Monitoring. Driver Ping w9LjvpRCyoByGV3Lzv0iX9dSI0tLK0uV+pRojL1kufc=
29.08.2026 15:05:06	Information:	Базовое соединение закрыто: Непредвиденная ошибка при передаче.
29.08.2026 15:07:26	Information:	url https://lab-vko.dmed.kz/ /api/DriverManager/PingDevice
29.08.2026 15:07:26	Information:	{
"Hash": "w9LjvpRCyoByGV3Lzv0iX9dSI0tLK0uV+pRojL1kufc=",
"Status": 0
}


29.08.2026 15:07:26	Information:	Ping ret is {"Status":0,"Comment":null}
29.08.2026 15:09:27	Information:	url https://lab-vko.dmed.kz/ /api/DriverManager/PingDevice
29.08.2026 15:09:27	Information:	{
"Hash": "w9LjvpRCyoByGV3Lzv0iX9dSI0tLK0uV+pRojL1kufc=",
"Status": 0
}


29.08.2026 15:09:27	Information:	Ping ret is {"Status":0,"Comment":null}
29.08.2026 15:12:05	Information:	Error in Monitoring. Driver Ping w9LjvpRCyoByGV3Lzv0iX9dSI0tLK0uV+pRojL1kufc=
29.08.2026 15:12:05	Information:	Базовое соединение закрыто: Непредвиденная ошибка при передаче.
29.08.2026 15:14:44	Information:	Error in Monitoring. Driver Ping w9LjvpRCyoByGV3Lzv0iX9dSI0tLK0uV+pRojL1kufc=
29.08.2026 15:14:44	Information:	Базовое соединение закрыто: Непредвиденная ошибка при передаче.
29.08.2026 15:16:45	Information:	url https://lab-vko.dmed.kz/ /api/DriverManager/PingDevice
29.08.2026 15:16:45	Information:	{
"Hash": "w9LjvpRCyoByGV3Lzv0iX9dSI0tLK0uV+pRojL1kufc=",
"Status": 0
}


29.08.2026 15:16:45	Information:	Ping ret is {"Status":0,"Comment":null}
29.08.2026 15:19:24	Information:	Error in Monitoring. Driver Ping w9LjvpRCyoByGV3Lzv0iX9dSI0tLK0uV+pRojL1kufc=
29.08.2026 15:19:24	Information:	Базовое соединение закрыто: Непредвиденная ошибка при передаче.
29.08.2026 15:21:24	Information:	url https://lab-vko.dmed.kz/ /api/DriverManager/PingDevice
29.08.2026 15:21:24	Information:	{
"Hash": "w9LjvpRCyoByGV3Lzv0iX9dSI0tLK0uV+pRojL1kufc=",
"Status": 0
}


29.08.2026 15:21:24	Information:	Ping ret is {"Status":0,"Comment":null}
29.08.2026 15:23:25	Information:	url https://lab-vko.dmed.kz/ /api/DriverManager/PingDevice
29.08.2026 15:23:25	Information:	{
"Hash": "w9LjvpRCyoByGV3Lzv0iX9dSI0tLK0uV+pRojL1kufc=",
"Status": 0
}


29.08.2026 15:23:25	Information:	Ping ret is {"Status":0,"Comment":null}
29.08.2026 15:25:25	Information:	url https://lab-vko.dmed.kz/ /api/DriverManager/PingDevice
29.08.2026 15:25:25	Information:	{
"Hash": "w9LjvpRCyoByGV3Lzv0iX9dSI0tLK0uV+pRojL1kufc=",
"Status": 0
}


29.08.2026 15:25:25	Information:	Ping ret is {"Status":0,"Comment":null}
29.08.2026 15:27:26	Information:	url https://lab-vko.dmed.kz/ /api/DriverManager/PingDevice
29.08.2026 15:27:26	Information:	{
"Hash": "w9LjvpRCyoByGV3Lzv0iX9dSI0tLK0uV+pRojL1kufc=",
"Status": 0
}


29.08.2026 15:27:26	Information:	Ping ret is {"Status":0,"Comment":null}
29.08.2026 15:29:26	Information:	url https://lab-vko.dmed.kz/ /api/DriverManager/PingDevice
29.08.2026 15:29:26	Information:	{
"Hash": "w9LjvpRCyoByGV3Lzv0iX9dSI0tLK0uV+pRojL1kufc=",
"Status": 0
}


29.08.2026 15:29:26	Information:	Ping ret is {"Status":0,"Comment":null}
29.08.2026 15:31:27	Information:	url https://lab-vko.dmed.kz/ /api/DriverManager/PingDevice
29.08.2026 15:31:27	Information:	{
"Hash": "w9LjvpRCyoByGV3Lzv0iX9dSI0tLK0uV+pRojL1kufc=",
"Status": 0
}


29.08.2026 15:31:27	Information:	Ping ret is {"Status":0,"Comment":null}
29.08.2026 15:33:27	Information:	url https://lab-vko.dmed.kz/ /api/DriverManager/PingDevice
29.08.2026 15:33:27	Information:	{
"Hash": "w9LjvpRCyoByGV3Lzv0iX9dSI0tLK0uV+pRojL1kufc=",
"Status": 0
}


29.08.2026 15:33:27	Information:	Ping ret is {"Status":0,"Comment":null}
29.08.2026 15:36:25	Information:	Error in Monitoring. Driver Ping w9LjvpRCyoByGV3Lzv0iX9dSI0tLK0uV+pRojL1kufc=
29.08.2026 15:36:25	Information:	Базовое соединение закрыто: Непредвиденная ошибка при передаче.
29.08.2026 15:39:04	Information:	Error in Monitoring. Driver Ping w9LjvpRCyoByGV3Lzv0iX9dSI0tLK0uV+pRojL1kufc=
29.08.2026 15:39:04	Information:	Базовое соединение закрыто: Непредвиденная ошибка при передаче.
29.08.2026 15:41:04	Information:	url https://lab-vko.dmed.kz/ /api/DriverManager/PingDevice
29.08.2026 15:41:04	Information:	{
"Hash": "w9LjvpRCyoByGV3Lzv0iX9dSI0tLK0uV+pRojL1kufc=",
"Status": 0
}


29.08.2026 15:41:04	Information:	Ping ret is {"Status":0,"Comment":null}
29.08.2026 15:43:05	Information:	url https://lab-vko.dmed.kz/ /api/DriverManager/PingDevice
29.08.2026 15:43:05	Information:	{
"Hash": "w9LjvpRCyoByGV3Lzv0iX9dSI0tLK0uV+pRojL1kufc=",
"Status": 0
}


29.08.2026 15:43:05	Information:	Ping ret is {"Status":0,"Comment":null}
29.08.2026 15:45:25	Information:	url https://lab-vko.dmed.kz/ /api/DriverManager/PingDevice
29.08.2026 15:45:25	Information:	{
"Hash": "w9LjvpRCyoByGV3Lzv0iX9dSI0tLK0uV+pRojL1kufc=",
"Status": 0
}


29.08.2026 15:45:25	Information:	Ping ret is {"Status":0,"Comment":null}
29.08.2026 15:47:25	Information:	url https://lab-vko.dmed.kz/ /api/DriverManager/PingDevice
29.08.2026 15:47:25	Information:	{
"Hash": "w9LjvpRCyoByGV3Lzv0iX9dSI0tLK0uV+pRojL1kufc=",
"Status": 0
}


29.08.2026 15:47:25	Information:	Ping ret is {"Status":0,"Comment":null}
29.08.2026 15:50:04	Information:	Error in Monitoring. Driver Ping w9LjvpRCyoByGV3Lzv0iX9dSI0tLK0uV+pRojL1kufc=
29.08.2026 15:50:04	Information:	Базовое соединение закрыто: Непредвиденная ошибка при передаче.
29.08.2026 15:52:25	Information:	Error in Monitoring. Driver Ping w9LjvpRCyoByGV3Lzv0iX9dSI0tLK0uV+pRojL1kufc=
29.08.2026 15:52:25	Information:	Невозможно соединиться с удаленным сервером
29.08.2026 15:54:26	Information:	Error in Monitoring. Driver Ping w9LjvpRCyoByGV3Lzv0iX9dSI0tLK0uV+pRojL1kufc=
29.08.2026 15:54:26	Information:	Невозможно разрешить удаленное имя: 'lab-vko.dmed.kz'
29.08.2026 15:56:26	Information:	Error in Monitoring. Driver Ping w9LjvpRCyoByGV3Lzv0iX9dSI0tLK0uV+pRojL1kufc=
29.08.2026 15:56:26	Information:	Невозможно разрешить удаленное имя: 'vko.dmed.kz'
29.08.2026 15:58:38	Information:	Error in Monitoring. Driver Ping w9LjvpRCyoByGV3Lzv0iX9dSI0tLK0uV+pRojL1kufc=
29.08.2026 15:58:38	Information:	Невозможно разрешить удаленное имя: 'vko.dmed.kz'
29.08.2026 16:00:49	Information:	Error in Monitoring. Driver Ping w9LjvpRCyoByGV3Lzv0iX9dSI0tLK0uV+pRojL1kufc=
29.08.2026 16:00:49	Information:	Невозможно разрешить удаленное имя: 'vko.dmed.kz'
29.08.2026 16:02:50	Information:	url https://lab-vko.dmed.kz/ /api/DriverManager/PingDevice
29.08.2026 16:02:50	Information:	{
"Hash": "w9LjvpRCyoByGV3Lzv0iX9dSI0tLK0uV+pRojL1kufc=",
"Status": 0
}


29.08.2026 16:02:50	Information:	Ping ret is {"Status":0,"Comment":null}
29.08.2026 16:04:51	Information:	url https://lab-vko.dmed.kz/ /api/DriverManager/PingDevice
29.08.2026 16:04:51	Information:	{
"Hash": "w9LjvpRCyoByGV3Lzv0iX9dSI0tLK0uV+pRojL1kufc=",
"Status": 0
}


29.08.2026 16:04:51	Information:	Ping ret is {"Status":0,"Comment":null}
29.08.2026 16:06:51	Information:	url https://lab-vko.dmed.kz/ /api/DriverManager/PingDevice
29.08.2026 16:06:51	Information:	{
"Hash": "w9LjvpRCyoByGV3Lzv0iX9dSI0tLK0uV+pRojL1kufc=",
"Status": 0
}


29.08.2026 16:06:51	Information:	Ping ret is {"Status":0,"Comment":null}
29.08.2026 16:08:52	Information:	url https://lab-vko.dmed.kz/ /api/DriverManager/PingDevice
29.08.2026 16:08:52	Information:	{
"Hash": "w9LjvpRCyoByGV3Lzv0iX9dSI0tLK0uV+pRojL1kufc=",
"Status": 0
}


29.08.2026 16:08:52	Information:	Ping ret is {"Status":0,"Comment":null}
29.08.2026 16:10:52	Information:	Error in Monitoring. Driver Ping w9LjvpRCyoByGV3Lzv0iX9dSI0tLK0uV+pRojL1kufc=
29.08.2026 16:10:52	Information:	Невозможно разрешить удаленное имя: 'lab-vko.dmed.kz'
29.08.2026 16:12:52	Information:	Error in Monitoring. Driver Ping w9LjvpRCyoByGV3Lzv0iX9dSI0tLK0uV+pRojL1kufc=
29.08.2026 16:12:52	Information:	Невозможно разрешить удаленное имя: 'lab-vko.dmed.kz'
29.08.2026 16:14:53	Information:	Error in Monitoring. Driver Ping w9LjvpRCyoByGV3Lzv0iX9dSI0tLK0uV+pRojL1kufc=
29.08.2026 16:14:53	Information:	Невозможно разрешить удаленное имя: 'lab-vko.dmed.kz'
29.08.2026 16:16:53	Information:	Error in Monitoring. Driver Ping w9LjvpRCyoByGV3Lzv0iX9dSI0tLK0uV+pRojL1kufc=
29.08.2026 16:16:53	Information:	Невозможно разрешить удаленное имя: 'vko.dmed.kz'
29.08.2026 16:18:53	Information:	Error in Monitoring. Driver Ping w9LjvpRCyoByGV3Lzv0iX9dSI0tLK0uV+pRojL1kufc=
29.08.2026 16:18:53	Information:	Невозможно разрешить удаленное имя: 'vko.dmed.kz'
29.08.2026 16:20:54	Information:	Error in Monitoring. Driver Ping w9LjvpRCyoByGV3Lzv0iX9dSI0tLK0uV+pRojL1kufc=
29.08.2026 16:20:54	Information:	Невозможно разрешить удаленное имя: 'vko.dmed.kz'
29.08.2026 16:22:54	Information:	Error in Monitoring. Driver Ping w9LjvpRCyoByGV3Lzv0iX9dSI0tLK0uV+pRojL1kufc=
29.08.2026 16:22:54	Information:	Невозможно разрешить удаленное имя: 'vko.dmed.kz'
29.08.2026 16:24:54	Information:	Error in Monitoring. Driver Ping w9LjvpRCyoByGV3Lzv0iX9dSI0tLK0uV+pRojL1kufc=
29.08.2026 16:24:54	Information:	Невозможно разрешить удаленное имя: 'vko.dmed.kz'
29.08.2026 16:26:55	Information:	Error in Monitoring. Driver Ping w9LjvpRCyoByGV3Lzv0iX9dSI0tLK0uV+pRojL1kufc=
29.08.2026 16:26:55	Information:	Невозможно разрешить удаленное имя: 'vko.dmed.kz'
29.08.2026 16:28:55	Information:	url https://lab-vko.dmed.kz/ /api/DriverManager/PingDevice
29.08.2026 16:28:55	Information:	{
"Hash": "w9LjvpRCyoByGV3Lzv0iX9dSI0tLK0uV+pRojL1kufc=",
"Status": 0
}


29.08.2026 16:28:55	Information:	Ping ret is {"Status":0,"Comment":null}
29.08.2026 16:30:56	Information:	url https://lab-vko.dmed.kz/ /api/DriverManager/PingDevice
29.08.2026 16:30:56	Information:	{
"Hash": "w9LjvpRCyoByGV3Lzv0iX9dSI0tLK0uV+pRojL1kufc=",
"Status": 0
}


29.08.2026 16:30:56	Information:	Ping ret is {"Status":0,"Comment":null}
29.08.2026 16:32:57	Information:	url https://lab-vko.dmed.kz/ /api/DriverManager/PingDevice
29.08.2026 16:32:57	Information:	{
"Hash": "w9LjvpRCyoByGV3Lzv0iX9dSI0tLK0uV+pRojL1kufc=",
"Status": 0
}


29.08.2026 16:32:57	Information:	Ping ret is {"Status":0,"Comment":null}
29.08.2026 16:34:57	Information:	url https://lab-vko.dmed.kz/ /api/DriverManager/PingDevice
29.08.2026 16:34:57	Information:	{
"Hash": "w9LjvpRCyoByGV3Lzv0iX9dSI0tLK0uV+pRojL1kufc=",
"Status": 0
}


29.08.2026 16:34:57	Information:	Ping ret is {"Status":0,"Comment":null}
29.08.2026 16:36:58	Information:	url https://lab-vko.dmed.kz/ /api/DriverManager/PingDevice
29.08.2026 16:36:58	Information:	{
"Hash": "w9LjvpRCyoByGV3Lzv0iX9dSI0tLK0uV+pRojL1kufc=",
"Status": 0
}


29.08.2026 16:36:58	Information:	Ping ret is {"Status":0,"Comment":null}
29.08.2026 16:38:59	Information:	url https://lab-vko.dmed.kz/ /api/DriverManager/PingDevice
29.08.2026 16:38:59	Information:	{
"Hash": "w9LjvpRCyoByGV3Lzv0iX9dSI0tLK0uV+pRojL1kufc=",
"Status": 0
}


29.08.2026 16:38:59	Information:	Ping ret is {"Status":0,"Comment":null}
29.08.2026 16:40:59	Information:	url https://lab-vko.dmed.kz/ /api/DriverManager/PingDevice
29.08.2026 16:40:59	Information:	{
"Hash": "w9LjvpRCyoByGV3Lzv0iX9dSI0tLK0uV+pRojL1kufc=",
"Status": 0
}


29.08.2026 16:40:59	Information:	Ping ret is {"Status":0,"Comment":null}
29.08.2026 16:43:00	Information:	url https://lab-vko.dmed.kz/ /api/DriverManager/PingDevice
29.08.2026 16:43:00	Information:	{
"Hash": "w9LjvpRCyoByGV3Lzv0iX9dSI0tLK0uV+pRojL1kufc=",
"Status": 0
}


29.08.2026 16:43:00	Information:	Ping ret is {"Status":0,"Comment":null}
29.08.2026 16:45:01	Information:	url https://lab-vko.dmed.kz/ /api/DriverManager/PingDevice
29.08.2026 16:45:01	Information:	{
"Hash": "w9LjvpRCyoByGV3Lzv0iX9dSI0tLK0uV+pRojL1kufc=",
"Status": 0
}


29.08.2026 16:45:01	Information:	Ping ret is {"Status":0,"Comment":null}
29.08.2026 16:47:01	Information:	url https://lab-vko.dmed.kz/ /api/DriverManager/PingDevice
29.08.2026 16:47:01	Information:	{
"Hash": "w9LjvpRCyoByGV3Lzv0iX9dSI0tLK0uV+pRojL1kufc=",
"Status": 0
}


29.08.2026 16:47:01	Information:	Ping ret is {"Status":0,"Comment":null}
29.08.2026 16:49:02	Information:	url https://lab-vko.dmed.kz/ /api/DriverManager/PingDevice
29.08.2026 16:49:02	Information:	{
"Hash": "w9LjvpRCyoByGV3Lzv0iX9dSI0tLK0uV+pRojL1kufc=",
"Status": 0
}


29.08.2026 16:49:02	Information:	Ping ret is {"Status":0,"Comment":null}
29.08.2026 16:51:02	Information:	url https://lab-vko.dmed.kz/ /api/DriverManager/PingDevice
29.08.2026 16:51:02	Information:	{
"Hash": "w9LjvpRCyoByGV3Lzv0iX9dSI0tLK0uV+pRojL1kufc=",
"Status": 0
}


29.08.2026 16:51:02	Information:	Ping ret is {"Status":0,"Comment":null}
29.08.2026 16:53:03	Information:	url https://lab-vko.dmed.kz/ /api/DriverManager/PingDevice
29.08.2026 16:53:03	Information:	{
"Hash": "w9LjvpRCyoByGV3Lzv0iX9dSI0tLK0uV+pRojL1kufc=",
"Status": 0
}


29.08.2026 16:53:03	Information:	Ping ret is {"Status":0,"Comment":null}
29.08.2026 16:55:04	Information:	url https://lab-vko.dmed.kz/ /api/DriverManager/PingDevice
29.08.2026 16:55:04	Information:	{
"Hash": "w9LjvpRCyoByGV3Lzv0iX9dSI0tLK0uV+pRojL1kufc=",
"Status": 0
}


29.08.2026 16:55:04	Information:	Ping ret is {"Status":0,"Comment":null}
29.08.2026 16:57:04	Information:	url https://lab-vko.dmed.kz/ /api/DriverManager/PingDevice
29.08.2026 16:57:04	Information:	{
"Hash": "w9LjvpRCyoByGV3Lzv0iX9dSI0tLK0uV+pRojL1kufc=",
"Status": 0
}


29.08.2026 16:57:04	Information:	Ping ret is {"Status":0,"Comment":null}
29.08.2026 16:59:05	Information:	url https://lab-vko.dmed.kz/ /api/DriverManager/PingDevice
29.08.2026 16:59:05	Information:	{
"Hash": "w9LjvpRCyoByGV3Lzv0iX9dSI0tLK0uV+pRojL1kufc=",
"Status": 0
}


29.08.2026 16:59:05	Information:	Ping ret is {"Status":0,"Comment":null}
29.08.2026 17:01:06	Information:	url https://lab-vko.dmed.kz/ /api/DriverManager/PingDevice
29.08.2026 17:01:06	Information:	{
"Hash": "w9LjvpRCyoByGV3Lzv0iX9dSI0tLK0uV+pRojL1kufc=",
"Status": 0
}


29.08.2026 17:01:06	Information:	Ping ret is {"Status":0,"Comment":null}
29.08.2026 17:03:06	Information:	url https://lab-vko.dmed.kz/ /api/DriverManager/PingDevice
29.08.2026 17:03:06	Information:	{
"Hash": "w9LjvpRCyoByGV3Lzv0iX9dSI0tLK0uV+pRojL1kufc=",
"Status": 0
}


29.08.2026 17:03:06	Information:	Ping ret is {"Status":0,"Comment":null}
29.08.2026 17:05:07	Information:	url https://lab-vko.dmed.kz/ /api/DriverManager/PingDevice
29.08.2026 17:05:07	Information:	{
"Hash": "w9LjvpRCyoByGV3Lzv0iX9dSI0tLK0uV+pRojL1kufc=",
"Status": 0
}


29.08.2026 17:05:07	Information:	Ping ret is {"Status":0,"Comment":null}
29.08.2026 17:07:07	Information:	url https://lab-vko.dmed.kz/ /api/DriverManager/PingDevice
29.08.2026 17:07:07	Information:	{
"Hash": "w9LjvpRCyoByGV3Lzv0iX9dSI0tLK0uV+pRojL1kufc=",
"Status": 0
}


29.08.2026 17:07:07	Information:	Ping ret is {"Status":0,"Comment":null}
29.08.2026 17:09:08	Information:	url https://lab-vko.dmed.kz/ /api/DriverManager/PingDevice
29.08.2026 17:09:08	Information:	{
"Hash": "w9LjvpRCyoByGV3Lzv0iX9dSI0tLK0uV+pRojL1kufc=",
"Status": 0
}


29.08.2026 17:09:08	Information:	Ping ret is {"Status":0,"Comment":null}
29.08.2026 17:11:09	Information:	url https://lab-vko.dmed.kz/ /api/DriverManager/PingDevice
29.08.2026 17:11:09	Information:	{
"Hash": "w9LjvpRCyoByGV3Lzv0iX9dSI0tLK0uV+pRojL1kufc=",
"Status": 0
}


29.08.2026 17:11:09	Information:	Ping ret is {"Status":0,"Comment":null}
29.08.2026 17:13:09	Information:	url https://lab-vko.dmed.kz/ /api/DriverManager/PingDevice
29.08.2026 17:13:09	Information:	{
"Hash": "w9LjvpRCyoByGV3Lzv0iX9dSI0tLK0uV+pRojL1kufc=",
"Status": 0
}


29.08.2026 17:13:09	Information:	Ping ret is {"Status":0,"Comment":null}
29.08.2026 17:15:10	Information:	url https://lab-vko.dmed.kz/ /api/DriverManager/PingDevice
29.08.2026 17:15:10	Information:	{
"Hash": "w9LjvpRCyoByGV3Lzv0iX9dSI0tLK0uV+pRojL1kufc=",
"Status": 0
}


29.08.2026 17:15:10	Information:	Ping ret is {"Status":0,"Comment":null}
29.08.2026 17:17:11	Information:	url https://lab-vko.dmed.kz/ /api/DriverManager/PingDevice
29.08.2026 17:17:11	Information:	{
"Hash": "w9LjvpRCyoByGV3Lzv0iX9dSI0tLK0uV+pRojL1kufc=",
"Status": 0
}


29.08.2026 17:17:11	Information:	Ping ret is {"Status":0,"Comment":null}
29.08.2026 17:19:11	Information:	url https://lab-vko.dmed.kz/ /api/DriverManager/PingDevice
29.08.2026 17:19:11	Information:	{
"Hash": "w9LjvpRCyoByGV3Lzv0iX9dSI0tLK0uV+pRojL1kufc=",
"Status": 0
}


29.08.2026 17:19:11	Information:	Ping ret is {"Status":0,"Comment":null}
29.08.2026 17:21:12	Information:	url https://lab-vko.dmed.kz/ /api/DriverManager/PingDevice
29.08.2026 17:21:12	Information:	{
"Hash": "w9LjvpRCyoByGV3Lzv0iX9dSI0tLK0uV+pRojL1kufc=",
"Status": 0
}


29.08.2026 17:21:12	Information:	Ping ret is {"Status":0,"Comment":null}
29.08.2026 17:23:13	Information:	url https://lab-vko.dmed.kz/ /api/DriverManager/PingDevice
29.08.2026 17:23:13	Information:	{
"Hash": "w9LjvpRCyoByGV3Lzv0iX9dSI0tLK0uV+pRojL1kufc=",
"Status": 0
}


29.08.2026 17:23:13	Information:	Ping ret is {"Status":0,"Comment":null}
29.08.2026 17:25:13	Information:	url https://lab-vko.dmed.kz/ /api/DriverManager/PingDevice
29.08.2026 17:25:13	Information:	{
"Hash": "w9LjvpRCyoByGV3Lzv0iX9dSI0tLK0uV+pRojL1kufc=",
"Status": 0
}


29.08.2026 17:25:13	Information:	Ping ret is {"Status":0,"Comment":null}
29.08.2026 17:27:14	Information:	url https://lab-vko.dmed.kz/ /api/DriverManager/PingDevice
29.08.2026 17:27:14	Information:	{
"Hash": "w9LjvpRCyoByGV3Lzv0iX9dSI0tLK0uV+pRojL1kufc=",
"Status": 0
}


29.08.2026 17:27:14	Information:	Ping ret is {"Status":0,"Comment":null}
29.08.2026 17:29:15	Information:	url https://lab-vko.dmed.kz/ /api/DriverManager/PingDevice
29.08.2026 17:29:15	Information:	{
"Hash": "w9LjvpRCyoByGV3Lzv0iX9dSI0tLK0uV+pRojL1kufc=",
"Status": 0
}


29.08.2026 17:29:15	Information:	Ping ret is {"Status":0,"Comment":null}
29.08.2026 17:31:15	Information:	url https://lab-vko.dmed.kz/ /api/DriverManager/PingDevice
29.08.2026 17:31:15	Information:	{
"Hash": "w9LjvpRCyoByGV3Lzv0iX9dSI0tLK0uV+pRojL1kufc=",
"Status": 0
}


29.08.2026 17:31:15	Information:	Ping ret is {"Status":0,"Comment":null}
29.08.2026 17:33:16	Information:	url https://lab-vko.dmed.kz/ /api/DriverManager/PingDevice
29.08.2026 17:33:16	Information:	{
"Hash": "w9LjvpRCyoByGV3Lzv0iX9dSI0tLK0uV+pRojL1kufc=",
"Status": 0
}


29.08.2026 17:33:16	Information:	Ping ret is {"Status":0,"Comment":null}
29.08.2026 17:35:17	Information:	url https://lab-vko.dmed.kz/ /api/DriverManager/PingDevice
29.08.2026 17:35:17	Information:	{
"Hash": "w9LjvpRCyoByGV3Lzv0iX9dSI0tLK0uV+pRojL1kufc=",
"Status": 0
}


29.08.2026 17:35:17	Information:	Ping ret is {"Status":0,"Comment":null}
29.08.2026 17:37:17	Information:	url https://lab-vko.dmed.kz/ /api/DriverManager/PingDevice
29.08.2026 17:37:17	Information:	{
"Hash": "w9LjvpRCyoByGV3Lzv0iX9dSI0tLK0uV+pRojL1kufc=",
"Status": 0
}


29.08.2026 17:37:17	Information:	Ping ret is {"Status":0,"Comment":null}
29.08.2026 17:39:18	Information:	url https://lab-vko.dmed.kz/ /api/DriverManager/PingDevice
29.08.2026 17:39:18	Information:	{
"Hash": "w9LjvpRCyoByGV3Lzv0iX9dSI0tLK0uV+pRojL1kufc=",
"Status": 0
}


29.08.2026 17:39:18	Information:	Ping ret is {"Status":0,"Comment":null}
29.08.2026 17:41:18	Information:	url https://lab-vko.dmed.kz/ /api/DriverManager/PingDevice
29.08.2026 17:41:18	Information:	{
"Hash": "w9LjvpRCyoByGV3Lzv0iX9dSI0tLK0uV+pRojL1kufc=",
"Status": 0
}


29.08.2026 17:41:18	Information:	Ping ret is {"Status":0,"Comment":null}
29.08.2026 17:43:19	Information:	url https://lab-vko.dmed.kz/ /api/DriverManager/PingDevice
29.08.2026 17:43:19	Information:	{
"Hash": "w9LjvpRCyoByGV3Lzv0iX9dSI0tLK0uV+pRojL1kufc=",
"Status": 0
}


29.08.2026 17:43:19	Information:	Ping ret is {"Status":0,"Comment":null}
29.08.2026 17:45:20	Information:	url https://lab-vko.dmed.kz/ /api/DriverManager/PingDevice
29.08.2026 17:45:20	Information:	{
"Hash": "w9LjvpRCyoByGV3Lzv0iX9dSI0tLK0uV+pRojL1kufc=",
"Status": 0
}


29.08.2026 17:45:20	Information:	Ping ret is {"Status":0,"Comment":null}
29.08.2026 17:47:21	Information:	url https://lab-vko.dmed.kz/ /api/DriverManager/PingDevice
29.08.2026 17:47:21	Information:	{
"Hash": "w9LjvpRCyoByGV3Lzv0iX9dSI0tLK0uV+pRojL1kufc=",
"Status": 0
}


29.08.2026 17:47:21	Information:	Ping ret is {"Status":0,"Comment":null}
29.08.2026 17:49:21	Information:	url https://lab-vko.dmed.kz/ /api/DriverManager/PingDevice
29.08.2026 17:49:21	Information:	{
"Hash": "w9LjvpRCyoByGV3Lzv0iX9dSI0tLK0uV+pRojL1kufc=",
"Status": 0
}


29.08.2026 17:49:21	Information:	Ping ret is {"Status":0,"Comment":null}
29.08.2026 17:51:22	Information:	url https://lab-vko.dmed.kz/ /api/DriverManager/PingDevice
29.08.2026 17:51:22	Information:	{
"Hash": "w9LjvpRCyoByGV3Lzv0iX9dSI0tLK0uV+pRojL1kufc=",
"Status": 0
}


29.08.2026 17:51:22	Information:	Ping ret is {"Status":0,"Comment":null}
29.08.2026 17:53:23	Information:	url https://lab-vko.dmed.kz/ /api/DriverManager/PingDevice
29.08.2026 17:53:23	Information:	{
"Hash": "w9LjvpRCyoByGV3Lzv0iX9dSI0tLK0uV+pRojL1kufc=",
"Status": 0
}


29.08.2026 17:53:23	Information:	Ping ret is {"Status":0,"Comment":null}
29.08.2026 17:55:24	Information:	url https://lab-vko.dmed.kz/ /api/DriverManager/PingDevice
29.08.2026 17:55:24	Information:	{
"Hash": "w9LjvpRCyoByGV3Lzv0iX9dSI0tLK0uV+pRojL1kufc=",
"Status": 0
}


29.08.2026 17:55:24	Information:	Ping ret is {"Status":0,"Comment":null}
29.08.2026 17:57:24	Information:	url https://lab-vko.dmed.kz/ /api/DriverManager/PingDevice
29.08.2026 17:57:24	Information:	{
"Hash": "w9LjvpRCyoByGV3Lzv0iX9dSI0tLK0uV+pRojL1kufc=",
"Status": 0
}


29.08.2026 17:57:24	Information:	Ping ret is {"Status":0,"Comment":null}
29.08.2026 17:59:25	Information:	url https://lab-vko.dmed.kz/ /api/DriverManager/PingDevice
29.08.2026 17:59:25	Information:	{
"Hash": "w9LjvpRCyoByGV3Lzv0iX9dSI0tLK0uV+pRojL1kufc=",
"Status": 0
}


29.08.2026 17:59:25	Information:	Ping ret is {"Status":0,"Comment":null}
29.08.2026 18:01:26	Information:	url https://lab-vko.dmed.kz/ /api/DriverManager/PingDevice
29.08.2026 18:01:26	Information:	{
"Hash": "w9LjvpRCyoByGV3Lzv0iX9dSI0tLK0uV+pRojL1kufc=",
"Status": 0
}


29.08.2026 18:01:26	Information:	Ping ret is {"Status":0,"Comment":null}
29.08.2026 18:03:27	Information:	url https://lab-vko.dmed.kz/ /api/DriverManager/PingDevice
29.08.2026 18:03:27	Information:	{
"Hash": "w9LjvpRCyoByGV3Lzv0iX9dSI0tLK0uV+pRojL1kufc=",
"Status": 0
}


29.08.2026 18:03:27	Information:	Ping ret is {"Status":0,"Comment":null}
29.08.2026 18:05:27	Information:	url https://lab-vko.dmed.kz/ /api/DriverManager/PingDevice
29.08.2026 18:05:27	Information:	{
"Hash": "w9LjvpRCyoByGV3Lzv0iX9dSI0tLK0uV+pRojL1kufc=",
"Status": 0
}


29.08.2026 18:05:27	Information:	Ping ret is {"Status":0,"Comment":null}
29.08.2026 18:07:28	Information:	url https://lab-vko.dmed.kz/ /api/DriverManager/PingDevice
29.08.2026 18:07:28	Information:	{
"Hash": "w9LjvpRCyoByGV3Lzv0iX9dSI0tLK0uV+pRojL1kufc=",
"Status": 0
}


29.08.2026 18:07:28	Information:	Ping ret is {"Status":0,"Comment":null}
29.08.2026 18:09:29	Information:	url https://lab-vko.dmed.kz/ /api/DriverManager/PingDevice
29.08.2026 18:09:29	Information:	{
"Hash": "w9LjvpRCyoByGV3Lzv0iX9dSI0tLK0uV+pRojL1kufc=",
"Status": 0
}


29.08.2026 18:09:29	Information:	Ping ret is {"Status":0,"Comment":null}
29.08.2026 18:11:29	Information:	url https://lab-vko.dmed.kz/ /api/DriverManager/PingDevice
29.08.2026 18:11:29	Information:	{
"Hash": "w9LjvpRCyoByGV3Lzv0iX9dSI0tLK0uV+pRojL1kufc=",
"Status": 0
}


29.08.2026 18:11:29	Information:	Ping ret is {"Status":0,"Comment":null}
29.08.2026 18:13:30	Information:	url https://lab-vko.dmed.kz/ /api/DriverManager/PingDevice
29.08.2026 18:13:30	Information:	{
"Hash": "w9LjvpRCyoByGV3Lzv0iX9dSI0tLK0uV+pRojL1kufc=",
"Status": 0
}


29.08.2026 18:13:30	Information:	Ping ret is {"Status":0,"Comment":null}
29.08.2026 18:15:31	Information:	url https://lab-vko.dmed.kz/ /api/DriverManager/PingDevice
29.08.2026 18:15:31	Information:	{
"Hash": "w9LjvpRCyoByGV3Lzv0iX9dSI0tLK0uV+pRojL1kufc=",
"Status": 0
}


29.08.2026 18:15:31	Information:	Ping ret is {"Status":0,"Comment":null}
29.08.2026 18:17:31	Information:	url https://lab-vko.dmed.kz/ /api/DriverManager/PingDevice
29.08.2026 18:17:31	Information:	{
"Hash": "w9LjvpRCyoByGV3Lzv0iX9dSI0tLK0uV+pRojL1kufc=",
"Status": 0
}


29.08.2026 18:17:31	Information:	Ping ret is {"Status":0,"Comment":null}
29.08.2026 18:19:32	Information:	url https://lab-vko.dmed.kz/ /api/DriverManager/PingDevice
29.08.2026 18:19:32	Information:	{
"Hash": "w9LjvpRCyoByGV3Lzv0iX9dSI0tLK0uV+pRojL1kufc=",
"Status": 0
}


29.08.2026 18:19:32	Information:	Ping ret is {"Status":0,"Comment":null}
29.08.2026 18:21:33	Information:	url https://lab-vko.dmed.kz/ /api/DriverManager/PingDevice
29.08.2026 18:21:33	Information:	{
"Hash": "w9LjvpRCyoByGV3Lzv0iX9dSI0tLK0uV+pRojL1kufc=",
"Status": 0
}


29.08.2026 18:21:33	Information:	Ping ret is {"Status":0,"Comment":null}
29.08.2026 18:23:33	Information:	url https://lab-vko.dmed.kz/ /api/DriverManager/PingDevice
29.08.2026 18:23:33	Information:	{
"Hash": "w9LjvpRCyoByGV3Lzv0iX9dSI0tLK0uV+pRojL1kufc=",
"Status": 0
}


29.08.2026 18:23:33	Information:	Ping ret is {"Status":0,"Comment":null}
29.08.2026 18:25:34	Information:	url https://lab-vko.dmed.kz/ /api/DriverManager/PingDevice
29.08.2026 18:25:34	Information:	{
"Hash": "w9LjvpRCyoByGV3Lzv0iX9dSI0tLK0uV+pRojL1kufc=",
"Status": 0
}


29.08.2026 18:25:34	Information:	Ping ret is {"Status":0,"Comment":null}
29.08.2026 18:27:34	Information:	url https://lab-vko.dmed.kz/ /api/DriverManager/PingDevice
29.08.2026 18:27:34	Information:	{
"Hash": "w9LjvpRCyoByGV3Lzv0iX9dSI0tLK0uV+pRojL1kufc=",
"Status": 0
}


29.08.2026 18:27:34	Information:	Ping ret is {"Status":0,"Comment":null}
29.08.2026 18:29:35	Information:	url https://lab-vko.dmed.kz/ /api/DriverManager/PingDevice
29.08.2026 18:29:35	Information:	{
"Hash": "w9LjvpRCyoByGV3Lzv0iX9dSI0tLK0uV+pRojL1kufc=",
"Status": 0
}


29.08.2026 18:29:35	Information:	Ping ret is {"Status":0,"Comment":null}
29.08.2026 18:31:35	Information:	url https://lab-vko.dmed.kz/ /api/DriverManager/PingDevice
29.08.2026 18:31:35	Information:	{
"Hash": "w9LjvpRCyoByGV3Lzv0iX9dSI0tLK0uV+pRojL1kufc=",
"Status": 0
}


29.08.2026 18:31:35	Information:	Ping ret is {"Status":0,"Comment":null}
29.08.2026 18:33:36	Information:	url https://lab-vko.dmed.kz/ /api/DriverManager/PingDevice
29.08.2026 18:33:36	Information:	{
"Hash": "w9LjvpRCyoByGV3Lzv0iX9dSI0tLK0uV+pRojL1kufc=",
"Status": 0
}


29.08.2026 18:33:36	Information:	Ping ret is {"Status":0,"Comment":null}
29.08.2026 18:35:36	Information:	url https://lab-vko.dmed.kz/ /api/DriverManager/PingDevice
29.08.2026 18:35:36	Information:	{
"Hash": "w9LjvpRCyoByGV3Lzv0iX9dSI0tLK0uV+pRojL1kufc=",
"Status": 0
}


29.08.2026 18:35:36	Information:	Ping ret is {"Status":0,"Comment":null}
29.08.2026 18:37:37	Information:	url https://lab-vko.dmed.kz/ /api/DriverManager/PingDevice
29.08.2026 18:37:37	Information:	{
"Hash": "w9LjvpRCyoByGV3Lzv0iX9dSI0tLK0uV+pRojL1kufc=",
"Status": 0
}


29.08.2026 18:37:37	Information:	Ping ret is {"Status":0,"Comment":null}
29.08.2026 18:39:37	Information:	url https://lab-vko.dmed.kz/ /api/DriverManager/PingDevice
29.08.2026 18:39:37	Information:	{
"Hash": "w9LjvpRCyoByGV3Lzv0iX9dSI0tLK0uV+pRojL1kufc=",
"Status": 0
}


29.08.2026 18:39:37	Information:	Ping ret is {"Status":0,"Comment":null}
29.08.2026 18:41:38	Information:	url https://lab-vko.dmed.kz/ /api/DriverManager/PingDevice
29.08.2026 18:41:38	Information:	{
"Hash": "w9LjvpRCyoByGV3Lzv0iX9dSI0tLK0uV+pRojL1kufc=",
"Status": 0
}


29.08.2026 18:41:38	Information:	Ping ret is {"Status":0,"Comment":null}
29.08.2026 18:43:38	Information:	url https://lab-vko.dmed.kz/ /api/DriverManager/PingDevice
29.08.2026 18:43:38	Information:	{
"Hash": "w9LjvpRCyoByGV3Lzv0iX9dSI0tLK0uV+pRojL1kufc=",
"Status": 0
}


29.08.2026 18:43:38	Information:	Ping ret is {"Status":0,"Comment":null}
29.08.2026 18:44:24	Information:	Received bytes(encoded):MSH|^~\&|||||20260829184327||ORU^R01|1|P|2.3.1||||0||ASCII|||PID|1|||||||O|||||||||||||||||||||||OBR|1|51566144|7|^|N|20260829182003|20260829181926|20260829181926||1^7||||20260829181926|?????|||||||||||||||||||||||||||||||||OBX|1|NM|Glu-G|Glucose (GOD-POD Method)|4.674814|mmol/L|-|N|||F||4.674814|20260829184227|||0|RGTE|OBX|2|NM|T-Bil-V|Bilirubin Total (VOX Method)|18.902378|?mol/L|-|N|||F||18.902378|20260829184229|||0||OBX|3|NM|D-Bil-V|Bilirubin Direct (VOX Method)|6.237152|?mol/L|-|N|||F||6.237152|20260829184244|||0||OBX|4|NM|ALT|Alanine Aminotransferase|6.363885|U/L|-|N|||F||6.363885|20260829184057|||0||OBX|5|NM|AST|Aspartate Aminotransferase|16.755072|U/L|-|N|||F||16.755072|20260829184112|||0||OBX|6|NM|CRP|C-Reactive Protein|23.160973|mg/L|-|N|||F||23.160973|20260829184327|||0||OBX|7|NM|TP|Total Protein|73.019338|g/L|-|N|||F||73.019338|20260829184259|||0||OBX|8|NM|AMY|?-Amylase|61.710298|U/L|-|N|||F||61.710298|20260829184257|||0||OBX|9|NM|CREA-S|Creatinine (Sarcosine Oxidase Method)|71.127975|
29.08.2026 18:44:24	Information:	Add Frame:
29.08.2026 18:44:24	Information:	MSH|^~\&|||||20260829184327||ORU^R01|1|P|2.3.1||||0||ASCII|||
29.08.2026 18:44:24	Information:	In Header
29.08.2026 18:44:24	Information:	MessageType: ORU
29.08.2026 18:44:24	Information:	After message type
29.08.2026 18:44:24	Information:	After ask
29.08.2026 18:44:24	Information:	After version
29.08.2026 18:44:24	Information:	Add Frame:
29.08.2026 18:44:24	Information:	PID|1|||||||O|||||||||||||||||||||||
29.08.2026 18:44:24	Information:	Add Frame:
29.08.2026 18:44:24	Information:	OBR|1|51566144|7|^|N|20260829182003|20260829181926|20260829181926||1^7||||20260829181926|?????|||||||||||||||||||||||||||||||||
29.08.2026 18:44:24	Information:	Add Frame:
29.08.2026 18:44:24	Information:	OBX|1|NM|Glu-G|Glucose (GOD-POD Method)|4.674814|mmol/L|-|N|||F||4.674814|20260829184227|||0|RGTE|
29.08.2026 18:44:24	Information:	Add Frame:
29.08.2026 18:44:24	Information:	OBX|2|NM|T-Bil-V|Bilirubin Total (VOX Method)|18.902378|?mol/L|-|N|||F||18.902378|20260829184229|||0||
29.08.2026 18:44:24	Information:	Add Frame:
29.08.2026 18:44:24	Information:	OBX|3|NM|D-Bil-V|Bilirubin Direct (VOX Method)|6.237152|?mol/L|-|N|||F||6.237152|20260829184244|||0||
29.08.2026 18:44:24	Information:	Add Frame:
29.08.2026 18:44:24	Information:	OBX|4|NM|ALT|Alanine Aminotransferase|6.363885|U/L|-|N|||F||6.363885|20260829184057|||0||
29.08.2026 18:44:24	Information:	Add Frame:
29.08.2026 18:44:24	Information:	OBX|5|NM|AST|Aspartate Aminotransferase|16.755072|U/L|-|N|||F||16.755072|20260829184112|||0||
29.08.2026 18:44:24	Information:	Add Frame:
29.08.2026 18:44:24	Information:	OBX|6|NM|CRP|C-Reactive Protein|23.160973|mg/L|-|N|||F||23.160973|20260829184327|||0||
29.08.2026 18:44:24	Information:	Add Frame:
29.08.2026 18:44:24	Information:	OBX|7|NM|TP|Total Protein|73.019338|g/L|-|N|||F||73.019338|20260829184259|||0||
29.08.2026 18:44:24	Information:	Add Frame:
29.08.2026 18:44:24	Information:	OBX|8|NM|AMY|?-Amylase|61.710298|U/L|-|N|||F||61.710298|20260829184257|||0||
29.08.2026 18:44:24	Information:	Received bytes(encoded):?mol/L|-|N|||F||71.127975|20260829184257|||0||OBX|10|NM|UREA|Urea|2.855812|mmol/L|-|N|||F||2.855812|20260829184142|||0||OBX|11|NM||AST/ALT|2.625000||-|N|||F||2.625000||||||
29.08.2026 18:44:24	Information:	Add Frame:
29.08.2026 18:44:24	Information:	OBX|9|NM|CREA-S|Creatinine (Sarcosine Oxidase Method)|71.127975|?mol/L|-|N|||F||71.127975|20260829184257|||0||
29.08.2026 18:44:24	Information:	Add Frame:
29.08.2026 18:44:24	Information:	OBX|10|NM|UREA|Urea|2.855812|mmol/L|-|N|||F||2.855812|20260829184142|||0||
29.08.2026 18:44:24	Information:	Add Frame:
29.08.2026 18:44:24	Information:	OBX|11|NM||AST/ALT|2.625000||-|N|||F||2.625000||||||
29.08.2026 18:44:24	Information:	Add Frame:
29.08.2026 18:44:24	Information:	
29.08.2026 18:44:24	Debug:	read message: 4ms
29.08.2026 18:44:24	Information:	The answer message is created successfully
29.08.2026 18:44:24	Information:	Sending answer...
29.08.2026 18:44:24	Information:	We are in ORU Message
29.08.2026 18:44:24	Information:	MSH MSH|^~\&|||||20260829184327||ORU^R01|1|P|2.3.1||||0||ASCII||||
29.08.2026 18:44:24	Information:	PID PID|1|||||||O||||||||||||||||||||||||
29.08.2026 18:44:24	Information:	PatientRecord in message is successfully  processed
29.08.2026 18:44:24	Information:	The patient order is successfully processed
29.08.2026 18:44:24	Information:	The order record is successfully processed
29.08.2026 18:44:24	Information:	The order record is successfully processed
29.08.2026 18:44:24	Information:	The order record is successfully processed
29.08.2026 18:44:24	Information:	The order record is successfully processed
29.08.2026 18:44:24	Information:	The order record is successfully processed
29.08.2026 18:44:24	Information:	The order record is successfully processed
29.08.2026 18:44:24	Information:	The order record is successfully processed
29.08.2026 18:44:24	Information:	The order record is successfully processed
29.08.2026 18:44:24	Information:	The order record is successfully processed
29.08.2026 18:44:24	Information:	The order record is successfully processed
29.08.2026 18:44:24	Information:	The order record is successfully processed
29.08.2026 18:44:24	Information:	The ORU message is successfully processed
29.08.2026 18:44:24	Debug:	Process message: 53ms
29.08.2026 18:44:24	Debug:	Total time : 62ms
29.08.2026 18:44:25	Information:	Sended bytes:  11 77 83 72 124 94 126 92 38 124 77 105 110 100 114 97 121 124 124 124 124 50 48 50 54 48 56 50 57 49 56 52 52 50 52 124 124 65 67 75 94 82 48 49 124 49 124 80 124 50 46 51 46 49 124 124 124 124 48 124 124 117 115 45 97 115 99 105 105 124 124 124 13 77 83 65 124 65 65 124 49 124 77 101 115 115 97 103 101 32 97 99 99 101 112 116 101 100 124 124 124 48 124 13 28 13
29.08.2026 18:44:25	Information:	Sended string MSH|^~\&|Mindray||||20260829184424||ACK^R01|1|P|2.3.1||||0||us-ascii|||MSA|AA|1|Message accepted|||0|
29.08.2026 18:44:26	Debug:	SendResults:	check DriverRequests=	13	ms
29.08.2026 18:44:26	Information:	ByBarcode 51566144
29.08.2026 18:44:27	Information:	GetLinesByBarcodes
29.08.2026 18:44:27	Information:	{
"WorkPlaceID": 20747,
"BeginDate": "2026-05-30",
"EndDate": "2026-08-30",
"OrderNumber": "51566144",
"Offset": 0,
"Limit": 1
}


29.08.2026 18:44:27	Information:	GetByBarcodeReturn: 
29.08.2026 18:44:27	Information:	{"Data":[{"ID":31119844,"StrID":"31119844","OrderNumber":"51566144","OrderRegDate":"2026-08-29T18:11:17.107","PlanExecutionDate":"2026-08-29T18:10:00","SenderMoID":45500000000000909,"SenderMo":{"NameRU":"Некоммерческое акционерное общество \"Медицинский университет Семей\"","NameKZ":"\"Семей медицина университеті\" коммерциялық емес акционерлік қоғамы","Name":"Некоммерческое акционерное общество \"Медицинский университет Семей\"","ShortNameRU":"НАО \"МУС\"","ShortNameKZ":"\"СМУ\" КеАҚ","ShortName":"НАО \"МУС\"","PublicCode":"237J","AddressRU":"ВКО, г. Семей, ул. Абая Кунанбаева 103","AddressKZ":"ВКО, г. Семей, ул. Абая Кунанбаева 103","Address":"ВКО, г. Семей, ул. Абая Кунанбаева 103","OriginalID":"45500000000000909","IsWork":true,"RegionID":20,"BIN":"190240004938","MasterDataID":4911,"PhonesData":{"OrgHealthCarePhones":[]},"IsPostmortem":false,"IsHospital":true,"Code":null,"ID":"45500000000000909","StrID":"45500000000000909"},"ReceiverMoID":45500000000000909,"ReceiverMo":null,"PatientDetailID":41029802,"PatientDetail":{"PersonID":"1670990","Person":{"IIN":"080916552852","LastName":"САБИХАН","FirstName":"ЕРАЛЫ","SecondName":"БАУЫРЖАНОВИЧ","FullName":"САБИХАН ЕРАЛЫ БАУЫРЖАНОВИЧ","FullNameIOF":"ЕРАЛЫ БАУЫРЖАНОВИЧ САБИХАН","DisplayText":"080916552852 ЕРАЛЫ БАУЫРЖАНОВИЧ САБИХАН 16.09.2008","IinFullName":"080916552852 - САБИХАН ЕРАЛЫ БАУЫРЖАНОВИЧ","BirthDate":"2008-09-16T00:00:00","BirthDateStr":"16.09.2008","DeathDate":null,"DeathDateStr":"","BioSexID":3,"BioSex":null,"NationalityID":null,"Nationality":null,"CitizenshipID":85,"Citizenship":null,"MasterDataID":8692857,"RpnID":"100000000139160","KmisID":"100000000139160","Type":1,"Age":0,"IsStillborn":false,"IsEarlyNeonatalDeathUp28days":false,"IsDeadPerson":false,"ID":"1670990","StrID":"1670990"},"AddressRU":"РЕСПУБЛИКА: Казахстан , ГОРОД РЕСП.ЗНАЧ.: Астана, РАЙОН ВНУТРИ ГОРОДА: ЕСИЛЬ, УЛИЦА: Кайым Мухамедханова , ДОМ: 37","AddressKZ":": Қазақстан , Астана респ. маңызы бар қаласы, ЕСІЛ қала iшiндегi ауданы, Қайым Мұхамедханов көшесі , YЙ: 37","Address":"РЕСПУБЛИКА: Казахстан , ГОРОД РЕСП.ЗНАЧ.: Астана, РАЙОН ВНУТРИ ГОРОДА: ЕСИЛЬ, УЛИЦА: Кайым Мухамедханова , ДОМ: 37","MasterDataAddressID":11166831,"WorkPlace":"КАЗУ ТБ астана 2 курс","WorkPosition":null,"DocumentNumber":null,"DocumentTypeID":null,"DocumentType":null,"NationalityID":null,"DocumentTypeName":null,"Phones":"+7 (777) 562-36-14","ExternalCardID":"5967546","CardType":1,"CardNumber":"66627","CitizenshipCategoryID":1,"CitizenshipCategory":null,"ResidenceTypeID":3,"ResidenceType":null,"MotherPersonID":null,"MotherPerson":null,"IsForeigner":false,"IsHomeless":false,"IsDeadPerson":false,"IsResident":true,"ID":"41029802","StrID":"41029802"},"Person":{"IIN":"080916552852","LastName":"САБИХАН","FirstName":"ЕРАЛЫ","SecondName":"БАУЫРЖАНОВИЧ","FullName":"САБИХАН ЕРАЛЫ БАУЫРЖАНОВИЧ","FullNameIOF":"ЕРАЛЫ БАУЫРЖАНОВИЧ САБИХАН","DisplayText":"080916552852 ЕРАЛЫ БАУЫРЖАНОВИЧ САБИХАН 16.09.2008","IinFullName":"080916552852 - САБИХАН ЕРАЛЫ БАУЫРЖАНОВИЧ","BirthDate":"2008-09-16T00:00:00","BirthDateStr":"16.09.2008","DeathDate":null,"DeathDateStr":"","BioSexID":3,"BioSex":null,"NationalityID":null,"Nationality":null,"CitizenshipID":85,"Citizenship":null,"MasterDataID":8692857,"RpnID":"100000000139160","KmisID":"100000000139160","Type":1,"Age":0,"IsStillborn":false,"IsEarlyNeonatalDeathUp28days":false,"IsDeadPerson":false,"ID":"1670990","StrID":"1670990"},"IsCito":true,"ExternalSystem":1,"OrderResultFileID":null,"OrderResultFileStorageID":null,"OrderResultDate":null,"Status":1,"DeleteDate":null,"ResultNotes":null,"Comment":"","ExternalOrderNumber":"51566144","ExaminationTypeID":null,"ExaminationType":null,"ExaminationIndicationID":null,"ExaminationIndication":null,"Uid":"590EA3C9-84E9-4BC7-8B1A-2782D551782B","SenderPostFullName":"ТӨЛЕУҒАЗИНОВ НҰРАЙДАР БАҚЫТБЕКҰЛЫ","SenderFuncStructureNameRU":"Отделение детской хирургии ","SenderFuncStructureNameKZ":"Хирургия бөлімі","IsSamplingOfMaterialsAtReceiver":false,"MisID":42118928,"Materials":[{"OrderID":31119844,"Uid":"85ae6402-390a-4fad-b4ec-356bd10f7686","MaterialNumber":"51566144","MaterialTypeID":363,"MaterialType":{"OrderBy":0,"ParentID":202,"HasChildren":false,"MasterDataID":489,"Parent":null,"NameRU":"Кровь венозная","NameKZ":"Кровь венозная","Name":"Кровь венозная","PublicCode":"36300","EndDate":null,"ID":"363","StrID":"363"},"TakeDate":"2026-08-29T18:11:00","TakeDateStr":"29.08.2026 18:11","TakePlace":"де,хир","RejectionReason":null,"RejectionTakenMeasures":null,"ReceiptDate":null,"ReceiptDateStr":null,"RejectionCreatePostID":null,"RejectionCreatePost":null,"SampleCollectorPostIIN":"730529400064","SampleCollectorPostID":null,"Researches":[],"RejectedMaterialImageID":null,"File":null,"ID":"31406434","StrID":"31406434"}],"Researches":[]}],"Total":1}
29.08.2026 18:44:27	Information:	OrderedWW 51566144 Biomat 0 Device 20747
29.08.2026 18:44:27	Information:	ResearchResult
29.08.2026 18:44:27	Information:	{
"OrderID": "31119844",
"WorkPlaceID": 20747
}


29.08.2026 18:44:27	Information:	[{"OrderResearchID":67066118,"OrderResearch":null,"ParameterID":200918,"Parameter":{"ShortNameRU":"общий белок в сыворотке крови","ShortNameKZ":"қан сарысуындағы жалпы ақуыз","ShortName":"общий белок в сыворотке крови","DataType":0,"DataTypeName":"Число","UnitTypeID":100012,"UnitType":{"OrderBy":13,"MasterDataID":null,"CDD_ID":null,"NameRU":"г/л","NameKZ":"г/л","Name":"г/л","PublicCode":"10001200","EndDate":null,"ID":"100012","StrID":"100012"},"MedicalFormID":null,"MasterDataID":0,"MedicalForm":null,"NameWithDataType":"общий белок в сыворотке крови  (Число)","NameRU":"общий белок в сыворотке крови","NameKZ":"қан сарысуындағы жалпы ақуыз","Name":"общий белок в сыворотке крови","PublicCode":"20091800","EndDate":null,"ID":"200918","StrID":"200918"},"ParameterValues":null,"ParameterValueID":null,"ParameterValue":null,"ResultText":null,"ResultValue":null,"ResultDate":"2026-08-29T18:44:28.6527122+05:00","PostID":"0","Post":null,"ExecuteMethod":2,"SourceResultText":null,"SourceResultValue":null,"SourceResultExpression":null,"SourceUnitTypeID":100012,"SourceUnitType":{"OrderBy":13,"MasterDataID":null,"CDD_ID":null,"NameRU":"г/л","NameKZ":"г/л","Name":"г/л","PublicCode":"10001200","EndDate":null,"ID":"100012","StrID":"100012"},"MultiplierID":null,"IsApproved":false,"IsValidated":false,"StandardMatchType":0,"ApproveDate":null,"ApprovePostID":null,"ApprovePost":null,"OrderNum":1,"WorkPlaceID":20747,"OrderID":null,"BacteriologyResult":null,"AnalyzerId":null,"IsOrderProductionControl":false,"ID":"0","StrID":"0"},{"OrderResearchID":67066122,"OrderResearch":null,"ParameterID":200357,"Parameter":{"ShortNameRU":"АЛаТ","ShortNameKZ":"АЛаТ","ShortName":"АЛаТ","DataType":0,"DataTypeName":"Число","UnitTypeID":100030,"UnitType":{"OrderBy":31,"MasterDataID":null,"CDD_ID":null,"NameRU":"МЕ/л","NameKZ":"ХБ/л","Name":"МЕ/л","PublicCode":"10003000","EndDate":null,"ID":"100030","StrID":"100030"},"MedicalFormID":null,"MasterDataID":0,"MedicalForm":null,"NameWithDataType":"АЛаТ  (Число)","NameRU":"АЛаТ","NameKZ":"АЛаТ","Name":"АЛаТ","PublicCode":"20035700","EndDate":null,"ID":"200357","StrID":"200357"},"ParameterValues":null,"ParameterValueID":null,"ParameterValue":null,"ResultText":null,"ResultValue":null,"ResultDate":"2026-08-29T18:44:28.6527122+05:00","PostID":"0","Post":null,"ExecuteMethod":2,"SourceResultText":null,"SourceResultValue":null,"SourceResultExpression":null,"SourceUnitTypeID":100030,"SourceUnitType":{"OrderBy":31,"MasterDataID":null,"CDD_ID":null,"NameRU":"МЕ/л","NameKZ":"ХБ/л","Name":"МЕ/л","PublicCode":"10003000","EndDate":null,"ID":"100030","StrID":"100030"},"MultiplierID":null,"IsApproved":false,"IsValidated":false,"StandardMatchType":0,"ApproveDate":null,"ApprovePostID":null,"ApprovePost":null,"OrderNum":1,"WorkPlaceID":20747,"OrderID":null,"BacteriologyResult":null,"AnalyzerId":null,"IsOrderProductionControl":false,"ID":"0","StrID":"0"},{"OrderResearchID":67066123,"OrderResearch":null,"ParameterID":201032,"Parameter":{"ShortNameRU":"прямой билирубин в сыворотке крови","ShortNameKZ":"қан сарысуындағы тікелей билирубин","ShortName":"прямой билирубин в сыворотке крови","DataType":0,"DataTypeName":"Число","UnitTypeID":100041,"UnitType":{"OrderBy":42,"MasterDataID":null,"CDD_ID":null,"NameRU":"мкмоль/л","NameKZ":"мкмоль/л","Name":"мкмоль/л","PublicCode":"10004100","EndDate":null,"ID":"100041","StrID":"100041"},"MedicalFormID":null,"MasterDataID":0,"MedicalForm":null,"NameWithDataType":"прямой билирубин в сыворотке крови  (Число)","NameRU":"прямой билирубин в сыворотке крови","NameKZ":"қан сарысуындағы тікелей билирубин","Name":"прямой билирубин в сыворотке крови","PublicCode":"20103200","EndDate":null,"ID":"201032","StrID":"201032"},"ParameterValues":null,"ParameterValueID":null,"ParameterValue":null,"ResultText":null,"ResultValue":null,"ResultDate":"2026-08-29T18:44:28.6527122+05:00","PostID":"0","Post":null,"ExecuteMethod":2,"SourceResultText":null,"SourceResultValue":null,"SourceResultExpression":null,"SourceUnitTypeID":100041,"SourceUnitType":{"OrderBy":42,"MasterDataID":null,"CDD_ID":null,"NameRU":"мкмоль/л","NameKZ":"мкмоль/л","Name":"мкмоль/л","PublicCode":"10004100","EndDate":null,"ID":"100041","StrID":"100041"},"MultiplierID":null,"IsApproved":false,"IsValidated":false,"StandardMatchType":0,"ApproveDate":null,"ApprovePostID":null,"ApprovePost":null,"OrderNum":1,"WorkPlaceID":20747,"OrderID":null,"BacteriologyResult":null,"AnalyzerId":null,"IsOrderProductionControl":false,"ID":"0","StrID":"0"},{"OrderResearchID":67066124,"OrderResearch":null,"ParameterID":200919,"Parameter":{"ShortNameRU":"общий билирубин в сыворотке крови","ShortNameKZ":"қан сарысуындағы жалпы билирубин","ShortName":"общий билирубин в сыворотке крови","DataType":0,"DataTypeName":"Число","UnitTypeID":100041,"UnitType":{"OrderBy":42,"MasterDataID":null,"CDD_ID":null,"NameRU":"мкмоль/л","NameKZ":"мкмоль/л","Name":"мкмоль/л","PublicCode":"10004100","EndDate":null,"ID":"100041","StrID":"100041"},"MedicalFormID":null,"MasterDataID":0,"MedicalForm":null,"NameWithDataType":"общий билирубин в сыворотке крови  (Число)","NameRU":"общий билирубин в сыворотке крови","NameKZ":"қан сарысуындағы жалпы билирубин","Name":"общий билирубин в сыворотке крови","PublicCode":"20091900","EndDate":null,"ID":"200919","StrID":"200919"},"ParameterValues":null,"ParameterValueID":null,"ParameterValue":null,"ResultText":null,"ResultValue":null,"ResultDate":"2026-08-29T18:44:28.6527122+05:00","PostID":"0","Post":null,"ExecuteMethod":2,"SourceResultText":null,"SourceResultValue":null,"SourceResultExpression":null,"SourceUnitTypeID":100041,"SourceUnitType":{"OrderBy":42,"MasterDataID":null,"CDD_ID":null,"NameRU":"мкмоль/л","NameKZ":"мкмоль/л","Name":"мкмоль/л","PublicCode":"10004100","EndDate":null,"ID":"100041","StrID":"100041"},"MultiplierID":null,"IsApproved":false,"IsValidated":false,"StandardMatchType":0,"ApproveDate":null,"ApprovePostID":null,"ApprovePost":null,"OrderNum":1,"WorkPlaceID":20747,"OrderID":null,"BacteriologyResult":null,"AnalyzerId":null,"IsOrderProductionControl":false,"ID":"0","StrID":"0"},{"OrderResearchID":67066125,"OrderResearch":null,"ParameterID":200408,"Parameter":{"ShortNameRU":"АСаТ","ShortNameKZ":"АСаТ","ShortName":"АСаТ","DataType":0,"DataTypeName":"Число","UnitTypeID":100030,"UnitType":{"OrderBy":31,"MasterDataID":null,"CDD_ID":null,"NameRU":"МЕ/л","NameKZ":"ХБ/л","Name":"МЕ/л","PublicCode":"10003000","EndDate":null,"ID":"100030","StrID":"100030"},"MedicalFormID":null,"MasterDataID":0,"MedicalForm":null,"NameWithDataType":"АСаТ  (Число)","NameRU":"АСаТ","NameKZ":"АСаТ","Name":"АСаТ","PublicCode":"20040800","EndDate":null,"ID":"200408","StrID":"200408"},"ParameterValues":null,"ParameterValueID":null,"ParameterValue":null,"ResultText":null,"ResultValue":null,"ResultDate":"2026-08-29T18:44:28.6527122+05:00","PostID":"0","Post":null,"ExecuteMethod":2,"SourceResultText":null,"SourceResultValue":null,"SourceResultExpression":null,"SourceUnitTypeID":100030,"SourceUnitType":{"OrderBy":31,"MasterDataID":null,"CDD_ID":null,"NameRU":"МЕ/л","NameKZ":"ХБ/л","Name":"МЕ/л","PublicCode":"10003000","EndDate":null,"ID":"100030","StrID":"100030"},"MultiplierID":null,"IsApproved":false,"IsValidated":false,"StandardMatchType":0,"ApproveDate":null,"ApprovePostID":null,"ApprovePost":null,"OrderNum":1,"WorkPlaceID":20747,"OrderID":null,"BacteriologyResult":null,"AnalyzerId":null,"IsOrderProductionControl":false,"ID":"0","StrID":"0"},{"OrderResearchID":67066119,"OrderResearch":null,"ParameterID":200549,"Parameter":{"ShortNameRU":"глюкоза в сыворотке крови","ShortNameKZ":"қан сарысуындағы глюкоза","ShortName":"глюкоза в сыворотке крови","DataType":0,"DataTypeName":"Число","UnitTypeID":100051,"UnitType":{"OrderBy":52,"MasterDataID":null,"CDD_ID":null,"NameRU":"ммоль/л","NameKZ":"ммоль/л","Name":"ммоль/л","PublicCode":"10005100","EndDate":null,"ID":"100051","StrID":"100051"},"MedicalFormID":null,"MasterDataID":0,"MedicalForm":null,"NameWithDataType":"глюкоза в сыворотке крови  (Число)","NameRU":"глюкоза в сыворотке крови","NameKZ":"қан сарысуындағы глюкоза","Name":"глюкоза в сыворотке крови","PublicCode":"20054900","EndDate":null,"ID":"200549","StrID":"200549"},"ParameterValues":null,"ParameterValueID":null,"ParameterValue":null,"ResultText":null,"ResultValue":null,"ResultDate":"2026-08-29T18:44:28.6527122+05:00","PostID":"0","Post":null,"ExecuteMethod":2,"SourceResultText":null,"SourceResultValue":null,"SourceResultExpression":null,"SourceUnitTypeID":100051,"SourceUnitType":{"OrderBy":52,"MasterDataID":null,"CDD_ID":null,"NameRU":"ммоль/л","NameKZ":"ммоль/л","Name":"ммоль/л","PublicCode":"10005100","EndDate":null,"ID":"100051","StrID":"100051"},"MultiplierID":null,"IsApproved":false,"IsValidated":false,"StandardMatchType":0,"ApproveDate":null,"ApprovePostID":null,"ApprovePost":null,"OrderNum":1,"WorkPlaceID":20747,"OrderID":null,"BacteriologyResult":null,"AnalyzerId":null,"IsOrderProductionControl":false,"ID":"0","StrID":"0"},{"OrderResearchID":67066121,"OrderResearch":null,"ParameterID":200852,"Parameter":{"ShortNameRU":"мочевина в сыворотке крови","ShortNameKZ":"қан сарысуындағы несепнәр","ShortName":"мочевина в сыворотке крови","DataType":0,"DataTypeName":"Число","UnitTypeID":100051,"UnitType":{"OrderBy":52,"MasterDataID":null,"CDD_ID":null,"NameRU":"ммоль/л","NameKZ":"ммоль/л","Name":"ммоль/л","PublicCode":"10005100","EndDate":null,"ID":"100051","StrID":"100051"},"MedicalFormID":null,"MasterDataID":0,"MedicalForm":null,"NameWithDataType":"мочевина в сыворотке крови  (Число)","NameRU":"мочевина в сыворотке крови","NameKZ":"қан сарысуындағы несепнәр","Name":"мочевина в сыворотке крови","PublicCode":"20085200","EndDate":null,"ID":"200852","StrID":"200852"},"ParameterValues":null,"ParameterValueID":null,"ParameterValue":null,"ResultText":null,"ResultValue":null,"ResultDate":"2026-08-29T18:44:28.6682154+05:00","PostID":"0","Post":null,"ExecuteMethod":2,"SourceResultText":null,"SourceResultValue":null,"SourceResultExpression":null,"SourceUnitTypeID":100051,"SourceUnitType":{"OrderBy":52,"MasterDataID":null,"CDD_ID":null,"NameRU":"ммоль/л","NameKZ":"ммоль/л","Name":"ммоль/л","PublicCode":"10005100","EndDate":null,"ID":"100051","StrID":"100051"},"MultiplierID":null,"IsApproved":false,"IsValidated":false,"StandardMatchType":0,"ApproveDate":null,"ApprovePostID":null,"ApprovePost":null,"OrderNum":1,"WorkPlaceID":20747,"OrderID":null,"BacteriologyResult":null,"AnalyzerId":null,"IsOrderProductionControl":false,"ID":"0","StrID":"0"},{"OrderResearchID":67066120,"OrderResearch":null,"ParameterID":200744,"Parameter":{"ShortNameRU":"креатинин в крови","ShortNameKZ":"қандағы креатинин","ShortName":"креатинин в крови","DataType":0,"DataTypeName":"Число","UnitTypeID":100041,"UnitType":{"OrderBy":42,"MasterDataID":null,"CDD_ID":null,"NameRU":"мкмоль/л","NameKZ":"мкмоль/л","Name":"мкмоль/л","PublicCode":"10004100","EndDate":null,"ID":"100041","StrID":"100041"},"MedicalFormID":null,"MasterDataID":0,"MedicalForm":null,"NameWithDataType":"креатинин в крови  (Число)","NameRU":"креатинин в крови","NameKZ":"қандағы креатинин","Name":"креатинин в крови","PublicCode":"20074400","EndDate":null,"ID":"200744","StrID":"200744"},"ParameterValues":null,"ParameterValueID":null,"ParameterValue":null,"ResultText":null,"ResultValue":null,"ResultDate":"2026-08-29T18:44:28.6682154+05:00","PostID":"0","Post":null,"ExecuteMethod":2,"SourceResultText":null,"SourceResultValue":null,"SourceResultExpression":null,"SourceUnitTypeID":100041,"SourceUnitType":{"OrderBy":42,"MasterDataID":null,"CDD_ID":null,"NameRU":"мкмоль/л","NameKZ":"мкмоль/л","Name":"мкмоль/л","PublicCode":"10004100","EndDate":null,"ID":"100041","StrID":"100041"},"MultiplierID":null,"IsApproved":false,"IsValidated":false,"StandardMatchType":0,"ApproveDate":null,"ApprovePostID":null,"ApprovePost":null,"OrderNum":1,"WorkPlaceID":20747,"OrderID":null,"BacteriologyResult":null,"AnalyzerId":null,"IsOrderProductionControl":false,"ID":"0","StrID":"0"},{"OrderResearchID":67066126,"OrderResearch":null,"ParameterID":201150,"Parameter":{"ShortNameRU":"СРБ","ShortNameKZ":"СРА","ShortName":"СРБ","DataType":0,"DataTypeName":"Число","UnitTypeID":100026,"UnitType":{"OrderBy":27,"MasterDataID":null,"CDD_ID":null,"NameRU":"мг/л","NameKZ":"мг/л","Name":"мг/л","PublicCode":"10002600","EndDate":null,"ID":"100026","StrID":"100026"},"MedicalFormID":null,"MasterDataID":0,"MedicalForm":null,"NameWithDataType":"СРБ  (Число)","NameRU":"СРБ","NameKZ":"СРА","Name":"СРБ","PublicCode":"20115000","EndDate":null,"ID":"201150","StrID":"201150"},"ParameterValues":null,"ParameterValueID":null,"ParameterValue":null,"ResultText":null,"ResultValue":null,"ResultDate":"2026-08-29T18:44:28.6682154+05:00","PostID":"0","Post":null,"ExecuteMethod":2,"SourceResultText":null,"SourceResultValue":null,"SourceResultExpression":null,"SourceUnitTypeID":100026,"SourceUnitType":{"OrderBy":27,"MasterDataID":null,"CDD_ID":null,"NameRU":"мг/л","NameKZ":"мг/л","Name":"мг/л","PublicCode":"10002600","EndDate":null,"ID":"100026","StrID":"100026"},"MultiplierID":null,"IsApproved":false,"IsValidated":false,"StandardMatchType":0,"ApproveDate":null,"ApprovePostID":null,"ApprovePost":null,"OrderNum":1,"WorkPlaceID":20747,"OrderID":null,"BacteriologyResult":null,"AnalyzerId":null,"IsOrderProductionControl":false,"ID":"0","StrID":"0"},{"OrderResearchID":67066127,"OrderResearch":null,"ParameterID":200365,"Parameter":{"ShortNameRU":"амилаза панкреатическая в сыворотке крови","ShortNameKZ":"қан сарысуындағы панкреатикалық амилаза","ShortName":"амилаза панкреатическая в сыворотке крови","DataType":0,"DataTypeName":"Число","UnitTypeID":100015,"UnitType":{"OrderBy":16,"MasterDataID":null,"CDD_ID":null,"NameRU":"ЕД/л","NameKZ":"Бірл/л","Name":"ЕД/л","PublicCode":"10001500","EndDate":null,"ID":"100015","StrID":"100015"},"MedicalFormID":null,"MasterDataID":0,"MedicalForm":null,"NameWithDataType":"амилаза панкреатическая в сыворотке крови  (Число)","NameRU":"амилаза панкреатическая в сыворотке крови","NameKZ":"қан сарысуындағы панкреатикалық амилаза","Name":"амилаза панкреатическая в сыворотке крови","PublicCode":"20036500","EndDate":null,"ID":"200365","StrID":"200365"},"ParameterValues":null,"ParameterValueID":null,"ParameterValue":null,"ResultText":null,"ResultValue":null,"ResultDate":"2026-08-29T18:44:28.6682154+05:00","PostID":"0","Post":null,"ExecuteMethod":1,"SourceResultText":null,"SourceResultValue":null,"SourceResultExpression":null,"SourceUnitTypeID":100015,"SourceUnitType":{"OrderBy":16,"MasterDataID":null,"CDD_ID":null,"NameRU":"ЕД/л","NameKZ":"Бірл/л","Name":"ЕД/л","PublicCode":"10001500","EndDate":null,"ID":"100015","StrID":"100015"},"MultiplierID":null,"IsApproved":false,"IsValidated":false,"StandardMatchType":0,"ApproveDate":null,"ApprovePostID":null,"ApprovePost":null,"OrderNum":1,"WorkPlaceID":20747,"OrderID":null,"BacteriologyResult":null,"AnalyzerId":null,"IsOrderProductionControl":false,"ID":"0","StrID":"0"}]
29.08.2026 18:44:27	Information:	TestsWW spec 200918, spec 200357, spec 201032, spec 200919, spec 200408, spec 200549, spec 200852, spec 200744, spec 201150, spec 200365, 
29.08.2026 18:44:27	Information:	Querry lines count: 1
29.08.2026 18:44:27	Debug:	SendResults:	fix DriverRequests=	648	ms
29.08.2026 18:44:27	Information:	SAMPLE! 51566144 DeviceDriverResult Sample: 51566144 Suggest: . Do Request True
29.08.2026 18:44:27	Information:	Sample request count: 1
29.08.2026 18:44:27	Information:	MU is mmol/L
29.08.2026 18:44:27	Information:	Driver Collations count 0
29.08.2026 18:44:27	Information:	MU collations count=0
29.08.2026 18:44:27	Information:	MU is ?mol/L
29.08.2026 18:44:27	Information:	Driver Collations count 0
29.08.2026 18:44:27	Information:	MU collations count=0
29.08.2026 18:44:27	Information:	MU is ?mol/L
29.08.2026 18:44:27	Information:	Driver Collations count 0
29.08.2026 18:44:27	Information:	MU collations count=0
29.08.2026 18:44:27	Information:	MU is U/L
29.08.2026 18:44:27	Information:	Driver Collations count 0
29.08.2026 18:44:27	Information:	MU collations count=0
29.08.2026 18:44:27	Information:	MU is U/L
29.08.2026 18:44:27	Information:	Driver Collations count 0
29.08.2026 18:44:27	Information:	MU collations count=0
29.08.2026 18:44:27	Information:	MU is mg/L
29.08.2026 18:44:27	Information:	Driver Collations count 0
29.08.2026 18:44:27	Information:	MU collations count=0
29.08.2026 18:44:27	Information:	MU is g/L
29.08.2026 18:44:27	Information:	Driver Collations count 0
29.08.2026 18:44:27	Information:	MU collations count=0
29.08.2026 18:44:27	Information:	MU is U/L
29.08.2026 18:44:27	Information:	Driver Collations count 0
29.08.2026 18:44:27	Information:	MU collations count=0
29.08.2026 18:44:27	Information:	MU is ?mol/L
29.08.2026 18:44:27	Information:	Driver Collations count 0
29.08.2026 18:44:27	Information:	MU collations count=0
29.08.2026 18:44:27	Information:	MU is mmol/L
29.08.2026 18:44:27	Information:	Driver Collations count 0
29.08.2026 18:44:27	Information:	MU collations count=0
29.08.2026 18:44:27	Debug:	SendResults:	SetTestsValues first SetTestsValues=	129	ms
29.08.2026 18:44:27	Debug:	SendResults:	Device Total = 804 ms
29.08.2026 18:44:27	Information:	Saving 51566144
29.08.2026 18:44:27	Information:	Start test result saving
29.08.2026 18:44:27	Information:	Result object to save: 
29.08.2026 18:44:27	Information:	{"OrderResearchID":67066118,"OrderResearch":null,"ParameterID":200918,"Parameter":{"ShortNameRU":"общий белок в сыворотке крови","ShortNameKZ":"қан сарысуындағы жалпы ақуыз","ShortName":"общий белок в сыворотке крови","DataType":0,"DataTypeName":"Число","UnitTypeID":100012,"UnitType":{"NameRU":"г/л","NameKZ":"г/л","Name":"г/л","PublicCode":"10001200","OrderBy":13,"ID":100012,"StrID":"100012"},"MedicalFormID":null,"MedicalForm":null,"NameRU":"общий белок в сыворотке крови","NameKZ":"қан сарысуындағы жалпы ақуыз","Name":"общий белок в сыворотке крови","PublicCode":"20091800","OrderBy":null,"ID":200918,"StrID":"200918"},"ParameterValueID":null,"ParameterValue":null,"ResultText":"73.02","ResultValue":null,"ResultDate":"2026-08-29T18:44:28.6527122+05:00","PostID":0,"Post":null,"ExecuteMethod":2,"SourceResultText":"73.02","SourceResultValue":null,"SourceResultExpression":null,"SourceUnitTypeID":100012,"SourceUnitType":{"NameRU":"г/л","NameKZ":"г/л","Name":"г/л","PublicCode":"10001200","OrderBy":13,"ID":100012,"StrID":"100012"},"IsApproved":false,"ApproveDate":null,"ApprovePostID":null,"ApprovePost":null,"OrderNum":1,"WorkPlaceID":20747,"DriverManagerID":150,"BacteriologyResult":null,"AnalyzerId":38,"IsOrderProductionControl":false,"ID":0,"StrID":"0"}
29.08.2026 18:44:27	Information:	Save string: 
29.08.2026 18:44:27	Information:	{"OrderResearchID":67066118,"OrderResearch":{"OrderID":31119844,"ServiceMoID":2163201,"ServiceMoMasterDataID":8269447,"ServiceMo":{"OrgHealthCareID":"45500000000000909","ServiceID":236,"NameRU":"Определение общего белка в сыворотке крови на анализаторе","NameKZ":"Қан сарысуындағы жалпы нәруызды талдауышта анықтау ","Name":"Определение общего белка в сыворотке крови на анализаторе","ShortNameRU":"Определение общего белка в сыворотке крови на анализаторе","ShortNameKZ":"Қан сарысуындағы жалпы нәруызды талдауышта анықтау ","ShortName":"Определение общего белка в сыворотке крови на анализаторе","FullName":"B03.397.002 - Определение общего белка в сыворотке крови на анализаторе","Code":"B03.397.002","ExternalCode":null,"ServiceClassID":5,"ServiceClass":{"ServiceTypeID":2,"OrderBy":5,"MasterDataID":5,"NameRU":"Клиническая химия (биохимия)","NameKZ":"Клиникалық химия (биохимия)","Name":"Клиническая химия (биохимия)","PublicCode":"500","EndDate":null,"ID":"5","StrID":"5"},"Service":{"NameRU":"Определение общего белка в сыворотке крови на анализаторе","NameKZ":"Қан сарысуындағы жалпы нәруызды талдауышта анықтау","Name":"Определение общего белка в сыворотке крови на анализаторе","ShortNameRU":"Общий белок на анализаторе","ShortNameKZ":"Общий белок на анализаторе","ShortName":"Общий белок на анализаторе","FullName":"B03.397.002 - Определение общего белка в сыворотке крови на анализаторе","Code":"B03.397.002","ServiceClassID":5,"ServiceClass":null,"ServiceSubClassID":6,"ServiceSubClass":null,"MaterialTypeID":202,"MaterialType":null,"MasterDataID":3079,"ID":"236","StrID":"236"},"MasterDataID":8269447,"ServiceSubClassID":6,"PayType":1,"ServiceSubClass":null,"ID":"2163201","StrID":"2163201"},"FullName":"B03.397.002 - Определение общего белка в сыворотке крови на анализаторе  () ","IsMain":true,"SourceID":"144971620_33976529","WorkPlaceID":20747,"WorkPlace":null,"DriverManager":null,"ParameterID":null,"Parameter":null,"AdditionalInfo":null,"Status":1,"PerformetServiceCount":7,"ResearchResultCount":0,"ApproveResearchResultCount":0,"NotSaveResearchResultCount":0,"ParentID":null,"ScreeningCandidatePlanGuid":null,"ScreeningUrl":null,"TakePlace":null,"MaterialTypeID":null,"MaterialType":null,"PartCount":0,"IsOrderProductionControl":false,"Uid":"e2d4d15f-ac0d-4ac1-aae0-5ca45d86057f","OrderPerformerServices":[],"OrderResearchAllergens":[],"Results":[],"IsResumed":false,"ExecutionType":0,"ID":"67066118","StrID":"67066118"},"ParameterID":200918,"Parameter":{"ShortNameRU":"общий белок в сыворотке крови","ShortNameKZ":"қан сарысуындағы жалпы ақуыз","ShortName":"общий белок в сыворотке крови","DataType":0,"DataTypeName":"Число","UnitTypeID":100012,"UnitType":null,"MedicalFormID":null,"MasterDataID":0,"MedicalForm":null,"NameWithDataType":"общий белок в сыворотке крови  (Число)","NameRU":"общий белок в сыворотке крови","NameKZ":"қан сарысуындағы жалпы ақуыз","Name":"общий белок в сыворотке крови","PublicCode":"20091800","EndDate":null,"ID":"200918","StrID":"200918"},"ParameterValues":null,"ParameterValueID":null,"ParameterValue":null,"ResultText":"73.02","ResultValue":"73.02","ResultDate":"2026-08-29T18:44:29.0158619+05:00","PostID":"189416","Post":null,"ExecuteMethod":2,"SourceResultText":"73.02","SourceResultValue":"73.02","SourceResultExpression":null,"SourceUnitTypeID":100012,"SourceUnitType":{"OrderBy":13,"MasterDataID":null,"CDD_ID":null,"NameRU":"г/л","NameKZ":"г/л","Name":"г/л","PublicCode":"10001200","EndDate":null,"ID":"100012","StrID":"100012"},"MultiplierID":null,"IsApproved":false,"IsValidated":false,"StandardMatchType":0,"ApproveDate":null,"ApprovePostID":null,"ApprovePost":null,"OrderNum":1,"WorkPlaceID":20747,"OrderID":null,"BacteriologyResult":null,"AnalyzerId":38,"IsOrderProductionControl":false,"ID":"207130277","StrID":"207130277"}
29.08.2026 18:44:27	Information:	Result object to save: 
29.08.2026 18:44:27	Information:	{"OrderResearchID":67066122,"OrderResearch":null,"ParameterID":200357,"Parameter":{"ShortNameRU":"АЛаТ","ShortNameKZ":"АЛаТ","ShortName":"АЛаТ","DataType":0,"DataTypeName":"Число","UnitTypeID":100030,"UnitType":{"NameRU":"МЕ/л","NameKZ":"ХБ/л","Name":"МЕ/л","PublicCode":"10003000","OrderBy":31,"ID":100030,"StrID":"100030"},"MedicalFormID":null,"MedicalForm":null,"NameRU":"АЛаТ","NameKZ":"АЛаТ","Name":"АЛаТ","PublicCode":"20035700","OrderBy":null,"ID":200357,"StrID":"200357"},"ParameterValueID":null,"ParameterValue":null,"ResultText":"6.36","ResultValue":null,"ResultDate":"2026-08-29T18:44:28.6527122+05:00","PostID":0,"Post":null,"ExecuteMethod":2,"SourceResultText":"6.36","SourceResultValue":null,"SourceResultExpression":null,"SourceUnitTypeID":100030,"SourceUnitType":{"NameRU":"МЕ/л","NameKZ":"ХБ/л","Name":"МЕ/л","PublicCode":"10003000","OrderBy":31,"ID":100030,"StrID":"100030"},"IsApproved":false,"ApproveDate":null,"ApprovePostID":null,"ApprovePost":null,"OrderNum":1,"WorkPlaceID":20747,"DriverManagerID":150,"BacteriologyResult":null,"AnalyzerId":38,"IsOrderProductionControl":false,"ID":0,"StrID":"0"}
29.08.2026 18:44:27	Information:	Save string: 
29.08.2026 18:44:27	Information:	{"OrderResearchID":67066122,"OrderResearch":{"OrderID":31119844,"ServiceMoID":2163576,"ServiceMoMasterDataID":8269462,"ServiceMo":{"OrgHealthCareID":"45500000000000909","ServiceID":253,"NameRU":"Определение аланинаминотрансферазы (АЛаТ) в сыворотке крови на анализаторе","NameKZ":"Қан сарысуындағы аланинаминотрансферазды (АЛаТ) талдауышта анықтау ","Name":"Определение аланинаминотрансферазы (АЛаТ) в сыворотке крови на анализаторе","ShortNameRU":"Определение аланинаминотрансферазы (АЛаТ) в сыворотке крови на анализаторе","ShortNameKZ":"Қан сарысуындағы аланинаминотрансферазды (АЛаТ) талдауышта анықтау ","ShortName":"Определение аланинаминотрансферазы (АЛаТ) в сыворотке крови на анализаторе","FullName":"B03.155.002 - Определение аланинаминотрансферазы (АЛаТ) в сыворотке крови на анализаторе","Code":"B03.155.002","ExternalCode":null,"ServiceClassID":5,"ServiceClass":{"ServiceTypeID":2,"OrderBy":5,"MasterDataID":5,"NameRU":"Клиническая химия (биохимия)","NameKZ":"Клиникалық химия (биохимия)","Name":"Клиническая химия (биохимия)","PublicCode":"500","EndDate":null,"ID":"5","StrID":"5"},"Service":{"NameRU":"Определение аланинаминотрансферазы (АЛаТ) в сыворотке крови на анализаторе","NameKZ":"Қан сарысуындағы аланинаминотрансферазды (АЛаТ) талдауышта анықтау","Name":"Определение аланинаминотрансферазы (АЛаТ) в сыворотке крови на анализаторе","ShortNameRU":"АЛаТ на анализаторе","ShortNameKZ":"АЛаТ на анализаторе","ShortName":"АЛаТ на анализаторе","FullName":"B03.155.002 - Определение аланинаминотрансферазы (АЛаТ) в сыворотке крови на анализаторе","Code":"B03.155.002","ServiceClassID":5,"ServiceClass":null,"ServiceSubClassID":6,"ServiceSubClass":null,"MaterialTypeID":202,"MaterialType":null,"MasterDataID":3094,"ID":"253","StrID":"253"},"MasterDataID":8269462,"ServiceSubClassID":6,"PayType":1,"ServiceSubClass":null,"ID":"2163576","StrID":"2163576"},"FullName":"B03.155.002 - Определение аланинаминотрансферазы (АЛаТ) в сыворотке крови на анализаторе  () ","IsMain":true,"SourceID":"144971620_33976534","WorkPlaceID":20747,"WorkPlace":null,"DriverManager":null,"ParameterID":null,"Parameter":null,"AdditionalInfo":null,"Status":1,"PerformetServiceCount":9,"ResearchResultCount":0,"ApproveResearchResultCount":0,"NotSaveResearchResultCount":0,"ParentID":null,"ScreeningCandidatePlanGuid":null,"ScreeningUrl":null,"TakePlace":null,"MaterialTypeID":null,"MaterialType":null,"PartCount":0,"IsOrderProductionControl":false,"Uid":"8ce44241-eac1-4c9c-b4b6-b310cecb6bc9","OrderPerformerServices":[],"OrderResearchAllergens":[],"Results":[],"IsResumed":false,"ExecutionType":0,"ID":"67066122","StrID":"67066122"},"ParameterID":200357,"Parameter":{"ShortNameRU":"АЛаТ","ShortNameKZ":"АЛаТ","ShortName":"АЛаТ","DataType":0,"DataTypeName":"Число","UnitTypeID":100030,"UnitType":null,"MedicalFormID":null,"MasterDataID":0,"MedicalForm":null,"NameWithDataType":"АЛаТ  (Число)","NameRU":"АЛаТ","NameKZ":"АЛаТ","Name":"АЛаТ","PublicCode":"20035700","EndDate":null,"ID":"200357","StrID":"200357"},"ParameterValues":null,"ParameterValueID":null,"ParameterValue":null,"ResultText":"6.36","ResultValue":"6.36","ResultDate":"2026-08-29T18:44:29.0945408+05:00","PostID":"189416","Post":null,"ExecuteMethod":2,"SourceResultText":"6.36","SourceResultValue":"6.36","SourceResultExpression":null,"SourceUnitTypeID":100030,"SourceUnitType":{"OrderBy":31,"MasterDataID":null,"CDD_ID":null,"NameRU":"МЕ/л","NameKZ":"ХБ/л","Name":"МЕ/л","PublicCode":"10003000","EndDate":null,"ID":"100030","StrID":"100030"},"MultiplierID":null,"IsApproved":false,"IsValidated":false,"StandardMatchType":0,"ApproveDate":null,"ApprovePostID":null,"ApprovePost":null,"OrderNum":1,"WorkPlaceID":20747,"OrderID":null,"BacteriologyResult":null,"AnalyzerId":38,"IsOrderProductionControl":false,"ID":"207130278","StrID":"207130278"}
29.08.2026 18:44:27	Information:	Result object to save: 
29.08.2026 18:44:27	Information:	{"OrderResearchID":67066123,"OrderResearch":null,"ParameterID":201032,"Parameter":{"ShortNameRU":"прямой билирубин в сыворотке крови","ShortNameKZ":"қан сарысуындағы тікелей билирубин","ShortName":"прямой билирубин в сыворотке крови","DataType":0,"DataTypeName":"Число","UnitTypeID":100041,"UnitType":{"NameRU":"мкмоль/л","NameKZ":"мкмоль/л","Name":"мкмоль/л","PublicCode":"10004100","OrderBy":42,"ID":100041,"StrID":"100041"},"MedicalFormID":null,"MedicalForm":null,"NameRU":"прямой билирубин в сыворотке крови","NameKZ":"қан сарысуындағы тікелей билирубин","Name":"прямой билирубин в сыворотке крови","PublicCode":"20103200","OrderBy":null,"ID":201032,"StrID":"201032"},"ParameterValueID":null,"ParameterValue":null,"ResultText":"6.24","ResultValue":null,"ResultDate":"2026-08-29T18:44:28.6527122+05:00","PostID":0,"Post":null,"ExecuteMethod":2,"SourceResultText":"6.24","SourceResultValue":null,"SourceResultExpression":null,"SourceUnitTypeID":100041,"SourceUnitType":{"NameRU":"мкмоль/л","NameKZ":"мкмоль/л","Name":"мкмоль/л","PublicCode":"10004100","OrderBy":42,"ID":100041,"StrID":"100041"},"IsApproved":false,"ApproveDate":null,"ApprovePostID":null,"ApprovePost":null,"OrderNum":1,"WorkPlaceID":20747,"DriverManagerID":150,"BacteriologyResult":null,"AnalyzerId":38,"IsOrderProductionControl":false,"ID":0,"StrID":"0"}
29.08.2026 18:44:27	Information:	Save string: 
29.08.2026 18:44:27	Information:	{"OrderResearchID":67066123,"OrderResearch":{"OrderID":31119844,"ServiceMoID":2163601,"ServiceMoMasterDataID":8269463,"ServiceMo":{"OrgHealthCareID":"45500000000000909","ServiceID":254,"NameRU":"Определение прямого билирубина в сыворотке крови на анализаторе","NameKZ":"Қан сарысуындағы тікелей  билирубинді талдауышта анықтау ","Name":"Определение прямого билирубина в сыворотке крови на анализаторе","ShortNameRU":"Определение прямого билирубина в сыворотке крови на анализаторе","ShortNameKZ":"Қан сарысуындағы тікелей  билирубинді талдауышта анықтау ","ShortName":"Определение прямого билирубина в сыворотке крови на анализаторе","FullName":"B03.435.002 - Определение прямого билирубина в сыворотке крови на анализаторе","Code":"B03.435.002","ExternalCode":null,"ServiceClassID":5,"ServiceClass":{"ServiceTypeID":2,"OrderBy":5,"MasterDataID":5,"NameRU":"Клиническая химия (биохимия)","NameKZ":"Клиникалық химия (биохимия)","Name":"Клиническая химия (биохимия)","PublicCode":"500","EndDate":null,"ID":"5","StrID":"5"},"Service":{"NameRU":"Определение прямого билирубина в сыворотке крови на анализаторе","NameKZ":"Қан сарысуындағы тікелей билирубинді талдауышта анықтау","Name":"Определение прямого билирубина в сыворотке крови на анализаторе","ShortNameRU":"Прямой Bi на анализаторе","ShortNameKZ":"Прямой Bi на анализаторе","ShortName":"Прямой Bi на анализаторе","FullName":"B03.435.002 - Определение прямого билирубина в сыворотке крови на анализаторе","Code":"B03.435.002","ServiceClassID":5,"ServiceClass":null,"ServiceSubClassID":6,"ServiceSubClass":null,"MaterialTypeID":202,"MaterialType":null,"MasterDataID":3095,"ID":"254","StrID":"254"},"MasterDataID":8269463,"ServiceSubClassID":6,"PayType":1,"ServiceSubClass":null,"ID":"2163601","StrID":"2163601"},"FullName":"B03.435.002 - Определение прямого билирубина в сыворотке крови на анализаторе  () ","IsMain":true,"SourceID":"144971620_33976536","WorkPlaceID":20747,"WorkPlace":null,"DriverManager":null,"ParameterID":null,"Parameter":null,"AdditionalInfo":null,"Status":1,"PerformetServiceCount":7,"ResearchResultCount":0,"ApproveResearchResultCount":0,"NotSaveResearchResultCount":0,"ParentID":null,"ScreeningCandidatePlanGuid":null,"ScreeningUrl":null,"TakePlace":null,"MaterialTypeID":null,"MaterialType":null,"PartCount":0,"IsOrderProductionControl":false,"Uid":"4a28e45c-336f-47b2-8be7-e92dcaff3a82","OrderPerformerServices":[],"OrderResearchAllergens":[],"Results":[],"IsResumed":false,"ExecutionType":0,"ID":"67066123","StrID":"67066123"},"ParameterID":201032,"Parameter":{"ShortNameRU":"прямой билирубин в сыворотке крови","ShortNameKZ":"қан сарысуындағы тікелей билирубин","ShortName":"прямой билирубин в сыворотке крови","DataType":0,"DataTypeName":"Число","UnitTypeID":100041,"UnitType":null,"MedicalFormID":null,"MasterDataID":0,"MedicalForm":null,"NameWithDataType":"прямой билирубин в сыворотке крови  (Число)","NameRU":"прямой билирубин в сыворотке крови","NameKZ":"қан сарысуындағы тікелей билирубин","Name":"прямой билирубин в сыворотке крови","PublicCode":"20103200","EndDate":null,"ID":"201032","StrID":"201032"},"ParameterValues":null,"ParameterValueID":null,"ParameterValue":null,"ResultText":"6.24","ResultValue":"6.24","ResultDate":"2026-08-29T18:44:29.1577217+05:00","PostID":"189416","Post":null,"ExecuteMethod":2,"SourceResultText":"6.24","SourceResultValue":"6.24","SourceResultExpression":null,"SourceUnitTypeID":100041,"SourceUnitType":{"OrderBy":42,"MasterDataID":null,"CDD_ID":null,"NameRU":"мкмоль/л","NameKZ":"мкмоль/л","Name":"мкмоль/л","PublicCode":"10004100","EndDate":null,"ID":"100041","StrID":"100041"},"MultiplierID":null,"IsApproved":false,"IsValidated":false,"StandardMatchType":0,"ApproveDate":null,"ApprovePostID":null,"ApprovePost":null,"OrderNum":1,"WorkPlaceID":20747,"OrderID":null,"BacteriologyResult":null,"AnalyzerId":38,"IsOrderProductionControl":false,"ID":"207130279","StrID":"207130279"}
29.08.2026 18:44:28	Information:	Result object to save: 
29.08.2026 18:44:28	Information:	{"OrderResearchID":67066124,"OrderResearch":null,"ParameterID":200919,"Parameter":{"ShortNameRU":"общий билирубин в сыворотке крови","ShortNameKZ":"қан сарысуындағы жалпы билирубин","ShortName":"общий билирубин в сыворотке крови","DataType":0,"DataTypeName":"Число","UnitTypeID":100041,"UnitType":{"NameRU":"мкмоль/л","NameKZ":"мкмоль/л","Name":"мкмоль/л","PublicCode":"10004100","OrderBy":42,"ID":100041,"StrID":"100041"},"MedicalFormID":null,"MedicalForm":null,"NameRU":"общий билирубин в сыворотке крови","NameKZ":"қан сарысуындағы жалпы билирубин","Name":"общий билирубин в сыворотке крови","PublicCode":"20091900","OrderBy":null,"ID":200919,"StrID":"200919"},"ParameterValueID":null,"ParameterValue":null,"ResultText":"18.9","ResultValue":null,"ResultDate":"2026-08-29T18:44:28.6527122+05:00","PostID":0,"Post":null,"ExecuteMethod":2,"SourceResultText":"18.9","SourceResultValue":null,"SourceResultExpression":null,"SourceUnitTypeID":100041,"SourceUnitType":{"NameRU":"мкмоль/л","NameKZ":"мкмоль/л","Name":"мкмоль/л","PublicCode":"10004100","OrderBy":42,"ID":100041,"StrID":"100041"},"IsApproved":false,"ApproveDate":null,"ApprovePostID":null,"ApprovePost":null,"OrderNum":1,"WorkPlaceID":20747,"DriverManagerID":150,"BacteriologyResult":null,"AnalyzerId":38,"IsOrderProductionControl":false,"ID":0,"StrID":"0"}
29.08.2026 18:44:28	Information:	Save string: 
29.08.2026 18:44:28	Information:	{"OrderResearchID":67066124,"OrderResearch":{"OrderID":31119844,"ServiceMoID":2163626,"ServiceMoMasterDataID":8269464,"ServiceMo":{"OrgHealthCareID":"45500000000000909","ServiceID":255,"NameRU":"Определение общего билирубина в сыворотке крови на анализаторе","NameKZ":"Қан сарысуындағы жалпы  билирубинді талдауышта анықтау в сыворотке крови на анализаторе","Name":"Определение общего билирубина в сыворотке крови на анализаторе","ShortNameRU":"Определение общего билирубина в сыворотке крови на анализаторе","ShortNameKZ":"Қан сарысуындағы жалпы  билирубинді талдауышта анықтау в сыворотке крови на анализаторе","ShortName":"Определение общего билирубина в сыворотке крови на анализаторе","FullName":"B03.398.002 - Определение общего билирубина в сыворотке крови на анализаторе","Code":"B03.398.002","ExternalCode":null,"ServiceClassID":5,"ServiceClass":{"ServiceTypeID":2,"OrderBy":5,"MasterDataID":5,"NameRU":"Клиническая химия (биохимия)","NameKZ":"Клиникалық химия (биохимия)","Name":"Клиническая химия (биохимия)","PublicCode":"500","EndDate":null,"ID":"5","StrID":"5"},"Service":{"NameRU":"Определение общего билирубина в сыворотке крови на анализаторе","NameKZ":"Қан сарысуындағы жалпы билирубинді талдауышта анықтау в сыворотке крови на анализаторе","Name":"Определение общего билирубина в сыворотке крови на анализаторе","ShortNameRU":"Общий Bi на анализаторе","ShortNameKZ":"Общий Bi на анализаторе","ShortName":"Общий Bi на анализаторе","FullName":"B03.398.002 - Определение общего билирубина в сыворотке крови на анализаторе","Code":"B03.398.002","ServiceClassID":5,"ServiceClass":null,"ServiceSubClassID":6,"ServiceSubClass":null,"MaterialTypeID":202,"MaterialType":null,"MasterDataID":3096,"ID":"255","StrID":"255"},"MasterDataID":8269464,"ServiceSubClassID":6,"PayType":1,"ServiceSubClass":null,"ID":"2163626","StrID":"2163626"},"FullName":"B03.398.002 - Определение общего билирубина в сыворотке крови на анализаторе  () ","IsMain":true,"SourceID":"144971620_33976533","WorkPlaceID":20747,"WorkPlace":null,"DriverManager":null,"ParameterID":null,"Parameter":null,"AdditionalInfo":null,"Status":1,"PerformetServiceCount":7,"ResearchResultCount":0,"ApproveResearchResultCount":0,"NotSaveResearchResultCount":0,"ParentID":null,"ScreeningCandidatePlanGuid":null,"ScreeningUrl":null,"TakePlace":null,"MaterialTypeID":null,"MaterialType":null,"PartCount":0,"IsOrderProductionControl":false,"Uid":"c2b8c7ae-7e5d-4564-b1b8-d7fa56fd8606","OrderPerformerServices":[],"OrderResearchAllergens":[],"Results":[],"IsResumed":false,"ExecutionType":0,"ID":"67066124","StrID":"67066124"},"ParameterID":200919,"Parameter":{"ShortNameRU":"общий билирубин в сыворотке крови","ShortNameKZ":"қан сарысуындағы жалпы билирубин","ShortName":"общий билирубин в сыворотке крови","DataType":0,"DataTypeName":"Число","UnitTypeID":100041,"UnitType":null,"MedicalFormID":null,"MasterDataID":0,"MedicalForm":null,"NameWithDataType":"общий билирубин в сыворотке крови  (Число)","NameRU":"общий билирубин в сыворотке крови","NameKZ":"қан сарысуындағы жалпы билирубин","Name":"общий билирубин в сыворотке крови","PublicCode":"20091900","EndDate":null,"ID":"200919","StrID":"200919"},"ParameterValues":null,"ParameterValueID":null,"ParameterValue":null,"ResultText":"18.90","ResultValue":"18.90","ResultDate":"2026-08-29T18:44:29.2202211+05:00","PostID":"189416","Post":null,"ExecuteMethod":2,"SourceResultText":"18.90","SourceResultValue":"18.90","SourceResultExpression":null,"SourceUnitTypeID":100041,"SourceUnitType":{"OrderBy":42,"MasterDataID":null,"CDD_ID":null,"NameRU":"мкмоль/л","NameKZ":"мкмоль/л","Name":"мкмоль/л","PublicCode":"10004100","EndDate":null,"ID":"100041","StrID":"100041"},"MultiplierID":null,"IsApproved":false,"IsValidated":false,"StandardMatchType":0,"ApproveDate":null,"ApprovePostID":null,"ApprovePost":null,"OrderNum":1,"WorkPlaceID":20747,"OrderID":null,"BacteriologyResult":null,"AnalyzerId":38,"IsOrderProductionControl":false,"ID":"207130280","StrID":"207130280"}
29.08.2026 18:44:28	Information:	Result object to save: 
29.08.2026 18:44:28	Information:	{"OrderResearchID":67066125,"OrderResearch":null,"ParameterID":200408,"Parameter":{"ShortNameRU":"АСаТ","ShortNameKZ":"АСаТ","ShortName":"АСаТ","DataType":0,"DataTypeName":"Число","UnitTypeID":100030,"UnitType":{"NameRU":"МЕ/л","NameKZ":"ХБ/л","Name":"МЕ/л","PublicCode":"10003000","OrderBy":31,"ID":100030,"StrID":"100030"},"MedicalFormID":null,"MedicalForm":null,"NameRU":"АСаТ","NameKZ":"АСаТ","Name":"АСаТ","PublicCode":"20040800","OrderBy":null,"ID":200408,"StrID":"200408"},"ParameterValueID":null,"ParameterValue":null,"ResultText":"16.76","ResultValue":null,"ResultDate":"2026-08-29T18:44:28.6527122+05:00","PostID":0,"Post":null,"ExecuteMethod":2,"SourceResultText":"16.76","SourceResultValue":null,"SourceResultExpression":null,"SourceUnitTypeID":100030,"SourceUnitType":{"NameRU":"МЕ/л","NameKZ":"ХБ/л","Name":"МЕ/л","PublicCode":"10003000","OrderBy":31,"ID":100030,"StrID":"100030"},"IsApproved":false,"ApproveDate":null,"ApprovePostID":null,"ApprovePost":null,"OrderNum":1,"WorkPlaceID":20747,"DriverManagerID":150,"BacteriologyResult":null,"AnalyzerId":38,"IsOrderProductionControl":false,"ID":0,"StrID":"0"}
29.08.2026 18:44:28	Information:	Save string: 
29.08.2026 18:44:28	Information:	{"OrderResearchID":67066125,"OrderResearch":{"OrderID":31119844,"ServiceMoID":2163651,"ServiceMoMasterDataID":8269465,"ServiceMo":{"OrgHealthCareID":"45500000000000909","ServiceID":256,"NameRU":"Определение аспартатаминотрансферазы (АСаТ) в сыворотке крови на анализаторе","NameKZ":"Қан сарысуындағы  аспартатаминотрансферазды  (АСаТ) талдауышта анықтау  ","Name":"Определение аспартатаминотрансферазы (АСаТ) в сыворотке крови на анализаторе","ShortNameRU":"Определение аспартатаминотрансферазы (АСаТ) в сыворотке крови на анализаторе","ShortNameKZ":"Қан сарысуындағы  аспартатаминотрансферазды  (АСаТ) талдауышта анықтау  ","ShortName":"Определение аспартатаминотрансферазы (АСаТ) в сыворотке крови на анализаторе","FullName":"B03.293.002 - Определение аспартатаминотрансферазы (АСаТ) в сыворотке крови на анализаторе","Code":"B03.293.002","ExternalCode":null,"ServiceClassID":5,"ServiceClass":{"ServiceTypeID":2,"OrderBy":5,"MasterDataID":5,"NameRU":"Клиническая химия (биохимия)","NameKZ":"Клиникалық химия (биохимия)","Name":"Клиническая химия (биохимия)","PublicCode":"500","EndDate":null,"ID":"5","StrID":"5"},"Service":{"NameRU":"Определение аспартатаминотрансферазы (АСаТ) в сыворотке крови на анализаторе","NameKZ":"Қан сарысуындағы аспартатаминотрансферазды (АСаТ) талдауышта анықтау","Name":"Определение аспартатаминотрансферазы (АСаТ) в сыворотке крови на анализаторе","ShortNameRU":"АСаТ на анализаторе","ShortNameKZ":"АСаТ на анализаторе","ShortName":"АСаТ на анализаторе","FullName":"B03.293.002 - Определение аспартатаминотрансферазы (АСаТ) в сыворотке крови на анализаторе","Code":"B03.293.002","ServiceClassID":5,"ServiceClass":null,"ServiceSubClassID":6,"ServiceSubClass":null,"MaterialTypeID":202,"MaterialType":null,"MasterDataID":3097,"ID":"256","StrID":"256"},"MasterDataID":8269465,"ServiceSubClassID":6,"PayType":1,"ServiceSubClass":null,"ID":"2163651","StrID":"2163651"},"FullName":"B03.293.002 - Определение аспартатаминотрансферазы (АСаТ) в сыворотке крови на анализаторе  () ","IsMain":true,"SourceID":"144971620_33976535","WorkPlaceID":20747,"WorkPlace":null,"DriverManager":null,"ParameterID":null,"Parameter":null,"AdditionalInfo":null,"Status":1,"PerformetServiceCount":7,"ResearchResultCount":0,"ApproveResearchResultCount":0,"NotSaveResearchResultCount":0,"ParentID":null,"ScreeningCandidatePlanGuid":null,"ScreeningUrl":null,"TakePlace":null,"MaterialTypeID":null,"MaterialType":null,"PartCount":0,"IsOrderProductionControl":false,"Uid":"7b0c66b9-5476-4509-845e-000960b304b2","OrderPerformerServices":[],"OrderResearchAllergens":[],"Results":[],"IsResumed":false,"ExecutionType":0,"ID":"67066125","StrID":"67066125"},"ParameterID":200408,"Parameter":{"ShortNameRU":"АСаТ","ShortNameKZ":"АСаТ","ShortName":"АСаТ","DataType":0,"DataTypeName":"Число","UnitTypeID":100030,"UnitType":null,"MedicalFormID":null,"MasterDataID":0,"MedicalForm":null,"NameWithDataType":"АСаТ  (Число)","NameRU":"АСаТ","NameKZ":"АСаТ","Name":"АСаТ","PublicCode":"20040800","EndDate":null,"ID":"200408","StrID":"200408"},"ParameterValues":null,"ParameterValueID":null,"ParameterValue":null,"ResultText":"16.76","ResultValue":"16.76","ResultDate":"2026-08-29T18:44:29.2996581+05:00","PostID":"189416","Post":null,"ExecuteMethod":2,"SourceResultText":"16.76","SourceResultValue":"16.76","SourceResultExpression":null,"SourceUnitTypeID":100030,"SourceUnitType":{"OrderBy":31,"MasterDataID":null,"CDD_ID":null,"NameRU":"МЕ/л","NameKZ":"ХБ/л","Name":"МЕ/л","PublicCode":"10003000","EndDate":null,"ID":"100030","StrID":"100030"},"MultiplierID":null,"IsApproved":false,"IsValidated":false,"StandardMatchType":0,"ApproveDate":null,"ApprovePostID":null,"ApprovePost":null,"OrderNum":1,"WorkPlaceID":20747,"OrderID":null,"BacteriologyResult":null,"AnalyzerId":38,"IsOrderProductionControl":false,"ID":"207130281","StrID":"207130281"}
29.08.2026 18:44:28	Information:	Result object to save: 
29.08.2026 18:44:28	Information:	{"OrderResearchID":67066119,"OrderResearch":null,"ParameterID":200549,"Parameter":{"ShortNameRU":"глюкоза в сыворотке крови","ShortNameKZ":"қан сарысуындағы глюкоза","ShortName":"глюкоза в сыворотке крови","DataType":0,"DataTypeName":"Число","UnitTypeID":100051,"UnitType":{"NameRU":"ммоль/л","NameKZ":"ммоль/л","Name":"ммоль/л","PublicCode":"10005100","OrderBy":52,"ID":100051,"StrID":"100051"},"MedicalFormID":null,"MedicalForm":null,"NameRU":"глюкоза в сыворотке крови","NameKZ":"қан сарысуындағы глюкоза","Name":"глюкоза в сыворотке крови","PublicCode":"20054900","OrderBy":null,"ID":200549,"StrID":"200549"},"ParameterValueID":null,"ParameterValue":null,"ResultText":"4.67","ResultValue":null,"ResultDate":"2026-08-29T18:44:28.6527122+05:00","PostID":0,"Post":null,"ExecuteMethod":2,"SourceResultText":"4.67","SourceResultValue":null,"SourceResultExpression":null,"SourceUnitTypeID":100051,"SourceUnitType":{"NameRU":"ммоль/л","NameKZ":"ммоль/л","Name":"ммоль/л","PublicCode":"10005100","OrderBy":52,"ID":100051,"StrID":"100051"},"IsApproved":false,"ApproveDate":null,"ApprovePostID":null,"ApprovePost":null,"OrderNum":1,"WorkPlaceID":20747,"DriverManagerID":150,"BacteriologyResult":null,"AnalyzerId":38,"IsOrderProductionControl":false,"ID":0,"StrID":"0"}
29.08.2026 18:44:28	Information:	Save string: 
29.08.2026 18:44:28	Information:	{"OrderResearchID":67066119,"OrderResearch":{"OrderID":31119844,"ServiceMoID":2164501,"ServiceMoMasterDataID":8269499,"ServiceMo":{"OrgHealthCareID":"45500000000000909","ServiceID":290,"NameRU":"Определение глюкозы в сыворотке крови на анализаторе","NameKZ":"Қан сарысуындағы глюкозаны талдауышта анықтау ","Name":"Определение глюкозы в сыворотке крови на анализаторе","ShortNameRU":"Определение глюкозы в сыворотке крови на анализаторе","ShortNameKZ":"Қан сарысуындағы глюкозаны талдауышта анықтау ","ShortName":"Определение глюкозы в сыворотке крови на анализаторе","FullName":"B03.335.002 - Определение глюкозы в сыворотке крови на анализаторе","Code":"B03.335.002","ExternalCode":null,"ServiceClassID":5,"ServiceClass":{"ServiceTypeID":2,"OrderBy":5,"MasterDataID":5,"NameRU":"Клиническая химия (биохимия)","NameKZ":"Клиникалық химия (биохимия)","Name":"Клиническая химия (биохимия)","PublicCode":"500","EndDate":null,"ID":"5","StrID":"5"},"Service":{"NameRU":"Определение глюкозы в сыворотке крови на анализаторе","NameKZ":"Қан сарысуындағы глюкозаны талдауышта анықтау","Name":"Определение глюкозы в сыворотке крови на анализаторе","ShortNameRU":"Глюкоза в сыворотке крови на анализаторе","ShortNameKZ":"Глюкоза в сыворотке крови на анализаторе","ShortName":"Глюкоза в сыворотке крови на анализаторе","FullName":"B03.335.002 - Определение глюкозы в сыворотке крови на анализаторе","Code":"B03.335.002","ServiceClassID":5,"ServiceClass":null,"ServiceSubClassID":6,"ServiceSubClass":null,"MaterialTypeID":202,"MaterialType":null,"MasterDataID":3131,"ID":"290","StrID":"290"},"MasterDataID":8269499,"ServiceSubClassID":6,"PayType":1,"ServiceSubClass":null,"ID":"2164501","StrID":"2164501"},"FullName":"B03.335.002 - Определение глюкозы в сыворотке крови на анализаторе  () ","IsMain":true,"SourceID":"144971620_33976530","WorkPlaceID":20747,"WorkPlace":null,"DriverManager":null,"ParameterID":null,"Parameter":null,"AdditionalInfo":null,"Status":1,"PerformetServiceCount":7,"ResearchResultCount":0,"ApproveResearchResultCount":0,"NotSaveResearchResultCount":0,"ParentID":null,"ScreeningCandidatePlanGuid":null,"ScreeningUrl":null,"TakePlace":null,"MaterialTypeID":null,"MaterialType":null,"PartCount":0,"IsOrderProductionControl":false,"Uid":"a9fff7b0-0c03-4f1b-bfad-3327ff0d6970","OrderPerformerServices":[],"OrderResearchAllergens":[],"Results":[],"IsResumed":false,"ExecutionType":0,"ID":"67066119","StrID":"67066119"},"ParameterID":200549,"Parameter":{"ShortNameRU":"глюкоза в сыворотке крови","ShortNameKZ":"қан сарысуындағы глюкоза","ShortName":"глюкоза в сыворотке крови","DataType":0,"DataTypeName":"Число","UnitTypeID":100051,"UnitType":null,"MedicalFormID":null,"MasterDataID":0,"MedicalForm":null,"NameWithDataType":"глюкоза в сыворотке крови  (Число)","NameRU":"глюкоза в сыворотке крови","NameKZ":"қан сарысуындағы глюкоза","Name":"глюкоза в сыворотке крови","PublicCode":"20054900","EndDate":null,"ID":"200549","StrID":"200549"},"ParameterValues":null,"ParameterValueID":null,"ParameterValue":null,"ResultText":"4.67","ResultValue":"4.67","ResultDate":"2026-08-29T18:44:29.3629809+05:00","PostID":"189416","Post":null,"ExecuteMethod":2,"SourceResultText":"4.67","SourceResultValue":"4.67","SourceResultExpression":null,"SourceUnitTypeID":100051,"SourceUnitType":{"OrderBy":52,"MasterDataID":null,"CDD_ID":null,"NameRU":"ммоль/л","NameKZ":"ммоль/л","Name":"ммоль/л","PublicCode":"10005100","EndDate":null,"ID":"100051","StrID":"100051"},"MultiplierID":null,"IsApproved":false,"IsValidated":false,"StandardMatchType":0,"ApproveDate":null,"ApprovePostID":null,"ApprovePost":null,"OrderNum":1,"WorkPlaceID":20747,"OrderID":null,"BacteriologyResult":null,"AnalyzerId":38,"IsOrderProductionControl":false,"ID":"207130282","StrID":"207130282"}
29.08.2026 18:44:28	Information:	Result object to save: 
29.08.2026 18:44:28	Information:	{"OrderResearchID":67066121,"OrderResearch":null,"ParameterID":200852,"Parameter":{"ShortNameRU":"мочевина в сыворотке крови","ShortNameKZ":"қан сарысуындағы несепнәр","ShortName":"мочевина в сыворотке крови","DataType":0,"DataTypeName":"Число","UnitTypeID":100051,"UnitType":{"NameRU":"ммоль/л","NameKZ":"ммоль/л","Name":"ммоль/л","PublicCode":"10005100","OrderBy":52,"ID":100051,"StrID":"100051"},"MedicalFormID":null,"MedicalForm":null,"NameRU":"мочевина в сыворотке крови","NameKZ":"қан сарысуындағы несепнәр","Name":"мочевина в сыворотке крови","PublicCode":"20085200","OrderBy":null,"ID":200852,"StrID":"200852"},"ParameterValueID":null,"ParameterValue":null,"ResultText":"2.86","ResultValue":null,"ResultDate":"2026-08-29T18:44:28.6682154+05:00","PostID":0,"Post":null,"ExecuteMethod":2,"SourceResultText":"2.86","SourceResultValue":null,"SourceResultExpression":null,"SourceUnitTypeID":100051,"SourceUnitType":{"NameRU":"ммоль/л","NameKZ":"ммоль/л","Name":"ммоль/л","PublicCode":"10005100","OrderBy":52,"ID":100051,"StrID":"100051"},"IsApproved":false,"ApproveDate":null,"ApprovePostID":null,"ApprovePost":null,"OrderNum":1,"WorkPlaceID":20747,"DriverManagerID":150,"BacteriologyResult":null,"AnalyzerId":38,"IsOrderProductionControl":false,"ID":0,"StrID":"0"}
29.08.2026 18:44:28	Information:	Save string: 
29.08.2026 18:44:28	Information:	{"OrderResearchID":67066121,"OrderResearch":{"OrderID":31119844,"ServiceMoID":2164626,"ServiceMoMasterDataID":8269504,"ServiceMo":{"OrgHealthCareID":"45500000000000909","ServiceID":295,"NameRU":"Определение мочевины в сыворотке крови на анализаторе","NameKZ":"Қан сарысуындағы несепнәрді  талдауышта анықтау ","Name":"Определение мочевины в сыворотке крови на анализаторе","ShortNameRU":"Определение мочевины в сыворотке крови на анализаторе","ShortNameKZ":"Қан сарысуындағы несепнәрді  талдауышта анықтау ","ShortName":"Определение мочевины в сыворотке крови на анализаторе","FullName":"B03.386.002 - Определение мочевины в сыворотке крови на анализаторе","Code":"B03.386.002","ExternalCode":null,"ServiceClassID":5,"ServiceClass":{"ServiceTypeID":2,"OrderBy":5,"MasterDataID":5,"NameRU":"Клиническая химия (биохимия)","NameKZ":"Клиникалық химия (биохимия)","Name":"Клиническая химия (биохимия)","PublicCode":"500","EndDate":null,"ID":"5","StrID":"5"},"Service":{"NameRU":"Определение мочевины в сыворотке крови на анализаторе","NameKZ":"Қан сарысуындағы несепнәрді талдауышта анықтау","Name":"Определение мочевины в сыворотке крови на анализаторе","ShortNameRU":"Мочевина на анализаторе","ShortNameKZ":"Мочевина на анализаторе","ShortName":"Мочевина на анализаторе","FullName":"B03.386.002 - Определение мочевины в сыворотке крови на анализаторе","Code":"B03.386.002","ServiceClassID":5,"ServiceClass":null,"ServiceSubClassID":6,"ServiceSubClass":null,"MaterialTypeID":202,"MaterialType":null,"MasterDataID":3136,"ID":"295","StrID":"295"},"MasterDataID":8269504,"ServiceSubClassID":6,"PayType":1,"ServiceSubClass":null,"ID":"2164626","StrID":"2164626"},"FullName":"B03.386.002 - Определение мочевины в сыворотке крови на анализаторе  () ","IsMain":true,"SourceID":"144971620_33976532","WorkPlaceID":20747,"WorkPlace":null,"DriverManager":null,"ParameterID":null,"Parameter":null,"AdditionalInfo":null,"Status":1,"PerformetServiceCount":7,"ResearchResultCount":0,"ApproveResearchResultCount":0,"NotSaveResearchResultCount":0,"ParentID":null,"ScreeningCandidatePlanGuid":null,"ScreeningUrl":null,"TakePlace":null,"MaterialTypeID":null,"MaterialType":null,"PartCount":0,"IsOrderProductionControl":false,"Uid":"88ea470d-ae88-453c-9a16-6907c24b6e97","OrderPerformerServices":[],"OrderResearchAllergens":[],"Results":[],"IsResumed":false,"ExecutionType":0,"ID":"67066121","StrID":"67066121"},"ParameterID":200852,"Parameter":{"ShortNameRU":"мочевина в сыворотке крови","ShortNameKZ":"қан сарысуындағы несепнәр","ShortName":"мочевина в сыворотке крови","DataType":0,"DataTypeName":"Число","UnitTypeID":100051,"UnitType":null,"MedicalFormID":null,"MasterDataID":0,"MedicalForm":null,"NameWithDataType":"мочевина в сыворотке крови  (Число)","NameRU":"мочевина в сыворотке крови","NameKZ":"қан сарысуындағы несепнәр","Name":"мочевина в сыворотке крови","PublicCode":"20085200","EndDate":null,"ID":"200852","StrID":"200852"},"ParameterValues":null,"ParameterValueID":null,"ParameterValue":null,"ResultText":"2.86","ResultValue":"2.86","ResultDate":"2026-08-29T18:44:29.4262306+05:00","PostID":"189416","Post":null,"ExecuteMethod":2,"SourceResultText":"2.86","SourceResultValue":"2.86","SourceResultExpression":null,"SourceUnitTypeID":100051,"SourceUnitType":{"OrderBy":52,"MasterDataID":null,"CDD_ID":null,"NameRU":"ммоль/л","NameKZ":"ммоль/л","Name":"ммоль/л","PublicCode":"10005100","EndDate":null,"ID":"100051","StrID":"100051"},"MultiplierID":null,"IsApproved":false,"IsValidated":false,"StandardMatchType":0,"ApproveDate":null,"ApprovePostID":null,"ApprovePost":null,"OrderNum":1,"WorkPlaceID":20747,"OrderID":null,"BacteriologyResult":null,"AnalyzerId":38,"IsOrderProductionControl":false,"ID":"207130283","StrID":"207130283"}
29.08.2026 18:44:28	Information:	Result object to save: 
29.08.2026 18:44:28	Information:	{"OrderResearchID":67066120,"OrderResearch":null,"ParameterID":200744,"Parameter":{"ShortNameRU":"креатинин в крови","ShortNameKZ":"қандағы креатинин","ShortName":"креатинин в крови","DataType":0,"DataTypeName":"Число","UnitTypeID":100041,"UnitType":{"NameRU":"мкмоль/л","NameKZ":"мкмоль/л","Name":"мкмоль/л","PublicCode":"10004100","OrderBy":42,"ID":100041,"StrID":"100041"},"MedicalFormID":null,"MedicalForm":null,"NameRU":"креатинин в крови","NameKZ":"қандағы креатинин","Name":"креатинин в крови","PublicCode":"20074400","OrderBy":null,"ID":200744,"StrID":"200744"},"ParameterValueID":null,"ParameterValue":null,"ResultText":"71.13","ResultValue":null,"ResultDate":"2026-08-29T18:44:28.6682154+05:00","PostID":0,"Post":null,"ExecuteMethod":2,"SourceResultText":"71.13","SourceResultValue":null,"SourceResultExpression":null,"SourceUnitTypeID":100041,"SourceUnitType":{"NameRU":"мкмоль/л","NameKZ":"мкмоль/л","Name":"мкмоль/л","PublicCode":"10004100","OrderBy":42,"ID":100041,"StrID":"100041"},"IsApproved":false,"ApproveDate":null,"ApprovePostID":null,"ApprovePost":null,"OrderNum":1,"WorkPlaceID":20747,"DriverManagerID":150,"BacteriologyResult":null,"AnalyzerId":38,"IsOrderProductionControl":false,"ID":0,"StrID":"0"}
29.08.2026 18:44:28	Information:	Save string: 
29.08.2026 18:44:28	Information:	{"OrderResearchID":67066120,"OrderResearch":{"OrderID":31119844,"ServiceMoID":2164651,"ServiceMoMasterDataID":8269505,"ServiceMo":{"OrgHealthCareID":"45500000000000909","ServiceID":296,"NameRU":"Определение креатинина в сыворотке крови на анализаторе","NameKZ":"Қан сарысуындағы  креатининді талдауышта анықтау ","Name":"Определение креатинина в сыворотке крови на анализаторе","ShortNameRU":"Определение креатинина в сыворотке крови на анализаторе","ShortNameKZ":"Қан сарысуындағы  креатининді талдауышта анықтау ","ShortName":"Определение креатинина в сыворотке крови на анализаторе","FullName":"B03.363.002 - Определение креатинина в сыворотке крови на анализаторе","Code":"B03.363.002","ExternalCode":null,"ServiceClassID":5,"ServiceClass":{"ServiceTypeID":2,"OrderBy":5,"MasterDataID":5,"NameRU":"Клиническая химия (биохимия)","NameKZ":"Клиникалық химия (биохимия)","Name":"Клиническая химия (биохимия)","PublicCode":"500","EndDate":null,"ID":"5","StrID":"5"},"Service":{"NameRU":"Определение креатинина в сыворотке крови на анализаторе","NameKZ":"Қан сарысуындағы креатининді талдауышта анықтау","Name":"Определение креатинина в сыворотке крови на анализаторе","ShortNameRU":"Креатинин на анализаторе","ShortNameKZ":"Креатинин на анализаторе","ShortName":"Креатинин на анализаторе","FullName":"B03.363.002 - Определение креатинина в сыворотке крови на анализаторе","Code":"B03.363.002","ServiceClassID":5,"ServiceClass":null,"ServiceSubClassID":6,"ServiceSubClass":null,"MaterialTypeID":202,"MaterialType":null,"MasterDataID":3137,"ID":"296","StrID":"296"},"MasterDataID":8269505,"ServiceSubClassID":6,"PayType":1,"ServiceSubClass":null,"ID":"2164651","StrID":"2164651"},"FullName":"B03.363.002 - Определение креатинина в сыворотке крови на анализаторе  () ","IsMain":true,"SourceID":"144971620_33976531","WorkPlaceID":20747,"WorkPlace":null,"DriverManager":null,"ParameterID":null,"Parameter":null,"AdditionalInfo":null,"Status":1,"PerformetServiceCount":7,"ResearchResultCount":0,"ApproveResearchResultCount":0,"NotSaveResearchResultCount":0,"ParentID":null,"ScreeningCandidatePlanGuid":null,"ScreeningUrl":null,"TakePlace":null,"MaterialTypeID":null,"MaterialType":null,"PartCount":0,"IsOrderProductionControl":false,"Uid":"174d7f27-9da6-4990-a22b-39defa7c8d65","OrderPerformerServices":[],"OrderResearchAllergens":[],"Results":[],"IsResumed":false,"ExecutionType":0,"ID":"67066120","StrID":"67066120"},"ParameterID":200744,"Parameter":{"ShortNameRU":"креатинин в крови","ShortNameKZ":"қандағы креатинин","ShortName":"креатинин в крови","DataType":0,"DataTypeName":"Число","UnitTypeID":100041,"UnitType":null,"MedicalFormID":null,"MasterDataID":0,"MedicalForm":null,"NameWithDataType":"креатинин в крови  (Число)","NameRU":"креатинин в крови","NameKZ":"қандағы креатинин","Name":"креатинин в крови","PublicCode":"20074400","EndDate":null,"ID":"200744","StrID":"200744"},"ParameterValues":null,"ParameterValueID":null,"ParameterValue":null,"ResultText":"71.13","ResultValue":"71.13","ResultDate":"2026-08-29T18:44:29.5045175+05:00","PostID":"189416","Post":null,"ExecuteMethod":2,"SourceResultText":"71.13","SourceResultValue":"71.13","SourceResultExpression":null,"SourceUnitTypeID":100041,"SourceUnitType":{"OrderBy":42,"MasterDataID":null,"CDD_ID":null,"NameRU":"мкмоль/л","NameKZ":"мкмоль/л","Name":"мкмоль/л","PublicCode":"10004100","EndDate":null,"ID":"100041","StrID":"100041"},"MultiplierID":null,"IsApproved":false,"IsValidated":false,"StandardMatchType":0,"ApproveDate":null,"ApprovePostID":null,"ApprovePost":null,"OrderNum":1,"WorkPlaceID":20747,"OrderID":null,"BacteriologyResult":null,"AnalyzerId":38,"IsOrderProductionControl":false,"ID":"207130284","StrID":"207130284"}
29.08.2026 18:44:28	Information:	Result object to save: 
29.08.2026 18:44:28	Information:	{"OrderResearchID":67066126,"OrderResearch":null,"ParameterID":201150,"Parameter":{"ShortNameRU":"СРБ","ShortNameKZ":"СРА","ShortName":"СРБ","DataType":0,"DataTypeName":"Число","UnitTypeID":100026,"UnitType":{"NameRU":"мг/л","NameKZ":"мг/л","Name":"мг/л","PublicCode":"10002600","OrderBy":27,"ID":100026,"StrID":"100026"},"MedicalFormID":null,"MedicalForm":null,"NameRU":"СРБ","NameKZ":"СРА","Name":"СРБ","PublicCode":"20115000","OrderBy":null,"ID":201150,"StrID":"201150"},"ParameterValueID":null,"ParameterValue":null,"ResultText":"23.16","ResultValue":null,"ResultDate":"2026-08-29T18:44:28.6682154+05:00","PostID":0,"Post":null,"ExecuteMethod":2,"SourceResultText":"23.16","SourceResultValue":null,"SourceResultExpression":null,"SourceUnitTypeID":100026,"SourceUnitType":{"NameRU":"мг/л","NameKZ":"мг/л","Name":"мг/л","PublicCode":"10002600","OrderBy":27,"ID":100026,"StrID":"100026"},"IsApproved":false,"ApproveDate":null,"ApprovePostID":null,"ApprovePost":null,"OrderNum":1,"WorkPlaceID":20747,"DriverManagerID":150,"BacteriologyResult":null,"AnalyzerId":38,"IsOrderProductionControl":false,"ID":0,"StrID":"0"}
29.08.2026 18:44:28	Information:	Save string: 
29.08.2026 18:44:28	Information:	{"OrderResearchID":67066126,"OrderResearch":{"OrderID":31119844,"ServiceMoID":2164726,"ServiceMoMasterDataID":8269508,"ServiceMo":{"OrgHealthCareID":"45500000000000909","ServiceID":299,"NameRU":"Определение «C» реактивного белка (СРБ) в сыворотке крови количественно","NameKZ":"Қан сарысуында \"C\" реактивті нәруызын сандық анықтау","Name":"Определение «C» реактивного белка (СРБ) в сыворотке крови количественно","ShortNameRU":"Определение «C» реактивного белка (СРБ) в сыворотке крови количественно","ShortNameKZ":"Қан сарысуында \"C\" реактивті нәруызын сандық анықтау","ShortName":"Определение «C» реактивного белка (СРБ) в сыворотке крови количественно","FullName":"B03.115.002 - Определение «C» реактивного белка (СРБ) в сыворотке крови количественно","Code":"B03.115.002","ExternalCode":null,"ServiceClassID":5,"ServiceClass":{"ServiceTypeID":2,"OrderBy":5,"MasterDataID":5,"NameRU":"Клиническая химия (биохимия)","NameKZ":"Клиникалық химия (биохимия)","Name":"Клиническая химия (биохимия)","PublicCode":"500","EndDate":null,"ID":"5","StrID":"5"},"Service":{"NameRU":"Определение «C» реактивного белка (СРБ) в сыворотке крови количественно","NameKZ":"Қан сарысуында \"C\" реактивті нәруызын сандық анықтау","Name":"Определение «C» реактивного белка (СРБ) в сыворотке крови количественно","ShortNameRU":"СРБ на анализаторе","ShortNameKZ":"СРБ на анализаторе","ShortName":"СРБ на анализаторе","FullName":"B03.115.002 - Определение «C» реактивного белка (СРБ) в сыворотке крови количественно","Code":"B03.115.002","ServiceClassID":5,"ServiceClass":null,"ServiceSubClassID":6,"ServiceSubClass":null,"MaterialTypeID":202,"MaterialType":null,"MasterDataID":3140,"ID":"299","StrID":"299"},"MasterDataID":8269508,"ServiceSubClassID":6,"PayType":1,"ServiceSubClass":null,"ID":"2164726","StrID":"2164726"},"FullName":"B03.115.002 - Определение «C» реактивного белка (СРБ) в сыворотке крови количественно  () ","IsMain":true,"SourceID":"144971620_33976538","WorkPlaceID":20747,"WorkPlace":null,"DriverManager":null,"ParameterID":null,"Parameter":null,"AdditionalInfo":null,"Status":1,"PerformetServiceCount":7,"ResearchResultCount":0,"ApproveResearchResultCount":0,"NotSaveResearchResultCount":0,"ParentID":null,"ScreeningCandidatePlanGuid":null,"ScreeningUrl":null,"TakePlace":null,"MaterialTypeID":null,"MaterialType":null,"PartCount":0,"IsOrderProductionControl":false,"Uid":"4d20b0e1-6c4f-4d75-a82b-3fa7b234c143","OrderPerformerServices":[],"OrderResearchAllergens":[],"Results":[],"IsResumed":false,"ExecutionType":0,"ID":"67066126","StrID":"67066126"},"ParameterID":201150,"Parameter":{"ShortNameRU":"СРБ","ShortNameKZ":"СРА","ShortName":"СРБ","DataType":0,"DataTypeName":"Число","UnitTypeID":100026,"UnitType":null,"MedicalFormID":null,"MasterDataID":0,"MedicalForm":null,"NameWithDataType":"СРБ  (Число)","NameRU":"СРБ","NameKZ":"СРА","Name":"СРБ","PublicCode":"20115000","EndDate":null,"ID":"201150","StrID":"201150"},"ParameterValues":null,"ParameterValueID":null,"ParameterValue":null,"ResultText":"23.16","ResultValue":"23.16","ResultDate":"2026-08-29T18:44:29.5678413+05:00","PostID":"189416","Post":null,"ExecuteMethod":2,"SourceResultText":"23.16","SourceResultValue":"23.16","SourceResultExpression":null,"SourceUnitTypeID":100026,"SourceUnitType":{"OrderBy":27,"MasterDataID":null,"CDD_ID":null,"NameRU":"мг/л","NameKZ":"мг/л","Name":"мг/л","PublicCode":"10002600","EndDate":null,"ID":"100026","StrID":"100026"},"MultiplierID":null,"IsApproved":false,"IsValidated":false,"StandardMatchType":0,"ApproveDate":null,"ApprovePostID":null,"ApprovePost":null,"OrderNum":1,"WorkPlaceID":20747,"OrderID":null,"BacteriologyResult":null,"AnalyzerId":38,"IsOrderProductionControl":false,"ID":"207130285","StrID":"207130285"}
29.08.2026 18:44:28	Information:	Result object to save: 
29.08.2026 18:44:28	Information:	{"OrderResearchID":67066127,"OrderResearch":null,"ParameterID":200365,"Parameter":{"ShortNameRU":"амилаза панкреатическая в сыворотке крови","ShortNameKZ":"қан сарысуындағы панкреатикалық амилаза","ShortName":"амилаза панкреатическая в сыворотке крови","DataType":0,"DataTypeName":"Число","UnitTypeID":100015,"UnitType":{"NameRU":"ЕД/л","NameKZ":"Бірл/л","Name":"ЕД/л","PublicCode":"10001500","OrderBy":16,"ID":100015,"StrID":"100015"},"MedicalFormID":null,"MedicalForm":null,"NameRU":"амилаза панкреатическая в сыворотке крови","NameKZ":"қан сарысуындағы панкреатикалық амилаза","Name":"амилаза панкреатическая в сыворотке крови","PublicCode":"20036500","OrderBy":null,"ID":200365,"StrID":"200365"},"ParameterValueID":null,"ParameterValue":null,"ResultText":"61.71","ResultValue":null,"ResultDate":"2026-08-29T18:44:28.6682154+05:00","PostID":0,"Post":null,"ExecuteMethod":1,"SourceResultText":"61.71","SourceResultValue":null,"SourceResultExpression":null,"SourceUnitTypeID":100015,"SourceUnitType":{"NameRU":"ЕД/л","NameKZ":"Бірл/л","Name":"ЕД/л","PublicCode":"10001500","OrderBy":16,"ID":100015,"StrID":"100015"},"IsApproved":false,"ApproveDate":null,"ApprovePostID":null,"ApprovePost":null,"OrderNum":1,"WorkPlaceID":20747,"DriverManagerID":150,"BacteriologyResult":null,"AnalyzerId":38,"IsOrderProductionControl":false,"ID":0,"StrID":"0"}
29.08.2026 18:44:28	Information:	Save string: 
29.08.2026 18:44:28	Information:	{"OrderResearchID":67066127,"OrderResearch":{"OrderID":31119844,"ServiceMoID":2164826,"ServiceMoMasterDataID":8269512,"ServiceMo":{"OrgHealthCareID":"45500000000000909","ServiceID":303,"NameRU":"Определение амилазы панкреатической в сыворотке крови на анализаторе","NameKZ":"Қан сарысуындағы панкреатит амилазасын талдауышта анықтау","Name":"Определение амилазы панкреатической в сыворотке крови на анализаторе","ShortNameRU":"Определение амилазы панкреатической в сыворотке крови на анализаторе","ShortNameKZ":"Қан сарысуындағы панкреатит амилазасын талдауышта анықтау","ShortName":"Определение амилазы панкреатической в сыворотке крови на анализаторе","FullName":"B03.160.002 - Определение амилазы панкреатической в сыворотке крови на анализаторе","Code":"B03.160.002","ExternalCode":null,"ServiceClassID":5,"ServiceClass":{"ServiceTypeID":2,"OrderBy":5,"MasterDataID":5,"NameRU":"Клиническая химия (биохимия)","NameKZ":"Клиникалық химия (биохимия)","Name":"Клиническая химия (биохимия)","PublicCode":"500","EndDate":null,"ID":"5","StrID":"5"},"Service":{"NameRU":"Определение амилазы панкреатической в сыворотке крови на анализаторе","NameKZ":"Қан сарысуындағы панкреатит амилазасын талдауышта анықтау","Name":"Определение амилазы панкреатической в сыворотке крови на анализаторе","ShortNameRU":"Амилаза панкреатическая на анализаторе","ShortNameKZ":"Амилаза панкреатическая на анализаторе","ShortName":"Амилаза панкреатическая на анализаторе","FullName":"B03.160.002 - Определение амилазы панкреатической в сыворотке крови на анализаторе","Code":"B03.160.002","ServiceClassID":5,"ServiceClass":null,"ServiceSubClassID":6,"ServiceSubClass":null,"MaterialTypeID":202,"MaterialType":null,"MasterDataID":3144,"ID":"303","StrID":"303"},"MasterDataID":8269512,"ServiceSubClassID":6,"PayType":1,"ServiceSubClass":null,"ID":"2164826","StrID":"2164826"},"FullName":"B03.160.002 - Определение амилазы панкреатической в сыворотке крови на анализаторе  () ","IsMain":true,"SourceID":"144971620_33976537","WorkPlaceID":20747,"WorkPlace":null,"DriverManager":null,"ParameterID":null,"Parameter":null,"AdditionalInfo":null,"Status":1,"PerformetServiceCount":0,"ResearchResultCount":0,"ApproveResearchResultCount":0,"NotSaveResearchResultCount":0,"ParentID":null,"ScreeningCandidatePlanGuid":null,"ScreeningUrl":null,"TakePlace":null,"MaterialTypeID":null,"MaterialType":null,"PartCount":0,"IsOrderProductionControl":false,"Uid":"6e7a48dc-546e-49d6-8bc3-604fe182efaa","OrderPerformerServices":[],"OrderResearchAllergens":[],"Results":[],"IsResumed":false,"ExecutionType":0,"ID":"67066127","StrID":"67066127"},"ParameterID":200365,"Parameter":{"ShortNameRU":"амилаза панкреатическая в сыворотке крови","ShortNameKZ":"қан сарысуындағы панкреатикалық амилаза","ShortName":"амилаза панкреатическая в сыворотке крови","DataType":0,"DataTypeName":"Число","UnitTypeID":100015,"UnitType":null,"MedicalFormID":null,"MasterDataID":0,"MedicalForm":null,"NameWithDataType":"амилаза панкреатическая в сыворотке крови  (Число)","NameRU":"амилаза панкреатическая в сыворотке крови","NameKZ":"қан сарысуындағы панкреатикалық амилаза","Name":"амилаза панкреатическая в сыворотке крови","PublicCode":"20036500","EndDate":null,"ID":"200365","StrID":"200365"},"ParameterValues":null,"ParameterValueID":null,"ParameterValue":null,"ResultText":"61.71","ResultValue":"61.71","ResultDate":"2026-08-29T18:44:29.6437434+05:00","PostID":"189416","Post":null,"ExecuteMethod":2,"SourceResultText":"61.71","SourceResultValue":"61.71","SourceResultExpression":null,"SourceUnitTypeID":100015,"SourceUnitType":{"OrderBy":16,"MasterDataID":null,"CDD_ID":null,"NameRU":"ЕД/л","NameKZ":"Бірл/л","Name":"ЕД/л","PublicCode":"10001500","EndDate":null,"ID":"100015","StrID":"100015"},"MultiplierID":null,"IsApproved":false,"IsValidated":false,"StandardMatchType":0,"ApproveDate":null,"ApprovePostID":null,"ApprovePost":null,"OrderNum":1,"WorkPlaceID":20747,"OrderID":null,"BacteriologyResult":null,"AnalyzerId":38,"IsOrderProductionControl":false,"ID":"207130286","StrID":"207130286"}
29.08.2026 18:44:28	Debug:	 SendResults SaveDeviceResults = 811 ms
29.08.2026 18:44:28	Debug:	 total for SendResults = 1617 ms
29.08.2026 18:45:40	Information:	url https://lab-vko.dmed.kz/ /api/DriverManager/PingDevice
29.08.2026 18:45:40	Information:	{
"Hash": "w9LjvpRCyoByGV3Lzv0iX9dSI0tLK0uV+pRojL1kufc=",
"Status": 0
}


29.08.2026 18:45:40	Information:	Ping ret is {"Status":0,"Comment":null}
29.08.2026 18:47:41	Information:	url https://lab-vko.dmed.kz/ /api/DriverManager/PingDevice
29.08.2026 18:47:41	Information:	{
"Hash": "w9LjvpRCyoByGV3Lzv0iX9dSI0tLK0uV+pRojL1kufc=",
"Status": 0
}


29.08.2026 18:47:41	Information:	Ping ret is {"Status":0,"Comment":null}
29.08.2026 18:49:41	Information:	url https://lab-vko.dmed.kz/ /api/DriverManager/PingDevice
29.08.2026 18:49:41	Information:	{
"Hash": "w9LjvpRCyoByGV3Lzv0iX9dSI0tLK0uV+pRojL1kufc=",
"Status": 0
}


29.08.2026 18:49:41	Information:	Ping ret is {"Status":0,"Comment":null}
29.08.2026 18:51:42	Information:	url https://lab-vko.dmed.kz/ /api/DriverManager/PingDevice
29.08.2026 18:51:42	Information:	{
"Hash": "w9LjvpRCyoByGV3Lzv0iX9dSI0tLK0uV+pRojL1kufc=",
"Status": 0
}


29.08.2026 18:51:42	Information:	Ping ret is {"Status":0,"Comment":null}
29.08.2026 18:53:42	Information:	url https://lab-vko.dmed.kz/ /api/DriverManager/PingDevice
29.08.2026 18:53:42	Information:	{
"Hash": "w9LjvpRCyoByGV3Lzv0iX9dSI0tLK0uV+pRojL1kufc=",
"Status": 0
}


29.08.2026 18:53:42	Information:	Ping ret is {"Status":0,"Comment":null}
29.08.2026 18:54:26	Information:	refresh tokens
29.08.2026 18:55:43	Information:	url https://lab-vko.dmed.kz/ /api/DriverManager/PingDevice
29.08.2026 18:55:43	Information:	{
"Hash": "w9LjvpRCyoByGV3Lzv0iX9dSI0tLK0uV+pRojL1kufc=",
"Status": 0
}


29.08.2026 18:55:43	Information:	Ping ret is {"Status":0,"Comment":null}
29.08.2026 18:57:43	Information:	url https://lab-vko.dmed.kz/ /api/DriverManager/PingDevice
29.08.2026 18:57:43	Information:	{
"Hash": "w9LjvpRCyoByGV3Lzv0iX9dSI0tLK0uV+pRojL1kufc=",
"Status": 0
}


29.08.2026 18:57:43	Information:	Ping ret is {"Status":0,"Comment":null}
29.08.2026 18:59:44	Information:	url https://lab-vko.dmed.kz/ /api/DriverManager/PingDevice
29.08.2026 18:59:44	Information:	{
"Hash": "w9LjvpRCyoByGV3Lzv0iX9dSI0tLK0uV+pRojL1kufc=",
"Status": 0
}


29.08.2026 18:59:44	Information:	Ping ret is {"Status":0,"Comment":null}
29.08.2026 19:01:44	Information:	url https://lab-vko.dmed.kz/ /api/DriverManager/PingDevice
29.08.2026 19:01:44	Information:	{
"Hash": "w9LjvpRCyoByGV3Lzv0iX9dSI0tLK0uV+pRojL1kufc=",
"Status": 0
}


29.08.2026 19:01:44	Information:	Ping ret is {"Status":0,"Comment":null}
29.08.2026 19:03:45	Information:	url https://lab-vko.dmed.kz/ /api/DriverManager/PingDevice
29.08.2026 19:03:45	Information:	{
"Hash": "w9LjvpRCyoByGV3Lzv0iX9dSI0tLK0uV+pRojL1kufc=",
"Status": 0
}


29.08.2026 19:03:45	Information:	Ping ret is {"Status":0,"Comment":null}
29.08.2026 19:04:26	Information:	refresh tokens
29.08.2026 19:05:46	Information:	url https://lab-vko.dmed.kz/ /api/DriverManager/PingDevice
29.08.2026 19:05:46	Information:	{
"Hash": "w9LjvpRCyoByGV3Lzv0iX9dSI0tLK0uV+pRojL1kufc=",
"Status": 0
}


29.08.2026 19:05:46	Information:	Ping ret is {"Status":0,"Comment":null}
29.08.2026 19:07:46	Information:	url https://lab-vko.dmed.kz/ /api/DriverManager/PingDevice
29.08.2026 19:07:46	Information:	{
"Hash": "w9LjvpRCyoByGV3Lzv0iX9dSI0tLK0uV+pRojL1kufc=",
"Status": 0
}


29.08.2026 19:07:46	Information:	Ping ret is {"Status":0,"Comment":null}
29.08.2026 19:09:46	Information:	url https://lab-vko.dmed.kz/ /api/DriverManager/PingDevice
29.08.2026 19:09:46	Information:	{
"Hash": "w9LjvpRCyoByGV3Lzv0iX9dSI0tLK0uV+pRojL1kufc=",
"Status": 0
}


29.08.2026 19:09:46	Information:	Ping ret is {"Status":0,"Comment":null}
29.08.2026 19:11:47	Information:	url https://lab-vko.dmed.kz/ /api/DriverManager/PingDevice
29.08.2026 19:11:47	Information:	{
"Hash": "w9LjvpRCyoByGV3Lzv0iX9dSI0tLK0uV+pRojL1kufc=",
"Status": 0
}


29.08.2026 19:11:47	Information:	Ping ret is {"Status":0,"Comment":null}
29.08.2026 19:13:48	Information:	url https://lab-vko.dmed.kz/ /api/DriverManager/PingDevice
29.08.2026 19:13:48	Information:	{
"Hash": "w9LjvpRCyoByGV3Lzv0iX9dSI0tLK0uV+pRojL1kufc=",
"Status": 0
}


29.08.2026 19:13:48	Information:	Ping ret is {"Status":0,"Comment":null}
29.08.2026 19:14:26	Information:	refresh tokens
29.08.2026 19:15:48	Information:	url https://lab-vko.dmed.kz/ /api/DriverManager/PingDevice
29.08.2026 19:15:48	Information:	{
"Hash": "w9LjvpRCyoByGV3Lzv0iX9dSI0tLK0uV+pRojL1kufc=",
"Status": 0
}


29.08.2026 19:15:48	Information:	Ping ret is {"Status":0,"Comment":null}
29.08.2026 19:17:49	Information:	url https://lab-vko.dmed.kz/ /api/DriverManager/PingDevice
29.08.2026 19:17:49	Information:	{
"Hash": "w9LjvpRCyoByGV3Lzv0iX9dSI0tLK0uV+pRojL1kufc=",
"Status": 0
}


29.08.2026 19:17:49	Information:	Ping ret is {"Status":0,"Comment":null}
29.08.2026 19:19:49	Information:	url https://lab-vko.dmed.kz/ /api/DriverManager/PingDevice
29.08.2026 19:19:49	Information:	{
"Hash": "w9LjvpRCyoByGV3Lzv0iX9dSI0tLK0uV+pRojL1kufc=",
"Status": 0
}


29.08.2026 19:19:49	Information:	Ping ret is {"Status":0,"Comment":null}
29.08.2026 19:21:49	Information:	url https://lab-vko.dmed.kz/ /api/DriverManager/PingDevice
29.08.2026 19:21:49	Information:	{
"Hash": "w9LjvpRCyoByGV3Lzv0iX9dSI0tLK0uV+pRojL1kufc=",
"Status": 0
}


29.08.2026 19:21:49	Information:	Ping ret is {"Status":0,"Comment":null}
29.08.2026 19:23:50	Information:	url https://lab-vko.dmed.kz/ /api/DriverManager/PingDevice
29.08.2026 19:23:50	Information:	{
"Hash": "w9LjvpRCyoByGV3Lzv0iX9dSI0tLK0uV+pRojL1kufc=",
"Status": 0
}


29.08.2026 19:23:50	Information:	Ping ret is {"Status":0,"Comment":null}
29.08.2026 19:24:26	Information:	refresh tokens
29.08.2026 19:25:51	Information:	url https://lab-vko.dmed.kz/ /api/DriverManager/PingDevice
29.08.2026 19:25:51	Information:	{
"Hash": "w9LjvpRCyoByGV3Lzv0iX9dSI0tLK0uV+pRojL1kufc=",
"Status": 0
}


29.08.2026 19:25:51	Information:	Ping ret is {"Status":0,"Comment":null}
29.08.2026 19:27:51	Information:	url https://lab-vko.dmed.kz/ /api/DriverManager/PingDevice
29.08.2026 19:27:51	Information:	{
"Hash": "w9LjvpRCyoByGV3Lzv0iX9dSI0tLK0uV+pRojL1kufc=",
"Status": 0
}


29.08.2026 19:27:51	Information:	Ping ret is {"Status":0,"Comment":null}
29.08.2026 19:29:52	Information:	url https://lab-vko.dmed.kz/ /api/DriverManager/PingDevice
29.08.2026 19:29:52	Information:	{
"Hash": "w9LjvpRCyoByGV3Lzv0iX9dSI0tLK0uV+pRojL1kufc=",
"Status": 0
}


29.08.2026 19:29:52	Information:	Ping ret is {"Status":0,"Comment":null}
29.08.2026 19:31:52	Information:	url https://lab-vko.dmed.kz/ /api/DriverManager/PingDevice
29.08.2026 19:31:52	Information:	{
"Hash": "w9LjvpRCyoByGV3Lzv0iX9dSI0tLK0uV+pRojL1kufc=",
"Status": 0
}


29.08.2026 19:31:52	Information:	Ping ret is {"Status":0,"Comment":null}
29.08.2026 19:33:53	Information:	url https://lab-vko.dmed.kz/ /api/DriverManager/PingDevice
29.08.2026 19:33:53	Information:	{
"Hash": "w9LjvpRCyoByGV3Lzv0iX9dSI0tLK0uV+pRojL1kufc=",
"Status": 0
}


29.08.2026 19:33:53	Information:	Ping ret is {"Status":0,"Comment":null}
29.08.2026 19:34:26	Information:	refresh tokens
29.08.2026 19:35:54	Information:	url https://lab-vko.dmed.kz/ /api/DriverManager/PingDevice
29.08.2026 19:35:54	Information:	{
"Hash": "w9LjvpRCyoByGV3Lzv0iX9dSI0tLK0uV+pRojL1kufc=",
"Status": 0
}


29.08.2026 19:35:54	Information:	Ping ret is {"Status":0,"Comment":null}
29.08.2026 19:37:54	Information:	url https://lab-vko.dmed.kz/ /api/DriverManager/PingDevice
29.08.2026 19:37:54	Information:	{
"Hash": "w9LjvpRCyoByGV3Lzv0iX9dSI0tLK0uV+pRojL1kufc=",
"Status": 0
}


29.08.2026 19:37:54	Information:	Ping ret is {"Status":0,"Comment":null}
29.08.2026 19:39:55	Information:	url https://lab-vko.dmed.kz/ /api/DriverManager/PingDevice
29.08.2026 19:39:55	Information:	{
"Hash": "w9LjvpRCyoByGV3Lzv0iX9dSI0tLK0uV+pRojL1kufc=",
"Status": 0
}


29.08.2026 19:39:55	Information:	Ping ret is {"Status":0,"Comment":null}
29.08.2026 19:41:55	Information:	url https://lab-vko.dmed.kz/ /api/DriverManager/PingDevice
29.08.2026 19:41:55	Information:	{
"Hash": "w9LjvpRCyoByGV3Lzv0iX9dSI0tLK0uV+pRojL1kufc=",
"Status": 0
}


29.08.2026 19:41:55	Information:	Ping ret is {"Status":0,"Comment":null}
29.08.2026 19:43:55	Information:	url https://lab-vko.dmed.kz/ /api/DriverManager/PingDevice
29.08.2026 19:43:55	Information:	{
"Hash": "w9LjvpRCyoByGV3Lzv0iX9dSI0tLK0uV+pRojL1kufc=",
"Status": 0
}


29.08.2026 19:43:55	Information:	Ping ret is {"Status":0,"Comment":null}
29.08.2026 19:44:26	Information:	refresh tokens
29.08.2026 19:45:56	Information:	url https://lab-vko.dmed.kz/ /api/DriverManager/PingDevice
29.08.2026 19:45:56	Information:	{
"Hash": "w9LjvpRCyoByGV3Lzv0iX9dSI0tLK0uV+pRojL1kufc=",
"Status": 0
}


29.08.2026 19:45:56	Information:	Ping ret is {"Status":0,"Comment":null}
29.08.2026 19:47:57	Information:	url https://lab-vko.dmed.kz/ /api/DriverManager/PingDevice
29.08.2026 19:47:57	Information:	{
"Hash": "w9LjvpRCyoByGV3Lzv0iX9dSI0tLK0uV+pRojL1kufc=",
"Status": 0
}


29.08.2026 19:47:57	Information:	Ping ret is {"Status":0,"Comment":null}
29.08.2026 19:49:57	Information:	url https://lab-vko.dmed.kz/ /api/DriverManager/PingDevice
29.08.2026 19:49:57	Information:	{
"Hash": "w9LjvpRCyoByGV3Lzv0iX9dSI0tLK0uV+pRojL1kufc=",
"Status": 0
}


29.08.2026 19:49:57	Information:	Ping ret is {"Status":0,"Comment":null}
29.08.2026 19:51:58	Information:	url https://lab-vko.dmed.kz/ /api/DriverManager/PingDevice
29.08.2026 19:51:58	Information:	{
"Hash": "w9LjvpRCyoByGV3Lzv0iX9dSI0tLK0uV+pRojL1kufc=",
"Status": 0
}


29.08.2026 19:51:58	Information:	Ping ret is {"Status":0,"Comment":null}
29.08.2026 19:53:58	Information:	url https://lab-vko.dmed.kz/ /api/DriverManager/PingDevice
29.08.2026 19:53:58	Information:	{
"Hash": "w9LjvpRCyoByGV3Lzv0iX9dSI0tLK0uV+pRojL1kufc=",
"Status": 0
}


29.08.2026 19:53:58	Information:	Ping ret is {"Status":0,"Comment":null}
29.08.2026 19:54:26	Information:	refresh tokens
29.08.2026 19:55:59	Information:	url https://lab-vko.dmed.kz/ /api/DriverManager/PingDevice
29.08.2026 19:55:59	Information:	{
"Hash": "w9LjvpRCyoByGV3Lzv0iX9dSI0tLK0uV+pRojL1kufc=",
"Status": 0
}


29.08.2026 19:55:59	Information:	Ping ret is {"Status":0,"Comment":null}
29.08.2026 19:57:59	Information:	url https://lab-vko.dmed.kz/ /api/DriverManager/PingDevice
29.08.2026 19:57:59	Information:	{
"Hash": "w9LjvpRCyoByGV3Lzv0iX9dSI0tLK0uV+pRojL1kufc=",
"Status": 0
}


29.08.2026 19:57:59	Information:	Ping ret is {"Status":0,"Comment":null}
29.08.2026 20:00:00	Information:	url https://lab-vko.dmed.kz/ /api/DriverManager/PingDevice
29.08.2026 20:00:00	Information:	{
"Hash": "w9LjvpRCyoByGV3Lzv0iX9dSI0tLK0uV+pRojL1kufc=",
"Status": 0
}


29.08.2026 20:00:00	Information:	Ping ret is {"Status":0,"Comment":null}
29.08.2026 20:02:00	Information:	url https://lab-vko.dmed.kz/ /api/DriverManager/PingDevice
29.08.2026 20:02:00	Information:	{
"Hash": "w9LjvpRCyoByGV3Lzv0iX9dSI0tLK0uV+pRojL1kufc=",
"Status": 0
}


29.08.2026 20:02:00	Information:	Ping ret is {"Status":0,"Comment":null}
29.08.2026 20:04:01	Information:	url https://lab-vko.dmed.kz/ /api/DriverManager/PingDevice
29.08.2026 20:04:01	Information:	{
"Hash": "w9LjvpRCyoByGV3Lzv0iX9dSI0tLK0uV+pRojL1kufc=",
"Status": 0
}


29.08.2026 20:04:01	Information:	Ping ret is {"Status":0,"Comment":null}
29.08.2026 20:04:26	Information:	refresh tokens
29.08.2026 20:06:01	Information:	url https://lab-vko.dmed.kz/ /api/DriverManager/PingDevice
29.08.2026 20:06:01	Information:	{
"Hash": "w9LjvpRCyoByGV3Lzv0iX9dSI0tLK0uV+pRojL1kufc=",
"Status": 0
}


29.08.2026 20:06:01	Information:	Ping ret is {"Status":0,"Comment":null}
29.08.2026 20:08:02	Information:	url https://lab-vko.dmed.kz/ /api/DriverManager/PingDevice
29.08.2026 20:08:02	Information:	{
"Hash": "w9LjvpRCyoByGV3Lzv0iX9dSI0tLK0uV+pRojL1kufc=",
"Status": 0
}


29.08.2026 20:08:02	Information:	Ping ret is {"Status":0,"Comment":null}
29.08.2026 20:10:02	Information:	url https://lab-vko.dmed.kz/ /api/DriverManager/PingDevice
29.08.2026 20:10:02	Information:	{
"Hash": "w9LjvpRCyoByGV3Lzv0iX9dSI0tLK0uV+pRojL1kufc=",
"Status": 0
}


29.08.2026 20:10:02	Information:	Ping ret is {"Status":0,"Comment":null}
29.08.2026 20:12:03	Information:	url https://lab-vko.dmed.kz/ /api/DriverManager/PingDevice
29.08.2026 20:12:03	Information:	{
"Hash": "w9LjvpRCyoByGV3Lzv0iX9dSI0tLK0uV+pRojL1kufc=",
"Status": 0
}


29.08.2026 20:12:03	Information:	Ping ret is {"Status":0,"Comment":null}
29.08.2026 20:14:03	Information:	url https://lab-vko.dmed.kz/ /api/DriverManager/PingDevice
29.08.2026 20:14:03	Information:	{
"Hash": "w9LjvpRCyoByGV3Lzv0iX9dSI0tLK0uV+pRojL1kufc=",
"Status": 0
}


29.08.2026 20:14:03	Information:	Ping ret is {"Status":0,"Comment":null}
29.08.2026 20:14:26	Information:	refresh tokens
29.08.2026 20:16:04	Information:	url https://lab-vko.dmed.kz/ /api/DriverManager/PingDevice
29.08.2026 20:16:04	Information:	{
"Hash": "w9LjvpRCyoByGV3Lzv0iX9dSI0tLK0uV+pRojL1kufc=",
"Status": 0
}


29.08.2026 20:16:04	Information:	Ping ret is {"Status":0,"Comment":null}
29.08.2026 20:18:04	Information:	url https://lab-vko.dmed.kz/ /api/DriverManager/PingDevice
29.08.2026 20:18:04	Information:	{
"Hash": "w9LjvpRCyoByGV3Lzv0iX9dSI0tLK0uV+pRojL1kufc=",
"Status": 0
}


29.08.2026 20:18:04	Information:	Ping ret is {"Status":0,"Comment":null}
29.08.2026 20:20:05	Information:	url https://lab-vko.dmed.kz/ /api/DriverManager/PingDevice
29.08.2026 20:20:05	Information:	{
"Hash": "w9LjvpRCyoByGV3Lzv0iX9dSI0tLK0uV+pRojL1kufc=",
"Status": 0
}


29.08.2026 20:20:05	Information:	Ping ret is {"Status":0,"Comment":null}
29.08.2026 20:22:05	Information:	url https://lab-vko.dmed.kz/ /api/DriverManager/PingDevice
29.08.2026 20:22:05	Information:	{
"Hash": "w9LjvpRCyoByGV3Lzv0iX9dSI0tLK0uV+pRojL1kufc=",
"Status": 0
}


29.08.2026 20:22:05	Information:	Ping ret is {"Status":0,"Comment":null}
29.08.2026 20:24:05	Information:	url https://lab-vko.dmed.kz/ /api/DriverManager/PingDevice
29.08.2026 20:24:05	Information:	{
"Hash": "w9LjvpRCyoByGV3Lzv0iX9dSI0tLK0uV+pRojL1kufc=",
"Status": 0
}


29.08.2026 20:24:05	Information:	Ping ret is {"Status":0,"Comment":null}
29.08.2026 20:24:26	Information:	refresh tokens
29.08.2026 20:26:06	Information:	url https://lab-vko.dmed.kz/ /api/DriverManager/PingDevice
29.08.2026 20:26:06	Information:	{
"Hash": "w9LjvpRCyoByGV3Lzv0iX9dSI0tLK0uV+pRojL1kufc=",
"Status": 0
}


29.08.2026 20:26:06	Information:	Ping ret is {"Status":0,"Comment":null}
29.08.2026 20:28:06	Information:	url https://lab-vko.dmed.kz/ /api/DriverManager/PingDevice
29.08.2026 20:28:07	Information:	{
"Hash": "w9LjvpRCyoByGV3Lzv0iX9dSI0tLK0uV+pRojL1kufc=",
"Status": 0
}


29.08.2026 20:28:07	Information:	Ping ret is {"Status":0,"Comment":null}
29.08.2026 20:30:07	Information:	url https://lab-vko.dmed.kz/ /api/DriverManager/PingDevice
29.08.2026 20:30:07	Information:	{
"Hash": "w9LjvpRCyoByGV3Lzv0iX9dSI0tLK0uV+pRojL1kufc=",
"Status": 0
}


29.08.2026 20:30:07	Information:	Ping ret is {"Status":0,"Comment":null}
29.08.2026 20:32:07	Information:	url https://lab-vko.dmed.kz/ /api/DriverManager/PingDevice
29.08.2026 20:32:07	Information:	{
"Hash": "w9LjvpRCyoByGV3Lzv0iX9dSI0tLK0uV+pRojL1kufc=",
"Status": 0
}


29.08.2026 20:32:07	Information:	Ping ret is {"Status":0,"Comment":null}
29.08.2026 20:34:08	Information:	url https://lab-vko.dmed.kz/ /api/DriverManager/PingDevice
29.08.2026 20:34:08	Information:	{
"Hash": "w9LjvpRCyoByGV3Lzv0iX9dSI0tLK0uV+pRojL1kufc=",
"Status": 0
}


29.08.2026 20:34:08	Information:	Ping ret is {"Status":0,"Comment":null}
29.08.2026 20:34:26	Information:	refresh tokens
29.08.2026 20:36:09	Information:	url https://lab-vko.dmed.kz/ /api/DriverManager/PingDevice
29.08.2026 20:36:09	Information:	{
"Hash": "w9LjvpRCyoByGV3Lzv0iX9dSI0tLK0uV+pRojL1kufc=",
"Status": 0
}


29.08.2026 20:36:09	Information:	Ping ret is {"Status":0,"Comment":null}
29.08.2026 20:38:09	Information:	url https://lab-vko.dmed.kz/ /api/DriverManager/PingDevice
29.08.2026 20:38:09	Information:	{
"Hash": "w9LjvpRCyoByGV3Lzv0iX9dSI0tLK0uV+pRojL1kufc=",
"Status": 0
}


29.08.2026 20:38:09	Information:	Ping ret is {"Status":0,"Comment":null}
29.08.2026 20:40:10	Information:	url https://lab-vko.dmed.kz/ /api/DriverManager/PingDevice
29.08.2026 20:40:10	Information:	{
"Hash": "w9LjvpRCyoByGV3Lzv0iX9dSI0tLK0uV+pRojL1kufc=",
"Status": 0
}


29.08.2026 20:40:10	Information:	Ping ret is {"Status":0,"Comment":null}
29.08.2026 20:42:11	Information:	url https://lab-vko.dmed.kz/ /api/DriverManager/PingDevice
29.08.2026 20:42:11	Information:	{
"Hash": "w9LjvpRCyoByGV3Lzv0iX9dSI0tLK0uV+pRojL1kufc=",
"Status": 0
}


29.08.2026 20:42:11	Information:	Ping ret is {"Status":0,"Comment":null}
29.08.2026 20:44:11	Information:	url https://lab-vko.dmed.kz/ /api/DriverManager/PingDevice
29.08.2026 20:44:11	Information:	{
"Hash": "w9LjvpRCyoByGV3Lzv0iX9dSI0tLK0uV+pRojL1kufc=",
"Status": 0
}


29.08.2026 20:44:11	Information:	Ping ret is {"Status":0,"Comment":null}
29.08.2026 20:44:26	Information:	refresh tokens
29.08.2026 20:46:12	Information:	url https://lab-vko.dmed.kz/ /api/DriverManager/PingDevice
29.08.2026 20:46:12	Information:	{
"Hash": "w9LjvpRCyoByGV3Lzv0iX9dSI0tLK0uV+pRojL1kufc=",
"Status": 0
}


29.08.2026 20:46:12	Information:	Ping ret is {"Status":0,"Comment":null}
29.08.2026 20:48:12	Information:	url https://lab-vko.dmed.kz/ /api/DriverManager/PingDevice
29.08.2026 20:48:12	Information:	{
"Hash": "w9LjvpRCyoByGV3Lzv0iX9dSI0tLK0uV+pRojL1kufc=",
"Status": 0
}


29.08.2026 20:48:12	Information:	Ping ret is {"Status":0,"Comment":null}
29.08.2026 20:50:13	Information:	url https://lab-vko.dmed.kz/ /api/DriverManager/PingDevice
29.08.2026 20:50:13	Information:	{
"Hash": "w9LjvpRCyoByGV3Lzv0iX9dSI0tLK0uV+pRojL1kufc=",
"Status": 0
}


29.08.2026 20:50:13	Information:	Ping ret is {"Status":0,"Comment":null}
29.08.2026 20:52:13	Information:	url https://lab-vko.dmed.kz/ /api/DriverManager/PingDevice
29.08.2026 20:52:13	Information:	{
"Hash": "w9LjvpRCyoByGV3Lzv0iX9dSI0tLK0uV+pRojL1kufc=",
"Status": 0
}


29.08.2026 20:52:13	Information:	Ping ret is {"Status":0,"Comment":null}
29.08.2026 20:54:14	Information:	url https://lab-vko.dmed.kz/ /api/DriverManager/PingDevice
29.08.2026 20:54:14	Information:	{
"Hash": "w9LjvpRCyoByGV3Lzv0iX9dSI0tLK0uV+pRojL1kufc=",
"Status": 0
}


29.08.2026 20:54:14	Information:	Ping ret is {"Status":0,"Comment":null}
29.08.2026 20:54:26	Information:	refresh tokens
29.08.2026 20:56:15	Information:	url https://lab-vko.dmed.kz/ /api/DriverManager/PingDevice
29.08.2026 20:56:15	Information:	{
"Hash": "w9LjvpRCyoByGV3Lzv0iX9dSI0tLK0uV+pRojL1kufc=",
"Status": 0
}


29.08.2026 20:56:15	Information:	Ping ret is {"Status":0,"Comment":null}
29.08.2026 20:58:15	Information:	url https://lab-vko.dmed.kz/ /api/DriverManager/PingDevice
29.08.2026 20:58:15	Information:	{
"Hash": "w9LjvpRCyoByGV3Lzv0iX9dSI0tLK0uV+pRojL1kufc=",
"Status": 0
}


29.08.2026 20:58:15	Information:	Ping ret is {"Status":0,"Comment":null}
29.08.2026 21:00:16	Information:	url https://lab-vko.dmed.kz/ /api/DriverManager/PingDevice
29.08.2026 21:00:16	Information:	{
"Hash": "w9LjvpRCyoByGV3Lzv0iX9dSI0tLK0uV+pRojL1kufc=",
"Status": 0
}


29.08.2026 21:00:16	Information:	Ping ret is {"Status":0,"Comment":null}
29.08.2026 21:02:16	Information:	url https://lab-vko.dmed.kz/ /api/DriverManager/PingDevice
29.08.2026 21:02:16	Information:	{
"Hash": "w9LjvpRCyoByGV3Lzv0iX9dSI0tLK0uV+pRojL1kufc=",
"Status": 0
}


29.08.2026 21:02:16	Information:	Ping ret is {"Status":0,"Comment":null}
29.08.2026 21:04:17	Information:	url https://lab-vko.dmed.kz/ /api/DriverManager/PingDevice
29.08.2026 21:04:17	Information:	{
"Hash": "w9LjvpRCyoByGV3Lzv0iX9dSI0tLK0uV+pRojL1kufc=",
"Status": 0
}


29.08.2026 21:04:17	Information:	Ping ret is {"Status":0,"Comment":null}
29.08.2026 21:04:26	Information:	refresh tokens
29.08.2026 21:06:17	Information:	url https://lab-vko.dmed.kz/ /api/DriverManager/PingDevice
29.08.2026 21:06:17	Information:	{
"Hash": "w9LjvpRCyoByGV3Lzv0iX9dSI0tLK0uV+pRojL1kufc=",
"Status": 0
}


29.08.2026 21:06:17	Information:	Ping ret is {"Status":0,"Comment":null}
29.08.2026 21:08:18	Information:	url https://lab-vko.dmed.kz/ /api/DriverManager/PingDevice
29.08.2026 21:08:18	Information:	{
"Hash": "w9LjvpRCyoByGV3Lzv0iX9dSI0tLK0uV+pRojL1kufc=",
"Status": 0
}


29.08.2026 21:08:18	Information:	Ping ret is {"Status":0,"Comment":null}
29.08.2026 21:10:18	Information:	url https://lab-vko.dmed.kz/ /api/DriverManager/PingDevice
29.08.2026 21:10:18	Information:	{
"Hash": "w9LjvpRCyoByGV3Lzv0iX9dSI0tLK0uV+pRojL1kufc=",
"Status": 0
}


29.08.2026 21:10:18	Information:	Ping ret is {"Status":0,"Comment":null}
29.08.2026 21:12:19	Information:	url https://lab-vko.dmed.kz/ /api/DriverManager/PingDevice
29.08.2026 21:12:19	Information:	{
"Hash": "w9LjvpRCyoByGV3Lzv0iX9dSI0tLK0uV+pRojL1kufc=",
"Status": 0
}


29.08.2026 21:12:19	Information:	Ping ret is {"Status":0,"Comment":null}
29.08.2026 21:14:19	Information:	url https://lab-vko.dmed.kz/ /api/DriverManager/PingDevice
29.08.2026 21:14:19	Information:	{
"Hash": "w9LjvpRCyoByGV3Lzv0iX9dSI0tLK0uV+pRojL1kufc=",
"Status": 0
}


29.08.2026 21:14:19	Information:	Ping ret is {"Status":0,"Comment":null}
29.08.2026 21:14:27	Information:	refresh tokens
29.08.2026 21:16:20	Information:	url https://lab-vko.dmed.kz/ /api/DriverManager/PingDevice
29.08.2026 21:16:20	Information:	{
"Hash": "w9LjvpRCyoByGV3Lzv0iX9dSI0tLK0uV+pRojL1kufc=",
"Status": 0
}


29.08.2026 21:16:20	Information:	Ping ret is {"Status":0,"Comment":null}
29.08.2026 21:18:20	Information:	url https://lab-vko.dmed.kz/ /api/DriverManager/PingDevice
29.08.2026 21:18:20	Information:	{
"Hash": "w9LjvpRCyoByGV3Lzv0iX9dSI0tLK0uV+pRojL1kufc=",
"Status": 0
}


29.08.2026 21:18:20	Information:	Ping ret is {"Status":0,"Comment":null}
29.08.2026 21:20:21	Information:	url https://lab-vko.dmed.kz/ /api/DriverManager/PingDevice
29.08.2026 21:20:21	Information:	{
"Hash": "w9LjvpRCyoByGV3Lzv0iX9dSI0tLK0uV+pRojL1kufc=",
"Status": 0
}


29.08.2026 21:20:21	Information:	Ping ret is {"Status":0,"Comment":null}
29.08.2026 21:22:21	Information:	url https://lab-vko.dmed.kz/ /api/DriverManager/PingDevice
29.08.2026 21:22:21	Information:	{
"Hash": "w9LjvpRCyoByGV3Lzv0iX9dSI0tLK0uV+pRojL1kufc=",
"Status": 0
}


29.08.2026 21:22:21	Information:	Ping ret is {"Status":0,"Comment":null}
29.08.2026 21:24:22	Information:	url https://lab-vko.dmed.kz/ /api/DriverManager/PingDevice
29.08.2026 21:24:22	Information:	{
"Hash": "w9LjvpRCyoByGV3Lzv0iX9dSI0tLK0uV+pRojL1kufc=",
"Status": 0
}


29.08.2026 21:24:22	Information:	Ping ret is {"Status":0,"Comment":null}
29.08.2026 21:24:27	Information:	refresh tokens
29.08.2026 21:26:23	Information:	url https://lab-vko.dmed.kz/ /api/DriverManager/PingDevice
29.08.2026 21:26:23	Information:	{
"Hash": "w9LjvpRCyoByGV3Lzv0iX9dSI0tLK0uV+pRojL1kufc=",
"Status": 0
}


29.08.2026 21:26:23	Information:	Ping ret is {"Status":0,"Comment":null}
29.08.2026 21:28:23	Information:	url https://lab-vko.dmed.kz/ /api/DriverManager/PingDevice
29.08.2026 21:28:23	Information:	{
"Hash": "w9LjvpRCyoByGV3Lzv0iX9dSI0tLK0uV+pRojL1kufc=",
"Status": 0
}


29.08.2026 21:28:23	Information:	Ping ret is {"Status":0,"Comment":null}
29.08.2026 21:30:24	Information:	url https://lab-vko.dmed.kz/ /api/DriverManager/PingDevice
29.08.2026 21:30:24	Information:	{
"Hash": "w9LjvpRCyoByGV3Lzv0iX9dSI0tLK0uV+pRojL1kufc=",
"Status": 0
}


29.08.2026 21:30:24	Information:	Ping ret is {"Status":0,"Comment":null}
29.08.2026 21:32:24	Information:	url https://lab-vko.dmed.kz/ /api/DriverManager/PingDevice
29.08.2026 21:32:24	Information:	{
"Hash": "w9LjvpRCyoByGV3Lzv0iX9dSI0tLK0uV+pRojL1kufc=",
"Status": 0
}


29.08.2026 21:32:24	Information:	Ping ret is {"Status":0,"Comment":null}
29.08.2026 21:34:24	Information:	url https://lab-vko.dmed.kz/ /api/DriverManager/PingDevice
29.08.2026 21:34:24	Information:	{
"Hash": "w9LjvpRCyoByGV3Lzv0iX9dSI0tLK0uV+pRojL1kufc=",
"Status": 0
}


29.08.2026 21:34:24	Information:	Ping ret is {"Status":0,"Comment":null}
29.08.2026 21:34:27	Information:	refresh tokens
29.08.2026 21:36:25	Information:	url https://lab-vko.dmed.kz/ /api/DriverManager/PingDevice
29.08.2026 21:36:25	Information:	{
"Hash": "w9LjvpRCyoByGV3Lzv0iX9dSI0tLK0uV+pRojL1kufc=",
"Status": 0
}


29.08.2026 21:36:25	Information:	Ping ret is {"Status":0,"Comment":null}
29.08.2026 21:38:26	Information:	url https://lab-vko.dmed.kz/ /api/DriverManager/PingDevice
29.08.2026 21:38:26	Information:	{
"Hash": "w9LjvpRCyoByGV3Lzv0iX9dSI0tLK0uV+pRojL1kufc=",
"Status": 0
}


29.08.2026 21:38:26	Information:	Ping ret is {"Status":0,"Comment":null}
29.08.2026 21:40:26	Information:	url https://lab-vko.dmed.kz/ /api/DriverManager/PingDevice
29.08.2026 21:40:26	Information:	{
"Hash": "w9LjvpRCyoByGV3Lzv0iX9dSI0tLK0uV+pRojL1kufc=",
"Status": 0
}


29.08.2026 21:40:26	Information:	Ping ret is {"Status":0,"Comment":null}
29.08.2026 21:42:27	Information:	url https://lab-vko.dmed.kz/ /api/DriverManager/PingDevice
29.08.2026 21:42:27	Information:	{
"Hash": "w9LjvpRCyoByGV3Lzv0iX9dSI0tLK0uV+pRojL1kufc=",
"Status": 0
}


29.08.2026 21:42:27	Information:	Ping ret is {"Status":0,"Comment":null}
29.08.2026 21:44:27	Information:	refresh tokens
29.08.2026 21:44:27	Information:	url https://lab-vko.dmed.kz/ /api/DriverManager/PingDevice
29.08.2026 21:44:27	Information:	{
"Hash": "w9LjvpRCyoByGV3Lzv0iX9dSI0tLK0uV+pRojL1kufc=",
"Status": 0
}


29.08.2026 21:44:27	Information:	Ping ret is {"Status":0,"Comment":null}
29.08.2026 21:46:28	Information:	url https://lab-vko.dmed.kz/ /api/DriverManager/PingDevice
29.08.2026 21:46:28	Information:	{
"Hash": "w9LjvpRCyoByGV3Lzv0iX9dSI0tLK0uV+pRojL1kufc=",
"Status": 0
}


29.08.2026 21:46:28	Information:	Ping ret is {"Status":0,"Comment":null}
29.08.2026 21:48:28	Information:	url https://lab-vko.dmed.kz/ /api/DriverManager/PingDevice
29.08.2026 21:48:28	Information:	{
"Hash": "w9LjvpRCyoByGV3Lzv0iX9dSI0tLK0uV+pRojL1kufc=",
"Status": 0
}


29.08.2026 21:48:28	Information:	Ping ret is {"Status":0,"Comment":null}
29.08.2026 21:50:29	Information:	url https://lab-vko.dmed.kz/ /api/DriverManager/PingDevice
29.08.2026 21:50:29	Information:	{
"Hash": "w9LjvpRCyoByGV3Lzv0iX9dSI0tLK0uV+pRojL1kufc=",
"Status": 0
}


29.08.2026 21:50:29	Information:	Ping ret is {"Status":0,"Comment":null}
29.08.2026 21:52:29	Information:	url https://lab-vko.dmed.kz/ /api/DriverManager/PingDevice
29.08.2026 21:52:29	Information:	{
"Hash": "w9LjvpRCyoByGV3Lzv0iX9dSI0tLK0uV+pRojL1kufc=",
"Status": 0
}


29.08.2026 21:52:29	Information:	Ping ret is {"Status":0,"Comment":null}
29.08.2026 21:54:27	Information:	refresh tokens
29.08.2026 21:54:30	Information:	url https://lab-vko.dmed.kz/ /api/DriverManager/PingDevice
29.08.2026 21:54:30	Information:	{
"Hash": "w9LjvpRCyoByGV3Lzv0iX9dSI0tLK0uV+pRojL1kufc=",
"Status": 0
}


29.08.2026 21:54:30	Information:	Ping ret is {"Status":0,"Comment":null}
29.08.2026 21:56:31	Information:	url https://lab-vko.dmed.kz/ /api/DriverManager/PingDevice
29.08.2026 21:56:31	Information:	{
"Hash": "w9LjvpRCyoByGV3Lzv0iX9dSI0tLK0uV+pRojL1kufc=",
"Status": 0
}


29.08.2026 21:56:31	Information:	Ping ret is {"Status":0,"Comment":null}
29.08.2026 21:58:31	Information:	url https://lab-vko.dmed.kz/ /api/DriverManager/PingDevice
29.08.2026 21:58:31	Information:	{
"Hash": "w9LjvpRCyoByGV3Lzv0iX9dSI0tLK0uV+pRojL1kufc=",
"Status": 0
}


29.08.2026 21:58:31	Information:	Ping ret is {"Status":0,"Comment":null}
29.08.2026 22:00:32	Information:	url https://lab-vko.dmed.kz/ /api/DriverManager/PingDevice
29.08.2026 22:00:32	Information:	{
"Hash": "w9LjvpRCyoByGV3Lzv0iX9dSI0tLK0uV+pRojL1kufc=",
"Status": 0
}


29.08.2026 22:00:32	Information:	Ping ret is {"Status":0,"Comment":null}
29.08.2026 22:02:32	Information:	url https://lab-vko.dmed.kz/ /api/DriverManager/PingDevice
29.08.2026 22:02:32	Information:	{
"Hash": "w9LjvpRCyoByGV3Lzv0iX9dSI0tLK0uV+pRojL1kufc=",
"Status": 0
}


29.08.2026 22:02:32	Information:	Ping ret is {"Status":0,"Comment":null}
29.08.2026 22:04:27	Information:	refresh tokens
29.08.2026 22:04:33	Information:	url https://lab-vko.dmed.kz/ /api/DriverManager/PingDevice
29.08.2026 22:04:33	Information:	{
"Hash": "w9LjvpRCyoByGV3Lzv0iX9dSI0tLK0uV+pRojL1kufc=",
"Status": 0
}


29.08.2026 22:04:33	Information:	Ping ret is {"Status":0,"Comment":null}
29.08.2026 22:06:33	Information:	url https://lab-vko.dmed.kz/ /api/DriverManager/PingDevice
29.08.2026 22:06:33	Information:	{
"Hash": "w9LjvpRCyoByGV3Lzv0iX9dSI0tLK0uV+pRojL1kufc=",
"Status": 0
}


29.08.2026 22:06:33	Information:	Ping ret is {"Status":0,"Comment":null}
29.08.2026 22:08:34	Information:	url https://lab-vko.dmed.kz/ /api/DriverManager/PingDevice
29.08.2026 22:08:34	Information:	{
"Hash": "w9LjvpRCyoByGV3Lzv0iX9dSI0tLK0uV+pRojL1kufc=",
"Status": 0
}


29.08.2026 22:08:34	Information:	Ping ret is {"Status":0,"Comment":null}
29.08.2026 22:10:35	Information:	url https://lab-vko.dmed.kz/ /api/DriverManager/PingDevice
29.08.2026 22:10:35	Information:	{
"Hash": "w9LjvpRCyoByGV3Lzv0iX9dSI0tLK0uV+pRojL1kufc=",
"Status": 0
}


29.08.2026 22:10:35	Information:	Ping ret is {"Status":0,"Comment":null}
29.08.2026 22:12:35	Information:	url https://lab-vko.dmed.kz/ /api/DriverManager/PingDevice
29.08.2026 22:12:35	Information:	{
"Hash": "w9LjvpRCyoByGV3Lzv0iX9dSI0tLK0uV+pRojL1kufc=",
"Status": 0
}


29.08.2026 22:12:35	Information:	Ping ret is {"Status":0,"Comment":null}
29.08.2026 22:14:27	Information:	refresh tokens
29.08.2026 22:14:36	Information:	url https://lab-vko.dmed.kz/ /api/DriverManager/PingDevice
29.08.2026 22:14:36	Information:	{
"Hash": "w9LjvpRCyoByGV3Lzv0iX9dSI0tLK0uV+pRojL1kufc=",
"Status": 0
}


29.08.2026 22:14:36	Information:	Ping ret is {"Status":0,"Comment":null}
29.08.2026 22:16:37	Information:	url https://lab-vko.dmed.kz/ /api/DriverManager/PingDevice
29.08.2026 22:16:37	Information:	{
"Hash": "w9LjvpRCyoByGV3Lzv0iX9dSI0tLK0uV+pRojL1kufc=",
"Status": 0
}


29.08.2026 22:16:37	Information:	Ping ret is {"Status":0,"Comment":null}
29.08.2026 22:18:37	Information:	url https://lab-vko.dmed.kz/ /api/DriverManager/PingDevice
29.08.2026 22:18:37	Information:	{
"Hash": "w9LjvpRCyoByGV3Lzv0iX9dSI0tLK0uV+pRojL1kufc=",
"Status": 0
}


29.08.2026 22:18:37	Information:	Ping ret is {"Status":0,"Comment":null}
29.08.2026 22:20:38	Information:	url https://lab-vko.dmed.kz/ /api/DriverManager/PingDevice
29.08.2026 22:20:38	Information:	{
"Hash": "w9LjvpRCyoByGV3Lzv0iX9dSI0tLK0uV+pRojL1kufc=",
"Status": 0
}


29.08.2026 22:20:38	Information:	Ping ret is {"Status":0,"Comment":null}
29.08.2026 22:22:38	Information:	url https://lab-vko.dmed.kz/ /api/DriverManager/PingDevice
29.08.2026 22:22:38	Information:	{
"Hash": "w9LjvpRCyoByGV3Lzv0iX9dSI0tLK0uV+pRojL1kufc=",
"Status": 0
}


29.08.2026 22:22:38	Information:	Ping ret is {"Status":0,"Comment":null}
29.08.2026 22:24:27	Information:	refresh tokens
29.08.2026 22:24:39	Information:	url https://lab-vko.dmed.kz/ /api/DriverManager/PingDevice
29.08.2026 22:24:39	Information:	{
"Hash": "w9LjvpRCyoByGV3Lzv0iX9dSI0tLK0uV+pRojL1kufc=",
"Status": 0
}


29.08.2026 22:24:39	Information:	Ping ret is {"Status":0,"Comment":null}
29.08.2026 22:26:39	Information:	url https://lab-vko.dmed.kz/ /api/DriverManager/PingDevice
29.08.2026 22:26:39	Information:	{
"Hash": "w9LjvpRCyoByGV3Lzv0iX9dSI0tLK0uV+pRojL1kufc=",
"Status": 0
}


29.08.2026 22:26:39	Information:	Ping ret is {"Status":0,"Comment":null}
29.08.2026 22:28:41	Information:	url https://lab-vko.dmed.kz/ /api/DriverManager/PingDevice
29.08.2026 22:28:41	Information:	{
"Hash": "w9LjvpRCyoByGV3Lzv0iX9dSI0tLK0uV+pRojL1kufc=",
"Status": 0
}


29.08.2026 22:28:41	Information:	Ping ret is {"Status":0,"Comment":null}
29.08.2026 22:30:42	Information:	url https://lab-vko.dmed.kz/ /api/DriverManager/PingDevice
29.08.2026 22:30:42	Information:	{
"Hash": "w9LjvpRCyoByGV3Lzv0iX9dSI0tLK0uV+pRojL1kufc=",
"Status": 0
}


29.08.2026 22:30:42	Information:	Ping ret is {"Status":0,"Comment":null}
29.08.2026 22:32:42	Information:	url https://lab-vko.dmed.kz/ /api/DriverManager/PingDevice
29.08.2026 22:32:42	Information:	{
"Hash": "w9LjvpRCyoByGV3Lzv0iX9dSI0tLK0uV+pRojL1kufc=",
"Status": 0
}


29.08.2026 22:32:42	Information:	Ping ret is {"Status":0,"Comment":null}
29.08.2026 22:34:28	Information:	refresh tokens
29.08.2026 22:34:43	Information:	url https://lab-vko.dmed.kz/ /api/DriverManager/PingDevice
29.08.2026 22:34:43	Information:	{
"Hash": "w9LjvpRCyoByGV3Lzv0iX9dSI0tLK0uV+pRojL1kufc=",
"Status": 0
}


29.08.2026 22:34:43	Information:	Ping ret is {"Status":0,"Comment":null}
29.08.2026 22:36:43	Information:	url https://lab-vko.dmed.kz/ /api/DriverManager/PingDevice
29.08.2026 22:36:43	Information:	{
"Hash": "w9LjvpRCyoByGV3Lzv0iX9dSI0tLK0uV+pRojL1kufc=",
"Status": 0
}


29.08.2026 22:36:43	Information:	Ping ret is {"Status":0,"Comment":null}
29.08.2026 22:38:44	Information:	url https://lab-vko.dmed.kz/ /api/DriverManager/PingDevice
29.08.2026 22:38:44	Information:	{
"Hash": "w9LjvpRCyoByGV3Lzv0iX9dSI0tLK0uV+pRojL1kufc=",
"Status": 0
}


29.08.2026 22:38:44	Information:	Ping ret is {"Status":0,"Comment":null}
29.08.2026 22:40:44	Information:	url https://lab-vko.dmed.kz/ /api/DriverManager/PingDevice
29.08.2026 22:40:44	Information:	{
"Hash": "w9LjvpRCyoByGV3Lzv0iX9dSI0tLK0uV+pRojL1kufc=",
"Status": 0
}


29.08.2026 22:40:44	Information:	Ping ret is {"Status":0,"Comment":null}
29.08.2026 22:42:45	Information:	url https://lab-vko.dmed.kz/ /api/DriverManager/PingDevice
29.08.2026 22:42:45	Information:	{
"Hash": "w9LjvpRCyoByGV3Lzv0iX9dSI0tLK0uV+pRojL1kufc=",
"Status": 0
}


29.08.2026 22:42:45	Information:	Ping ret is {"Status":0,"Comment":null}
29.08.2026 22:44:28	Information:	refresh tokens
29.08.2026 22:44:45	Information:	url https://lab-vko.dmed.kz/ /api/DriverManager/PingDevice
29.08.2026 22:44:45	Information:	{
"Hash": "w9LjvpRCyoByGV3Lzv0iX9dSI0tLK0uV+pRojL1kufc=",
"Status": 0
}


29.08.2026 22:44:45	Information:	Ping ret is {"Status":0,"Comment":null}
29.08.2026 22:46:46	Information:	url https://lab-vko.dmed.kz/ /api/DriverManager/PingDevice
29.08.2026 22:46:46	Information:	{
"Hash": "w9LjvpRCyoByGV3Lzv0iX9dSI0tLK0uV+pRojL1kufc=",
"Status": 0
}


29.08.2026 22:46:46	Information:	Ping ret is {"Status":0,"Comment":null}
29.08.2026 22:48:46	Information:	url https://lab-vko.dmed.kz/ /api/DriverManager/PingDevice
29.08.2026 22:48:46	Information:	{
"Hash": "w9LjvpRCyoByGV3Lzv0iX9dSI0tLK0uV+pRojL1kufc=",
"Status": 0
}


29.08.2026 22:48:46	Information:	Ping ret is {"Status":0,"Comment":null}
29.08.2026 22:50:47	Information:	url https://lab-vko.dmed.kz/ /api/DriverManager/PingDevice
29.08.2026 22:50:47	Information:	{
"Hash": "w9LjvpRCyoByGV3Lzv0iX9dSI0tLK0uV+pRojL1kufc=",
"Status": 0
}


29.08.2026 22:50:47	Information:	Ping ret is {"Status":0,"Comment":null}
29.08.2026 22:52:47	Information:	url https://lab-vko.dmed.kz/ /api/DriverManager/PingDevice
29.08.2026 22:52:47	Information:	{
"Hash": "w9LjvpRCyoByGV3Lzv0iX9dSI0tLK0uV+pRojL1kufc=",
"Status": 0
}


29.08.2026 22:52:47	Information:	Ping ret is {"Status":0,"Comment":null}
29.08.2026 22:54:28	Information:	refresh tokens
29.08.2026 22:54:48	Information:	url https://lab-vko.dmed.kz/ /api/DriverManager/PingDevice
29.08.2026 22:54:48	Information:	{
"Hash": "w9LjvpRCyoByGV3Lzv0iX9dSI0tLK0uV+pRojL1kufc=",
"Status": 0
}


29.08.2026 22:54:48	Information:	Ping ret is {"Status":0,"Comment":null}
29.08.2026 22:56:49	Information:	url https://lab-vko.dmed.kz/ /api/DriverManager/PingDevice
29.08.2026 22:56:49	Information:	{
"Hash": "w9LjvpRCyoByGV3Lzv0iX9dSI0tLK0uV+pRojL1kufc=",
"Status": 0
}


29.08.2026 22:56:49	Information:	Ping ret is {"Status":0,"Comment":null}
29.08.2026 22:58:49	Information:	url https://lab-vko.dmed.kz/ /api/DriverManager/PingDevice
29.08.2026 22:58:49	Information:	{
"Hash": "w9LjvpRCyoByGV3Lzv0iX9dSI0tLK0uV+pRojL1kufc=",
"Status": 0
}


29.08.2026 22:58:49	Information:	Ping ret is {"Status":0,"Comment":null}
29.08.2026 23:00:49	Information:	url https://lab-vko.dmed.kz/ /api/DriverManager/PingDevice
29.08.2026 23:00:49	Information:	{
"Hash": "w9LjvpRCyoByGV3Lzv0iX9dSI0tLK0uV+pRojL1kufc=",
"Status": 0
}


29.08.2026 23:00:49	Information:	Ping ret is {"Status":0,"Comment":null}
29.08.2026 23:02:50	Information:	url https://lab-vko.dmed.kz/ /api/DriverManager/PingDevice
29.08.2026 23:02:50	Information:	{
"Hash": "w9LjvpRCyoByGV3Lzv0iX9dSI0tLK0uV+pRojL1kufc=",
"Status": 0
}


29.08.2026 23:02:50	Information:	Ping ret is {"Status":0,"Comment":null}
29.08.2026 23:04:28	Information:	refresh tokens
29.08.2026 23:04:50	Information:	url https://lab-vko.dmed.kz/ /api/DriverManager/PingDevice
29.08.2026 23:04:50	Information:	{
"Hash": "w9LjvpRCyoByGV3Lzv0iX9dSI0tLK0uV+pRojL1kufc=",
"Status": 0
}


29.08.2026 23:04:50	Information:	Ping ret is {"Status":0,"Comment":null}
29.08.2026 23:06:51	Information:	url https://lab-vko.dmed.kz/ /api/DriverManager/PingDevice
29.08.2026 23:06:51	Information:	{
"Hash": "w9LjvpRCyoByGV3Lzv0iX9dSI0tLK0uV+pRojL1kufc=",
"Status": 0
}


29.08.2026 23:06:51	Information:	Ping ret is {"Status":0,"Comment":null}
29.08.2026 23:08:51	Information:	url https://lab-vko.dmed.kz/ /api/DriverManager/PingDevice
29.08.2026 23:08:52	Information:	{
"Hash": "w9LjvpRCyoByGV3Lzv0iX9dSI0tLK0uV+pRojL1kufc=",
"Status": 0
}


29.08.2026 23:08:52	Information:	Ping ret is {"Status":0,"Comment":null}
29.08.2026 23:10:52	Information:	url https://lab-vko.dmed.kz/ /api/DriverManager/PingDevice
29.08.2026 23:10:52	Information:	{
"Hash": "w9LjvpRCyoByGV3Lzv0iX9dSI0tLK0uV+pRojL1kufc=",
"Status": 0
}


29.08.2026 23:10:52	Information:	Ping ret is {"Status":0,"Comment":null}
29.08.2026 23:12:52	Information:	url https://lab-vko.dmed.kz/ /api/DriverManager/PingDevice
29.08.2026 23:12:52	Information:	{
"Hash": "w9LjvpRCyoByGV3Lzv0iX9dSI0tLK0uV+pRojL1kufc=",
"Status": 0
}


29.08.2026 23:12:52	Information:	Ping ret is {"Status":0,"Comment":null}
29.08.2026 23:14:28	Information:	refresh tokens
29.08.2026 23:14:53	Information:	url https://lab-vko.dmed.kz/ /api/DriverManager/PingDevice
29.08.2026 23:14:53	Information:	{
"Hash": "w9LjvpRCyoByGV3Lzv0iX9dSI0tLK0uV+pRojL1kufc=",
"Status": 0
}


29.08.2026 23:14:53	Information:	Ping ret is {"Status":0,"Comment":null}
29.08.2026 23:16:54	Information:	url https://lab-vko.dmed.kz/ /api/DriverManager/PingDevice
29.08.2026 23:16:54	Information:	{
"Hash": "w9LjvpRCyoByGV3Lzv0iX9dSI0tLK0uV+pRojL1kufc=",
"Status": 0
}


29.08.2026 23:16:54	Information:	Ping ret is {"Status":0,"Comment":null}
29.08.2026 23:18:54	Information:	url https://lab-vko.dmed.kz/ /api/DriverManager/PingDevice
29.08.2026 23:18:54	Information:	{
"Hash": "w9LjvpRCyoByGV3Lzv0iX9dSI0tLK0uV+pRojL1kufc=",
"Status": 0
}


29.08.2026 23:18:54	Information:	Ping ret is {"Status":0,"Comment":null}
29.08.2026 23:20:55	Information:	url https://lab-vko.dmed.kz/ /api/DriverManager/PingDevice
29.08.2026 23:20:55	Information:	{
"Hash": "w9LjvpRCyoByGV3Lzv0iX9dSI0tLK0uV+pRojL1kufc=",
"Status": 0
}


29.08.2026 23:20:55	Information:	Ping ret is {"Status":0,"Comment":null}
29.08.2026 23:22:55	Information:	url https://lab-vko.dmed.kz/ /api/DriverManager/PingDevice
29.08.2026 23:22:55	Information:	{
"Hash": "w9LjvpRCyoByGV3Lzv0iX9dSI0tLK0uV+pRojL1kufc=",
"Status": 0
}


29.08.2026 23:22:55	Information:	Ping ret is {"Status":0,"Comment":null}
29.08.2026 23:24:28	Information:	refresh tokens
29.08.2026 23:24:56	Information:	url https://lab-vko.dmed.kz/ /api/DriverManager/PingDevice
29.08.2026 23:24:56	Information:	{
"Hash": "w9LjvpRCyoByGV3Lzv0iX9dSI0tLK0uV+pRojL1kufc=",
"Status": 0
}


29.08.2026 23:24:56	Information:	Ping ret is {"Status":0,"Comment":null}
29.08.2026 23:26:56	Information:	url https://lab-vko.dmed.kz/ /api/DriverManager/PingDevice
29.08.2026 23:26:56	Information:	{
"Hash": "w9LjvpRCyoByGV3Lzv0iX9dSI0tLK0uV+pRojL1kufc=",
"Status": 0
}


29.08.2026 23:26:56	Information:	Ping ret is {"Status":0,"Comment":null}
29.08.2026 23:28:57	Information:	url https://lab-vko.dmed.kz/ /api/DriverManager/PingDevice
29.08.2026 23:28:57	Information:	{
"Hash": "w9LjvpRCyoByGV3Lzv0iX9dSI0tLK0uV+pRojL1kufc=",
"Status": 0
}


29.08.2026 23:28:57	Information:	Ping ret is {"Status":0,"Comment":null}
29.08.2026 23:30:57	Information:	url https://lab-vko.dmed.kz/ /api/DriverManager/PingDevice
29.08.2026 23:30:57	Information:	{
"Hash": "w9LjvpRCyoByGV3Lzv0iX9dSI0tLK0uV+pRojL1kufc=",
"Status": 0
}


29.08.2026 23:30:57	Information:	Ping ret is {"Status":0,"Comment":null}
29.08.2026 23:32:58	Information:	url https://lab-vko.dmed.kz/ /api/DriverManager/PingDevice
29.08.2026 23:32:58	Information:	{
"Hash": "w9LjvpRCyoByGV3Lzv0iX9dSI0tLK0uV+pRojL1kufc=",
"Status": 0
}


29.08.2026 23:32:58	Information:	Ping ret is {"Status":0,"Comment":null}
29.08.2026 23:34:28	Information:	refresh tokens
29.08.2026 23:34:58	Information:	url https://lab-vko.dmed.kz/ /api/DriverManager/PingDevice
29.08.2026 23:34:58	Information:	{
"Hash": "w9LjvpRCyoByGV3Lzv0iX9dSI0tLK0uV+pRojL1kufc=",
"Status": 0
}


29.08.2026 23:34:58	Information:	Ping ret is {"Status":0,"Comment":null}
29.08.2026 23:36:59	Information:	url https://lab-vko.dmed.kz/ /api/DriverManager/PingDevice
29.08.2026 23:36:59	Information:	{
"Hash": "w9LjvpRCyoByGV3Lzv0iX9dSI0tLK0uV+pRojL1kufc=",
"Status": 0
}


29.08.2026 23:36:59	Information:	Ping ret is {"Status":0,"Comment":null}
29.08.2026 23:37:01	Information:	Received bytes(encoded):MSH|^~\&|||||20260829233603||ORU^R01|2|P|2.3.1||||0||ASCII|||PID|2|||||||O|||||||||||||||||||||||OBR|2|51566143|8|^|N|20260829230815|20260829230747|20260829230747||1^8||||20260829230747|?????|||||||||||||||||||||||||||||||||OBX|1|NM|Glu-G|Glucose (GOD-POD Method)|6.536803|mmol/L|-|N|||F||6.536803|20260829233503|||0|RGTE|OBX|2|NM|T-Bil-V|Bilirubin Total (VOX Method)|7.078416|?mol/L|-|N|||F||7.078416|20260829233504|||0||OBX|3|NM|D-Bil-V|Bilirubin Direct (VOX Method)|2.159696|?mol/L|-|N|||F||2.159696|20260829233519|||0||OBX|4|NM|ALT|Alanine Aminotransferase|9.703245|U/L|-|N|||F||9.703245|20260829233333|||0||OBX|5|NM|AST|Aspartate Aminotransferase|14.051103|U/L|-|N|||F||14.051103|20260829233348|||0||OBX|6|NM|CRP|C-Reactive Protein|4.486476|mg/L|-|N|||F||4.486476|20260829233603|||0||OBX|7|NM|TP|Total Protein|75.888613|g/L|-|N|||F||75.888613|20260829233534|||0||OBX|8|NM|AMY|?-Amylase|34.375425|U/L|-|N|||F||34.375425|20260829233533|||0||OBX|9|NM|CREA-S|Creatinine (Sarcosine Oxidase Method)|46.876447|?mol
29.08.2026 23:37:01	Information:	Add Frame:
29.08.2026 23:37:01	Information:	MSH|^~\&|||||20260829233603||ORU^R01|2|P|2.3.1||||0||ASCII|||
29.08.2026 23:37:01	Information:	In Header
29.08.2026 23:37:01	Information:	MessageType: ORU
29.08.2026 23:37:01	Information:	After message type
29.08.2026 23:37:01	Information:	After ask
29.08.2026 23:37:01	Information:	After version
29.08.2026 23:37:01	Information:	Add Frame:
29.08.2026 23:37:01	Information:	PID|2|||||||O|||||||||||||||||||||||
29.08.2026 23:37:01	Information:	Add Frame:
29.08.2026 23:37:01	Information:	OBR|2|51566143|8|^|N|20260829230815|20260829230747|20260829230747||1^8||||20260829230747|?????|||||||||||||||||||||||||||||||||
29.08.2026 23:37:01	Information:	Add Frame:
29.08.2026 23:37:01	Information:	OBX|1|NM|Glu-G|Glucose (GOD-POD Method)|6.536803|mmol/L|-|N|||F||6.536803|20260829233503|||0|RGTE|
29.08.2026 23:37:01	Information:	Add Frame:
29.08.2026 23:37:01	Information:	OBX|2|NM|T-Bil-V|Bilirubin Total (VOX Method)|7.078416|?mol/L|-|N|||F||7.078416|20260829233504|||0||
29.08.2026 23:37:01	Information:	Add Frame:
29.08.2026 23:37:01	Information:	OBX|3|NM|D-Bil-V|Bilirubin Direct (VOX Method)|2.159696|?mol/L|-|N|||F||2.159696|20260829233519|||0||
29.08.2026 23:37:01	Information:	Add Frame:
29.08.2026 23:37:01	Information:	OBX|4|NM|ALT|Alanine Aminotransferase|9.703245|U/L|-|N|||F||9.703245|20260829233333|||0||
29.08.2026 23:37:01	Information:	Add Frame:
29.08.2026 23:37:01	Information:	OBX|5|NM|AST|Aspartate Aminotransferase|14.051103|U/L|-|N|||F||14.051103|20260829233348|||0||
29.08.2026 23:37:01	Information:	Add Frame:
29.08.2026 23:37:01	Information:	OBX|6|NM|CRP|C-Reactive Protein|4.486476|mg/L|-|N|||F||4.486476|20260829233603|||0||
29.08.2026 23:37:01	Information:	Add Frame:
29.08.2026 23:37:01	Information:	OBX|7|NM|TP|Total Protein|75.888613|g/L|-|N|||F||75.888613|20260829233534|||0||
29.08.2026 23:37:01	Information:	Add Frame:
29.08.2026 23:37:01	Information:	OBX|8|NM|AMY|?-Amylase|34.375425|U/L|-|N|||F||34.375425|20260829233533|||0||
29.08.2026 23:37:01	Information:	Received bytes(encoded):/L|-|N|||F||46.876447|20260829233533|||0||OBX|10|NM|UREA|Urea|3.527717|mmol/L|-|N|||F||3.527717|20260829233418|||0||OBX|11|NM||AST/ALT|1.453608||-|N|||F||1.453608||||||
29.08.2026 23:37:01	Information:	Add Frame:
29.08.2026 23:37:01	Information:	OBX|9|NM|CREA-S|Creatinine (Sarcosine Oxidase Method)|46.876447|?mol/L|-|N|||F||46.876447|20260829233533|||0||
29.08.2026 23:37:01	Information:	Add Frame:
29.08.2026 23:37:01	Information:	OBX|10|NM|UREA|Urea|3.527717|mmol/L|-|N|||F||3.527717|20260829233418|||0||
29.08.2026 23:37:01	Information:	Add Frame:
29.08.2026 23:37:01	Information:	OBX|11|NM||AST/ALT|1.453608||-|N|||F||1.453608||||||
29.08.2026 23:37:01	Information:	Add Frame:
29.08.2026 23:37:01	Information:	
29.08.2026 23:37:01	Debug:	read message: 3ms
29.08.2026 23:37:01	Information:	The answer message is created successfully
29.08.2026 23:37:01	Information:	Sending answer...
29.08.2026 23:37:01	Information:	We are in ORU Message
29.08.2026 23:37:01	Information:	MSH MSH|^~\&|||||20260829233603||ORU^R01|2|P|2.3.1||||0||ASCII||||
29.08.2026 23:37:01	Information:	PID PID|2|||||||O||||||||||||||||||||||||
29.08.2026 23:37:01	Information:	PatientRecord in message is successfully  processed
29.08.2026 23:37:01	Information:	The patient order is successfully processed
29.08.2026 23:37:01	Information:	The order record is successfully processed
29.08.2026 23:37:01	Information:	The order record is successfully processed
29.08.2026 23:37:01	Information:	The order record is successfully processed
29.08.2026 23:37:01	Information:	The order record is successfully processed
29.08.2026 23:37:01	Information:	The order record is successfully processed
29.08.2026 23:37:01	Information:	The order record is successfully processed
29.08.2026 23:37:01	Information:	The order record is successfully processed
29.08.2026 23:37:01	Information:	The order record is successfully processed
29.08.2026 23:37:01	Information:	The order record is successfully processed
29.08.2026 23:37:01	Information:	The order record is successfully processed
29.08.2026 23:37:01	Information:	The order record is successfully processed
29.08.2026 23:37:01	Information:	The ORU message is successfully processed
29.08.2026 23:37:01	Debug:	Process message: 8ms
29.08.2026 23:37:01	Debug:	Total time : 12ms
29.08.2026 23:37:02	Information:	Sended bytes:  11 77 83 72 124 94 126 92 38 124 77 105 110 100 114 97 121 124 124 124 124 50 48 50 54 48 56 50 57 50 51 51 55 48 49 124 124 65 67 75 94 82 48 49 124 50 124 80 124 50 46 51 46 49 124 124 124 124 48 124 124 117 115 45 97 115 99 105 105 124 124 124 13 77 83 65 124 65 65 124 50 124 77 101 115 115 97 103 101 32 97 99 99 101 112 116 101 100 124 124 124 48 124 13 28 13
29.08.2026 23:37:02	Information:	Sended string MSH|^~\&|Mindray||||20260829233701||ACK^R01|2|P|2.3.1||||0||us-ascii|||MSA|AA|2|Message accepted|||0|
29.08.2026 23:37:02	Debug:	SendResults:	check DriverRequests=	0	ms
29.08.2026 23:37:02	Information:	ByBarcode 51566143
29.08.2026 23:37:02	Information:	GetLinesByBarcodes
29.08.2026 23:37:02	Information:	{
"WorkPlaceID": 20747,
"BeginDate": "2026-05-30",
"EndDate": "2026-08-30",
"OrderNumber": "51566143",
"Offset": 0,
"Limit": 1
}


29.08.2026 23:37:02	Information:	GetByBarcodeReturn: 
29.08.2026 23:37:02	Information:	{"Data":[{"ID":31120201,"StrID":"31120201","OrderNumber":"51566143","OrderRegDate":"2026-08-29T22:46:15.413","PlanExecutionDate":"2026-08-29T22:45:00","SenderMoID":45500000000000909,"SenderMo":{"NameRU":"Некоммерческое акционерное общество \"Медицинский университет Семей\"","NameKZ":"\"Семей медицина университеті\" коммерциялық емес акционерлік қоғамы","Name":"Некоммерческое акционерное общество \"Медицинский университет Семей\"","ShortNameRU":"НАО \"МУС\"","ShortNameKZ":"\"СМУ\" КеАҚ","ShortName":"НАО \"МУС\"","PublicCode":"237J","AddressRU":"ВКО, г. Семей, ул. Абая Кунанбаева 103","AddressKZ":"ВКО, г. Семей, ул. Абая Кунанбаева 103","Address":"ВКО, г. Семей, ул. Абая Кунанбаева 103","OriginalID":"45500000000000909","IsWork":true,"RegionID":20,"BIN":"190240004938","MasterDataID":4911,"PhonesData":{"OrgHealthCarePhones":[]},"IsPostmortem":false,"IsHospital":true,"Code":null,"ID":"45500000000000909","StrID":"45500000000000909"},"ReceiverMoID":45500000000000909,"ReceiverMo":null,"PatientDetailID":41030289,"PatientDetail":{"PersonID":"894582","Person":{"IIN":"080924653365","LastName":"РАХМЕТОЛЛИНА","FirstName":"АЙША","SecondName":"НҰРЖАНҚЫЗЫ","FullName":"РАХМЕТОЛЛИНА АЙША НҰРЖАНҚЫЗЫ","FullNameIOF":"АЙША НҰРЖАНҚЫЗЫ РАХМЕТОЛЛИНА","DisplayText":"080924653365 АЙША НҰРЖАНҚЫЗЫ РАХМЕТОЛЛИНА 24.09.2008","IinFullName":"080924653365 - РАХМЕТОЛЛИНА АЙША НҰРЖАНҚЫЗЫ","BirthDate":"2008-09-24T00:00:00","BirthDateStr":"24.09.2008","DeathDate":null,"DeathDateStr":"","BioSexID":2,"BioSex":null,"NationalityID":null,"Nationality":null,"CitizenshipID":85,"Citizenship":null,"MasterDataID":10905586,"RpnID":"100000000073636","KmisID":"100000000073636","Type":1,"Age":0,"IsStillborn":false,"IsEarlyNeonatalDeathUp28days":false,"IsDeadPerson":false,"ID":"894582","StrID":"894582"},"AddressRU":"РЕСПУБЛИКА: Казахстан , ОБЛАСТЬ: Восточно-казахстанская , ГОРОД ОБЛ.ЗНАЧ.: Семей , СЕЛЬСКИЙ ОКРУГ: КАРАУЛЕНСКИЙ, АУЛ(СЕЛО): КАЙНАР, УЛИЦА: КАЙНАР У., ДОМ: 312, КВАРТИРА: 1","AddressKZ":": Қазақстан , : Шығыс Қазақстан , : Семей Қ. , ҚАРАӨЛЕҢ ауылды округы, ҚАЙНАР ауылы, ҚАЙНАР У. көшесі, ҮЙ: 312, ПӘТЕР: 1","Address":"РЕСПУБЛИКА: Казахстан , ОБЛАСТЬ: Восточно-казахстанская , ГОРОД ОБЛ.ЗНАЧ.: Семей , СЕЛЬСКИЙ ОКРУГ: КАРАУЛЕНСКИЙ, АУЛ(СЕЛО): КАЙНАР, УЛИЦА: КАЙНАР У., ДОМ: 312, КВАРТИРА: 1","MasterDataAddressID":6365129,"WorkPlace":null,"WorkPosition":null,"DocumentNumber":null,"DocumentTypeID":null,"DocumentType":null,"NationalityID":null,"DocumentTypeName":null,"Phones":"+77225621176","ExternalCardID":"5968355","CardType":1,"CardNumber":"66735","CitizenshipCategoryID":1,"CitizenshipCategory":null,"ResidenceTypeID":4,"ResidenceType":null,"MotherPersonID":null,"MotherPerson":null,"IsForeigner":false,"IsHomeless":false,"IsDeadPerson":false,"IsResident":true,"ID":"41030289","StrID":"41030289"},"Person":{"IIN":"080924653365","LastName":"РАХМЕТОЛЛИНА","FirstName":"АЙША","SecondName":"НҰРЖАНҚЫЗЫ","FullName":"РАХМЕТОЛЛИНА АЙША НҰРЖАНҚЫЗЫ","FullNameIOF":"АЙША НҰРЖАНҚЫЗЫ РАХМЕТОЛЛИНА","DisplayText":"080924653365 АЙША НҰРЖАНҚЫЗЫ РАХМЕТОЛЛИНА 24.09.2008","IinFullName":"080924653365 - РАХМЕТОЛЛИНА АЙША НҰРЖАНҚЫЗЫ","BirthDate":"2008-09-24T00:00:00","BirthDateStr":"24.09.2008","DeathDate":null,"DeathDateStr":"","BioSexID":2,"BioSex":null,"NationalityID":null,"Nationality":null,"CitizenshipID":85,"Citizenship":null,"MasterDataID":10905586,"RpnID":"100000000073636","KmisID":"100000000073636","Type":1,"Age":0,"IsStillborn":false,"IsEarlyNeonatalDeathUp28days":false,"IsDeadPerson":false,"ID":"894582","StrID":"894582"},"IsCito":true,"ExternalSystem":1,"OrderResultFileID":null,"OrderResultFileStorageID":null,"OrderResultDate":null,"Status":1,"DeleteDate":null,"ResultNotes":null,"Comment":"","ExternalOrderNumber":"51566143","ExaminationTypeID":null,"ExaminationType":null,"ExaminationIndicationID":null,"ExaminationIndication":null,"Uid":"15BA7C51-867B-48FE-A883-B1B10562F2C6","SenderPostFullName":"ТӨЛЕУҒАЗИНОВ НҰРАЙДАР БАҚЫТБЕКҰЛЫ","SenderFuncStructureNameRU":"Отделение детской хирургии ","SenderFuncStructureNameKZ":"Хирургия бөлімі","IsSamplingOfMaterialsAtReceiver":false,"MisID":42119610,"Materials":[{"OrderID":31120201,"Uid":"e755a135-4958-44dc-873a-5376441ab531","MaterialNumber":"51566143","MaterialTypeID":363,"MaterialType":{"OrderBy":0,"ParentID":202,"HasChildren":false,"MasterDataID":489,"Parent":null,"NameRU":"Кровь венозная","NameKZ":"Кровь венозная","Name":"Кровь венозная","PublicCode":"36300","EndDate":null,"ID":"363","StrID":"363"},"TakeDate":"2026-08-29T22:46:00","TakeDateStr":"29.08.2026 22:46","TakePlace":"де,хир","RejectionReason":null,"RejectionTakenMeasures":null,"ReceiptDate":null,"ReceiptDateStr":null,"RejectionCreatePostID":null,"RejectionCreatePost":null,"SampleCollectorPostIIN":"730529400064","SampleCollectorPostID":null,"Researches":[],"RejectedMaterialImageID":null,"File":null,"ID":"31406793","StrID":"31406793"}],"Researches":[]}],"Total":1}
29.08.2026 23:37:02	Information:	OrderedWW 51566143 Biomat 0 Device 20747
29.08.2026 23:37:02	Information:	ResearchResult
29.08.2026 23:37:02	Information:	{
"OrderID": "31120201",
"WorkPlaceID": 20747
}


29.08.2026 23:37:02	Information:	[{"OrderResearchID":67066891,"OrderResearch":null,"ParameterID":200918,"Parameter":{"ShortNameRU":"общий белок в сыворотке крови","ShortNameKZ":"қан сарысуындағы жалпы ақуыз","ShortName":"общий белок в сыворотке крови","DataType":0,"DataTypeName":"Число","UnitTypeID":100012,"UnitType":{"OrderBy":13,"MasterDataID":null,"CDD_ID":null,"NameRU":"г/л","NameKZ":"г/л","Name":"г/л","PublicCode":"10001200","EndDate":null,"ID":"100012","StrID":"100012"},"MedicalFormID":null,"MasterDataID":0,"MedicalForm":null,"NameWithDataType":"общий белок в сыворотке крови  (Число)","NameRU":"общий белок в сыворотке крови","NameKZ":"қан сарысуындағы жалпы ақуыз","Name":"общий белок в сыворотке крови","PublicCode":"20091800","EndDate":null,"ID":"200918","StrID":"200918"},"ParameterValues":null,"ParameterValueID":null,"ParameterValue":null,"ResultText":null,"ResultValue":null,"ResultDate":"2026-08-29T23:37:02.688109+05:00","PostID":"0","Post":null,"ExecuteMethod":2,"SourceResultText":null,"SourceResultValue":null,"SourceResultExpression":null,"SourceUnitTypeID":100012,"SourceUnitType":{"OrderBy":13,"MasterDataID":null,"CDD_ID":null,"NameRU":"г/л","NameKZ":"г/л","Name":"г/л","PublicCode":"10001200","EndDate":null,"ID":"100012","StrID":"100012"},"MultiplierID":null,"IsApproved":false,"IsValidated":false,"StandardMatchType":0,"ApproveDate":null,"ApprovePostID":null,"ApprovePost":null,"OrderNum":1,"WorkPlaceID":20747,"OrderID":null,"BacteriologyResult":null,"AnalyzerId":null,"IsOrderProductionControl":false,"ID":"0","StrID":"0"},{"OrderResearchID":67066895,"OrderResearch":null,"ParameterID":200357,"Parameter":{"ShortNameRU":"АЛаТ","ShortNameKZ":"АЛаТ","ShortName":"АЛаТ","DataType":0,"DataTypeName":"Число","UnitTypeID":100030,"UnitType":{"OrderBy":31,"MasterDataID":null,"CDD_ID":null,"NameRU":"МЕ/л","NameKZ":"ХБ/л","Name":"МЕ/л","PublicCode":"10003000","EndDate":null,"ID":"100030","StrID":"100030"},"MedicalFormID":null,"MasterDataID":0,"MedicalForm":null,"NameWithDataType":"АЛаТ  (Число)","NameRU":"АЛаТ","NameKZ":"АЛаТ","Name":"АЛаТ","PublicCode":"20035700","EndDate":null,"ID":"200357","StrID":"200357"},"ParameterValues":null,"ParameterValueID":null,"ParameterValue":null,"ResultText":null,"ResultValue":null,"ResultDate":"2026-08-29T23:37:02.688109+05:00","PostID":"0","Post":null,"ExecuteMethod":2,"SourceResultText":null,"SourceResultValue":null,"SourceResultExpression":null,"SourceUnitTypeID":100030,"SourceUnitType":{"OrderBy":31,"MasterDataID":null,"CDD_ID":null,"NameRU":"МЕ/л","NameKZ":"ХБ/л","Name":"МЕ/л","PublicCode":"10003000","EndDate":null,"ID":"100030","StrID":"100030"},"MultiplierID":null,"IsApproved":false,"IsValidated":false,"StandardMatchType":0,"ApproveDate":null,"ApprovePostID":null,"ApprovePost":null,"OrderNum":1,"WorkPlaceID":20747,"OrderID":null,"BacteriologyResult":null,"AnalyzerId":null,"IsOrderProductionControl":false,"ID":"0","StrID":"0"},{"OrderResearchID":67066896,"OrderResearch":null,"ParameterID":201032,"Parameter":{"ShortNameRU":"прямой билирубин в сыворотке крови","ShortNameKZ":"қан сарысуындағы тікелей билирубин","ShortName":"прямой билирубин в сыворотке крови","DataType":0,"DataTypeName":"Число","UnitTypeID":100041,"UnitType":{"OrderBy":42,"MasterDataID":null,"CDD_ID":null,"NameRU":"мкмоль/л","NameKZ":"мкмоль/л","Name":"мкмоль/л","PublicCode":"10004100","EndDate":null,"ID":"100041","StrID":"100041"},"MedicalFormID":null,"MasterDataID":0,"MedicalForm":null,"NameWithDataType":"прямой билирубин в сыворотке крови  (Число)","NameRU":"прямой билирубин в сыворотке крови","NameKZ":"қан сарысуындағы тікелей билирубин","Name":"прямой билирубин в сыворотке крови","PublicCode":"20103200","EndDate":null,"ID":"201032","StrID":"201032"},"ParameterValues":null,"ParameterValueID":null,"ParameterValue":null,"ResultText":null,"ResultValue":null,"ResultDate":"2026-08-29T23:37:02.688109+05:00","PostID":"0","Post":null,"ExecuteMethod":2,"SourceResultText":null,"SourceResultValue":null,"SourceResultExpression":null,"SourceUnitTypeID":100041,"SourceUnitType":{"OrderBy":42,"MasterDataID":null,"CDD_ID":null,"NameRU":"мкмоль/л","NameKZ":"мкмоль/л","Name":"мкмоль/л","PublicCode":"10004100","EndDate":null,"ID":"100041","StrID":"100041"},"MultiplierID":null,"IsApproved":false,"IsValidated":false,"StandardMatchType":0,"ApproveDate":null,"ApprovePostID":null,"ApprovePost":null,"OrderNum":1,"WorkPlaceID":20747,"OrderID":null,"BacteriologyResult":null,"AnalyzerId":null,"IsOrderProductionControl":false,"ID":"0","StrID":"0"},{"OrderResearchID":67066897,"OrderResearch":null,"ParameterID":200919,"Parameter":{"ShortNameRU":"общий билирубин в сыворотке крови","ShortNameKZ":"қан сарысуындағы жалпы билирубин","ShortName":"общий билирубин в сыворотке крови","DataType":0,"DataTypeName":"Число","UnitTypeID":100041,"UnitType":{"OrderBy":42,"MasterDataID":null,"CDD_ID":null,"NameRU":"мкмоль/л","NameKZ":"мкмоль/л","Name":"мкмоль/л","PublicCode":"10004100","EndDate":null,"ID":"100041","StrID":"100041"},"MedicalFormID":null,"MasterDataID":0,"MedicalForm":null,"NameWithDataType":"общий билирубин в сыворотке крови  (Число)","NameRU":"общий билирубин в сыворотке крови","NameKZ":"қан сарысуындағы жалпы билирубин","Name":"общий билирубин в сыворотке крови","PublicCode":"20091900","EndDate":null,"ID":"200919","StrID":"200919"},"ParameterValues":null,"ParameterValueID":null,"ParameterValue":null,"ResultText":null,"ResultValue":null,"ResultDate":"2026-08-29T23:37:02.688109+05:00","PostID":"0","Post":null,"ExecuteMethod":2,"SourceResultText":null,"SourceResultValue":null,"SourceResultExpression":null,"SourceUnitTypeID":100041,"SourceUnitType":{"OrderBy":42,"MasterDataID":null,"CDD_ID":null,"NameRU":"мкмоль/л","NameKZ":"мкмоль/л","Name":"мкмоль/л","PublicCode":"10004100","EndDate":null,"ID":"100041","StrID":"100041"},"MultiplierID":null,"IsApproved":false,"IsValidated":false,"StandardMatchType":0,"ApproveDate":null,"ApprovePostID":null,"ApprovePost":null,"OrderNum":1,"WorkPlaceID":20747,"OrderID":null,"BacteriologyResult":null,"AnalyzerId":null,"IsOrderProductionControl":false,"ID":"0","StrID":"0"},{"OrderResearchID":67066898,"OrderResearch":null,"ParameterID":200408,"Parameter":{"ShortNameRU":"АСаТ","ShortNameKZ":"АСаТ","ShortName":"АСаТ","DataType":0,"DataTypeName":"Число","UnitTypeID":100030,"UnitType":{"OrderBy":31,"MasterDataID":null,"CDD_ID":null,"NameRU":"МЕ/л","NameKZ":"ХБ/л","Name":"МЕ/л","PublicCode":"10003000","EndDate":null,"ID":"100030","StrID":"100030"},"MedicalFormID":null,"MasterDataID":0,"MedicalForm":null,"NameWithDataType":"АСаТ  (Число)","NameRU":"АСаТ","NameKZ":"АСаТ","Name":"АСаТ","PublicCode":"20040800","EndDate":null,"ID":"200408","StrID":"200408"},"ParameterValues":null,"ParameterValueID":null,"ParameterValue":null,"ResultText":null,"ResultValue":null,"ResultDate":"2026-08-29T23:37:02.688109+05:00","PostID":"0","Post":null,"ExecuteMethod":2,"SourceResultText":null,"SourceResultValue":null,"SourceResultExpression":null,"SourceUnitTypeID":100030,"SourceUnitType":{"OrderBy":31,"MasterDataID":null,"CDD_ID":null,"NameRU":"МЕ/л","NameKZ":"ХБ/л","Name":"МЕ/л","PublicCode":"10003000","EndDate":null,"ID":"100030","StrID":"100030"},"MultiplierID":null,"IsApproved":false,"IsValidated":false,"StandardMatchType":0,"ApproveDate":null,"ApprovePostID":null,"ApprovePost":null,"OrderNum":1,"WorkPlaceID":20747,"OrderID":null,"BacteriologyResult":null,"AnalyzerId":null,"IsOrderProductionControl":false,"ID":"0","StrID":"0"},{"OrderResearchID":67066892,"OrderResearch":null,"ParameterID":200549,"Parameter":{"ShortNameRU":"глюкоза в сыворотке крови","ShortNameKZ":"қан сарысуындағы глюкоза","ShortName":"глюкоза в сыворотке крови","DataType":0,"DataTypeName":"Число","UnitTypeID":100051,"UnitType":{"OrderBy":52,"MasterDataID":null,"CDD_ID":null,"NameRU":"ммоль/л","NameKZ":"ммоль/л","Name":"ммоль/л","PublicCode":"10005100","EndDate":null,"ID":"100051","StrID":"100051"},"MedicalFormID":null,"MasterDataID":0,"MedicalForm":null,"NameWithDataType":"глюкоза в сыворотке крови  (Число)","NameRU":"глюкоза в сыворотке крови","NameKZ":"қан сарысуындағы глюкоза","Name":"глюкоза в сыворотке крови","PublicCode":"20054900","EndDate":null,"ID":"200549","StrID":"200549"},"ParameterValues":null,"ParameterValueID":null,"ParameterValue":null,"ResultText":null,"ResultValue":null,"ResultDate":"2026-08-29T23:37:02.7041349+05:00","PostID":"0","Post":null,"ExecuteMethod":2,"SourceResultText":null,"SourceResultValue":null,"SourceResultExpression":null,"SourceUnitTypeID":100051,"SourceUnitType":{"OrderBy":52,"MasterDataID":null,"CDD_ID":null,"NameRU":"ммоль/л","NameKZ":"ммоль/л","Name":"ммоль/л","PublicCode":"10005100","EndDate":null,"ID":"100051","StrID":"100051"},"MultiplierID":null,"IsApproved":false,"IsValidated":false,"StandardMatchType":0,"ApproveDate":null,"ApprovePostID":null,"ApprovePost":null,"OrderNum":1,"WorkPlaceID":20747,"OrderID":null,"BacteriologyResult":null,"AnalyzerId":null,"IsOrderProductionControl":false,"ID":"0","StrID":"0"},{"OrderResearchID":67066894,"OrderResearch":null,"ParameterID":200852,"Parameter":{"ShortNameRU":"мочевина в сыворотке крови","ShortNameKZ":"қан сарысуындағы несепнәр","ShortName":"мочевина в сыворотке крови","DataType":0,"DataTypeName":"Число","UnitTypeID":100051,"UnitType":{"OrderBy":52,"MasterDataID":null,"CDD_ID":null,"NameRU":"ммоль/л","NameKZ":"ммоль/л","Name":"ммоль/л","PublicCode":"10005100","EndDate":null,"ID":"100051","StrID":"100051"},"MedicalFormID":null,"MasterDataID":0,"MedicalForm":null,"NameWithDataType":"мочевина в сыворотке крови  (Число)","NameRU":"мочевина в сыворотке крови","NameKZ":"қан сарысуындағы несепнәр","Name":"мочевина в сыворотке крови","PublicCode":"20085200","EndDate":null,"ID":"200852","StrID":"200852"},"ParameterValues":null,"ParameterValueID":null,"ParameterValue":null,"ResultText":null,"ResultValue":null,"ResultDate":"2026-08-29T23:37:02.7041349+05:00","PostID":"0","Post":null,"ExecuteMethod":2,"SourceResultText":null,"SourceResultValue":null,"SourceResultExpression":null,"SourceUnitTypeID":100051,"SourceUnitType":{"OrderBy":52,"MasterDataID":null,"CDD_ID":null,"NameRU":"ммоль/л","NameKZ":"ммоль/л","Name":"ммоль/л","PublicCode":"10005100","EndDate":null,"ID":"100051","StrID":"100051"},"MultiplierID":null,"IsApproved":false,"IsValidated":false,"StandardMatchType":0,"ApproveDate":null,"ApprovePostID":null,"ApprovePost":null,"OrderNum":1,"WorkPlaceID":20747,"OrderID":null,"BacteriologyResult":null,"AnalyzerId":null,"IsOrderProductionControl":false,"ID":"0","StrID":"0"},{"OrderResearchID":67066893,"OrderResearch":null,"ParameterID":200744,"Parameter":{"ShortNameRU":"креатинин в крови","ShortNameKZ":"қандағы креатинин","ShortName":"креатинин в крови","DataType":0,"DataTypeName":"Число","UnitTypeID":100041,"UnitType":{"OrderBy":42,"MasterDataID":null,"CDD_ID":null,"NameRU":"мкмоль/л","NameKZ":"мкмоль/л","Name":"мкмоль/л","PublicCode":"10004100","EndDate":null,"ID":"100041","StrID":"100041"},"MedicalFormID":null,"MasterDataID":0,"MedicalForm":null,"NameWithDataType":"креатинин в крови  (Число)","NameRU":"креатинин в крови","NameKZ":"қандағы креатинин","Name":"креатинин в крови","PublicCode":"20074400","EndDate":null,"ID":"200744","StrID":"200744"},"ParameterValues":null,"ParameterValueID":null,"ParameterValue":null,"ResultText":null,"ResultValue":null,"ResultDate":"2026-08-29T23:37:02.7041349+05:00","PostID":"0","Post":null,"ExecuteMethod":2,"SourceResultText":null,"SourceResultValue":null,"SourceResultExpression":null,"SourceUnitTypeID":100041,"SourceUnitType":{"OrderBy":42,"MasterDataID":null,"CDD_ID":null,"NameRU":"мкмоль/л","NameKZ":"мкмоль/л","Name":"мкмоль/л","PublicCode":"10004100","EndDate":null,"ID":"100041","StrID":"100041"},"MultiplierID":null,"IsApproved":false,"IsValidated":false,"StandardMatchType":0,"ApproveDate":null,"ApprovePostID":null,"ApprovePost":null,"OrderNum":1,"WorkPlaceID":20747,"OrderID":null,"BacteriologyResult":null,"AnalyzerId":null,"IsOrderProductionControl":false,"ID":"0","StrID":"0"},{"OrderResearchID":67066899,"OrderResearch":null,"ParameterID":201150,"Parameter":{"ShortNameRU":"СРБ","ShortNameKZ":"СРА","ShortName":"СРБ","DataType":0,"DataTypeName":"Число","UnitTypeID":100026,"UnitType":{"OrderBy":27,"MasterDataID":null,"CDD_ID":null,"NameRU":"мг/л","NameKZ":"мг/л","Name":"мг/л","PublicCode":"10002600","EndDate":null,"ID":"100026","StrID":"100026"},"MedicalFormID":null,"MasterDataID":0,"MedicalForm":null,"NameWithDataType":"СРБ  (Число)","NameRU":"СРБ","NameKZ":"СРА","Name":"СРБ","PublicCode":"20115000","EndDate":null,"ID":"201150","StrID":"201150"},"ParameterValues":null,"ParameterValueID":null,"ParameterValue":null,"ResultText":null,"ResultValue":null,"ResultDate":"2026-08-29T23:37:02.7041349+05:00","PostID":"0","Post":null,"ExecuteMethod":2,"SourceResultText":null,"SourceResultValue":null,"SourceResultExpression":null,"SourceUnitTypeID":100026,"SourceUnitType":{"OrderBy":27,"MasterDataID":null,"CDD_ID":null,"NameRU":"мг/л","NameKZ":"мг/л","Name":"мг/л","PublicCode":"10002600","EndDate":null,"ID":"100026","StrID":"100026"},"MultiplierID":null,"IsApproved":false,"IsValidated":false,"StandardMatchType":0,"ApproveDate":null,"ApprovePostID":null,"ApprovePost":null,"OrderNum":1,"WorkPlaceID":20747,"OrderID":null,"BacteriologyResult":null,"AnalyzerId":null,"IsOrderProductionControl":false,"ID":"0","StrID":"0"},{"OrderResearchID":67066900,"OrderResearch":null,"ParameterID":200365,"Parameter":{"ShortNameRU":"амилаза панкреатическая в сыворотке крови","ShortNameKZ":"қан сарысуындағы панкреатикалық амилаза","ShortName":"амилаза панкреатическая в сыворотке крови","DataType":0,"DataTypeName":"Число","UnitTypeID":100015,"UnitType":{"OrderBy":16,"MasterDataID":null,"CDD_ID":null,"NameRU":"ЕД/л","NameKZ":"Бірл/л","Name":"ЕД/л","PublicCode":"10001500","EndDate":null,"ID":"100015","StrID":"100015"},"MedicalFormID":null,"MasterDataID":0,"MedicalForm":null,"NameWithDataType":"амилаза панкреатическая в сыворотке крови  (Число)","NameRU":"амилаза панкреатическая в сыворотке крови","NameKZ":"қан сарысуындағы панкреатикалық амилаза","Name":"амилаза панкреатическая в сыворотке крови","PublicCode":"20036500","EndDate":null,"ID":"200365","StrID":"200365"},"ParameterValues":null,"ParameterValueID":null,"ParameterValue":null,"ResultText":null,"ResultValue":null,"ResultDate":"2026-08-29T23:37:02.7041349+05:00","PostID":"0","Post":null,"ExecuteMethod":1,"SourceResultText":null,"SourceResultValue":null,"SourceResultExpression":null,"SourceUnitTypeID":100015,"SourceUnitType":{"OrderBy":16,"MasterDataID":null,"CDD_ID":null,"NameRU":"ЕД/л","NameKZ":"Бірл/л","Name":"ЕД/л","PublicCode":"10001500","EndDate":null,"ID":"100015","StrID":"100015"},"MultiplierID":null,"IsApproved":false,"IsValidated":false,"StandardMatchType":0,"ApproveDate":null,"ApprovePostID":null,"ApprovePost":null,"OrderNum":1,"WorkPlaceID":20747,"OrderID":null,"BacteriologyResult":null,"AnalyzerId":null,"IsOrderProductionControl":false,"ID":"0","StrID":"0"}]
29.08.2026 23:37:02	Information:	TestsWW spec 200918, spec 200357, spec 201032, spec 200919, spec 200408, spec 200549, spec 200852, spec 200744, spec 201150, spec 200365, 
29.08.2026 23:37:02	Information:	Querry lines count: 1
29.08.2026 23:37:02	Debug:	SendResults:	fix DriverRequests=	320	ms
29.08.2026 23:37:02	Information:	SAMPLE! 51566143 DeviceDriverResult Sample: 51566143 Suggest: . Do Request True
29.08.2026 23:37:02	Information:	Sample request count: 1
29.08.2026 23:37:02	Information:	MU is mmol/L
29.08.2026 23:37:02	Information:	Driver Collations count 0
29.08.2026 23:37:02	Information:	MU collations count=0
29.08.2026 23:37:02	Information:	MU is ?mol/L
29.08.2026 23:37:02	Information:	Driver Collations count 0
29.08.2026 23:37:02	Information:	MU collations count=0
29.08.2026 23:37:02	Information:	MU is ?mol/L
29.08.2026 23:37:02	Information:	Driver Collations count 0
29.08.2026 23:37:02	Information:	MU collations count=0
29.08.2026 23:37:02	Information:	MU is U/L
29.08.2026 23:37:02	Information:	Driver Collations count 0
29.08.2026 23:37:02	Information:	MU collations count=0
29.08.2026 23:37:02	Information:	MU is U/L
29.08.2026 23:37:02	Information:	Driver Collations count 0
29.08.2026 23:37:02	Information:	MU collations count=0
29.08.2026 23:37:02	Information:	MU is mg/L
29.08.2026 23:37:02	Information:	Driver Collations count 0
29.08.2026 23:37:02	Information:	MU collations count=0
29.08.2026 23:37:02	Information:	MU is g/L
29.08.2026 23:37:02	Information:	Driver Collations count 0
29.08.2026 23:37:02	Information:	MU collations count=0
29.08.2026 23:37:02	Information:	MU is U/L
29.08.2026 23:37:02	Information:	Driver Collations count 0
29.08.2026 23:37:02	Information:	MU collations count=0
29.08.2026 23:37:02	Information:	MU is ?mol/L
29.08.2026 23:37:02	Information:	Driver Collations count 0
29.08.2026 23:37:02	Information:	MU collations count=0
29.08.2026 23:37:02	Information:	MU is mmol/L
29.08.2026 23:37:02	Information:	Driver Collations count 0
29.08.2026 23:37:02	Information:	MU collations count=0
29.08.2026 23:37:02	Debug:	SendResults:	SetTestsValues first SetTestsValues=	71	ms
29.08.2026 23:37:02	Debug:	SendResults:	Device Total = 395 ms
29.08.2026 23:37:02	Information:	Saving 51566143
29.08.2026 23:37:02	Information:	Start test result saving
29.08.2026 23:37:02	Information:	Result object to save: 
29.08.2026 23:37:02	Information:	{"OrderResearchID":67066891,"OrderResearch":null,"ParameterID":200918,"Parameter":{"ShortNameRU":"общий белок в сыворотке крови","ShortNameKZ":"қан сарысуындағы жалпы ақуыз","ShortName":"общий белок в сыворотке крови","DataType":0,"DataTypeName":"Число","UnitTypeID":100012,"UnitType":{"NameRU":"г/л","NameKZ":"г/л","Name":"г/л","PublicCode":"10001200","OrderBy":13,"ID":100012,"StrID":"100012"},"MedicalFormID":null,"MedicalForm":null,"NameRU":"общий белок в сыворотке крови","NameKZ":"қан сарысуындағы жалпы ақуыз","Name":"общий белок в сыворотке крови","PublicCode":"20091800","OrderBy":null,"ID":200918,"StrID":"200918"},"ParameterValueID":null,"ParameterValue":null,"ResultText":"75.89","ResultValue":null,"ResultDate":"2026-08-29T23:37:02.688109+05:00","PostID":0,"Post":null,"ExecuteMethod":2,"SourceResultText":"75.89","SourceResultValue":null,"SourceResultExpression":null,"SourceUnitTypeID":100012,"SourceUnitType":{"NameRU":"г/л","NameKZ":"г/л","Name":"г/л","PublicCode":"10001200","OrderBy":13,"ID":100012,"StrID":"100012"},"IsApproved":false,"ApproveDate":null,"ApprovePostID":null,"ApprovePost":null,"OrderNum":1,"WorkPlaceID":20747,"DriverManagerID":150,"BacteriologyResult":null,"AnalyzerId":38,"IsOrderProductionControl":false,"ID":0,"StrID":"0"}
29.08.2026 23:37:02	Information:	Save string: 
29.08.2026 23:37:02	Information:	{"OrderResearchID":67066891,"OrderResearch":{"OrderID":31120201,"ServiceMoID":2163201,"ServiceMoMasterDataID":8269447,"ServiceMo":{"OrgHealthCareID":"45500000000000909","ServiceID":236,"NameRU":"Определение общего белка в сыворотке крови на анализаторе","NameKZ":"Қан сарысуындағы жалпы нәруызды талдауышта анықтау ","Name":"Определение общего белка в сыворотке крови на анализаторе","ShortNameRU":"Определение общего белка в сыворотке крови на анализаторе","ShortNameKZ":"Қан сарысуындағы жалпы нәруызды талдауышта анықтау ","ShortName":"Определение общего белка в сыворотке крови на анализаторе","FullName":"B03.397.002 - Определение общего белка в сыворотке крови на анализаторе","Code":"B03.397.002","ExternalCode":null,"ServiceClassID":5,"ServiceClass":{"ServiceTypeID":2,"OrderBy":5,"MasterDataID":5,"NameRU":"Клиническая химия (биохимия)","NameKZ":"Клиникалық химия (биохимия)","Name":"Клиническая химия (биохимия)","PublicCode":"500","EndDate":null,"ID":"5","StrID":"5"},"Service":{"NameRU":"Определение общего белка в сыворотке крови на анализаторе","NameKZ":"Қан сарысуындағы жалпы нәруызды талдауышта анықтау","Name":"Определение общего белка в сыворотке крови на анализаторе","ShortNameRU":"Общий белок на анализаторе","ShortNameKZ":"Общий белок на анализаторе","ShortName":"Общий белок на анализаторе","FullName":"B03.397.002 - Определение общего белка в сыворотке крови на анализаторе","Code":"B03.397.002","ServiceClassID":5,"ServiceClass":null,"ServiceSubClassID":6,"ServiceSubClass":null,"MaterialTypeID":202,"MaterialType":null,"MasterDataID":3079,"ID":"236","StrID":"236"},"MasterDataID":8269447,"ServiceSubClassID":6,"PayType":1,"ServiceSubClass":null,"ID":"2163201","StrID":"2163201"},"FullName":"B03.397.002 - Определение общего белка в сыворотке крови на анализаторе  () ","IsMain":true,"SourceID":"144974988_33977984","WorkPlaceID":20747,"WorkPlace":null,"DriverManager":null,"ParameterID":null,"Parameter":null,"AdditionalInfo":null,"Status":1,"PerformetServiceCount":7,"ResearchResultCount":0,"ApproveResearchResultCount":0,"NotSaveResearchResultCount":0,"ParentID":null,"ScreeningCandidatePlanGuid":null,"ScreeningUrl":null,"TakePlace":null,"MaterialTypeID":null,"MaterialType":null,"PartCount":0,"IsOrderProductionControl":false,"Uid":"aad4f553-b54c-41e0-a850-4056e9b5451d","OrderPerformerServices":[],"OrderResearchAllergens":[],"Results":[],"IsResumed":false,"ExecutionType":0,"ID":"67066891","StrID":"67066891"},"ParameterID":200918,"Parameter":{"ShortNameRU":"общий белок в сыворотке крови","ShortNameKZ":"қан сарысуындағы жалпы ақуыз","ShortName":"общий белок в сыворотке крови","DataType":0,"DataTypeName":"Число","UnitTypeID":100012,"UnitType":null,"MedicalFormID":null,"MasterDataID":0,"MedicalForm":null,"NameWithDataType":"общий белок в сыворотке крови  (Число)","NameRU":"общий белок в сыворотке крови","NameKZ":"қан сарысуындағы жалпы ақуыз","Name":"общий белок в сыворотке крови","PublicCode":"20091800","EndDate":null,"ID":"200918","StrID":"200918"},"ParameterValues":null,"ParameterValueID":null,"ParameterValue":null,"ResultText":"75.89","ResultValue":"75.89","ResultDate":"2026-08-29T23:37:02.9397658+05:00","PostID":"189416","Post":null,"ExecuteMethod":2,"SourceResultText":"75.89","SourceResultValue":"75.89","SourceResultExpression":null,"SourceUnitTypeID":100012,"SourceUnitType":{"OrderBy":13,"MasterDataID":null,"CDD_ID":null,"NameRU":"г/л","NameKZ":"г/л","Name":"г/л","PublicCode":"10001200","EndDate":null,"ID":"100012","StrID":"100012"},"MultiplierID":null,"IsApproved":false,"IsValidated":false,"StandardMatchType":0,"ApproveDate":null,"ApprovePostID":null,"ApprovePost":null,"OrderNum":1,"WorkPlaceID":20747,"OrderID":null,"BacteriologyResult":null,"AnalyzerId":38,"IsOrderProductionControl":false,"ID":"207132663","StrID":"207132663"}
29.08.2026 23:37:03	Information:	Result object to save: 
29.08.2026 23:37:03	Information:	{"OrderResearchID":67066895,"OrderResearch":null,"ParameterID":200357,"Parameter":{"ShortNameRU":"АЛаТ","ShortNameKZ":"АЛаТ","ShortName":"АЛаТ","DataType":0,"DataTypeName":"Число","UnitTypeID":100030,"UnitType":{"NameRU":"МЕ/л","NameKZ":"ХБ/л","Name":"МЕ/л","PublicCode":"10003000","OrderBy":31,"ID":100030,"StrID":"100030"},"MedicalFormID":null,"MedicalForm":null,"NameRU":"АЛаТ","NameKZ":"АЛаТ","Name":"АЛаТ","PublicCode":"20035700","OrderBy":null,"ID":200357,"StrID":"200357"},"ParameterValueID":null,"ParameterValue":null,"ResultText":"9.7","ResultValue":null,"ResultDate":"2026-08-29T23:37:02.688109+05:00","PostID":0,"Post":null,"ExecuteMethod":2,"SourceResultText":"9.7","SourceResultValue":null,"SourceResultExpression":null,"SourceUnitTypeID":100030,"SourceUnitType":{"NameRU":"МЕ/л","NameKZ":"ХБ/л","Name":"МЕ/л","PublicCode":"10003000","OrderBy":31,"ID":100030,"StrID":"100030"},"IsApproved":false,"ApproveDate":null,"ApprovePostID":null,"ApprovePost":null,"OrderNum":1,"WorkPlaceID":20747,"DriverManagerID":150,"BacteriologyResult":null,"AnalyzerId":38,"IsOrderProductionControl":false,"ID":0,"StrID":"0"}
29.08.2026 23:37:03	Information:	Save string: 
29.08.2026 23:37:03	Information:	{"OrderResearchID":67066895,"OrderResearch":{"OrderID":31120201,"ServiceMoID":2163576,"ServiceMoMasterDataID":8269462,"ServiceMo":{"OrgHealthCareID":"45500000000000909","ServiceID":253,"NameRU":"Определение аланинаминотрансферазы (АЛаТ) в сыворотке крови на анализаторе","NameKZ":"Қан сарысуындағы аланинаминотрансферазды (АЛаТ) талдауышта анықтау ","Name":"Определение аланинаминотрансферазы (АЛаТ) в сыворотке крови на анализаторе","ShortNameRU":"Определение аланинаминотрансферазы (АЛаТ) в сыворотке крови на анализаторе","ShortNameKZ":"Қан сарысуындағы аланинаминотрансферазды (АЛаТ) талдауышта анықтау ","ShortName":"Определение аланинаминотрансферазы (АЛаТ) в сыворотке крови на анализаторе","FullName":"B03.155.002 - Определение аланинаминотрансферазы (АЛаТ) в сыворотке крови на анализаторе","Code":"B03.155.002","ExternalCode":null,"ServiceClassID":5,"ServiceClass":{"ServiceTypeID":2,"OrderBy":5,"MasterDataID":5,"NameRU":"Клиническая химия (биохимия)","NameKZ":"Клиникалық химия (биохимия)","Name":"Клиническая химия (биохимия)","PublicCode":"500","EndDate":null,"ID":"5","StrID":"5"},"Service":{"NameRU":"Определение аланинаминотрансферазы (АЛаТ) в сыворотке крови на анализаторе","NameKZ":"Қан сарысуындағы аланинаминотрансферазды (АЛаТ) талдауышта анықтау","Name":"Определение аланинаминотрансферазы (АЛаТ) в сыворотке крови на анализаторе","ShortNameRU":"АЛаТ на анализаторе","ShortNameKZ":"АЛаТ на анализаторе","ShortName":"АЛаТ на анализаторе","FullName":"B03.155.002 - Определение аланинаминотрансферазы (АЛаТ) в сыворотке крови на анализаторе","Code":"B03.155.002","ServiceClassID":5,"ServiceClass":null,"ServiceSubClassID":6,"ServiceSubClass":null,"MaterialTypeID":202,"MaterialType":null,"MasterDataID":3094,"ID":"253","StrID":"253"},"MasterDataID":8269462,"ServiceSubClassID":6,"PayType":1,"ServiceSubClass":null,"ID":"2163576","StrID":"2163576"},"FullName":"B03.155.002 - Определение аланинаминотрансферазы (АЛаТ) в сыворотке крови на анализаторе  () ","IsMain":true,"SourceID":"144974988_33977989","WorkPlaceID":20747,"WorkPlace":null,"DriverManager":null,"ParameterID":null,"Parameter":null,"AdditionalInfo":null,"Status":1,"PerformetServiceCount":9,"ResearchResultCount":0,"ApproveResearchResultCount":0,"NotSaveResearchResultCount":0,"ParentID":null,"ScreeningCandidatePlanGuid":null,"ScreeningUrl":null,"TakePlace":null,"MaterialTypeID":null,"MaterialType":null,"PartCount":0,"IsOrderProductionControl":false,"Uid":"8eb4b8b9-b2a6-40af-9880-39b85ca9f634","OrderPerformerServices":[],"OrderResearchAllergens":[],"Results":[],"IsResumed":false,"ExecutionType":0,"ID":"67066895","StrID":"67066895"},"ParameterID":200357,"Parameter":{"ShortNameRU":"АЛаТ","ShortNameKZ":"АЛаТ","ShortName":"АЛаТ","DataType":0,"DataTypeName":"Число","UnitTypeID":100030,"UnitType":null,"MedicalFormID":null,"MasterDataID":0,"MedicalForm":null,"NameWithDataType":"АЛаТ  (Число)","NameRU":"АЛаТ","NameKZ":"АЛаТ","Name":"АЛаТ","PublicCode":"20035700","EndDate":null,"ID":"200357","StrID":"200357"},"ParameterValues":null,"ParameterValueID":null,"ParameterValue":null,"ResultText":"9.70","ResultValue":"9.70","ResultDate":"2026-08-29T23:37:03.0306157+05:00","PostID":"189416","Post":null,"ExecuteMethod":2,"SourceResultText":"9.70","SourceResultValue":"9.70","SourceResultExpression":null,"SourceUnitTypeID":100030,"SourceUnitType":{"OrderBy":31,"MasterDataID":null,"CDD_ID":null,"NameRU":"МЕ/л","NameKZ":"ХБ/л","Name":"МЕ/л","PublicCode":"10003000","EndDate":null,"ID":"100030","StrID":"100030"},"MultiplierID":null,"IsApproved":false,"IsValidated":false,"StandardMatchType":0,"ApproveDate":null,"ApprovePostID":null,"ApprovePost":null,"OrderNum":1,"WorkPlaceID":20747,"OrderID":null,"BacteriologyResult":null,"AnalyzerId":38,"IsOrderProductionControl":false,"ID":"207132664","StrID":"207132664"}
29.08.2026 23:37:03	Information:	Result object to save: 
29.08.2026 23:37:03	Information:	{"OrderResearchID":67066896,"OrderResearch":null,"ParameterID":201032,"Parameter":{"ShortNameRU":"прямой билирубин в сыворотке крови","ShortNameKZ":"қан сарысуындағы тікелей билирубин","ShortName":"прямой билирубин в сыворотке крови","DataType":0,"DataTypeName":"Число","UnitTypeID":100041,"UnitType":{"NameRU":"мкмоль/л","NameKZ":"мкмоль/л","Name":"мкмоль/л","PublicCode":"10004100","OrderBy":42,"ID":100041,"StrID":"100041"},"MedicalFormID":null,"MedicalForm":null,"NameRU":"прямой билирубин в сыворотке крови","NameKZ":"қан сарысуындағы тікелей билирубин","Name":"прямой билирубин в сыворотке крови","PublicCode":"20103200","OrderBy":null,"ID":201032,"StrID":"201032"},"ParameterValueID":null,"ParameterValue":null,"ResultText":"2.16","ResultValue":null,"ResultDate":"2026-08-29T23:37:02.688109+05:00","PostID":0,"Post":null,"ExecuteMethod":2,"SourceResultText":"2.16","SourceResultValue":null,"SourceResultExpression":null,"SourceUnitTypeID":100041,"SourceUnitType":{"NameRU":"мкмоль/л","NameKZ":"мкмоль/л","Name":"мкмоль/л","PublicCode":"10004100","OrderBy":42,"ID":100041,"StrID":"100041"},"IsApproved":false,"ApproveDate":null,"ApprovePostID":null,"ApprovePost":null,"OrderNum":1,"WorkPlaceID":20747,"DriverManagerID":150,"BacteriologyResult":null,"AnalyzerId":38,"IsOrderProductionControl":false,"ID":0,"StrID":"0"}
29.08.2026 23:37:03	Information:	Save string: 
29.08.2026 23:37:03	Information:	{"OrderResearchID":67066896,"OrderResearch":{"OrderID":31120201,"ServiceMoID":2163601,"ServiceMoMasterDataID":8269463,"ServiceMo":{"OrgHealthCareID":"45500000000000909","ServiceID":254,"NameRU":"Определение прямого билирубина в сыворотке крови на анализаторе","NameKZ":"Қан сарысуындағы тікелей  билирубинді талдауышта анықтау ","Name":"Определение прямого билирубина в сыворотке крови на анализаторе","ShortNameRU":"Определение прямого билирубина в сыворотке крови на анализаторе","ShortNameKZ":"Қан сарысуындағы тікелей  билирубинді талдауышта анықтау ","ShortName":"Определение прямого билирубина в сыворотке крови на анализаторе","FullName":"B03.435.002 - Определение прямого билирубина в сыворотке крови на анализаторе","Code":"B03.435.002","ExternalCode":null,"ServiceClassID":5,"ServiceClass":{"ServiceTypeID":2,"OrderBy":5,"MasterDataID":5,"NameRU":"Клиническая химия (биохимия)","NameKZ":"Клиникалық химия (биохимия)","Name":"Клиническая химия (биохимия)","PublicCode":"500","EndDate":null,"ID":"5","StrID":"5"},"Service":{"NameRU":"Определение прямого билирубина в сыворотке крови на анализаторе","NameKZ":"Қан сарысуындағы тікелей билирубинді талдауышта анықтау","Name":"Определение прямого билирубина в сыворотке крови на анализаторе","ShortNameRU":"Прямой Bi на анализаторе","ShortNameKZ":"Прямой Bi на анализаторе","ShortName":"Прямой Bi на анализаторе","FullName":"B03.435.002 - Определение прямого билирубина в сыворотке крови на анализаторе","Code":"B03.435.002","ServiceClassID":5,"ServiceClass":null,"ServiceSubClassID":6,"ServiceSubClass":null,"MaterialTypeID":202,"MaterialType":null,"MasterDataID":3095,"ID":"254","StrID":"254"},"MasterDataID":8269463,"ServiceSubClassID":6,"PayType":1,"ServiceSubClass":null,"ID":"2163601","StrID":"2163601"},"FullName":"B03.435.002 - Определение прямого билирубина в сыворотке крови на анализаторе  () ","IsMain":true,"SourceID":"144974988_33977991","WorkPlaceID":20747,"WorkPlace":null,"DriverManager":null,"ParameterID":null,"Parameter":null,"AdditionalInfo":null,"Status":1,"PerformetServiceCount":7,"ResearchResultCount":0,"ApproveResearchResultCount":0,"NotSaveResearchResultCount":0,"ParentID":null,"ScreeningCandidatePlanGuid":null,"ScreeningUrl":null,"TakePlace":null,"MaterialTypeID":null,"MaterialType":null,"PartCount":0,"IsOrderProductionControl":false,"Uid":"495bd546-09fc-40be-90e4-bb1bab6d2fa4","OrderPerformerServices":[],"OrderResearchAllergens":[],"Results":[],"IsResumed":false,"ExecutionType":0,"ID":"67066896","StrID":"67066896"},"ParameterID":201032,"Parameter":{"ShortNameRU":"прямой билирубин в сыворотке крови","ShortNameKZ":"қан сарысуындағы тікелей билирубин","ShortName":"прямой билирубин в сыворотке крови","DataType":0,"DataTypeName":"Число","UnitTypeID":100041,"UnitType":null,"MedicalFormID":null,"MasterDataID":0,"MedicalForm":null,"NameWithDataType":"прямой билирубин в сыворотке крови  (Число)","NameRU":"прямой билирубин в сыворотке крови","NameKZ":"қан сарысуындағы тікелей билирубин","Name":"прямой билирубин в сыворотке крови","PublicCode":"20103200","EndDate":null,"ID":"201032","StrID":"201032"},"ParameterValues":null,"ParameterValueID":null,"ParameterValue":null,"ResultText":"2.16","ResultValue":"2.16","ResultDate":"2026-08-29T23:37:03.101385+05:00","PostID":"189416","Post":null,"ExecuteMethod":2,"SourceResultText":"2.16","SourceResultValue":"2.16","SourceResultExpression":null,"SourceUnitTypeID":100041,"SourceUnitType":{"OrderBy":42,"MasterDataID":null,"CDD_ID":null,"NameRU":"мкмоль/л","NameKZ":"мкмоль/л","Name":"мкмоль/л","PublicCode":"10004100","EndDate":null,"ID":"100041","StrID":"100041"},"MultiplierID":null,"IsApproved":false,"IsValidated":false,"StandardMatchType":0,"ApproveDate":null,"ApprovePostID":null,"ApprovePost":null,"OrderNum":1,"WorkPlaceID":20747,"OrderID":null,"BacteriologyResult":null,"AnalyzerId":38,"IsOrderProductionControl":false,"ID":"207132665","StrID":"207132665"}
29.08.2026 23:37:03	Information:	Result object to save: 
29.08.2026 23:37:03	Information:	{"OrderResearchID":67066897,"OrderResearch":null,"ParameterID":200919,"Parameter":{"ShortNameRU":"общий билирубин в сыворотке крови","ShortNameKZ":"қан сарысуындағы жалпы билирубин","ShortName":"общий билирубин в сыворотке крови","DataType":0,"DataTypeName":"Число","UnitTypeID":100041,"UnitType":{"NameRU":"мкмоль/л","NameKZ":"мкмоль/л","Name":"мкмоль/л","PublicCode":"10004100","OrderBy":42,"ID":100041,"StrID":"100041"},"MedicalFormID":null,"MedicalForm":null,"NameRU":"общий билирубин в сыворотке крови","NameKZ":"қан сарысуындағы жалпы билирубин","Name":"общий билирубин в сыворотке крови","PublicCode":"20091900","OrderBy":null,"ID":200919,"StrID":"200919"},"ParameterValueID":null,"ParameterValue":null,"ResultText":"7.08","ResultValue":null,"ResultDate":"2026-08-29T23:37:02.688109+05:00","PostID":0,"Post":null,"ExecuteMethod":2,"SourceResultText":"7.08","SourceResultValue":null,"SourceResultExpression":null,"SourceUnitTypeID":100041,"SourceUnitType":{"NameRU":"мкмоль/л","NameKZ":"мкмоль/л","Name":"мкмоль/л","PublicCode":"10004100","OrderBy":42,"ID":100041,"StrID":"100041"},"IsApproved":false,"ApproveDate":null,"ApprovePostID":null,"ApprovePost":null,"OrderNum":1,"WorkPlaceID":20747,"DriverManagerID":150,"BacteriologyResult":null,"AnalyzerId":38,"IsOrderProductionControl":false,"ID":0,"StrID":"0"}
29.08.2026 23:37:03	Information:	Save string: 
29.08.2026 23:37:03	Information:	{"OrderResearchID":67066897,"OrderResearch":{"OrderID":31120201,"ServiceMoID":2163626,"ServiceMoMasterDataID":8269464,"ServiceMo":{"OrgHealthCareID":"45500000000000909","ServiceID":255,"NameRU":"Определение общего билирубина в сыворотке крови на анализаторе","NameKZ":"Қан сарысуындағы жалпы  билирубинді талдауышта анықтау в сыворотке крови на анализаторе","Name":"Определение общего билирубина в сыворотке крови на анализаторе","ShortNameRU":"Определение общего билирубина в сыворотке крови на анализаторе","ShortNameKZ":"Қан сарысуындағы жалпы  билирубинді талдауышта анықтау в сыворотке крови на анализаторе","ShortName":"Определение общего билирубина в сыворотке крови на анализаторе","FullName":"B03.398.002 - Определение общего билирубина в сыворотке крови на анализаторе","Code":"B03.398.002","ExternalCode":null,"ServiceClassID":5,"ServiceClass":{"ServiceTypeID":2,"OrderBy":5,"MasterDataID":5,"NameRU":"Клиническая химия (биохимия)","NameKZ":"Клиникалық химия (биохимия)","Name":"Клиническая химия (биохимия)","PublicCode":"500","EndDate":null,"ID":"5","StrID":"5"},"Service":{"NameRU":"Определение общего билирубина в сыворотке крови на анализаторе","NameKZ":"Қан сарысуындағы жалпы билирубинді талдауышта анықтау в сыворотке крови на анализаторе","Name":"Определение общего билирубина в сыворотке крови на анализаторе","ShortNameRU":"Общий Bi на анализаторе","ShortNameKZ":"Общий Bi на анализаторе","ShortName":"Общий Bi на анализаторе","FullName":"B03.398.002 - Определение общего билирубина в сыворотке крови на анализаторе","Code":"B03.398.002","ServiceClassID":5,"ServiceClass":null,"ServiceSubClassID":6,"ServiceSubClass":null,"MaterialTypeID":202,"MaterialType":null,"MasterDataID":3096,"ID":"255","StrID":"255"},"MasterDataID":8269464,"ServiceSubClassID":6,"PayType":1,"ServiceSubClass":null,"ID":"2163626","StrID":"2163626"},"FullName":"B03.398.002 - Определение общего билирубина в сыворотке крови на анализаторе  () ","IsMain":true,"SourceID":"144974988_33977988","WorkPlaceID":20747,"WorkPlace":null,"DriverManager":null,"ParameterID":null,"Parameter":null,"AdditionalInfo":null,"Status":1,"PerformetServiceCount":7,"ResearchResultCount":0,"ApproveResearchResultCount":0,"NotSaveResearchResultCount":0,"ParentID":null,"ScreeningCandidatePlanGuid":null,"ScreeningUrl":null,"TakePlace":null,"MaterialTypeID":null,"MaterialType":null,"PartCount":0,"IsOrderProductionControl":false,"Uid":"16ce919c-e9d1-449b-8878-4ff81f9643df","OrderPerformerServices":[],"OrderResearchAllergens":[],"Results":[],"IsResumed":false,"ExecutionType":0,"ID":"67066897","StrID":"67066897"},"ParameterID":200919,"Parameter":{"ShortNameRU":"общий билирубин в сыворотке крови","ShortNameKZ":"қан сарысуындағы жалпы билирубин","ShortName":"общий билирубин в сыворотке крови","DataType":0,"DataTypeName":"Число","UnitTypeID":100041,"UnitType":null,"MedicalFormID":null,"MasterDataID":0,"MedicalForm":null,"NameWithDataType":"общий билирубин в сыворотке крови  (Число)","NameRU":"общий билирубин в сыворотке крови","NameKZ":"қан сарысуындағы жалпы билирубин","Name":"общий билирубин в сыворотке крови","PublicCode":"20091900","EndDate":null,"ID":"200919","StrID":"200919"},"ParameterValues":null,"ParameterValueID":null,"ParameterValue":null,"ResultText":"7.08","ResultValue":"7.08","ResultDate":"2026-08-29T23:37:03.1777639+05:00","PostID":"189416","Post":null,"ExecuteMethod":2,"SourceResultText":"7.08","SourceResultValue":"7.08","SourceResultExpression":null,"SourceUnitTypeID":100041,"SourceUnitType":{"OrderBy":42,"MasterDataID":null,"CDD_ID":null,"NameRU":"мкмоль/л","NameKZ":"мкмоль/л","Name":"мкмоль/л","PublicCode":"10004100","EndDate":null,"ID":"100041","StrID":"100041"},"MultiplierID":null,"IsApproved":false,"IsValidated":false,"StandardMatchType":0,"ApproveDate":null,"ApprovePostID":null,"ApprovePost":null,"OrderNum":1,"WorkPlaceID":20747,"OrderID":null,"BacteriologyResult":null,"AnalyzerId":38,"IsOrderProductionControl":false,"ID":"207132666","StrID":"207132666"}
29.08.2026 23:37:03	Information:	Result object to save: 
29.08.2026 23:37:03	Information:	{"OrderResearchID":67066898,"OrderResearch":null,"ParameterID":200408,"Parameter":{"ShortNameRU":"АСаТ","ShortNameKZ":"АСаТ","ShortName":"АСаТ","DataType":0,"DataTypeName":"Число","UnitTypeID":100030,"UnitType":{"NameRU":"МЕ/л","NameKZ":"ХБ/л","Name":"МЕ/л","PublicCode":"10003000","OrderBy":31,"ID":100030,"StrID":"100030"},"MedicalFormID":null,"MedicalForm":null,"NameRU":"АСаТ","NameKZ":"АСаТ","Name":"АСаТ","PublicCode":"20040800","OrderBy":null,"ID":200408,"StrID":"200408"},"ParameterValueID":null,"ParameterValue":null,"ResultText":"14.05","ResultValue":null,"ResultDate":"2026-08-29T23:37:02.688109+05:00","PostID":0,"Post":null,"ExecuteMethod":2,"SourceResultText":"14.05","SourceResultValue":null,"SourceResultExpression":null,"SourceUnitTypeID":100030,"SourceUnitType":{"NameRU":"МЕ/л","NameKZ":"ХБ/л","Name":"МЕ/л","PublicCode":"10003000","OrderBy":31,"ID":100030,"StrID":"100030"},"IsApproved":false,"ApproveDate":null,"ApprovePostID":null,"ApprovePost":null,"OrderNum":1,"WorkPlaceID":20747,"DriverManagerID":150,"BacteriologyResult":null,"AnalyzerId":38,"IsOrderProductionControl":false,"ID":0,"StrID":"0"}
29.08.2026 23:37:03	Information:	Save string: 
29.08.2026 23:37:03	Information:	{"OrderResearchID":67066898,"OrderResearch":{"OrderID":31120201,"ServiceMoID":2163651,"ServiceMoMasterDataID":8269465,"ServiceMo":{"OrgHealthCareID":"45500000000000909","ServiceID":256,"NameRU":"Определение аспартатаминотрансферазы (АСаТ) в сыворотке крови на анализаторе","NameKZ":"Қан сарысуындағы  аспартатаминотрансферазды  (АСаТ) талдауышта анықтау  ","Name":"Определение аспартатаминотрансферазы (АСаТ) в сыворотке крови на анализаторе","ShortNameRU":"Определение аспартатаминотрансферазы (АСаТ) в сыворотке крови на анализаторе","ShortNameKZ":"Қан сарысуындағы  аспартатаминотрансферазды  (АСаТ) талдауышта анықтау  ","ShortName":"Определение аспартатаминотрансферазы (АСаТ) в сыворотке крови на анализаторе","FullName":"B03.293.002 - Определение аспартатаминотрансферазы (АСаТ) в сыворотке крови на анализаторе","Code":"B03.293.002","ExternalCode":null,"ServiceClassID":5,"ServiceClass":{"ServiceTypeID":2,"OrderBy":5,"MasterDataID":5,"NameRU":"Клиническая химия (биохимия)","NameKZ":"Клиникалық химия (биохимия)","Name":"Клиническая химия (биохимия)","PublicCode":"500","EndDate":null,"ID":"5","StrID":"5"},"Service":{"NameRU":"Определение аспартатаминотрансферазы (АСаТ) в сыворотке крови на анализаторе","NameKZ":"Қан сарысуындағы аспартатаминотрансферазды (АСаТ) талдауышта анықтау","Name":"Определение аспартатаминотрансферазы (АСаТ) в сыворотке крови на анализаторе","ShortNameRU":"АСаТ на анализаторе","ShortNameKZ":"АСаТ на анализаторе","ShortName":"АСаТ на анализаторе","FullName":"B03.293.002 - Определение аспартатаминотрансферазы (АСаТ) в сыворотке крови на анализаторе","Code":"B03.293.002","ServiceClassID":5,"ServiceClass":null,"ServiceSubClassID":6,"ServiceSubClass":null,"MaterialTypeID":202,"MaterialType":null,"MasterDataID":3097,"ID":"256","StrID":"256"},"MasterDataID":8269465,"ServiceSubClassID":6,"PayType":1,"ServiceSubClass":null,"ID":"2163651","StrID":"2163651"},"FullName":"B03.293.002 - Определение аспартатаминотрансферазы (АСаТ) в сыворотке крови на анализаторе  () ","IsMain":true,"SourceID":"144974988_33977990","WorkPlaceID":20747,"WorkPlace":null,"DriverManager":null,"ParameterID":null,"Parameter":null,"AdditionalInfo":null,"Status":1,"PerformetServiceCount":7,"ResearchResultCount":0,"ApproveResearchResultCount":0,"NotSaveResearchResultCount":0,"ParentID":null,"ScreeningCandidatePlanGuid":null,"ScreeningUrl":null,"TakePlace":null,"MaterialTypeID":null,"MaterialType":null,"PartCount":0,"IsOrderProductionControl":false,"Uid":"d3b42759-eb1e-43b1-83de-6f7aff5a6232","OrderPerformerServices":[],"OrderResearchAllergens":[],"Results":[],"IsResumed":false,"ExecutionType":0,"ID":"67066898","StrID":"67066898"},"ParameterID":200408,"Parameter":{"ShortNameRU":"АСаТ","ShortNameKZ":"АСаТ","ShortName":"АСаТ","DataType":0,"DataTypeName":"Число","UnitTypeID":100030,"UnitType":null,"MedicalFormID":null,"MasterDataID":0,"MedicalForm":null,"NameWithDataType":"АСаТ  (Число)","NameRU":"АСаТ","NameKZ":"АСаТ","Name":"АСаТ","PublicCode":"20040800","EndDate":null,"ID":"200408","StrID":"200408"},"ParameterValues":null,"ParameterValueID":null,"ParameterValue":null,"ResultText":"14.05","ResultValue":"14.05","ResultDate":"2026-08-29T23:37:03.2583179+05:00","PostID":"189416","Post":null,"ExecuteMethod":2,"SourceResultText":"14.05","SourceResultValue":"14.05","SourceResultExpression":null,"SourceUnitTypeID":100030,"SourceUnitType":{"OrderBy":31,"MasterDataID":null,"CDD_ID":null,"NameRU":"МЕ/л","NameKZ":"ХБ/л","Name":"МЕ/л","PublicCode":"10003000","EndDate":null,"ID":"100030","StrID":"100030"},"MultiplierID":null,"IsApproved":false,"IsValidated":false,"StandardMatchType":0,"ApproveDate":null,"ApprovePostID":null,"ApprovePost":null,"OrderNum":1,"WorkPlaceID":20747,"OrderID":null,"BacteriologyResult":null,"AnalyzerId":38,"IsOrderProductionControl":false,"ID":"207132667","StrID":"207132667"}
29.08.2026 23:37:03	Information:	Result object to save: 
29.08.2026 23:37:03	Information:	{"OrderResearchID":67066892,"OrderResearch":null,"ParameterID":200549,"Parameter":{"ShortNameRU":"глюкоза в сыворотке крови","ShortNameKZ":"қан сарысуындағы глюкоза","ShortName":"глюкоза в сыворотке крови","DataType":0,"DataTypeName":"Число","UnitTypeID":100051,"UnitType":{"NameRU":"ммоль/л","NameKZ":"ммоль/л","Name":"ммоль/л","PublicCode":"10005100","OrderBy":52,"ID":100051,"StrID":"100051"},"MedicalFormID":null,"MedicalForm":null,"NameRU":"глюкоза в сыворотке крови","NameKZ":"қан сарысуындағы глюкоза","Name":"глюкоза в сыворотке крови","PublicCode":"20054900","OrderBy":null,"ID":200549,"StrID":"200549"},"ParameterValueID":null,"ParameterValue":null,"ResultText":"6.54","ResultValue":null,"ResultDate":"2026-08-29T23:37:02.7041349+05:00","PostID":0,"Post":null,"ExecuteMethod":2,"SourceResultText":"6.54","SourceResultValue":null,"SourceResultExpression":null,"SourceUnitTypeID":100051,"SourceUnitType":{"NameRU":"ммоль/л","NameKZ":"ммоль/л","Name":"ммоль/л","PublicCode":"10005100","OrderBy":52,"ID":100051,"StrID":"100051"},"IsApproved":false,"ApproveDate":null,"ApprovePostID":null,"ApprovePost":null,"OrderNum":1,"WorkPlaceID":20747,"DriverManagerID":150,"BacteriologyResult":null,"AnalyzerId":38,"IsOrderProductionControl":false,"ID":0,"StrID":"0"}
29.08.2026 23:37:03	Information:	Save string: 
29.08.2026 23:37:03	Information:	{"OrderResearchID":67066892,"OrderResearch":{"OrderID":31120201,"ServiceMoID":2164501,"ServiceMoMasterDataID":8269499,"ServiceMo":{"OrgHealthCareID":"45500000000000909","ServiceID":290,"NameRU":"Определение глюкозы в сыворотке крови на анализаторе","NameKZ":"Қан сарысуындағы глюкозаны талдауышта анықтау ","Name":"Определение глюкозы в сыворотке крови на анализаторе","ShortNameRU":"Определение глюкозы в сыворотке крови на анализаторе","ShortNameKZ":"Қан сарысуындағы глюкозаны талдауышта анықтау ","ShortName":"Определение глюкозы в сыворотке крови на анализаторе","FullName":"B03.335.002 - Определение глюкозы в сыворотке крови на анализаторе","Code":"B03.335.002","ExternalCode":null,"ServiceClassID":5,"ServiceClass":{"ServiceTypeID":2,"OrderBy":5,"MasterDataID":5,"NameRU":"Клиническая химия (биохимия)","NameKZ":"Клиникалық химия (биохимия)","Name":"Клиническая химия (биохимия)","PublicCode":"500","EndDate":null,"ID":"5","StrID":"5"},"Service":{"NameRU":"Определение глюкозы в сыворотке крови на анализаторе","NameKZ":"Қан сарысуындағы глюкозаны талдауышта анықтау","Name":"Определение глюкозы в сыворотке крови на анализаторе","ShortNameRU":"Глюкоза в сыворотке крови на анализаторе","ShortNameKZ":"Глюкоза в сыворотке крови на анализаторе","ShortName":"Глюкоза в сыворотке крови на анализаторе","FullName":"B03.335.002 - Определение глюкозы в сыворотке крови на анализаторе","Code":"B03.335.002","ServiceClassID":5,"ServiceClass":null,"ServiceSubClassID":6,"ServiceSubClass":null,"MaterialTypeID":202,"MaterialType":null,"MasterDataID":3131,"ID":"290","StrID":"290"},"MasterDataID":8269499,"ServiceSubClassID":6,"PayType":1,"ServiceSubClass":null,"ID":"2164501","StrID":"2164501"},"FullName":"B03.335.002 - Определение глюкозы в сыворотке крови на анализаторе  () ","IsMain":true,"SourceID":"144974988_33977985","WorkPlaceID":20747,"WorkPlace":null,"DriverManager":null,"ParameterID":null,"Parameter":null,"AdditionalInfo":null,"Status":1,"PerformetServiceCount":7,"ResearchResultCount":0,"ApproveResearchResultCount":0,"NotSaveResearchResultCount":0,"ParentID":null,"ScreeningCandidatePlanGuid":null,"ScreeningUrl":null,"TakePlace":null,"MaterialTypeID":null,"MaterialType":null,"PartCount":0,"IsOrderProductionControl":false,"Uid":"1d457456-b3de-41b5-84b3-18a1af5575d7","OrderPerformerServices":[],"OrderResearchAllergens":[],"Results":[],"IsResumed":false,"ExecutionType":0,"ID":"67066892","StrID":"67066892"},"ParameterID":200549,"Parameter":{"ShortNameRU":"глюкоза в сыворотке крови","ShortNameKZ":"қан сарысуындағы глюкоза","ShortName":"глюкоза в сыворотке крови","DataType":0,"DataTypeName":"Число","UnitTypeID":100051,"UnitType":null,"MedicalFormID":null,"MasterDataID":0,"MedicalForm":null,"NameWithDataType":"глюкоза в сыворотке крови  (Число)","NameRU":"глюкоза в сыворотке крови","NameKZ":"қан сарысуындағы глюкоза","Name":"глюкоза в сыворотке крови","PublicCode":"20054900","EndDate":null,"ID":"200549","StrID":"200549"},"ParameterValues":null,"ParameterValueID":null,"ParameterValue":null,"ResultText":"6.54","ResultValue":"6.54","ResultDate":"2026-08-29T23:37:03.393328+05:00","PostID":"189416","Post":null,"ExecuteMethod":2,"SourceResultText":"6.54","SourceResultValue":"6.54","SourceResultExpression":null,"SourceUnitTypeID":100051,"SourceUnitType":{"OrderBy":52,"MasterDataID":null,"CDD_ID":null,"NameRU":"ммоль/л","NameKZ":"ммоль/л","Name":"ммоль/л","PublicCode":"10005100","EndDate":null,"ID":"100051","StrID":"100051"},"MultiplierID":null,"IsApproved":false,"IsValidated":false,"StandardMatchType":0,"ApproveDate":null,"ApprovePostID":null,"ApprovePost":null,"OrderNum":1,"WorkPlaceID":20747,"OrderID":null,"BacteriologyResult":null,"AnalyzerId":38,"IsOrderProductionControl":false,"ID":"207132668","StrID":"207132668"}
29.08.2026 23:37:03	Information:	Result object to save: 
29.08.2026 23:37:03	Information:	{"OrderResearchID":67066894,"OrderResearch":null,"ParameterID":200852,"Parameter":{"ShortNameRU":"мочевина в сыворотке крови","ShortNameKZ":"қан сарысуындағы несепнәр","ShortName":"мочевина в сыворотке крови","DataType":0,"DataTypeName":"Число","UnitTypeID":100051,"UnitType":{"NameRU":"ммоль/л","NameKZ":"ммоль/л","Name":"ммоль/л","PublicCode":"10005100","OrderBy":52,"ID":100051,"StrID":"100051"},"MedicalFormID":null,"MedicalForm":null,"NameRU":"мочевина в сыворотке крови","NameKZ":"қан сарысуындағы несепнәр","Name":"мочевина в сыворотке крови","PublicCode":"20085200","OrderBy":null,"ID":200852,"StrID":"200852"},"ParameterValueID":null,"ParameterValue":null,"ResultText":"3.53","ResultValue":null,"ResultDate":"2026-08-29T23:37:02.7041349+05:00","PostID":0,"Post":null,"ExecuteMethod":2,"SourceResultText":"3.53","SourceResultValue":null,"SourceResultExpression":null,"SourceUnitTypeID":100051,"SourceUnitType":{"NameRU":"ммоль/л","NameKZ":"ммоль/л","Name":"ммоль/л","PublicCode":"10005100","OrderBy":52,"ID":100051,"StrID":"100051"},"IsApproved":false,"ApproveDate":null,"ApprovePostID":null,"ApprovePost":null,"OrderNum":1,"WorkPlaceID":20747,"DriverManagerID":150,"BacteriologyResult":null,"AnalyzerId":38,"IsOrderProductionControl":false,"ID":0,"StrID":"0"}
29.08.2026 23:37:03	Information:	Save string: 
29.08.2026 23:37:03	Information:	{"OrderResearchID":67066894,"OrderResearch":{"OrderID":31120201,"ServiceMoID":2164626,"ServiceMoMasterDataID":8269504,"ServiceMo":{"OrgHealthCareID":"45500000000000909","ServiceID":295,"NameRU":"Определение мочевины в сыворотке крови на анализаторе","NameKZ":"Қан сарысуындағы несепнәрді  талдауышта анықтау ","Name":"Определение мочевины в сыворотке крови на анализаторе","ShortNameRU":"Определение мочевины в сыворотке крови на анализаторе","ShortNameKZ":"Қан сарысуындағы несепнәрді  талдауышта анықтау ","ShortName":"Определение мочевины в сыворотке крови на анализаторе","FullName":"B03.386.002 - Определение мочевины в сыворотке крови на анализаторе","Code":"B03.386.002","ExternalCode":null,"ServiceClassID":5,"ServiceClass":{"ServiceTypeID":2,"OrderBy":5,"MasterDataID":5,"NameRU":"Клиническая химия (биохимия)","NameKZ":"Клиникалық химия (биохимия)","Name":"Клиническая химия (биохимия)","PublicCode":"500","EndDate":null,"ID":"5","StrID":"5"},"Service":{"NameRU":"Определение мочевины в сыворотке крови на анализаторе","NameKZ":"Қан сарысуындағы несепнәрді талдауышта анықтау","Name":"Определение мочевины в сыворотке крови на анализаторе","ShortNameRU":"Мочевина на анализаторе","ShortNameKZ":"Мочевина на анализаторе","ShortName":"Мочевина на анализаторе","FullName":"B03.386.002 - Определение мочевины в сыворотке крови на анализаторе","Code":"B03.386.002","ServiceClassID":5,"ServiceClass":null,"ServiceSubClassID":6,"ServiceSubClass":null,"MaterialTypeID":202,"MaterialType":null,"MasterDataID":3136,"ID":"295","StrID":"295"},"MasterDataID":8269504,"ServiceSubClassID":6,"PayType":1,"ServiceSubClass":null,"ID":"2164626","StrID":"2164626"},"FullName":"B03.386.002 - Определение мочевины в сыворотке крови на анализаторе  () ","IsMain":true,"SourceID":"144974988_33977987","WorkPlaceID":20747,"WorkPlace":null,"DriverManager":null,"ParameterID":null,"Parameter":null,"AdditionalInfo":null,"Status":1,"PerformetServiceCount":7,"ResearchResultCount":0,"ApproveResearchResultCount":0,"NotSaveResearchResultCount":0,"ParentID":null,"ScreeningCandidatePlanGuid":null,"ScreeningUrl":null,"TakePlace":null,"MaterialTypeID":null,"MaterialType":null,"PartCount":0,"IsOrderProductionControl":false,"Uid":"440e0fc0-2244-45b5-a6a0-bbfb562d63f6","OrderPerformerServices":[],"OrderResearchAllergens":[],"Results":[],"IsResumed":false,"ExecutionType":0,"ID":"67066894","StrID":"67066894"},"ParameterID":200852,"Parameter":{"ShortNameRU":"мочевина в сыворотке крови","ShortNameKZ":"қан сарысуындағы несепнәр","ShortName":"мочевина в сыворотке крови","DataType":0,"DataTypeName":"Число","UnitTypeID":100051,"UnitType":null,"MedicalFormID":null,"MasterDataID":0,"MedicalForm":null,"NameWithDataType":"мочевина в сыворотке крови  (Число)","NameRU":"мочевина в сыворотке крови","NameKZ":"қан сарысуындағы несепнәр","Name":"мочевина в сыворотке крови","PublicCode":"20085200","EndDate":null,"ID":"200852","StrID":"200852"},"ParameterValues":null,"ParameterValueID":null,"ParameterValue":null,"ResultText":"3.53","ResultValue":"3.53","ResultDate":"2026-08-29T23:37:03.4625349+05:00","PostID":"189416","Post":null,"ExecuteMethod":2,"SourceResultText":"3.53","SourceResultValue":"3.53","SourceResultExpression":null,"SourceUnitTypeID":100051,"SourceUnitType":{"OrderBy":52,"MasterDataID":null,"CDD_ID":null,"NameRU":"ммоль/л","NameKZ":"ммоль/л","Name":"ммоль/л","PublicCode":"10005100","EndDate":null,"ID":"100051","StrID":"100051"},"MultiplierID":null,"IsApproved":false,"IsValidated":false,"StandardMatchType":0,"ApproveDate":null,"ApprovePostID":null,"ApprovePost":null,"OrderNum":1,"WorkPlaceID":20747,"OrderID":null,"BacteriologyResult":null,"AnalyzerId":38,"IsOrderProductionControl":false,"ID":"207132669","StrID":"207132669"}
29.08.2026 23:37:03	Information:	Result object to save: 
29.08.2026 23:37:03	Information:	{"OrderResearchID":67066893,"OrderResearch":null,"ParameterID":200744,"Parameter":{"ShortNameRU":"креатинин в крови","ShortNameKZ":"қандағы креатинин","ShortName":"креатинин в крови","DataType":0,"DataTypeName":"Число","UnitTypeID":100041,"UnitType":{"NameRU":"мкмоль/л","NameKZ":"мкмоль/л","Name":"мкмоль/л","PublicCode":"10004100","OrderBy":42,"ID":100041,"StrID":"100041"},"MedicalFormID":null,"MedicalForm":null,"NameRU":"креатинин в крови","NameKZ":"қандағы креатинин","Name":"креатинин в крови","PublicCode":"20074400","OrderBy":null,"ID":200744,"StrID":"200744"},"ParameterValueID":null,"ParameterValue":null,"ResultText":"46.88","ResultValue":null,"ResultDate":"2026-08-29T23:37:02.7041349+05:00","PostID":0,"Post":null,"ExecuteMethod":2,"SourceResultText":"46.88","SourceResultValue":null,"SourceResultExpression":null,"SourceUnitTypeID":100041,"SourceUnitType":{"NameRU":"мкмоль/л","NameKZ":"мкмоль/л","Name":"мкмоль/л","PublicCode":"10004100","OrderBy":42,"ID":100041,"StrID":"100041"},"IsApproved":false,"ApproveDate":null,"ApprovePostID":null,"ApprovePost":null,"OrderNum":1,"WorkPlaceID":20747,"DriverManagerID":150,"BacteriologyResult":null,"AnalyzerId":38,"IsOrderProductionControl":false,"ID":0,"StrID":"0"}
29.08.2026 23:37:03	Information:	Save string: 
29.08.2026 23:37:03	Information:	{"OrderResearchID":67066893,"OrderResearch":{"OrderID":31120201,"ServiceMoID":2164651,"ServiceMoMasterDataID":8269505,"ServiceMo":{"OrgHealthCareID":"45500000000000909","ServiceID":296,"NameRU":"Определение креатинина в сыворотке крови на анализаторе","NameKZ":"Қан сарысуындағы  креатининді талдауышта анықтау ","Name":"Определение креатинина в сыворотке крови на анализаторе","ShortNameRU":"Определение креатинина в сыворотке крови на анализаторе","ShortNameKZ":"Қан сарысуындағы  креатининді талдауышта анықтау ","ShortName":"Определение креатинина в сыворотке крови на анализаторе","FullName":"B03.363.002 - Определение креатинина в сыворотке крови на анализаторе","Code":"B03.363.002","ExternalCode":null,"ServiceClassID":5,"ServiceClass":{"ServiceTypeID":2,"OrderBy":5,"MasterDataID":5,"NameRU":"Клиническая химия (биохимия)","NameKZ":"Клиникалық химия (биохимия)","Name":"Клиническая химия (биохимия)","PublicCode":"500","EndDate":null,"ID":"5","StrID":"5"},"Service":{"NameRU":"Определение креатинина в сыворотке крови на анализаторе","NameKZ":"Қан сарысуындағы креатининді талдауышта анықтау","Name":"Определение креатинина в сыворотке крови на анализаторе","ShortNameRU":"Креатинин на анализаторе","ShortNameKZ":"Креатинин на анализаторе","ShortName":"Креатинин на анализаторе","FullName":"B03.363.002 - Определение креатинина в сыворотке крови на анализаторе","Code":"B03.363.002","ServiceClassID":5,"ServiceClass":null,"ServiceSubClassID":6,"ServiceSubClass":null,"MaterialTypeID":202,"MaterialType":null,"MasterDataID":3137,"ID":"296","StrID":"296"},"MasterDataID":8269505,"ServiceSubClassID":6,"PayType":1,"ServiceSubClass":null,"ID":"2164651","StrID":"2164651"},"FullName":"B03.363.002 - Определение креатинина в сыворотке крови на анализаторе  () ","IsMain":true,"SourceID":"144974988_33977986","WorkPlaceID":20747,"WorkPlace":null,"DriverManager":null,"ParameterID":null,"Parameter":null,"AdditionalInfo":null,"Status":1,"PerformetServiceCount":7,"ResearchResultCount":0,"ApproveResearchResultCount":0,"NotSaveResearchResultCount":0,"ParentID":null,"ScreeningCandidatePlanGuid":null,"ScreeningUrl":null,"TakePlace":null,"MaterialTypeID":null,"MaterialType":null,"PartCount":0,"IsOrderProductionControl":false,"Uid":"3abf73f0-712e-426c-a433-f02934de572c","OrderPerformerServices":[],"OrderResearchAllergens":[],"Results":[],"IsResumed":false,"ExecutionType":0,"ID":"67066893","StrID":"67066893"},"ParameterID":200744,"Parameter":{"ShortNameRU":"креатинин в крови","ShortNameKZ":"қандағы креатинин","ShortName":"креатинин в крови","DataType":0,"DataTypeName":"Число","UnitTypeID":100041,"UnitType":null,"MedicalFormID":null,"MasterDataID":0,"MedicalForm":null,"NameWithDataType":"креатинин в крови  (Число)","NameRU":"креатинин в крови","NameKZ":"қандағы креатинин","Name":"креатинин в крови","PublicCode":"20074400","EndDate":null,"ID":"200744","StrID":"200744"},"ParameterValues":null,"ParameterValueID":null,"ParameterValue":null,"ResultText":"46.88","ResultValue":"46.88","ResultDate":"2026-08-29T23:37:03.5345006+05:00","PostID":"189416","Post":null,"ExecuteMethod":2,"SourceResultText":"46.88","SourceResultValue":"46.88","SourceResultExpression":null,"SourceUnitTypeID":100041,"SourceUnitType":{"OrderBy":42,"MasterDataID":null,"CDD_ID":null,"NameRU":"мкмоль/л","NameKZ":"мкмоль/л","Name":"мкмоль/л","PublicCode":"10004100","EndDate":null,"ID":"100041","StrID":"100041"},"MultiplierID":null,"IsApproved":false,"IsValidated":false,"StandardMatchType":0,"ApproveDate":null,"ApprovePostID":null,"ApprovePost":null,"OrderNum":1,"WorkPlaceID":20747,"OrderID":null,"BacteriologyResult":null,"AnalyzerId":38,"IsOrderProductionControl":false,"ID":"207132670","StrID":"207132670"}
29.08.2026 23:37:03	Information:	Result object to save: 
29.08.2026 23:37:03	Information:	{"OrderResearchID":67066899,"OrderResearch":null,"ParameterID":201150,"Parameter":{"ShortNameRU":"СРБ","ShortNameKZ":"СРА","ShortName":"СРБ","DataType":0,"DataTypeName":"Число","UnitTypeID":100026,"UnitType":{"NameRU":"мг/л","NameKZ":"мг/л","Name":"мг/л","PublicCode":"10002600","OrderBy":27,"ID":100026,"StrID":"100026"},"MedicalFormID":null,"MedicalForm":null,"NameRU":"СРБ","NameKZ":"СРА","Name":"СРБ","PublicCode":"20115000","OrderBy":null,"ID":201150,"StrID":"201150"},"ParameterValueID":null,"ParameterValue":null,"ResultText":"4.49","ResultValue":null,"ResultDate":"2026-08-29T23:37:02.7041349+05:00","PostID":0,"Post":null,"ExecuteMethod":2,"SourceResultText":"4.49","SourceResultValue":null,"SourceResultExpression":null,"SourceUnitTypeID":100026,"SourceUnitType":{"NameRU":"мг/л","NameKZ":"мг/л","Name":"мг/л","PublicCode":"10002600","OrderBy":27,"ID":100026,"StrID":"100026"},"IsApproved":false,"ApproveDate":null,"ApprovePostID":null,"ApprovePost":null,"OrderNum":1,"WorkPlaceID":20747,"DriverManagerID":150,"BacteriologyResult":null,"AnalyzerId":38,"IsOrderProductionControl":false,"ID":0,"StrID":"0"}
29.08.2026 23:37:03	Information:	Save string: 
29.08.2026 23:37:03	Information:	{"OrderResearchID":67066899,"OrderResearch":{"OrderID":31120201,"ServiceMoID":2164726,"ServiceMoMasterDataID":8269508,"ServiceMo":{"OrgHealthCareID":"45500000000000909","ServiceID":299,"NameRU":"Определение «C» реактивного белка (СРБ) в сыворотке крови количественно","NameKZ":"Қан сарысуында \"C\" реактивті нәруызын сандық анықтау","Name":"Определение «C» реактивного белка (СРБ) в сыворотке крови количественно","ShortNameRU":"Определение «C» реактивного белка (СРБ) в сыворотке крови количественно","ShortNameKZ":"Қан сарысуында \"C\" реактивті нәруызын сандық анықтау","ShortName":"Определение «C» реактивного белка (СРБ) в сыворотке крови количественно","FullName":"B03.115.002 - Определение «C» реактивного белка (СРБ) в сыворотке крови количественно","Code":"B03.115.002","ExternalCode":null,"ServiceClassID":5,"ServiceClass":{"ServiceTypeID":2,"OrderBy":5,"MasterDataID":5,"NameRU":"Клиническая химия (биохимия)","NameKZ":"Клиникалық химия (биохимия)","Name":"Клиническая химия (биохимия)","PublicCode":"500","EndDate":null,"ID":"5","StrID":"5"},"Service":{"NameRU":"Определение «C» реактивного белка (СРБ) в сыворотке крови количественно","NameKZ":"Қан сарысуында \"C\" реактивті нәруызын сандық анықтау","Name":"Определение «C» реактивного белка (СРБ) в сыворотке крови количественно","ShortNameRU":"СРБ на анализаторе","ShortNameKZ":"СРБ на анализаторе","ShortName":"СРБ на анализаторе","FullName":"B03.115.002 - Определение «C» реактивного белка (СРБ) в сыворотке крови количественно","Code":"B03.115.002","ServiceClassID":5,"ServiceClass":null,"ServiceSubClassID":6,"ServiceSubClass":null,"MaterialTypeID":202,"MaterialType":null,"MasterDataID":3140,"ID":"299","StrID":"299"},"MasterDataID":8269508,"ServiceSubClassID":6,"PayType":1,"ServiceSubClass":null,"ID":"2164726","StrID":"2164726"},"FullName":"B03.115.002 - Определение «C» реактивного белка (СРБ) в сыворотке крови количественно  () ","IsMain":true,"SourceID":"144974988_33977993","WorkPlaceID":20747,"WorkPlace":null,"DriverManager":null,"ParameterID":null,"Parameter":null,"AdditionalInfo":null,"Status":1,"PerformetServiceCount":7,"ResearchResultCount":0,"ApproveResearchResultCount":0,"NotSaveResearchResultCount":0,"ParentID":null,"ScreeningCandidatePlanGuid":null,"ScreeningUrl":null,"TakePlace":null,"MaterialTypeID":null,"MaterialType":null,"PartCount":0,"IsOrderProductionControl":false,"Uid":"058fb7a3-f108-405c-aa50-7955026626c4","OrderPerformerServices":[],"OrderResearchAllergens":[],"Results":[],"IsResumed":false,"ExecutionType":0,"ID":"67066899","StrID":"67066899"},"ParameterID":201150,"Parameter":{"ShortNameRU":"СРБ","ShortNameKZ":"СРА","ShortName":"СРБ","DataType":0,"DataTypeName":"Число","UnitTypeID":100026,"UnitType":null,"MedicalFormID":null,"MasterDataID":0,"MedicalForm":null,"NameWithDataType":"СРБ  (Число)","NameRU":"СРБ","NameKZ":"СРА","Name":"СРБ","PublicCode":"20115000","EndDate":null,"ID":"201150","StrID":"201150"},"ParameterValues":null,"ParameterValueID":null,"ParameterValue":null,"ResultText":"4.49","ResultValue":"4.49","ResultDate":"2026-08-29T23:37:03.6053663+05:00","PostID":"189416","Post":null,"ExecuteMethod":2,"SourceResultText":"4.49","SourceResultValue":"4.49","SourceResultExpression":null,"SourceUnitTypeID":100026,"SourceUnitType":{"OrderBy":27,"MasterDataID":null,"CDD_ID":null,"NameRU":"мг/л","NameKZ":"мг/л","Name":"мг/л","PublicCode":"10002600","EndDate":null,"ID":"100026","StrID":"100026"},"MultiplierID":null,"IsApproved":false,"IsValidated":false,"StandardMatchType":0,"ApproveDate":null,"ApprovePostID":null,"ApprovePost":null,"OrderNum":1,"WorkPlaceID":20747,"OrderID":null,"BacteriologyResult":null,"AnalyzerId":38,"IsOrderProductionControl":false,"ID":"207132671","StrID":"207132671"}
29.08.2026 23:37:03	Information:	Result object to save: 
29.08.2026 23:37:03	Information:	{"OrderResearchID":67066900,"OrderResearch":null,"ParameterID":200365,"Parameter":{"ShortNameRU":"амилаза панкреатическая в сыворотке крови","ShortNameKZ":"қан сарысуындағы панкреатикалық амилаза","ShortName":"амилаза панкреатическая в сыворотке крови","DataType":0,"DataTypeName":"Число","UnitTypeID":100015,"UnitType":{"NameRU":"ЕД/л","NameKZ":"Бірл/л","Name":"ЕД/л","PublicCode":"10001500","OrderBy":16,"ID":100015,"StrID":"100015"},"MedicalFormID":null,"MedicalForm":null,"NameRU":"амилаза панкреатическая в сыворотке крови","NameKZ":"қан сарысуындағы панкреатикалық амилаза","Name":"амилаза панкреатическая в сыворотке крови","PublicCode":"20036500","OrderBy":null,"ID":200365,"StrID":"200365"},"ParameterValueID":null,"ParameterValue":null,"ResultText":"34.38","ResultValue":null,"ResultDate":"2026-08-29T23:37:02.7041349+05:00","PostID":0,"Post":null,"ExecuteMethod":1,"SourceResultText":"34.38","SourceResultValue":null,"SourceResultExpression":null,"SourceUnitTypeID":100015,"SourceUnitType":{"NameRU":"ЕД/л","NameKZ":"Бірл/л","Name":"ЕД/л","PublicCode":"10001500","OrderBy":16,"ID":100015,"StrID":"100015"},"IsApproved":false,"ApproveDate":null,"ApprovePostID":null,"ApprovePost":null,"OrderNum":1,"WorkPlaceID":20747,"DriverManagerID":150,"BacteriologyResult":null,"AnalyzerId":38,"IsOrderProductionControl":false,"ID":0,"StrID":"0"}
29.08.2026 23:37:03	Information:	Save string: 
29.08.2026 23:37:03	Information:	{"OrderResearchID":67066900,"OrderResearch":{"OrderID":31120201,"ServiceMoID":2164826,"ServiceMoMasterDataID":8269512,"ServiceMo":{"OrgHealthCareID":"45500000000000909","ServiceID":303,"NameRU":"Определение амилазы панкреатической в сыворотке крови на анализаторе","NameKZ":"Қан сарысуындағы панкреатит амилазасын талдауышта анықтау","Name":"Определение амилазы панкреатической в сыворотке крови на анализаторе","ShortNameRU":"Определение амилазы панкреатической в сыворотке крови на анализаторе","ShortNameKZ":"Қан сарысуындағы панкреатит амилазасын талдауышта анықтау","ShortName":"Определение амилазы панкреатической в сыворотке крови на анализаторе","FullName":"B03.160.002 - Определение амилазы панкреатической в сыворотке крови на анализаторе","Code":"B03.160.002","ExternalCode":null,"ServiceClassID":5,"ServiceClass":{"ServiceTypeID":2,"OrderBy":5,"MasterDataID":5,"NameRU":"Клиническая химия (биохимия)","NameKZ":"Клиникалық химия (биохимия)","Name":"Клиническая химия (биохимия)","PublicCode":"500","EndDate":null,"ID":"5","StrID":"5"},"Service":{"NameRU":"Определение амилазы панкреатической в сыворотке крови на анализаторе","NameKZ":"Қан сарысуындағы панкреатит амилазасын талдауышта анықтау","Name":"Определение амилазы панкреатической в сыворотке крови на анализаторе","ShortNameRU":"Амилаза панкреатическая на анализаторе","ShortNameKZ":"Амилаза панкреатическая на анализаторе","ShortName":"Амилаза панкреатическая на анализаторе","FullName":"B03.160.002 - Определение амилазы панкреатической в сыворотке крови на анализаторе","Code":"B03.160.002","ServiceClassID":5,"ServiceClass":null,"ServiceSubClassID":6,"ServiceSubClass":null,"MaterialTypeID":202,"MaterialType":null,"MasterDataID":3144,"ID":"303","StrID":"303"},"MasterDataID":8269512,"ServiceSubClassID":6,"PayType":1,"ServiceSubClass":null,"ID":"2164826","StrID":"2164826"},"FullName":"B03.160.002 - Определение амилазы панкреатической в сыворотке крови на анализаторе  () ","IsMain":true,"SourceID":"144974988_33977992","WorkPlaceID":20747,"WorkPlace":null,"DriverManager":null,"ParameterID":null,"Parameter":null,"AdditionalInfo":null,"Status":1,"PerformetServiceCount":0,"ResearchResultCount":0,"ApproveResearchResultCount":0,"NotSaveResearchResultCount":0,"ParentID":null,"ScreeningCandidatePlanGuid":null,"ScreeningUrl":null,"TakePlace":null,"MaterialTypeID":null,"MaterialType":null,"PartCount":0,"IsOrderProductionControl":false,"Uid":"16df9d43-7533-4c29-9aa7-5bbac187620a","OrderPerformerServices":[],"OrderResearchAllergens":[],"Results":[],"IsResumed":false,"ExecutionType":0,"ID":"67066900","StrID":"67066900"},"ParameterID":200365,"Parameter":{"ShortNameRU":"амилаза панкреатическая в сыворотке крови","ShortNameKZ":"қан сарысуындағы панкреатикалық амилаза","ShortName":"амилаза панкреатическая в сыворотке крови","DataType":0,"DataTypeName":"Число","UnitTypeID":100015,"UnitType":null,"MedicalFormID":null,"MasterDataID":0,"MedicalForm":null,"NameWithDataType":"амилаза панкреатическая в сыворотке крови  (Число)","NameRU":"амилаза панкреатическая в сыворотке крови","NameKZ":"қан сарысуындағы панкреатикалық амилаза","Name":"амилаза панкреатическая в сыворотке крови","PublicCode":"20036500","EndDate":null,"ID":"200365","StrID":"200365"},"ParameterValues":null,"ParameterValueID":null,"ParameterValue":null,"ResultText":"34.38","ResultValue":"34.38","ResultDate":"2026-08-29T23:37:03.6786206+05:00","PostID":"189416","Post":null,"ExecuteMethod":2,"SourceResultText":"34.38","SourceResultValue":"34.38","SourceResultExpression":null,"SourceUnitTypeID":100015,"SourceUnitType":{"OrderBy":16,"MasterDataID":null,"CDD_ID":null,"NameRU":"ЕД/л","NameKZ":"Бірл/л","Name":"ЕД/л","PublicCode":"10001500","EndDate":null,"ID":"100015","StrID":"100015"},"MultiplierID":null,"IsApproved":false,"IsValidated":false,"StandardMatchType":0,"ApproveDate":null,"ApprovePostID":null,"ApprovePost":null,"OrderNum":1,"WorkPlaceID":20747,"OrderID":null,"BacteriologyResult":null,"AnalyzerId":38,"IsOrderProductionControl":false,"ID":"207132672","StrID":"207132672"}
29.08.2026 23:37:03	Debug:	 SendResults SaveDeviceResults = 887 ms
29.08.2026 23:37:03	Debug:	 total for SendResults = 1284 ms
29.08.2026 23:39:01	Information:	url https://lab-vko.dmed.kz/ /api/DriverManager/PingDevice
29.08.2026 23:39:01	Information:	{
"Hash": "w9LjvpRCyoByGV3Lzv0iX9dSI0tLK0uV+pRojL1kufc=",
"Status": 0
}


29.08.2026 23:39:01	Information:	Ping ret is {"Status":0,"Comment":null}
29.08.2026 23:41:01	Information:	url https://lab-vko.dmed.kz/ /api/DriverManager/PingDevice
29.08.2026 23:41:01	Information:	{
"Hash": "w9LjvpRCyoByGV3Lzv0iX9dSI0tLK0uV+pRojL1kufc=",
"Status": 0
}


29.08.2026 23:41:01	Information:	Ping ret is {"Status":0,"Comment":null}
29.08.2026 23:43:02	Information:	url https://lab-vko.dmed.kz/ /api/DriverManager/PingDevice
29.08.2026 23:43:02	Information:	{
"Hash": "w9LjvpRCyoByGV3Lzv0iX9dSI0tLK0uV+pRojL1kufc=",
"Status": 0
}


29.08.2026 23:43:02	Information:	Ping ret is {"Status":0,"Comment":null}
29.08.2026 23:44:28	Information:	refresh tokens
29.08.2026 23:45:02	Information:	url https://lab-vko.dmed.kz/ /api/DriverManager/PingDevice
29.08.2026 23:45:02	Information:	{
"Hash": "w9LjvpRCyoByGV3Lzv0iX9dSI0tLK0uV+pRojL1kufc=",
"Status": 0
}


29.08.2026 23:45:02	Information:	Ping ret is {"Status":0,"Comment":null}
29.08.2026 23:47:03	Information:	url https://lab-vko.dmed.kz/ /api/DriverManager/PingDevice
29.08.2026 23:47:03	Information:	{
"Hash": "w9LjvpRCyoByGV3Lzv0iX9dSI0tLK0uV+pRojL1kufc=",
"Status": 0
}


29.08.2026 23:47:03	Information:	Ping ret is {"Status":0,"Comment":null}
29.08.2026 23:49:03	Information:	url https://lab-vko.dmed.kz/ /api/DriverManager/PingDevice
29.08.2026 23:49:03	Information:	{
"Hash": "w9LjvpRCyoByGV3Lzv0iX9dSI0tLK0uV+pRojL1kufc=",
"Status": 0
}


29.08.2026 23:49:03	Information:	Ping ret is {"Status":0,"Comment":null}
29.08.2026 23:51:04	Information:	url https://lab-vko.dmed.kz/ /api/DriverManager/PingDevice
29.08.2026 23:51:04	Information:	{
"Hash": "w9LjvpRCyoByGV3Lzv0iX9dSI0tLK0uV+pRojL1kufc=",
"Status": 0
}


29.08.2026 23:51:04	Information:	Ping ret is {"Status":0,"Comment":null}
29.08.2026 23:53:04	Information:	url https://lab-vko.dmed.kz/ /api/DriverManager/PingDevice
29.08.2026 23:53:04	Information:	{
"Hash": "w9LjvpRCyoByGV3Lzv0iX9dSI0tLK0uV+pRojL1kufc=",
"Status": 0
}


29.08.2026 23:53:04	Information:	Ping ret is {"Status":0,"Comment":null}
29.08.2026 23:54:28	Information:	refresh tokens
29.08.2026 23:55:05	Information:	url https://lab-vko.dmed.kz/ /api/DriverManager/PingDevice
29.08.2026 23:55:05	Information:	{
"Hash": "w9LjvpRCyoByGV3Lzv0iX9dSI0tLK0uV+pRojL1kufc=",
"Status": 0
}


29.08.2026 23:55:05	Information:	Ping ret is {"Status":0,"Comment":null}
29.08.2026 23:57:05	Information:	url https://lab-vko.dmed.kz/ /api/DriverManager/PingDevice
29.08.2026 23:57:05	Information:	{
"Hash": "w9LjvpRCyoByGV3Lzv0iX9dSI0tLK0uV+pRojL1kufc=",
"Status": 0
}


29.08.2026 23:57:05	Information:	Ping ret is {"Status":0,"Comment":null}
29.08.2026 23:59:06	Information:	url https://lab-vko.dmed.kz/ /api/DriverManager/PingDevice
29.08.2026 23:59:06	Information:	{
"Hash": "w9LjvpRCyoByGV3Lzv0iX9dSI0tLK0uV+pRojL1kufc=",
"Status": 0
}


29.08.2026 23:59:06	Information:	Ping ret is {"Status":0,"Comment":null}
30.08.2026 0:01:18	Information:	url https://lab-vko.dmed.kz/ /api/DriverManager/PingDevice
30.08.2026 0:01:18	Information:	{
"Hash": "w9LjvpRCyoByGV3Lzv0iX9dSI0tLK0uV+pRojL1kufc=",
"Status": 0
}


30.08.2026 0:01:18	Information:	Ping ret is {"Status":0,"Comment":null}
30.08.2026 0:03:19	Information:	url https://lab-vko.dmed.kz/ /api/DriverManager/PingDevice
30.08.2026 0:03:19	Information:	{
"Hash": "w9LjvpRCyoByGV3Lzv0iX9dSI0tLK0uV+pRojL1kufc=",
"Status": 0
}


30.08.2026 0:03:19	Information:	Ping ret is {"Status":0,"Comment":null}
30.08.2026 0:04:28	Information:	refresh tokens
30.08.2026 0:05:20	Information:	url https://lab-vko.dmed.kz/ /api/DriverManager/PingDevice
30.08.2026 0:05:20	Information:	{
"Hash": "w9LjvpRCyoByGV3Lzv0iX9dSI0tLK0uV+pRojL1kufc=",
"Status": 0
}


30.08.2026 0:05:20	Information:	Ping ret is {"Status":0,"Comment":null}
30.08.2026 0:07:20	Information:	url https://lab-vko.dmed.kz/ /api/DriverManager/PingDevice
30.08.2026 0:07:20	Information:	{
"Hash": "w9LjvpRCyoByGV3Lzv0iX9dSI0tLK0uV+pRojL1kufc=",
"Status": 0
}


30.08.2026 0:07:20	Information:	Ping ret is {"Status":0,"Comment":null}
30.08.2026 0:09:21	Information:	url https://lab-vko.dmed.kz/ /api/DriverManager/PingDevice
30.08.2026 0:09:21	Information:	{
"Hash": "w9LjvpRCyoByGV3Lzv0iX9dSI0tLK0uV+pRojL1kufc=",
"Status": 0
}


30.08.2026 0:09:21	Information:	Ping ret is {"Status":0,"Comment":null}
30.08.2026 0:11:21	Information:	url https://lab-vko.dmed.kz/ /api/DriverManager/PingDevice
30.08.2026 0:11:21	Information:	{
"Hash": "w9LjvpRCyoByGV3Lzv0iX9dSI0tLK0uV+pRojL1kufc=",
"Status": 0
}


30.08.2026 0:11:21	Information:	Ping ret is {"Status":0,"Comment":null}
30.08.2026 0:13:22	Information:	url https://lab-vko.dmed.kz/ /api/DriverManager/PingDevice
30.08.2026 0:13:22	Information:	{
"Hash": "w9LjvpRCyoByGV3Lzv0iX9dSI0tLK0uV+pRojL1kufc=",
"Status": 0
}


30.08.2026 0:13:22	Information:	Ping ret is {"Status":0,"Comment":null}
30.08.2026 0:14:28	Information:	refresh tokens
30.08.2026 0:15:23	Information:	url https://lab-vko.dmed.kz/ /api/DriverManager/PingDevice
30.08.2026 0:15:23	Information:	{
"Hash": "w9LjvpRCyoByGV3Lzv0iX9dSI0tLK0uV+pRojL1kufc=",
"Status": 0
}


30.08.2026 0:15:23	Information:	Ping ret is {"Status":0,"Comment":null}
30.08.2026 0:17:24	Information:	url https://lab-vko.dmed.kz/ /api/DriverManager/PingDevice
30.08.2026 0:17:24	Information:	{
"Hash": "w9LjvpRCyoByGV3Lzv0iX9dSI0tLK0uV+pRojL1kufc=",
"Status": 0
}


30.08.2026 0:17:24	Information:	Ping ret is {"Status":0,"Comment":null}
30.08.2026 0:19:24	Information:	url https://lab-vko.dmed.kz/ /api/DriverManager/PingDevice
30.08.2026 0:19:24	Information:	{
"Hash": "w9LjvpRCyoByGV3Lzv0iX9dSI0tLK0uV+pRojL1kufc=",
"Status": 0
}


30.08.2026 0:19:24	Information:	Ping ret is {"Status":0,"Comment":null}
30.08.2026 0:21:25	Information:	url https://lab-vko.dmed.kz/ /api/DriverManager/PingDevice
30.08.2026 0:21:25	Information:	{
"Hash": "w9LjvpRCyoByGV3Lzv0iX9dSI0tLK0uV+pRojL1kufc=",
"Status": 0
}


30.08.2026 0:21:25	Information:	Ping ret is {"Status":0,"Comment":null}
30.08.2026 0:23:26	Information:	url https://lab-vko.dmed.kz/ /api/DriverManager/PingDevice
30.08.2026 0:23:26	Information:	{
"Hash": "w9LjvpRCyoByGV3Lzv0iX9dSI0tLK0uV+pRojL1kufc=",
"Status": 0
}


30.08.2026 0:23:26	Information:	Ping ret is {"Status":0,"Comment":null}
30.08.2026 0:24:28	Information:	refresh tokens
30.08.2026 0:25:27	Information:	url https://lab-vko.dmed.kz/ /api/DriverManager/PingDevice
30.08.2026 0:25:27	Information:	{
"Hash": "w9LjvpRCyoByGV3Lzv0iX9dSI0tLK0uV+pRojL1kufc=",
"Status": 0
}


30.08.2026 0:25:27	Information:	Ping ret is {"Status":0,"Comment":null}
30.08.2026 0:27:27	Information:	url https://lab-vko.dmed.kz/ /api/DriverManager/PingDevice
30.08.2026 0:27:27	Information:	{
"Hash": "w9LjvpRCyoByGV3Lzv0iX9dSI0tLK0uV+pRojL1kufc=",
"Status": 0
}


30.08.2026 0:27:27	Information:	Ping ret is {"Status":0,"Comment":null}
30.08.2026 0:29:28	Information:	url https://lab-vko.dmed.kz/ /api/DriverManager/PingDevice
30.08.2026 0:29:28	Information:	{
"Hash": "w9LjvpRCyoByGV3Lzv0iX9dSI0tLK0uV+pRojL1kufc=",
"Status": 0
}


30.08.2026 0:29:28	Information:	Ping ret is {"Status":0,"Comment":null}
30.08.2026 0:31:29	Information:	url https://lab-vko.dmed.kz/ /api/DriverManager/PingDevice
30.08.2026 0:31:29	Information:	{
"Hash": "w9LjvpRCyoByGV3Lzv0iX9dSI0tLK0uV+pRojL1kufc=",
"Status": 0
}


30.08.2026 0:31:29	Information:	Ping ret is {"Status":0,"Comment":null}
30.08.2026 0:33:29	Information:	url https://lab-vko.dmed.kz/ /api/DriverManager/PingDevice
30.08.2026 0:33:29	Information:	{
"Hash": "w9LjvpRCyoByGV3Lzv0iX9dSI0tLK0uV+pRojL1kufc=",
"Status": 0
}


30.08.2026 0:33:29	Information:	Ping ret is {"Status":0,"Comment":null}
30.08.2026 0:34:28	Information:	refresh tokens
30.08.2026 0:35:30	Information:	url https://lab-vko.dmed.kz/ /api/DriverManager/PingDevice
30.08.2026 0:35:30	Information:	{
"Hash": "w9LjvpRCyoByGV3Lzv0iX9dSI0tLK0uV+pRojL1kufc=",
"Status": 0
}


30.08.2026 0:35:30	Information:	Ping ret is {"Status":0,"Comment":null}
30.08.2026 0:37:31	Information:	url https://lab-vko.dmed.kz/ /api/DriverManager/PingDevice
30.08.2026 0:37:31	Information:	{
"Hash": "w9LjvpRCyoByGV3Lzv0iX9dSI0tLK0uV+pRojL1kufc=",
"Status": 0
}


30.08.2026 0:37:31	Information:	Ping ret is {"Status":0,"Comment":null}
30.08.2026 0:39:31	Information:	url https://lab-vko.dmed.kz/ /api/DriverManager/PingDevice
30.08.2026 0:39:31	Information:	{
"Hash": "w9LjvpRCyoByGV3Lzv0iX9dSI0tLK0uV+pRojL1kufc=",
"Status": 0
}


30.08.2026 0:39:31	Information:	Ping ret is {"Status":0,"Comment":null}
30.08.2026 0:41:32	Information:	url https://lab-vko.dmed.kz/ /api/DriverManager/PingDevice
30.08.2026 0:41:32	Information:	{
"Hash": "w9LjvpRCyoByGV3Lzv0iX9dSI0tLK0uV+pRojL1kufc=",
"Status": 0
}


30.08.2026 0:41:32	Information:	Ping ret is {"Status":0,"Comment":null}
30.08.2026 0:43:33	Information:	url https://lab-vko.dmed.kz/ /api/DriverManager/PingDevice
30.08.2026 0:43:33	Information:	{
"Hash": "w9LjvpRCyoByGV3Lzv0iX9dSI0tLK0uV+pRojL1kufc=",
"Status": 0
}


30.08.2026 0:43:33	Information:	Ping ret is {"Status":0,"Comment":null}
30.08.2026 0:44:28	Information:	refresh tokens
30.08.2026 0:45:33	Information:	url https://lab-vko.dmed.kz/ /api/DriverManager/PingDevice
30.08.2026 0:45:33	Information:	{
"Hash": "w9LjvpRCyoByGV3Lzv0iX9dSI0tLK0uV+pRojL1kufc=",
"Status": 0
}


30.08.2026 0:45:33	Information:	Ping ret is {"Status":0,"Comment":null}
30.08.2026 0:47:34	Information:	url https://lab-vko.dmed.kz/ /api/DriverManager/PingDevice
30.08.2026 0:47:34	Information:	{
"Hash": "w9LjvpRCyoByGV3Lzv0iX9dSI0tLK0uV+pRojL1kufc=",
"Status": 0
}


30.08.2026 0:47:34	Information:	Ping ret is {"Status":0,"Comment":null}
30.08.2026 0:49:35	Information:	url https://lab-vko.dmed.kz/ /api/DriverManager/PingDevice
30.08.2026 0:49:35	Information:	{
"Hash": "w9LjvpRCyoByGV3Lzv0iX9dSI0tLK0uV+pRojL1kufc=",
"Status": 0
}


30.08.2026 0:49:35	Information:	Ping ret is {"Status":0,"Comment":null}
30.08.2026 0:51:35	Information:	url https://lab-vko.dmed.kz/ /api/DriverManager/PingDevice
30.08.2026 0:51:35	Information:	{
"Hash": "w9LjvpRCyoByGV3Lzv0iX9dSI0tLK0uV+pRojL1kufc=",
"Status": 0
}


30.08.2026 0:51:35	Information:	Ping ret is {"Status":0,"Comment":null}
30.08.2026 0:53:36	Information:	url https://lab-vko.dmed.kz/ /api/DriverManager/PingDevice
30.08.2026 0:53:36	Information:	{
"Hash": "w9LjvpRCyoByGV3Lzv0iX9dSI0tLK0uV+pRojL1kufc=",
"Status": 0
}


30.08.2026 0:53:36	Information:	Ping ret is {"Status":0,"Comment":null}
30.08.2026 0:54:28	Information:	refresh tokens
30.08.2026 0:55:37	Information:	url https://lab-vko.dmed.kz/ /api/DriverManager/PingDevice
30.08.2026 0:55:37	Information:	{
"Hash": "w9LjvpRCyoByGV3Lzv0iX9dSI0tLK0uV+pRojL1kufc=",
"Status": 0
}


30.08.2026 0:55:37	Information:	Ping ret is {"Status":0,"Comment":null}
30.08.2026 0:57:37	Information:	url https://lab-vko.dmed.kz/ /api/DriverManager/PingDevice
30.08.2026 0:57:37	Information:	{
"Hash": "w9LjvpRCyoByGV3Lzv0iX9dSI0tLK0uV+pRojL1kufc=",
"Status": 0
}


30.08.2026 0:57:37	Information:	Ping ret is {"Status":0,"Comment":null}
30.08.2026 0:59:38	Information:	url https://lab-vko.dmed.kz/ /api/DriverManager/PingDevice
30.08.2026 0:59:38	Information:	{
"Hash": "w9LjvpRCyoByGV3Lzv0iX9dSI0tLK0uV+pRojL1kufc=",
"Status": 0
}


30.08.2026 0:59:38	Information:	Ping ret is {"Status":0,"Comment":null}
30.08.2026 1:01:38	Information:	url https://lab-vko.dmed.kz/ /api/DriverManager/PingDevice
30.08.2026 1:01:38	Information:	{
"Hash": "w9LjvpRCyoByGV3Lzv0iX9dSI0tLK0uV+pRojL1kufc=",
"Status": 0
}


30.08.2026 1:01:38	Information:	Ping ret is {"Status":0,"Comment":null}
30.08.2026 1:03:39	Information:	url https://lab-vko.dmed.kz/ /api/DriverManager/PingDevice
30.08.2026 1:03:39	Information:	{
"Hash": "w9LjvpRCyoByGV3Lzv0iX9dSI0tLK0uV+pRojL1kufc=",
"Status": 0
}


30.08.2026 1:03:39	Information:	Ping ret is {"Status":0,"Comment":null}
30.08.2026 1:04:28	Information:	refresh tokens
30.08.2026 1:05:40	Information:	url https://lab-vko.dmed.kz/ /api/DriverManager/PingDevice
30.08.2026 1:05:40	Information:	{
"Hash": "w9LjvpRCyoByGV3Lzv0iX9dSI0tLK0uV+pRojL1kufc=",
"Status": 0
}


30.08.2026 1:05:40	Information:	Ping ret is {"Status":0,"Comment":null}
30.08.2026 1:07:40	Information:	url https://lab-vko.dmed.kz/ /api/DriverManager/PingDevice
30.08.2026 1:07:40	Information:	{
"Hash": "w9LjvpRCyoByGV3Lzv0iX9dSI0tLK0uV+pRojL1kufc=",
"Status": 0
}


30.08.2026 1:07:40	Information:	Ping ret is {"Status":0,"Comment":null}
30.08.2026 1:09:41	Information:	url https://lab-vko.dmed.kz/ /api/DriverManager/PingDevice
30.08.2026 1:09:41	Information:	{
"Hash": "w9LjvpRCyoByGV3Lzv0iX9dSI0tLK0uV+pRojL1kufc=",
"Status": 0
}


30.08.2026 1:09:41	Information:	Ping ret is {"Status":0,"Comment":null}
30.08.2026 1:11:41	Information:	url https://lab-vko.dmed.kz/ /api/DriverManager/PingDevice
30.08.2026 1:11:41	Information:	{
"Hash": "w9LjvpRCyoByGV3Lzv0iX9dSI0tLK0uV+pRojL1kufc=",
"Status": 0
}


30.08.2026 1:11:41	Information:	Ping ret is {"Status":0,"Comment":null}
30.08.2026 1:13:42	Information:	url https://lab-vko.dmed.kz/ /api/DriverManager/PingDevice
30.08.2026 1:13:42	Information:	{
"Hash": "w9LjvpRCyoByGV3Lzv0iX9dSI0tLK0uV+pRojL1kufc=",
"Status": 0
}


30.08.2026 1:13:42	Information:	Ping ret is {"Status":0,"Comment":null}
30.08.2026 1:14:28	Information:	refresh tokens
30.08.2026 1:15:43	Information:	url https://lab-vko.dmed.kz/ /api/DriverManager/PingDevice
30.08.2026 1:15:43	Information:	{
"Hash": "w9LjvpRCyoByGV3Lzv0iX9dSI0tLK0uV+pRojL1kufc=",
"Status": 0
}


30.08.2026 1:15:43	Information:	Ping ret is {"Status":0,"Comment":null}
30.08.2026 1:17:43	Information:	url https://lab-vko.dmed.kz/ /api/DriverManager/PingDevice
30.08.2026 1:17:43	Information:	{
"Hash": "w9LjvpRCyoByGV3Lzv0iX9dSI0tLK0uV+pRojL1kufc=",
"Status": 0
}


30.08.2026 1:17:43	Information:	Ping ret is {"Status":0,"Comment":null}
30.08.2026 1:19:43	Information:	url https://lab-vko.dmed.kz/ /api/DriverManager/PingDevice
30.08.2026 1:19:44	Information:	{
"Hash": "w9LjvpRCyoByGV3Lzv0iX9dSI0tLK0uV+pRojL1kufc=",
"Status": 0
}


30.08.2026 1:19:44	Information:	Ping ret is {"Status":0,"Comment":null}
30.08.2026 1:21:44	Information:	url https://lab-vko.dmed.kz/ /api/DriverManager/PingDevice
30.08.2026 1:21:44	Information:	{
"Hash": "w9LjvpRCyoByGV3Lzv0iX9dSI0tLK0uV+pRojL1kufc=",
"Status": 0
}


30.08.2026 1:21:44	Information:	Ping ret is {"Status":0,"Comment":null}
30.08.2026 1:23:44	Information:	url https://lab-vko.dmed.kz/ /api/DriverManager/PingDevice
30.08.2026 1:23:44	Information:	{
"Hash": "w9LjvpRCyoByGV3Lzv0iX9dSI0tLK0uV+pRojL1kufc=",
"Status": 0
}


30.08.2026 1:23:44	Information:	Ping ret is {"Status":0,"Comment":null}
30.08.2026 1:24:28	Information:	refresh tokens
30.08.2026 1:25:45	Information:	url https://lab-vko.dmed.kz/ /api/DriverManager/PingDevice
30.08.2026 1:25:45	Information:	{
"Hash": "w9LjvpRCyoByGV3Lzv0iX9dSI0tLK0uV+pRojL1kufc=",
"Status": 0
}


30.08.2026 1:25:45	Information:	Ping ret is {"Status":0,"Comment":null}
30.08.2026 1:27:46	Information:	url https://lab-vko.dmed.kz/ /api/DriverManager/PingDevice
30.08.2026 1:27:46	Information:	{
"Hash": "w9LjvpRCyoByGV3Lzv0iX9dSI0tLK0uV+pRojL1kufc=",
"Status": 0
}


30.08.2026 1:27:46	Information:	Ping ret is {"Status":0,"Comment":null}
30.08.2026 1:29:46	Information:	url https://lab-vko.dmed.kz/ /api/DriverManager/PingDevice
30.08.2026 1:29:46	Information:	{
"Hash": "w9LjvpRCyoByGV3Lzv0iX9dSI0tLK0uV+pRojL1kufc=",
"Status": 0
}


30.08.2026 1:29:46	Information:	Ping ret is {"Status":0,"Comment":null}
30.08.2026 1:31:47	Information:	url https://lab-vko.dmed.kz/ /api/DriverManager/PingDevice
30.08.2026 1:31:47	Information:	{
"Hash": "w9LjvpRCyoByGV3Lzv0iX9dSI0tLK0uV+pRojL1kufc=",
"Status": 0
}


30.08.2026 1:31:47	Information:	Ping ret is {"Status":0,"Comment":null}
30.08.2026 1:33:47	Information:	url https://lab-vko.dmed.kz/ /api/DriverManager/PingDevice
30.08.2026 1:33:47	Information:	{
"Hash": "w9LjvpRCyoByGV3Lzv0iX9dSI0tLK0uV+pRojL1kufc=",
"Status": 0
}


30.08.2026 1:33:47	Information:	Ping ret is {"Status":0,"Comment":null}
30.08.2026 1:34:28	Information:	refresh tokens
30.08.2026 1:35:48	Information:	url https://lab-vko.dmed.kz/ /api/DriverManager/PingDevice
30.08.2026 1:35:48	Information:	{
"Hash": "w9LjvpRCyoByGV3Lzv0iX9dSI0tLK0uV+pRojL1kufc=",
"Status": 0
}


30.08.2026 1:35:48	Information:	Ping ret is {"Status":0,"Comment":null}
30.08.2026 1:37:48	Information:	url https://lab-vko.dmed.kz/ /api/DriverManager/PingDevice
30.08.2026 1:37:48	Information:	{
"Hash": "w9LjvpRCyoByGV3Lzv0iX9dSI0tLK0uV+pRojL1kufc=",
"Status": 0
}


30.08.2026 1:37:48	Information:	Ping ret is {"Status":0,"Comment":null}
30.08.2026 1:39:49	Information:	url https://lab-vko.dmed.kz/ /api/DriverManager/PingDevice
30.08.2026 1:39:49	Information:	{
"Hash": "w9LjvpRCyoByGV3Lzv0iX9dSI0tLK0uV+pRojL1kufc=",
"Status": 0
}


30.08.2026 1:39:49	Information:	Ping ret is {"Status":0,"Comment":null}
30.08.2026 1:41:49	Information:	url https://lab-vko.dmed.kz/ /api/DriverManager/PingDevice
30.08.2026 1:41:49	Information:	{
"Hash": "w9LjvpRCyoByGV3Lzv0iX9dSI0tLK0uV+pRojL1kufc=",
"Status": 0
}


30.08.2026 1:41:49	Information:	Ping ret is {"Status":0,"Comment":null}
30.08.2026 1:43:50	Information:	url https://lab-vko.dmed.kz/ /api/DriverManager/PingDevice
30.08.2026 1:43:50	Information:	{
"Hash": "w9LjvpRCyoByGV3Lzv0iX9dSI0tLK0uV+pRojL1kufc=",
"Status": 0
}


30.08.2026 1:43:50	Information:	Ping ret is {"Status":0,"Comment":null}
30.08.2026 1:44:28	Information:	refresh tokens
30.08.2026 1:45:50	Information:	url https://lab-vko.dmed.kz/ /api/DriverManager/PingDevice
30.08.2026 1:45:50	Information:	{
"Hash": "w9LjvpRCyoByGV3Lzv0iX9dSI0tLK0uV+pRojL1kufc=",
"Status": 0
}


30.08.2026 1:45:51	Information:	Ping ret is {"Status":0,"Comment":null}
30.08.2026 1:47:51	Information:	url https://lab-vko.dmed.kz/ /api/DriverManager/PingDevice
30.08.2026 1:47:51	Information:	{
"Hash": "w9LjvpRCyoByGV3Lzv0iX9dSI0tLK0uV+pRojL1kufc=",
"Status": 0
}


30.08.2026 1:47:51	Information:	Ping ret is {"Status":0,"Comment":null}
30.08.2026 1:49:52	Information:	url https://lab-vko.dmed.kz/ /api/DriverManager/PingDevice
30.08.2026 1:49:52	Information:	{
"Hash": "w9LjvpRCyoByGV3Lzv0iX9dSI0tLK0uV+pRojL1kufc=",
"Status": 0
}


30.08.2026 1:49:52	Information:	Ping ret is {"Status":0,"Comment":null}
30.08.2026 1:51:52	Information:	url https://lab-vko.dmed.kz/ /api/DriverManager/PingDevice
30.08.2026 1:51:52	Information:	{
"Hash": "w9LjvpRCyoByGV3Lzv0iX9dSI0tLK0uV+pRojL1kufc=",
"Status": 0
}


30.08.2026 1:51:52	Information:	Ping ret is {"Status":0,"Comment":null}
30.08.2026 1:53:53	Information:	url https://lab-vko.dmed.kz/ /api/DriverManager/PingDevice
30.08.2026 1:53:53	Information:	{
"Hash": "w9LjvpRCyoByGV3Lzv0iX9dSI0tLK0uV+pRojL1kufc=",
"Status": 0
}


30.08.2026 1:53:53	Information:	Ping ret is {"Status":0,"Comment":null}
30.08.2026 1:54:28	Information:	refresh tokens
30.08.2026 1:55:53	Information:	url https://lab-vko.dmed.kz/ /api/DriverManager/PingDevice
30.08.2026 1:55:53	Information:	{
"Hash": "w9LjvpRCyoByGV3Lzv0iX9dSI0tLK0uV+pRojL1kufc=",
"Status": 0
}


30.08.2026 1:55:53	Information:	Ping ret is {"Status":0,"Comment":null}
30.08.2026 1:57:54	Information:	url https://lab-vko.dmed.kz/ /api/DriverManager/PingDevice
30.08.2026 1:57:54	Information:	{
"Hash": "w9LjvpRCyoByGV3Lzv0iX9dSI0tLK0uV+pRojL1kufc=",
"Status": 0
}


30.08.2026 1:57:54	Information:	Ping ret is {"Status":0,"Comment":null}
30.08.2026 1:59:54	Information:	url https://lab-vko.dmed.kz/ /api/DriverManager/PingDevice
30.08.2026 1:59:54	Information:	{
"Hash": "w9LjvpRCyoByGV3Lzv0iX9dSI0tLK0uV+pRojL1kufc=",
"Status": 0
}


30.08.2026 1:59:54	Information:	Ping ret is {"Status":0,"Comment":null}
30.08.2026 2:01:55	Information:	url https://lab-vko.dmed.kz/ /api/DriverManager/PingDevice
30.08.2026 2:01:55	Information:	{
"Hash": "w9LjvpRCyoByGV3Lzv0iX9dSI0tLK0uV+pRojL1kufc=",
"Status": 0
}


30.08.2026 2:01:55	Information:	Ping ret is {"Status":0,"Comment":null}
30.08.2026 2:03:55	Information:	url https://lab-vko.dmed.kz/ /api/DriverManager/PingDevice
30.08.2026 2:03:55	Information:	{
"Hash": "w9LjvpRCyoByGV3Lzv0iX9dSI0tLK0uV+pRojL1kufc=",
"Status": 0
}


30.08.2026 2:03:55	Information:	Ping ret is {"Status":0,"Comment":null}
30.08.2026 2:04:28	Information:	refresh tokens
30.08.2026 2:05:56	Information:	url https://lab-vko.dmed.kz/ /api/DriverManager/PingDevice
30.08.2026 2:05:56	Information:	{
"Hash": "w9LjvpRCyoByGV3Lzv0iX9dSI0tLK0uV+pRojL1kufc=",
"Status": 0
}


30.08.2026 2:05:56	Information:	Ping ret is {"Status":0,"Comment":null}
30.08.2026 2:07:56	Information:	url https://lab-vko.dmed.kz/ /api/DriverManager/PingDevice
30.08.2026 2:07:56	Information:	{
"Hash": "w9LjvpRCyoByGV3Lzv0iX9dSI0tLK0uV+pRojL1kufc=",
"Status": 0
}


30.08.2026 2:07:56	Information:	Ping ret is {"Status":0,"Comment":null}
30.08.2026 2:09:57	Information:	url https://lab-vko.dmed.kz/ /api/DriverManager/PingDevice
30.08.2026 2:09:57	Information:	{
"Hash": "w9LjvpRCyoByGV3Lzv0iX9dSI0tLK0uV+pRojL1kufc=",
"Status": 0
}


30.08.2026 2:09:57	Information:	Ping ret is {"Status":0,"Comment":null}
30.08.2026 2:11:57	Information:	url https://lab-vko.dmed.kz/ /api/DriverManager/PingDevice
30.08.2026 2:11:57	Information:	{
"Hash": "w9LjvpRCyoByGV3Lzv0iX9dSI0tLK0uV+pRojL1kufc=",
"Status": 0
}


30.08.2026 2:11:57	Information:	Ping ret is {"Status":0,"Comment":null}
30.08.2026 2:13:58	Information:	url https://lab-vko.dmed.kz/ /api/DriverManager/PingDevice
30.08.2026 2:13:58	Information:	{
"Hash": "w9LjvpRCyoByGV3Lzv0iX9dSI0tLK0uV+pRojL1kufc=",
"Status": 0
}


30.08.2026 2:13:58	Information:	Ping ret is {"Status":0,"Comment":null}
30.08.2026 2:14:28	Information:	refresh tokens
30.08.2026 2:15:58	Information:	url https://lab-vko.dmed.kz/ /api/DriverManager/PingDevice
30.08.2026 2:15:58	Information:	{
"Hash": "w9LjvpRCyoByGV3Lzv0iX9dSI0tLK0uV+pRojL1kufc=",
"Status": 0
}


30.08.2026 2:15:58	Information:	Ping ret is {"Status":0,"Comment":null}
30.08.2026 2:17:59	Information:	url https://lab-vko.dmed.kz/ /api/DriverManager/PingDevice
30.08.2026 2:17:59	Information:	{
"Hash": "w9LjvpRCyoByGV3Lzv0iX9dSI0tLK0uV+pRojL1kufc=",
"Status": 0
}


30.08.2026 2:17:59	Information:	Ping ret is {"Status":0,"Comment":null}
30.08.2026 2:19:59	Information:	url https://lab-vko.dmed.kz/ /api/DriverManager/PingDevice
30.08.2026 2:19:59	Information:	{
"Hash": "w9LjvpRCyoByGV3Lzv0iX9dSI0tLK0uV+pRojL1kufc=",
"Status": 0
}


30.08.2026 2:19:59	Information:	Ping ret is {"Status":0,"Comment":null}
30.08.2026 2:22:00	Information:	url https://lab-vko.dmed.kz/ /api/DriverManager/PingDevice
30.08.2026 2:22:00	Information:	{
"Hash": "w9LjvpRCyoByGV3Lzv0iX9dSI0tLK0uV+pRojL1kufc=",
"Status": 0
}


30.08.2026 2:22:00	Information:	Ping ret is {"Status":0,"Comment":null}
30.08.2026 2:24:00	Information:	url https://lab-vko.dmed.kz/ /api/DriverManager/PingDevice
30.08.2026 2:24:00	Information:	{
"Hash": "w9LjvpRCyoByGV3Lzv0iX9dSI0tLK0uV+pRojL1kufc=",
"Status": 0
}


30.08.2026 2:24:00	Information:	Ping ret is {"Status":0,"Comment":null}
30.08.2026 2:24:28	Information:	refresh tokens
30.08.2026 2:26:01	Information:	url https://lab-vko.dmed.kz/ /api/DriverManager/PingDevice
30.08.2026 2:26:01	Information:	{
"Hash": "w9LjvpRCyoByGV3Lzv0iX9dSI0tLK0uV+pRojL1kufc=",
"Status": 0
}


30.08.2026 2:26:01	Information:	Ping ret is {"Status":0,"Comment":null}
30.08.2026 2:28:02	Information:	url https://lab-vko.dmed.kz/ /api/DriverManager/PingDevice
30.08.2026 2:28:02	Information:	{
"Hash": "w9LjvpRCyoByGV3Lzv0iX9dSI0tLK0uV+pRojL1kufc=",
"Status": 0
}


30.08.2026 2:28:02	Information:	Ping ret is {"Status":0,"Comment":null}
30.08.2026 2:30:02	Information:	url https://lab-vko.dmed.kz/ /api/DriverManager/PingDevice
30.08.2026 2:30:02	Information:	{
"Hash": "w9LjvpRCyoByGV3Lzv0iX9dSI0tLK0uV+pRojL1kufc=",
"Status": 0
}


30.08.2026 2:30:02	Information:	Ping ret is {"Status":0,"Comment":null}
30.08.2026 2:32:02	Information:	url https://lab-vko.dmed.kz/ /api/DriverManager/PingDevice
30.08.2026 2:32:02	Information:	{
"Hash": "w9LjvpRCyoByGV3Lzv0iX9dSI0tLK0uV+pRojL1kufc=",
"Status": 0
}


30.08.2026 2:32:02	Information:	Ping ret is {"Status":0,"Comment":null}
30.08.2026 2:34:03	Information:	url https://lab-vko.dmed.kz/ /api/DriverManager/PingDevice
30.08.2026 2:34:03	Information:	{
"Hash": "w9LjvpRCyoByGV3Lzv0iX9dSI0tLK0uV+pRojL1kufc=",
"Status": 0
}


30.08.2026 2:34:03	Information:	Ping ret is {"Status":0,"Comment":null}
30.08.2026 2:34:28	Information:	refresh tokens
30.08.2026 2:36:04	Information:	url https://lab-vko.dmed.kz/ /api/DriverManager/PingDevice
30.08.2026 2:36:04	Information:	{
"Hash": "w9LjvpRCyoByGV3Lzv0iX9dSI0tLK0uV+pRojL1kufc=",
"Status": 0
}


30.08.2026 2:36:04	Information:	Ping ret is {"Status":0,"Comment":null}
30.08.2026 2:38:04	Information:	url https://lab-vko.dmed.kz/ /api/DriverManager/PingDevice
30.08.2026 2:38:04	Information:	{
"Hash": "w9LjvpRCyoByGV3Lzv0iX9dSI0tLK0uV+pRojL1kufc=",
"Status": 0
}


30.08.2026 2:38:04	Information:	Ping ret is {"Status":0,"Comment":null}
30.08.2026 2:40:05	Information:	url https://lab-vko.dmed.kz/ /api/DriverManager/PingDevice
30.08.2026 2:40:05	Information:	{
"Hash": "w9LjvpRCyoByGV3Lzv0iX9dSI0tLK0uV+pRojL1kufc=",
"Status": 0
}


30.08.2026 2:40:05	Information:	Ping ret is {"Status":0,"Comment":null}
30.08.2026 2:42:05	Information:	url https://lab-vko.dmed.kz/ /api/DriverManager/PingDevice
30.08.2026 2:42:05	Information:	{
"Hash": "w9LjvpRCyoByGV3Lzv0iX9dSI0tLK0uV+pRojL1kufc=",
"Status": 0
}


30.08.2026 2:42:05	Information:	Ping ret is {"Status":0,"Comment":null}
30.08.2026 2:44:05	Information:	url https://lab-vko.dmed.kz/ /api/DriverManager/PingDevice
30.08.2026 2:44:05	Information:	{
"Hash": "w9LjvpRCyoByGV3Lzv0iX9dSI0tLK0uV+pRojL1kufc=",
"Status": 0
}


30.08.2026 2:44:05	Information:	Ping ret is {"Status":0,"Comment":null}
30.08.2026 2:44:28	Information:	refresh tokens
30.08.2026 2:46:06	Information:	url https://lab-vko.dmed.kz/ /api/DriverManager/PingDevice
30.08.2026 2:46:06	Information:	{
"Hash": "w9LjvpRCyoByGV3Lzv0iX9dSI0tLK0uV+pRojL1kufc=",
"Status": 0
}


30.08.2026 2:46:06	Information:	Ping ret is {"Status":0,"Comment":null}
30.08.2026 2:48:07	Information:	url https://lab-vko.dmed.kz/ /api/DriverManager/PingDevice
30.08.2026 2:48:07	Information:	{
"Hash": "w9LjvpRCyoByGV3Lzv0iX9dSI0tLK0uV+pRojL1kufc=",
"Status": 0
}


30.08.2026 2:48:07	Information:	Ping ret is {"Status":0,"Comment":null}
30.08.2026 2:50:07	Information:	url https://lab-vko.dmed.kz/ /api/DriverManager/PingDevice
30.08.2026 2:50:07	Information:	{
"Hash": "w9LjvpRCyoByGV3Lzv0iX9dSI0tLK0uV+pRojL1kufc=",
"Status": 0
}


30.08.2026 2:50:07	Information:	Ping ret is {"Status":0,"Comment":null}
30.08.2026 2:52:08	Information:	url https://lab-vko.dmed.kz/ /api/DriverManager/PingDevice
30.08.2026 2:52:08	Information:	{
"Hash": "w9LjvpRCyoByGV3Lzv0iX9dSI0tLK0uV+pRojL1kufc=",
"Status": 0
}


30.08.2026 2:52:08	Information:	Ping ret is {"Status":0,"Comment":null}
30.08.2026 2:54:08	Information:	url https://lab-vko.dmed.kz/ /api/DriverManager/PingDevice
30.08.2026 2:54:08	Information:	{
"Hash": "w9LjvpRCyoByGV3Lzv0iX9dSI0tLK0uV+pRojL1kufc=",
"Status": 0
}


30.08.2026 2:54:08	Information:	Ping ret is {"Status":0,"Comment":null}
30.08.2026 2:54:28	Information:	refresh tokens
30.08.2026 2:56:09	Information:	url https://lab-vko.dmed.kz/ /api/DriverManager/PingDevice
30.08.2026 2:56:09	Information:	{
"Hash": "w9LjvpRCyoByGV3Lzv0iX9dSI0tLK0uV+pRojL1kufc=",
"Status": 0
}


30.08.2026 2:56:09	Information:	Ping ret is {"Status":0,"Comment":null}
30.08.2026 2:58:09	Information:	url https://lab-vko.dmed.kz/ /api/DriverManager/PingDevice
30.08.2026 2:58:09	Information:	{
"Hash": "w9LjvpRCyoByGV3Lzv0iX9dSI0tLK0uV+pRojL1kufc=",
"Status": 0
}


30.08.2026 2:58:09	Information:	Ping ret is {"Status":0,"Comment":null}
30.08.2026 3:00:10	Information:	url https://lab-vko.dmed.kz/ /api/DriverManager/PingDevice
30.08.2026 3:00:10	Information:	{
"Hash": "w9LjvpRCyoByGV3Lzv0iX9dSI0tLK0uV+pRojL1kufc=",
"Status": 0
}


30.08.2026 3:00:10	Information:	Ping ret is {"Status":0,"Comment":null}
30.08.2026 3:02:10	Information:	url https://lab-vko.dmed.kz/ /api/DriverManager/PingDevice
30.08.2026 3:02:10	Information:	{
"Hash": "w9LjvpRCyoByGV3Lzv0iX9dSI0tLK0uV+pRojL1kufc=",
"Status": 0
}


30.08.2026 3:02:10	Information:	Ping ret is {"Status":0,"Comment":null}
30.08.2026 3:04:11	Information:	url https://lab-vko.dmed.kz/ /api/DriverManager/PingDevice
30.08.2026 3:04:11	Information:	{
"Hash": "w9LjvpRCyoByGV3Lzv0iX9dSI0tLK0uV+pRojL1kufc=",
"Status": 0
}


30.08.2026 3:04:11	Information:	Ping ret is {"Status":0,"Comment":null}
30.08.2026 3:04:28	Information:	refresh tokens
30.08.2026 3:06:12	Information:	url https://lab-vko.dmed.kz/ /api/DriverManager/PingDevice
30.08.2026 3:06:12	Information:	{
"Hash": "w9LjvpRCyoByGV3Lzv0iX9dSI0tLK0uV+pRojL1kufc=",
"Status": 0
}


30.08.2026 3:06:12	Information:	Ping ret is {"Status":0,"Comment":null}
30.08.2026 3:08:12	Information:	url https://lab-vko.dmed.kz/ /api/DriverManager/PingDevice
30.08.2026 3:08:12	Information:	{
"Hash": "w9LjvpRCyoByGV3Lzv0iX9dSI0tLK0uV+pRojL1kufc=",
"Status": 0
}


30.08.2026 3:08:12	Information:	Ping ret is {"Status":0,"Comment":null}
30.08.2026 3:10:13	Information:	url https://lab-vko.dmed.kz/ /api/DriverManager/PingDevice
30.08.2026 3:10:13	Information:	{
"Hash": "w9LjvpRCyoByGV3Lzv0iX9dSI0tLK0uV+pRojL1kufc=",
"Status": 0
}


30.08.2026 3:10:13	Information:	Ping ret is {"Status":0,"Comment":null}
30.08.2026 3:12:13	Information:	url https://lab-vko.dmed.kz/ /api/DriverManager/PingDevice
30.08.2026 3:12:13	Information:	{
"Hash": "w9LjvpRCyoByGV3Lzv0iX9dSI0tLK0uV+pRojL1kufc=",
"Status": 0
}


30.08.2026 3:12:13	Information:	Ping ret is {"Status":0,"Comment":null}
30.08.2026 3:14:14	Information:	url https://lab-vko.dmed.kz/ /api/DriverManager/PingDevice
30.08.2026 3:14:14	Information:	{
"Hash": "w9LjvpRCyoByGV3Lzv0iX9dSI0tLK0uV+pRojL1kufc=",
"Status": 0
}


30.08.2026 3:14:14	Information:	Ping ret is {"Status":0,"Comment":null}
30.08.2026 3:14:28	Information:	refresh tokens
30.08.2026 3:16:14	Information:	url https://lab-vko.dmed.kz/ /api/DriverManager/PingDevice
30.08.2026 3:16:14	Information:	{
"Hash": "w9LjvpRCyoByGV3Lzv0iX9dSI0tLK0uV+pRojL1kufc=",
"Status": 0
}


30.08.2026 3:16:14	Information:	Ping ret is {"Status":0,"Comment":null}
30.08.2026 3:18:15	Information:	url https://lab-vko.dmed.kz/ /api/DriverManager/PingDevice
30.08.2026 3:18:15	Information:	{
"Hash": "w9LjvpRCyoByGV3Lzv0iX9dSI0tLK0uV+pRojL1kufc=",
"Status": 0
}


30.08.2026 3:18:15	Information:	Ping ret is {"Status":0,"Comment":null}
30.08.2026 3:20:15	Information:	url https://lab-vko.dmed.kz/ /api/DriverManager/PingDevice
30.08.2026 3:20:15	Information:	{
"Hash": "w9LjvpRCyoByGV3Lzv0iX9dSI0tLK0uV+pRojL1kufc=",
"Status": 0
}


30.08.2026 3:20:15	Information:	Ping ret is {"Status":0,"Comment":null}
30.08.2026 3:22:16	Information:	url https://lab-vko.dmed.kz/ /api/DriverManager/PingDevice
30.08.2026 3:22:16	Information:	{
"Hash": "w9LjvpRCyoByGV3Lzv0iX9dSI0tLK0uV+pRojL1kufc=",
"Status": 0
}


30.08.2026 3:22:16	Information:	Ping ret is {"Status":0,"Comment":null}
30.08.2026 3:24:16	Information:	url https://lab-vko.dmed.kz/ /api/DriverManager/PingDevice
30.08.2026 3:24:16	Information:	{
"Hash": "w9LjvpRCyoByGV3Lzv0iX9dSI0tLK0uV+pRojL1kufc=",
"Status": 0
}


30.08.2026 3:24:16	Information:	Ping ret is {"Status":0,"Comment":null}
30.08.2026 3:24:28	Information:	refresh tokens
30.08.2026 3:26:17	Information:	url https://lab-vko.dmed.kz/ /api/DriverManager/PingDevice
30.08.2026 3:26:17	Information:	{
"Hash": "w9LjvpRCyoByGV3Lzv0iX9dSI0tLK0uV+pRojL1kufc=",
"Status": 0
}


30.08.2026 3:26:17	Information:	Ping ret is {"Status":0,"Comment":null}
30.08.2026 3:28:18	Information:	url https://lab-vko.dmed.kz/ /api/DriverManager/PingDevice
30.08.2026 3:28:18	Information:	{
"Hash": "w9LjvpRCyoByGV3Lzv0iX9dSI0tLK0uV+pRojL1kufc=",
"Status": 0
}


30.08.2026 3:28:18	Information:	Ping ret is {"Status":0,"Comment":null}
30.08.2026 3:30:18	Information:	url https://lab-vko.dmed.kz/ /api/DriverManager/PingDevice
30.08.2026 3:30:18	Information:	{
"Hash": "w9LjvpRCyoByGV3Lzv0iX9dSI0tLK0uV+pRojL1kufc=",
"Status": 0
}


30.08.2026 3:30:18	Information:	Ping ret is {"Status":0,"Comment":null}
30.08.2026 3:32:19	Information:	url https://lab-vko.dmed.kz/ /api/DriverManager/PingDevice
30.08.2026 3:32:19	Information:	{
"Hash": "w9LjvpRCyoByGV3Lzv0iX9dSI0tLK0uV+pRojL1kufc=",
"Status": 0
}


30.08.2026 3:32:19	Information:	Ping ret is {"Status":0,"Comment":null}
30.08.2026 3:34:19	Information:	url https://lab-vko.dmed.kz/ /api/DriverManager/PingDevice
30.08.2026 3:34:19	Information:	{
"Hash": "w9LjvpRCyoByGV3Lzv0iX9dSI0tLK0uV+pRojL1kufc=",
"Status": 0
}


30.08.2026 3:34:19	Information:	Ping ret is {"Status":0,"Comment":null}
30.08.2026 3:34:28	Information:	refresh tokens
30.08.2026 3:36:20	Information:	url https://lab-vko.dmed.kz/ /api/DriverManager/PingDevice
30.08.2026 3:36:20	Information:	{
"Hash": "w9LjvpRCyoByGV3Lzv0iX9dSI0tLK0uV+pRojL1kufc=",
"Status": 0
}


30.08.2026 3:36:20	Information:	Ping ret is {"Status":0,"Comment":null}
30.08.2026 3:38:21	Information:	url https://lab-vko.dmed.kz/ /api/DriverManager/PingDevice
30.08.2026 3:38:21	Information:	{
"Hash": "w9LjvpRCyoByGV3Lzv0iX9dSI0tLK0uV+pRojL1kufc=",
"Status": 0
}


30.08.2026 3:38:21	Information:	Ping ret is {"Status":0,"Comment":null}
30.08.2026 3:40:21	Information:	url https://lab-vko.dmed.kz/ /api/DriverManager/PingDevice
30.08.2026 3:40:21	Information:	{
"Hash": "w9LjvpRCyoByGV3Lzv0iX9dSI0tLK0uV+pRojL1kufc=",
"Status": 0
}


30.08.2026 3:40:21	Information:	Ping ret is {"Status":0,"Comment":null}
30.08.2026 3:42:22	Information:	url https://lab-vko.dmed.kz/ /api/DriverManager/PingDevice
30.08.2026 3:42:22	Information:	{
"Hash": "w9LjvpRCyoByGV3Lzv0iX9dSI0tLK0uV+pRojL1kufc=",
"Status": 0
}


30.08.2026 3:42:22	Information:	Ping ret is {"Status":0,"Comment":null}
30.08.2026 3:44:22	Information:	url https://lab-vko.dmed.kz/ /api/DriverManager/PingDevice
30.08.2026 3:44:22	Information:	{
"Hash": "w9LjvpRCyoByGV3Lzv0iX9dSI0tLK0uV+pRojL1kufc=",
"Status": 0
}


30.08.2026 3:44:22	Information:	Ping ret is {"Status":0,"Comment":null}
30.08.2026 3:44:28	Information:	refresh tokens
30.08.2026 3:46:23	Information:	url https://lab-vko.dmed.kz/ /api/DriverManager/PingDevice
30.08.2026 3:46:23	Information:	{
"Hash": "w9LjvpRCyoByGV3Lzv0iX9dSI0tLK0uV+pRojL1kufc=",
"Status": 0
}


30.08.2026 3:46:23	Information:	Ping ret is {"Status":0,"Comment":null}
30.08.2026 3:48:24	Information:	url https://lab-vko.dmed.kz/ /api/DriverManager/PingDevice
30.08.2026 3:48:24	Information:	{
"Hash": "w9LjvpRCyoByGV3Lzv0iX9dSI0tLK0uV+pRojL1kufc=",
"Status": 0
}


30.08.2026 3:48:24	Information:	Ping ret is {"Status":0,"Comment":null}
30.08.2026 3:50:24	Information:	url https://lab-vko.dmed.kz/ /api/DriverManager/PingDevice
30.08.2026 3:50:24	Information:	{
"Hash": "w9LjvpRCyoByGV3Lzv0iX9dSI0tLK0uV+pRojL1kufc=",
"Status": 0
}


30.08.2026 3:50:24	Information:	Ping ret is {"Status":0,"Comment":null}
30.08.2026 3:52:24	Information:	url https://lab-vko.dmed.kz/ /api/DriverManager/PingDevice
30.08.2026 3:52:24	Information:	{
"Hash": "w9LjvpRCyoByGV3Lzv0iX9dSI0tLK0uV+pRojL1kufc=",
"Status": 0
}


30.08.2026 3:52:24	Information:	Ping ret is {"Status":0,"Comment":null}
30.08.2026 3:54:25	Information:	url https://lab-vko.dmed.kz/ /api/DriverManager/PingDevice
30.08.2026 3:54:25	Information:	{
"Hash": "w9LjvpRCyoByGV3Lzv0iX9dSI0tLK0uV+pRojL1kufc=",
"Status": 0
}


30.08.2026 3:54:25	Information:	Ping ret is {"Status":0,"Comment":null}
30.08.2026 3:54:28	Information:	refresh tokens
30.08.2026 3:56:26	Information:	url https://lab-vko.dmed.kz/ /api/DriverManager/PingDevice
30.08.2026 3:56:26	Information:	{
"Hash": "w9LjvpRCyoByGV3Lzv0iX9dSI0tLK0uV+pRojL1kufc=",
"Status": 0
}


30.08.2026 3:56:26	Information:	Ping ret is {"Status":0,"Comment":null}
30.08.2026 3:58:26	Information:	url https://lab-vko.dmed.kz/ /api/DriverManager/PingDevice
30.08.2026 3:58:26	Information:	{
"Hash": "w9LjvpRCyoByGV3Lzv0iX9dSI0tLK0uV+pRojL1kufc=",
"Status": 0
}


30.08.2026 3:58:26	Information:	Ping ret is {"Status":0,"Comment":null}
30.08.2026 4:00:27	Information:	url https://lab-vko.dmed.kz/ /api/DriverManager/PingDevice
30.08.2026 4:00:27	Information:	{
"Hash": "w9LjvpRCyoByGV3Lzv0iX9dSI0tLK0uV+pRojL1kufc=",
"Status": 0
}


30.08.2026 4:00:27	Information:	Ping ret is {"Status":0,"Comment":null}
30.08.2026 4:02:27	Information:	url https://lab-vko.dmed.kz/ /api/DriverManager/PingDevice
30.08.2026 4:02:27	Information:	{
"Hash": "w9LjvpRCyoByGV3Lzv0iX9dSI0tLK0uV+pRojL1kufc=",
"Status": 0
}


30.08.2026 4:02:27	Information:	Ping ret is {"Status":0,"Comment":null}
30.08.2026 4:04:28	Information:	url https://lab-vko.dmed.kz/ /api/DriverManager/PingDevice
30.08.2026 4:04:28	Information:	{
"Hash": "w9LjvpRCyoByGV3Lzv0iX9dSI0tLK0uV+pRojL1kufc=",
"Status": 0
}


30.08.2026 4:04:28	Information:	Ping ret is {"Status":0,"Comment":null}
30.08.2026 4:04:28	Information:	refresh tokens
30.08.2026 4:06:28	Information:	url https://lab-vko.dmed.kz/ /api/DriverManager/PingDevice
30.08.2026 4:06:28	Information:	{
"Hash": "w9LjvpRCyoByGV3Lzv0iX9dSI0tLK0uV+pRojL1kufc=",
"Status": 0
}


30.08.2026 4:06:28	Information:	Ping ret is {"Status":0,"Comment":null}
30.08.2026 4:08:29	Information:	url https://lab-vko.dmed.kz/ /api/DriverManager/PingDevice
30.08.2026 4:08:29	Information:	{
"Hash": "w9LjvpRCyoByGV3Lzv0iX9dSI0tLK0uV+pRojL1kufc=",
"Status": 0
}


30.08.2026 4:08:29	Information:	Ping ret is {"Status":0,"Comment":null}
30.08.2026 4:10:29	Information:	url https://lab-vko.dmed.kz/ /api/DriverManager/PingDevice
30.08.2026 4:10:29	Information:	{
"Hash": "w9LjvpRCyoByGV3Lzv0iX9dSI0tLK0uV+pRojL1kufc=",
"Status": 0
}


30.08.2026 4:10:29	Information:	Ping ret is {"Status":0,"Comment":null}
30.08.2026 4:12:30	Information:	url https://lab-vko.dmed.kz/ /api/DriverManager/PingDevice
30.08.2026 4:12:30	Information:	{
"Hash": "w9LjvpRCyoByGV3Lzv0iX9dSI0tLK0uV+pRojL1kufc=",
"Status": 0
}


30.08.2026 4:12:30	Information:	Ping ret is {"Status":0,"Comment":null}
30.08.2026 4:14:28	Information:	refresh tokens
30.08.2026 4:14:30	Information:	url https://lab-vko.dmed.kz/ /api/DriverManager/PingDevice
30.08.2026 4:14:30	Information:	{
"Hash": "w9LjvpRCyoByGV3Lzv0iX9dSI0tLK0uV+pRojL1kufc=",
"Status": 0
}


30.08.2026 4:14:30	Information:	Ping ret is {"Status":0,"Comment":null}
30.08.2026 4:16:31	Information:	url https://lab-vko.dmed.kz/ /api/DriverManager/PingDevice
30.08.2026 4:16:31	Information:	{
"Hash": "w9LjvpRCyoByGV3Lzv0iX9dSI0tLK0uV+pRojL1kufc=",
"Status": 0
}


30.08.2026 4:16:31	Information:	Ping ret is {"Status":0,"Comment":null}
30.08.2026 4:18:31	Information:	url https://lab-vko.dmed.kz/ /api/DriverManager/PingDevice
30.08.2026 4:18:31	Information:	{
"Hash": "w9LjvpRCyoByGV3Lzv0iX9dSI0tLK0uV+pRojL1kufc=",
"Status": 0
}


30.08.2026 4:18:31	Information:	Ping ret is {"Status":0,"Comment":null}
30.08.2026 4:20:32	Information:	url https://lab-vko.dmed.kz/ /api/DriverManager/PingDevice
30.08.2026 4:20:32	Information:	{
"Hash": "w9LjvpRCyoByGV3Lzv0iX9dSI0tLK0uV+pRojL1kufc=",
"Status": 0
}


30.08.2026 4:20:32	Information:	Ping ret is {"Status":0,"Comment":null}
30.08.2026 4:22:33	Information:	url https://lab-vko.dmed.kz/ /api/DriverManager/PingDevice
30.08.2026 4:22:33	Information:	{
"Hash": "w9LjvpRCyoByGV3Lzv0iX9dSI0tLK0uV+pRojL1kufc=",
"Status": 0
}


30.08.2026 4:22:33	Information:	Ping ret is {"Status":0,"Comment":null}
30.08.2026 4:24:28	Information:	refresh tokens
30.08.2026 4:24:33	Information:	url https://lab-vko.dmed.kz/ /api/DriverManager/PingDevice
30.08.2026 4:24:33	Information:	{
"Hash": "w9LjvpRCyoByGV3Lzv0iX9dSI0tLK0uV+pRojL1kufc=",
"Status": 0
}


30.08.2026 4:24:33	Information:	Ping ret is {"Status":0,"Comment":null}
30.08.2026 4:26:34	Information:	url https://lab-vko.dmed.kz/ /api/DriverManager/PingDevice
30.08.2026 4:26:34	Information:	{
"Hash": "w9LjvpRCyoByGV3Lzv0iX9dSI0tLK0uV+pRojL1kufc=",
"Status": 0
}


30.08.2026 4:26:34	Information:	Ping ret is {"Status":0,"Comment":null}
30.08.2026 4:28:34	Information:	url https://lab-vko.dmed.kz/ /api/DriverManager/PingDevice
30.08.2026 4:28:34	Information:	{
"Hash": "w9LjvpRCyoByGV3Lzv0iX9dSI0tLK0uV+pRojL1kufc=",
"Status": 0
}


30.08.2026 4:28:34	Information:	Ping ret is {"Status":0,"Comment":null}
30.08.2026 4:30:35	Information:	url https://lab-vko.dmed.kz/ /api/DriverManager/PingDevice
30.08.2026 4:30:35	Information:	{
"Hash": "w9LjvpRCyoByGV3Lzv0iX9dSI0tLK0uV+pRojL1kufc=",
"Status": 0
}


30.08.2026 4:30:35	Information:	Ping ret is {"Status":0,"Comment":null}
30.08.2026 4:32:35	Information:	url https://lab-vko.dmed.kz/ /api/DriverManager/PingDevice
30.08.2026 4:32:35	Information:	{
"Hash": "w9LjvpRCyoByGV3Lzv0iX9dSI0tLK0uV+pRojL1kufc=",
"Status": 0
}


30.08.2026 4:32:35	Information:	Ping ret is {"Status":0,"Comment":null}
30.08.2026 4:34:28	Information:	refresh tokens
30.08.2026 4:34:36	Information:	url https://lab-vko.dmed.kz/ /api/DriverManager/PingDevice
30.08.2026 4:34:36	Information:	{
"Hash": "w9LjvpRCyoByGV3Lzv0iX9dSI0tLK0uV+pRojL1kufc=",
"Status": 0
}


30.08.2026 4:34:36	Information:	Ping ret is {"Status":0,"Comment":null}
30.08.2026 4:36:37	Information:	url https://lab-vko.dmed.kz/ /api/DriverManager/PingDevice
30.08.2026 4:36:37	Information:	{
"Hash": "w9LjvpRCyoByGV3Lzv0iX9dSI0tLK0uV+pRojL1kufc=",
"Status": 0
}


30.08.2026 4:36:37	Information:	Ping ret is {"Status":0,"Comment":null}
30.08.2026 4:38:37	Information:	url https://lab-vko.dmed.kz/ /api/DriverManager/PingDevice
30.08.2026 4:38:37	Information:	{
"Hash": "w9LjvpRCyoByGV3Lzv0iX9dSI0tLK0uV+pRojL1kufc=",
"Status": 0
}


30.08.2026 4:38:37	Information:	Ping ret is {"Status":0,"Comment":null}
30.08.2026 4:40:38	Information:	url https://lab-vko.dmed.kz/ /api/DriverManager/PingDevice
30.08.2026 4:40:38	Information:	{
"Hash": "w9LjvpRCyoByGV3Lzv0iX9dSI0tLK0uV+pRojL1kufc=",
"Status": 0
}


30.08.2026 4:40:38	Information:	Ping ret is {"Status":0,"Comment":null}
30.08.2026 4:42:38	Information:	url https://lab-vko.dmed.kz/ /api/DriverManager/PingDevice
30.08.2026 4:42:38	Information:	{
"Hash": "w9LjvpRCyoByGV3Lzv0iX9dSI0tLK0uV+pRojL1kufc=",
"Status": 0
}


30.08.2026 4:42:38	Information:	Ping ret is {"Status":0,"Comment":null}
30.08.2026 4:44:28	Information:	refresh tokens
30.08.2026 4:44:38	Information:	url https://lab-vko.dmed.kz/ /api/DriverManager/PingDevice
30.08.2026 4:44:38	Information:	{
"Hash": "w9LjvpRCyoByGV3Lzv0iX9dSI0tLK0uV+pRojL1kufc=",
"Status": 0
}


30.08.2026 4:44:38	Information:	Ping ret is {"Status":0,"Comment":null}
30.08.2026 4:46:39	Information:	url https://lab-vko.dmed.kz/ /api/DriverManager/PingDevice
30.08.2026 4:46:39	Information:	{
"Hash": "w9LjvpRCyoByGV3Lzv0iX9dSI0tLK0uV+pRojL1kufc=",
"Status": 0
}


30.08.2026 4:46:39	Information:	Ping ret is {"Status":0,"Comment":null}
30.08.2026 4:48:39	Information:	url https://lab-vko.dmed.kz/ /api/DriverManager/PingDevice
30.08.2026 4:48:39	Information:	{
"Hash": "w9LjvpRCyoByGV3Lzv0iX9dSI0tLK0uV+pRojL1kufc=",
"Status": 0
}


30.08.2026 4:48:39	Information:	Ping ret is {"Status":0,"Comment":null}
30.08.2026 4:50:40	Information:	url https://lab-vko.dmed.kz/ /api/DriverManager/PingDevice
30.08.2026 4:50:40	Information:	{
"Hash": "w9LjvpRCyoByGV3Lzv0iX9dSI0tLK0uV+pRojL1kufc=",
"Status": 0
}


30.08.2026 4:50:40	Information:	Ping ret is {"Status":0,"Comment":null}
30.08.2026 4:52:41	Information:	url https://lab-vko.dmed.kz/ /api/DriverManager/PingDevice
30.08.2026 4:52:41	Information:	{
"Hash": "w9LjvpRCyoByGV3Lzv0iX9dSI0tLK0uV+pRojL1kufc=",
"Status": 0
}


30.08.2026 4:52:41	Information:	Ping ret is {"Status":0,"Comment":null}
30.08.2026 4:54:28	Information:	refresh tokens
30.08.2026 4:54:41	Information:	url https://lab-vko.dmed.kz/ /api/DriverManager/PingDevice
30.08.2026 4:54:41	Information:	{
"Hash": "w9LjvpRCyoByGV3Lzv0iX9dSI0tLK0uV+pRojL1kufc=",
"Status": 0
}


30.08.2026 4:54:41	Information:	Ping ret is {"Status":0,"Comment":null}
30.08.2026 4:56:42	Information:	url https://lab-vko.dmed.kz/ /api/DriverManager/PingDevice
30.08.2026 4:56:42	Information:	{
"Hash": "w9LjvpRCyoByGV3Lzv0iX9dSI0tLK0uV+pRojL1kufc=",
"Status": 0
}


30.08.2026 4:56:42	Information:	Ping ret is {"Status":0,"Comment":null}
30.08.2026 4:58:42	Information:	url https://lab-vko.dmed.kz/ /api/DriverManager/PingDevice
30.08.2026 4:58:42	Information:	{
"Hash": "w9LjvpRCyoByGV3Lzv0iX9dSI0tLK0uV+pRojL1kufc=",
"Status": 0
}


30.08.2026 4:58:42	Information:	Ping ret is {"Status":0,"Comment":null}
30.08.2026 5:00:43	Information:	url https://lab-vko.dmed.kz/ /api/DriverManager/PingDevice
30.08.2026 5:00:43	Information:	{
"Hash": "w9LjvpRCyoByGV3Lzv0iX9dSI0tLK0uV+pRojL1kufc=",
"Status": 0
}


30.08.2026 5:00:43	Information:	Ping ret is {"Status":0,"Comment":null}
30.08.2026 5:02:43	Information:	url https://lab-vko.dmed.kz/ /api/DriverManager/PingDevice
30.08.2026 5:02:43	Information:	{
"Hash": "w9LjvpRCyoByGV3Lzv0iX9dSI0tLK0uV+pRojL1kufc=",
"Status": 0
}


30.08.2026 5:02:43	Information:	Ping ret is {"Status":0,"Comment":null}
30.08.2026 5:04:28	Information:	refresh tokens
30.08.2026 5:04:44	Information:	url https://lab-vko.dmed.kz/ /api/DriverManager/PingDevice
30.08.2026 5:04:44	Information:	{
"Hash": "w9LjvpRCyoByGV3Lzv0iX9dSI0tLK0uV+pRojL1kufc=",
"Status": 0
}


30.08.2026 5:04:44	Information:	Ping ret is {"Status":0,"Comment":null}
30.08.2026 5:06:44	Information:	url https://lab-vko.dmed.kz/ /api/DriverManager/PingDevice
30.08.2026 5:06:44	Information:	{
"Hash": "w9LjvpRCyoByGV3Lzv0iX9dSI0tLK0uV+pRojL1kufc=",
"Status": 0
}


30.08.2026 5:06:44	Information:	Ping ret is {"Status":0,"Comment":null}
30.08.2026 5:08:45	Information:	url https://lab-vko.dmed.kz/ /api/DriverManager/PingDevice
30.08.2026 5:08:45	Information:	{
"Hash": "w9LjvpRCyoByGV3Lzv0iX9dSI0tLK0uV+pRojL1kufc=",
"Status": 0
}


30.08.2026 5:08:45	Information:	Ping ret is {"Status":0,"Comment":null}
30.08.2026 5:10:45	Information:	url https://lab-vko.dmed.kz/ /api/DriverManager/PingDevice
30.08.2026 5:10:45	Information:	{
"Hash": "w9LjvpRCyoByGV3Lzv0iX9dSI0tLK0uV+pRojL1kufc=",
"Status": 0
}


30.08.2026 5:10:45	Information:	Ping ret is {"Status":0,"Comment":null}
30.08.2026 5:12:46	Information:	url https://lab-vko.dmed.kz/ /api/DriverManager/PingDevice
30.08.2026 5:12:46	Information:	{
"Hash": "w9LjvpRCyoByGV3Lzv0iX9dSI0tLK0uV+pRojL1kufc=",
"Status": 0
}


30.08.2026 5:12:46	Information:	Ping ret is {"Status":0,"Comment":null}
30.08.2026 5:14:28	Information:	refresh tokens
30.08.2026 5:14:46	Information:	url https://lab-vko.dmed.kz/ /api/DriverManager/PingDevice
30.08.2026 5:14:46	Information:	{
"Hash": "w9LjvpRCyoByGV3Lzv0iX9dSI0tLK0uV+pRojL1kufc=",
"Status": 0
}


30.08.2026 5:14:46	Information:	Ping ret is {"Status":0,"Comment":null}
30.08.2026 5:16:47	Information:	url https://lab-vko.dmed.kz/ /api/DriverManager/PingDevice
30.08.2026 5:16:47	Information:	{
"Hash": "w9LjvpRCyoByGV3Lzv0iX9dSI0tLK0uV+pRojL1kufc=",
"Status": 0
}


30.08.2026 5:16:47	Information:	Ping ret is {"Status":0,"Comment":null}
30.08.2026 5:18:47	Information:	url https://lab-vko.dmed.kz/ /api/DriverManager/PingDevice
30.08.2026 5:18:47	Information:	{
"Hash": "w9LjvpRCyoByGV3Lzv0iX9dSI0tLK0uV+pRojL1kufc=",
"Status": 0
}


30.08.2026 5:18:47	Information:	Ping ret is {"Status":0,"Comment":null}
30.08.2026 5:20:48	Information:	url https://lab-vko.dmed.kz/ /api/DriverManager/PingDevice
30.08.2026 5:20:48	Information:	{
"Hash": "w9LjvpRCyoByGV3Lzv0iX9dSI0tLK0uV+pRojL1kufc=",
"Status": 0
}


30.08.2026 5:20:48	Information:	Ping ret is {"Status":0,"Comment":null}
30.08.2026 5:22:48	Information:	url https://lab-vko.dmed.kz/ /api/DriverManager/PingDevice
30.08.2026 5:22:48	Information:	{
"Hash": "w9LjvpRCyoByGV3Lzv0iX9dSI0tLK0uV+pRojL1kufc=",
"Status": 0
}


30.08.2026 5:22:48	Information:	Ping ret is {"Status":0,"Comment":null}
30.08.2026 5:24:28	Information:	refresh tokens
30.08.2026 5:24:49	Information:	url https://lab-vko.dmed.kz/ /api/DriverManager/PingDevice
30.08.2026 5:24:49	Information:	{
"Hash": "w9LjvpRCyoByGV3Lzv0iX9dSI0tLK0uV+pRojL1kufc=",
"Status": 0
}


30.08.2026 5:24:49	Information:	Ping ret is {"Status":0,"Comment":null}
30.08.2026 5:26:49	Information:	url https://lab-vko.dmed.kz/ /api/DriverManager/PingDevice
30.08.2026 5:26:49	Information:	{
"Hash": "w9LjvpRCyoByGV3Lzv0iX9dSI0tLK0uV+pRojL1kufc=",
"Status": 0
}


30.08.2026 5:26:49	Information:	Ping ret is {"Status":0,"Comment":null}
30.08.2026 5:28:50	Information:	url https://lab-vko.dmed.kz/ /api/DriverManager/PingDevice
30.08.2026 5:28:50	Information:	{
"Hash": "w9LjvpRCyoByGV3Lzv0iX9dSI0tLK0uV+pRojL1kufc=",
"Status": 0
}


30.08.2026 5:28:50	Information:	Ping ret is {"Status":0,"Comment":null}
30.08.2026 5:30:50	Information:	url https://lab-vko.dmed.kz/ /api/DriverManager/PingDevice
30.08.2026 5:30:50	Information:	{
"Hash": "w9LjvpRCyoByGV3Lzv0iX9dSI0tLK0uV+pRojL1kufc=",
"Status": 0
}


30.08.2026 5:30:50	Information:	Ping ret is {"Status":0,"Comment":null}
30.08.2026 5:32:51	Information:	url https://lab-vko.dmed.kz/ /api/DriverManager/PingDevice
30.08.2026 5:32:51	Information:	{
"Hash": "w9LjvpRCyoByGV3Lzv0iX9dSI0tLK0uV+pRojL1kufc=",
"Status": 0
}


30.08.2026 5:32:51	Information:	Ping ret is {"Status":0,"Comment":null}
30.08.2026 5:34:28	Information:	refresh tokens
30.08.2026 5:34:51	Information:	url https://lab-vko.dmed.kz/ /api/DriverManager/PingDevice
30.08.2026 5:34:51	Information:	{
"Hash": "w9LjvpRCyoByGV3Lzv0iX9dSI0tLK0uV+pRojL1kufc=",
"Status": 0
}


30.08.2026 5:34:51	Information:	Ping ret is {"Status":0,"Comment":null}
30.08.2026 5:36:52	Information:	url https://lab-vko.dmed.kz/ /api/DriverManager/PingDevice
30.08.2026 5:36:52	Information:	{
"Hash": "w9LjvpRCyoByGV3Lzv0iX9dSI0tLK0uV+pRojL1kufc=",
"Status": 0
}


30.08.2026 5:36:52	Information:	Ping ret is {"Status":0,"Comment":null}
30.08.2026 5:38:52	Information:	url https://lab-vko.dmed.kz/ /api/DriverManager/PingDevice
30.08.2026 5:38:52	Information:	{
"Hash": "w9LjvpRCyoByGV3Lzv0iX9dSI0tLK0uV+pRojL1kufc=",
"Status": 0
}


30.08.2026 5:38:52	Information:	Ping ret is {"Status":0,"Comment":null}
30.08.2026 5:40:53	Information:	url https://lab-vko.dmed.kz/ /api/DriverManager/PingDevice
30.08.2026 5:40:53	Information:	{
"Hash": "w9LjvpRCyoByGV3Lzv0iX9dSI0tLK0uV+pRojL1kufc=",
"Status": 0
}


30.08.2026 5:40:53	Information:	Ping ret is {"Status":0,"Comment":null}
30.08.2026 5:42:54	Information:	url https://lab-vko.dmed.kz/ /api/DriverManager/PingDevice
30.08.2026 5:42:54	Information:	{
"Hash": "w9LjvpRCyoByGV3Lzv0iX9dSI0tLK0uV+pRojL1kufc=",
"Status": 0
}


30.08.2026 5:42:54	Information:	Ping ret is {"Status":0,"Comment":null}
30.08.2026 5:44:28	Information:	refresh tokens
30.08.2026 5:44:54	Information:	url https://lab-vko.dmed.kz/ /api/DriverManager/PingDevice
30.08.2026 5:44:54	Information:	{
"Hash": "w9LjvpRCyoByGV3Lzv0iX9dSI0tLK0uV+pRojL1kufc=",
"Status": 0
}


30.08.2026 5:44:54	Information:	Ping ret is {"Status":0,"Comment":null}
30.08.2026 5:46:55	Information:	url https://lab-vko.dmed.kz/ /api/DriverManager/PingDevice
30.08.2026 5:46:55	Information:	{
"Hash": "w9LjvpRCyoByGV3Lzv0iX9dSI0tLK0uV+pRojL1kufc=",
"Status": 0
}


30.08.2026 5:46:55	Information:	Ping ret is {"Status":0,"Comment":null}
30.08.2026 5:48:55	Information:	url https://lab-vko.dmed.kz/ /api/DriverManager/PingDevice
30.08.2026 5:48:55	Information:	{
"Hash": "w9LjvpRCyoByGV3Lzv0iX9dSI0tLK0uV+pRojL1kufc=",
"Status": 0
}


30.08.2026 5:48:55	Information:	Ping ret is {"Status":0,"Comment":null}
30.08.2026 5:50:56	Information:	url https://lab-vko.dmed.kz/ /api/DriverManager/PingDevice
30.08.2026 5:50:56	Information:	{
"Hash": "w9LjvpRCyoByGV3Lzv0iX9dSI0tLK0uV+pRojL1kufc=",
"Status": 0
}


30.08.2026 5:50:56	Information:	Ping ret is {"Status":0,"Comment":null}
30.08.2026 5:52:56	Information:	url https://lab-vko.dmed.kz/ /api/DriverManager/PingDevice
30.08.2026 5:52:56	Information:	{
"Hash": "w9LjvpRCyoByGV3Lzv0iX9dSI0tLK0uV+pRojL1kufc=",
"Status": 0
}


30.08.2026 5:52:56	Information:	Ping ret is {"Status":0,"Comment":null}
30.08.2026 5:54:28	Information:	refresh tokens
30.08.2026 5:54:56	Information:	url https://lab-vko.dmed.kz/ /api/DriverManager/PingDevice
30.08.2026 5:54:56	Information:	{
"Hash": "w9LjvpRCyoByGV3Lzv0iX9dSI0tLK0uV+pRojL1kufc=",
"Status": 0
}


30.08.2026 5:54:56	Information:	Ping ret is {"Status":0,"Comment":null}
30.08.2026 5:56:57	Information:	url https://lab-vko.dmed.kz/ /api/DriverManager/PingDevice
30.08.2026 5:56:57	Information:	{
"Hash": "w9LjvpRCyoByGV3Lzv0iX9dSI0tLK0uV+pRojL1kufc=",
"Status": 0
}


30.08.2026 5:56:57	Information:	Ping ret is {"Status":0,"Comment":null}
30.08.2026 5:58:58	Information:	url https://lab-vko.dmed.kz/ /api/DriverManager/PingDevice
30.08.2026 5:58:58	Information:	{
"Hash": "w9LjvpRCyoByGV3Lzv0iX9dSI0tLK0uV+pRojL1kufc=",
"Status": 0
}


30.08.2026 5:58:58	Information:	Ping ret is {"Status":0,"Comment":null}
30.08.2026 6:00:58	Information:	url https://lab-vko.dmed.kz/ /api/DriverManager/PingDevice
30.08.2026 6:00:58	Information:	{
"Hash": "w9LjvpRCyoByGV3Lzv0iX9dSI0tLK0uV+pRojL1kufc=",
"Status": 0
}


30.08.2026 6:00:58	Information:	Ping ret is {"Status":0,"Comment":null}
30.08.2026 6:02:59	Information:	url https://lab-vko.dmed.kz/ /api/DriverManager/PingDevice
30.08.2026 6:02:59	Information:	{
"Hash": "w9LjvpRCyoByGV3Lzv0iX9dSI0tLK0uV+pRojL1kufc=",
"Status": 0
}


30.08.2026 6:02:59	Information:	Ping ret is {"Status":0,"Comment":null}
30.08.2026 6:04:28	Information:	refresh tokens
30.08.2026 6:04:59	Information:	url https://lab-vko.dmed.kz/ /api/DriverManager/PingDevice
30.08.2026 6:04:59	Information:	{
"Hash": "w9LjvpRCyoByGV3Lzv0iX9dSI0tLK0uV+pRojL1kufc=",
"Status": 0
}


30.08.2026 6:04:59	Information:	Ping ret is {"Status":0,"Comment":null}
30.08.2026 6:07:00	Information:	url https://lab-vko.dmed.kz/ /api/DriverManager/PingDevice
30.08.2026 6:07:00	Information:	{
"Hash": "w9LjvpRCyoByGV3Lzv0iX9dSI0tLK0uV+pRojL1kufc=",
"Status": 0
}


30.08.2026 6:07:00	Information:	Ping ret is {"Status":0,"Comment":null}
30.08.2026 6:09:01	Information:	url https://lab-vko.dmed.kz/ /api/DriverManager/PingDevice
30.08.2026 6:09:01	Information:	{
"Hash": "w9LjvpRCyoByGV3Lzv0iX9dSI0tLK0uV+pRojL1kufc=",
"Status": 0
}


30.08.2026 6:09:01	Information:	Ping ret is {"Status":0,"Comment":null}
30.08.2026 6:11:02	Information:	url https://lab-vko.dmed.kz/ /api/DriverManager/PingDevice
30.08.2026 6:11:02	Information:	{
"Hash": "w9LjvpRCyoByGV3Lzv0iX9dSI0tLK0uV+pRojL1kufc=",
"Status": 0
}


30.08.2026 6:11:02	Information:	Ping ret is {"Status":0,"Comment":null}
30.08.2026 6:13:02	Information:	url https://lab-vko.dmed.kz/ /api/DriverManager/PingDevice
30.08.2026 6:13:02	Information:	{
"Hash": "w9LjvpRCyoByGV3Lzv0iX9dSI0tLK0uV+pRojL1kufc=",
"Status": 0
}


30.08.2026 6:13:02	Information:	Ping ret is {"Status":0,"Comment":null}
30.08.2026 6:14:28	Information:	refresh tokens
30.08.2026 6:15:03	Information:	url https://lab-vko.dmed.kz/ /api/DriverManager/PingDevice
30.08.2026 6:15:03	Information:	{
"Hash": "w9LjvpRCyoByGV3Lzv0iX9dSI0tLK0uV+pRojL1kufc=",
"Status": 0
}


30.08.2026 6:15:03	Information:	Ping ret is {"Status":0,"Comment":null}
30.08.2026 6:17:04	Information:	url https://lab-vko.dmed.kz/ /api/DriverManager/PingDevice
30.08.2026 6:17:04	Information:	{
"Hash": "w9LjvpRCyoByGV3Lzv0iX9dSI0tLK0uV+pRojL1kufc=",
"Status": 0
}


30.08.2026 6:17:04	Information:	Ping ret is {"Status":0,"Comment":null}
30.08.2026 6:19:04	Information:	url https://lab-vko.dmed.kz/ /api/DriverManager/PingDevice
30.08.2026 6:19:04	Information:	{
"Hash": "w9LjvpRCyoByGV3Lzv0iX9dSI0tLK0uV+pRojL1kufc=",
"Status": 0
}


30.08.2026 6:19:04	Information:	Ping ret is {"Status":0,"Comment":null}
30.08.2026 6:21:05	Information:	url https://lab-vko.dmed.kz/ /api/DriverManager/PingDevice
30.08.2026 6:21:05	Information:	{
"Hash": "w9LjvpRCyoByGV3Lzv0iX9dSI0tLK0uV+pRojL1kufc=",
"Status": 0
}


30.08.2026 6:21:05	Information:	Ping ret is {"Status":0,"Comment":null}
30.08.2026 6:23:05	Information:	url https://lab-vko.dmed.kz/ /api/DriverManager/PingDevice
30.08.2026 6:23:05	Information:	{
"Hash": "w9LjvpRCyoByGV3Lzv0iX9dSI0tLK0uV+pRojL1kufc=",
"Status": 0
}


30.08.2026 6:23:05	Information:	Ping ret is {"Status":0,"Comment":null}
30.08.2026 6:24:29	Information:	refresh tokens
30.08.2026 6:25:06	Information:	url https://lab-vko.dmed.kz/ /api/DriverManager/PingDevice
30.08.2026 6:25:06	Information:	{
"Hash": "w9LjvpRCyoByGV3Lzv0iX9dSI0tLK0uV+pRojL1kufc=",
"Status": 0
}


30.08.2026 6:25:06	Information:	Ping ret is {"Status":0,"Comment":null}
30.08.2026 6:27:07	Information:	url https://lab-vko.dmed.kz/ /api/DriverManager/PingDevice
30.08.2026 6:27:07	Information:	{
"Hash": "w9LjvpRCyoByGV3Lzv0iX9dSI0tLK0uV+pRojL1kufc=",
"Status": 0
}


30.08.2026 6:27:07	Information:	Ping ret is {"Status":0,"Comment":null}
30.08.2026 6:29:07	Information:	url https://lab-vko.dmed.kz/ /api/DriverManager/PingDevice
30.08.2026 6:29:07	Information:	{
"Hash": "w9LjvpRCyoByGV3Lzv0iX9dSI0tLK0uV+pRojL1kufc=",
"Status": 0
}


30.08.2026 6:29:07	Information:	Ping ret is {"Status":0,"Comment":null}
30.08.2026 6:31:08	Information:	url https://lab-vko.dmed.kz/ /api/DriverManager/PingDevice
30.08.2026 6:31:08	Information:	{
"Hash": "w9LjvpRCyoByGV3Lzv0iX9dSI0tLK0uV+pRojL1kufc=",
"Status": 0
}


30.08.2026 6:31:08	Information:	Ping ret is {"Status":0,"Comment":null}
30.08.2026 6:33:08	Information:	url https://lab-vko.dmed.kz/ /api/DriverManager/PingDevice
30.08.2026 6:33:08	Information:	{
"Hash": "w9LjvpRCyoByGV3Lzv0iX9dSI0tLK0uV+pRojL1kufc=",
"Status": 0
}


30.08.2026 6:33:08	Information:	Ping ret is {"Status":0,"Comment":null}
30.08.2026 6:34:29	Information:	refresh tokens
30.08.2026 6:35:09	Information:	url https://lab-vko.dmed.kz/ /api/DriverManager/PingDevice
30.08.2026 6:35:09	Information:	{
"Hash": "w9LjvpRCyoByGV3Lzv0iX9dSI0tLK0uV+pRojL1kufc=",
"Status": 0
}


30.08.2026 6:35:09	Information:	Ping ret is {"Status":0,"Comment":null}
30.08.2026 6:37:09	Information:	url https://lab-vko.dmed.kz/ /api/DriverManager/PingDevice
30.08.2026 6:37:09	Information:	{
"Hash": "w9LjvpRCyoByGV3Lzv0iX9dSI0tLK0uV+pRojL1kufc=",
"Status": 0
}


30.08.2026 6:37:09	Information:	Ping ret is {"Status":0,"Comment":null}
30.08.2026 6:39:10	Information:	url https://lab-vko.dmed.kz/ /api/DriverManager/PingDevice
30.08.2026 6:39:10	Information:	{
"Hash": "w9LjvpRCyoByGV3Lzv0iX9dSI0tLK0uV+pRojL1kufc=",
"Status": 0
}


30.08.2026 6:39:10	Information:	Ping ret is {"Status":0,"Comment":null}
30.08.2026 6:41:10	Information:	url https://lab-vko.dmed.kz/ /api/DriverManager/PingDevice
30.08.2026 6:41:10	Information:	{
"Hash": "w9LjvpRCyoByGV3Lzv0iX9dSI0tLK0uV+pRojL1kufc=",
"Status": 0
}


30.08.2026 6:41:10	Information:	Ping ret is {"Status":0,"Comment":null}
30.08.2026 6:43:11	Information:	url https://lab-vko.dmed.kz/ /api/DriverManager/PingDevice
30.08.2026 6:43:11	Information:	{
"Hash": "w9LjvpRCyoByGV3Lzv0iX9dSI0tLK0uV+pRojL1kufc=",
"Status": 0
}


30.08.2026 6:43:11	Information:	Ping ret is {"Status":0,"Comment":null}
30.08.2026 6:44:29	Information:	refresh tokens
30.08.2026 6:45:11	Information:	url https://lab-vko.dmed.kz/ /api/DriverManager/PingDevice
30.08.2026 6:45:11	Information:	{
"Hash": "w9LjvpRCyoByGV3Lzv0iX9dSI0tLK0uV+pRojL1kufc=",
"Status": 0
}


30.08.2026 6:45:11	Information:	Ping ret is {"Status":0,"Comment":null}
30.08.2026 6:47:12	Information:	url https://lab-vko.dmed.kz/ /api/DriverManager/PingDevice
30.08.2026 6:47:12	Information:	{
"Hash": "w9LjvpRCyoByGV3Lzv0iX9dSI0tLK0uV+pRojL1kufc=",
"Status": 0
}


30.08.2026 6:47:12	Information:	Ping ret is {"Status":0,"Comment":null}
30.08.2026 6:49:12	Information:	url https://lab-vko.dmed.kz/ /api/DriverManager/PingDevice
30.08.2026 6:49:12	Information:	{
"Hash": "w9LjvpRCyoByGV3Lzv0iX9dSI0tLK0uV+pRojL1kufc=",
"Status": 0
}


30.08.2026 6:49:12	Information:	Ping ret is {"Status":0,"Comment":null}
30.08.2026 6:51:13	Information:	url https://lab-vko.dmed.kz/ /api/DriverManager/PingDevice
30.08.2026 6:51:13	Information:	{
"Hash": "w9LjvpRCyoByGV3Lzv0iX9dSI0tLK0uV+pRojL1kufc=",
"Status": 0
}


30.08.2026 6:51:13	Information:	Ping ret is {"Status":0,"Comment":null}
30.08.2026 6:53:13	Information:	url https://lab-vko.dmed.kz/ /api/DriverManager/PingDevice
30.08.2026 6:53:13	Information:	{
"Hash": "w9LjvpRCyoByGV3Lzv0iX9dSI0tLK0uV+pRojL1kufc=",
"Status": 0
}


30.08.2026 6:53:13	Information:	Ping ret is {"Status":0,"Comment":null}
30.08.2026 6:54:29	Information:	refresh tokens
30.08.2026 6:55:14	Information:	url https://lab-vko.dmed.kz/ /api/DriverManager/PingDevice
30.08.2026 6:55:14	Information:	{
"Hash": "w9LjvpRCyoByGV3Lzv0iX9dSI0tLK0uV+pRojL1kufc=",
"Status": 0
}


30.08.2026 6:55:14	Information:	Ping ret is {"Status":0,"Comment":null}
30.08.2026 6:57:15	Information:	url https://lab-vko.dmed.kz/ /api/DriverManager/PingDevice
30.08.2026 6:57:15	Information:	{
"Hash": "w9LjvpRCyoByGV3Lzv0iX9dSI0tLK0uV+pRojL1kufc=",
"Status": 0
}


30.08.2026 6:57:15	Information:	Ping ret is {"Status":0,"Comment":null}
30.08.2026 6:59:15	Information:	url https://lab-vko.dmed.kz/ /api/DriverManager/PingDevice
30.08.2026 6:59:15	Information:	{
"Hash": "w9LjvpRCyoByGV3Lzv0iX9dSI0tLK0uV+pRojL1kufc=",
"Status": 0
}


30.08.2026 6:59:15	Information:	Ping ret is {"Status":0,"Comment":null}
30.08.2026 7:01:16	Information:	url https://lab-vko.dmed.kz/ /api/DriverManager/PingDevice
30.08.2026 7:01:16	Information:	{
"Hash": "w9LjvpRCyoByGV3Lzv0iX9dSI0tLK0uV+pRojL1kufc=",
"Status": 0
}


30.08.2026 7:01:16	Information:	Ping ret is {"Status":0,"Comment":null}
30.08.2026 7:03:16	Information:	url https://lab-vko.dmed.kz/ /api/DriverManager/PingDevice
30.08.2026 7:03:16	Information:	{
"Hash": "w9LjvpRCyoByGV3Lzv0iX9dSI0tLK0uV+pRojL1kufc=",
"Status": 0
}


30.08.2026 7:03:16	Information:	Ping ret is {"Status":0,"Comment":null}
30.08.2026 7:04:29	Information:	refresh tokens
30.08.2026 7:05:17	Information:	url https://lab-vko.dmed.kz/ /api/DriverManager/PingDevice
30.08.2026 7:05:17	Information:	{
"Hash": "w9LjvpRCyoByGV3Lzv0iX9dSI0tLK0uV+pRojL1kufc=",
"Status": 0
}


30.08.2026 7:05:17	Information:	Ping ret is {"Status":0,"Comment":null}
30.08.2026 7:07:17	Information:	url https://lab-vko.dmed.kz/ /api/DriverManager/PingDevice
30.08.2026 7:07:17	Information:	{
"Hash": "w9LjvpRCyoByGV3Lzv0iX9dSI0tLK0uV+pRojL1kufc=",
"Status": 0
}


30.08.2026 7:07:17	Information:	Ping ret is {"Status":0,"Comment":null}
30.08.2026 7:09:18	Information:	url https://lab-vko.dmed.kz/ /api/DriverManager/PingDevice
30.08.2026 7:09:18	Information:	{
"Hash": "w9LjvpRCyoByGV3Lzv0iX9dSI0tLK0uV+pRojL1kufc=",
"Status": 0
}


30.08.2026 7:09:18	Information:	Ping ret is {"Status":0,"Comment":null}
30.08.2026 7:11:18	Information:	url https://lab-vko.dmed.kz/ /api/DriverManager/PingDevice
30.08.2026 7:11:18	Information:	{
"Hash": "w9LjvpRCyoByGV3Lzv0iX9dSI0tLK0uV+pRojL1kufc=",
"Status": 0
}


30.08.2026 7:11:18	Information:	Ping ret is {"Status":0,"Comment":null}
30.08.2026 7:13:19	Information:	url https://lab-vko.dmed.kz/ /api/DriverManager/PingDevice
30.08.2026 7:13:19	Information:	{
"Hash": "w9LjvpRCyoByGV3Lzv0iX9dSI0tLK0uV+pRojL1kufc=",
"Status": 0
}


30.08.2026 7:13:19	Information:	Ping ret is {"Status":0,"Comment":null}
30.08.2026 7:14:29	Information:	refresh tokens
30.08.2026 7:15:19	Information:	url https://lab-vko.dmed.kz/ /api/DriverManager/PingDevice
30.08.2026 7:15:19	Information:	{
"Hash": "w9LjvpRCyoByGV3Lzv0iX9dSI0tLK0uV+pRojL1kufc=",
"Status": 0
}


30.08.2026 7:15:19	Information:	Ping ret is {"Status":0,"Comment":null}
30.08.2026 7:17:20	Information:	url https://lab-vko.dmed.kz/ /api/DriverManager/PingDevice
30.08.2026 7:17:20	Information:	{
"Hash": "w9LjvpRCyoByGV3Lzv0iX9dSI0tLK0uV+pRojL1kufc=",
"Status": 0
}


30.08.2026 7:17:20	Information:	Ping ret is {"Status":0,"Comment":null}
30.08.2026 7:19:20	Information:	url https://lab-vko.dmed.kz/ /api/DriverManager/PingDevice
30.08.2026 7:19:20	Information:	{
"Hash": "w9LjvpRCyoByGV3Lzv0iX9dSI0tLK0uV+pRojL1kufc=",
"Status": 0
}


30.08.2026 7:19:20	Information:	Ping ret is {"Status":0,"Comment":null}
30.08.2026 7:21:21	Information:	url https://lab-vko.dmed.kz/ /api/DriverManager/PingDevice
30.08.2026 7:21:21	Information:	{
"Hash": "w9LjvpRCyoByGV3Lzv0iX9dSI0tLK0uV+pRojL1kufc=",
"Status": 0
}


30.08.2026 7:21:21	Information:	Ping ret is {"Status":0,"Comment":null}
30.08.2026 7:23:21	Information:	url https://lab-vko.dmed.kz/ /api/DriverManager/PingDevice
30.08.2026 7:23:21	Information:	{
"Hash": "w9LjvpRCyoByGV3Lzv0iX9dSI0tLK0uV+pRojL1kufc=",
"Status": 0
}


30.08.2026 7:23:21	Information:	Ping ret is {"Status":0,"Comment":null}
30.08.2026 7:24:29	Information:	refresh tokens
30.08.2026 7:25:22	Information:	url https://lab-vko.dmed.kz/ /api/DriverManager/PingDevice
30.08.2026 7:25:22	Information:	{
"Hash": "w9LjvpRCyoByGV3Lzv0iX9dSI0tLK0uV+pRojL1kufc=",
"Status": 0
}


30.08.2026 7:25:22	Information:	Ping ret is {"Status":0,"Comment":null}
30.08.2026 7:27:22	Information:	url https://lab-vko.dmed.kz/ /api/DriverManager/PingDevice
30.08.2026 7:27:22	Information:	{
"Hash": "w9LjvpRCyoByGV3Lzv0iX9dSI0tLK0uV+pRojL1kufc=",
"Status": 0
}


30.08.2026 7:27:22	Information:	Ping ret is {"Status":0,"Comment":null}
30.08.2026 7:29:23	Information:	url https://lab-vko.dmed.kz/ /api/DriverManager/PingDevice
30.08.2026 7:29:23	Information:	{
"Hash": "w9LjvpRCyoByGV3Lzv0iX9dSI0tLK0uV+pRojL1kufc=",
"Status": 0
}


30.08.2026 7:29:23	Information:	Ping ret is {"Status":0,"Comment":null}
30.08.2026 7:31:23	Information:	url https://lab-vko.dmed.kz/ /api/DriverManager/PingDevice
30.08.2026 7:31:23	Information:	{
"Hash": "w9LjvpRCyoByGV3Lzv0iX9dSI0tLK0uV+pRojL1kufc=",
"Status": 0
}


30.08.2026 7:31:23	Information:	Ping ret is {"Status":0,"Comment":null}
30.08.2026 7:33:24	Information:	url https://lab-vko.dmed.kz/ /api/DriverManager/PingDevice
30.08.2026 7:33:24	Information:	{
"Hash": "w9LjvpRCyoByGV3Lzv0iX9dSI0tLK0uV+pRojL1kufc=",
"Status": 0
}


30.08.2026 7:33:24	Information:	Ping ret is {"Status":0,"Comment":null}
30.08.2026 7:34:29	Information:	refresh tokens
30.08.2026 7:35:24	Information:	url https://lab-vko.dmed.kz/ /api/DriverManager/PingDevice
30.08.2026 7:35:24	Information:	{
"Hash": "w9LjvpRCyoByGV3Lzv0iX9dSI0tLK0uV+pRojL1kufc=",
"Status": 0
}


30.08.2026 7:35:24	Information:	Ping ret is {"Status":0,"Comment":null}
30.08.2026 7:37:25	Information:	url https://lab-vko.dmed.kz/ /api/DriverManager/PingDevice
30.08.2026 7:37:25	Information:	{
"Hash": "w9LjvpRCyoByGV3Lzv0iX9dSI0tLK0uV+pRojL1kufc=",
"Status": 0
}


30.08.2026 7:37:25	Information:	Ping ret is {"Status":0,"Comment":null}
30.08.2026 7:39:25	Information:	url https://lab-vko.dmed.kz/ /api/DriverManager/PingDevice
30.08.2026 7:39:25	Information:	{
"Hash": "w9LjvpRCyoByGV3Lzv0iX9dSI0tLK0uV+pRojL1kufc=",
"Status": 0
}


30.08.2026 7:39:25	Information:	Ping ret is {"Status":0,"Comment":null}
30.08.2026 7:41:26	Information:	url https://lab-vko.dmed.kz/ /api/DriverManager/PingDevice
30.08.2026 7:41:26	Information:	{
"Hash": "w9LjvpRCyoByGV3Lzv0iX9dSI0tLK0uV+pRojL1kufc=",
"Status": 0
}


30.08.2026 7:41:26	Information:	Ping ret is {"Status":0,"Comment":null}
30.08.2026 7:43:26	Information:	url https://lab-vko.dmed.kz/ /api/DriverManager/PingDevice
30.08.2026 7:43:26	Information:	{
"Hash": "w9LjvpRCyoByGV3Lzv0iX9dSI0tLK0uV+pRojL1kufc=",
"Status": 0
}


30.08.2026 7:43:26	Information:	Ping ret is {"Status":0,"Comment":null}
30.08.2026 7:44:29	Information:	refresh tokens
30.08.2026 7:45:27	Information:	url https://lab-vko.dmed.kz/ /api/DriverManager/PingDevice
30.08.2026 7:45:27	Information:	{
"Hash": "w9LjvpRCyoByGV3Lzv0iX9dSI0tLK0uV+pRojL1kufc=",
"Status": 0
}


30.08.2026 7:45:27	Information:	Ping ret is {"Status":0,"Comment":null}
30.08.2026 7:47:28	Information:	url https://lab-vko.dmed.kz/ /api/DriverManager/PingDevice
30.08.2026 7:47:28	Information:	{
"Hash": "w9LjvpRCyoByGV3Lzv0iX9dSI0tLK0uV+pRojL1kufc=",
"Status": 0
}


30.08.2026 7:47:28	Information:	Ping ret is {"Status":0,"Comment":null}
30.08.2026 7:49:28	Information:	url https://lab-vko.dmed.kz/ /api/DriverManager/PingDevice
30.08.2026 7:49:28	Information:	{
"Hash": "w9LjvpRCyoByGV3Lzv0iX9dSI0tLK0uV+pRojL1kufc=",
"Status": 0
}


30.08.2026 7:49:28	Information:	Ping ret is {"Status":0,"Comment":null}
30.08.2026 7:51:29	Information:	url https://lab-vko.dmed.kz/ /api/DriverManager/PingDevice
30.08.2026 7:51:29	Information:	{
"Hash": "w9LjvpRCyoByGV3Lzv0iX9dSI0tLK0uV+pRojL1kufc=",
"Status": 0
}


30.08.2026 7:51:29	Information:	Ping ret is {"Status":0,"Comment":null}
30.08.2026 7:53:29	Information:	url https://lab-vko.dmed.kz/ /api/DriverManager/PingDevice
30.08.2026 7:53:29	Information:	{
"Hash": "w9LjvpRCyoByGV3Lzv0iX9dSI0tLK0uV+pRojL1kufc=",
"Status": 0
}


30.08.2026 7:53:29	Information:	Ping ret is {"Status":0,"Comment":null}
30.08.2026 7:54:29	Information:	refresh tokens
30.08.2026 7:55:30	Information:	url https://lab-vko.dmed.kz/ /api/DriverManager/PingDevice
30.08.2026 7:55:30	Information:	{
"Hash": "w9LjvpRCyoByGV3Lzv0iX9dSI0tLK0uV+pRojL1kufc=",
"Status": 0
}


30.08.2026 7:55:30	Information:	Ping ret is {"Status":0,"Comment":null}
30.08.2026 7:57:30	Information:	url https://lab-vko.dmed.kz/ /api/DriverManager/PingDevice
30.08.2026 7:57:30	Information:	{
"Hash": "w9LjvpRCyoByGV3Lzv0iX9dSI0tLK0uV+pRojL1kufc=",
"Status": 0
}


30.08.2026 7:57:30	Information:	Ping ret is {"Status":0,"Comment":null}
30.08.2026 7:59:31	Information:	url https://lab-vko.dmed.kz/ /api/DriverManager/PingDevice
30.08.2026 7:59:31	Information:	{
"Hash": "w9LjvpRCyoByGV3Lzv0iX9dSI0tLK0uV+pRojL1kufc=",
"Status": 0
}


30.08.2026 7:59:31	Information:	Ping ret is {"Status":0,"Comment":null}
30.08.2026 8:01:31	Information:	url https://lab-vko.dmed.kz/ /api/DriverManager/PingDevice
30.08.2026 8:01:31	Information:	{
"Hash": "w9LjvpRCyoByGV3Lzv0iX9dSI0tLK0uV+pRojL1kufc=",
"Status": 0
}


30.08.2026 8:01:31	Information:	Ping ret is {"Status":0,"Comment":null}
30.08.2026 8:03:32	Information:	url https://lab-vko.dmed.kz/ /api/DriverManager/PingDevice
30.08.2026 8:03:32	Information:	{
"Hash": "w9LjvpRCyoByGV3Lzv0iX9dSI0tLK0uV+pRojL1kufc=",
"Status": 0
}


30.08.2026 8:03:32	Information:	Ping ret is {"Status":0,"Comment":null}
30.08.2026 8:04:29	Information:	refresh tokens
30.08.2026 8:05:32	Information:	url https://lab-vko.dmed.kz/ /api/DriverManager/PingDevice
30.08.2026 8:05:32	Information:	{
"Hash": "w9LjvpRCyoByGV3Lzv0iX9dSI0tLK0uV+pRojL1kufc=",
"Status": 0
}


30.08.2026 8:05:32	Information:	Ping ret is {"Status":0,"Comment":null}
30.08.2026 8:07:33	Information:	url https://lab-vko.dmed.kz/ /api/DriverManager/PingDevice
30.08.2026 8:07:33	Information:	{
"Hash": "w9LjvpRCyoByGV3Lzv0iX9dSI0tLK0uV+pRojL1kufc=",
"Status": 0
}


30.08.2026 8:07:33	Information:	Ping ret is {"Status":0,"Comment":null}
30.08.2026 8:09:33	Information:	url https://lab-vko.dmed.kz/ /api/DriverManager/PingDevice
30.08.2026 8:09:33	Information:	{
"Hash": "w9LjvpRCyoByGV3Lzv0iX9dSI0tLK0uV+pRojL1kufc=",
"Status": 0
}


30.08.2026 8:09:33	Information:	Ping ret is {"Status":0,"Comment":null}
30.08.2026 8:11:34	Information:	url https://lab-vko.dmed.kz/ /api/DriverManager/PingDevice
30.08.2026 8:11:34	Information:	{
"Hash": "w9LjvpRCyoByGV3Lzv0iX9dSI0tLK0uV+pRojL1kufc=",
"Status": 0
}


30.08.2026 8:11:34	Information:	Ping ret is {"Status":0,"Comment":null}
30.08.2026 8:13:34	Information:	url https://lab-vko.dmed.kz/ /api/DriverManager/PingDevice
30.08.2026 8:13:34	Information:	{
"Hash": "w9LjvpRCyoByGV3Lzv0iX9dSI0tLK0uV+pRojL1kufc=",
"Status": 0
}


30.08.2026 8:13:34	Information:	Ping ret is {"Status":0,"Comment":null}
30.08.2026 8:14:29	Information:	refresh tokens
30.08.2026 8:15:35	Information:	url https://lab-vko.dmed.kz/ /api/DriverManager/PingDevice
30.08.2026 8:15:35	Information:	{
"Hash": "w9LjvpRCyoByGV3Lzv0iX9dSI0tLK0uV+pRojL1kufc=",
"Status": 0
}


30.08.2026 8:15:35	Information:	Ping ret is {"Status":0,"Comment":null}
30.08.2026 8:17:36	Information:	url https://lab-vko.dmed.kz/ /api/DriverManager/PingDevice
30.08.2026 8:17:36	Information:	{
"Hash": "w9LjvpRCyoByGV3Lzv0iX9dSI0tLK0uV+pRojL1kufc=",
"Status": 0
}


30.08.2026 8:17:36	Information:	Ping ret is {"Status":0,"Comment":null}
30.08.2026 8:19:36	Information:	url https://lab-vko.dmed.kz/ /api/DriverManager/PingDevice
30.08.2026 8:19:36	Information:	{
"Hash": "w9LjvpRCyoByGV3Lzv0iX9dSI0tLK0uV+pRojL1kufc=",
"Status": 0
}


30.08.2026 8:19:36	Information:	Ping ret is {"Status":0,"Comment":null}
30.08.2026 8:21:37	Information:	url https://lab-vko.dmed.kz/ /api/DriverManager/PingDevice
30.08.2026 8:21:37	Information:	{
"Hash": "w9LjvpRCyoByGV3Lzv0iX9dSI0tLK0uV+pRojL1kufc=",
"Status": 0
}


30.08.2026 8:21:37	Information:	Ping ret is {"Status":0,"Comment":null}
30.08.2026 8:23:06	Information:	Received bytes(encoded):MSH|^~\&|||||20260830082208||ORU^R01|3|P|2.3.1||||0||ASCII|||PID|3|||||||O|||||||||||||||||||||||OBR|3|51558659|9|^|N|20260830075640|20260830075439|20260830075439||1^9||||20260830075439|?????|||||||||||||||||||||||||||||||||OBX|1|NM|Ca|Calcium|2.309362|mmol/L|-|N|||F||2.309362|20260830081454|||0||OBX|2|NM|Glu-G|Glucose (GOD-POD Method)|4.929598|mmol/L|-|N|||F||4.929598|20260830081953|||0|RGTE|OBX|3|NM|T-Bil-V|Bilirubin Total (VOX Method)|6.357973|?mol/L|-|N|||F||6.357973|20260830081955|||0||OBX|4|NM|D-Bil-V|Bilirubin Direct (VOX Method)|2.568687|?mol/L|-|N|||F||2.568687|20260830082010|||0||OBX|5|NM|ALT|Alanine Aminotransferase|18.751025|U/L|-|N|||F||18.751025|20260830081823|||0||OBX|6|NM|AST|Aspartate Aminotransferase|16.771998|U/L|-|N|||F||16.771998|20260830081838|||0||OBX|7|NM|CRP|C-Reactive Protein|37.251123|mg/L|-|N|||F||37.251123|20260830082053|||0||OBX|8|NM|ALP|Alkaline phosphatase|205.211829|U/L|-|N|||F||205.211829|20260830082208|||0|RGTE|OBX|9|NM|TP|Total Protein|74.237267|g/L|-|N|||F||74.
30.08.2026 8:23:06	Information:	Add Frame:
30.08.2026 8:23:06	Information:	MSH|^~\&|||||20260830082208||ORU^R01|3|P|2.3.1||||0||ASCII|||
30.08.2026 8:23:06	Information:	In Header
30.08.2026 8:23:06	Information:	MessageType: ORU
30.08.2026 8:23:06	Information:	After message type
30.08.2026 8:23:06	Information:	After ask
30.08.2026 8:23:06	Information:	After version
30.08.2026 8:23:06	Information:	Add Frame:
30.08.2026 8:23:06	Information:	PID|3|||||||O|||||||||||||||||||||||
30.08.2026 8:23:06	Information:	Add Frame:
30.08.2026 8:23:06	Information:	OBR|3|51558659|9|^|N|20260830075640|20260830075439|20260830075439||1^9||||20260830075439|?????|||||||||||||||||||||||||||||||||
30.08.2026 8:23:06	Information:	Add Frame:
30.08.2026 8:23:06	Information:	OBX|1|NM|Ca|Calcium|2.309362|mmol/L|-|N|||F||2.309362|20260830081454|||0||
30.08.2026 8:23:06	Information:	Add Frame:
30.08.2026 8:23:06	Information:	OBX|2|NM|Glu-G|Glucose (GOD-POD Method)|4.929598|mmol/L|-|N|||F||4.929598|20260830081953|||0|RGTE|
30.08.2026 8:23:06	Information:	Add Frame:
30.08.2026 8:23:06	Information:	OBX|3|NM|T-Bil-V|Bilirubin Total (VOX Method)|6.357973|?mol/L|-|N|||F||6.357973|20260830081955|||0||
30.08.2026 8:23:06	Information:	Add Frame:
30.08.2026 8:23:06	Information:	OBX|4|NM|D-Bil-V|Bilirubin Direct (VOX Method)|2.568687|?mol/L|-|N|||F||2.568687|20260830082010|||0||
30.08.2026 8:23:06	Information:	Add Frame:
30.08.2026 8:23:06	Information:	OBX|5|NM|ALT|Alanine Aminotransferase|18.751025|U/L|-|N|||F||18.751025|20260830081823|||0||
30.08.2026 8:23:06	Information:	Add Frame:
30.08.2026 8:23:06	Information:	OBX|6|NM|AST|Aspartate Aminotransferase|16.771998|U/L|-|N|||F||16.771998|20260830081838|||0||
30.08.2026 8:23:06	Information:	Add Frame:
30.08.2026 8:23:06	Information:	OBX|7|NM|CRP|C-Reactive Protein|37.251123|mg/L|-|N|||F||37.251123|20260830082053|||0||
30.08.2026 8:23:06	Information:	Add Frame:
30.08.2026 8:23:06	Information:	OBX|8|NM|ALP|Alkaline phosphatase|205.211829|U/L|-|N|||F||205.211829|20260830082208|||0|RGTE|
30.08.2026 8:23:06	Information:	Received bytes(encoded):237267|20260830082025|||0||OBX|10|NM|AMY|?-Amylase|57.885859|U/L|-|N|||F||57.885859|20260830082023|||0||OBX|11|NM|CREA-S|Creatinine (Sarcosine Oxidase Method)|51.127980|?mol/L|-|N|||F||51.127980|20260830082023|||0||OBX|12|NM|UREA|Urea|4.966598|mmol/L|-|N|||F||4.966598|20260830081908|||0||OBX|13|NM||AST/ALT|0.893617||-|N|||F||0.893617||||||
30.08.2026 8:23:06	Information:	Add Frame:
30.08.2026 8:23:06	Information:	OBX|9|NM|TP|Total Protein|74.237267|g/L|-|N|||F||74.237267|20260830082025|||0||
30.08.2026 8:23:06	Information:	Add Frame:
30.08.2026 8:23:06	Information:	OBX|10|NM|AMY|?-Amylase|57.885859|U/L|-|N|||F||57.885859|20260830082023|||0||
30.08.2026 8:23:06	Information:	Add Frame:
30.08.2026 8:23:06	Information:	OBX|11|NM|CREA-S|Creatinine (Sarcosine Oxidase Method)|51.127980|?mol/L|-|N|||F||51.127980|20260830082023|||0||
30.08.2026 8:23:06	Information:	Add Frame:
30.08.2026 8:23:06	Information:	OBX|12|NM|UREA|Urea|4.966598|mmol/L|-|N|||F||4.966598|20260830081908|||0||
30.08.2026 8:23:06	Information:	Add Frame:
30.08.2026 8:23:06	Information:	OBX|13|NM||AST/ALT|0.893617||-|N|||F||0.893617||||||
30.08.2026 8:23:06	Information:	Add Frame:
30.08.2026 8:23:06	Information:	
30.08.2026 8:23:06	Debug:	read message: 5ms
30.08.2026 8:23:06	Information:	The answer message is created successfully
30.08.2026 8:23:06	Information:	Sending answer...
30.08.2026 8:23:06	Information:	We are in ORU Message
30.08.2026 8:23:06	Information:	MSH MSH|^~\&|||||20260830082208||ORU^R01|3|P|2.3.1||||0||ASCII||||
30.08.2026 8:23:06	Information:	PID PID|3|||||||O||||||||||||||||||||||||
30.08.2026 8:23:06	Information:	PatientRecord in message is successfully  processed
30.08.2026 8:23:06	Information:	The patient order is successfully processed
30.08.2026 8:23:06	Information:	The order record is successfully processed
30.08.2026 8:23:06	Information:	The order record is successfully processed
30.08.2026 8:23:06	Information:	The order record is successfully processed
30.08.2026 8:23:06	Information:	The order record is successfully processed
30.08.2026 8:23:06	Information:	The order record is successfully processed
30.08.2026 8:23:06	Information:	The order record is successfully processed
30.08.2026 8:23:06	Information:	The order record is successfully processed
30.08.2026 8:23:06	Information:	The order record is successfully processed
30.08.2026 8:23:06	Information:	The order record is successfully processed
30.08.2026 8:23:06	Information:	The order record is successfully processed
30.08.2026 8:23:06	Information:	The order record is successfully processed
30.08.2026 8:23:06	Information:	The order record is successfully processed
30.08.2026 8:23:06	Information:	The order record is successfully processed
30.08.2026 8:23:06	Information:	The ORU message is successfully processed
30.08.2026 8:23:06	Debug:	Process message: 8ms
30.08.2026 8:23:06	Debug:	Total time : 15ms
30.08.2026 8:23:06	Information:	Sended bytes:  11 77 83 72 124 94 126 92 38 124 77 105 110 100 114 97 121 124 124 124 124 50 48 50 54 48 56 51 48 48 56 50 51 48 54 124 124 65 67 75 94 82 48 49 124 51 124 80 124 50 46 51 46 49 124 124 124 124 48 124 124 117 115 45 97 115 99 105 105 124 124 124 13 77 83 65 124 65 65 124 51 124 77 101 115 115 97 103 101 32 97 99 99 101 112 116 101 100 124 124 124 48 124 13 28 13
30.08.2026 8:23:06	Information:	Sended string MSH|^~\&|Mindray||||20260830082306||ACK^R01|3|P|2.3.1||||0||us-ascii|||MSA|AA|3|Message accepted|||0|
30.08.2026 8:23:07	Debug:	SendResults:	check DriverRequests=	0	ms
30.08.2026 8:23:07	Information:	ByBarcode 51558659
30.08.2026 8:23:07	Information:	GetLinesByBarcodes
30.08.2026 8:23:07	Information:	{
"WorkPlaceID": 20747,
"BeginDate": "2026-05-31",
"EndDate": "2026-08-31",
"OrderNumber": "51558659",
"Offset": 0,
"Limit": 1
}


30.08.2026 8:23:07	Information:	GetByBarcodeReturn: 
30.08.2026 8:23:07	Information:	{"Data":[{"ID":31120608,"StrID":"31120608","OrderNumber":"51558659","OrderRegDate":"2026-08-30T06:27:28.233","PlanExecutionDate":"2026-08-30T06:26:00","SenderMoID":45500000000000909,"SenderMo":{"NameRU":"Некоммерческое акционерное общество \"Медицинский университет Семей\"","NameKZ":"\"Семей медицина университеті\" коммерциялық емес акционерлік қоғамы","Name":"Некоммерческое акционерное общество \"Медицинский университет Семей\"","ShortNameRU":"НАО \"МУС\"","ShortNameKZ":"\"СМУ\" КеАҚ","ShortName":"НАО \"МУС\"","PublicCode":"237J","AddressRU":"ВКО, г. Семей, ул. Абая Кунанбаева 103","AddressKZ":"ВКО, г. Семей, ул. Абая Кунанбаева 103","Address":"ВКО, г. Семей, ул. Абая Кунанбаева 103","OriginalID":"45500000000000909","IsWork":true,"RegionID":20,"BIN":"190240004938","MasterDataID":4911,"PhonesData":{"OrgHealthCarePhones":[]},"IsPostmortem":false,"IsHospital":true,"Code":null,"ID":"45500000000000909","StrID":"45500000000000909"},"ReceiverMoID":45500000000000909,"ReceiverMo":null,"PatientDetailID":41030244,"PatientDetail":{"PersonID":"595465","Person":{"IIN":"120926504966","LastName":"ҒЛЫМЖАН","FirstName":"АЛИХАН","SecondName":"БЕКНҰРҰЛЫ","FullName":"ҒЛЫМЖАН АЛИХАН БЕКНҰРҰЛЫ","FullNameIOF":"АЛИХАН БЕКНҰРҰЛЫ ҒЛЫМЖАН","DisplayText":"120926504966 АЛИХАН БЕКНҰРҰЛЫ ҒЛЫМЖАН 26.09.2012","IinFullName":"120926504966 - ҒЛЫМЖАН АЛИХАН БЕКНҰРҰЛЫ","BirthDate":"2012-09-26T00:00:00","BirthDateStr":"26.09.2012","DeathDate":null,"DeathDateStr":"","BioSexID":3,"BioSex":null,"NationalityID":null,"Nationality":null,"CitizenshipID":85,"Citizenship":null,"MasterDataID":15388107,"RpnID":"15300000019123309","KmisID":"45500000005098544","Type":1,"Age":0,"IsStillborn":false,"IsEarlyNeonatalDeathUp28days":false,"IsDeadPerson":false,"ID":"595465","StrID":"595465"},"AddressRU":"РЕСПУБЛИКА: Казахстан , ОБЛАСТЬ: Абайская , ГОРОД ОБЛ.ЗНАЧ.: Семей , УЛИЦА: заезд Азата, ДОМ: 9 ","AddressKZ":": Қазақстан , : Абай , : Семей Қ. , КӨШЕCI: заезд Азата, ҮЙ: 9 ","Address":"РЕСПУБЛИКА: Казахстан , ОБЛАСТЬ: Абайская , ГОРОД ОБЛ.ЗНАЧ.: Семей , УЛИЦА: заезд Азата, ДОМ: 9 ","MasterDataAddressID":2846150,"WorkPlace":"Школа ОСШВИ КГУ «СРЕДНЯЯ ОБЩЕОБРАЗОВАТЕЛЬНАЯ ШКОЛА №51».., Класс 8 ","WorkPosition":null,"DocumentNumber":null,"DocumentTypeID":null,"DocumentType":null,"NationalityID":null,"DocumentTypeName":null,"Phones":"+7 (747) 588-31-66","ExternalCardID":"5968201","CardType":1,"CardNumber":"66709","CitizenshipCategoryID":1,"CitizenshipCategory":null,"ResidenceTypeID":3,"ResidenceType":null,"MotherPersonID":null,"MotherPerson":null,"IsForeigner":false,"IsHomeless":false,"IsDeadPerson":false,"IsResident":true,"ID":"41030244","StrID":"41030244"},"Person":{"IIN":"120926504966","LastName":"ҒЛЫМЖАН","FirstName":"АЛИХАН","SecondName":"БЕКНҰРҰЛЫ","FullName":"ҒЛЫМЖАН АЛИХАН БЕКНҰРҰЛЫ","FullNameIOF":"АЛИХАН БЕКНҰРҰЛЫ ҒЛЫМЖАН","DisplayText":"120926504966 АЛИХАН БЕКНҰРҰЛЫ ҒЛЫМЖАН 26.09.2012","IinFullName":"120926504966 - ҒЛЫМЖАН АЛИХАН БЕКНҰРҰЛЫ","BirthDate":"2012-09-26T00:00:00","BirthDateStr":"26.09.2012","DeathDate":null,"DeathDateStr":"","BioSexID":3,"BioSex":null,"NationalityID":null,"Nationality":null,"CitizenshipID":85,"Citizenship":null,"MasterDataID":15388107,"RpnID":"15300000019123309","KmisID":"45500000005098544","Type":1,"Age":0,"IsStillborn":false,"IsEarlyNeonatalDeathUp28days":false,"IsDeadPerson":false,"ID":"595465","StrID":"595465"},"IsCito":false,"ExternalSystem":1,"OrderResultFileID":null,"OrderResultFileStorageID":null,"OrderResultDate":null,"Status":1,"DeleteDate":null,"ResultNotes":null,"Comment":"","ExternalOrderNumber":"51558659","ExaminationTypeID":null,"ExaminationType":null,"ExaminationIndicationID":null,"ExaminationIndication":null,"Uid":"837CC8F1-E3AE-494B-A9CC-2636B7462A2C","SenderPostFullName":"МЫРЗАБЕКОВА РЫСГУЛЬ ЖУМАГАЗЫЕВНА","SenderFuncStructureNameRU":"Отделение детской неврологии","SenderFuncStructureNameKZ":"Балалар неврология бөлімі","IsSamplingOfMaterialsAtReceiver":false,"MisID":42120526,"Materials":[{"OrderID":31120608,"Uid":"aa5386f7-ab9d-4c92-be87-01acc9f4e04f","MaterialNumber":"51558659","MaterialTypeID":363,"MaterialType":{"OrderBy":0,"ParentID":202,"HasChildren":false,"MasterDataID":489,"Parent":null,"NameRU":"Кровь венозная","NameKZ":"Кровь венозная","Name":"Кровь венозная","PublicCode":"36300","EndDate":null,"ID":"363","StrID":"363"},"TakeDate":"2026-08-30T06:27:00","TakeDateStr":"30.08.2026 06:27","TakePlace":"дет невр","RejectionReason":null,"RejectionTakenMeasures":null,"ReceiptDate":null,"ReceiptDateStr":null,"RejectionCreatePostID":null,"RejectionCreatePost":null,"SampleCollectorPostIIN":"870603402118","SampleCollectorPostID":null,"Researches":[],"RejectedMaterialImageID":null,"File":null,"ID":"31407202","StrID":"31407202"}],"Researches":[]}],"Total":1}
30.08.2026 8:23:07	Information:	OrderedWW 51558659 Biomat 0 Device 20747
30.08.2026 8:23:07	Information:	ResearchResult
30.08.2026 8:23:07	Information:	{
"OrderID": "31120608",
"WorkPlaceID": 20747
}


30.08.2026 8:23:07	Information:	[{"OrderResearchID":67067902,"OrderResearch":null,"ParameterID":201191,"Parameter":{"ShortNameRU":"Тимоловая проба","ShortNameKZ":"Тимол сынағы","ShortName":"Тимоловая проба","DataType":0,"DataTypeName":"Число","UnitTypeID":100014,"UnitType":{"OrderBy":15,"MasterDataID":null,"CDD_ID":null,"NameRU":"Ед","NameKZ":"Бірл.","Name":"Ед","PublicCode":"10001400","EndDate":null,"ID":"100014","StrID":"100014"},"MedicalFormID":null,"MasterDataID":0,"MedicalForm":null,"NameWithDataType":"Тимоловая проба  (Число)","NameRU":"Тимоловая проба","NameKZ":"Тимол сынағы","Name":"Тимоловая проба","PublicCode":"20119100","EndDate":null,"ID":"201191","StrID":"201191"},"ParameterValues":null,"ParameterValueID":null,"ParameterValue":null,"ResultText":null,"ResultValue":null,"ResultDate":"2026-08-30T08:23:07.9730566+05:00","PostID":"0","Post":null,"ExecuteMethod":2,"SourceResultText":null,"SourceResultValue":null,"SourceResultExpression":null,"SourceUnitTypeID":100014,"SourceUnitType":{"OrderBy":15,"MasterDataID":null,"CDD_ID":null,"NameRU":"Ед","NameKZ":"Бірл.","Name":"Ед","PublicCode":"10001400","EndDate":null,"ID":"100014","StrID":"100014"},"MultiplierID":null,"IsApproved":false,"IsValidated":false,"StandardMatchType":0,"ApproveDate":null,"ApprovePostID":null,"ApprovePost":null,"OrderNum":1,"WorkPlaceID":20747,"OrderID":null,"BacteriologyResult":null,"AnalyzerId":null,"IsOrderProductionControl":false,"ID":"0","StrID":"0"},{"OrderResearchID":67067898,"OrderResearch":null,"ParameterID":200918,"Parameter":{"ShortNameRU":"общий белок в сыворотке крови","ShortNameKZ":"қан сарысуындағы жалпы ақуыз","ShortName":"общий белок в сыворотке крови","DataType":0,"DataTypeName":"Число","UnitTypeID":100012,"UnitType":{"OrderBy":13,"MasterDataID":null,"CDD_ID":null,"NameRU":"г/л","NameKZ":"г/л","Name":"г/л","PublicCode":"10001200","EndDate":null,"ID":"100012","StrID":"100012"},"MedicalFormID":null,"MasterDataID":0,"MedicalForm":null,"NameWithDataType":"общий белок в сыворотке крови  (Число)","NameRU":"общий белок в сыворотке крови","NameKZ":"қан сарысуындағы жалпы ақуыз","Name":"общий белок в сыворотке крови","PublicCode":"20091800","EndDate":null,"ID":"200918","StrID":"200918"},"ParameterValues":null,"ParameterValueID":null,"ParameterValue":null,"ResultText":null,"ResultValue":null,"ResultDate":"2026-08-30T08:23:07.9886802+05:00","PostID":"0","Post":null,"ExecuteMethod":2,"SourceResultText":null,"SourceResultValue":null,"SourceResultExpression":null,"SourceUnitTypeID":100012,"SourceUnitType":{"OrderBy":13,"MasterDataID":null,"CDD_ID":null,"NameRU":"г/л","NameKZ":"г/л","Name":"г/л","PublicCode":"10001200","EndDate":null,"ID":"100012","StrID":"100012"},"MultiplierID":null,"IsApproved":false,"IsValidated":false,"StandardMatchType":0,"ApproveDate":null,"ApprovePostID":null,"ApprovePost":null,"OrderNum":1,"WorkPlaceID":20747,"OrderID":null,"BacteriologyResult":null,"AnalyzerId":null,"IsOrderProductionControl":false,"ID":"0","StrID":"0"},{"OrderResearchID":67067899,"OrderResearch":null,"ParameterID":200357,"Parameter":{"ShortNameRU":"АЛаТ","ShortNameKZ":"АЛаТ","ShortName":"АЛаТ","DataType":0,"DataTypeName":"Число","UnitTypeID":100030,"UnitType":{"OrderBy":31,"MasterDataID":null,"CDD_ID":null,"NameRU":"МЕ/л","NameKZ":"ХБ/л","Name":"МЕ/л","PublicCode":"10003000","EndDate":null,"ID":"100030","StrID":"100030"},"MedicalFormID":null,"MasterDataID":0,"MedicalForm":null,"NameWithDataType":"АЛаТ  (Число)","NameRU":"АЛаТ","NameKZ":"АЛаТ","Name":"АЛаТ","PublicCode":"20035700","EndDate":null,"ID":"200357","StrID":"200357"},"ParameterValues":null,"ParameterValueID":null,"ParameterValue":null,"ResultText":null,"ResultValue":null,"ResultDate":"2026-08-30T08:23:07.9886802+05:00","PostID":"0","Post":null,"ExecuteMethod":2,"SourceResultText":null,"SourceResultValue":null,"SourceResultExpression":null,"SourceUnitTypeID":100030,"SourceUnitType":{"OrderBy":31,"MasterDataID":null,"CDD_ID":null,"NameRU":"МЕ/л","NameKZ":"ХБ/л","Name":"МЕ/л","PublicCode":"10003000","EndDate":null,"ID":"100030","StrID":"100030"},"MultiplierID":null,"IsApproved":false,"IsValidated":false,"StandardMatchType":0,"ApproveDate":null,"ApprovePostID":null,"ApprovePost":null,"OrderNum":1,"WorkPlaceID":20747,"OrderID":null,"BacteriologyResult":null,"AnalyzerId":null,"IsOrderProductionControl":false,"ID":"0","StrID":"0"},{"OrderResearchID":67067903,"OrderResearch":null,"ParameterID":201032,"Parameter":{"ShortNameRU":"прямой билирубин в сыворотке крови","ShortNameKZ":"қан сарысуындағы тікелей билирубин","ShortName":"прямой билирубин в сыворотке крови","DataType":0,"DataTypeName":"Число","UnitTypeID":100041,"UnitType":{"OrderBy":42,"MasterDataID":null,"CDD_ID":null,"NameRU":"мкмоль/л","NameKZ":"мкмоль/л","Name":"мкмоль/л","PublicCode":"10004100","EndDate":null,"ID":"100041","StrID":"100041"},"MedicalFormID":null,"MasterDataID":0,"MedicalForm":null,"NameWithDataType":"прямой билирубин в сыворотке крови  (Число)","NameRU":"прямой билирубин в сыворотке крови","NameKZ":"қан сарысуындағы тікелей билирубин","Name":"прямой билирубин в сыворотке крови","PublicCode":"20103200","EndDate":null,"ID":"201032","StrID":"201032"},"ParameterValues":null,"ParameterValueID":null,"ParameterValue":null,"ResultText":null,"ResultValue":null,"ResultDate":"2026-08-30T08:23:07.9886802+05:00","PostID":"0","Post":null,"ExecuteMethod":2,"SourceResultText":null,"SourceResultValue":null,"SourceResultExpression":null,"SourceUnitTypeID":100041,"SourceUnitType":{"OrderBy":42,"MasterDataID":null,"CDD_ID":null,"NameRU":"мкмоль/л","NameKZ":"мкмоль/л","Name":"мкмоль/л","PublicCode":"10004100","EndDate":null,"ID":"100041","StrID":"100041"},"MultiplierID":null,"IsApproved":false,"IsValidated":false,"StandardMatchType":0,"ApproveDate":null,"ApprovePostID":null,"ApprovePost":null,"OrderNum":1,"WorkPlaceID":20747,"OrderID":null,"BacteriologyResult":null,"AnalyzerId":null,"IsOrderProductionControl":false,"ID":"0","StrID":"0"},{"OrderResearchID":67067904,"OrderResearch":null,"ParameterID":200919,"Parameter":{"ShortNameRU":"общий билирубин в сыворотке крови","ShortNameKZ":"қан сарысуындағы жалпы билирубин","ShortName":"общий билирубин в сыворотке крови","DataType":0,"DataTypeName":"Число","UnitTypeID":100041,"UnitType":{"OrderBy":42,"MasterDataID":null,"CDD_ID":null,"NameRU":"мкмоль/л","NameKZ":"мкмоль/л","Name":"мкмоль/л","PublicCode":"10004100","EndDate":null,"ID":"100041","StrID":"100041"},"MedicalFormID":null,"MasterDataID":0,"MedicalForm":null,"NameWithDataType":"общий билирубин в сыворотке крови  (Число)","NameRU":"общий билирубин в сыворотке крови","NameKZ":"қан сарысуындағы жалпы билирубин","Name":"общий билирубин в сыворотке крови","PublicCode":"20091900","EndDate":null,"ID":"200919","StrID":"200919"},"ParameterValues":null,"ParameterValueID":null,"ParameterValue":null,"ResultText":null,"ResultValue":null,"ResultDate":"2026-08-30T08:23:07.9886802+05:00","PostID":"0","Post":null,"ExecuteMethod":2,"SourceResultText":null,"SourceResultValue":null,"SourceResultExpression":null,"SourceUnitTypeID":100041,"SourceUnitType":{"OrderBy":42,"MasterDataID":null,"CDD_ID":null,"NameRU":"мкмоль/л","NameKZ":"мкмоль/л","Name":"мкмоль/л","PublicCode":"10004100","EndDate":null,"ID":"100041","StrID":"100041"},"MultiplierID":null,"IsApproved":false,"IsValidated":false,"StandardMatchType":0,"ApproveDate":null,"ApprovePostID":null,"ApprovePost":null,"OrderNum":1,"WorkPlaceID":20747,"OrderID":null,"BacteriologyResult":null,"AnalyzerId":null,"IsOrderProductionControl":false,"ID":"0","StrID":"0"},{"OrderResearchID":67067900,"OrderResearch":null,"ParameterID":200408,"Parameter":{"ShortNameRU":"АСаТ","ShortNameKZ":"АСаТ","ShortName":"АСаТ","DataType":0,"DataTypeName":"Число","UnitTypeID":100030,"UnitType":{"OrderBy":31,"MasterDataID":null,"CDD_ID":null,"NameRU":"МЕ/л","NameKZ":"ХБ/л","Name":"МЕ/л","PublicCode":"10003000","EndDate":null,"ID":"100030","StrID":"100030"},"MedicalFormID":null,"MasterDataID":0,"MedicalForm":null,"NameWithDataType":"АСаТ  (Число)","NameRU":"АСаТ","NameKZ":"АСаТ","Name":"АСаТ","PublicCode":"20040800","EndDate":null,"ID":"200408","StrID":"200408"},"ParameterValues":null,"ParameterValueID":null,"ParameterValue":null,"ResultText":null,"ResultValue":null,"ResultDate":"2026-08-30T08:23:07.9886802+05:00","PostID":"0","Post":null,"ExecuteMethod":2,"SourceResultText":null,"SourceResultValue":null,"SourceResultExpression":null,"SourceUnitTypeID":100030,"SourceUnitType":{"OrderBy":31,"MasterDataID":null,"CDD_ID":null,"NameRU":"МЕ/л","NameKZ":"ХБ/л","Name":"МЕ/л","PublicCode":"10003000","EndDate":null,"ID":"100030","StrID":"100030"},"MultiplierID":null,"IsApproved":false,"IsValidated":false,"StandardMatchType":0,"ApproveDate":null,"ApprovePostID":null,"ApprovePost":null,"OrderNum":1,"WorkPlaceID":20747,"OrderID":null,"BacteriologyResult":null,"AnalyzerId":null,"IsOrderProductionControl":false,"ID":"0","StrID":"0"},{"OrderResearchID":67067901,"OrderResearch":null,"ParameterID":201306,"Parameter":{"ShortNameRU":"ЩФ","ShortNameKZ":"СФ","ShortName":"ЩФ","DataType":0,"DataTypeName":"Число","UnitTypeID":100030,"UnitType":{"OrderBy":31,"MasterDataID":null,"CDD_ID":null,"NameRU":"МЕ/л","NameKZ":"ХБ/л","Name":"МЕ/л","PublicCode":"10003000","EndDate":null,"ID":"100030","StrID":"100030"},"MedicalFormID":null,"MasterDataID":0,"MedicalForm":null,"NameWithDataType":"ЩФ  (Число)","NameRU":"ЩФ","NameKZ":"СФ","Name":"ЩФ","PublicCode":"20130600","EndDate":null,"ID":"201306","StrID":"201306"},"ParameterValues":null,"ParameterValueID":null,"ParameterValue":null,"ResultText":null,"ResultValue":null,"ResultDate":"2026-08-30T08:23:07.9886802+05:00","PostID":"0","Post":null,"ExecuteMethod":2,"SourceResultText":null,"SourceResultValue":null,"SourceResultExpression":null,"SourceUnitTypeID":100030,"SourceUnitType":{"OrderBy":31,"MasterDataID":null,"CDD_ID":null,"NameRU":"МЕ/л","NameKZ":"ХБ/л","Name":"МЕ/л","PublicCode":"10003000","EndDate":null,"ID":"100030","StrID":"100030"},"MultiplierID":null,"IsApproved":false,"IsValidated":false,"StandardMatchType":0,"ApproveDate":null,"ApprovePostID":null,"ApprovePost":null,"OrderNum":1,"WorkPlaceID":20747,"OrderID":null,"BacteriologyResult":null,"AnalyzerId":null,"IsOrderProductionControl":false,"ID":"0","StrID":"0"},{"OrderResearchID":67067905,"OrderResearch":null,"ParameterID":200905,"Parameter":{"ShortNameRU":"общая ɑ-амилаза в сыворотке крови (анализатор)","ShortNameKZ":"қандағы жалпы ɑ-амилаза (анализатор)","ShortName":"общая ɑ-амилаза в сыворотке крови (анализатор)","DataType":0,"DataTypeName":"Число","UnitTypeID":100030,"UnitType":{"OrderBy":31,"MasterDataID":null,"CDD_ID":null,"NameRU":"МЕ/л","NameKZ":"ХБ/л","Name":"МЕ/л","PublicCode":"10003000","EndDate":null,"ID":"100030","StrID":"100030"},"MedicalFormID":null,"MasterDataID":0,"MedicalForm":null,"NameWithDataType":"общая ɑ-амилаза в сыворотке крови (анализатор)  (Число)","NameRU":"общая ɑ-амилаза в сыворотке крови (анализатор)","NameKZ":"қандағы жалпы ɑ-амилаза (анализатор)","Name":"общая ɑ-амилаза в сыворотке крови (анализатор)","PublicCode":"20090500","EndDate":null,"ID":"200905","StrID":"200905"},"ParameterValues":null,"ParameterValueID":null,"ParameterValue":null,"ResultText":null,"ResultValue":null,"ResultDate":"2026-08-30T08:23:08.0043034+05:00","PostID":"0","Post":null,"ExecuteMethod":2,"SourceResultText":null,"SourceResultValue":null,"SourceResultExpression":null,"SourceUnitTypeID":100030,"SourceUnitType":{"OrderBy":31,"MasterDataID":null,"CDD_ID":null,"NameRU":"МЕ/л","NameKZ":"ХБ/л","Name":"МЕ/л","PublicCode":"10003000","EndDate":null,"ID":"100030","StrID":"100030"},"MultiplierID":null,"IsApproved":false,"IsValidated":false,"StandardMatchType":0,"ApproveDate":null,"ApprovePostID":null,"ApprovePost":null,"OrderNum":1,"WorkPlaceID":20747,"OrderID":null,"BacteriologyResult":null,"AnalyzerId":null,"IsOrderProductionControl":false,"ID":"0","StrID":"0"},{"OrderResearchID":67067906,"OrderResearch":null,"ParameterID":201415,"Parameter":{"ShortNameRU":"кальций в сыворотке крови (анализатор)","ShortNameKZ":"қан сарысуындағы кальций (анализатор)","ShortName":"кальций в сыворотке крови (анализатор)","DataType":0,"DataTypeName":"Число","UnitTypeID":100051,"UnitType":{"OrderBy":52,"MasterDataID":null,"CDD_ID":null,"NameRU":"ммоль/л","NameKZ":"ммоль/л","Name":"ммоль/л","PublicCode":"10005100","EndDate":null,"ID":"100051","StrID":"100051"},"MedicalFormID":null,"MasterDataID":0,"MedicalForm":null,"NameWithDataType":"кальций в сыворотке крови (анализатор)  (Число)","NameRU":"кальций в сыворотке крови (анализатор)","NameKZ":"қан сарысуындағы кальций (анализатор)","Name":"кальций в сыворотке крови (анализатор)","PublicCode":"20141500","EndDate":null,"ID":"201415","StrID":"201415"},"ParameterValues":null,"ParameterValueID":null,"ParameterValue":null,"ResultText":null,"ResultValue":null,"ResultDate":"2026-08-30T08:23:08.0043034+05:00","PostID":"0","Post":null,"ExecuteMethod":2,"SourceResultText":null,"SourceResultValue":null,"SourceResultExpression":null,"SourceUnitTypeID":100051,"SourceUnitType":{"OrderBy":52,"MasterDataID":null,"CDD_ID":null,"NameRU":"ммоль/л","NameKZ":"ммоль/л","Name":"ммоль/л","PublicCode":"10005100","EndDate":null,"ID":"100051","StrID":"100051"},"MultiplierID":null,"IsApproved":false,"IsValidated":false,"StandardMatchType":0,"ApproveDate":null,"ApprovePostID":null,"ApprovePost":null,"OrderNum":1,"WorkPlaceID":20747,"OrderID":null,"BacteriologyResult":null,"AnalyzerId":null,"IsOrderProductionControl":false,"ID":"0","StrID":"0"},{"OrderResearchID":67067907,"OrderResearch":null,"ParameterID":200549,"Parameter":{"ShortNameRU":"глюкоза в сыворотке крови","ShortNameKZ":"қан сарысуындағы глюкоза","ShortName":"глюкоза в сыворотке крови","DataType":0,"DataTypeName":"Число","UnitTypeID":100051,"UnitType":{"OrderBy":52,"MasterDataID":null,"CDD_ID":null,"NameRU":"ммоль/л","NameKZ":"ммоль/л","Name":"ммоль/л","PublicCode":"10005100","EndDate":null,"ID":"100051","StrID":"100051"},"MedicalFormID":null,"MasterDataID":0,"MedicalForm":null,"NameWithDataType":"глюкоза в сыворотке крови  (Число)","NameRU":"глюкоза в сыворотке крови","NameKZ":"қан сарысуындағы глюкоза","Name":"глюкоза в сыворотке крови","PublicCode":"20054900","EndDate":null,"ID":"200549","StrID":"200549"},"ParameterValues":null,"ParameterValueID":null,"ParameterValue":null,"ResultText":null,"ResultValue":null,"ResultDate":"2026-08-30T08:23:08.0043034+05:00","PostID":"0","Post":null,"ExecuteMethod":2,"SourceResultText":null,"SourceResultValue":null,"SourceResultExpression":null,"SourceUnitTypeID":100051,"SourceUnitType":{"OrderBy":52,"MasterDataID":null,"CDD_ID":null,"NameRU":"ммоль/л","NameKZ":"ммоль/л","Name":"ммоль/л","PublicCode":"10005100","EndDate":null,"ID":"100051","StrID":"100051"},"MultiplierID":null,"IsApproved":false,"IsValidated":false,"StandardMatchType":0,"ApproveDate":null,"ApprovePostID":null,"ApprovePost":null,"OrderNum":1,"WorkPlaceID":20747,"OrderID":null,"BacteriologyResult":null,"AnalyzerId":null,"IsOrderProductionControl":false,"ID":"0","StrID":"0"},{"OrderResearchID":67067908,"OrderResearch":null,"ParameterID":200852,"Parameter":{"ShortNameRU":"мочевина в сыворотке крови","ShortNameKZ":"қан сарысуындағы несепнәр","ShortName":"мочевина в сыворотке крови","DataType":0,"DataTypeName":"Число","UnitTypeID":100051,"UnitType":{"OrderBy":52,"MasterDataID":null,"CDD_ID":null,"NameRU":"ммоль/л","NameKZ":"ммоль/л","Name":"ммоль/л","PublicCode":"10005100","EndDate":null,"ID":"100051","StrID":"100051"},"MedicalFormID":null,"MasterDataID":0,"MedicalForm":null,"NameWithDataType":"мочевина в сыворотке крови  (Число)","NameRU":"мочевина в сыворотке крови","NameKZ":"қан сарысуындағы несепнәр","Name":"мочевина в сыворотке крови","PublicCode":"20085200","EndDate":null,"ID":"200852","StrID":"200852"},"ParameterValues":null,"ParameterValueID":null,"ParameterValue":null,"ResultText":null,"ResultValue":null,"ResultDate":"2026-08-30T08:23:08.0043034+05:00","PostID":"0","Post":null,"ExecuteMethod":2,"SourceResultText":null,"SourceResultValue":null,"SourceResultExpression":null,"SourceUnitTypeID":100051,"SourceUnitType":{"OrderBy":52,"MasterDataID":null,"CDD_ID":null,"NameRU":"ммоль/л","NameKZ":"ммоль/л","Name":"ммоль/л","PublicCode":"10005100","EndDate":null,"ID":"100051","StrID":"100051"},"MultiplierID":null,"IsApproved":false,"IsValidated":false,"StandardMatchType":0,"ApproveDate":null,"ApprovePostID":null,"ApprovePost":null,"OrderNum":1,"WorkPlaceID":20747,"OrderID":null,"BacteriologyResult":null,"AnalyzerId":null,"IsOrderProductionControl":false,"ID":"0","StrID":"0"},{"OrderResearchID":67067909,"OrderResearch":null,"ParameterID":200744,"Parameter":{"ShortNameRU":"креатинин в крови","ShortNameKZ":"қандағы креатинин","ShortName":"креатинин в крови","DataType":0,"DataTypeName":"Число","UnitTypeID":100041,"UnitType":{"OrderBy":42,"MasterDataID":null,"CDD_ID":null,"NameRU":"мкмоль/л","NameKZ":"мкмоль/л","Name":"мкмоль/л","PublicCode":"10004100","EndDate":null,"ID":"100041","StrID":"100041"},"MedicalFormID":null,"MasterDataID":0,"MedicalForm":null,"NameWithDataType":"креатинин в крови  (Число)","NameRU":"креатинин в крови","NameKZ":"қандағы креатинин","Name":"креатинин в крови","PublicCode":"20074400","EndDate":null,"ID":"200744","StrID":"200744"},"ParameterValues":null,"ParameterValueID":null,"ParameterValue":null,"ResultText":null,"ResultValue":null,"ResultDate":"2026-08-30T08:23:08.0043034+05:00","PostID":"0","Post":null,"ExecuteMethod":2,"SourceResultText":null,"SourceResultValue":null,"SourceResultExpression":null,"SourceUnitTypeID":100041,"SourceUnitType":{"OrderBy":42,"MasterDataID":null,"CDD_ID":null,"NameRU":"мкмоль/л","NameKZ":"мкмоль/л","Name":"мкмоль/л","PublicCode":"10004100","EndDate":null,"ID":"100041","StrID":"100041"},"MultiplierID":null,"IsApproved":false,"IsValidated":false,"StandardMatchType":0,"ApproveDate":null,"ApprovePostID":null,"ApprovePost":null,"OrderNum":1,"WorkPlaceID":20747,"OrderID":null,"BacteriologyResult":null,"AnalyzerId":null,"IsOrderProductionControl":false,"ID":"0","StrID":"0"},{"OrderResearchID":67067910,"OrderResearch":null,"ParameterID":201150,"Parameter":{"ShortNameRU":"СРБ","ShortNameKZ":"СРА","ShortName":"СРБ","DataType":0,"DataTypeName":"Число","UnitTypeID":100026,"UnitType":{"OrderBy":27,"MasterDataID":null,"CDD_ID":null,"NameRU":"мг/л","NameKZ":"мг/л","Name":"мг/л","PublicCode":"10002600","EndDate":null,"ID":"100026","StrID":"100026"},"MedicalFormID":null,"MasterDataID":0,"MedicalForm":null,"NameWithDataType":"СРБ  (Число)","NameRU":"СРБ","NameKZ":"СРА","Name":"СРБ","PublicCode":"20115000","EndDate":null,"ID":"201150","StrID":"201150"},"ParameterValues":null,"ParameterValueID":null,"ParameterValue":null,"ResultText":null,"ResultValue":null,"ResultDate":"2026-08-30T08:23:08.0043034+05:00","PostID":"0","Post":null,"ExecuteMethod":2,"SourceResultText":null,"SourceResultValue":null,"SourceResultExpression":null,"SourceUnitTypeID":100026,"SourceUnitType":{"OrderBy":27,"MasterDataID":null,"CDD_ID":null,"NameRU":"мг/л","NameKZ":"мг/л","Name":"мг/л","PublicCode":"10002600","EndDate":null,"ID":"100026","StrID":"100026"},"MultiplierID":null,"IsApproved":false,"IsValidated":false,"StandardMatchType":0,"ApproveDate":null,"ApprovePostID":null,"ApprovePost":null,"OrderNum":1,"WorkPlaceID":20747,"OrderID":null,"BacteriologyResult":null,"AnalyzerId":null,"IsOrderProductionControl":false,"ID":"0","StrID":"0"}]
30.08.2026 8:23:07	Information:	TestsWW spec 201191, spec 200918, spec 200357, spec 201032, spec 200919, spec 200408, spec 201306, spec 200905, spec 201415, spec 200549, spec 200852, spec 200744, spec 201150, 
30.08.2026 8:23:07	Information:	Querry lines count: 1
30.08.2026 8:23:07	Debug:	SendResults:	fix DriverRequests=	336	ms
30.08.2026 8:23:07	Information:	SAMPLE! 51558659 DeviceDriverResult Sample: 51558659 Suggest: . Do Request True
30.08.2026 8:23:07	Information:	Sample request count: 1
30.08.2026 8:23:07	Information:	MU is mmol/L
30.08.2026 8:23:07	Information:	Driver Collations count 0
30.08.2026 8:23:07	Information:	MU collations count=0
30.08.2026 8:23:07	Information:	MU is ?mol/L
30.08.2026 8:23:07	Information:	Driver Collations count 0
30.08.2026 8:23:07	Information:	MU collations count=0
30.08.2026 8:23:07	Information:	MU is ?mol/L
30.08.2026 8:23:07	Information:	Driver Collations count 0
30.08.2026 8:23:07	Information:	MU collations count=0
30.08.2026 8:23:07	Information:	MU is U/L
30.08.2026 8:23:07	Information:	Driver Collations count 0
30.08.2026 8:23:07	Information:	MU collations count=0
30.08.2026 8:23:07	Information:	MU is U/L
30.08.2026 8:23:07	Information:	Driver Collations count 0
30.08.2026 8:23:07	Information:	MU collations count=0
30.08.2026 8:23:07	Information:	MU is mg/L
30.08.2026 8:23:07	Information:	Driver Collations count 0
30.08.2026 8:23:07	Information:	MU collations count=0
30.08.2026 8:23:07	Information:	MU is U/L
30.08.2026 8:23:07	Information:	Driver Collations count 0
30.08.2026 8:23:07	Information:	MU collations count=0
30.08.2026 8:23:07	Information:	MU is g/L
30.08.2026 8:23:07	Information:	Driver Collations count 0
30.08.2026 8:23:07	Information:	MU collations count=0
30.08.2026 8:23:07	Information:	MU is U/L
30.08.2026 8:23:07	Information:	Driver Collations count 0
30.08.2026 8:23:07	Information:	MU collations count=0
30.08.2026 8:23:07	Information:	MU is ?mol/L
30.08.2026 8:23:07	Information:	Driver Collations count 0
30.08.2026 8:23:07	Information:	MU collations count=0
30.08.2026 8:23:07	Information:	MU is mmol/L
30.08.2026 8:23:07	Information:	Driver Collations count 0
30.08.2026 8:23:07	Information:	MU collations count=0
30.08.2026 8:23:07	Debug:	SendResults:	SetTestsValues first SetTestsValues=	87	ms
30.08.2026 8:23:07	Debug:	SendResults:	Device Total = 426 ms
30.08.2026 8:23:07	Information:	Saving 51558659
30.08.2026 8:23:07	Information:	Start test result saving
30.08.2026 8:23:07	Information:	No result for test 201191 for sample with barcode 51558659 for device 20747
30.08.2026 8:23:08	Information:	Result object to save: 
30.08.2026 8:23:08	Information:	{"OrderResearchID":67067898,"OrderResearch":null,"ParameterID":200918,"Parameter":{"ShortNameRU":"общий белок в сыворотке крови","ShortNameKZ":"қан сарысуындағы жалпы ақуыз","ShortName":"общий белок в сыворотке крови","DataType":0,"DataTypeName":"Число","UnitTypeID":100012,"UnitType":{"NameRU":"г/л","NameKZ":"г/л","Name":"г/л","PublicCode":"10001200","OrderBy":13,"ID":100012,"StrID":"100012"},"MedicalFormID":null,"MedicalForm":null,"NameRU":"общий белок в сыворотке крови","NameKZ":"қан сарысуындағы жалпы ақуыз","Name":"общий белок в сыворотке крови","PublicCode":"20091800","OrderBy":null,"ID":200918,"StrID":"200918"},"ParameterValueID":null,"ParameterValue":null,"ResultText":"74.24","ResultValue":null,"ResultDate":"2026-08-30T08:23:07.9886802+05:00","PostID":0,"Post":null,"ExecuteMethod":2,"SourceResultText":"74.24","SourceResultValue":null,"SourceResultExpression":null,"SourceUnitTypeID":100012,"SourceUnitType":{"NameRU":"г/л","NameKZ":"г/л","Name":"г/л","PublicCode":"10001200","OrderBy":13,"ID":100012,"StrID":"100012"},"IsApproved":false,"ApproveDate":null,"ApprovePostID":null,"ApprovePost":null,"OrderNum":1,"WorkPlaceID":20747,"DriverManagerID":150,"BacteriologyResult":null,"AnalyzerId":38,"IsOrderProductionControl":false,"ID":0,"StrID":"0"}
30.08.2026 8:23:08	Information:	Save string: 
30.08.2026 8:23:08	Information:	{"OrderResearchID":67067898,"OrderResearch":{"OrderID":31120608,"ServiceMoID":2163201,"ServiceMoMasterDataID":8269447,"ServiceMo":{"OrgHealthCareID":"45500000000000909","ServiceID":236,"NameRU":"Определение общего белка в сыворотке крови на анализаторе","NameKZ":"Қан сарысуындағы жалпы нәруызды талдауышта анықтау ","Name":"Определение общего белка в сыворотке крови на анализаторе","ShortNameRU":"Определение общего белка в сыворотке крови на анализаторе","ShortNameKZ":"Қан сарысуындағы жалпы нәруызды талдауышта анықтау ","ShortName":"Определение общего белка в сыворотке крови на анализаторе","FullName":"B03.397.002 - Определение общего белка в сыворотке крови на анализаторе","Code":"B03.397.002","ExternalCode":null,"ServiceClassID":5,"ServiceClass":{"ServiceTypeID":2,"OrderBy":5,"MasterDataID":5,"NameRU":"Клиническая химия (биохимия)","NameKZ":"Клиникалық химия (биохимия)","Name":"Клиническая химия (биохимия)","PublicCode":"500","EndDate":null,"ID":"5","StrID":"5"},"Service":{"NameRU":"Определение общего белка в сыворотке крови на анализаторе","NameKZ":"Қан сарысуындағы жалпы нәруызды талдауышта анықтау","Name":"Определение общего белка в сыворотке крови на анализаторе","ShortNameRU":"Общий белок на анализаторе","ShortNameKZ":"Общий белок на анализаторе","ShortName":"Общий белок на анализаторе","FullName":"B03.397.002 - Определение общего белка в сыворотке крови на анализаторе","Code":"B03.397.002","ServiceClassID":5,"ServiceClass":null,"ServiceSubClassID":6,"ServiceSubClass":null,"MaterialTypeID":202,"MaterialType":null,"MasterDataID":3079,"ID":"236","StrID":"236"},"MasterDataID":8269447,"ServiceSubClassID":6,"PayType":1,"ServiceSubClass":null,"ID":"2163201","StrID":"2163201"},"FullName":"B03.397.002 - Определение общего белка в сыворотке крови на анализаторе  () ","IsMain":true,"SourceID":"144972828_33977028","WorkPlaceID":20747,"WorkPlace":null,"DriverManager":null,"ParameterID":null,"Parameter":null,"AdditionalInfo":null,"Status":1,"PerformetServiceCount":7,"ResearchResultCount":0,"ApproveResearchResultCount":0,"NotSaveResearchResultCount":0,"ParentID":null,"ScreeningCandidatePlanGuid":null,"ScreeningUrl":null,"TakePlace":null,"MaterialTypeID":null,"MaterialType":null,"PartCount":0,"IsOrderProductionControl":false,"Uid":"ca825244-a37c-49e3-a449-1bf55bd65b84","OrderPerformerServices":[],"OrderResearchAllergens":[],"Results":[],"IsResumed":false,"ExecutionType":0,"ID":"67067898","StrID":"67067898"},"ParameterID":200918,"Parameter":{"ShortNameRU":"общий белок в сыворотке крови","ShortNameKZ":"қан сарысуындағы жалпы ақуыз","ShortName":"общий белок в сыворотке крови","DataType":0,"DataTypeName":"Число","UnitTypeID":100012,"UnitType":null,"MedicalFormID":null,"MasterDataID":0,"MedicalForm":null,"NameWithDataType":"общий белок в сыворотке крови  (Число)","NameRU":"общий белок в сыворотке крови","NameKZ":"қан сарысуындағы жалпы ақуыз","Name":"общий белок в сыворотке крови","PublicCode":"20091800","EndDate":null,"ID":"200918","StrID":"200918"},"ParameterValues":null,"ParameterValueID":null,"ParameterValue":null,"ResultText":"74.24","ResultValue":"74.24","ResultDate":"2026-08-30T08:23:08.2546838+05:00","PostID":"189416","Post":null,"ExecuteMethod":2,"SourceResultText":"74.24","SourceResultValue":"74.24","SourceResultExpression":null,"SourceUnitTypeID":100012,"SourceUnitType":{"OrderBy":13,"MasterDataID":null,"CDD_ID":null,"NameRU":"г/л","NameKZ":"г/л","Name":"г/л","PublicCode":"10001200","EndDate":null,"ID":"100012","StrID":"100012"},"MultiplierID":null,"IsApproved":false,"IsValidated":false,"StandardMatchType":0,"ApproveDate":null,"ApprovePostID":null,"ApprovePost":null,"OrderNum":1,"WorkPlaceID":20747,"OrderID":null,"BacteriologyResult":null,"AnalyzerId":38,"IsOrderProductionControl":false,"ID":"207136363","StrID":"207136363"}
30.08.2026 8:23:08	Information:	Result object to save: 
30.08.2026 8:23:08	Information:	{"OrderResearchID":67067899,"OrderResearch":null,"ParameterID":200357,"Parameter":{"ShortNameRU":"АЛаТ","ShortNameKZ":"АЛаТ","ShortName":"АЛаТ","DataType":0,"DataTypeName":"Число","UnitTypeID":100030,"UnitType":{"NameRU":"МЕ/л","NameKZ":"ХБ/л","Name":"МЕ/л","PublicCode":"10003000","OrderBy":31,"ID":100030,"StrID":"100030"},"MedicalFormID":null,"MedicalForm":null,"NameRU":"АЛаТ","NameKZ":"АЛаТ","Name":"АЛаТ","PublicCode":"20035700","OrderBy":null,"ID":200357,"StrID":"200357"},"ParameterValueID":null,"ParameterValue":null,"ResultText":"18.75","ResultValue":null,"ResultDate":"2026-08-30T08:23:07.9886802+05:00","PostID":0,"Post":null,"ExecuteMethod":2,"SourceResultText":"18.75","SourceResultValue":null,"SourceResultExpression":null,"SourceUnitTypeID":100030,"SourceUnitType":{"NameRU":"МЕ/л","NameKZ":"ХБ/л","Name":"МЕ/л","PublicCode":"10003000","OrderBy":31,"ID":100030,"StrID":"100030"},"IsApproved":false,"ApproveDate":null,"ApprovePostID":null,"ApprovePost":null,"OrderNum":1,"WorkPlaceID":20747,"DriverManagerID":150,"BacteriologyResult":null,"AnalyzerId":38,"IsOrderProductionControl":false,"ID":0,"StrID":"0"}
30.08.2026 8:23:08	Information:	Save string: 
30.08.2026 8:23:08	Information:	{"OrderResearchID":67067899,"OrderResearch":{"OrderID":31120608,"ServiceMoID":2163576,"ServiceMoMasterDataID":8269462,"ServiceMo":{"OrgHealthCareID":"45500000000000909","ServiceID":253,"NameRU":"Определение аланинаминотрансферазы (АЛаТ) в сыворотке крови на анализаторе","NameKZ":"Қан сарысуындағы аланинаминотрансферазды (АЛаТ) талдауышта анықтау ","Name":"Определение аланинаминотрансферазы (АЛаТ) в сыворотке крови на анализаторе","ShortNameRU":"Определение аланинаминотрансферазы (АЛаТ) в сыворотке крови на анализаторе","ShortNameKZ":"Қан сарысуындағы аланинаминотрансферазды (АЛаТ) талдауышта анықтау ","ShortName":"Определение аланинаминотрансферазы (АЛаТ) в сыворотке крови на анализаторе","FullName":"B03.155.002 - Определение аланинаминотрансферазы (АЛаТ) в сыворотке крови на анализаторе","Code":"B03.155.002","ExternalCode":null,"ServiceClassID":5,"ServiceClass":{"ServiceTypeID":2,"OrderBy":5,"MasterDataID":5,"NameRU":"Клиническая химия (биохимия)","NameKZ":"Клиникалық химия (биохимия)","Name":"Клиническая химия (биохимия)","PublicCode":"500","EndDate":null,"ID":"5","StrID":"5"},"Service":{"NameRU":"Определение аланинаминотрансферазы (АЛаТ) в сыворотке крови на анализаторе","NameKZ":"Қан сарысуындағы аланинаминотрансферазды (АЛаТ) талдауышта анықтау","Name":"Определение аланинаминотрансферазы (АЛаТ) в сыворотке крови на анализаторе","ShortNameRU":"АЛаТ на анализаторе","ShortNameKZ":"АЛаТ на анализаторе","ShortName":"АЛаТ на анализаторе","FullName":"B03.155.002 - Определение аланинаминотрансферазы (АЛаТ) в сыворотке крови на анализаторе","Code":"B03.155.002","ServiceClassID":5,"ServiceClass":null,"ServiceSubClassID":6,"ServiceSubClass":null,"MaterialTypeID":202,"MaterialType":null,"MasterDataID":3094,"ID":"253","StrID":"253"},"MasterDataID":8269462,"ServiceSubClassID":6,"PayType":1,"ServiceSubClass":null,"ID":"2163576","StrID":"2163576"},"FullName":"B03.155.002 - Определение аланинаминотрансферазы (АЛаТ) в сыворотке крови на анализаторе  () ","IsMain":true,"SourceID":"144972828_33977029","WorkPlaceID":20747,"WorkPlace":null,"DriverManager":null,"ParameterID":null,"Parameter":null,"AdditionalInfo":null,"Status":1,"PerformetServiceCount":9,"ResearchResultCount":0,"ApproveResearchResultCount":0,"NotSaveResearchResultCount":0,"ParentID":null,"ScreeningCandidatePlanGuid":null,"ScreeningUrl":null,"TakePlace":null,"MaterialTypeID":null,"MaterialType":null,"PartCount":0,"IsOrderProductionControl":false,"Uid":"4d3f060c-ab8a-4366-8749-7b80a5c63e70","OrderPerformerServices":[],"OrderResearchAllergens":[],"Results":[],"IsResumed":false,"ExecutionType":0,"ID":"67067899","StrID":"67067899"},"ParameterID":200357,"Parameter":{"ShortNameRU":"АЛаТ","ShortNameKZ":"АЛаТ","ShortName":"АЛаТ","DataType":0,"DataTypeName":"Число","UnitTypeID":100030,"UnitType":null,"MedicalFormID":null,"MasterDataID":0,"MedicalForm":null,"NameWithDataType":"АЛаТ  (Число)","NameRU":"АЛаТ","NameKZ":"АЛаТ","Name":"АЛаТ","PublicCode":"20035700","EndDate":null,"ID":"200357","StrID":"200357"},"ParameterValues":null,"ParameterValueID":null,"ParameterValue":null,"ResultText":"18.75","ResultValue":"18.75","ResultDate":"2026-08-30T08:23:08.3329519+05:00","PostID":"189416","Post":null,"ExecuteMethod":2,"SourceResultText":"18.75","SourceResultValue":"18.75","SourceResultExpression":null,"SourceUnitTypeID":100030,"SourceUnitType":{"OrderBy":31,"MasterDataID":null,"CDD_ID":null,"NameRU":"МЕ/л","NameKZ":"ХБ/л","Name":"МЕ/л","PublicCode":"10003000","EndDate":null,"ID":"100030","StrID":"100030"},"MultiplierID":null,"IsApproved":false,"IsValidated":false,"StandardMatchType":0,"ApproveDate":null,"ApprovePostID":null,"ApprovePost":null,"OrderNum":1,"WorkPlaceID":20747,"OrderID":null,"BacteriologyResult":null,"AnalyzerId":38,"IsOrderProductionControl":false,"ID":"207136364","StrID":"207136364"}
30.08.2026 8:23:08	Information:	Result object to save: 
30.08.2026 8:23:08	Information:	{"OrderResearchID":67067903,"OrderResearch":null,"ParameterID":201032,"Parameter":{"ShortNameRU":"прямой билирубин в сыворотке крови","ShortNameKZ":"қан сарысуындағы тікелей билирубин","ShortName":"прямой билирубин в сыворотке крови","DataType":0,"DataTypeName":"Число","UnitTypeID":100041,"UnitType":{"NameRU":"мкмоль/л","NameKZ":"мкмоль/л","Name":"мкмоль/л","PublicCode":"10004100","OrderBy":42,"ID":100041,"StrID":"100041"},"MedicalFormID":null,"MedicalForm":null,"NameRU":"прямой билирубин в сыворотке крови","NameKZ":"қан сарысуындағы тікелей билирубин","Name":"прямой билирубин в сыворотке крови","PublicCode":"20103200","OrderBy":null,"ID":201032,"StrID":"201032"},"ParameterValueID":null,"ParameterValue":null,"ResultText":"2.57","ResultValue":null,"ResultDate":"2026-08-30T08:23:07.9886802+05:00","PostID":0,"Post":null,"ExecuteMethod":2,"SourceResultText":"2.57","SourceResultValue":null,"SourceResultExpression":null,"SourceUnitTypeID":100041,"SourceUnitType":{"NameRU":"мкмоль/л","NameKZ":"мкмоль/л","Name":"мкмоль/л","PublicCode":"10004100","OrderBy":42,"ID":100041,"StrID":"100041"},"IsApproved":false,"ApproveDate":null,"ApprovePostID":null,"ApprovePost":null,"OrderNum":1,"WorkPlaceID":20747,"DriverManagerID":150,"BacteriologyResult":null,"AnalyzerId":38,"IsOrderProductionControl":false,"ID":0,"StrID":"0"}
30.08.2026 8:23:08	Information:	Save string: 
30.08.2026 8:23:08	Information:	{"OrderResearchID":67067903,"OrderResearch":{"OrderID":31120608,"ServiceMoID":2163601,"ServiceMoMasterDataID":8269463,"ServiceMo":{"OrgHealthCareID":"45500000000000909","ServiceID":254,"NameRU":"Определение прямого билирубина в сыворотке крови на анализаторе","NameKZ":"Қан сарысуындағы тікелей  билирубинді талдауышта анықтау ","Name":"Определение прямого билирубина в сыворотке крови на анализаторе","ShortNameRU":"Определение прямого билирубина в сыворотке крови на анализаторе","ShortNameKZ":"Қан сарысуындағы тікелей  билирубинді талдауышта анықтау ","ShortName":"Определение прямого билирубина в сыворотке крови на анализаторе","FullName":"B03.435.002 - Определение прямого билирубина в сыворотке крови на анализаторе","Code":"B03.435.002","ExternalCode":null,"ServiceClassID":5,"ServiceClass":{"ServiceTypeID":2,"OrderBy":5,"MasterDataID":5,"NameRU":"Клиническая химия (биохимия)","NameKZ":"Клиникалық химия (биохимия)","Name":"Клиническая химия (биохимия)","PublicCode":"500","EndDate":null,"ID":"5","StrID":"5"},"Service":{"NameRU":"Определение прямого билирубина в сыворотке крови на анализаторе","NameKZ":"Қан сарысуындағы тікелей билирубинді талдауышта анықтау","Name":"Определение прямого билирубина в сыворотке крови на анализаторе","ShortNameRU":"Прямой Bi на анализаторе","ShortNameKZ":"Прямой Bi на анализаторе","ShortName":"Прямой Bi на анализаторе","FullName":"B03.435.002 - Определение прямого билирубина в сыворотке крови на анализаторе","Code":"B03.435.002","ServiceClassID":5,"ServiceClass":null,"ServiceSubClassID":6,"ServiceSubClass":null,"MaterialTypeID":202,"MaterialType":null,"MasterDataID":3095,"ID":"254","StrID":"254"},"MasterDataID":8269463,"ServiceSubClassID":6,"PayType":1,"ServiceSubClass":null,"ID":"2163601","StrID":"2163601"},"FullName":"B03.435.002 - Определение прямого билирубина в сыворотке крови на анализаторе  () ","IsMain":true,"SourceID":"144972828_33977038","WorkPlaceID":20747,"WorkPlace":null,"DriverManager":null,"ParameterID":null,"Parameter":null,"AdditionalInfo":null,"Status":1,"PerformetServiceCount":7,"ResearchResultCount":0,"ApproveResearchResultCount":0,"NotSaveResearchResultCount":0,"ParentID":null,"ScreeningCandidatePlanGuid":null,"ScreeningUrl":null,"TakePlace":null,"MaterialTypeID":null,"MaterialType":null,"PartCount":0,"IsOrderProductionControl":false,"Uid":"3fc9903a-644d-40c4-9935-1e51b5d7dff8","OrderPerformerServices":[],"OrderResearchAllergens":[],"Results":[],"IsResumed":false,"ExecutionType":0,"ID":"67067903","StrID":"67067903"},"ParameterID":201032,"Parameter":{"ShortNameRU":"прямой билирубин в сыворотке крови","ShortNameKZ":"қан сарысуындағы тікелей билирубин","ShortName":"прямой билирубин в сыворотке крови","DataType":0,"DataTypeName":"Число","UnitTypeID":100041,"UnitType":null,"MedicalFormID":null,"MasterDataID":0,"MedicalForm":null,"NameWithDataType":"прямой билирубин в сыворотке крови  (Число)","NameRU":"прямой билирубин в сыворотке крови","NameKZ":"қан сарысуындағы тікелей билирубин","Name":"прямой билирубин в сыворотке крови","PublicCode":"20103200","EndDate":null,"ID":"201032","StrID":"201032"},"ParameterValues":null,"ParameterValueID":null,"ParameterValue":null,"ResultText":"2.57","ResultValue":"2.57","ResultDate":"2026-08-30T08:23:08.3958715+05:00","PostID":"189416","Post":null,"ExecuteMethod":2,"SourceResultText":"2.57","SourceResultValue":"2.57","SourceResultExpression":null,"SourceUnitTypeID":100041,"SourceUnitType":{"OrderBy":42,"MasterDataID":null,"CDD_ID":null,"NameRU":"мкмоль/л","NameKZ":"мкмоль/л","Name":"мкмоль/л","PublicCode":"10004100","EndDate":null,"ID":"100041","StrID":"100041"},"MultiplierID":null,"IsApproved":false,"IsValidated":false,"StandardMatchType":0,"ApproveDate":null,"ApprovePostID":null,"ApprovePost":null,"OrderNum":1,"WorkPlaceID":20747,"OrderID":null,"BacteriologyResult":null,"AnalyzerId":38,"IsOrderProductionControl":false,"ID":"207136365","StrID":"207136365"}
30.08.2026 8:23:08	Information:	Result object to save: 
30.08.2026 8:23:08	Information:	{"OrderResearchID":67067904,"OrderResearch":null,"ParameterID":200919,"Parameter":{"ShortNameRU":"общий билирубин в сыворотке крови","ShortNameKZ":"қан сарысуындағы жалпы билирубин","ShortName":"общий билирубин в сыворотке крови","DataType":0,"DataTypeName":"Число","UnitTypeID":100041,"UnitType":{"NameRU":"мкмоль/л","NameKZ":"мкмоль/л","Name":"мкмоль/л","PublicCode":"10004100","OrderBy":42,"ID":100041,"StrID":"100041"},"MedicalFormID":null,"MedicalForm":null,"NameRU":"общий билирубин в сыворотке крови","NameKZ":"қан сарысуындағы жалпы билирубин","Name":"общий билирубин в сыворотке крови","PublicCode":"20091900","OrderBy":null,"ID":200919,"StrID":"200919"},"ParameterValueID":null,"ParameterValue":null,"ResultText":"6.36","ResultValue":null,"ResultDate":"2026-08-30T08:23:07.9886802+05:00","PostID":0,"Post":null,"ExecuteMethod":2,"SourceResultText":"6.36","SourceResultValue":null,"SourceResultExpression":null,"SourceUnitTypeID":100041,"SourceUnitType":{"NameRU":"мкмоль/л","NameKZ":"мкмоль/л","Name":"мкмоль/л","PublicCode":"10004100","OrderBy":42,"ID":100041,"StrID":"100041"},"IsApproved":false,"ApproveDate":null,"ApprovePostID":null,"ApprovePost":null,"OrderNum":1,"WorkPlaceID":20747,"DriverManagerID":150,"BacteriologyResult":null,"AnalyzerId":38,"IsOrderProductionControl":false,"ID":0,"StrID":"0"}
30.08.2026 8:23:08	Information:	Save string: 
30.08.2026 8:23:08	Information:	{"OrderResearchID":67067904,"OrderResearch":{"OrderID":31120608,"ServiceMoID":2163626,"ServiceMoMasterDataID":8269464,"ServiceMo":{"OrgHealthCareID":"45500000000000909","ServiceID":255,"NameRU":"Определение общего билирубина в сыворотке крови на анализаторе","NameKZ":"Қан сарысуындағы жалпы  билирубинді талдауышта анықтау в сыворотке крови на анализаторе","Name":"Определение общего билирубина в сыворотке крови на анализаторе","ShortNameRU":"Определение общего билирубина в сыворотке крови на анализаторе","ShortNameKZ":"Қан сарысуындағы жалпы  билирубинді талдауышта анықтау в сыворотке крови на анализаторе","ShortName":"Определение общего билирубина в сыворотке крови на анализаторе","FullName":"B03.398.002 - Определение общего билирубина в сыворотке крови на анализаторе","Code":"B03.398.002","ExternalCode":null,"ServiceClassID":5,"ServiceClass":{"ServiceTypeID":2,"OrderBy":5,"MasterDataID":5,"NameRU":"Клиническая химия (биохимия)","NameKZ":"Клиникалық химия (биохимия)","Name":"Клиническая химия (биохимия)","PublicCode":"500","EndDate":null,"ID":"5","StrID":"5"},"Service":{"NameRU":"Определение общего билирубина в сыворотке крови на анализаторе","NameKZ":"Қан сарысуындағы жалпы билирубинді талдауышта анықтау в сыворотке крови на анализаторе","Name":"Определение общего билирубина в сыворотке крови на анализаторе","ShortNameRU":"Общий Bi на анализаторе","ShortNameKZ":"Общий Bi на анализаторе","ShortName":"Общий Bi на анализаторе","FullName":"B03.398.002 - Определение общего билирубина в сыворотке крови на анализаторе","Code":"B03.398.002","ServiceClassID":5,"ServiceClass":null,"ServiceSubClassID":6,"ServiceSubClass":null,"MaterialTypeID":202,"MaterialType":null,"MasterDataID":3096,"ID":"255","StrID":"255"},"MasterDataID":8269464,"ServiceSubClassID":6,"PayType":1,"ServiceSubClass":null,"ID":"2163626","StrID":"2163626"},"FullName":"B03.398.002 - Определение общего билирубина в сыворотке крови на анализаторе  () ","IsMain":true,"SourceID":"144972828_33977039","WorkPlaceID":20747,"WorkPlace":null,"DriverManager":null,"ParameterID":null,"Parameter":null,"AdditionalInfo":null,"Status":1,"PerformetServiceCount":7,"ResearchResultCount":0,"ApproveResearchResultCount":0,"NotSaveResearchResultCount":0,"ParentID":null,"ScreeningCandidatePlanGuid":null,"ScreeningUrl":null,"TakePlace":null,"MaterialTypeID":null,"MaterialType":null,"PartCount":0,"IsOrderProductionControl":false,"Uid":"91544ff3-ef4a-43ff-86ba-ad465b2fb2d9","OrderPerformerServices":[],"OrderResearchAllergens":[],"Results":[],"IsResumed":false,"ExecutionType":0,"ID":"67067904","StrID":"67067904"},"ParameterID":200919,"Parameter":{"ShortNameRU":"общий билирубин в сыворотке крови","ShortNameKZ":"қан сарысуындағы жалпы билирубин","ShortName":"общий билирубин в сыворотке крови","DataType":0,"DataTypeName":"Число","UnitTypeID":100041,"UnitType":null,"MedicalFormID":null,"MasterDataID":0,"MedicalForm":null,"NameWithDataType":"общий билирубин в сыворотке крови  (Число)","NameRU":"общий билирубин в сыворотке крови","NameKZ":"қан сарысуындағы жалпы билирубин","Name":"общий билирубин в сыворотке крови","PublicCode":"20091900","EndDate":null,"ID":"200919","StrID":"200919"},"ParameterValues":null,"ParameterValueID":null,"ParameterValue":null,"ResultText":"6.36","ResultValue":"6.36","ResultDate":"2026-08-30T08:23:08.458368+05:00","PostID":"189416","Post":null,"ExecuteMethod":2,"SourceResultText":"6.36","SourceResultValue":"6.36","SourceResultExpression":null,"SourceUnitTypeID":100041,"SourceUnitType":{"OrderBy":42,"MasterDataID":null,"CDD_ID":null,"NameRU":"мкмоль/л","NameKZ":"мкмоль/л","Name":"мкмоль/л","PublicCode":"10004100","EndDate":null,"ID":"100041","StrID":"100041"},"MultiplierID":null,"IsApproved":false,"IsValidated":false,"StandardMatchType":0,"ApproveDate":null,"ApprovePostID":null,"ApprovePost":null,"OrderNum":1,"WorkPlaceID":20747,"OrderID":null,"BacteriologyResult":null,"AnalyzerId":38,"IsOrderProductionControl":false,"ID":"207136366","StrID":"207136366"}
30.08.2026 8:23:08	Information:	Result object to save: 
30.08.2026 8:23:08	Information:	{"OrderResearchID":67067900,"OrderResearch":null,"ParameterID":200408,"Parameter":{"ShortNameRU":"АСаТ","ShortNameKZ":"АСаТ","ShortName":"АСаТ","DataType":0,"DataTypeName":"Число","UnitTypeID":100030,"UnitType":{"NameRU":"МЕ/л","NameKZ":"ХБ/л","Name":"МЕ/л","PublicCode":"10003000","OrderBy":31,"ID":100030,"StrID":"100030"},"MedicalFormID":null,"MedicalForm":null,"NameRU":"АСаТ","NameKZ":"АСаТ","Name":"АСаТ","PublicCode":"20040800","OrderBy":null,"ID":200408,"StrID":"200408"},"ParameterValueID":null,"ParameterValue":null,"ResultText":"16.77","ResultValue":null,"ResultDate":"2026-08-30T08:23:07.9886802+05:00","PostID":0,"Post":null,"ExecuteMethod":2,"SourceResultText":"16.77","SourceResultValue":null,"SourceResultExpression":null,"SourceUnitTypeID":100030,"SourceUnitType":{"NameRU":"МЕ/л","NameKZ":"ХБ/л","Name":"МЕ/л","PublicCode":"10003000","OrderBy":31,"ID":100030,"StrID":"100030"},"IsApproved":false,"ApproveDate":null,"ApprovePostID":null,"ApprovePost":null,"OrderNum":1,"WorkPlaceID":20747,"DriverManagerID":150,"BacteriologyResult":null,"AnalyzerId":38,"IsOrderProductionControl":false,"ID":0,"StrID":"0"}
30.08.2026 8:23:08	Information:	Save string: 
30.08.2026 8:23:08	Information:	{"OrderResearchID":67067900,"OrderResearch":{"OrderID":31120608,"ServiceMoID":2163651,"ServiceMoMasterDataID":8269465,"ServiceMo":{"OrgHealthCareID":"45500000000000909","ServiceID":256,"NameRU":"Определение аспартатаминотрансферазы (АСаТ) в сыворотке крови на анализаторе","NameKZ":"Қан сарысуындағы  аспартатаминотрансферазды  (АСаТ) талдауышта анықтау  ","Name":"Определение аспартатаминотрансферазы (АСаТ) в сыворотке крови на анализаторе","ShortNameRU":"Определение аспартатаминотрансферазы (АСаТ) в сыворотке крови на анализаторе","ShortNameKZ":"Қан сарысуындағы  аспартатаминотрансферазды  (АСаТ) талдауышта анықтау  ","ShortName":"Определение аспартатаминотрансферазы (АСаТ) в сыворотке крови на анализаторе","FullName":"B03.293.002 - Определение аспартатаминотрансферазы (АСаТ) в сыворотке крови на анализаторе","Code":"B03.293.002","ExternalCode":null,"ServiceClassID":5,"ServiceClass":{"ServiceTypeID":2,"OrderBy":5,"MasterDataID":5,"NameRU":"Клиническая химия (биохимия)","NameKZ":"Клиникалық химия (биохимия)","Name":"Клиническая химия (биохимия)","PublicCode":"500","EndDate":null,"ID":"5","StrID":"5"},"Service":{"NameRU":"Определение аспартатаминотрансферазы (АСаТ) в сыворотке крови на анализаторе","NameKZ":"Қан сарысуындағы аспартатаминотрансферазды (АСаТ) талдауышта анықтау","Name":"Определение аспартатаминотрансферазы (АСаТ) в сыворотке крови на анализаторе","ShortNameRU":"АСаТ на анализаторе","ShortNameKZ":"АСаТ на анализаторе","ShortName":"АСаТ на анализаторе","FullName":"B03.293.002 - Определение аспартатаминотрансферазы (АСаТ) в сыворотке крови на анализаторе","Code":"B03.293.002","ServiceClassID":5,"ServiceClass":null,"ServiceSubClassID":6,"ServiceSubClass":null,"MaterialTypeID":202,"MaterialType":null,"MasterDataID":3097,"ID":"256","StrID":"256"},"MasterDataID":8269465,"ServiceSubClassID":6,"PayType":1,"ServiceSubClass":null,"ID":"2163651","StrID":"2163651"},"FullName":"B03.293.002 - Определение аспартатаминотрансферазы (АСаТ) в сыворотке крови на анализаторе  () ","IsMain":true,"SourceID":"144972828_33977030","WorkPlaceID":20747,"WorkPlace":null,"DriverManager":null,"ParameterID":null,"Parameter":null,"AdditionalInfo":null,"Status":1,"PerformetServiceCount":7,"ResearchResultCount":0,"ApproveResearchResultCount":0,"NotSaveResearchResultCount":0,"ParentID":null,"ScreeningCandidatePlanGuid":null,"ScreeningUrl":null,"TakePlace":null,"MaterialTypeID":null,"MaterialType":null,"PartCount":0,"IsOrderProductionControl":false,"Uid":"01e865be-29a4-45c8-8b1a-8a19e1afc05a","OrderPerformerServices":[],"OrderResearchAllergens":[],"Results":[],"IsResumed":false,"ExecutionType":0,"ID":"67067900","StrID":"67067900"},"ParameterID":200408,"Parameter":{"ShortNameRU":"АСаТ","ShortNameKZ":"АСаТ","ShortName":"АСаТ","DataType":0,"DataTypeName":"Число","UnitTypeID":100030,"UnitType":null,"MedicalFormID":null,"MasterDataID":0,"MedicalForm":null,"NameWithDataType":"АСаТ  (Число)","NameRU":"АСаТ","NameKZ":"АСаТ","Name":"АСаТ","PublicCode":"20040800","EndDate":null,"ID":"200408","StrID":"200408"},"ParameterValues":null,"ParameterValueID":null,"ParameterValue":null,"ResultText":"16.77","ResultValue":"16.77","ResultDate":"2026-08-30T08:23:08.5368848+05:00","PostID":"189416","Post":null,"ExecuteMethod":2,"SourceResultText":"16.77","SourceResultValue":"16.77","SourceResultExpression":null,"SourceUnitTypeID":100030,"SourceUnitType":{"OrderBy":31,"MasterDataID":null,"CDD_ID":null,"NameRU":"МЕ/л","NameKZ":"ХБ/л","Name":"МЕ/л","PublicCode":"10003000","EndDate":null,"ID":"100030","StrID":"100030"},"MultiplierID":null,"IsApproved":false,"IsValidated":false,"StandardMatchType":0,"ApproveDate":null,"ApprovePostID":null,"ApprovePost":null,"OrderNum":1,"WorkPlaceID":20747,"OrderID":null,"BacteriologyResult":null,"AnalyzerId":38,"IsOrderProductionControl":false,"ID":"207136367","StrID":"207136367"}
30.08.2026 8:23:08	Information:	Result object to save: 
30.08.2026 8:23:08	Information:	{"OrderResearchID":67067901,"OrderResearch":null,"ParameterID":201306,"Parameter":{"ShortNameRU":"ЩФ","ShortNameKZ":"СФ","ShortName":"ЩФ","DataType":0,"DataTypeName":"Число","UnitTypeID":100030,"UnitType":{"NameRU":"МЕ/л","NameKZ":"ХБ/л","Name":"МЕ/л","PublicCode":"10003000","OrderBy":31,"ID":100030,"StrID":"100030"},"MedicalFormID":null,"MedicalForm":null,"NameRU":"ЩФ","NameKZ":"СФ","Name":"ЩФ","PublicCode":"20130600","OrderBy":null,"ID":201306,"StrID":"201306"},"ParameterValueID":null,"ParameterValue":null,"ResultText":"205.21","ResultValue":null,"ResultDate":"2026-08-30T08:23:07.9886802+05:00","PostID":0,"Post":null,"ExecuteMethod":2,"SourceResultText":"205.21","SourceResultValue":null,"SourceResultExpression":null,"SourceUnitTypeID":100030,"SourceUnitType":{"NameRU":"МЕ/л","NameKZ":"ХБ/л","Name":"МЕ/л","PublicCode":"10003000","OrderBy":31,"ID":100030,"StrID":"100030"},"IsApproved":false,"ApproveDate":null,"ApprovePostID":null,"ApprovePost":null,"OrderNum":1,"WorkPlaceID":20747,"DriverManagerID":150,"BacteriologyResult":null,"AnalyzerId":38,"IsOrderProductionControl":false,"ID":0,"StrID":"0"}
30.08.2026 8:23:08	Information:	Save string: 
30.08.2026 8:23:08	Information:	{"OrderResearchID":67067901,"OrderResearch":{"OrderID":31120608,"ServiceMoID":2163676,"ServiceMoMasterDataID":8269466,"ServiceMo":{"OrgHealthCareID":"45500000000000909","ServiceID":257,"NameRU":"Определение щелочной фосфатазы в сыворотке крови на анализаторе","NameKZ":"Қан сарысуындағы сілтілік фосфатазаны талдауышта анықтау ","Name":"Определение щелочной фосфатазы в сыворотке крови на анализаторе","ShortNameRU":"Определение щелочной фосфатазы в сыворотке крови на анализаторе","ShortNameKZ":"Қан сарысуындағы сілтілік фосфатазаны талдауышта анықтау ","ShortName":"Определение щелочной фосфатазы в сыворотке крови на анализаторе","FullName":"B03.526.002 - Определение щелочной фосфатазы в сыворотке крови на анализаторе","Code":"B03.526.002","ExternalCode":null,"ServiceClassID":5,"ServiceClass":{"ServiceTypeID":2,"OrderBy":5,"MasterDataID":5,"NameRU":"Клиническая химия (биохимия)","NameKZ":"Клиникалық химия (биохимия)","Name":"Клиническая химия (биохимия)","PublicCode":"500","EndDate":null,"ID":"5","StrID":"5"},"Service":{"NameRU":"Определение щелочной фосфатазы в сыворотке крови на анализаторе","NameKZ":"Қан сарысуындағы сілтілік фосфатазаны талдауышта анықтау","Name":"Определение щелочной фосфатазы в сыворотке крови на анализаторе","ShortNameRU":"ЩФ на анализаторе","ShortNameKZ":"ЩФ на анализаторе","ShortName":"ЩФ на анализаторе","FullName":"B03.526.002 - Определение щелочной фосфатазы в сыворотке крови на анализаторе","Code":"B03.526.002","ServiceClassID":5,"ServiceClass":null,"ServiceSubClassID":6,"ServiceSubClass":null,"MaterialTypeID":202,"MaterialType":null,"MasterDataID":3098,"ID":"257","StrID":"257"},"MasterDataID":8269466,"ServiceSubClassID":6,"PayType":1,"ServiceSubClass":null,"ID":"2163676","StrID":"2163676"},"FullName":"B03.526.002 - Определение щелочной фосфатазы в сыворотке крови на анализаторе  () ","IsMain":true,"SourceID":"144972828_33977031","WorkPlaceID":20747,"WorkPlace":null,"DriverManager":null,"ParameterID":null,"Parameter":null,"AdditionalInfo":null,"Status":1,"PerformetServiceCount":0,"ResearchResultCount":0,"ApproveResearchResultCount":0,"NotSaveResearchResultCount":0,"ParentID":null,"ScreeningCandidatePlanGuid":null,"ScreeningUrl":null,"TakePlace":null,"MaterialTypeID":null,"MaterialType":null,"PartCount":0,"IsOrderProductionControl":false,"Uid":"f6590da0-25dd-4088-bb83-cfb0182da399","OrderPerformerServices":[],"OrderResearchAllergens":[],"Results":[],"IsResumed":false,"ExecutionType":0,"ID":"67067901","StrID":"67067901"},"ParameterID":201306,"Parameter":{"ShortNameRU":"ЩФ","ShortNameKZ":"СФ","ShortName":"ЩФ","DataType":0,"DataTypeName":"Число","UnitTypeID":100030,"UnitType":null,"MedicalFormID":null,"MasterDataID":0,"MedicalForm":null,"NameWithDataType":"ЩФ  (Число)","NameRU":"ЩФ","NameKZ":"СФ","Name":"ЩФ","PublicCode":"20130600","EndDate":null,"ID":"201306","StrID":"201306"},"ParameterValues":null,"ParameterValueID":null,"ParameterValue":null,"ResultText":"205.21","ResultValue":"205.21","ResultDate":"2026-08-30T08:23:08.5993827+05:00","PostID":"189416","Post":null,"ExecuteMethod":2,"SourceResultText":"205.21","SourceResultValue":"205.21","SourceResultExpression":null,"SourceUnitTypeID":100030,"SourceUnitType":{"OrderBy":31,"MasterDataID":null,"CDD_ID":null,"NameRU":"МЕ/л","NameKZ":"ХБ/л","Name":"МЕ/л","PublicCode":"10003000","EndDate":null,"ID":"100030","StrID":"100030"},"MultiplierID":null,"IsApproved":false,"IsValidated":false,"StandardMatchType":0,"ApproveDate":null,"ApprovePostID":null,"ApprovePost":null,"OrderNum":1,"WorkPlaceID":20747,"OrderID":null,"BacteriologyResult":null,"AnalyzerId":38,"IsOrderProductionControl":false,"ID":"207136368","StrID":"207136368"}
30.08.2026 8:23:08	Information:	Result object to save: 
30.08.2026 8:23:08	Information:	{"OrderResearchID":67067905,"OrderResearch":null,"ParameterID":200905,"Parameter":{"ShortNameRU":"общая ɑ-амилаза в сыворотке крови (анализатор)","ShortNameKZ":"қандағы жалпы ɑ-амилаза (анализатор)","ShortName":"общая ɑ-амилаза в сыворотке крови (анализатор)","DataType":0,"DataTypeName":"Число","UnitTypeID":100030,"UnitType":{"NameRU":"МЕ/л","NameKZ":"ХБ/л","Name":"МЕ/л","PublicCode":"10003000","OrderBy":31,"ID":100030,"StrID":"100030"},"MedicalFormID":null,"MedicalForm":null,"NameRU":"общая ɑ-амилаза в сыворотке крови (анализатор)","NameKZ":"қандағы жалпы ɑ-амилаза (анализатор)","Name":"общая ɑ-амилаза в сыворотке крови (анализатор)","PublicCode":"20090500","OrderBy":null,"ID":200905,"StrID":"200905"},"ParameterValueID":null,"ParameterValue":null,"ResultText":"57.89","ResultValue":null,"ResultDate":"2026-08-30T08:23:08.0043034+05:00","PostID":0,"Post":null,"ExecuteMethod":2,"SourceResultText":"57.89","SourceResultValue":null,"SourceResultExpression":null,"SourceUnitTypeID":100030,"SourceUnitType":{"NameRU":"МЕ/л","NameKZ":"ХБ/л","Name":"МЕ/л","PublicCode":"10003000","OrderBy":31,"ID":100030,"StrID":"100030"},"IsApproved":false,"ApproveDate":null,"ApprovePostID":null,"ApprovePost":null,"OrderNum":1,"WorkPlaceID":20747,"DriverManagerID":150,"BacteriologyResult":null,"AnalyzerId":38,"IsOrderProductionControl":false,"ID":0,"StrID":"0"}
30.08.2026 8:23:08	Information:	Save string: 
30.08.2026 8:23:08	Information:	{"OrderResearchID":67067905,"OrderResearch":{"OrderID":31120608,"ServiceMoID":2163851,"ServiceMoMasterDataID":8269473,"ServiceMo":{"OrgHealthCareID":"45500000000000909","ServiceID":264,"NameRU":"Определение общей альфа-амилазы в сыворотке крови на анализаторе","NameKZ":"Қан сарысуындағы жалпы  альфа-амилазаны талдауышта анықтау ","Name":"Определение общей альфа-амилазы в сыворотке крови на анализаторе","ShortNameRU":"Определение общей альфа-амилазы в сыворотке крови на анализаторе","ShortNameKZ":"Қан сарысуындағы жалпы  альфа-амилазаны талдауышта анықтау ","ShortName":"Определение общей альфа-амилазы в сыворотке крови на анализаторе","FullName":"B03.403.002 - Определение общей альфа-амилазы в сыворотке крови на анализаторе","Code":"B03.403.002","ExternalCode":null,"ServiceClassID":5,"ServiceClass":{"ServiceTypeID":2,"OrderBy":5,"MasterDataID":5,"NameRU":"Клиническая химия (биохимия)","NameKZ":"Клиникалық химия (биохимия)","Name":"Клиническая химия (биохимия)","PublicCode":"500","EndDate":null,"ID":"5","StrID":"5"},"Service":{"NameRU":"Определение общей альфа-амилазы в сыворотке крови на анализаторе","NameKZ":"Қан сарысуындағы жалпы альфа-амилазаны талдауышта анықтау","Name":"Определение общей альфа-амилазы в сыворотке крови на анализаторе","ShortNameRU":"Общая ɑ-амилаза на анализаторе","ShortNameKZ":"Общая ɑ-амилаза на анализаторе","ShortName":"Общая ɑ-амилаза на анализаторе","FullName":"B03.403.002 - Определение общей альфа-амилазы в сыворотке крови на анализаторе","Code":"B03.403.002","ServiceClassID":5,"ServiceClass":null,"ServiceSubClassID":6,"ServiceSubClass":null,"MaterialTypeID":202,"MaterialType":null,"MasterDataID":3105,"ID":"264","StrID":"264"},"MasterDataID":8269473,"ServiceSubClassID":6,"PayType":1,"ServiceSubClass":null,"ID":"2163851","StrID":"2163851"},"FullName":"B03.403.002 - Определение общей альфа-амилазы в сыворотке крови на анализаторе  () ","IsMain":true,"SourceID":"144972828_33977032","WorkPlaceID":20747,"WorkPlace":null,"DriverManager":null,"ParameterID":null,"Parameter":null,"AdditionalInfo":null,"Status":1,"PerformetServiceCount":5,"ResearchResultCount":0,"ApproveResearchResultCount":0,"NotSaveResearchResultCount":0,"ParentID":null,"ScreeningCandidatePlanGuid":null,"ScreeningUrl":null,"TakePlace":null,"MaterialTypeID":null,"MaterialType":null,"PartCount":0,"IsOrderProductionControl":false,"Uid":"429ba77d-102a-4e94-bd94-b176c0d1d3d0","OrderPerformerServices":[],"OrderResearchAllergens":[],"Results":[],"IsResumed":false,"ExecutionType":0,"ID":"67067905","StrID":"67067905"},"ParameterID":200905,"Parameter":{"ShortNameRU":"общая ɑ-амилаза в сыворотке крови (анализатор)","ShortNameKZ":"қандағы жалпы ɑ-амилаза (анализатор)","ShortName":"общая ɑ-амилаза в сыворотке крови (анализатор)","DataType":0,"DataTypeName":"Число","UnitTypeID":100030,"UnitType":null,"MedicalFormID":null,"MasterDataID":0,"MedicalForm":null,"NameWithDataType":"общая ɑ-амилаза в сыворотке крови (анализатор)  (Число)","NameRU":"общая ɑ-амилаза в сыворотке крови (анализатор)","NameKZ":"қандағы жалпы ɑ-амилаза (анализатор)","Name":"общая ɑ-амилаза в сыворотке крови (анализатор)","PublicCode":"20090500","EndDate":null,"ID":"200905","StrID":"200905"},"ParameterValues":null,"ParameterValueID":null,"ParameterValue":null,"ResultText":"57.89","ResultValue":"57.89","ResultDate":"2026-08-30T08:23:08.6618766+05:00","PostID":"189416","Post":null,"ExecuteMethod":2,"SourceResultText":"57.89","SourceResultValue":"57.89","SourceResultExpression":null,"SourceUnitTypeID":100030,"SourceUnitType":{"OrderBy":31,"MasterDataID":null,"CDD_ID":null,"NameRU":"МЕ/л","NameKZ":"ХБ/л","Name":"МЕ/л","PublicCode":"10003000","EndDate":null,"ID":"100030","StrID":"100030"},"MultiplierID":null,"IsApproved":false,"IsValidated":false,"StandardMatchType":0,"ApproveDate":null,"ApprovePostID":null,"ApprovePost":null,"OrderNum":1,"WorkPlaceID":20747,"OrderID":null,"BacteriologyResult":null,"AnalyzerId":38,"IsOrderProductionControl":false,"ID":"207136369","StrID":"207136369"}
30.08.2026 8:23:08	Information:	No result for test 201415 for sample with barcode 51558659 for device 20747
30.08.2026 8:23:08	Information:	Result object to save: 
30.08.2026 8:23:08	Information:	{"OrderResearchID":67067907,"OrderResearch":null,"ParameterID":200549,"Parameter":{"ShortNameRU":"глюкоза в сыворотке крови","ShortNameKZ":"қан сарысуындағы глюкоза","ShortName":"глюкоза в сыворотке крови","DataType":0,"DataTypeName":"Число","UnitTypeID":100051,"UnitType":{"NameRU":"ммоль/л","NameKZ":"ммоль/л","Name":"ммоль/л","PublicCode":"10005100","OrderBy":52,"ID":100051,"StrID":"100051"},"MedicalFormID":null,"MedicalForm":null,"NameRU":"глюкоза в сыворотке крови","NameKZ":"қан сарысуындағы глюкоза","Name":"глюкоза в сыворотке крови","PublicCode":"20054900","OrderBy":null,"ID":200549,"StrID":"200549"},"ParameterValueID":null,"ParameterValue":null,"ResultText":"4.93","ResultValue":null,"ResultDate":"2026-08-30T08:23:08.0043034+05:00","PostID":0,"Post":null,"ExecuteMethod":2,"SourceResultText":"4.93","SourceResultValue":null,"SourceResultExpression":null,"SourceUnitTypeID":100051,"SourceUnitType":{"NameRU":"ммоль/л","NameKZ":"ммоль/л","Name":"ммоль/л","PublicCode":"10005100","OrderBy":52,"ID":100051,"StrID":"100051"},"IsApproved":false,"ApproveDate":null,"ApprovePostID":null,"ApprovePost":null,"OrderNum":1,"WorkPlaceID":20747,"DriverManagerID":150,"BacteriologyResult":null,"AnalyzerId":38,"IsOrderProductionControl":false,"ID":0,"StrID":"0"}
30.08.2026 8:23:08	Information:	Save string: 
30.08.2026 8:23:08	Information:	{"OrderResearchID":67067907,"OrderResearch":{"OrderID":31120608,"ServiceMoID":2164501,"ServiceMoMasterDataID":8269499,"ServiceMo":{"OrgHealthCareID":"45500000000000909","ServiceID":290,"NameRU":"Определение глюкозы в сыворотке крови на анализаторе","NameKZ":"Қан сарысуындағы глюкозаны талдауышта анықтау ","Name":"Определение глюкозы в сыворотке крови на анализаторе","ShortNameRU":"Определение глюкозы в сыворотке крови на анализаторе","ShortNameKZ":"Қан сарысуындағы глюкозаны талдауышта анықтау ","ShortName":"Определение глюкозы в сыворотке крови на анализаторе","FullName":"B03.335.002 - Определение глюкозы в сыворотке крови на анализаторе","Code":"B03.335.002","ExternalCode":null,"ServiceClassID":5,"ServiceClass":{"ServiceTypeID":2,"OrderBy":5,"MasterDataID":5,"NameRU":"Клиническая химия (биохимия)","NameKZ":"Клиникалық химия (биохимия)","Name":"Клиническая химия (биохимия)","PublicCode":"500","EndDate":null,"ID":"5","StrID":"5"},"Service":{"NameRU":"Определение глюкозы в сыворотке крови на анализаторе","NameKZ":"Қан сарысуындағы глюкозаны талдауышта анықтау","Name":"Определение глюкозы в сыворотке крови на анализаторе","ShortNameRU":"Глюкоза в сыворотке крови на анализаторе","ShortNameKZ":"Глюкоза в сыворотке крови на анализаторе","ShortName":"Глюкоза в сыворотке крови на анализаторе","FullName":"B03.335.002 - Определение глюкозы в сыворотке крови на анализаторе","Code":"B03.335.002","ServiceClassID":5,"ServiceClass":null,"ServiceSubClassID":6,"ServiceSubClass":null,"MaterialTypeID":202,"MaterialType":null,"MasterDataID":3131,"ID":"290","StrID":"290"},"MasterDataID":8269499,"ServiceSubClassID":6,"PayType":1,"ServiceSubClass":null,"ID":"2164501","StrID":"2164501"},"FullName":"B03.335.002 - Определение глюкозы в сыворотке крови на анализаторе  () ","IsMain":true,"SourceID":"144972828_33977036","WorkPlaceID":20747,"WorkPlace":null,"DriverManager":null,"ParameterID":null,"Parameter":null,"AdditionalInfo":null,"Status":1,"PerformetServiceCount":7,"ResearchResultCount":0,"ApproveResearchResultCount":0,"NotSaveResearchResultCount":0,"ParentID":null,"ScreeningCandidatePlanGuid":null,"ScreeningUrl":null,"TakePlace":null,"MaterialTypeID":null,"MaterialType":null,"PartCount":0,"IsOrderProductionControl":false,"Uid":"e9765f8f-13b1-45fa-aed7-8e3b2a0e2bd3","OrderPerformerServices":[],"OrderResearchAllergens":[],"Results":[],"IsResumed":false,"ExecutionType":0,"ID":"67067907","StrID":"67067907"},"ParameterID":200549,"Parameter":{"ShortNameRU":"глюкоза в сыворотке крови","ShortNameKZ":"қан сарысуындағы глюкоза","ShortName":"глюкоза в сыворотке крови","DataType":0,"DataTypeName":"Число","UnitTypeID":100051,"UnitType":null,"MedicalFormID":null,"MasterDataID":0,"MedicalForm":null,"NameWithDataType":"глюкоза в сыворотке крови  (Число)","NameRU":"глюкоза в сыворотке крови","NameKZ":"қан сарысуындағы глюкоза","Name":"глюкоза в сыворотке крови","PublicCode":"20054900","EndDate":null,"ID":"200549","StrID":"200549"},"ParameterValues":null,"ParameterValueID":null,"ParameterValue":null,"ResultText":"4.93","ResultValue":"4.93","ResultDate":"2026-08-30T08:23:08.7253338+05:00","PostID":"189416","Post":null,"ExecuteMethod":2,"SourceResultText":"4.93","SourceResultValue":"4.93","SourceResultExpression":null,"SourceUnitTypeID":100051,"SourceUnitType":{"OrderBy":52,"MasterDataID":null,"CDD_ID":null,"NameRU":"ммоль/л","NameKZ":"ммоль/л","Name":"ммоль/л","PublicCode":"10005100","EndDate":null,"ID":"100051","StrID":"100051"},"MultiplierID":null,"IsApproved":false,"IsValidated":false,"StandardMatchType":0,"ApproveDate":null,"ApprovePostID":null,"ApprovePost":null,"OrderNum":1,"WorkPlaceID":20747,"OrderID":null,"BacteriologyResult":null,"AnalyzerId":38,"IsOrderProductionControl":false,"ID":"207136370","StrID":"207136370"}
30.08.2026 8:23:08	Information:	Result object to save: 
30.08.2026 8:23:08	Information:	{"OrderResearchID":67067908,"OrderResearch":null,"ParameterID":200852,"Parameter":{"ShortNameRU":"мочевина в сыворотке крови","ShortNameKZ":"қан сарысуындағы несепнәр","ShortName":"мочевина в сыворотке крови","DataType":0,"DataTypeName":"Число","UnitTypeID":100051,"UnitType":{"NameRU":"ммоль/л","NameKZ":"ммоль/л","Name":"ммоль/л","PublicCode":"10005100","OrderBy":52,"ID":100051,"StrID":"100051"},"MedicalFormID":null,"MedicalForm":null,"NameRU":"мочевина в сыворотке крови","NameKZ":"қан сарысуындағы несепнәр","Name":"мочевина в сыворотке крови","PublicCode":"20085200","OrderBy":null,"ID":200852,"StrID":"200852"},"ParameterValueID":null,"ParameterValue":null,"ResultText":"4.97","ResultValue":null,"ResultDate":"2026-08-30T08:23:08.0043034+05:00","PostID":0,"Post":null,"ExecuteMethod":2,"SourceResultText":"4.97","SourceResultValue":null,"SourceResultExpression":null,"SourceUnitTypeID":100051,"SourceUnitType":{"NameRU":"ммоль/л","NameKZ":"ммоль/л","Name":"ммоль/л","PublicCode":"10005100","OrderBy":52,"ID":100051,"StrID":"100051"},"IsApproved":false,"ApproveDate":null,"ApprovePostID":null,"ApprovePost":null,"OrderNum":1,"WorkPlaceID":20747,"DriverManagerID":150,"BacteriologyResult":null,"AnalyzerId":38,"IsOrderProductionControl":false,"ID":0,"StrID":"0"}
30.08.2026 8:23:08	Information:	Save string: 
30.08.2026 8:23:08	Information:	{"OrderResearchID":67067908,"OrderResearch":{"OrderID":31120608,"ServiceMoID":2164626,"ServiceMoMasterDataID":8269504,"ServiceMo":{"OrgHealthCareID":"45500000000000909","ServiceID":295,"NameRU":"Определение мочевины в сыворотке крови на анализаторе","NameKZ":"Қан сарысуындағы несепнәрді  талдауышта анықтау ","Name":"Определение мочевины в сыворотке крови на анализаторе","ShortNameRU":"Определение мочевины в сыворотке крови на анализаторе","ShortNameKZ":"Қан сарысуындағы несепнәрді  талдауышта анықтау ","ShortName":"Определение мочевины в сыворотке крови на анализаторе","FullName":"B03.386.002 - Определение мочевины в сыворотке крови на анализаторе","Code":"B03.386.002","ExternalCode":null,"ServiceClassID":5,"ServiceClass":{"ServiceTypeID":2,"OrderBy":5,"MasterDataID":5,"NameRU":"Клиническая химия (биохимия)","NameKZ":"Клиникалық химия (биохимия)","Name":"Клиническая химия (биохимия)","PublicCode":"500","EndDate":null,"ID":"5","StrID":"5"},"Service":{"NameRU":"Определение мочевины в сыворотке крови на анализаторе","NameKZ":"Қан сарысуындағы несепнәрді талдауышта анықтау","Name":"Определение мочевины в сыворотке крови на анализаторе","ShortNameRU":"Мочевина на анализаторе","ShortNameKZ":"Мочевина на анализаторе","ShortName":"Мочевина на анализаторе","FullName":"B03.386.002 - Определение мочевины в сыворотке крови на анализаторе","Code":"B03.386.002","ServiceClassID":5,"ServiceClass":null,"ServiceSubClassID":6,"ServiceSubClass":null,"MaterialTypeID":202,"MaterialType":null,"MasterDataID":3136,"ID":"295","StrID":"295"},"MasterDataID":8269504,"ServiceSubClassID":6,"PayType":1,"ServiceSubClass":null,"ID":"2164626","StrID":"2164626"},"FullName":"B03.386.002 - Определение мочевины в сыворотке крови на анализаторе  () ","IsMain":true,"SourceID":"144972828_33977033","WorkPlaceID":20747,"WorkPlace":null,"DriverManager":null,"ParameterID":null,"Parameter":null,"AdditionalInfo":null,"Status":1,"PerformetServiceCount":7,"ResearchResultCount":0,"ApproveResearchResultCount":0,"NotSaveResearchResultCount":0,"ParentID":null,"ScreeningCandidatePlanGuid":null,"ScreeningUrl":null,"TakePlace":null,"MaterialTypeID":null,"MaterialType":null,"PartCount":0,"IsOrderProductionControl":false,"Uid":"b0cd2f8a-131e-4ad7-9a9b-bb21b03b617d","OrderPerformerServices":[],"OrderResearchAllergens":[],"Results":[],"IsResumed":false,"ExecutionType":0,"ID":"67067908","StrID":"67067908"},"ParameterID":200852,"Parameter":{"ShortNameRU":"мочевина в сыворотке крови","ShortNameKZ":"қан сарысуындағы несепнәр","ShortName":"мочевина в сыворотке крови","DataType":0,"DataTypeName":"Число","UnitTypeID":100051,"UnitType":null,"MedicalFormID":null,"MasterDataID":0,"MedicalForm":null,"NameWithDataType":"мочевина в сыворотке крови  (Число)","NameRU":"мочевина в сыворотке крови","NameKZ":"қан сарысуындағы несепнәр","Name":"мочевина в сыворотке крови","PublicCode":"20085200","EndDate":null,"ID":"200852","StrID":"200852"},"ParameterValues":null,"ParameterValueID":null,"ParameterValue":null,"ResultText":"4.97","ResultValue":"4.97","ResultDate":"2026-08-30T08:23:08.8000466+05:00","PostID":"189416","Post":null,"ExecuteMethod":2,"SourceResultText":"4.97","SourceResultValue":"4.97","SourceResultExpression":null,"SourceUnitTypeID":100051,"SourceUnitType":{"OrderBy":52,"MasterDataID":null,"CDD_ID":null,"NameRU":"ммоль/л","NameKZ":"ммоль/л","Name":"ммоль/л","PublicCode":"10005100","EndDate":null,"ID":"100051","StrID":"100051"},"MultiplierID":null,"IsApproved":false,"IsValidated":false,"StandardMatchType":0,"ApproveDate":null,"ApprovePostID":null,"ApprovePost":null,"OrderNum":1,"WorkPlaceID":20747,"OrderID":null,"BacteriologyResult":null,"AnalyzerId":38,"IsOrderProductionControl":false,"ID":"207136371","StrID":"207136371"}
30.08.2026 8:23:08	Information:	Result object to save: 
30.08.2026 8:23:08	Information:	{"OrderResearchID":67067909,"OrderResearch":null,"ParameterID":200744,"Parameter":{"ShortNameRU":"креатинин в крови","ShortNameKZ":"қандағы креатинин","ShortName":"креатинин в крови","DataType":0,"DataTypeName":"Число","UnitTypeID":100041,"UnitType":{"NameRU":"мкмоль/л","NameKZ":"мкмоль/л","Name":"мкмоль/л","PublicCode":"10004100","OrderBy":42,"ID":100041,"StrID":"100041"},"MedicalFormID":null,"MedicalForm":null,"NameRU":"креатинин в крови","NameKZ":"қандағы креатинин","Name":"креатинин в крови","PublicCode":"20074400","OrderBy":null,"ID":200744,"StrID":"200744"},"ParameterValueID":null,"ParameterValue":null,"ResultText":"51.13","ResultValue":null,"ResultDate":"2026-08-30T08:23:08.0043034+05:00","PostID":0,"Post":null,"ExecuteMethod":2,"SourceResultText":"51.13","SourceResultValue":null,"SourceResultExpression":null,"SourceUnitTypeID":100041,"SourceUnitType":{"NameRU":"мкмоль/л","NameKZ":"мкмоль/л","Name":"мкмоль/л","PublicCode":"10004100","OrderBy":42,"ID":100041,"StrID":"100041"},"IsApproved":false,"ApproveDate":null,"ApprovePostID":null,"ApprovePost":null,"OrderNum":1,"WorkPlaceID":20747,"DriverManagerID":150,"BacteriologyResult":null,"AnalyzerId":38,"IsOrderProductionControl":false,"ID":0,"StrID":"0"}
30.08.2026 8:23:08	Information:	Save string: 
30.08.2026 8:23:08	Information:	{"OrderResearchID":67067909,"OrderResearch":{"OrderID":31120608,"ServiceMoID":2164651,"ServiceMoMasterDataID":8269505,"ServiceMo":{"OrgHealthCareID":"45500000000000909","ServiceID":296,"NameRU":"Определение креатинина в сыворотке крови на анализаторе","NameKZ":"Қан сарысуындағы  креатининді талдауышта анықтау ","Name":"Определение креатинина в сыворотке крови на анализаторе","ShortNameRU":"Определение креатинина в сыворотке крови на анализаторе","ShortNameKZ":"Қан сарысуындағы  креатининді талдауышта анықтау ","ShortName":"Определение креатинина в сыворотке крови на анализаторе","FullName":"B03.363.002 - Определение креатинина в сыворотке крови на анализаторе","Code":"B03.363.002","ExternalCode":null,"ServiceClassID":5,"ServiceClass":{"ServiceTypeID":2,"OrderBy":5,"MasterDataID":5,"NameRU":"Клиническая химия (биохимия)","NameKZ":"Клиникалық химия (биохимия)","Name":"Клиническая химия (биохимия)","PublicCode":"500","EndDate":null,"ID":"5","StrID":"5"},"Service":{"NameRU":"Определение креатинина в сыворотке крови на анализаторе","NameKZ":"Қан сарысуындағы креатининді талдауышта анықтау","Name":"Определение креатинина в сыворотке крови на анализаторе","ShortNameRU":"Креатинин на анализаторе","ShortNameKZ":"Креатинин на анализаторе","ShortName":"Креатинин на анализаторе","FullName":"B03.363.002 - Определение креатинина в сыворотке крови на анализаторе","Code":"B03.363.002","ServiceClassID":5,"ServiceClass":null,"ServiceSubClassID":6,"ServiceSubClass":null,"MaterialTypeID":202,"MaterialType":null,"MasterDataID":3137,"ID":"296","StrID":"296"},"MasterDataID":8269505,"ServiceSubClassID":6,"PayType":1,"ServiceSubClass":null,"ID":"2164651","StrID":"2164651"},"FullName":"B03.363.002 - Определение креатинина в сыворотке крови на анализаторе  () ","IsMain":true,"SourceID":"144972828_33977034","WorkPlaceID":20747,"WorkPlace":null,"DriverManager":null,"ParameterID":null,"Parameter":null,"AdditionalInfo":null,"Status":1,"PerformetServiceCount":7,"ResearchResultCount":0,"ApproveResearchResultCount":0,"NotSaveResearchResultCount":0,"ParentID":null,"ScreeningCandidatePlanGuid":null,"ScreeningUrl":null,"TakePlace":null,"MaterialTypeID":null,"MaterialType":null,"PartCount":0,"IsOrderProductionControl":false,"Uid":"f43ccd40-3003-4a92-9189-70dc9e5754fc","OrderPerformerServices":[],"OrderResearchAllergens":[],"Results":[],"IsResumed":false,"ExecutionType":0,"ID":"67067909","StrID":"67067909"},"ParameterID":200744,"Parameter":{"ShortNameRU":"креатинин в крови","ShortNameKZ":"қандағы креатинин","ShortName":"креатинин в крови","DataType":0,"DataTypeName":"Число","UnitTypeID":100041,"UnitType":null,"MedicalFormID":null,"MasterDataID":0,"MedicalForm":null,"NameWithDataType":"креатинин в крови  (Число)","NameRU":"креатинин в крови","NameKZ":"қандағы креатинин","Name":"креатинин в крови","PublicCode":"20074400","EndDate":null,"ID":"200744","StrID":"200744"},"ParameterValues":null,"ParameterValueID":null,"ParameterValue":null,"ResultText":"51.13","ResultValue":"51.13","ResultDate":"2026-08-30T08:23:08.8669953+05:00","PostID":"189416","Post":null,"ExecuteMethod":2,"SourceResultText":"51.13","SourceResultValue":"51.13","SourceResultExpression":null,"SourceUnitTypeID":100041,"SourceUnitType":{"OrderBy":42,"MasterDataID":null,"CDD_ID":null,"NameRU":"мкмоль/л","NameKZ":"мкмоль/л","Name":"мкмоль/л","PublicCode":"10004100","EndDate":null,"ID":"100041","StrID":"100041"},"MultiplierID":null,"IsApproved":false,"IsValidated":false,"StandardMatchType":0,"ApproveDate":null,"ApprovePostID":null,"ApprovePost":null,"OrderNum":1,"WorkPlaceID":20747,"OrderID":null,"BacteriologyResult":null,"AnalyzerId":38,"IsOrderProductionControl":false,"ID":"207136372","StrID":"207136372"}
30.08.2026 8:23:08	Information:	Result object to save: 
30.08.2026 8:23:08	Information:	{"OrderResearchID":67067910,"OrderResearch":null,"ParameterID":201150,"Parameter":{"ShortNameRU":"СРБ","ShortNameKZ":"СРА","ShortName":"СРБ","DataType":0,"DataTypeName":"Число","UnitTypeID":100026,"UnitType":{"NameRU":"мг/л","NameKZ":"мг/л","Name":"мг/л","PublicCode":"10002600","OrderBy":27,"ID":100026,"StrID":"100026"},"MedicalFormID":null,"MedicalForm":null,"NameRU":"СРБ","NameKZ":"СРА","Name":"СРБ","PublicCode":"20115000","OrderBy":null,"ID":201150,"StrID":"201150"},"ParameterValueID":null,"ParameterValue":null,"ResultText":"37.25","ResultValue":null,"ResultDate":"2026-08-30T08:23:08.0043034+05:00","PostID":0,"Post":null,"ExecuteMethod":2,"SourceResultText":"37.25","SourceResultValue":null,"SourceResultExpression":null,"SourceUnitTypeID":100026,"SourceUnitType":{"NameRU":"мг/л","NameKZ":"мг/л","Name":"мг/л","PublicCode":"10002600","OrderBy":27,"ID":100026,"StrID":"100026"},"IsApproved":false,"ApproveDate":null,"ApprovePostID":null,"ApprovePost":null,"OrderNum":1,"WorkPlaceID":20747,"DriverManagerID":150,"BacteriologyResult":null,"AnalyzerId":38,"IsOrderProductionControl":false,"ID":0,"StrID":"0"}
30.08.2026 8:23:08	Information:	Save string: 
30.08.2026 8:23:08	Information:	{"OrderResearchID":67067910,"OrderResearch":{"OrderID":31120608,"ServiceMoID":2164726,"ServiceMoMasterDataID":8269508,"ServiceMo":{"OrgHealthCareID":"45500000000000909","ServiceID":299,"NameRU":"Определение «C» реактивного белка (СРБ) в сыворотке крови количественно","NameKZ":"Қан сарысуында \"C\" реактивті нәруызын сандық анықтау","Name":"Определение «C» реактивного белка (СРБ) в сыворотке крови количественно","ShortNameRU":"Определение «C» реактивного белка (СРБ) в сыворотке крови количественно","ShortNameKZ":"Қан сарысуында \"C\" реактивті нәруызын сандық анықтау","ShortName":"Определение «C» реактивного белка (СРБ) в сыворотке крови количественно","FullName":"B03.115.002 - Определение «C» реактивного белка (СРБ) в сыворотке крови количественно","Code":"B03.115.002","ExternalCode":null,"ServiceClassID":5,"ServiceClass":{"ServiceTypeID":2,"OrderBy":5,"MasterDataID":5,"NameRU":"Клиническая химия (биохимия)","NameKZ":"Клиникалық химия (биохимия)","Name":"Клиническая химия (биохимия)","PublicCode":"500","EndDate":null,"ID":"5","StrID":"5"},"Service":{"NameRU":"Определение «C» реактивного белка (СРБ) в сыворотке крови количественно","NameKZ":"Қан сарысуында \"C\" реактивті нәруызын сандық анықтау","Name":"Определение «C» реактивного белка (СРБ) в сыворотке крови количественно","ShortNameRU":"СРБ на анализаторе","ShortNameKZ":"СРБ на анализаторе","ShortName":"СРБ на анализаторе","FullName":"B03.115.002 - Определение «C» реактивного белка (СРБ) в сыворотке крови количественно","Code":"B03.115.002","ServiceClassID":5,"ServiceClass":null,"ServiceSubClassID":6,"ServiceSubClass":null,"MaterialTypeID":202,"MaterialType":null,"MasterDataID":3140,"ID":"299","StrID":"299"},"MasterDataID":8269508,"ServiceSubClassID":6,"PayType":1,"ServiceSubClass":null,"ID":"2164726","StrID":"2164726"},"FullName":"B03.115.002 - Определение «C» реактивного белка (СРБ) в сыворотке крови количественно  () ","IsMain":true,"SourceID":"144972828_33977040","WorkPlaceID":20747,"WorkPlace":null,"DriverManager":null,"ParameterID":null,"Parameter":null,"AdditionalInfo":null,"Status":1,"PerformetServiceCount":7,"ResearchResultCount":0,"ApproveResearchResultCount":0,"NotSaveResearchResultCount":0,"ParentID":null,"ScreeningCandidatePlanGuid":null,"ScreeningUrl":null,"TakePlace":null,"MaterialTypeID":null,"MaterialType":null,"PartCount":0,"IsOrderProductionControl":false,"Uid":"74aa3d81-2ae5-47d2-986b-c8d9955cfcdb","OrderPerformerServices":[],"OrderResearchAllergens":[],"Results":[],"IsResumed":false,"ExecutionType":0,"ID":"67067910","StrID":"67067910"},"ParameterID":201150,"Parameter":{"ShortNameRU":"СРБ","ShortNameKZ":"СРА","ShortName":"СРБ","DataType":0,"DataTypeName":"Число","UnitTypeID":100026,"UnitType":null,"MedicalFormID":null,"MasterDataID":0,"MedicalForm":null,"NameWithDataType":"СРБ  (Число)","NameRU":"СРБ","NameKZ":"СРА","Name":"СРБ","PublicCode":"20115000","EndDate":null,"ID":"201150","StrID":"201150"},"ParameterValues":null,"ParameterValueID":null,"ParameterValue":null,"ResultText":"37.25","ResultValue":"37.25","ResultDate":"2026-08-30T08:23:08.9340776+05:00","PostID":"189416","Post":null,"ExecuteMethod":2,"SourceResultText":"37.25","SourceResultValue":"37.25","SourceResultExpression":null,"SourceUnitTypeID":100026,"SourceUnitType":{"OrderBy":27,"MasterDataID":null,"CDD_ID":null,"NameRU":"мг/л","NameKZ":"мг/л","Name":"мг/л","PublicCode":"10002600","EndDate":null,"ID":"100026","StrID":"100026"},"MultiplierID":null,"IsApproved":false,"IsValidated":false,"StandardMatchType":0,"ApproveDate":null,"ApprovePostID":null,"ApprovePost":null,"OrderNum":1,"WorkPlaceID":20747,"OrderID":null,"BacteriologyResult":null,"AnalyzerId":38,"IsOrderProductionControl":false,"ID":"207136373","StrID":"207136373"}
30.08.2026 8:23:08	Debug:	 SendResults SaveDeviceResults = 808 ms
30.08.2026 8:23:08	Debug:	 total for SendResults = 1236 ms
30.08.2026 8:23:38	Information:	url https://lab-vko.dmed.kz/ /api/DriverManager/PingDevice
30.08.2026 8:23:38	Information:	{
"Hash": "w9LjvpRCyoByGV3Lzv0iX9dSI0tLK0uV+pRojL1kufc=",
"Status": 0
}


30.08.2026 8:23:38	Information:	Ping ret is {"Status":0,"Comment":null}
30.08.2026 8:24:29	Information:	refresh tokens
30.08.2026 8:25:39	Information:	url https://lab-vko.dmed.kz/ /api/DriverManager/PingDevice
30.08.2026 8:25:39	Information:	{
"Hash": "w9LjvpRCyoByGV3Lzv0iX9dSI0tLK0uV+pRojL1kufc=",
"Status": 0
}


30.08.2026 8:25:39	Information:	Ping ret is {"Status":0,"Comment":null}
30.08.2026 8:27:39	Information:	url https://lab-vko.dmed.kz/ /api/DriverManager/PingDevice
30.08.2026 8:27:39	Information:	{
"Hash": "w9LjvpRCyoByGV3Lzv0iX9dSI0tLK0uV+pRojL1kufc=",
"Status": 0
}


30.08.2026 8:27:39	Information:	Ping ret is {"Status":0,"Comment":null}
30.08.2026 8:29:40	Information:	url https://lab-vko.dmed.kz/ /api/DriverManager/PingDevice
30.08.2026 8:29:40	Information:	{
"Hash": "w9LjvpRCyoByGV3Lzv0iX9dSI0tLK0uV+pRojL1kufc=",
"Status": 0
}


30.08.2026 8:29:40	Information:	Ping ret is {"Status":0,"Comment":null}
30.08.2026 8:31:40	Information:	url https://lab-vko.dmed.kz/ /api/DriverManager/PingDevice
30.08.2026 8:31:40	Information:	{
"Hash": "w9LjvpRCyoByGV3Lzv0iX9dSI0tLK0uV+pRojL1kufc=",
"Status": 0
}


30.08.2026 8:31:40	Information:	Ping ret is {"Status":0,"Comment":null}
30.08.2026 8:33:41	Information:	url https://lab-vko.dmed.kz/ /api/DriverManager/PingDevice
30.08.2026 8:33:41	Information:	{
"Hash": "w9LjvpRCyoByGV3Lzv0iX9dSI0tLK0uV+pRojL1kufc=",
"Status": 0
}


30.08.2026 8:33:41	Information:	Ping ret is {"Status":0,"Comment":null}
30.08.2026 8:34:29	Information:	refresh tokens
30.08.2026 8:35:41	Information:	url https://lab-vko.dmed.kz/ /api/DriverManager/PingDevice
30.08.2026 8:35:41	Information:	{
"Hash": "w9LjvpRCyoByGV3Lzv0iX9dSI0tLK0uV+pRojL1kufc=",
"Status": 0
}


30.08.2026 8:35:41	Information:	Ping ret is {"Status":0,"Comment":null}
30.08.2026 8:37:42	Information:	url https://lab-vko.dmed.kz/ /api/DriverManager/PingDevice
30.08.2026 8:37:42	Information:	{
"Hash": "w9LjvpRCyoByGV3Lzv0iX9dSI0tLK0uV+pRojL1kufc=",
"Status": 0
}


30.08.2026 8:37:42	Information:	Ping ret is {"Status":0,"Comment":null}
30.08.2026 8:39:42	Information:	url https://lab-vko.dmed.kz/ /api/DriverManager/PingDevice
30.08.2026 8:39:42	Information:	{
"Hash": "w9LjvpRCyoByGV3Lzv0iX9dSI0tLK0uV+pRojL1kufc=",
"Status": 0
}


30.08.2026 8:39:42	Information:	Ping ret is {"Status":0,"Comment":null}
30.08.2026 8:41:43	Information:	url https://lab-vko.dmed.kz/ /api/DriverManager/PingDevice
30.08.2026 8:41:43	Information:	{
"Hash": "w9LjvpRCyoByGV3Lzv0iX9dSI0tLK0uV+pRojL1kufc=",
"Status": 0
}


30.08.2026 8:41:43	Information:	Ping ret is {"Status":0,"Comment":null}
30.08.2026 8:43:43	Information:	url https://lab-vko.dmed.kz/ /api/DriverManager/PingDevice
30.08.2026 8:43:43	Information:	{
"Hash": "w9LjvpRCyoByGV3Lzv0iX9dSI0tLK0uV+pRojL1kufc=",
"Status": 0
}


30.08.2026 8:43:43	Information:	Ping ret is {"Status":0,"Comment":null}
30.08.2026 8:44:29	Information:	refresh tokens
30.08.2026 8:45:44	Information:	url https://lab-vko.dmed.kz/ /api/DriverManager/PingDevice
30.08.2026 8:45:44	Information:	{
"Hash": "w9LjvpRCyoByGV3Lzv0iX9dSI0tLK0uV+pRojL1kufc=",
"Status": 0
}


30.08.2026 8:45:44	Information:	Ping ret is {"Status":0,"Comment":null}
30.08.2026 8:47:44	Information:	url https://lab-vko.dmed.kz/ /api/DriverManager/PingDevice
30.08.2026 8:47:44	Information:	{
"Hash": "w9LjvpRCyoByGV3Lzv0iX9dSI0tLK0uV+pRojL1kufc=",
"Status": 0
}


30.08.2026 8:47:44	Information:	Ping ret is {"Status":0,"Comment":null}
30.08.2026 8:49:45	Information:	url https://lab-vko.dmed.kz/ /api/DriverManager/PingDevice
30.08.2026 8:49:45	Information:	{
"Hash": "w9LjvpRCyoByGV3Lzv0iX9dSI0tLK0uV+pRojL1kufc=",
"Status": 0
}


30.08.2026 8:49:45	Information:	Ping ret is {"Status":0,"Comment":null}
30.08.2026 8:51:45	Information:	url https://lab-vko.dmed.kz/ /api/DriverManager/PingDevice
30.08.2026 8:51:45	Information:	{
"Hash": "w9LjvpRCyoByGV3Lzv0iX9dSI0tLK0uV+pRojL1kufc=",
"Status": 0
}


30.08.2026 8:51:45	Information:	Ping ret is {"Status":0,"Comment":null}
30.08.2026 8:53:46	Information:	url https://lab-vko.dmed.kz/ /api/DriverManager/PingDevice
30.08.2026 8:53:46	Information:	{
"Hash": "w9LjvpRCyoByGV3Lzv0iX9dSI0tLK0uV+pRojL1kufc=",
"Status": 0
}


30.08.2026 8:53:46	Information:	Ping ret is {"Status":0,"Comment":null}
30.08.2026 8:54:29	Information:	refresh tokens
30.08.2026 8:55:46	Information:	url https://lab-vko.dmed.kz/ /api/DriverManager/PingDevice
30.08.2026 8:55:46	Information:	{
"Hash": "w9LjvpRCyoByGV3Lzv0iX9dSI0tLK0uV+pRojL1kufc=",
"Status": 0
}


30.08.2026 8:55:46	Information:	Ping ret is {"Status":0,"Comment":null}
30.08.2026 8:57:47	Information:	url https://lab-vko.dmed.kz/ /api/DriverManager/PingDevice
30.08.2026 8:57:47	Information:	{
"Hash": "w9LjvpRCyoByGV3Lzv0iX9dSI0tLK0uV+pRojL1kufc=",
"Status": 0
}


30.08.2026 8:57:47	Information:	Ping ret is {"Status":0,"Comment":null}
30.08.2026 8:59:47	Information:	url https://lab-vko.dmed.kz/ /api/DriverManager/PingDevice
30.08.2026 8:59:47	Information:	{
"Hash": "w9LjvpRCyoByGV3Lzv0iX9dSI0tLK0uV+pRojL1kufc=",
"Status": 0
}


30.08.2026 8:59:47	Information:	Ping ret is {"Status":0,"Comment":null}
30.08.2026 9:01:48	Information:	url https://lab-vko.dmed.kz/ /api/DriverManager/PingDevice
30.08.2026 9:01:48	Information:	{
"Hash": "w9LjvpRCyoByGV3Lzv0iX9dSI0tLK0uV+pRojL1kufc=",
"Status": 0
}


30.08.2026 9:01:48	Information:	Ping ret is {"Status":0,"Comment":null}
30.08.2026 9:03:48	Information:	url https://lab-vko.dmed.kz/ /api/DriverManager/PingDevice
30.08.2026 9:03:48	Information:	{
"Hash": "w9LjvpRCyoByGV3Lzv0iX9dSI0tLK0uV+pRojL1kufc=",
"Status": 0
}


30.08.2026 9:03:48	Information:	Ping ret is {"Status":0,"Comment":null}
30.08.2026 9:04:29	Information:	refresh tokens
30.08.2026 9:05:49	Information:	url https://lab-vko.dmed.kz/ /api/DriverManager/PingDevice
30.08.2026 9:05:49	Information:	{
"Hash": "w9LjvpRCyoByGV3Lzv0iX9dSI0tLK0uV+pRojL1kufc=",
"Status": 0
}


30.08.2026 9:05:49	Information:	Ping ret is {"Status":0,"Comment":null}
30.08.2026 9:07:50	Information:	url https://lab-vko.dmed.kz/ /api/DriverManager/PingDevice
30.08.2026 9:07:50	Information:	{
"Hash": "w9LjvpRCyoByGV3Lzv0iX9dSI0tLK0uV+pRojL1kufc=",
"Status": 0
}


30.08.2026 9:07:50	Information:	Ping ret is {"Status":0,"Comment":null}
30.08.2026 9:07:57	Information:	Received bytes(encoded):MSH|^~\&|||||20260830090659||ORU^R01|4|P|2.3.1||||0||ASCII|||PID|4|||||||O|||||||||||||||||||||||OBR|4|51566539|1|^|N|20260830084816|20260830084758|20260830084758||1^1||||20260830084758|?????|||||||||||||||||||||||||||||||||OBX|1|NM|CRP|C-Reactive Protein|0.000000|mg/L|-|N|||F||0.000000|20260830090659|||0|LOW,<|
30.08.2026 9:07:57	Information:	Add Frame:
30.08.2026 9:07:57	Information:	MSH|^~\&|||||20260830090659||ORU^R01|4|P|2.3.1||||0||ASCII|||
30.08.2026 9:07:57	Information:	In Header
30.08.2026 9:07:57	Information:	MessageType: ORU
30.08.2026 9:07:57	Information:	After message type
30.08.2026 9:07:57	Information:	After ask
30.08.2026 9:07:57	Information:	After version
30.08.2026 9:07:57	Information:	Add Frame:
30.08.2026 9:07:57	Information:	PID|4|||||||O|||||||||||||||||||||||
30.08.2026 9:07:57	Information:	Add Frame:
30.08.2026 9:07:57	Information:	OBR|4|51566539|1|^|N|20260830084816|20260830084758|20260830084758||1^1||||20260830084758|?????|||||||||||||||||||||||||||||||||
30.08.2026 9:07:57	Information:	Add Frame:
30.08.2026 9:07:57	Information:	OBX|1|NM|CRP|C-Reactive Protein|0.000000|mg/L|-|N|||F||0.000000|20260830090659|||0|LOW,<|
30.08.2026 9:07:57	Information:	Add Frame:
30.08.2026 9:07:57	Information:	
30.08.2026 9:07:57	Debug:	read message: 12ms
30.08.2026 9:07:57	Information:	The answer message is created successfully
30.08.2026 9:07:57	Information:	Sending answer...
30.08.2026 9:07:57	Information:	We are in ORU Message
30.08.2026 9:07:57	Information:	MSH MSH|^~\&|||||20260830090659||ORU^R01|4|P|2.3.1||||0||ASCII||||
30.08.2026 9:07:57	Information:	PID PID|4|||||||O||||||||||||||||||||||||
30.08.2026 9:07:57	Information:	PatientRecord in message is successfully  processed
30.08.2026 9:07:57	Information:	The patient order is successfully processed
30.08.2026 9:07:57	Information:	The order record is successfully processed
30.08.2026 9:07:57	Information:	The ORU message is successfully processed
30.08.2026 9:07:57	Debug:	Process message: 4ms
30.08.2026 9:07:57	Debug:	Total time : 17ms
30.08.2026 9:07:57	Information:	Sended bytes:  11 77 83 72 124 94 126 92 38 124 77 105 110 100 114 97 121 124 124 124 124 50 48 50 54 48 56 51 48 48 57 48 55 53 55 124 124 65 67 75 94 82 48 49 124 52 124 80 124 50 46 51 46 49 124 124 124 124 48 124 124 117 115 45 97 115 99 105 105 124 124 124 13 77 83 65 124 65 65 124 52 124 77 101 115 115 97 103 101 32 97 99 99 101 112 116 101 100 124 124 124 48 124 13 28 13
30.08.2026 9:07:57	Information:	Sended string MSH|^~\&|Mindray||||20260830090757||ACK^R01|4|P|2.3.1||||0||us-ascii|||MSA|AA|4|Message accepted|||0|
30.08.2026 9:07:59	Debug:	SendResults:	check DriverRequests=	0	ms
30.08.2026 9:07:59	Information:	ByBarcode 51566539
30.08.2026 9:07:59	Information:	GetLinesByBarcodes
30.08.2026 9:07:59	Information:	{
"WorkPlaceID": 20747,
"BeginDate": "2026-05-31",
"EndDate": "2026-08-31",
"OrderNumber": "51566539",
"Offset": 0,
"Limit": 1
}


30.08.2026 9:07:59	Information:	GetByBarcodeReturn: 
30.08.2026 9:07:59	Information:	{"Data":[{"ID":31120672,"StrID":"31120672","OrderNumber":"51566539","OrderRegDate":"2026-08-30T06:49:07.09","PlanExecutionDate":"2026-08-30T06:48:00","SenderMoID":45500000000000909,"SenderMo":{"NameRU":"Некоммерческое акционерное общество \"Медицинский университет Семей\"","NameKZ":"\"Семей медицина университеті\" коммерциялық емес акционерлік қоғамы","Name":"Некоммерческое акционерное общество \"Медицинский университет Семей\"","ShortNameRU":"НАО \"МУС\"","ShortNameKZ":"\"СМУ\" КеАҚ","ShortName":"НАО \"МУС\"","PublicCode":"237J","AddressRU":"ВКО, г. Семей, ул. Абая Кунанбаева 103","AddressKZ":"ВКО, г. Семей, ул. Абая Кунанбаева 103","Address":"ВКО, г. Семей, ул. Абая Кунанбаева 103","OriginalID":"45500000000000909","IsWork":true,"RegionID":20,"BIN":"190240004938","MasterDataID":4911,"PhonesData":{"OrgHealthCarePhones":[]},"IsPostmortem":false,"IsHospital":true,"Code":null,"ID":"45500000000000909","StrID":"45500000000000909"},"ReceiverMoID":45500000000000909,"ReceiverMo":null,"PatientDetailID":40914456,"PatientDetail":{"PersonID":"2360121","Person":{"IIN":"260202651575","LastName":"ЗАРИПОВА","FirstName":"АДЕЛЬ","SecondName":"ЗИНУРОВНА","FullName":"ЗАРИПОВА АДЕЛЬ ЗИНУРОВНА","FullNameIOF":"АДЕЛЬ ЗИНУРОВНА ЗАРИПОВА","DisplayText":"260202651575 АДЕЛЬ ЗИНУРОВНА ЗАРИПОВА 02.02.2026","IinFullName":"260202651575 - ЗАРИПОВА АДЕЛЬ ЗИНУРОВНА","BirthDate":"2026-02-02T00:00:00","BirthDateStr":"02.02.2026","DeathDate":null,"DeathDateStr":"","BioSexID":2,"BioSex":null,"NationalityID":null,"Nationality":null,"CitizenshipID":null,"Citizenship":null,"MasterDataID":151043546,"RpnID":"15300000057386680","KmisID":"60300000001874512","Type":1,"Age":0,"IsStillborn":false,"IsEarlyNeonatalDeathUp28days":false,"IsDeadPerson":false,"ID":"2360121","StrID":"2360121"},"AddressRU":"РЕСПУБЛИКА: Казахстан , ОБЛАСТЬ: Абай , ГОРОД ОБЛ.ЗНАЧ.: Семей , УЛИЦА: ДЖАМБУЛА , ДОМ: 5А , КВАРТИРА: 47","AddressKZ":": Қазақстан , : Абай , : Семей Қ. , ЖАМБЫЛ көшесі , YЙ: 5А , ПӘТЕР: 47","Address":"РЕСПУБЛИКА: Казахстан , ОБЛАСТЬ: Абай , ГОРОД ОБЛ.ЗНАЧ.: Семей , УЛИЦА: ДЖАМБУЛА , ДОМ: 5А , КВАРТИРА: 47","MasterDataAddressID":2683359,"WorkPlace":null,"WorkPosition":null,"DocumentNumber":"10678669","DocumentTypeID":null,"DocumentType":null,"NationalityID":null,"DocumentTypeName":null,"Phones":"+7 (778) 130-76-77","ExternalCardID":"5956247","CardType":1,"CardNumber":"65066","CitizenshipCategoryID":1,"CitizenshipCategory":null,"ResidenceTypeID":3,"ResidenceType":null,"MotherPersonID":1120841,"MotherPerson":null,"IsForeigner":false,"IsHomeless":false,"IsDeadPerson":false,"IsResident":true,"ID":"40914456","StrID":"40914456"},"Person":{"IIN":"260202651575","LastName":"ЗАРИПОВА","FirstName":"АДЕЛЬ","SecondName":"ЗИНУРОВНА","FullName":"ЗАРИПОВА АДЕЛЬ ЗИНУРОВНА","FullNameIOF":"АДЕЛЬ ЗИНУРОВНА ЗАРИПОВА","DisplayText":"260202651575 АДЕЛЬ ЗИНУРОВНА ЗАРИПОВА 02.02.2026","IinFullName":"260202651575 - ЗАРИПОВА АДЕЛЬ ЗИНУРОВНА","BirthDate":"2026-02-02T00:00:00","BirthDateStr":"02.02.2026","DeathDate":null,"DeathDateStr":"","BioSexID":2,"BioSex":null,"NationalityID":null,"Nationality":null,"CitizenshipID":null,"Citizenship":null,"MasterDataID":151043546,"RpnID":"15300000057386680","KmisID":"60300000001874512","Type":1,"Age":0,"IsStillborn":false,"IsEarlyNeonatalDeathUp28days":false,"IsDeadPerson":false,"ID":"2360121","StrID":"2360121"},"IsCito":false,"ExternalSystem":1,"OrderResultFileID":null,"OrderResultFileStorageID":null,"OrderResultDate":null,"Status":1,"DeleteDate":null,"ResultNotes":null,"Comment":"","ExternalOrderNumber":"51566539","ExaminationTypeID":null,"ExaminationType":null,"ExaminationIndicationID":null,"ExaminationIndication":null,"Uid":"465A4A03-4203-4238-96F8-2675671EE7BA","SenderPostFullName":"САКЕНОВА ДАНА МУРАТКАНОВНА","SenderFuncStructureNameRU":"Отделение педиатрии","SenderFuncStructureNameKZ":"Педиатр бөлімі","IsSamplingOfMaterialsAtReceiver":false,"MisID":42120635,"Materials":[{"OrderID":31120672,"Uid":"843706c6-b0db-4c4c-8054-8b53c1cfbd7d","MaterialNumber":"51566539","MaterialTypeID":363,"MaterialType":{"OrderBy":0,"ParentID":202,"HasChildren":false,"MasterDataID":489,"Parent":null,"NameRU":"Кровь венозная","NameKZ":"Кровь венозная","Name":"Кровь венозная","PublicCode":"36300","EndDate":null,"ID":"363","StrID":"363"},"TakeDate":"2026-08-30T06:48:00","TakeDateStr":"30.08.2026 06:48","TakePlace":"ПЕДИАТРИЯ","RejectionReason":null,"RejectionTakenMeasures":null,"ReceiptDate":null,"ReceiptDateStr":null,"RejectionCreatePostID":null,"RejectionCreatePost":null,"SampleCollectorPostIIN":"921119450748","SampleCollectorPostID":null,"Researches":[],"RejectedMaterialImageID":null,"File":null,"ID":"31407266","StrID":"31407266"}],"Researches":[]}],"Total":1}
30.08.2026 9:07:59	Information:	OrderedWW 51566539 Biomat 0 Device 20747
30.08.2026 9:07:59	Information:	ResearchResult
30.08.2026 9:07:59	Information:	{
"OrderID": "31120672",
"WorkPlaceID": 20747
}


30.08.2026 9:07:59	Information:	[{"OrderResearchID":67068054,"OrderResearch":null,"ParameterID":201150,"Parameter":{"ShortNameRU":"СРБ","ShortNameKZ":"СРА","ShortName":"СРБ","DataType":0,"DataTypeName":"Число","UnitTypeID":100026,"UnitType":{"OrderBy":27,"MasterDataID":null,"CDD_ID":null,"NameRU":"мг/л","NameKZ":"мг/л","Name":"мг/л","PublicCode":"10002600","EndDate":null,"ID":"100026","StrID":"100026"},"MedicalFormID":null,"MasterDataID":0,"MedicalForm":null,"NameWithDataType":"СРБ  (Число)","NameRU":"СРБ","NameKZ":"СРА","Name":"СРБ","PublicCode":"20115000","EndDate":null,"ID":"201150","StrID":"201150"},"ParameterValues":null,"ParameterValueID":null,"ParameterValue":null,"ResultText":null,"ResultValue":null,"ResultDate":"2026-08-30T09:07:59.6364823+05:00","PostID":"0","Post":null,"ExecuteMethod":2,"SourceResultText":null,"SourceResultValue":null,"SourceResultExpression":null,"SourceUnitTypeID":100026,"SourceUnitType":{"OrderBy":27,"MasterDataID":null,"CDD_ID":null,"NameRU":"мг/л","NameKZ":"мг/л","Name":"мг/л","PublicCode":"10002600","EndDate":null,"ID":"100026","StrID":"100026"},"MultiplierID":null,"IsApproved":false,"IsValidated":false,"StandardMatchType":0,"ApproveDate":null,"ApprovePostID":null,"ApprovePost":null,"OrderNum":1,"WorkPlaceID":20747,"OrderID":null,"BacteriologyResult":null,"AnalyzerId":null,"IsOrderProductionControl":false,"ID":"0","StrID":"0"}]
30.08.2026 9:07:59	Information:	TestsWW spec 201150, 
30.08.2026 9:07:59	Information:	Querry lines count: 1
30.08.2026 9:07:59	Debug:	SendResults:	fix DriverRequests=	281	ms
30.08.2026 9:07:59	Information:	SAMPLE! 51566539 DeviceDriverResult Sample: 51566539 Suggest: . Do Request True
30.08.2026 9:07:59	Information:	Sample request count: 1
30.08.2026 9:07:59	Information:	MU is mg/L
30.08.2026 9:07:59	Information:	Driver Collations count 0
30.08.2026 9:07:59	Information:	MU collations count=0
30.08.2026 9:07:59	Debug:	SendResults:	SetTestsValues first SetTestsValues=	2	ms
30.08.2026 9:07:59	Debug:	SendResults:	Device Total = 286 ms
30.08.2026 9:07:59	Information:	Saving 51566539
30.08.2026 9:07:59	Information:	Start test result saving
30.08.2026 9:07:59	Information:	Result object to save: 
30.08.2026 9:07:59	Information:	{"OrderResearchID":67068054,"OrderResearch":null,"ParameterID":201150,"Parameter":{"ShortNameRU":"СРБ","ShortNameKZ":"СРА","ShortName":"СРБ","DataType":0,"DataTypeName":"Число","UnitTypeID":100026,"UnitType":{"NameRU":"мг/л","NameKZ":"мг/л","Name":"мг/л","PublicCode":"10002600","OrderBy":27,"ID":100026,"StrID":"100026"},"MedicalFormID":null,"MedicalForm":null,"NameRU":"СРБ","NameKZ":"СРА","Name":"СРБ","PublicCode":"20115000","OrderBy":null,"ID":201150,"StrID":"201150"},"ParameterValueID":null,"ParameterValue":null,"ResultText":"0","ResultValue":null,"ResultDate":"2026-08-30T09:07:59.6364823+05:00","PostID":0,"Post":null,"ExecuteMethod":2,"SourceResultText":"0","SourceResultValue":null,"SourceResultExpression":null,"SourceUnitTypeID":100026,"SourceUnitType":{"NameRU":"мг/л","NameKZ":"мг/л","Name":"мг/л","PublicCode":"10002600","OrderBy":27,"ID":100026,"StrID":"100026"},"IsApproved":false,"ApproveDate":null,"ApprovePostID":null,"ApprovePost":null,"OrderNum":1,"WorkPlaceID":20747,"DriverManagerID":150,"BacteriologyResult":null,"AnalyzerId":38,"IsOrderProductionControl":false,"ID":0,"StrID":"0"}
30.08.2026 9:07:59	Information:	Save string: 
30.08.2026 9:07:59	Information:	{"OrderResearchID":67068054,"OrderResearch":{"OrderID":31120672,"ServiceMoID":2164726,"ServiceMoMasterDataID":8269508,"ServiceMo":{"OrgHealthCareID":"45500000000000909","ServiceID":299,"NameRU":"Определение «C» реактивного белка (СРБ) в сыворотке крови количественно","NameKZ":"Қан сарысуында \"C\" реактивті нәруызын сандық анықтау","Name":"Определение «C» реактивного белка (СРБ) в сыворотке крови количественно","ShortNameRU":"Определение «C» реактивного белка (СРБ) в сыворотке крови количественно","ShortNameKZ":"Қан сарысуында \"C\" реактивті нәруызын сандық анықтау","ShortName":"Определение «C» реактивного белка (СРБ) в сыворотке крови количественно","FullName":"B03.115.002 - Определение «C» реактивного белка (СРБ) в сыворотке крови количественно","Code":"B03.115.002","ExternalCode":null,"ServiceClassID":5,"ServiceClass":{"ServiceTypeID":2,"OrderBy":5,"MasterDataID":5,"NameRU":"Клиническая химия (биохимия)","NameKZ":"Клиникалық химия (биохимия)","Name":"Клиническая химия (биохимия)","PublicCode":"500","EndDate":null,"ID":"5","StrID":"5"},"Service":{"NameRU":"Определение «C» реактивного белка (СРБ) в сыворотке крови количественно","NameKZ":"Қан сарысуында \"C\" реактивті нәруызын сандық анықтау","Name":"Определение «C» реактивного белка (СРБ) в сыворотке крови количественно","ShortNameRU":"СРБ на анализаторе","ShortNameKZ":"СРБ на анализаторе","ShortName":"СРБ на анализаторе","FullName":"B03.115.002 - Определение «C» реактивного белка (СРБ) в сыворотке крови количественно","Code":"B03.115.002","ServiceClassID":5,"ServiceClass":null,"ServiceSubClassID":6,"ServiceSubClass":null,"MaterialTypeID":202,"MaterialType":null,"MasterDataID":3140,"ID":"299","StrID":"299"},"MasterDataID":8269508,"ServiceSubClassID":6,"PayType":1,"ServiceSubClass":null,"ID":"2164726","StrID":"2164726"},"FullName":"B03.115.002 - Определение «C» реактивного белка (СРБ) в сыворотке крови количественно  () ","IsMain":true,"SourceID":"144934014_33965377","WorkPlaceID":20747,"WorkPlace":null,"DriverManager":null,"ParameterID":null,"Parameter":null,"AdditionalInfo":null,"Status":1,"PerformetServiceCount":7,"ResearchResultCount":0,"ApproveResearchResultCount":0,"NotSaveResearchResultCount":0,"ParentID":null,"ScreeningCandidatePlanGuid":null,"ScreeningUrl":null,"TakePlace":null,"MaterialTypeID":null,"MaterialType":null,"PartCount":0,"IsOrderProductionControl":false,"Uid":"3cbdd642-7ed7-4eec-bacd-bf5f774dd75b","OrderPerformerServices":[],"OrderResearchAllergens":[],"Results":[],"IsResumed":false,"ExecutionType":0,"ID":"67068054","StrID":"67068054"},"ParameterID":201150,"Parameter":{"ShortNameRU":"СРБ","ShortNameKZ":"СРА","ShortName":"СРБ","DataType":0,"DataTypeName":"Число","UnitTypeID":100026,"UnitType":null,"MedicalFormID":null,"MasterDataID":0,"MedicalForm":null,"NameWithDataType":"СРБ  (Число)","NameRU":"СРБ","NameKZ":"СРА","Name":"СРБ","PublicCode":"20115000","EndDate":null,"ID":"201150","StrID":"201150"},"ParameterValues":null,"ParameterValueID":null,"ParameterValue":null,"ResultText":"0.00","ResultValue":"0.00","ResultDate":"2026-08-30T09:07:59.756313+05:00","PostID":"189416","Post":null,"ExecuteMethod":2,"SourceResultText":"0.00","SourceResultValue":"0.00","SourceResultExpression":null,"SourceUnitTypeID":100026,"SourceUnitType":{"OrderBy":27,"MasterDataID":null,"CDD_ID":null,"NameRU":"мг/л","NameKZ":"мг/л","Name":"мг/л","PublicCode":"10002600","EndDate":null,"ID":"100026","StrID":"100026"},"MultiplierID":null,"IsApproved":false,"IsValidated":false,"StandardMatchType":0,"ApproveDate":null,"ApprovePostID":null,"ApprovePost":null,"OrderNum":1,"WorkPlaceID":20747,"OrderID":null,"BacteriologyResult":null,"AnalyzerId":38,"IsOrderProductionControl":false,"ID":"207137577","StrID":"207137577"}
30.08.2026 9:07:59	Debug:	 SendResults SaveDeviceResults = 134 ms
30.08.2026 9:09:27	Information:	Received bytes(encoded):MSH|^~\&|||||20260830090829||ORU^R01|5|P|2.3.1||||0||ASCII|||PID|5|||||||O|||||||||||||||||||||||OBR|5|51566529|2|^|N|20260830084859|20260830084816|20260830084816||1^2||||20260830084816|?????|||||||||||||||||||||||||||||||||OBX|1|NM|ALT|Alanine Aminotransferase|9.303003|U/L|-|N|||F||9.303003|20260830090644|||0||OBX|2|NM|AST|Aspartate Aminotransferase|29.199576|U/L|-|N|||F||29.199576|20260830090659|||0||OBX|3|NM|CRP|C-Reactive Protein|2.670686|mg/L|-|N|||F||2.670686|20260830090829|||0||OBX|4|NM|TP|Total Protein|66.541616|g/L|-|N|||F||66.541616|20260830090801|||0||OBX|5|NM|TC|Total Cholesterol|2.951254|mmol/L|-|N|||F||2.951254|20260830090400|||0|RGTE|OBX|6|NM|CREA-S|Creatinine (Sarcosine Oxidase Method)|22.719387|?mol/L|-|N|||F||22.719387|20260830090759|||0||OBX|7|NM|UREA|Urea|3.949500|mmol/L|-|N|||F||3.949500|20260830090644|||0||OBX|8|NM||AST/ALT|3.139785||-|N|||F||3.139785||||||
30.08.2026 9:09:27	Information:	Add Frame:
30.08.2026 9:09:27	Information:	MSH|^~\&|||||20260830090829||ORU^R01|5|P|2.3.1||||0||ASCII|||
30.08.2026 9:09:27	Information:	In Header
30.08.2026 9:09:27	Information:	MessageType: ORU
30.08.2026 9:09:27	Information:	After message type
30.08.2026 9:09:27	Information:	After ask
30.08.2026 9:09:27	Information:	After version
30.08.2026 9:09:27	Information:	Add Frame:
30.08.2026 9:09:27	Information:	PID|5|||||||O|||||||||||||||||||||||
30.08.2026 9:09:27	Information:	Add Frame:
30.08.2026 9:09:27	Information:	OBR|5|51566529|2|^|N|20260830084859|20260830084816|20260830084816||1^2||||20260830084816|?????|||||||||||||||||||||||||||||||||
30.08.2026 9:09:27	Information:	Add Frame:
30.08.2026 9:09:27	Information:	OBX|1|NM|ALT|Alanine Aminotransferase|9.303003|U/L|-|N|||F||9.303003|20260830090644|||0||
30.08.2026 9:09:27	Information:	Add Frame:
30.08.2026 9:09:27	Information:	OBX|2|NM|AST|Aspartate Aminotransferase|29.199576|U/L|-|N|||F||29.199576|20260830090659|||0||
30.08.2026 9:09:27	Information:	Add Frame:
30.08.2026 9:09:27	Information:	OBX|3|NM|CRP|C-Reactive Protein|2.670686|mg/L|-|N|||F||2.670686|20260830090829|||0||
30.08.2026 9:09:27	Information:	Add Frame:
30.08.2026 9:09:27	Information:	OBX|4|NM|TP|Total Protein|66.541616|g/L|-|N|||F||66.541616|20260830090801|||0||
30.08.2026 9:09:27	Information:	Add Frame:
30.08.2026 9:09:27	Information:	OBX|5|NM|TC|Total Cholesterol|2.951254|mmol/L|-|N|||F||2.951254|20260830090400|||0|RGTE|
30.08.2026 9:09:27	Information:	Add Frame:
30.08.2026 9:09:27	Information:	OBX|6|NM|CREA-S|Creatinine (Sarcosine Oxidase Method)|22.719387|?mol/L|-|N|||F||22.719387|20260830090759|||0||
30.08.2026 9:09:27	Information:	Add Frame:
30.08.2026 9:09:27	Information:	OBX|7|NM|UREA|Urea|3.949500|mmol/L|-|N|||F||3.949500|20260830090644|||0||
30.08.2026 9:09:27	Information:	Add Frame:
30.08.2026 9:09:27	Information:	OBX|8|NM||AST/ALT|3.139785||-|N|||F||3.139785||||||
30.08.2026 9:09:27	Information:	Add Frame:
30.08.2026 9:09:27	Information:	
30.08.2026 9:09:27	Debug:	read message: 17ms
30.08.2026 9:09:27	Information:	The answer message is created successfully
30.08.2026 9:09:27	Information:	Sending answer...
30.08.2026 9:09:27	Information:	We are in ORU Message
30.08.2026 9:09:27	Information:	MSH MSH|^~\&|||||20260830090829||ORU^R01|5|P|2.3.1||||0||ASCII||||
30.08.2026 9:09:27	Information:	PID PID|5|||||||O||||||||||||||||||||||||
30.08.2026 9:09:27	Information:	PatientRecord in message is successfully  processed
30.08.2026 9:09:27	Information:	The patient order is successfully processed
30.08.2026 9:09:27	Information:	The order record is successfully processed
30.08.2026 9:09:27	Information:	The order record is successfully processed
30.08.2026 9:09:27	Information:	The order record is successfully processed
30.08.2026 9:09:27	Information:	The order record is successfully processed
30.08.2026 9:09:27	Information:	The order record is successfully processed
30.08.2026 9:09:27	Information:	The order record is successfully processed
30.08.2026 9:09:27	Information:	The order record is successfully processed
30.08.2026 9:09:27	Information:	The order record is successfully processed
30.08.2026 9:09:27	Information:	The ORU message is successfully processed
30.08.2026 9:09:27	Debug:	Process message: 6ms
30.08.2026 9:09:27	Debug:	Total time : 25ms
30.08.2026 9:09:28	Information:	Sended bytes:  11 77 83 72 124 94 126 92 38 124 77 105 110 100 114 97 121 124 124 124 124 50 48 50 54 48 56 51 48 48 57 48 57 50 55 124 124 65 67 75 94 82 48 49 124 53 124 80 124 50 46 51 46 49 124 124 124 124 48 124 124 117 115 45 97 115 99 105 105 124 124 124 13 77 83 65 124 65 65 124 53 124 77 101 115 115 97 103 101 32 97 99 99 101 112 116 101 100 124 124 124 48 124 13 28 13
30.08.2026 9:09:28	Information:	Sended string MSH|^~\&|Mindray||||20260830090927||ACK^R01|5|P|2.3.1||||0||us-ascii|||MSA|AA|5|Message accepted|||0|
30.08.2026 9:09:29	Debug:	SendResults:	check DriverRequests=	0	ms
30.08.2026 9:09:29	Information:	ByBarcode 51566529
30.08.2026 9:09:29	Information:	GetLinesByBarcodes
30.08.2026 9:09:29	Information:	{
"WorkPlaceID": 20747,
"BeginDate": "2026-05-31",
"EndDate": "2026-08-31",
"OrderNumber": "51566529",
"Offset": 0,
"Limit": 1
}


30.08.2026 9:09:29	Information:	GetByBarcodeReturn: 
30.08.2026 9:09:29	Information:	{"Data":[{"ID":31120658,"StrID":"31120658","OrderNumber":"51566529","OrderRegDate":"2026-08-30T06:45:58.143","PlanExecutionDate":"2026-08-30T06:45:00","SenderMoID":45500000000000909,"SenderMo":{"NameRU":"Некоммерческое акционерное общество \"Медицинский университет Семей\"","NameKZ":"\"Семей медицина университеті\" коммерциялық емес акционерлік қоғамы","Name":"Некоммерческое акционерное общество \"Медицинский университет Семей\"","ShortNameRU":"НАО \"МУС\"","ShortNameKZ":"\"СМУ\" КеАҚ","ShortName":"НАО \"МУС\"","PublicCode":"237J","AddressRU":"ВКО, г. Семей, ул. Абая Кунанбаева 103","AddressKZ":"ВКО, г. Семей, ул. Абая Кунанбаева 103","Address":"ВКО, г. Семей, ул. Абая Кунанбаева 103","OriginalID":"45500000000000909","IsWork":true,"RegionID":20,"BIN":"190240004938","MasterDataID":4911,"PhonesData":{"OrgHealthCarePhones":[]},"IsPostmortem":false,"IsHospital":true,"Code":null,"ID":"45500000000000909","StrID":"45500000000000909"},"ReceiverMoID":45500000000000909,"ReceiverMo":null,"PatientDetailID":41029779,"PatientDetail":{"PersonID":"2131971","Person":{"IIN":"231030650227","LastName":"КУСМАНОВА","FirstName":"КАМАЛИЯ","SecondName":"ЕРЖАНҚЫЗЫ","FullName":"КУСМАНОВА КАМАЛИЯ ЕРЖАНҚЫЗЫ","FullNameIOF":"КАМАЛИЯ ЕРЖАНҚЫЗЫ КУСМАНОВА","DisplayText":"231030650227 КАМАЛИЯ ЕРЖАНҚЫЗЫ КУСМАНОВА 30.10.2023","IinFullName":"231030650227 - КУСМАНОВА КАМАЛИЯ ЕРЖАНҚЫЗЫ","BirthDate":"2023-10-30T00:00:00","BirthDateStr":"30.10.2023","DeathDate":null,"DeathDateStr":"","BioSexID":2,"BioSex":null,"NationalityID":null,"Nationality":null,"CitizenshipID":null,"Citizenship":null,"MasterDataID":147507731,"RpnID":"15300000054639354","KmisID":"60300000001508430","Type":1,"Age":0,"IsStillborn":false,"IsEarlyNeonatalDeathUp28days":false,"IsDeadPerson":false,"ID":"2131971","StrID":"2131971"},"AddressRU":"РЕСПУБЛИКА: Казахстан , ОБЛАСТЬ: Абайская , ГОРОД ОБЛ.ЗНАЧ.: Семей , УЛИЦА: Байланыс П.Связистов , ДОМ: 32","AddressKZ":": Қазақстан , : Абай , : Семей Қ. , : Байланыс П.Связистов , ҮЙ: 32","Address":"РЕСПУБЛИКА: Казахстан , ОБЛАСТЬ: Абайская , ГОРОД ОБЛ.ЗНАЧ.: Семей , УЛИЦА: Байланыс П.Связистов , ДОМ: 32","MasterDataAddressID":3032235,"WorkPlace":"Д/с Бату группа Бота","WorkPosition":null,"DocumentNumber":"1111111","DocumentTypeID":null,"DocumentType":null,"NationalityID":null,"DocumentTypeName":null,"Phones":"+7 (705) 242-72-17","ExternalCardID":"5967511","CardType":1,"CardNumber":"66620","CitizenshipCategoryID":1,"CitizenshipCategory":null,"ResidenceTypeID":3,"ResidenceType":null,"MotherPersonID":250935,"MotherPerson":null,"IsForeigner":false,"IsHomeless":false,"IsDeadPerson":false,"IsResident":true,"ID":"41029779","StrID":"41029779"},"Person":{"IIN":"231030650227","LastName":"КУСМАНОВА","FirstName":"КАМАЛИЯ","SecondName":"ЕРЖАНҚЫЗЫ","FullName":"КУСМАНОВА КАМАЛИЯ ЕРЖАНҚЫЗЫ","FullNameIOF":"КАМАЛИЯ ЕРЖАНҚЫЗЫ КУСМАНОВА","DisplayText":"231030650227 КАМАЛИЯ ЕРЖАНҚЫЗЫ КУСМАНОВА 30.10.2023","IinFullName":"231030650227 - КУСМАНОВА КАМАЛИЯ ЕРЖАНҚЫЗЫ","BirthDate":"2023-10-30T00:00:00","BirthDateStr":"30.10.2023","DeathDate":null,"DeathDateStr":"","BioSexID":2,"BioSex":null,"NationalityID":null,"Nationality":null,"CitizenshipID":null,"Citizenship":null,"MasterDataID":147507731,"RpnID":"15300000054639354","KmisID":"60300000001508430","Type":1,"Age":0,"IsStillborn":false,"IsEarlyNeonatalDeathUp28days":false,"IsDeadPerson":false,"ID":"2131971","StrID":"2131971"},"IsCito":false,"ExternalSystem":1,"OrderResultFileID":null,"OrderResultFileStorageID":null,"OrderResultDate":null,"Status":1,"DeleteDate":null,"ResultNotes":null,"Comment":"","ExternalOrderNumber":"51566529","ExaminationTypeID":null,"ExaminationType":null,"ExaminationIndicationID":null,"ExaminationIndication":null,"Uid":"501F08E7-1DFC-4368-B1D7-1EF73270FEC1","SenderPostFullName":"МЫРЗАБЕКОВА РЫСГУЛЬ ЖУМАГАЗЫЕВНА","SenderFuncStructureNameRU":"Отделение педиатрии","SenderFuncStructureNameKZ":"Педиатр бөлімі","IsSamplingOfMaterialsAtReceiver":false,"MisID":42120613,"Materials":[{"OrderID":31120658,"Uid":"501c8e86-9bb1-4226-b42a-5265933ccab6","MaterialNumber":"51566529","MaterialTypeID":363,"MaterialType":{"OrderBy":0,"ParentID":202,"HasChildren":false,"MasterDataID":489,"Parent":null,"NameRU":"Кровь венозная","NameKZ":"Кровь венозная","Name":"Кровь венозная","PublicCode":"36300","EndDate":null,"ID":"363","StrID":"363"},"TakeDate":"2026-08-30T06:45:00","TakeDateStr":"30.08.2026 06:45","TakePlace":"ПЕДИАТРИЯ","RejectionReason":null,"RejectionTakenMeasures":null,"ReceiptDate":null,"ReceiptDateStr":null,"RejectionCreatePostID":null,"RejectionCreatePost":null,"SampleCollectorPostIIN":"921119450748","SampleCollectorPostID":null,"Researches":[],"RejectedMaterialImageID":null,"File":null,"ID":"31407252","StrID":"31407252"}],"Researches":[]}],"Total":1}
30.08.2026 9:09:29	Information:	OrderedWW 51566529 Biomat 0 Device 20747
30.08.2026 9:09:30	Information:	ResearchResult
30.08.2026 9:09:30	Information:	{
"OrderID": "31120658",
"WorkPlaceID": 20747
}


30.08.2026 9:09:30	Information:	[{"OrderResearchID":67068010,"OrderResearch":null,"ParameterID":200918,"Parameter":{"ShortNameRU":"общий белок в сыворотке крови","ShortNameKZ":"қан сарысуындағы жалпы ақуыз","ShortName":"общий белок в сыворотке крови","DataType":0,"DataTypeName":"Число","UnitTypeID":100012,"UnitType":{"OrderBy":13,"MasterDataID":null,"CDD_ID":null,"NameRU":"г/л","NameKZ":"г/л","Name":"г/л","PublicCode":"10001200","EndDate":null,"ID":"100012","StrID":"100012"},"MedicalFormID":null,"MasterDataID":0,"MedicalForm":null,"NameWithDataType":"общий белок в сыворотке крови  (Число)","NameRU":"общий белок в сыворотке крови","NameKZ":"қан сарысуындағы жалпы ақуыз","Name":"общий белок в сыворотке крови","PublicCode":"20091800","EndDate":null,"ID":"200918","StrID":"200918"},"ParameterValues":null,"ParameterValueID":null,"ParameterValue":null,"ResultText":null,"ResultValue":null,"ResultDate":"2026-08-30T09:09:30.2656262+05:00","PostID":"0","Post":null,"ExecuteMethod":2,"SourceResultText":null,"SourceResultValue":null,"SourceResultExpression":null,"SourceUnitTypeID":100012,"SourceUnitType":{"OrderBy":13,"MasterDataID":null,"CDD_ID":null,"NameRU":"г/л","NameKZ":"г/л","Name":"г/л","PublicCode":"10001200","EndDate":null,"ID":"100012","StrID":"100012"},"MultiplierID":null,"IsApproved":false,"IsValidated":false,"StandardMatchType":0,"ApproveDate":null,"ApprovePostID":null,"ApprovePost":null,"OrderNum":1,"WorkPlaceID":20747,"OrderID":null,"BacteriologyResult":null,"AnalyzerId":null,"IsOrderProductionControl":false,"ID":"0","StrID":"0"},{"OrderResearchID":67068006,"OrderResearch":null,"ParameterID":200918,"Parameter":{"ShortNameRU":"общий белок в сыворотке крови","ShortNameKZ":"қан сарысуындағы жалпы ақуыз","ShortName":"общий белок в сыворотке крови","DataType":0,"DataTypeName":"Число","UnitTypeID":100012,"UnitType":{"OrderBy":13,"MasterDataID":null,"CDD_ID":null,"NameRU":"г/л","NameKZ":"г/л","Name":"г/л","PublicCode":"10001200","EndDate":null,"ID":"100012","StrID":"100012"},"MedicalFormID":null,"MasterDataID":0,"MedicalForm":null,"NameWithDataType":"общий белок в сыворотке крови  (Число)","NameRU":"общий белок в сыворотке крови","NameKZ":"қан сарысуындағы жалпы ақуыз","Name":"общий белок в сыворотке крови","PublicCode":"20091800","EndDate":null,"ID":"200918","StrID":"200918"},"ParameterValues":null,"ParameterValueID":null,"ParameterValue":null,"ResultText":null,"ResultValue":null,"ResultDate":"2026-08-30T09:09:30.2656262+05:00","PostID":"0","Post":null,"ExecuteMethod":2,"SourceResultText":null,"SourceResultValue":null,"SourceResultExpression":null,"SourceUnitTypeID":100012,"SourceUnitType":{"OrderBy":13,"MasterDataID":null,"CDD_ID":null,"NameRU":"г/л","NameKZ":"г/л","Name":"г/л","PublicCode":"10001200","EndDate":null,"ID":"100012","StrID":"100012"},"MultiplierID":null,"IsApproved":false,"IsValidated":false,"StandardMatchType":0,"ApproveDate":null,"ApprovePostID":null,"ApprovePost":null,"OrderNum":1,"WorkPlaceID":20747,"OrderID":null,"BacteriologyResult":null,"AnalyzerId":null,"IsOrderProductionControl":false,"ID":"0","StrID":"0"},{"OrderResearchID":67068007,"OrderResearch":null,"ParameterID":201451,"Parameter":{"ShortNameRU":"альбумин  в сыворотке крови (анализатор)","ShortNameKZ":"қан сарысуындағы альбумин (анализатор)","ShortName":"альбумин  в сыворотке крови (анализатор)","DataType":0,"DataTypeName":"Число","UnitTypeID":100000,"UnitType":{"OrderBy":1,"MasterDataID":null,"CDD_ID":null,"NameRU":"%","NameKZ":"%","Name":"%","PublicCode":"10000000","EndDate":null,"ID":"100000","StrID":"100000"},"MedicalFormID":null,"MasterDataID":0,"MedicalForm":null,"NameWithDataType":"альбумин  в сыворотке крови (анализатор)  (Число)","NameRU":"альбумин  в сыворотке крови (анализатор)","NameKZ":"қан сарысуындағы альбумин (анализатор)","Name":"альбумин  в сыворотке крови (анализатор)","PublicCode":"20145100","EndDate":null,"ID":"201451","StrID":"201451"},"ParameterValues":null,"ParameterValueID":null,"ParameterValue":null,"ResultText":null,"ResultValue":null,"ResultDate":"2026-08-30T09:09:30.2656262+05:00","PostID":"0","Post":null,"ExecuteMethod":2,"SourceResultText":null,"SourceResultValue":null,"SourceResultExpression":null,"SourceUnitTypeID":100000,"SourceUnitType":{"OrderBy":1,"MasterDataID":null,"CDD_ID":null,"NameRU":"%","NameKZ":"%","Name":"%","PublicCode":"10000000","EndDate":null,"ID":"100000","StrID":"100000"},"MultiplierID":null,"IsApproved":false,"IsValidated":false,"StandardMatchType":0,"ApproveDate":null,"ApprovePostID":null,"ApprovePost":null,"OrderNum":1,"WorkPlaceID":20747,"OrderID":null,"BacteriologyResult":null,"AnalyzerId":null,"IsOrderProductionControl":false,"ID":"0","StrID":"0"},{"OrderResearchID":67068007,"OrderResearch":null,"ParameterID":201448,"Parameter":{"ShortNameRU":"ɑ1-глобулины  в сыворотке крови (анализатор)","ShortNameKZ":"қан сарысуындағы ɑ1-глобулиндер (анализатор)","ShortName":"ɑ1-глобулины  в сыворотке крови (анализатор)","DataType":0,"DataTypeName":"Число","UnitTypeID":100000,"UnitType":{"OrderBy":1,"MasterDataID":null,"CDD_ID":null,"NameRU":"%","NameKZ":"%","Name":"%","PublicCode":"10000000","EndDate":null,"ID":"100000","StrID":"100000"},"MedicalFormID":null,"MasterDataID":0,"MedicalForm":null,"NameWithDataType":"ɑ1-глобулины  в сыворотке крови (анализатор)  (Число)","NameRU":"ɑ1-глобулины  в сыворотке крови (анализатор)","NameKZ":"қан сарысуындағы ɑ1-глобулиндер (анализатор)","Name":"ɑ1-глобулины  в сыворотке крови (анализатор)","PublicCode":"20144800","EndDate":null,"ID":"201448","StrID":"201448"},"ParameterValues":null,"ParameterValueID":null,"ParameterValue":null,"ResultText":null,"ResultValue":null,"ResultDate":"2026-08-30T09:09:30.2656262+05:00","PostID":"0","Post":null,"ExecuteMethod":2,"SourceResultText":null,"SourceResultValue":null,"SourceResultExpression":null,"SourceUnitTypeID":100000,"SourceUnitType":{"OrderBy":1,"MasterDataID":null,"CDD_ID":null,"NameRU":"%","NameKZ":"%","Name":"%","PublicCode":"10000000","EndDate":null,"ID":"100000","StrID":"100000"},"MultiplierID":null,"IsApproved":false,"IsValidated":false,"StandardMatchType":0,"ApproveDate":null,"ApprovePostID":null,"ApprovePost":null,"OrderNum":2,"WorkPlaceID":20747,"OrderID":null,"BacteriologyResult":null,"AnalyzerId":null,"IsOrderProductionControl":false,"ID":"0","StrID":"0"},{"OrderResearchID":67068007,"OrderResearch":null,"ParameterID":201449,"Parameter":{"ShortNameRU":"ɑ2-глобулины  в сыворотке крови (анализатор)","ShortNameKZ":"қан сарысуындағы ɑ2-глобулиндер (анализатор)","ShortName":"ɑ2-глобулины  в сыворотке крови (анализатор)","DataType":0,"DataTypeName":"Число","UnitTypeID":100000,"UnitType":{"OrderBy":1,"MasterDataID":null,"CDD_ID":null,"NameRU":"%","NameKZ":"%","Name":"%","PublicCode":"10000000","EndDate":null,"ID":"100000","StrID":"100000"},"MedicalFormID":null,"MasterDataID":0,"MedicalForm":null,"NameWithDataType":"ɑ2-глобулины  в сыворотке крови (анализатор)  (Число)","NameRU":"ɑ2-глобулины  в сыворотке крови (анализатор)","NameKZ":"қан сарысуындағы ɑ2-глобулиндер (анализатор)","Name":"ɑ2-глобулины  в сыворотке крови (анализатор)","PublicCode":"20144900","EndDate":null,"ID":"201449","StrID":"201449"},"ParameterValues":null,"ParameterValueID":null,"ParameterValue":null,"ResultText":null,"ResultValue":null,"ResultDate":"2026-08-30T09:09:30.2656262+05:00","PostID":"0","Post":null,"ExecuteMethod":2,"SourceResultText":null,"SourceResultValue":null,"SourceResultExpression":null,"SourceUnitTypeID":100000,"SourceUnitType":{"OrderBy":1,"MasterDataID":null,"CDD_ID":null,"NameRU":"%","NameKZ":"%","Name":"%","PublicCode":"10000000","EndDate":null,"ID":"100000","StrID":"100000"},"MultiplierID":null,"IsApproved":false,"IsValidated":false,"StandardMatchType":0,"ApproveDate":null,"ApprovePostID":null,"ApprovePost":null,"OrderNum":3,"WorkPlaceID":20747,"OrderID":null,"BacteriologyResult":null,"AnalyzerId":null,"IsOrderProductionControl":false,"ID":"0","StrID":"0"},{"OrderResearchID":67068007,"OrderResearch":null,"ParameterID":201446,"Parameter":{"ShortNameRU":"ß1-глобулины  в сыворотке крови (анализатор)","ShortNameKZ":"қан сарысуындағы ß1-глобулиндер (анализатор)","ShortName":"ß1-глобулины  в сыворотке крови (анализатор)","DataType":0,"DataTypeName":"Число","UnitTypeID":100000,"UnitType":{"OrderBy":1,"MasterDataID":null,"CDD_ID":null,"NameRU":"%","NameKZ":"%","Name":"%","PublicCode":"10000000","EndDate":null,"ID":"100000","StrID":"100000"},"MedicalFormID":null,"MasterDataID":0,"MedicalForm":null,"NameWithDataType":"ß1-глобулины  в сыворотке крови (анализатор)  (Число)","NameRU":"ß1-глобулины  в сыворотке крови (анализатор)","NameKZ":"қан сарысуындағы ß1-глобулиндер (анализатор)","Name":"ß1-глобулины  в сыворотке крови (анализатор)","PublicCode":"20144600","EndDate":null,"ID":"201446","StrID":"201446"},"ParameterValues":null,"ParameterValueID":null,"ParameterValue":null,"ResultText":null,"ResultValue":null,"ResultDate":"2026-08-30T09:09:30.2656262+05:00","PostID":"0","Post":null,"ExecuteMethod":2,"SourceResultText":null,"SourceResultValue":null,"SourceResultExpression":null,"SourceUnitTypeID":100000,"SourceUnitType":{"OrderBy":1,"MasterDataID":null,"CDD_ID":null,"NameRU":"%","NameKZ":"%","Name":"%","PublicCode":"10000000","EndDate":null,"ID":"100000","StrID":"100000"},"MultiplierID":null,"IsApproved":false,"IsValidated":false,"StandardMatchType":0,"ApproveDate":null,"ApprovePostID":null,"ApprovePost":null,"OrderNum":4,"WorkPlaceID":20747,"OrderID":null,"BacteriologyResult":null,"AnalyzerId":null,"IsOrderProductionControl":false,"ID":"0","StrID":"0"},{"OrderResearchID":67068007,"OrderResearch":null,"ParameterID":201450,"Parameter":{"ShortNameRU":"ɣ-глобулины  в сыворотке крови (анализатор)","ShortNameKZ":"қан сарысуындағы ɣ-глобулиндер (анализатор)","ShortName":"ɣ-глобулины  в сыворотке крови (анализатор)","DataType":0,"DataTypeName":"Число","UnitTypeID":100000,"UnitType":{"OrderBy":1,"MasterDataID":null,"CDD_ID":null,"NameRU":"%","NameKZ":"%","Name":"%","PublicCode":"10000000","EndDate":null,"ID":"100000","StrID":"100000"},"MedicalFormID":null,"MasterDataID":0,"MedicalForm":null,"NameWithDataType":"ɣ-глобулины  в сыворотке крови (анализатор)  (Число)","NameRU":"ɣ-глобулины  в сыворотке крови (анализатор)","NameKZ":"қан сарысуындағы ɣ-глобулиндер (анализатор)","Name":"ɣ-глобулины  в сыворотке крови (анализатор)","PublicCode":"20145000","EndDate":null,"ID":"201450","StrID":"201450"},"ParameterValues":null,"ParameterValueID":null,"ParameterValue":null,"ResultText":null,"ResultValue":null,"ResultDate":"2026-08-30T09:09:30.2656262+05:00","PostID":"0","Post":null,"ExecuteMethod":2,"SourceResultText":null,"SourceResultValue":null,"SourceResultExpression":null,"SourceUnitTypeID":100000,"SourceUnitType":{"OrderBy":1,"MasterDataID":null,"CDD_ID":null,"NameRU":"%","NameKZ":"%","Name":"%","PublicCode":"10000000","EndDate":null,"ID":"100000","StrID":"100000"},"MultiplierID":null,"IsApproved":false,"IsValidated":false,"StandardMatchType":0,"ApproveDate":null,"ApprovePostID":null,"ApprovePost":null,"OrderNum":5,"WorkPlaceID":20747,"OrderID":null,"BacteriologyResult":null,"AnalyzerId":null,"IsOrderProductionControl":false,"ID":"0","StrID":"0"},{"OrderResearchID":67068008,"OrderResearch":null,"ParameterID":200357,"Parameter":{"ShortNameRU":"АЛаТ","ShortNameKZ":"АЛаТ","ShortName":"АЛаТ","DataType":0,"DataTypeName":"Число","UnitTypeID":100030,"UnitType":{"OrderBy":31,"MasterDataID":null,"CDD_ID":null,"NameRU":"МЕ/л","NameKZ":"ХБ/л","Name":"МЕ/л","PublicCode":"10003000","EndDate":null,"ID":"100030","StrID":"100030"},"MedicalFormID":null,"MasterDataID":0,"MedicalForm":null,"NameWithDataType":"АЛаТ  (Число)","NameRU":"АЛаТ","NameKZ":"АЛаТ","Name":"АЛаТ","PublicCode":"20035700","EndDate":null,"ID":"200357","StrID":"200357"},"ParameterValues":null,"ParameterValueID":null,"ParameterValue":null,"ResultText":null,"ResultValue":null,"ResultDate":"2026-08-30T09:09:30.2822943+05:00","PostID":"0","Post":null,"ExecuteMethod":2,"SourceResultText":null,"SourceResultValue":null,"SourceResultExpression":null,"SourceUnitTypeID":100030,"SourceUnitType":{"OrderBy":31,"MasterDataID":null,"CDD_ID":null,"NameRU":"МЕ/л","NameKZ":"ХБ/л","Name":"МЕ/л","PublicCode":"10003000","EndDate":null,"ID":"100030","StrID":"100030"},"MultiplierID":null,"IsApproved":false,"IsValidated":false,"StandardMatchType":0,"ApproveDate":null,"ApprovePostID":null,"ApprovePost":null,"OrderNum":1,"WorkPlaceID":20747,"OrderID":null,"BacteriologyResult":null,"AnalyzerId":null,"IsOrderProductionControl":false,"ID":"0","StrID":"0"},{"OrderResearchID":67068011,"OrderResearch":null,"ParameterID":200408,"Parameter":{"ShortNameRU":"АСаТ","ShortNameKZ":"АСаТ","ShortName":"АСаТ","DataType":0,"DataTypeName":"Число","UnitTypeID":100030,"UnitType":{"OrderBy":31,"MasterDataID":null,"CDD_ID":null,"NameRU":"МЕ/л","NameKZ":"ХБ/л","Name":"МЕ/л","PublicCode":"10003000","EndDate":null,"ID":"100030","StrID":"100030"},"MedicalFormID":null,"MasterDataID":0,"MedicalForm":null,"NameWithDataType":"АСаТ  (Число)","NameRU":"АСаТ","NameKZ":"АСаТ","Name":"АСаТ","PublicCode":"20040800","EndDate":null,"ID":"200408","StrID":"200408"},"ParameterValues":null,"ParameterValueID":null,"ParameterValue":null,"ResultText":null,"ResultValue":null,"ResultDate":"2026-08-30T09:09:30.285778+05:00","PostID":"0","Post":null,"ExecuteMethod":2,"SourceResultText":null,"SourceResultValue":null,"SourceResultExpression":null,"SourceUnitTypeID":100030,"SourceUnitType":{"OrderBy":31,"MasterDataID":null,"CDD_ID":null,"NameRU":"МЕ/л","NameKZ":"ХБ/л","Name":"МЕ/л","PublicCode":"10003000","EndDate":null,"ID":"100030","StrID":"100030"},"MultiplierID":null,"IsApproved":false,"IsValidated":false,"StandardMatchType":0,"ApproveDate":null,"ApprovePostID":null,"ApprovePost":null,"OrderNum":1,"WorkPlaceID":20747,"OrderID":null,"BacteriologyResult":null,"AnalyzerId":null,"IsOrderProductionControl":false,"ID":"0","StrID":"0"},{"OrderResearchID":67068009,"OrderResearch":null,"ParameterID":201268,"Parameter":{"ShortNameRU":"холестерин в сыворотке крови","ShortNameKZ":"қан сарысуындағы холестерин","ShortName":"холестерин в сыворотке крови","DataType":0,"DataTypeName":"Число","UnitTypeID":100051,"UnitType":{"OrderBy":52,"MasterDataID":null,"CDD_ID":null,"NameRU":"ммоль/л","NameKZ":"ммоль/л","Name":"ммоль/л","PublicCode":"10005100","EndDate":null,"ID":"100051","StrID":"100051"},"MedicalFormID":null,"MasterDataID":0,"MedicalForm":null,"NameWithDataType":"холестерин в сыворотке крови  (Число)","NameRU":"холестерин в сыворотке крови","NameKZ":"қан сарысуындағы холестерин","Name":"холестерин в сыворотке крови","PublicCode":"20126800","EndDate":null,"ID":"201268","StrID":"201268"},"ParameterValues":null,"ParameterValueID":null,"ParameterValue":null,"ResultText":null,"ResultValue":null,"ResultDate":"2026-08-30T09:09:30.2883471+05:00","PostID":"0","Post":null,"ExecuteMethod":2,"SourceResultText":null,"SourceResultValue":null,"SourceResultExpression":null,"SourceUnitTypeID":100051,"SourceUnitType":{"OrderBy":52,"MasterDataID":null,"CDD_ID":null,"NameRU":"ммоль/л","NameKZ":"ммоль/л","Name":"ммоль/л","PublicCode":"10005100","EndDate":null,"ID":"100051","StrID":"100051"},"MultiplierID":null,"IsApproved":false,"IsValidated":false,"StandardMatchType":0,"ApproveDate":null,"ApprovePostID":null,"ApprovePost":null,"OrderNum":1,"WorkPlaceID":20747,"OrderID":null,"BacteriologyResult":null,"AnalyzerId":null,"IsOrderProductionControl":false,"ID":"0","StrID":"0"},{"OrderResearchID":67068012,"OrderResearch":null,"ParameterID":200852,"Parameter":{"ShortNameRU":"мочевина в сыворотке крови","ShortNameKZ":"қан сарысуындағы несепнәр","ShortName":"мочевина в сыворотке крови","DataType":0,"DataTypeName":"Число","UnitTypeID":100051,"UnitType":{"OrderBy":52,"MasterDataID":null,"CDD_ID":null,"NameRU":"ммоль/л","NameKZ":"ммоль/л","Name":"ммоль/л","PublicCode":"10005100","EndDate":null,"ID":"100051","StrID":"100051"},"MedicalFormID":null,"MasterDataID":0,"MedicalForm":null,"NameWithDataType":"мочевина в сыворотке крови  (Число)","NameRU":"мочевина в сыворотке крови","NameKZ":"қан сарысуындағы несепнәр","Name":"мочевина в сыворотке крови","PublicCode":"20085200","EndDate":null,"ID":"200852","StrID":"200852"},"ParameterValues":null,"ParameterValueID":null,"ParameterValue":null,"ResultText":null,"ResultValue":null,"ResultDate":"2026-08-30T09:09:30.2914297+05:00","PostID":"0","Post":null,"ExecuteMethod":2,"SourceResultText":null,"SourceResultValue":null,"SourceResultExpression":null,"SourceUnitTypeID":100051,"SourceUnitType":{"OrderBy":52,"MasterDataID":null,"CDD_ID":null,"NameRU":"ммоль/л","NameKZ":"ммоль/л","Name":"ммоль/л","PublicCode":"10005100","EndDate":null,"ID":"100051","StrID":"100051"},"MultiplierID":null,"IsApproved":false,"IsValidated":false,"StandardMatchType":0,"ApproveDate":null,"ApprovePostID":null,"ApprovePost":null,"OrderNum":1,"WorkPlaceID":20747,"OrderID":null,"BacteriologyResult":null,"AnalyzerId":null,"IsOrderProductionControl":false,"ID":"0","StrID":"0"},{"OrderResearchID":67068013,"OrderResearch":null,"ParameterID":200744,"Parameter":{"ShortNameRU":"креатинин в крови","ShortNameKZ":"қандағы креатинин","ShortName":"креатинин в крови","DataType":0,"DataTypeName":"Число","UnitTypeID":100041,"UnitType":{"OrderBy":42,"MasterDataID":null,"CDD_ID":null,"NameRU":"мкмоль/л","NameKZ":"мкмоль/л","Name":"мкмоль/л","PublicCode":"10004100","EndDate":null,"ID":"100041","StrID":"100041"},"MedicalFormID":null,"MasterDataID":0,"MedicalForm":null,"NameWithDataType":"креатинин в крови  (Число)","NameRU":"креатинин в крови","NameKZ":"қандағы креатинин","Name":"креатинин в крови","PublicCode":"20074400","EndDate":null,"ID":"200744","StrID":"200744"},"ParameterValues":null,"ParameterValueID":null,"ParameterValue":null,"ResultText":null,"ResultValue":null,"ResultDate":"2026-08-30T09:09:30.2939906+05:00","PostID":"0","Post":null,"ExecuteMethod":2,"SourceResultText":null,"SourceResultValue":null,"SourceResultExpression":null,"SourceUnitTypeID":100041,"SourceUnitType":{"OrderBy":42,"MasterDataID":null,"CDD_ID":null,"NameRU":"мкмоль/л","NameKZ":"мкмоль/л","Name":"мкмоль/л","PublicCode":"10004100","EndDate":null,"ID":"100041","StrID":"100041"},"MultiplierID":null,"IsApproved":false,"IsValidated":false,"StandardMatchType":0,"ApproveDate":null,"ApprovePostID":null,"ApprovePost":null,"OrderNum":1,"WorkPlaceID":20747,"OrderID":null,"BacteriologyResult":null,"AnalyzerId":null,"IsOrderProductionControl":false,"ID":"0","StrID":"0"},{"OrderResearchID":67068014,"OrderResearch":null,"ParameterID":201150,"Parameter":{"ShortNameRU":"СРБ","ShortNameKZ":"СРА","ShortName":"СРБ","DataType":0,"DataTypeName":"Число","UnitTypeID":100026,"UnitType":{"OrderBy":27,"MasterDataID":null,"CDD_ID":null,"NameRU":"мг/л","NameKZ":"мг/л","Name":"мг/л","PublicCode":"10002600","EndDate":null,"ID":"100026","StrID":"100026"},"MedicalFormID":null,"MasterDataID":0,"MedicalForm":null,"NameWithDataType":"СРБ  (Число)","NameRU":"СРБ","NameKZ":"СРА","Name":"СРБ","PublicCode":"20115000","EndDate":null,"ID":"201150","StrID":"201150"},"ParameterValues":null,"ParameterValueID":null,"ParameterValue":null,"ResultText":null,"ResultValue":null,"ResultDate":"2026-08-30T09:09:30.296555+05:00","PostID":"0","Post":null,"ExecuteMethod":2,"SourceResultText":null,"SourceResultValue":null,"SourceResultExpression":null,"SourceUnitTypeID":100026,"SourceUnitType":{"OrderBy":27,"MasterDataID":null,"CDD_ID":null,"NameRU":"мг/л","NameKZ":"мг/л","Name":"мг/л","PublicCode":"10002600","EndDate":null,"ID":"100026","StrID":"100026"},"MultiplierID":null,"IsApproved":false,"IsValidated":false,"StandardMatchType":0,"ApproveDate":null,"ApprovePostID":null,"ApprovePost":null,"OrderNum":1,"WorkPlaceID":20747,"OrderID":null,"BacteriologyResult":null,"AnalyzerId":null,"IsOrderProductionControl":false,"ID":"0","StrID":"0"},{"OrderResearchID":67068015,"OrderResearch":null,"ParameterID":200376,"Parameter":{"ShortNameRU":"антистрептолизин \"O\"","ShortNameKZ":"антистрептолизин \"O\"","ShortName":"антистрептолизин \"O\"","DataType":0,"DataTypeName":"Число","UnitTypeID":100030,"UnitType":{"OrderBy":31,"MasterDataID":null,"CDD_ID":null,"NameRU":"МЕ/л","NameKZ":"ХБ/л","Name":"МЕ/л","PublicCode":"10003000","EndDate":null,"ID":"100030","StrID":"100030"},"MedicalFormID":null,"MasterDataID":0,"MedicalForm":null,"NameWithDataType":"антистрептолизин \"O\"  (Число)","NameRU":"антистрептолизин \"O\"","NameKZ":"антистрептолизин \"O\"","Name":"антистрептолизин \"O\"","PublicCode":"20037600","EndDate":null,"ID":"200376","StrID":"200376"},"ParameterValues":null,"ParameterValueID":null,"ParameterValue":null,"ResultText":null,"ResultValue":null,"ResultDate":"2026-08-30T09:09:30.2991155+05:00","PostID":"0","Post":null,"ExecuteMethod":2,"SourceResultText":null,"SourceResultValue":null,"SourceResultExpression":null,"SourceUnitTypeID":100030,"SourceUnitType":{"OrderBy":31,"MasterDataID":null,"CDD_ID":null,"NameRU":"МЕ/л","NameKZ":"ХБ/л","Name":"МЕ/л","PublicCode":"10003000","EndDate":null,"ID":"100030","StrID":"100030"},"MultiplierID":null,"IsApproved":false,"IsValidated":false,"StandardMatchType":0,"ApproveDate":null,"ApprovePostID":null,"ApprovePost":null,"OrderNum":1,"WorkPlaceID":20747,"OrderID":null,"BacteriologyResult":null,"AnalyzerId":null,"IsOrderProductionControl":false,"ID":"0","StrID":"0"}]
30.08.2026 9:09:30	Information:	TestsWW spec 200918, spec 200918, spec 201451, spec 201448, spec 201449, spec 201446, spec 201450, spec 200357, spec 200408, spec 201268, spec 200852, spec 200744, spec 201150, spec 200376, 
30.08.2026 9:09:30	Information:	Querry lines count: 1
30.08.2026 9:09:30	Debug:	SendResults:	fix DriverRequests=	194	ms
30.08.2026 9:09:30	Information:	SAMPLE! 51566529 DeviceDriverResult Sample: 51566529 Suggest: . Do Request True
30.08.2026 9:09:30	Information:	Sample request count: 1
30.08.2026 9:09:30	Information:	MU is U/L
30.08.2026 9:09:30	Information:	Driver Collations count 0
30.08.2026 9:09:30	Information:	MU collations count=0
30.08.2026 9:09:30	Information:	MU is U/L
30.08.2026 9:09:30	Information:	Driver Collations count 0
30.08.2026 9:09:30	Information:	MU collations count=0
30.08.2026 9:09:30	Information:	MU is mg/L
30.08.2026 9:09:30	Information:	Driver Collations count 0
30.08.2026 9:09:30	Information:	MU collations count=0
30.08.2026 9:09:30	Information:	MU is g/L
30.08.2026 9:09:30	Information:	Driver Collations count 0
30.08.2026 9:09:30	Information:	MU collations count=0
30.08.2026 9:09:30	Information:	MU is g/L
30.08.2026 9:09:30	Information:	Driver Collations count 0
30.08.2026 9:09:30	Information:	MU collations count=0
30.08.2026 9:09:30	Information:	MU is mmol/L
30.08.2026 9:09:30	Information:	Driver Collations count 0
30.08.2026 9:09:30	Information:	MU collations count=0
30.08.2026 9:09:30	Information:	MU is ?mol/L
30.08.2026 9:09:30	Information:	Driver Collations count 0
30.08.2026 9:09:30	Information:	MU collations count=0
30.08.2026 9:09:30	Information:	MU is mmol/L
30.08.2026 9:09:30	Information:	Driver Collations count 0
30.08.2026 9:09:30	Information:	MU collations count=0
30.08.2026 9:09:30	Debug:	SendResults:	SetTestsValues first SetTestsValues=	66	ms
30.08.2026 9:09:30	Debug:	SendResults:	Device Total = 266 ms
30.08.2026 9:09:30	Information:	Saving 51566529
30.08.2026 9:09:30	Information:	Start test result saving
30.08.2026 9:09:30	Information:	Result object to save: 
30.08.2026 9:09:30	Information:	{"OrderResearchID":67068006,"OrderResearch":null,"ParameterID":200918,"Parameter":{"ShortNameRU":"общий белок в сыворотке крови","ShortNameKZ":"қан сарысуындағы жалпы ақуыз","ShortName":"общий белок в сыворотке крови","DataType":0,"DataTypeName":"Число","UnitTypeID":100012,"UnitType":{"NameRU":"г/л","NameKZ":"г/л","Name":"г/л","PublicCode":"10001200","OrderBy":13,"ID":100012,"StrID":"100012"},"MedicalFormID":null,"MedicalForm":null,"NameRU":"общий белок в сыворотке крови","NameKZ":"қан сарысуындағы жалпы ақуыз","Name":"общий белок в сыворотке крови","PublicCode":"20091800","OrderBy":null,"ID":200918,"StrID":"200918"},"ParameterValueID":null,"ParameterValue":null,"ResultText":"66.54","ResultValue":null,"ResultDate":"2026-08-30T09:09:30.2656262+05:00","PostID":0,"Post":null,"ExecuteMethod":2,"SourceResultText":"66.54","SourceResultValue":null,"SourceResultExpression":null,"SourceUnitTypeID":100012,"SourceUnitType":{"NameRU":"г/л","NameKZ":"г/л","Name":"г/л","PublicCode":"10001200","OrderBy":13,"ID":100012,"StrID":"100012"},"IsApproved":false,"ApproveDate":null,"ApprovePostID":null,"ApprovePost":null,"OrderNum":1,"WorkPlaceID":20747,"DriverManagerID":150,"BacteriologyResult":null,"AnalyzerId":38,"IsOrderProductionControl":false,"ID":0,"StrID":"0"}
30.08.2026 9:09:30	Information:	Save string: 
30.08.2026 9:09:30	Information:	{"OrderResearchID":67068006,"OrderResearch":{"OrderID":31120658,"ServiceMoID":2163201,"ServiceMoMasterDataID":8269447,"ServiceMo":{"OrgHealthCareID":"45500000000000909","ServiceID":236,"NameRU":"Определение общего белка в сыворотке крови на анализаторе","NameKZ":"Қан сарысуындағы жалпы нәруызды талдауышта анықтау ","Name":"Определение общего белка в сыворотке крови на анализаторе","ShortNameRU":"Определение общего белка в сыворотке крови на анализаторе","ShortNameKZ":"Қан сарысуындағы жалпы нәруызды талдауышта анықтау ","ShortName":"Определение общего белка в сыворотке крови на анализаторе","FullName":"B03.397.002 - Определение общего белка в сыворотке крови на анализаторе","Code":"B03.397.002","ExternalCode":null,"ServiceClassID":5,"ServiceClass":{"ServiceTypeID":2,"OrderBy":5,"MasterDataID":5,"NameRU":"Клиническая химия (биохимия)","NameKZ":"Клиникалық химия (биохимия)","Name":"Клиническая химия (биохимия)","PublicCode":"500","EndDate":null,"ID":"5","StrID":"5"},"Service":{"NameRU":"Определение общего белка в сыворотке крови на анализаторе","NameKZ":"Қан сарысуындағы жалпы нәруызды талдауышта анықтау","Name":"Определение общего белка в сыворотке крови на анализаторе","ShortNameRU":"Общий белок на анализаторе","ShortNameKZ":"Общий белок на анализаторе","ShortName":"Общий белок на анализаторе","FullName":"B03.397.002 - Определение общего белка в сыворотке крови на анализаторе","Code":"B03.397.002","ServiceClassID":5,"ServiceClass":null,"ServiceSubClassID":6,"ServiceSubClass":null,"MaterialTypeID":202,"MaterialType":null,"MasterDataID":3079,"ID":"236","StrID":"236"},"MasterDataID":8269447,"ServiceSubClassID":6,"PayType":1,"ServiceSubClass":null,"ID":"2163201","StrID":"2163201"},"FullName":"B03.397.002 - Определение общего белка в сыворотке крови на анализаторе  () ","IsMain":true,"SourceID":"144967058_33974916","WorkPlaceID":20747,"WorkPlace":null,"DriverManager":null,"ParameterID":null,"Parameter":null,"AdditionalInfo":null,"Status":1,"PerformetServiceCount":7,"ResearchResultCount":0,"ApproveResearchResultCount":0,"NotSaveResearchResultCount":0,"ParentID":null,"ScreeningCandidatePlanGuid":null,"ScreeningUrl":null,"TakePlace":null,"MaterialTypeID":null,"MaterialType":null,"PartCount":0,"IsOrderProductionControl":false,"Uid":"a59ec0ed-099d-44d9-8a9e-84e240a3d3eb","OrderPerformerServices":[],"OrderResearchAllergens":[],"Results":[],"IsResumed":false,"ExecutionType":0,"ID":"67068006","StrID":"67068006"},"ParameterID":200918,"Parameter":{"ShortNameRU":"общий белок в сыворотке крови","ShortNameKZ":"қан сарысуындағы жалпы ақуыз","ShortName":"общий белок в сыворотке крови","DataType":0,"DataTypeName":"Число","UnitTypeID":100012,"UnitType":null,"MedicalFormID":null,"MasterDataID":0,"MedicalForm":null,"NameWithDataType":"общий белок в сыворотке крови  (Число)","NameRU":"общий белок в сыворотке крови","NameKZ":"қан сарысуындағы жалпы ақуыз","Name":"общий белок в сыворотке крови","PublicCode":"20091800","EndDate":null,"ID":"200918","StrID":"200918"},"ParameterValues":null,"ParameterValueID":null,"ParameterValue":null,"ResultText":"66.54","ResultValue":"66.54","ResultDate":"2026-08-30T09:09:30.4467638+05:00","PostID":"189416","Post":null,"ExecuteMethod":2,"SourceResultText":"66.54","SourceResultValue":"66.54","SourceResultExpression":null,"SourceUnitTypeID":100012,"SourceUnitType":{"OrderBy":13,"MasterDataID":null,"CDD_ID":null,"NameRU":"г/л","NameKZ":"г/л","Name":"г/л","PublicCode":"10001200","EndDate":null,"ID":"100012","StrID":"100012"},"MultiplierID":null,"IsApproved":false,"IsValidated":false,"StandardMatchType":0,"ApproveDate":null,"ApprovePostID":null,"ApprovePost":null,"OrderNum":1,"WorkPlaceID":20747,"OrderID":null,"BacteriologyResult":null,"AnalyzerId":38,"IsOrderProductionControl":false,"ID":"207137597","StrID":"207137597"}
30.08.2026 9:09:30	Information:	Result object to save: 
30.08.2026 9:09:30	Information:	{"OrderResearchID":67068006,"OrderResearch":null,"ParameterID":200918,"Parameter":{"ShortNameRU":"общий белок в сыворотке крови","ShortNameKZ":"қан сарысуындағы жалпы ақуыз","ShortName":"общий белок в сыворотке крови","DataType":0,"DataTypeName":"Число","UnitTypeID":100012,"UnitType":{"NameRU":"г/л","NameKZ":"г/л","Name":"г/л","PublicCode":"10001200","OrderBy":13,"ID":100012,"StrID":"100012"},"MedicalFormID":null,"MedicalForm":null,"NameRU":"общий белок в сыворотке крови","NameKZ":"қан сарысуындағы жалпы ақуыз","Name":"общий белок в сыворотке крови","PublicCode":"20091800","OrderBy":null,"ID":200918,"StrID":"200918"},"ParameterValueID":null,"ParameterValue":null,"ResultText":"66.54","ResultValue":null,"ResultDate":"2026-08-30T09:09:30.2656262+05:00","PostID":0,"Post":null,"ExecuteMethod":2,"SourceResultText":"66.54","SourceResultValue":null,"SourceResultExpression":null,"SourceUnitTypeID":100012,"SourceUnitType":{"NameRU":"г/л","NameKZ":"г/л","Name":"г/л","PublicCode":"10001200","OrderBy":13,"ID":100012,"StrID":"100012"},"IsApproved":false,"ApproveDate":null,"ApprovePostID":null,"ApprovePost":null,"OrderNum":1,"WorkPlaceID":20747,"DriverManagerID":150,"BacteriologyResult":null,"AnalyzerId":38,"IsOrderProductionControl":false,"ID":0,"StrID":"0"}
30.08.2026 9:09:30	Information:	Save string: 
30.08.2026 9:09:30	Information:	{"OrderResearchID":67068006,"OrderResearch":{"OrderID":31120658,"ServiceMoID":2163201,"ServiceMoMasterDataID":8269447,"ServiceMo":{"OrgHealthCareID":"45500000000000909","ServiceID":236,"NameRU":"Определение общего белка в сыворотке крови на анализаторе","NameKZ":"Қан сарысуындағы жалпы нәруызды талдауышта анықтау ","Name":"Определение общего белка в сыворотке крови на анализаторе","ShortNameRU":"Определение общего белка в сыворотке крови на анализаторе","ShortNameKZ":"Қан сарысуындағы жалпы нәруызды талдауышта анықтау ","ShortName":"Определение общего белка в сыворотке крови на анализаторе","FullName":"B03.397.002 - Определение общего белка в сыворотке крови на анализаторе","Code":"B03.397.002","ExternalCode":null,"ServiceClassID":5,"ServiceClass":{"ServiceTypeID":2,"OrderBy":5,"MasterDataID":5,"NameRU":"Клиническая химия (биохимия)","NameKZ":"Клиникалық химия (биохимия)","Name":"Клиническая химия (биохимия)","PublicCode":"500","EndDate":null,"ID":"5","StrID":"5"},"Service":{"NameRU":"Определение общего белка в сыворотке крови на анализаторе","NameKZ":"Қан сарысуындағы жалпы нәруызды талдауышта анықтау","Name":"Определение общего белка в сыворотке крови на анализаторе","ShortNameRU":"Общий белок на анализаторе","ShortNameKZ":"Общий белок на анализаторе","ShortName":"Общий белок на анализаторе","FullName":"B03.397.002 - Определение общего белка в сыворотке крови на анализаторе","Code":"B03.397.002","ServiceClassID":5,"ServiceClass":null,"ServiceSubClassID":6,"ServiceSubClass":null,"MaterialTypeID":202,"MaterialType":null,"MasterDataID":3079,"ID":"236","StrID":"236"},"MasterDataID":8269447,"ServiceSubClassID":6,"PayType":1,"ServiceSubClass":null,"ID":"2163201","StrID":"2163201"},"FullName":"B03.397.002 - Определение общего белка в сыворотке крови на анализаторе  () ","IsMain":true,"SourceID":"144967058_33974916","WorkPlaceID":20747,"WorkPlace":null,"DriverManager":null,"ParameterID":null,"Parameter":null,"AdditionalInfo":null,"Status":1,"PerformetServiceCount":7,"ResearchResultCount":1,"ApproveResearchResultCount":0,"NotSaveResearchResultCount":0,"ParentID":null,"ScreeningCandidatePlanGuid":null,"ScreeningUrl":null,"TakePlace":null,"MaterialTypeID":null,"MaterialType":null,"PartCount":0,"IsOrderProductionControl":false,"Uid":"536e4a7a-a74f-4401-a781-8d73fc7b1c2f","OrderPerformerServices":[],"OrderResearchAllergens":[],"Results":[],"IsResumed":false,"ExecutionType":0,"ID":"67068006","StrID":"67068006"},"ParameterID":200918,"Parameter":{"ShortNameRU":"общий белок в сыворотке крови","ShortNameKZ":"қан сарысуындағы жалпы ақуыз","ShortName":"общий белок в сыворотке крови","DataType":0,"DataTypeName":"Число","UnitTypeID":100012,"UnitType":null,"MedicalFormID":null,"MasterDataID":0,"MedicalForm":null,"NameWithDataType":"общий белок в сыворотке крови  (Число)","NameRU":"общий белок в сыворотке крови","NameKZ":"қан сарысуындағы жалпы ақуыз","Name":"общий белок в сыворотке крови","PublicCode":"20091800","EndDate":null,"ID":"200918","StrID":"200918"},"ParameterValues":null,"ParameterValueID":null,"ParameterValue":null,"ResultText":"66.54","ResultValue":"66.54","ResultDate":"2026-08-30T09:09:30.5553128+05:00","PostID":"189416","Post":null,"ExecuteMethod":2,"SourceResultText":"66.54","SourceResultValue":"66.54","SourceResultExpression":null,"SourceUnitTypeID":100012,"SourceUnitType":{"OrderBy":13,"MasterDataID":null,"CDD_ID":null,"NameRU":"г/л","NameKZ":"г/л","Name":"г/л","PublicCode":"10001200","EndDate":null,"ID":"100012","StrID":"100012"},"MultiplierID":null,"IsApproved":false,"IsValidated":false,"StandardMatchType":0,"ApproveDate":null,"ApprovePostID":null,"ApprovePost":null,"OrderNum":1,"WorkPlaceID":20747,"OrderID":null,"BacteriologyResult":null,"AnalyzerId":38,"IsOrderProductionControl":false,"ID":"207137597","StrID":"207137597"}
30.08.2026 9:09:30	Information:	No result for test 201451 for sample with barcode 51566529 for device 20747
30.08.2026 9:09:30	Information:	No result for test 201448 for sample with barcode 51566529 for device 20747
30.08.2026 9:09:30	Information:	No result for test 201449 for sample with barcode 51566529 for device 20747
30.08.2026 9:09:30	Information:	No result for test 201446 for sample with barcode 51566529 for device 20747
30.08.2026 9:09:30	Information:	No result for test 201450 for sample with barcode 51566529 for device 20747
30.08.2026 9:09:30	Information:	Result object to save: 
30.08.2026 9:09:30	Information:	{"OrderResearchID":67068008,"OrderResearch":null,"ParameterID":200357,"Parameter":{"ShortNameRU":"АЛаТ","ShortNameKZ":"АЛаТ","ShortName":"АЛаТ","DataType":0,"DataTypeName":"Число","UnitTypeID":100030,"UnitType":{"NameRU":"МЕ/л","NameKZ":"ХБ/л","Name":"МЕ/л","PublicCode":"10003000","OrderBy":31,"ID":100030,"StrID":"100030"},"MedicalFormID":null,"MedicalForm":null,"NameRU":"АЛаТ","NameKZ":"АЛаТ","Name":"АЛаТ","PublicCode":"20035700","OrderBy":null,"ID":200357,"StrID":"200357"},"ParameterValueID":null,"ParameterValue":null,"ResultText":"9.3","ResultValue":null,"ResultDate":"2026-08-30T09:09:30.2822943+05:00","PostID":0,"Post":null,"ExecuteMethod":2,"SourceResultText":"9.3","SourceResultValue":null,"SourceResultExpression":null,"SourceUnitTypeID":100030,"SourceUnitType":{"NameRU":"МЕ/л","NameKZ":"ХБ/л","Name":"МЕ/л","PublicCode":"10003000","OrderBy":31,"ID":100030,"StrID":"100030"},"IsApproved":false,"ApproveDate":null,"ApprovePostID":null,"ApprovePost":null,"OrderNum":1,"WorkPlaceID":20747,"DriverManagerID":150,"BacteriologyResult":null,"AnalyzerId":38,"IsOrderProductionControl":false,"ID":0,"StrID":"0"}
30.08.2026 9:09:30	Information:	Save string: 
30.08.2026 9:09:30	Information:	{"OrderResearchID":67068008,"OrderResearch":{"OrderID":31120658,"ServiceMoID":2163576,"ServiceMoMasterDataID":8269462,"ServiceMo":{"OrgHealthCareID":"45500000000000909","ServiceID":253,"NameRU":"Определение аланинаминотрансферазы (АЛаТ) в сыворотке крови на анализаторе","NameKZ":"Қан сарысуындағы аланинаминотрансферазды (АЛаТ) талдауышта анықтау ","Name":"Определение аланинаминотрансферазы (АЛаТ) в сыворотке крови на анализаторе","ShortNameRU":"Определение аланинаминотрансферазы (АЛаТ) в сыворотке крови на анализаторе","ShortNameKZ":"Қан сарысуындағы аланинаминотрансферазды (АЛаТ) талдауышта анықтау ","ShortName":"Определение аланинаминотрансферазы (АЛаТ) в сыворотке крови на анализаторе","FullName":"B03.155.002 - Определение аланинаминотрансферазы (АЛаТ) в сыворотке крови на анализаторе","Code":"B03.155.002","ExternalCode":null,"ServiceClassID":5,"ServiceClass":{"ServiceTypeID":2,"OrderBy":5,"MasterDataID":5,"NameRU":"Клиническая химия (биохимия)","NameKZ":"Клиникалық химия (биохимия)","Name":"Клиническая химия (биохимия)","PublicCode":"500","EndDate":null,"ID":"5","StrID":"5"},"Service":{"NameRU":"Определение аланинаминотрансферазы (АЛаТ) в сыворотке крови на анализаторе","NameKZ":"Қан сарысуындағы аланинаминотрансферазды (АЛаТ) талдауышта анықтау","Name":"Определение аланинаминотрансферазы (АЛаТ) в сыворотке крови на анализаторе","ShortNameRU":"АЛаТ на анализаторе","ShortNameKZ":"АЛаТ на анализаторе","ShortName":"АЛаТ на анализаторе","FullName":"B03.155.002 - Определение аланинаминотрансферазы (АЛаТ) в сыворотке крови на анализаторе","Code":"B03.155.002","ServiceClassID":5,"ServiceClass":null,"ServiceSubClassID":6,"ServiceSubClass":null,"MaterialTypeID":202,"MaterialType":null,"MasterDataID":3094,"ID":"253","StrID":"253"},"MasterDataID":8269462,"ServiceSubClassID":6,"PayType":1,"ServiceSubClass":null,"ID":"2163576","StrID":"2163576"},"FullName":"B03.155.002 - Определение аланинаминотрансферазы (АЛаТ) в сыворотке крови на анализаторе  () ","IsMain":true,"SourceID":"144967058_33974921","WorkPlaceID":20747,"WorkPlace":null,"DriverManager":null,"ParameterID":null,"Parameter":null,"AdditionalInfo":null,"Status":1,"PerformetServiceCount":9,"ResearchResultCount":0,"ApproveResearchResultCount":0,"NotSaveResearchResultCount":0,"ParentID":null,"ScreeningCandidatePlanGuid":null,"ScreeningUrl":null,"TakePlace":null,"MaterialTypeID":null,"MaterialType":null,"PartCount":0,"IsOrderProductionControl":false,"Uid":"ec877b09-a229-43ac-a34a-6f9c2401e707","OrderPerformerServices":[],"OrderResearchAllergens":[],"Results":[],"IsResumed":false,"ExecutionType":0,"ID":"67068008","StrID":"67068008"},"ParameterID":200357,"Parameter":{"ShortNameRU":"АЛаТ","ShortNameKZ":"АЛаТ","ShortName":"АЛаТ","DataType":0,"DataTypeName":"Число","UnitTypeID":100030,"UnitType":null,"MedicalFormID":null,"MasterDataID":0,"MedicalForm":null,"NameWithDataType":"АЛаТ  (Число)","NameRU":"АЛаТ","NameKZ":"АЛаТ","Name":"АЛаТ","PublicCode":"20035700","EndDate":null,"ID":"200357","StrID":"200357"},"ParameterValues":null,"ParameterValueID":null,"ParameterValue":null,"ResultText":"9.30","ResultValue":"9.30","ResultDate":"2026-08-30T09:09:30.6462443+05:00","PostID":"189416","Post":null,"ExecuteMethod":2,"SourceResultText":"9.30","SourceResultValue":"9.30","SourceResultExpression":null,"SourceUnitTypeID":100030,"SourceUnitType":{"OrderBy":31,"MasterDataID":null,"CDD_ID":null,"NameRU":"МЕ/л","NameKZ":"ХБ/л","Name":"МЕ/л","PublicCode":"10003000","EndDate":null,"ID":"100030","StrID":"100030"},"MultiplierID":null,"IsApproved":false,"IsValidated":false,"StandardMatchType":0,"ApproveDate":null,"ApprovePostID":null,"ApprovePost":null,"OrderNum":1,"WorkPlaceID":20747,"OrderID":null,"BacteriologyResult":null,"AnalyzerId":38,"IsOrderProductionControl":false,"ID":"207137598","StrID":"207137598"}
30.08.2026 9:09:30	Information:	Result object to save: 
30.08.2026 9:09:30	Information:	{"OrderResearchID":67068011,"OrderResearch":null,"ParameterID":200408,"Parameter":{"ShortNameRU":"АСаТ","ShortNameKZ":"АСаТ","ShortName":"АСаТ","DataType":0,"DataTypeName":"Число","UnitTypeID":100030,"UnitType":{"NameRU":"МЕ/л","NameKZ":"ХБ/л","Name":"МЕ/л","PublicCode":"10003000","OrderBy":31,"ID":100030,"StrID":"100030"},"MedicalFormID":null,"MedicalForm":null,"NameRU":"АСаТ","NameKZ":"АСаТ","Name":"АСаТ","PublicCode":"20040800","OrderBy":null,"ID":200408,"StrID":"200408"},"ParameterValueID":null,"ParameterValue":null,"ResultText":"29.2","ResultValue":null,"ResultDate":"2026-08-30T09:09:30.285778+05:00","PostID":0,"Post":null,"ExecuteMethod":2,"SourceResultText":"29.2","SourceResultValue":null,"SourceResultExpression":null,"SourceUnitTypeID":100030,"SourceUnitType":{"NameRU":"МЕ/л","NameKZ":"ХБ/л","Name":"МЕ/л","PublicCode":"10003000","OrderBy":31,"ID":100030,"StrID":"100030"},"IsApproved":false,"ApproveDate":null,"ApprovePostID":null,"ApprovePost":null,"OrderNum":1,"WorkPlaceID":20747,"DriverManagerID":150,"BacteriologyResult":null,"AnalyzerId":38,"IsOrderProductionControl":false,"ID":0,"StrID":"0"}
30.08.2026 9:09:30	Information:	Save string: 
30.08.2026 9:09:30	Information:	{"OrderResearchID":67068011,"OrderResearch":{"OrderID":31120658,"ServiceMoID":2163651,"ServiceMoMasterDataID":8269465,"ServiceMo":{"OrgHealthCareID":"45500000000000909","ServiceID":256,"NameRU":"Определение аспартатаминотрансферазы (АСаТ) в сыворотке крови на анализаторе","NameKZ":"Қан сарысуындағы  аспартатаминотрансферазды  (АСаТ) талдауышта анықтау  ","Name":"Определение аспартатаминотрансферазы (АСаТ) в сыворотке крови на анализаторе","ShortNameRU":"Определение аспартатаминотрансферазы (АСаТ) в сыворотке крови на анализаторе","ShortNameKZ":"Қан сарысуындағы  аспартатаминотрансферазды  (АСаТ) талдауышта анықтау  ","ShortName":"Определение аспартатаминотрансферазы (АСаТ) в сыворотке крови на анализаторе","FullName":"B03.293.002 - Определение аспартатаминотрансферазы (АСаТ) в сыворотке крови на анализаторе","Code":"B03.293.002","ExternalCode":null,"ServiceClassID":5,"ServiceClass":{"ServiceTypeID":2,"OrderBy":5,"MasterDataID":5,"NameRU":"Клиническая химия (биохимия)","NameKZ":"Клиникалық химия (биохимия)","Name":"Клиническая химия (биохимия)","PublicCode":"500","EndDate":null,"ID":"5","StrID":"5"},"Service":{"NameRU":"Определение аспартатаминотрансферазы (АСаТ) в сыворотке крови на анализаторе","NameKZ":"Қан сарысуындағы аспартатаминотрансферазды (АСаТ) талдауышта анықтау","Name":"Определение аспартатаминотрансферазы (АСаТ) в сыворотке крови на анализаторе","ShortNameRU":"АСаТ на анализаторе","ShortNameKZ":"АСаТ на анализаторе","ShortName":"АСаТ на анализаторе","FullName":"B03.293.002 - Определение аспартатаминотрансферазы (АСаТ) в сыворотке крови на анализаторе","Code":"B03.293.002","ServiceClassID":5,"ServiceClass":null,"ServiceSubClassID":6,"ServiceSubClass":null,"MaterialTypeID":202,"MaterialType":null,"MasterDataID":3097,"ID":"256","StrID":"256"},"MasterDataID":8269465,"ServiceSubClassID":6,"PayType":1,"ServiceSubClass":null,"ID":"2163651","StrID":"2163651"},"FullName":"B03.293.002 - Определение аспартатаминотрансферазы (АСаТ) в сыворотке крови на анализаторе  () ","IsMain":true,"SourceID":"144967058_33974922","WorkPlaceID":20747,"WorkPlace":null,"DriverManager":null,"ParameterID":null,"Parameter":null,"AdditionalInfo":null,"Status":1,"PerformetServiceCount":7,"ResearchResultCount":0,"ApproveResearchResultCount":0,"NotSaveResearchResultCount":0,"ParentID":null,"ScreeningCandidatePlanGuid":null,"ScreeningUrl":null,"TakePlace":null,"MaterialTypeID":null,"MaterialType":null,"PartCount":0,"IsOrderProductionControl":false,"Uid":"e92e4e13-17ab-431c-b84e-b55d2c023896","OrderPerformerServices":[],"OrderResearchAllergens":[],"Results":[],"IsResumed":false,"ExecutionType":0,"ID":"67068011","StrID":"67068011"},"ParameterID":200408,"Parameter":{"ShortNameRU":"АСаТ","ShortNameKZ":"АСаТ","ShortName":"АСаТ","DataType":0,"DataTypeName":"Число","UnitTypeID":100030,"UnitType":null,"MedicalFormID":null,"MasterDataID":0,"MedicalForm":null,"NameWithDataType":"АСаТ  (Число)","NameRU":"АСаТ","NameKZ":"АСаТ","Name":"АСаТ","PublicCode":"20040800","EndDate":null,"ID":"200408","StrID":"200408"},"ParameterValues":null,"ParameterValueID":null,"ParameterValue":null,"ResultText":"29.20","ResultValue":"29.20","ResultDate":"2026-08-30T09:09:30.7259802+05:00","PostID":"189416","Post":null,"ExecuteMethod":2,"SourceResultText":"29.20","SourceResultValue":"29.20","SourceResultExpression":null,"SourceUnitTypeID":100030,"SourceUnitType":{"OrderBy":31,"MasterDataID":null,"CDD_ID":null,"NameRU":"МЕ/л","NameKZ":"ХБ/л","Name":"МЕ/л","PublicCode":"10003000","EndDate":null,"ID":"100030","StrID":"100030"},"MultiplierID":null,"IsApproved":false,"IsValidated":false,"StandardMatchType":0,"ApproveDate":null,"ApprovePostID":null,"ApprovePost":null,"OrderNum":1,"WorkPlaceID":20747,"OrderID":null,"BacteriologyResult":null,"AnalyzerId":38,"IsOrderProductionControl":false,"ID":"207137599","StrID":"207137599"}
30.08.2026 9:09:30	Information:	Result object to save: 
30.08.2026 9:09:30	Information:	{"OrderResearchID":67068009,"OrderResearch":null,"ParameterID":201268,"Parameter":{"ShortNameRU":"холестерин в сыворотке крови","ShortNameKZ":"қан сарысуындағы холестерин","ShortName":"холестерин в сыворотке крови","DataType":0,"DataTypeName":"Число","UnitTypeID":100051,"UnitType":{"NameRU":"ммоль/л","NameKZ":"ммоль/л","Name":"ммоль/л","PublicCode":"10005100","OrderBy":52,"ID":100051,"StrID":"100051"},"MedicalFormID":null,"MedicalForm":null,"NameRU":"холестерин в сыворотке крови","NameKZ":"қан сарысуындағы холестерин","Name":"холестерин в сыворотке крови","PublicCode":"20126800","OrderBy":null,"ID":201268,"StrID":"201268"},"ParameterValueID":null,"ParameterValue":null,"ResultText":"2.95","ResultValue":null,"ResultDate":"2026-08-30T09:09:30.2883471+05:00","PostID":0,"Post":null,"ExecuteMethod":2,"SourceResultText":"2.95","SourceResultValue":null,"SourceResultExpression":null,"SourceUnitTypeID":100051,"SourceUnitType":{"NameRU":"ммоль/л","NameKZ":"ммоль/л","Name":"ммоль/л","PublicCode":"10005100","OrderBy":52,"ID":100051,"StrID":"100051"},"IsApproved":false,"ApproveDate":null,"ApprovePostID":null,"ApprovePost":null,"OrderNum":1,"WorkPlaceID":20747,"DriverManagerID":150,"BacteriologyResult":null,"AnalyzerId":38,"IsOrderProductionControl":false,"ID":0,"StrID":"0"}
30.08.2026 9:09:30	Information:	Save string: 
30.08.2026 9:09:30	Information:	{"OrderResearchID":67068009,"OrderResearch":{"OrderID":31120658,"ServiceMoID":2164426,"ServiceMoMasterDataID":8269496,"ServiceMo":{"OrgHealthCareID":"45500000000000909","ServiceID":287,"NameRU":"Определение общего холестерина в сыворотке крови на анализаторе","NameKZ":"Қан сарысуындағы жалпы  холестеринді талдауышта анықтау ","Name":"Определение общего холестерина в сыворотке крови на анализаторе","ShortNameRU":"Определение общего холестерина в сыворотке крови на анализаторе","ShortNameKZ":"Қан сарысуындағы жалпы  холестеринді талдауышта анықтау ","ShortName":"Определение общего холестерина в сыворотке крови на анализаторе","FullName":"B03.401.002 - Определение общего холестерина в сыворотке крови на анализаторе","Code":"B03.401.002","ExternalCode":null,"ServiceClassID":5,"ServiceClass":{"ServiceTypeID":2,"OrderBy":5,"MasterDataID":5,"NameRU":"Клиническая химия (биохимия)","NameKZ":"Клиникалық химия (биохимия)","Name":"Клиническая химия (биохимия)","PublicCode":"500","EndDate":null,"ID":"5","StrID":"5"},"Service":{"NameRU":"Определение общего холестерина в сыворотке крови на анализаторе","NameKZ":"Қан сарысуындағы жалпы холестеринді талдауышта анықтау","Name":"Определение общего холестерина в сыворотке крови на анализаторе","ShortNameRU":"Холестерин на анализаторе","ShortNameKZ":"Холестерин на анализаторе","ShortName":"Холестерин на анализаторе","FullName":"B03.401.002 - Определение общего холестерина в сыворотке крови на анализаторе","Code":"B03.401.002","ServiceClassID":5,"ServiceClass":null,"ServiceSubClassID":6,"ServiceSubClass":null,"MaterialTypeID":202,"MaterialType":null,"MasterDataID":3128,"ID":"287","StrID":"287"},"MasterDataID":8269496,"ServiceSubClassID":6,"PayType":1,"ServiceSubClass":null,"ID":"2164426","StrID":"2164426"},"FullName":"B03.401.002 - Определение общего холестерина в сыворотке крови на анализаторе  () ","IsMain":true,"SourceID":"144967058_33974918","WorkPlaceID":20747,"WorkPlace":null,"DriverManager":null,"ParameterID":null,"Parameter":null,"AdditionalInfo":null,"Status":1,"PerformetServiceCount":7,"ResearchResultCount":0,"ApproveResearchResultCount":0,"NotSaveResearchResultCount":0,"ParentID":null,"ScreeningCandidatePlanGuid":null,"ScreeningUrl":null,"TakePlace":null,"MaterialTypeID":null,"MaterialType":null,"PartCount":0,"IsOrderProductionControl":false,"Uid":"dae61879-2928-4b37-96f9-82232bcc5e99","OrderPerformerServices":[],"OrderResearchAllergens":[],"Results":[],"IsResumed":false,"ExecutionType":0,"ID":"67068009","StrID":"67068009"},"ParameterID":201268,"Parameter":{"ShortNameRU":"холестерин в сыворотке крови","ShortNameKZ":"қан сарысуындағы холестерин","ShortName":"холестерин в сыворотке крови","DataType":0,"DataTypeName":"Число","UnitTypeID":100051,"UnitType":null,"MedicalFormID":null,"MasterDataID":0,"MedicalForm":null,"NameWithDataType":"холестерин в сыворотке крови  (Число)","NameRU":"холестерин в сыворотке крови","NameKZ":"қан сарысуындағы холестерин","Name":"холестерин в сыворотке крови","PublicCode":"20126800","EndDate":null,"ID":"201268","StrID":"201268"},"ParameterValues":null,"ParameterValueID":null,"ParameterValue":null,"ResultText":"2.95","ResultValue":"2.95","ResultDate":"2026-08-30T09:09:30.8102205+05:00","PostID":"189416","Post":null,"ExecuteMethod":2,"SourceResultText":"2.95","SourceResultValue":"2.95","SourceResultExpression":null,"SourceUnitTypeID":100051,"SourceUnitType":{"OrderBy":52,"MasterDataID":null,"CDD_ID":null,"NameRU":"ммоль/л","NameKZ":"ммоль/л","Name":"ммоль/л","PublicCode":"10005100","EndDate":null,"ID":"100051","StrID":"100051"},"MultiplierID":null,"IsApproved":false,"IsValidated":false,"StandardMatchType":0,"ApproveDate":null,"ApprovePostID":null,"ApprovePost":null,"OrderNum":1,"WorkPlaceID":20747,"OrderID":null,"BacteriologyResult":null,"AnalyzerId":38,"IsOrderProductionControl":false,"ID":"207137600","StrID":"207137600"}
30.08.2026 9:09:30	Information:	Result object to save: 
30.08.2026 9:09:30	Information:	{"OrderResearchID":67068012,"OrderResearch":null,"ParameterID":200852,"Parameter":{"ShortNameRU":"мочевина в сыворотке крови","ShortNameKZ":"қан сарысуындағы несепнәр","ShortName":"мочевина в сыворотке крови","DataType":0,"DataTypeName":"Число","UnitTypeID":100051,"UnitType":{"NameRU":"ммоль/л","NameKZ":"ммоль/л","Name":"ммоль/л","PublicCode":"10005100","OrderBy":52,"ID":100051,"StrID":"100051"},"MedicalFormID":null,"MedicalForm":null,"NameRU":"мочевина в сыворотке крови","NameKZ":"қан сарысуындағы несепнәр","Name":"мочевина в сыворотке крови","PublicCode":"20085200","OrderBy":null,"ID":200852,"StrID":"200852"},"ParameterValueID":null,"ParameterValue":null,"ResultText":"3.95","ResultValue":null,"ResultDate":"2026-08-30T09:09:30.2914297+05:00","PostID":0,"Post":null,"ExecuteMethod":2,"SourceResultText":"3.95","SourceResultValue":null,"SourceResultExpression":null,"SourceUnitTypeID":100051,"SourceUnitType":{"NameRU":"ммоль/л","NameKZ":"ммоль/л","Name":"ммоль/л","PublicCode":"10005100","OrderBy":52,"ID":100051,"StrID":"100051"},"IsApproved":false,"ApproveDate":null,"ApprovePostID":null,"ApprovePost":null,"OrderNum":1,"WorkPlaceID":20747,"DriverManagerID":150,"BacteriologyResult":null,"AnalyzerId":38,"IsOrderProductionControl":false,"ID":0,"StrID":"0"}
30.08.2026 9:09:30	Information:	Save string: 
30.08.2026 9:09:30	Information:	{"OrderResearchID":67068012,"OrderResearch":{"OrderID":31120658,"ServiceMoID":2164626,"ServiceMoMasterDataID":8269504,"ServiceMo":{"OrgHealthCareID":"45500000000000909","ServiceID":295,"NameRU":"Определение мочевины в сыворотке крови на анализаторе","NameKZ":"Қан сарысуындағы несепнәрді  талдауышта анықтау ","Name":"Определение мочевины в сыворотке крови на анализаторе","ShortNameRU":"Определение мочевины в сыворотке крови на анализаторе","ShortNameKZ":"Қан сарысуындағы несепнәрді  талдауышта анықтау ","ShortName":"Определение мочевины в сыворотке крови на анализаторе","FullName":"B03.386.002 - Определение мочевины в сыворотке крови на анализаторе","Code":"B03.386.002","ExternalCode":null,"ServiceClassID":5,"ServiceClass":{"ServiceTypeID":2,"OrderBy":5,"MasterDataID":5,"NameRU":"Клиническая химия (биохимия)","NameKZ":"Клиникалық химия (биохимия)","Name":"Клиническая химия (биохимия)","PublicCode":"500","EndDate":null,"ID":"5","StrID":"5"},"Service":{"NameRU":"Определение мочевины в сыворотке крови на анализаторе","NameKZ":"Қан сарысуындағы несепнәрді талдауышта анықтау","Name":"Определение мочевины в сыворотке крови на анализаторе","ShortNameRU":"Мочевина на анализаторе","ShortNameKZ":"Мочевина на анализаторе","ShortName":"Мочевина на анализаторе","FullName":"B03.386.002 - Определение мочевины в сыворотке крови на анализаторе","Code":"B03.386.002","ServiceClassID":5,"ServiceClass":null,"ServiceSubClassID":6,"ServiceSubClass":null,"MaterialTypeID":202,"MaterialType":null,"MasterDataID":3136,"ID":"295","StrID":"295"},"MasterDataID":8269504,"ServiceSubClassID":6,"PayType":1,"ServiceSubClass":null,"ID":"2164626","StrID":"2164626"},"FullName":"B03.386.002 - Определение мочевины в сыворотке крови на анализаторе  () ","IsMain":true,"SourceID":"144967058_33974920","WorkPlaceID":20747,"WorkPlace":null,"DriverManager":null,"ParameterID":null,"Parameter":null,"AdditionalInfo":null,"Status":1,"PerformetServiceCount":7,"ResearchResultCount":0,"ApproveResearchResultCount":0,"NotSaveResearchResultCount":0,"ParentID":null,"ScreeningCandidatePlanGuid":null,"ScreeningUrl":null,"TakePlace":null,"MaterialTypeID":null,"MaterialType":null,"PartCount":0,"IsOrderProductionControl":false,"Uid":"4b0f6242-81d3-408b-ad08-65cc5c7425ef","OrderPerformerServices":[],"OrderResearchAllergens":[],"Results":[],"IsResumed":false,"ExecutionType":0,"ID":"67068012","StrID":"67068012"},"ParameterID":200852,"Parameter":{"ShortNameRU":"мочевина в сыворотке крови","ShortNameKZ":"қан сарысуындағы несепнәр","ShortName":"мочевина в сыворотке крови","DataType":0,"DataTypeName":"Число","UnitTypeID":100051,"UnitType":null,"MedicalFormID":null,"MasterDataID":0,"MedicalForm":null,"NameWithDataType":"мочевина в сыворотке крови  (Число)","NameRU":"мочевина в сыворотке крови","NameKZ":"қан сарысуындағы несепнәр","Name":"мочевина в сыворотке крови","PublicCode":"20085200","EndDate":null,"ID":"200852","StrID":"200852"},"ParameterValues":null,"ParameterValueID":null,"ParameterValue":null,"ResultText":"3.95","ResultValue":"3.95","ResultDate":"2026-08-30T09:09:30.8822888+05:00","PostID":"189416","Post":null,"ExecuteMethod":2,"SourceResultText":"3.95","SourceResultValue":"3.95","SourceResultExpression":null,"SourceUnitTypeID":100051,"SourceUnitType":{"OrderBy":52,"MasterDataID":null,"CDD_ID":null,"NameRU":"ммоль/л","NameKZ":"ммоль/л","Name":"ммоль/л","PublicCode":"10005100","EndDate":null,"ID":"100051","StrID":"100051"},"MultiplierID":null,"IsApproved":false,"IsValidated":false,"StandardMatchType":0,"ApproveDate":null,"ApprovePostID":null,"ApprovePost":null,"OrderNum":1,"WorkPlaceID":20747,"OrderID":null,"BacteriologyResult":null,"AnalyzerId":38,"IsOrderProductionControl":false,"ID":"207137601","StrID":"207137601"}
30.08.2026 9:09:30	Information:	Result object to save: 
30.08.2026 9:09:30	Information:	{"OrderResearchID":67068013,"OrderResearch":null,"ParameterID":200744,"Parameter":{"ShortNameRU":"креатинин в крови","ShortNameKZ":"қандағы креатинин","ShortName":"креатинин в крови","DataType":0,"DataTypeName":"Число","UnitTypeID":100041,"UnitType":{"NameRU":"мкмоль/л","NameKZ":"мкмоль/л","Name":"мкмоль/л","PublicCode":"10004100","OrderBy":42,"ID":100041,"StrID":"100041"},"MedicalFormID":null,"MedicalForm":null,"NameRU":"креатинин в крови","NameKZ":"қандағы креатинин","Name":"креатинин в крови","PublicCode":"20074400","OrderBy":null,"ID":200744,"StrID":"200744"},"ParameterValueID":null,"ParameterValue":null,"ResultText":"22.72","ResultValue":null,"ResultDate":"2026-08-30T09:09:30.2939906+05:00","PostID":0,"Post":null,"ExecuteMethod":2,"SourceResultText":"22.72","SourceResultValue":null,"SourceResultExpression":null,"SourceUnitTypeID":100041,"SourceUnitType":{"NameRU":"мкмоль/л","NameKZ":"мкмоль/л","Name":"мкмоль/л","PublicCode":"10004100","OrderBy":42,"ID":100041,"StrID":"100041"},"IsApproved":false,"ApproveDate":null,"ApprovePostID":null,"ApprovePost":null,"OrderNum":1,"WorkPlaceID":20747,"DriverManagerID":150,"BacteriologyResult":null,"AnalyzerId":38,"IsOrderProductionControl":false,"ID":0,"StrID":"0"}
30.08.2026 9:09:30	Information:	Save string: 
30.08.2026 9:09:30	Information:	{"OrderResearchID":67068013,"OrderResearch":{"OrderID":31120658,"ServiceMoID":2164651,"ServiceMoMasterDataID":8269505,"ServiceMo":{"OrgHealthCareID":"45500000000000909","ServiceID":296,"NameRU":"Определение креатинина в сыворотке крови на анализаторе","NameKZ":"Қан сарысуындағы  креатининді талдауышта анықтау ","Name":"Определение креатинина в сыворотке крови на анализаторе","ShortNameRU":"Определение креатинина в сыворотке крови на анализаторе","ShortNameKZ":"Қан сарысуындағы  креатининді талдауышта анықтау ","ShortName":"Определение креатинина в сыворотке крови на анализаторе","FullName":"B03.363.002 - Определение креатинина в сыворотке крови на анализаторе","Code":"B03.363.002","ExternalCode":null,"ServiceClassID":5,"ServiceClass":{"ServiceTypeID":2,"OrderBy":5,"MasterDataID":5,"NameRU":"Клиническая химия (биохимия)","NameKZ":"Клиникалық химия (биохимия)","Name":"Клиническая химия (биохимия)","PublicCode":"500","EndDate":null,"ID":"5","StrID":"5"},"Service":{"NameRU":"Определение креатинина в сыворотке крови на анализаторе","NameKZ":"Қан сарысуындағы креатининді талдауышта анықтау","Name":"Определение креатинина в сыворотке крови на анализаторе","ShortNameRU":"Креатинин на анализаторе","ShortNameKZ":"Креатинин на анализаторе","ShortName":"Креатинин на анализаторе","FullName":"B03.363.002 - Определение креатинина в сыворотке крови на анализаторе","Code":"B03.363.002","ServiceClassID":5,"ServiceClass":null,"ServiceSubClassID":6,"ServiceSubClass":null,"MaterialTypeID":202,"MaterialType":null,"MasterDataID":3137,"ID":"296","StrID":"296"},"MasterDataID":8269505,"ServiceSubClassID":6,"PayType":1,"ServiceSubClass":null,"ID":"2164651","StrID":"2164651"},"FullName":"B03.363.002 - Определение креатинина в сыворотке крови на анализаторе  () ","IsMain":true,"SourceID":"144967058_33974919","WorkPlaceID":20747,"WorkPlace":null,"DriverManager":null,"ParameterID":null,"Parameter":null,"AdditionalInfo":null,"Status":1,"PerformetServiceCount":7,"ResearchResultCount":0,"ApproveResearchResultCount":0,"NotSaveResearchResultCount":0,"ParentID":null,"ScreeningCandidatePlanGuid":null,"ScreeningUrl":null,"TakePlace":null,"MaterialTypeID":null,"MaterialType":null,"PartCount":0,"IsOrderProductionControl":false,"Uid":"726bd8ff-b973-40c3-909d-da26ad81d89f","OrderPerformerServices":[],"OrderResearchAllergens":[],"Results":[],"IsResumed":false,"ExecutionType":0,"ID":"67068013","StrID":"67068013"},"ParameterID":200744,"Parameter":{"ShortNameRU":"креатинин в крови","ShortNameKZ":"қандағы креатинин","ShortName":"креатинин в крови","DataType":0,"DataTypeName":"Число","UnitTypeID":100041,"UnitType":null,"MedicalFormID":null,"MasterDataID":0,"MedicalForm":null,"NameWithDataType":"креатинин в крови  (Число)","NameRU":"креатинин в крови","NameKZ":"қандағы креатинин","Name":"креатинин в крови","PublicCode":"20074400","EndDate":null,"ID":"200744","StrID":"200744"},"ParameterValues":null,"ParameterValueID":null,"ParameterValue":null,"ResultText":"22.72","ResultValue":"22.72","ResultDate":"2026-08-30T09:09:30.9488745+05:00","PostID":"189416","Post":null,"ExecuteMethod":2,"SourceResultText":"22.72","SourceResultValue":"22.72","SourceResultExpression":null,"SourceUnitTypeID":100041,"SourceUnitType":{"OrderBy":42,"MasterDataID":null,"CDD_ID":null,"NameRU":"мкмоль/л","NameKZ":"мкмоль/л","Name":"мкмоль/л","PublicCode":"10004100","EndDate":null,"ID":"100041","StrID":"100041"},"MultiplierID":null,"IsApproved":false,"IsValidated":false,"StandardMatchType":0,"ApproveDate":null,"ApprovePostID":null,"ApprovePost":null,"OrderNum":1,"WorkPlaceID":20747,"OrderID":null,"BacteriologyResult":null,"AnalyzerId":38,"IsOrderProductionControl":false,"ID":"207137602","StrID":"207137602"}
30.08.2026 9:09:30	Information:	Result object to save: 
30.08.2026 9:09:30	Information:	{"OrderResearchID":67068014,"OrderResearch":null,"ParameterID":201150,"Parameter":{"ShortNameRU":"СРБ","ShortNameKZ":"СРА","ShortName":"СРБ","DataType":0,"DataTypeName":"Число","UnitTypeID":100026,"UnitType":{"NameRU":"мг/л","NameKZ":"мг/л","Name":"мг/л","PublicCode":"10002600","OrderBy":27,"ID":100026,"StrID":"100026"},"MedicalFormID":null,"MedicalForm":null,"NameRU":"СРБ","NameKZ":"СРА","Name":"СРБ","PublicCode":"20115000","OrderBy":null,"ID":201150,"StrID":"201150"},"ParameterValueID":null,"ParameterValue":null,"ResultText":"2.67","ResultValue":null,"ResultDate":"2026-08-30T09:09:30.296555+05:00","PostID":0,"Post":null,"ExecuteMethod":2,"SourceResultText":"2.67","SourceResultValue":null,"SourceResultExpression":null,"SourceUnitTypeID":100026,"SourceUnitType":{"NameRU":"мг/л","NameKZ":"мг/л","Name":"мг/л","PublicCode":"10002600","OrderBy":27,"ID":100026,"StrID":"100026"},"IsApproved":false,"ApproveDate":null,"ApprovePostID":null,"ApprovePost":null,"OrderNum":1,"WorkPlaceID":20747,"DriverManagerID":150,"BacteriologyResult":null,"AnalyzerId":38,"IsOrderProductionControl":false,"ID":0,"StrID":"0"}
30.08.2026 9:09:30	Information:	Save string: 
30.08.2026 9:09:30	Information:	{"OrderResearchID":67068014,"OrderResearch":{"OrderID":31120658,"ServiceMoID":2164726,"ServiceMoMasterDataID":8269508,"ServiceMo":{"OrgHealthCareID":"45500000000000909","ServiceID":299,"NameRU":"Определение «C» реактивного белка (СРБ) в сыворотке крови количественно","NameKZ":"Қан сарысуында \"C\" реактивті нәруызын сандық анықтау","Name":"Определение «C» реактивного белка (СРБ) в сыворотке крови количественно","ShortNameRU":"Определение «C» реактивного белка (СРБ) в сыворотке крови количественно","ShortNameKZ":"Қан сарысуында \"C\" реактивті нәруызын сандық анықтау","ShortName":"Определение «C» реактивного белка (СРБ) в сыворотке крови количественно","FullName":"B03.115.002 - Определение «C» реактивного белка (СРБ) в сыворотке крови количественно","Code":"B03.115.002","ExternalCode":null,"ServiceClassID":5,"ServiceClass":{"ServiceTypeID":2,"OrderBy":5,"MasterDataID":5,"NameRU":"Клиническая химия (биохимия)","NameKZ":"Клиникалық химия (биохимия)","Name":"Клиническая химия (биохимия)","PublicCode":"500","EndDate":null,"ID":"5","StrID":"5"},"Service":{"NameRU":"Определение «C» реактивного белка (СРБ) в сыворотке крови количественно","NameKZ":"Қан сарысуында \"C\" реактивті нәруызын сандық анықтау","Name":"Определение «C» реактивного белка (СРБ) в сыворотке крови количественно","ShortNameRU":"СРБ на анализаторе","ShortNameKZ":"СРБ на анализаторе","ShortName":"СРБ на анализаторе","FullName":"B03.115.002 - Определение «C» реактивного белка (СРБ) в сыворотке крови количественно","Code":"B03.115.002","ServiceClassID":5,"ServiceClass":null,"ServiceSubClassID":6,"ServiceSubClass":null,"MaterialTypeID":202,"MaterialType":null,"MasterDataID":3140,"ID":"299","StrID":"299"},"MasterDataID":8269508,"ServiceSubClassID":6,"PayType":1,"ServiceSubClass":null,"ID":"2164726","StrID":"2164726"},"FullName":"B03.115.002 - Определение «C» реактивного белка (СРБ) в сыворотке крови количественно  () ","IsMain":true,"SourceID":"144967058_33974924","WorkPlaceID":20747,"WorkPlace":null,"DriverManager":null,"ParameterID":null,"Parameter":null,"AdditionalInfo":null,"Status":1,"PerformetServiceCount":7,"ResearchResultCount":0,"ApproveResearchResultCount":0,"NotSaveResearchResultCount":0,"ParentID":null,"ScreeningCandidatePlanGuid":null,"ScreeningUrl":null,"TakePlace":null,"MaterialTypeID":null,"MaterialType":null,"PartCount":0,"IsOrderProductionControl":false,"Uid":"af72fc99-8d36-48e4-a458-05cb87ad65d4","OrderPerformerServices":[],"OrderResearchAllergens":[],"Results":[],"IsResumed":false,"ExecutionType":0,"ID":"67068014","StrID":"67068014"},"ParameterID":201150,"Parameter":{"ShortNameRU":"СРБ","ShortNameKZ":"СРА","ShortName":"СРБ","DataType":0,"DataTypeName":"Число","UnitTypeID":100026,"UnitType":null,"MedicalFormID":null,"MasterDataID":0,"MedicalForm":null,"NameWithDataType":"СРБ  (Число)","NameRU":"СРБ","NameKZ":"СРА","Name":"СРБ","PublicCode":"20115000","EndDate":null,"ID":"201150","StrID":"201150"},"ParameterValues":null,"ParameterValueID":null,"ParameterValue":null,"ResultText":"2.67","ResultValue":"2.67","ResultDate":"2026-08-30T09:09:31.0287279+05:00","PostID":"189416","Post":null,"ExecuteMethod":2,"SourceResultText":"2.67","SourceResultValue":"2.67","SourceResultExpression":null,"SourceUnitTypeID":100026,"SourceUnitType":{"OrderBy":27,"MasterDataID":null,"CDD_ID":null,"NameRU":"мг/л","NameKZ":"мг/л","Name":"мг/л","PublicCode":"10002600","EndDate":null,"ID":"100026","StrID":"100026"},"MultiplierID":null,"IsApproved":false,"IsValidated":false,"StandardMatchType":0,"ApproveDate":null,"ApprovePostID":null,"ApprovePost":null,"OrderNum":1,"WorkPlaceID":20747,"OrderID":null,"BacteriologyResult":null,"AnalyzerId":38,"IsOrderProductionControl":false,"ID":"207137603","StrID":"207137603"}
30.08.2026 9:09:30	Information:	No result for test 200376 for sample with barcode 51566529 for device 20747
30.08.2026 9:09:30	Debug:	 SendResults SaveDeviceResults = 658 ms
30.08.2026 9:09:30	Debug:	 total for SendResults = 925 ms
30.08.2026 9:09:51	Information:	url https://lab-vko.dmed.kz/ /api/DriverManager/PingDevice
30.08.2026 9:09:51	Information:	{
"Hash": "w9LjvpRCyoByGV3Lzv0iX9dSI0tLK0uV+pRojL1kufc=",
"Status": 0
}


30.08.2026 9:09:51	Information:	Ping ret is {"Status":0,"Comment":null}
30.08.2026 9:11:52	Information:	url https://lab-vko.dmed.kz/ /api/DriverManager/PingDevice
30.08.2026 9:11:52	Information:	{
"Hash": "w9LjvpRCyoByGV3Lzv0iX9dSI0tLK0uV+pRojL1kufc=",
"Status": 0
}


30.08.2026 9:11:52	Information:	Ping ret is {"Status":0,"Comment":null}
30.08.2026 9:13:52	Information:	url https://lab-vko.dmed.kz/ /api/DriverManager/PingDevice
30.08.2026 9:13:52	Information:	{
"Hash": "w9LjvpRCyoByGV3Lzv0iX9dSI0tLK0uV+pRojL1kufc=",
"Status": 0
}


30.08.2026 9:13:52	Information:	Ping ret is {"Status":0,"Comment":null}
30.08.2026 9:14:29	Information:	refresh tokens
30.08.2026 9:15:53	Information:	url https://lab-vko.dmed.kz/ /api/DriverManager/PingDevice
30.08.2026 9:15:53	Information:	{
"Hash": "w9LjvpRCyoByGV3Lzv0iX9dSI0tLK0uV+pRojL1kufc=",
"Status": 0
}


30.08.2026 9:15:53	Information:	Ping ret is {"Status":0,"Comment":null}
30.08.2026 9:17:53	Information:	url https://lab-vko.dmed.kz/ /api/DriverManager/PingDevice
30.08.2026 9:17:53	Information:	{
"Hash": "w9LjvpRCyoByGV3Lzv0iX9dSI0tLK0uV+pRojL1kufc=",
"Status": 0
}


30.08.2026 9:17:53	Information:	Ping ret is {"Status":0,"Comment":null}
30.08.2026 9:19:54	Information:	url https://lab-vko.dmed.kz/ /api/DriverManager/PingDevice
30.08.2026 9:19:54	Information:	{
"Hash": "w9LjvpRCyoByGV3Lzv0iX9dSI0tLK0uV+pRojL1kufc=",
"Status": 0
}


30.08.2026 9:19:54	Information:	Ping ret is {"Status":0,"Comment":null}
30.08.2026 9:21:54	Information:	url https://lab-vko.dmed.kz/ /api/DriverManager/PingDevice
30.08.2026 9:21:54	Information:	{
"Hash": "w9LjvpRCyoByGV3Lzv0iX9dSI0tLK0uV+pRojL1kufc=",
"Status": 0
}


30.08.2026 9:21:54	Information:	Ping ret is {"Status":0,"Comment":null}
30.08.2026 9:23:55	Information:	url https://lab-vko.dmed.kz/ /api/DriverManager/PingDevice
30.08.2026 9:23:55	Information:	{
"Hash": "w9LjvpRCyoByGV3Lzv0iX9dSI0tLK0uV+pRojL1kufc=",
"Status": 0
}


30.08.2026 9:23:55	Information:	Ping ret is {"Status":0,"Comment":null}
30.08.2026 9:24:29	Information:	refresh tokens
30.08.2026 9:25:55	Information:	url https://lab-vko.dmed.kz/ /api/DriverManager/PingDevice
30.08.2026 9:25:55	Information:	{
"Hash": "w9LjvpRCyoByGV3Lzv0iX9dSI0tLK0uV+pRojL1kufc=",
"Status": 0
}


30.08.2026 9:25:55	Information:	Ping ret is {"Status":0,"Comment":null}
30.08.2026 9:27:56	Information:	url https://lab-vko.dmed.kz/ /api/DriverManager/PingDevice
30.08.2026 9:27:56	Information:	{
"Hash": "w9LjvpRCyoByGV3Lzv0iX9dSI0tLK0uV+pRojL1kufc=",
"Status": 0
}


30.08.2026 9:27:56	Information:	Ping ret is {"Status":0,"Comment":null}
30.08.2026 9:29:56	Information:	url https://lab-vko.dmed.kz/ /api/DriverManager/PingDevice
30.08.2026 9:29:56	Information:	{
"Hash": "w9LjvpRCyoByGV3Lzv0iX9dSI0tLK0uV+pRojL1kufc=",
"Status": 0
}


30.08.2026 9:29:56	Information:	Ping ret is {"Status":0,"Comment":null}
30.08.2026 9:31:57	Information:	url https://lab-vko.dmed.kz/ /api/DriverManager/PingDevice
30.08.2026 9:31:57	Information:	{
"Hash": "w9LjvpRCyoByGV3Lzv0iX9dSI0tLK0uV+pRojL1kufc=",
"Status": 0
}


30.08.2026 9:31:57	Information:	Ping ret is {"Status":0,"Comment":null}
30.08.2026 9:33:57	Information:	url https://lab-vko.dmed.kz/ /api/DriverManager/PingDevice
30.08.2026 9:33:57	Information:	{
"Hash": "w9LjvpRCyoByGV3Lzv0iX9dSI0tLK0uV+pRojL1kufc=",
"Status": 0
}


30.08.2026 9:33:57	Information:	Ping ret is {"Status":0,"Comment":null}
30.08.2026 9:34:29	Information:	refresh tokens
30.08.2026 9:35:58	Information:	url https://lab-vko.dmed.kz/ /api/DriverManager/PingDevice
30.08.2026 9:35:58	Information:	{
"Hash": "w9LjvpRCyoByGV3Lzv0iX9dSI0tLK0uV+pRojL1kufc=",
"Status": 0
}


30.08.2026 9:35:58	Information:	Ping ret is {"Status":0,"Comment":null}
30.08.2026 9:37:58	Information:	url https://lab-vko.dmed.kz/ /api/DriverManager/PingDevice
30.08.2026 9:37:58	Information:	{
"Hash": "w9LjvpRCyoByGV3Lzv0iX9dSI0tLK0uV+pRojL1kufc=",
"Status": 0
}


30.08.2026 9:37:58	Information:	Ping ret is {"Status":0,"Comment":null}
30.08.2026 9:39:59	Information:	url https://lab-vko.dmed.kz/ /api/DriverManager/PingDevice
30.08.2026 9:39:59	Information:	{
"Hash": "w9LjvpRCyoByGV3Lzv0iX9dSI0tLK0uV+pRojL1kufc=",
"Status": 0
}


30.08.2026 9:39:59	Information:	Ping ret is {"Status":0,"Comment":null}
30.08.2026 9:42:00	Information:	url https://lab-vko.dmed.kz/ /api/DriverManager/PingDevice
30.08.2026 9:42:00	Information:	{
"Hash": "w9LjvpRCyoByGV3Lzv0iX9dSI0tLK0uV+pRojL1kufc=",
"Status": 0
}


30.08.2026 9:42:00	Information:	Ping ret is {"Status":0,"Comment":null}
30.08.2026 9:44:00	Information:	url https://lab-vko.dmed.kz/ /api/DriverManager/PingDevice
30.08.2026 9:44:00	Information:	{
"Hash": "w9LjvpRCyoByGV3Lzv0iX9dSI0tLK0uV+pRojL1kufc=",
"Status": 0
}


30.08.2026 9:44:00	Information:	Ping ret is {"Status":0,"Comment":null}
30.08.2026 9:44:29	Information:	refresh tokens
30.08.2026 9:46:01	Information:	url https://lab-vko.dmed.kz/ /api/DriverManager/PingDevice
30.08.2026 9:46:01	Information:	{
"Hash": "w9LjvpRCyoByGV3Lzv0iX9dSI0tLK0uV+pRojL1kufc=",
"Status": 0
}


30.08.2026 9:46:01	Information:	Ping ret is {"Status":0,"Comment":null}
30.08.2026 9:48:01	Information:	url https://lab-vko.dmed.kz/ /api/DriverManager/PingDevice
30.08.2026 9:48:01	Information:	{
"Hash": "w9LjvpRCyoByGV3Lzv0iX9dSI0tLK0uV+pRojL1kufc=",
"Status": 0
}


30.08.2026 9:48:01	Information:	Ping ret is {"Status":0,"Comment":null}
30.08.2026 9:50:02	Information:	url https://lab-vko.dmed.kz/ /api/DriverManager/PingDevice
30.08.2026 9:50:02	Information:	{
"Hash": "w9LjvpRCyoByGV3Lzv0iX9dSI0tLK0uV+pRojL1kufc=",
"Status": 0
}


30.08.2026 9:50:02	Information:	Ping ret is {"Status":0,"Comment":null}
30.08.2026 9:52:02	Information:	url https://lab-vko.dmed.kz/ /api/DriverManager/PingDevice
30.08.2026 9:52:02	Information:	{
"Hash": "w9LjvpRCyoByGV3Lzv0iX9dSI0tLK0uV+pRojL1kufc=",
"Status": 0
}


30.08.2026 9:52:02	Information:	Ping ret is {"Status":0,"Comment":null}
30.08.2026 9:54:03	Information:	url https://lab-vko.dmed.kz/ /api/DriverManager/PingDevice
30.08.2026 9:54:03	Information:	{
"Hash": "w9LjvpRCyoByGV3Lzv0iX9dSI0tLK0uV+pRojL1kufc=",
"Status": 0
}


30.08.2026 9:54:03	Information:	Ping ret is {"Status":0,"Comment":null}
30.08.2026 9:54:29	Information:	refresh tokens
30.08.2026 9:56:03	Information:	url https://lab-vko.dmed.kz/ /api/DriverManager/PingDevice
30.08.2026 9:56:03	Information:	{
"Hash": "w9LjvpRCyoByGV3Lzv0iX9dSI0tLK0uV+pRojL1kufc=",
"Status": 0
}


30.08.2026 9:56:03	Information:	Ping ret is {"Status":0,"Comment":null}
30.08.2026 9:58:04	Information:	url https://lab-vko.dmed.kz/ /api/DriverManager/PingDevice
30.08.2026 9:58:04	Information:	{
"Hash": "w9LjvpRCyoByGV3Lzv0iX9dSI0tLK0uV+pRojL1kufc=",
"Status": 0
}


30.08.2026 9:58:04	Information:	Ping ret is {"Status":0,"Comment":null}
30.08.2026 10:00:04	Information:	url https://lab-vko.dmed.kz/ /api/DriverManager/PingDevice
30.08.2026 10:00:04	Information:	{
"Hash": "w9LjvpRCyoByGV3Lzv0iX9dSI0tLK0uV+pRojL1kufc=",
"Status": 0
}


30.08.2026 10:00:04	Information:	Ping ret is {"Status":0,"Comment":null}
30.08.2026 10:02:05	Information:	url https://lab-vko.dmed.kz/ /api/DriverManager/PingDevice
30.08.2026 10:02:05	Information:	{
"Hash": "w9LjvpRCyoByGV3Lzv0iX9dSI0tLK0uV+pRojL1kufc=",
"Status": 0
}


30.08.2026 10:02:05	Information:	Ping ret is {"Status":0,"Comment":null}
30.08.2026 10:04:05	Information:	url https://lab-vko.dmed.kz/ /api/DriverManager/PingDevice
30.08.2026 10:04:05	Information:	{
"Hash": "w9LjvpRCyoByGV3Lzv0iX9dSI0tLK0uV+pRojL1kufc=",
"Status": 0
}


30.08.2026 10:04:05	Information:	Ping ret is {"Status":0,"Comment":null}
30.08.2026 10:04:29	Information:	refresh tokens
30.08.2026 10:06:06	Information:	url https://lab-vko.dmed.kz/ /api/DriverManager/PingDevice
30.08.2026 10:06:06	Information:	{
"Hash": "w9LjvpRCyoByGV3Lzv0iX9dSI0tLK0uV+pRojL1kufc=",
"Status": 0
}


30.08.2026 10:06:06	Information:	Ping ret is {"Status":0,"Comment":null}
30.08.2026 10:08:06	Information:	url https://lab-vko.dmed.kz/ /api/DriverManager/PingDevice
30.08.2026 10:08:06	Information:	{
"Hash": "w9LjvpRCyoByGV3Lzv0iX9dSI0tLK0uV+pRojL1kufc=",
"Status": 0
}


30.08.2026 10:08:06	Information:	Ping ret is {"Status":0,"Comment":null}
30.08.2026 10:10:07	Information:	url https://lab-vko.dmed.kz/ /api/DriverManager/PingDevice
30.08.2026 10:10:07	Information:	{
"Hash": "w9LjvpRCyoByGV3Lzv0iX9dSI0tLK0uV+pRojL1kufc=",
"Status": 0
}


30.08.2026 10:10:07	Information:	Ping ret is {"Status":0,"Comment":null}
30.08.2026 10:12:07	Information:	url https://lab-vko.dmed.kz/ /api/DriverManager/PingDevice
30.08.2026 10:12:07	Information:	{
"Hash": "w9LjvpRCyoByGV3Lzv0iX9dSI0tLK0uV+pRojL1kufc=",
"Status": 0
}


30.08.2026 10:12:07	Information:	Ping ret is {"Status":0,"Comment":null}
30.08.2026 10:14:08	Information:	url https://lab-vko.dmed.kz/ /api/DriverManager/PingDevice
30.08.2026 10:14:08	Information:	{
"Hash": "w9LjvpRCyoByGV3Lzv0iX9dSI0tLK0uV+pRojL1kufc=",
"Status": 0
}


30.08.2026 10:14:08	Information:	Ping ret is {"Status":0,"Comment":null}
30.08.2026 10:14:29	Information:	refresh tokens
30.08.2026 10:16:09	Information:	url https://lab-vko.dmed.kz/ /api/DriverManager/PingDevice
30.08.2026 10:16:09	Information:	{
"Hash": "w9LjvpRCyoByGV3Lzv0iX9dSI0tLK0uV+pRojL1kufc=",
"Status": 0
}


30.08.2026 10:16:09	Information:	Ping ret is {"Status":0,"Comment":null}
30.08.2026 10:18:09	Information:	url https://lab-vko.dmed.kz/ /api/DriverManager/PingDevice
30.08.2026 10:18:09	Information:	{
"Hash": "w9LjvpRCyoByGV3Lzv0iX9dSI0tLK0uV+pRojL1kufc=",
"Status": 0
}


30.08.2026 10:18:09	Information:	Ping ret is {"Status":0,"Comment":null}
30.08.2026 10:20:10	Information:	url https://lab-vko.dmed.kz/ /api/DriverManager/PingDevice
30.08.2026 10:20:10	Information:	{
"Hash": "w9LjvpRCyoByGV3Lzv0iX9dSI0tLK0uV+pRojL1kufc=",
"Status": 0
}


30.08.2026 10:20:10	Information:	Ping ret is {"Status":0,"Comment":null}
30.08.2026 10:22:10	Information:	url https://lab-vko.dmed.kz/ /api/DriverManager/PingDevice
30.08.2026 10:22:10	Information:	{
"Hash": "w9LjvpRCyoByGV3Lzv0iX9dSI0tLK0uV+pRojL1kufc=",
"Status": 0
}


30.08.2026 10:22:10	Information:	Ping ret is {"Status":0,"Comment":null}
30.08.2026 10:24:11	Information:	url https://lab-vko.dmed.kz/ /api/DriverManager/PingDevice
30.08.2026 10:24:11	Information:	{
"Hash": "w9LjvpRCyoByGV3Lzv0iX9dSI0tLK0uV+pRojL1kufc=",
"Status": 0
}


30.08.2026 10:24:11	Information:	Ping ret is {"Status":0,"Comment":null}
30.08.2026 10:24:29	Information:	refresh tokens
30.08.2026 10:26:11	Information:	url https://lab-vko.dmed.kz/ /api/DriverManager/PingDevice
30.08.2026 10:26:11	Information:	{
"Hash": "w9LjvpRCyoByGV3Lzv0iX9dSI0tLK0uV+pRojL1kufc=",
"Status": 0
}


30.08.2026 10:26:11	Information:	Ping ret is {"Status":0,"Comment":null}
30.08.2026 10:28:12	Information:	url https://lab-vko.dmed.kz/ /api/DriverManager/PingDevice
30.08.2026 10:28:12	Information:	{
"Hash": "w9LjvpRCyoByGV3Lzv0iX9dSI0tLK0uV+pRojL1kufc=",
"Status": 0
}


30.08.2026 10:28:12	Information:	Ping ret is {"Status":0,"Comment":null}
30.08.2026 10:30:12	Information:	url https://lab-vko.dmed.kz/ /api/DriverManager/PingDevice
30.08.2026 10:30:12	Information:	{
"Hash": "w9LjvpRCyoByGV3Lzv0iX9dSI0tLK0uV+pRojL1kufc=",
"Status": 0
}


30.08.2026 10:30:12	Information:	Ping ret is {"Status":0,"Comment":null}
30.08.2026 10:32:13	Information:	url https://lab-vko.dmed.kz/ /api/DriverManager/PingDevice
30.08.2026 10:32:13	Information:	{
"Hash": "w9LjvpRCyoByGV3Lzv0iX9dSI0tLK0uV+pRojL1kufc=",
"Status": 0
}


30.08.2026 10:32:13	Information:	Ping ret is {"Status":0,"Comment":null}
30.08.2026 10:34:13	Information:	url https://lab-vko.dmed.kz/ /api/DriverManager/PingDevice
30.08.2026 10:34:13	Information:	{
"Hash": "w9LjvpRCyoByGV3Lzv0iX9dSI0tLK0uV+pRojL1kufc=",
"Status": 0
}


30.08.2026 10:34:13	Information:	Ping ret is {"Status":0,"Comment":null}
30.08.2026 10:34:29	Information:	refresh tokens
30.08.2026 10:36:14	Information:	url https://lab-vko.dmed.kz/ /api/DriverManager/PingDevice
30.08.2026 10:36:14	Information:	{
"Hash": "w9LjvpRCyoByGV3Lzv0iX9dSI0tLK0uV+pRojL1kufc=",
"Status": 0
}


30.08.2026 10:36:14	Information:	Ping ret is {"Status":0,"Comment":null}
30.08.2026 10:38:14	Information:	url https://lab-vko.dmed.kz/ /api/DriverManager/PingDevice
30.08.2026 10:38:14	Information:	{
"Hash": "w9LjvpRCyoByGV3Lzv0iX9dSI0tLK0uV+pRojL1kufc=",
"Status": 0
}


30.08.2026 10:38:14	Information:	Ping ret is {"Status":0,"Comment":null}
30.08.2026 10:40:15	Information:	url https://lab-vko.dmed.kz/ /api/DriverManager/PingDevice
30.08.2026 10:40:15	Information:	{
"Hash": "w9LjvpRCyoByGV3Lzv0iX9dSI0tLK0uV+pRojL1kufc=",
"Status": 0
}


30.08.2026 10:40:15	Information:	Ping ret is {"Status":0,"Comment":null}
30.08.2026 10:42:15	Information:	url https://lab-vko.dmed.kz/ /api/DriverManager/PingDevice
30.08.2026 10:42:15	Information:	{
"Hash": "w9LjvpRCyoByGV3Lzv0iX9dSI0tLK0uV+pRojL1kufc=",
"Status": 0
}


30.08.2026 10:42:15	Information:	Ping ret is {"Status":0,"Comment":null}
30.08.2026 10:44:16	Information:	url https://lab-vko.dmed.kz/ /api/DriverManager/PingDevice
30.08.2026 10:44:16	Information:	{
"Hash": "w9LjvpRCyoByGV3Lzv0iX9dSI0tLK0uV+pRojL1kufc=",
"Status": 0
}


30.08.2026 10:44:16	Information:	Ping ret is {"Status":0,"Comment":null}
30.08.2026 10:44:29	Information:	refresh tokens
30.08.2026 10:46:16	Information:	url https://lab-vko.dmed.kz/ /api/DriverManager/PingDevice
30.08.2026 10:46:16	Information:	{
"Hash": "w9LjvpRCyoByGV3Lzv0iX9dSI0tLK0uV+pRojL1kufc=",
"Status": 0
}


30.08.2026 10:46:16	Information:	Ping ret is {"Status":0,"Comment":null}
30.08.2026 10:48:17	Information:	url https://lab-vko.dmed.kz/ /api/DriverManager/PingDevice
30.08.2026 10:48:17	Information:	{
"Hash": "w9LjvpRCyoByGV3Lzv0iX9dSI0tLK0uV+pRojL1kufc=",
"Status": 0
}


30.08.2026 10:48:17	Information:	Ping ret is {"Status":0,"Comment":null}
30.08.2026 10:50:17	Information:	url https://lab-vko.dmed.kz/ /api/DriverManager/PingDevice
30.08.2026 10:50:17	Information:	{
"Hash": "w9LjvpRCyoByGV3Lzv0iX9dSI0tLK0uV+pRojL1kufc=",
"Status": 0
}


30.08.2026 10:50:17	Information:	Ping ret is {"Status":0,"Comment":null}
30.08.2026 10:52:18	Information:	url https://lab-vko.dmed.kz/ /api/DriverManager/PingDevice
30.08.2026 10:52:18	Information:	{
"Hash": "w9LjvpRCyoByGV3Lzv0iX9dSI0tLK0uV+pRojL1kufc=",
"Status": 0
}


30.08.2026 10:52:18	Information:	Ping ret is {"Status":0,"Comment":null}
30.08.2026 10:54:18	Information:	url https://lab-vko.dmed.kz/ /api/DriverManager/PingDevice
30.08.2026 10:54:18	Information:	{
"Hash": "w9LjvpRCyoByGV3Lzv0iX9dSI0tLK0uV+pRojL1kufc=",
"Status": 0
}


30.08.2026 10:54:18	Information:	Ping ret is {"Status":0,"Comment":null}
30.08.2026 10:54:29	Information:	refresh tokens
30.08.2026 10:56:19	Information:	url https://lab-vko.dmed.kz/ /api/DriverManager/PingDevice
30.08.2026 10:56:19	Information:	{
"Hash": "w9LjvpRCyoByGV3Lzv0iX9dSI0tLK0uV+pRojL1kufc=",
"Status": 0
}


30.08.2026 10:56:19	Information:	Ping ret is {"Status":0,"Comment":null}
30.08.2026 10:58:20	Information:	url https://lab-vko.dmed.kz/ /api/DriverManager/PingDevice
30.08.2026 10:58:20	Information:	{
"Hash": "w9LjvpRCyoByGV3Lzv0iX9dSI0tLK0uV+pRojL1kufc=",
"Status": 0
}


30.08.2026 10:58:20	Information:	Ping ret is {"Status":0,"Comment":null}
30.08.2026 11:00:20	Information:	url https://lab-vko.dmed.kz/ /api/DriverManager/PingDevice
30.08.2026 11:00:20	Information:	{
"Hash": "w9LjvpRCyoByGV3Lzv0iX9dSI0tLK0uV+pRojL1kufc=",
"Status": 0
}


30.08.2026 11:00:20	Information:	Ping ret is {"Status":0,"Comment":null}
30.08.2026 11:02:21	Information:	url https://lab-vko.dmed.kz/ /api/DriverManager/PingDevice
30.08.2026 11:02:21	Information:	{
"Hash": "w9LjvpRCyoByGV3Lzv0iX9dSI0tLK0uV+pRojL1kufc=",
"Status": 0
}


30.08.2026 11:02:21	Information:	Ping ret is {"Status":0,"Comment":null}
30.08.2026 11:04:21	Information:	url https://lab-vko.dmed.kz/ /api/DriverManager/PingDevice
30.08.2026 11:04:21	Information:	{
"Hash": "w9LjvpRCyoByGV3Lzv0iX9dSI0tLK0uV+pRojL1kufc=",
"Status": 0
}


30.08.2026 11:04:21	Information:	Ping ret is {"Status":0,"Comment":null}
30.08.2026 11:04:29	Information:	refresh tokens
30.08.2026 11:06:22	Information:	url https://lab-vko.dmed.kz/ /api/DriverManager/PingDevice
30.08.2026 11:06:22	Information:	{
"Hash": "w9LjvpRCyoByGV3Lzv0iX9dSI0tLK0uV+pRojL1kufc=",
"Status": 0
}


30.08.2026 11:06:22	Information:	Ping ret is {"Status":0,"Comment":null}
30.08.2026 11:08:23	Information:	url https://lab-vko.dmed.kz/ /api/DriverManager/PingDevice
30.08.2026 11:08:23	Information:	{
"Hash": "w9LjvpRCyoByGV3Lzv0iX9dSI0tLK0uV+pRojL1kufc=",
"Status": 0
}


30.08.2026 11:08:23	Information:	Ping ret is {"Status":0,"Comment":null}
30.08.2026 11:10:23	Information:	url https://lab-vko.dmed.kz/ /api/DriverManager/PingDevice
30.08.2026 11:10:23	Information:	{
"Hash": "w9LjvpRCyoByGV3Lzv0iX9dSI0tLK0uV+pRojL1kufc=",
"Status": 0
}


30.08.2026 11:10:23	Information:	Ping ret is {"Status":0,"Comment":null}
30.08.2026 11:12:24	Information:	url https://lab-vko.dmed.kz/ /api/DriverManager/PingDevice
30.08.2026 11:12:24	Information:	{
"Hash": "w9LjvpRCyoByGV3Lzv0iX9dSI0tLK0uV+pRojL1kufc=",
"Status": 0
}


30.08.2026 11:12:24	Information:	Ping ret is {"Status":0,"Comment":null}
30.08.2026 11:14:24	Information:	url https://lab-vko.dmed.kz/ /api/DriverManager/PingDevice
30.08.2026 11:14:24	Information:	{
"Hash": "w9LjvpRCyoByGV3Lzv0iX9dSI0tLK0uV+pRojL1kufc=",
"Status": 0
}


30.08.2026 11:14:24	Information:	Ping ret is {"Status":0,"Comment":null}
30.08.2026 11:14:29	Information:	refresh tokens
30.08.2026 11:16:25	Information:	url https://lab-vko.dmed.kz/ /api/DriverManager/PingDevice
30.08.2026 11:16:25	Information:	{
"Hash": "w9LjvpRCyoByGV3Lzv0iX9dSI0tLK0uV+pRojL1kufc=",
"Status": 0
}


30.08.2026 11:16:25	Information:	Ping ret is {"Status":0,"Comment":null}
30.08.2026 11:18:25	Information:	url https://lab-vko.dmed.kz/ /api/DriverManager/PingDevice
30.08.2026 11:18:25	Information:	{
"Hash": "w9LjvpRCyoByGV3Lzv0iX9dSI0tLK0uV+pRojL1kufc=",
"Status": 0
}


30.08.2026 11:18:25	Information:	Ping ret is {"Status":0,"Comment":null}
30.08.2026 11:20:26	Information:	url https://lab-vko.dmed.kz/ /api/DriverManager/PingDevice
30.08.2026 11:20:26	Information:	{
"Hash": "w9LjvpRCyoByGV3Lzv0iX9dSI0tLK0uV+pRojL1kufc=",
"Status": 0
}


30.08.2026 11:20:26	Information:	Ping ret is {"Status":0,"Comment":null}
30.08.2026 11:22:26	Information:	url https://lab-vko.dmed.kz/ /api/DriverManager/PingDevice
30.08.2026 11:22:26	Information:	{
"Hash": "w9LjvpRCyoByGV3Lzv0iX9dSI0tLK0uV+pRojL1kufc=",
"Status": 0
}


30.08.2026 11:22:26	Information:	Ping ret is {"Status":0,"Comment":null}
30.08.2026 11:24:21	Information:	Received bytes(encoded):MSH|^~\&|||||20260830112323||ORU^R01|6|P|2.3.1||||0||ASCII|||PID|6|||||||O|||||||||||||||||||||||OBR|6|51564778|3|^|N|20260830105628|20260830105559|20260830105559||1^3||||20260830105559|?????|||||||||||||||||||||||||||||||||OBX|1|NM|CRP|C-Reactive Protein|89.248719|mg/L|-|N|||F||89.248719|20260830112323|||0||OBX|2|NM|TP|Total Protein|-0.522943|g/L|-|N|||F||-0.522943|20260830112255|||0|<|OBX|3|NM|CREA-S|Creatinine (Sarcosine Oxidase Method)|11.784794|?mol/L|-|N|||F||11.784794|20260830112253|||0||OBX|4|NM|UREA|Urea|2.819031|mmol/L|-|N|||F||2.819031|20260830112138|||0||
30.08.2026 11:24:21	Information:	Add Frame:
30.08.2026 11:24:21	Information:	MSH|^~\&|||||20260830112323||ORU^R01|6|P|2.3.1||||0||ASCII|||
30.08.2026 11:24:21	Information:	In Header
30.08.2026 11:24:21	Information:	MessageType: ORU
30.08.2026 11:24:21	Information:	After message type
30.08.2026 11:24:21	Information:	After ask
30.08.2026 11:24:21	Information:	After version
30.08.2026 11:24:21	Information:	Add Frame:
30.08.2026 11:24:21	Information:	PID|6|||||||O|||||||||||||||||||||||
30.08.2026 11:24:21	Information:	Add Frame:
30.08.2026 11:24:21	Information:	OBR|6|51564778|3|^|N|20260830105628|20260830105559|20260830105559||1^3||||20260830105559|?????|||||||||||||||||||||||||||||||||
30.08.2026 11:24:21	Information:	Add Frame:
30.08.2026 11:24:21	Information:	OBX|1|NM|CRP|C-Reactive Protein|89.248719|mg/L|-|N|||F||89.248719|20260830112323|||0||
30.08.2026 11:24:21	Information:	Add Frame:
30.08.2026 11:24:21	Information:	OBX|2|NM|TP|Total Protein|-0.522943|g/L|-|N|||F||-0.522943|20260830112255|||0|<|
30.08.2026 11:24:21	Information:	Add Frame:
30.08.2026 11:24:21	Information:	OBX|3|NM|CREA-S|Creatinine (Sarcosine Oxidase Method)|11.784794|?mol/L|-|N|||F||11.784794|20260830112253|||0||
30.08.2026 11:24:21	Information:	Add Frame:
30.08.2026 11:24:21	Information:	OBX|4|NM|UREA|Urea|2.819031|mmol/L|-|N|||F||2.819031|20260830112138|||0||
30.08.2026 11:24:21	Information:	Add Frame:
30.08.2026 11:24:21	Information:	
30.08.2026 11:24:21	Debug:	read message: 13ms
30.08.2026 11:24:21	Information:	The answer message is created successfully
30.08.2026 11:24:21	Information:	Sending answer...
30.08.2026 11:24:21	Information:	We are in ORU Message
30.08.2026 11:24:21	Information:	MSH MSH|^~\&|||||20260830112323||ORU^R01|6|P|2.3.1||||0||ASCII||||
30.08.2026 11:24:21	Information:	PID PID|6|||||||O||||||||||||||||||||||||
30.08.2026 11:24:21	Information:	PatientRecord in message is successfully  processed
30.08.2026 11:24:21	Information:	The patient order is successfully processed
30.08.2026 11:24:21	Information:	The order record is successfully processed
30.08.2026 11:24:21	Information:	The order record is successfully processed
30.08.2026 11:24:21	Information:	The order record is successfully processed
30.08.2026 11:24:21	Information:	The order record is successfully processed
30.08.2026 11:24:21	Information:	The ORU message is successfully processed
30.08.2026 11:24:21	Debug:	Process message: 5ms
30.08.2026 11:24:21	Debug:	Total time : 19ms
30.08.2026 11:24:21	Information:	Sended bytes:  11 77 83 72 124 94 126 92 38 124 77 105 110 100 114 97 121 124 124 124 124 50 48 50 54 48 56 51 48 49 49 50 52 50 49 124 124 65 67 75 94 82 48 49 124 54 124 80 124 50 46 51 46 49 124 124 124 124 48 124 124 117 115 45 97 115 99 105 105 124 124 124 13 77 83 65 124 65 65 124 54 124 77 101 115 115 97 103 101 32 97 99 99 101 112 116 101 100 124 124 124 48 124 13 28 13
30.08.2026 11:24:21	Information:	Sended string MSH|^~\&|Mindray||||20260830112421||ACK^R01|6|P|2.3.1||||0||us-ascii|||MSA|AA|6|Message accepted|||0|
30.08.2026 11:24:24	Debug:	SendResults:	check DriverRequests=	0	ms
30.08.2026 11:24:24	Information:	ByBarcode 51564778
30.08.2026 11:24:24	Information:	GetLinesByBarcodes
30.08.2026 11:24:24	Information:	{
"WorkPlaceID": 20747,
"BeginDate": "2026-05-31",
"EndDate": "2026-08-31",
"OrderNumber": "51564778",
"Offset": 0,
"Limit": 1
}


30.08.2026 11:24:24	Information:	GetByBarcodeReturn: 
30.08.2026 11:24:24	Information:	{"Data":[{"ID":31121126,"StrID":"31121126","OrderNumber":"51564778","OrderRegDate":"2026-08-30T10:50:09.347","PlanExecutionDate":"2026-08-30T10:49:00","SenderMoID":45500000000000909,"SenderMo":{"NameRU":"Некоммерческое акционерное общество \"Медицинский университет Семей\"","NameKZ":"\"Семей медицина университеті\" коммерциялық емес акционерлік қоғамы","Name":"Некоммерческое акционерное общество \"Медицинский университет Семей\"","ShortNameRU":"НАО \"МУС\"","ShortNameKZ":"\"СМУ\" КеАҚ","ShortName":"НАО \"МУС\"","PublicCode":"237J","AddressRU":"ВКО, г. Семей, ул. Абая Кунанбаева 103","AddressKZ":"ВКО, г. Семей, ул. Абая Кунанбаева 103","Address":"ВКО, г. Семей, ул. Абая Кунанбаева 103","OriginalID":"45500000000000909","IsWork":true,"RegionID":20,"BIN":"190240004938","MasterDataID":4911,"PhonesData":{"OrgHealthCarePhones":[]},"IsPostmortem":false,"IsHospital":true,"Code":null,"ID":"45500000000000909","StrID":"45500000000000909"},"ReceiverMoID":45500000000000909,"ReceiverMo":null,"PatientDetailID":40654046,"PatientDetail":{"PersonID":"205725","Person":{"IIN":"090421653580","LastName":"АБУҒАЛИ","FirstName":"АИДА","SecondName":"ЕСБОЛҚЫЗЫ","FullName":"АБУҒАЛИ АИДА ЕСБОЛҚЫЗЫ","FullNameIOF":"АИДА ЕСБОЛҚЫЗЫ АБУҒАЛИ","DisplayText":"090421653580 АИДА ЕСБОЛҚЫЗЫ АБУҒАЛИ 21.04.2009","IinFullName":"090421653580 - АБУҒАЛИ АИДА ЕСБОЛҚЫЗЫ","BirthDate":"2009-04-21T00:00:00","BirthDateStr":"21.04.2009","DeathDate":null,"DeathDateStr":"","BioSexID":2,"BioSex":null,"NationalityID":null,"Nationality":null,"CitizenshipID":null,"Citizenship":null,"MasterDataID":14072529,"RpnID":"15300000007286426","KmisID":"100000000612348","Type":1,"Age":0,"IsStillborn":false,"IsEarlyNeonatalDeathUp28days":false,"IsDeadPerson":false,"ID":"205725","StrID":"205725"},"AddressRU":"КАЗАХСТАН, ВОСТОЧНО-КАЗАХСТАНСКАЯ, АБАЙСКИЙ  ГОРОД СЕМЕЙ УЛ КАРАГАЙЛЫ ДОМ: 58 КВАРТИРА: 16","AddressKZ":"ҚАЗАҚСТАН, ШЫҒЫС ҚАЗАҚСТАН, АБАЙ  ГОРОД СЕМЕЙ УЛ КАРАГАЙЛЫ ДОМ: 58 КВАРТИРА: 16","Address":"КАЗАХСТАН, ВОСТОЧНО-КАЗАХСТАНСКАЯ, АБАЙСКИЙ  ГОРОД СЕМЕЙ УЛ КАРАГАЙЛЫ ДОМ: 58 КВАРТИРА: 16","MasterDataAddressID":15391569,"WorkPlace":null,"WorkPosition":null,"DocumentNumber":"2145645","DocumentTypeID":2,"DocumentType":null,"NationalityID":null,"DocumentTypeName":null,"Phones":"+7 (775) 177-23-80","ExternalCardID":"5919372","CardType":1,"CardNumber":"572-п","CitizenshipCategoryID":1,"CitizenshipCategory":null,"ResidenceTypeID":3,"ResidenceType":null,"MotherPersonID":null,"MotherPerson":null,"IsForeigner":false,"IsHomeless":false,"IsDeadPerson":false,"IsResident":true,"ID":"40654046","StrID":"40654046"},"Person":{"IIN":"090421653580","LastName":"АБУҒАЛИ","FirstName":"АИДА","SecondName":"ЕСБОЛҚЫЗЫ","FullName":"АБУҒАЛИ АИДА ЕСБОЛҚЫЗЫ","FullNameIOF":"АИДА ЕСБОЛҚЫЗЫ АБУҒАЛИ","DisplayText":"090421653580 АИДА ЕСБОЛҚЫЗЫ АБУҒАЛИ 21.04.2009","IinFullName":"090421653580 - АБУҒАЛИ АИДА ЕСБОЛҚЫЗЫ","BirthDate":"2009-04-21T00:00:00","BirthDateStr":"21.04.2009","DeathDate":null,"DeathDateStr":"","BioSexID":2,"BioSex":null,"NationalityID":null,"Nationality":null,"CitizenshipID":null,"Citizenship":null,"MasterDataID":14072529,"RpnID":"15300000007286426","KmisID":"100000000612348","Type":1,"Age":0,"IsStillborn":false,"IsEarlyNeonatalDeathUp28days":false,"IsDeadPerson":false,"ID":"205725","StrID":"205725"},"IsCito":false,"ExternalSystem":1,"OrderResultFileID":null,"OrderResultFileStorageID":null,"OrderResultDate":null,"Status":1,"DeleteDate":null,"ResultNotes":null,"Comment":"","ExternalOrderNumber":"51564778","ExaminationTypeID":null,"ExaminationType":null,"ExaminationIndicationID":null,"ExaminationIndication":null,"Uid":"571A20E9-75C6-4BED-A7E1-0B09DF9B8D60","SenderPostFullName":"МАЖИЕВ НУРБЕК ЖАДЫГЕРОВИЧ","SenderFuncStructureNameRU":"Отделение детской анестезиологии реаниматологии и интенсивной терапии ","SenderFuncStructureNameKZ":"Балалардың  АР қарқынды терапия бөлімі","IsSamplingOfMaterialsAtReceiver":true,"MisID":42121337,"Materials":[{"OrderID":31121126,"Uid":"a2827515-6af5-4a2f-b1c9-2bdb84809b6a","MaterialNumber":"51564778","MaterialTypeID":363,"MaterialType":{"OrderBy":0,"ParentID":202,"HasChildren":false,"MasterDataID":489,"Parent":null,"NameRU":"Кровь венозная","NameKZ":"Кровь венозная","Name":"Кровь венозная","PublicCode":"36300","EndDate":null,"ID":"363","StrID":"363"},"TakeDate":"2026-08-30T10:50:00","TakeDateStr":"30.08.2026 10:50","TakePlace":"дет оит","RejectionReason":null,"RejectionTakenMeasures":null,"ReceiptDate":null,"ReceiptDateStr":null,"RejectionCreatePostID":null,"RejectionCreatePost":null,"SampleCollectorPostIIN":"760228400033","SampleCollectorPostID":null,"Researches":[],"RejectedMaterialImageID":null,"File":null,"ID":"31407721","StrID":"31407721"}],"Researches":[]}],"Total":1}
30.08.2026 11:24:24	Information:	OrderedWW 51564778 Biomat 0 Device 20747
30.08.2026 11:24:24	Information:	ResearchResult
30.08.2026 11:24:24	Information:	{
"OrderID": "31121126",
"WorkPlaceID": 20747
}


30.08.2026 11:24:24	Information:	[{"OrderResearchID":67069057,"OrderResearch":null,"ParameterID":200918,"Parameter":{"ShortNameRU":"общий белок в сыворотке крови","ShortNameKZ":"қан сарысуындағы жалпы ақуыз","ShortName":"общий белок в сыворотке крови","DataType":0,"DataTypeName":"Число","UnitTypeID":100012,"UnitType":{"OrderBy":13,"MasterDataID":null,"CDD_ID":null,"NameRU":"г/л","NameKZ":"г/л","Name":"г/л","PublicCode":"10001200","EndDate":null,"ID":"100012","StrID":"100012"},"MedicalFormID":null,"MasterDataID":0,"MedicalForm":null,"NameWithDataType":"общий белок в сыворотке крови  (Число)","NameRU":"общий белок в сыворотке крови","NameKZ":"қан сарысуындағы жалпы ақуыз","Name":"общий белок в сыворотке крови","PublicCode":"20091800","EndDate":null,"ID":"200918","StrID":"200918"},"ParameterValues":null,"ParameterValueID":null,"ParameterValue":null,"ResultText":null,"ResultValue":null,"ResultDate":"2026-08-30T11:24:25.0996834+05:00","PostID":"0","Post":null,"ExecuteMethod":2,"SourceResultText":null,"SourceResultValue":null,"SourceResultExpression":null,"SourceUnitTypeID":100012,"SourceUnitType":{"OrderBy":13,"MasterDataID":null,"CDD_ID":null,"NameRU":"г/л","NameKZ":"г/л","Name":"г/л","PublicCode":"10001200","EndDate":null,"ID":"100012","StrID":"100012"},"MultiplierID":null,"IsApproved":false,"IsValidated":false,"StandardMatchType":0,"ApproveDate":null,"ApprovePostID":null,"ApprovePost":null,"OrderNum":1,"WorkPlaceID":20747,"OrderID":null,"BacteriologyResult":null,"AnalyzerId":null,"IsOrderProductionControl":false,"ID":"0","StrID":"0"},{"OrderResearchID":67069059,"OrderResearch":null,"ParameterID":200852,"Parameter":{"ShortNameRU":"мочевина в сыворотке крови","ShortNameKZ":"қан сарысуындағы несепнәр","ShortName":"мочевина в сыворотке крови","DataType":0,"DataTypeName":"Число","UnitTypeID":100051,"UnitType":{"OrderBy":52,"MasterDataID":null,"CDD_ID":null,"NameRU":"ммоль/л","NameKZ":"ммоль/л","Name":"ммоль/л","PublicCode":"10005100","EndDate":null,"ID":"100051","StrID":"100051"},"MedicalFormID":null,"MasterDataID":0,"MedicalForm":null,"NameWithDataType":"мочевина в сыворотке крови  (Число)","NameRU":"мочевина в сыворотке крови","NameKZ":"қан сарысуындағы несепнәр","Name":"мочевина в сыворотке крови","PublicCode":"20085200","EndDate":null,"ID":"200852","StrID":"200852"},"ParameterValues":null,"ParameterValueID":null,"ParameterValue":null,"ResultText":null,"ResultValue":null,"ResultDate":"2026-08-30T11:24:25.0996834+05:00","PostID":"0","Post":null,"ExecuteMethod":2,"SourceResultText":null,"SourceResultValue":null,"SourceResultExpression":null,"SourceUnitTypeID":100051,"SourceUnitType":{"OrderBy":52,"MasterDataID":null,"CDD_ID":null,"NameRU":"ммоль/л","NameKZ":"ммоль/л","Name":"ммоль/л","PublicCode":"10005100","EndDate":null,"ID":"100051","StrID":"100051"},"MultiplierID":null,"IsApproved":false,"IsValidated":false,"StandardMatchType":0,"ApproveDate":null,"ApprovePostID":null,"ApprovePost":null,"OrderNum":1,"WorkPlaceID":20747,"OrderID":null,"BacteriologyResult":null,"AnalyzerId":null,"IsOrderProductionControl":false,"ID":"0","StrID":"0"},{"OrderResearchID":67069058,"OrderResearch":null,"ParameterID":200744,"Parameter":{"ShortNameRU":"креатинин в крови","ShortNameKZ":"қандағы креатинин","ShortName":"креатинин в крови","DataType":0,"DataTypeName":"Число","UnitTypeID":100041,"UnitType":{"OrderBy":42,"MasterDataID":null,"CDD_ID":null,"NameRU":"мкмоль/л","NameKZ":"мкмоль/л","Name":"мкмоль/л","PublicCode":"10004100","EndDate":null,"ID":"100041","StrID":"100041"},"MedicalFormID":null,"MasterDataID":0,"MedicalForm":null,"NameWithDataType":"креатинин в крови  (Число)","NameRU":"креатинин в крови","NameKZ":"қандағы креатинин","Name":"креатинин в крови","PublicCode":"20074400","EndDate":null,"ID":"200744","StrID":"200744"},"ParameterValues":null,"ParameterValueID":null,"ParameterValue":null,"ResultText":null,"ResultValue":null,"ResultDate":"2026-08-30T11:24:25.0996834+05:00","PostID":"0","Post":null,"ExecuteMethod":2,"SourceResultText":null,"SourceResultValue":null,"SourceResultExpression":null,"SourceUnitTypeID":100041,"SourceUnitType":{"OrderBy":42,"MasterDataID":null,"CDD_ID":null,"NameRU":"мкмоль/л","NameKZ":"мкмоль/л","Name":"мкмоль/л","PublicCode":"10004100","EndDate":null,"ID":"100041","StrID":"100041"},"MultiplierID":null,"IsApproved":false,"IsValidated":false,"StandardMatchType":0,"ApproveDate":null,"ApprovePostID":null,"ApprovePost":null,"OrderNum":1,"WorkPlaceID":20747,"OrderID":null,"BacteriologyResult":null,"AnalyzerId":null,"IsOrderProductionControl":false,"ID":"0","StrID":"0"},{"OrderResearchID":67069060,"OrderResearch":null,"ParameterID":201150,"Parameter":{"ShortNameRU":"СРБ","ShortNameKZ":"СРА","ShortName":"СРБ","DataType":0,"DataTypeName":"Число","UnitTypeID":100026,"UnitType":{"OrderBy":27,"MasterDataID":null,"CDD_ID":null,"NameRU":"мг/л","NameKZ":"мг/л","Name":"мг/л","PublicCode":"10002600","EndDate":null,"ID":"100026","StrID":"100026"},"MedicalFormID":null,"MasterDataID":0,"MedicalForm":null,"NameWithDataType":"СРБ  (Число)","NameRU":"СРБ","NameKZ":"СРА","Name":"СРБ","PublicCode":"20115000","EndDate":null,"ID":"201150","StrID":"201150"},"ParameterValues":null,"ParameterValueID":null,"ParameterValue":null,"ResultText":null,"ResultValue":null,"ResultDate":"2026-08-30T11:24:25.0996834+05:00","PostID":"0","Post":null,"ExecuteMethod":2,"SourceResultText":null,"SourceResultValue":null,"SourceResultExpression":null,"SourceUnitTypeID":100026,"SourceUnitType":{"OrderBy":27,"MasterDataID":null,"CDD_ID":null,"NameRU":"мг/л","NameKZ":"мг/л","Name":"мг/л","PublicCode":"10002600","EndDate":null,"ID":"100026","StrID":"100026"},"MultiplierID":null,"IsApproved":false,"IsValidated":false,"StandardMatchType":0,"ApproveDate":null,"ApprovePostID":null,"ApprovePost":null,"OrderNum":1,"WorkPlaceID":20747,"OrderID":null,"BacteriologyResult":null,"AnalyzerId":null,"IsOrderProductionControl":false,"ID":"0","StrID":"0"}]
30.08.2026 11:24:24	Information:	TestsWW spec 200918, spec 200852, spec 200744, spec 201150, 
30.08.2026 11:24:24	Information:	Querry lines count: 1
30.08.2026 11:24:24	Debug:	SendResults:	fix DriverRequests=	467	ms
30.08.2026 11:24:24	Information:	SAMPLE! 51564778 DeviceDriverResult Sample: 51564778 Suggest: . Do Request True
30.08.2026 11:24:24	Information:	Sample request count: 1
30.08.2026 11:24:24	Information:	MU is mg/L
30.08.2026 11:24:24	Information:	Driver Collations count 0
30.08.2026 11:24:24	Information:	MU collations count=0
30.08.2026 11:24:24	Information:	MU is g/L
30.08.2026 11:24:24	Information:	Driver Collations count 0
30.08.2026 11:24:24	Information:	MU collations count=0
30.08.2026 11:24:24	Information:	MU is ?mol/L
30.08.2026 11:24:24	Information:	Driver Collations count 0
30.08.2026 11:24:24	Information:	MU collations count=0
30.08.2026 11:24:24	Information:	MU is mmol/L
30.08.2026 11:24:24	Information:	Driver Collations count 0
30.08.2026 11:24:24	Information:	MU collations count=0
30.08.2026 11:24:24	Debug:	SendResults:	SetTestsValues first SetTestsValues=	21	ms
30.08.2026 11:24:24	Debug:	SendResults:	Device Total = 492 ms
30.08.2026 11:24:24	Information:	Saving 51564778
30.08.2026 11:24:24	Information:	Start test result saving
30.08.2026 11:24:24	Information:	Result object to save: 
30.08.2026 11:24:24	Information:	{"OrderResearchID":67069057,"OrderResearch":null,"ParameterID":200918,"Parameter":{"ShortNameRU":"общий белок в сыворотке крови","ShortNameKZ":"қан сарысуындағы жалпы ақуыз","ShortName":"общий белок в сыворотке крови","DataType":0,"DataTypeName":"Число","UnitTypeID":100012,"UnitType":{"NameRU":"г/л","NameKZ":"г/л","Name":"г/л","PublicCode":"10001200","OrderBy":13,"ID":100012,"StrID":"100012"},"MedicalFormID":null,"MedicalForm":null,"NameRU":"общий белок в сыворотке крови","NameKZ":"қан сарысуындағы жалпы ақуыз","Name":"общий белок в сыворотке крови","PublicCode":"20091800","OrderBy":null,"ID":200918,"StrID":"200918"},"ParameterValueID":null,"ParameterValue":null,"ResultText":"-0.5229","ResultValue":null,"ResultDate":"2026-08-30T11:24:25.0996834+05:00","PostID":0,"Post":null,"ExecuteMethod":2,"SourceResultText":"-0.5229","SourceResultValue":null,"SourceResultExpression":null,"SourceUnitTypeID":100012,"SourceUnitType":{"NameRU":"г/л","NameKZ":"г/л","Name":"г/л","PublicCode":"10001200","OrderBy":13,"ID":100012,"StrID":"100012"},"IsApproved":false,"ApproveDate":null,"ApprovePostID":null,"ApprovePost":null,"OrderNum":1,"WorkPlaceID":20747,"DriverManagerID":150,"BacteriologyResult":null,"AnalyzerId":38,"IsOrderProductionControl":false,"ID":0,"StrID":"0"}
30.08.2026 11:24:24	Information:	Save string: 
30.08.2026 11:24:24	Information:	{"OrderResearchID":67069057,"OrderResearch":{"OrderID":31121126,"ServiceMoID":2163201,"ServiceMoMasterDataID":8269447,"ServiceMo":{"OrgHealthCareID":"45500000000000909","ServiceID":236,"NameRU":"Определение общего белка в сыворотке крови на анализаторе","NameKZ":"Қан сарысуындағы жалпы нәруызды талдауышта анықтау ","Name":"Определение общего белка в сыворотке крови на анализаторе","ShortNameRU":"Определение общего белка в сыворотке крови на анализаторе","ShortNameKZ":"Қан сарысуындағы жалпы нәруызды талдауышта анықтау ","ShortName":"Определение общего белка в сыворотке крови на анализаторе","FullName":"B03.397.002 - Определение общего белка в сыворотке крови на анализаторе","Code":"B03.397.002","ExternalCode":null,"ServiceClassID":5,"ServiceClass":{"ServiceTypeID":2,"OrderBy":5,"MasterDataID":5,"NameRU":"Клиническая химия (биохимия)","NameKZ":"Клиникалық химия (биохимия)","Name":"Клиническая химия (биохимия)","PublicCode":"500","EndDate":null,"ID":"5","StrID":"5"},"Service":{"NameRU":"Определение общего белка в сыворотке крови на анализаторе","NameKZ":"Қан сарысуындағы жалпы нәруызды талдауышта анықтау","Name":"Определение общего белка в сыворотке крови на анализаторе","ShortNameRU":"Общий белок на анализаторе","ShortNameKZ":"Общий белок на анализаторе","ShortName":"Общий белок на анализаторе","FullName":"B03.397.002 - Определение общего белка в сыворотке крови на анализаторе","Code":"B03.397.002","ServiceClassID":5,"ServiceClass":null,"ServiceSubClassID":6,"ServiceSubClass":null,"MaterialTypeID":202,"MaterialType":null,"MasterDataID":3079,"ID":"236","StrID":"236"},"MasterDataID":8269447,"ServiceSubClassID":6,"PayType":1,"ServiceSubClass":null,"ID":"2163201","StrID":"2163201"},"FullName":"B03.397.002 - Определение общего белка в сыворотке крови на анализаторе  () ","IsMain":true,"SourceID":"144980617_33980637","WorkPlaceID":20747,"WorkPlace":null,"DriverManager":null,"ParameterID":null,"Parameter":null,"AdditionalInfo":null,"Status":1,"PerformetServiceCount":7,"ResearchResultCount":0,"ApproveResearchResultCount":0,"NotSaveResearchResultCount":0,"ParentID":null,"ScreeningCandidatePlanGuid":null,"ScreeningUrl":null,"TakePlace":null,"MaterialTypeID":null,"MaterialType":null,"PartCount":0,"IsOrderProductionControl":false,"Uid":"dd1c637b-717e-4033-92e9-d16f5c11db18","OrderPerformerServices":[],"OrderResearchAllergens":[],"Results":[],"IsResumed":false,"ExecutionType":0,"ID":"67069057","StrID":"67069057"},"ParameterID":200918,"Parameter":{"ShortNameRU":"общий белок в сыворотке крови","ShortNameKZ":"қан сарысуындағы жалпы ақуыз","ShortName":"общий белок в сыворотке крови","DataType":0,"DataTypeName":"Число","UnitTypeID":100012,"UnitType":null,"MedicalFormID":null,"MasterDataID":0,"MedicalForm":null,"NameWithDataType":"общий белок в сыворотке крови  (Число)","NameRU":"общий белок в сыворотке крови","NameKZ":"қан сарысуындағы жалпы ақуыз","Name":"общий белок в сыворотке крови","PublicCode":"20091800","EndDate":null,"ID":"200918","StrID":"200918"},"ParameterValues":null,"ParameterValueID":null,"ParameterValue":null,"ResultText":"-0.52","ResultValue":"-0.52","ResultDate":"2026-08-30T11:24:25.3031971+05:00","PostID":"189416","Post":null,"ExecuteMethod":2,"SourceResultText":"-0.52","SourceResultValue":"-0.52","SourceResultExpression":null,"SourceUnitTypeID":100012,"SourceUnitType":{"OrderBy":13,"MasterDataID":null,"CDD_ID":null,"NameRU":"г/л","NameKZ":"г/л","Name":"г/л","PublicCode":"10001200","EndDate":null,"ID":"100012","StrID":"100012"},"MultiplierID":null,"IsApproved":false,"IsValidated":false,"StandardMatchType":0,"ApproveDate":null,"ApprovePostID":null,"ApprovePost":null,"OrderNum":1,"WorkPlaceID":20747,"OrderID":null,"BacteriologyResult":null,"AnalyzerId":38,"IsOrderProductionControl":false,"ID":"207139607","StrID":"207139607"}
30.08.2026 11:24:25	Information:	Result object to save: 
30.08.2026 11:24:25	Information:	{"OrderResearchID":67069059,"OrderResearch":null,"ParameterID":200852,"Parameter":{"ShortNameRU":"мочевина в сыворотке крови","ShortNameKZ":"қан сарысуындағы несепнәр","ShortName":"мочевина в сыворотке крови","DataType":0,"DataTypeName":"Число","UnitTypeID":100051,"UnitType":{"NameRU":"ммоль/л","NameKZ":"ммоль/л","Name":"ммоль/л","PublicCode":"10005100","OrderBy":52,"ID":100051,"StrID":"100051"},"MedicalFormID":null,"MedicalForm":null,"NameRU":"мочевина в сыворотке крови","NameKZ":"қан сарысуындағы несепнәр","Name":"мочевина в сыворотке крови","PublicCode":"20085200","OrderBy":null,"ID":200852,"StrID":"200852"},"ParameterValueID":null,"ParameterValue":null,"ResultText":"2.82","ResultValue":null,"ResultDate":"2026-08-30T11:24:25.0996834+05:00","PostID":0,"Post":null,"ExecuteMethod":2,"SourceResultText":"2.82","SourceResultValue":null,"SourceResultExpression":null,"SourceUnitTypeID":100051,"SourceUnitType":{"NameRU":"ммоль/л","NameKZ":"ммоль/л","Name":"ммоль/л","PublicCode":"10005100","OrderBy":52,"ID":100051,"StrID":"100051"},"IsApproved":false,"ApproveDate":null,"ApprovePostID":null,"ApprovePost":null,"OrderNum":1,"WorkPlaceID":20747,"DriverManagerID":150,"BacteriologyResult":null,"AnalyzerId":38,"IsOrderProductionControl":false,"ID":0,"StrID":"0"}
30.08.2026 11:24:25	Information:	Save string: 
30.08.2026 11:24:25	Information:	{"OrderResearchID":67069059,"OrderResearch":{"OrderID":31121126,"ServiceMoID":2164626,"ServiceMoMasterDataID":8269504,"ServiceMo":{"OrgHealthCareID":"45500000000000909","ServiceID":295,"NameRU":"Определение мочевины в сыворотке крови на анализаторе","NameKZ":"Қан сарысуындағы несепнәрді  талдауышта анықтау ","Name":"Определение мочевины в сыворотке крови на анализаторе","ShortNameRU":"Определение мочевины в сыворотке крови на анализаторе","ShortNameKZ":"Қан сарысуындағы несепнәрді  талдауышта анықтау ","ShortName":"Определение мочевины в сыворотке крови на анализаторе","FullName":"B03.386.002 - Определение мочевины в сыворотке крови на анализаторе","Code":"B03.386.002","ExternalCode":null,"ServiceClassID":5,"ServiceClass":{"ServiceTypeID":2,"OrderBy":5,"MasterDataID":5,"NameRU":"Клиническая химия (биохимия)","NameKZ":"Клиникалық химия (биохимия)","Name":"Клиническая химия (биохимия)","PublicCode":"500","EndDate":null,"ID":"5","StrID":"5"},"Service":{"NameRU":"Определение мочевины в сыворотке крови на анализаторе","NameKZ":"Қан сарысуындағы несепнәрді талдауышта анықтау","Name":"Определение мочевины в сыворотке крови на анализаторе","ShortNameRU":"Мочевина на анализаторе","ShortNameKZ":"Мочевина на анализаторе","ShortName":"Мочевина на анализаторе","FullName":"B03.386.002 - Определение мочевины в сыворотке крови на анализаторе","Code":"B03.386.002","ServiceClassID":5,"ServiceClass":null,"ServiceSubClassID":6,"ServiceSubClass":null,"MaterialTypeID":202,"MaterialType":null,"MasterDataID":3136,"ID":"295","StrID":"295"},"MasterDataID":8269504,"ServiceSubClassID":6,"PayType":1,"ServiceSubClass":null,"ID":"2164626","StrID":"2164626"},"FullName":"B03.386.002 - Определение мочевины в сыворотке крови на анализаторе  () ","IsMain":true,"SourceID":"144980617_33980639","WorkPlaceID":20747,"WorkPlace":null,"DriverManager":null,"ParameterID":null,"Parameter":null,"AdditionalInfo":null,"Status":1,"PerformetServiceCount":7,"ResearchResultCount":0,"ApproveResearchResultCount":0,"NotSaveResearchResultCount":0,"ParentID":null,"ScreeningCandidatePlanGuid":null,"ScreeningUrl":null,"TakePlace":null,"MaterialTypeID":null,"MaterialType":null,"PartCount":0,"IsOrderProductionControl":false,"Uid":"ab896527-1b56-4a07-859a-3331dde4f0e6","OrderPerformerServices":[],"OrderResearchAllergens":[],"Results":[],"IsResumed":false,"ExecutionType":0,"ID":"67069059","StrID":"67069059"},"ParameterID":200852,"Parameter":{"ShortNameRU":"мочевина в сыворотке крови","ShortNameKZ":"қан сарысуындағы несепнәр","ShortName":"мочевина в сыворотке крови","DataType":0,"DataTypeName":"Число","UnitTypeID":100051,"UnitType":null,"MedicalFormID":null,"MasterDataID":0,"MedicalForm":null,"NameWithDataType":"мочевина в сыворотке крови  (Число)","NameRU":"мочевина в сыворотке крови","NameKZ":"қан сарысуындағы несепнәр","Name":"мочевина в сыворотке крови","PublicCode":"20085200","EndDate":null,"ID":"200852","StrID":"200852"},"ParameterValues":null,"ParameterValueID":null,"ParameterValue":null,"ResultText":"2.82","ResultValue":"2.82","ResultDate":"2026-08-30T11:24:25.3830374+05:00","PostID":"189416","Post":null,"ExecuteMethod":2,"SourceResultText":"2.82","SourceResultValue":"2.82","SourceResultExpression":null,"SourceUnitTypeID":100051,"SourceUnitType":{"OrderBy":52,"MasterDataID":null,"CDD_ID":null,"NameRU":"ммоль/л","NameKZ":"ммоль/л","Name":"ммоль/л","PublicCode":"10005100","EndDate":null,"ID":"100051","StrID":"100051"},"MultiplierID":null,"IsApproved":false,"IsValidated":false,"StandardMatchType":0,"ApproveDate":null,"ApprovePostID":null,"ApprovePost":null,"OrderNum":1,"WorkPlaceID":20747,"OrderID":null,"BacteriologyResult":null,"AnalyzerId":38,"IsOrderProductionControl":false,"ID":"207139608","StrID":"207139608"}
30.08.2026 11:24:25	Information:	Result object to save: 
30.08.2026 11:24:25	Information:	{"OrderResearchID":67069058,"OrderResearch":null,"ParameterID":200744,"Parameter":{"ShortNameRU":"креатинин в крови","ShortNameKZ":"қандағы креатинин","ShortName":"креатинин в крови","DataType":0,"DataTypeName":"Число","UnitTypeID":100041,"UnitType":{"NameRU":"мкмоль/л","NameKZ":"мкмоль/л","Name":"мкмоль/л","PublicCode":"10004100","OrderBy":42,"ID":100041,"StrID":"100041"},"MedicalFormID":null,"MedicalForm":null,"NameRU":"креатинин в крови","NameKZ":"қандағы креатинин","Name":"креатинин в крови","PublicCode":"20074400","OrderBy":null,"ID":200744,"StrID":"200744"},"ParameterValueID":null,"ParameterValue":null,"ResultText":"11.78","ResultValue":null,"ResultDate":"2026-08-30T11:24:25.0996834+05:00","PostID":0,"Post":null,"ExecuteMethod":2,"SourceResultText":"11.78","SourceResultValue":null,"SourceResultExpression":null,"SourceUnitTypeID":100041,"SourceUnitType":{"NameRU":"мкмоль/л","NameKZ":"мкмоль/л","Name":"мкмоль/л","PublicCode":"10004100","OrderBy":42,"ID":100041,"StrID":"100041"},"IsApproved":false,"ApproveDate":null,"ApprovePostID":null,"ApprovePost":null,"OrderNum":1,"WorkPlaceID":20747,"DriverManagerID":150,"BacteriologyResult":null,"AnalyzerId":38,"IsOrderProductionControl":false,"ID":0,"StrID":"0"}
30.08.2026 11:24:25	Information:	Save string: 
30.08.2026 11:24:25	Information:	{"OrderResearchID":67069058,"OrderResearch":{"OrderID":31121126,"ServiceMoID":2164651,"ServiceMoMasterDataID":8269505,"ServiceMo":{"OrgHealthCareID":"45500000000000909","ServiceID":296,"NameRU":"Определение креатинина в сыворотке крови на анализаторе","NameKZ":"Қан сарысуындағы  креатининді талдауышта анықтау ","Name":"Определение креатинина в сыворотке крови на анализаторе","ShortNameRU":"Определение креатинина в сыворотке крови на анализаторе","ShortNameKZ":"Қан сарысуындағы  креатининді талдауышта анықтау ","ShortName":"Определение креатинина в сыворотке крови на анализаторе","FullName":"B03.363.002 - Определение креатинина в сыворотке крови на анализаторе","Code":"B03.363.002","ExternalCode":null,"ServiceClassID":5,"ServiceClass":{"ServiceTypeID":2,"OrderBy":5,"MasterDataID":5,"NameRU":"Клиническая химия (биохимия)","NameKZ":"Клиникалық химия (биохимия)","Name":"Клиническая химия (биохимия)","PublicCode":"500","EndDate":null,"ID":"5","StrID":"5"},"Service":{"NameRU":"Определение креатинина в сыворотке крови на анализаторе","NameKZ":"Қан сарысуындағы креатининді талдауышта анықтау","Name":"Определение креатинина в сыворотке крови на анализаторе","ShortNameRU":"Креатинин на анализаторе","ShortNameKZ":"Креатинин на анализаторе","ShortName":"Креатинин на анализаторе","FullName":"B03.363.002 - Определение креатинина в сыворотке крови на анализаторе","Code":"B03.363.002","ServiceClassID":5,"ServiceClass":null,"ServiceSubClassID":6,"ServiceSubClass":null,"MaterialTypeID":202,"MaterialType":null,"MasterDataID":3137,"ID":"296","StrID":"296"},"MasterDataID":8269505,"ServiceSubClassID":6,"PayType":1,"ServiceSubClass":null,"ID":"2164651","StrID":"2164651"},"FullName":"B03.363.002 - Определение креатинина в сыворотке крови на анализаторе  () ","IsMain":true,"SourceID":"144980617_33980638","WorkPlaceID":20747,"WorkPlace":null,"DriverManager":null,"ParameterID":null,"Parameter":null,"AdditionalInfo":null,"Status":1,"PerformetServiceCount":7,"ResearchResultCount":0,"ApproveResearchResultCount":0,"NotSaveResearchResultCount":0,"ParentID":null,"ScreeningCandidatePlanGuid":null,"ScreeningUrl":null,"TakePlace":null,"MaterialTypeID":null,"MaterialType":null,"PartCount":0,"IsOrderProductionControl":false,"Uid":"e70f1062-c318-40c6-9f52-a4afc96f43ea","OrderPerformerServices":[],"OrderResearchAllergens":[],"Results":[],"IsResumed":false,"ExecutionType":0,"ID":"67069058","StrID":"67069058"},"ParameterID":200744,"Parameter":{"ShortNameRU":"креатинин в крови","ShortNameKZ":"қандағы креатинин","ShortName":"креатинин в крови","DataType":0,"DataTypeName":"Число","UnitTypeID":100041,"UnitType":null,"MedicalFormID":null,"MasterDataID":0,"MedicalForm":null,"NameWithDataType":"креатинин в крови  (Число)","NameRU":"креатинин в крови","NameKZ":"қандағы креатинин","Name":"креатинин в крови","PublicCode":"20074400","EndDate":null,"ID":"200744","StrID":"200744"},"ParameterValues":null,"ParameterValueID":null,"ParameterValue":null,"ResultText":"11.78","ResultValue":"11.78","ResultDate":"2026-08-30T11:24:25.4458165+05:00","PostID":"189416","Post":null,"ExecuteMethod":2,"SourceResultText":"11.78","SourceResultValue":"11.78","SourceResultExpression":null,"SourceUnitTypeID":100041,"SourceUnitType":{"OrderBy":42,"MasterDataID":null,"CDD_ID":null,"NameRU":"мкмоль/л","NameKZ":"мкмоль/л","Name":"мкмоль/л","PublicCode":"10004100","EndDate":null,"ID":"100041","StrID":"100041"},"MultiplierID":null,"IsApproved":false,"IsValidated":false,"StandardMatchType":0,"ApproveDate":null,"ApprovePostID":null,"ApprovePost":null,"OrderNum":1,"WorkPlaceID":20747,"OrderID":null,"BacteriologyResult":null,"AnalyzerId":38,"IsOrderProductionControl":false,"ID":"207139609","StrID":"207139609"}
30.08.2026 11:24:25	Information:	Result object to save: 
30.08.2026 11:24:25	Information:	{"OrderResearchID":67069060,"OrderResearch":null,"ParameterID":201150,"Parameter":{"ShortNameRU":"СРБ","ShortNameKZ":"СРА","ShortName":"СРБ","DataType":0,"DataTypeName":"Число","UnitTypeID":100026,"UnitType":{"NameRU":"мг/л","NameKZ":"мг/л","Name":"мг/л","PublicCode":"10002600","OrderBy":27,"ID":100026,"StrID":"100026"},"MedicalFormID":null,"MedicalForm":null,"NameRU":"СРБ","NameKZ":"СРА","Name":"СРБ","PublicCode":"20115000","OrderBy":null,"ID":201150,"StrID":"201150"},"ParameterValueID":null,"ParameterValue":null,"ResultText":"89.25","ResultValue":null,"ResultDate":"2026-08-30T11:24:25.0996834+05:00","PostID":0,"Post":null,"ExecuteMethod":2,"SourceResultText":"89.25","SourceResultValue":null,"SourceResultExpression":null,"SourceUnitTypeID":100026,"SourceUnitType":{"NameRU":"мг/л","NameKZ":"мг/л","Name":"мг/л","PublicCode":"10002600","OrderBy":27,"ID":100026,"StrID":"100026"},"IsApproved":false,"ApproveDate":null,"ApprovePostID":null,"ApprovePost":null,"OrderNum":1,"WorkPlaceID":20747,"DriverManagerID":150,"BacteriologyResult":null,"AnalyzerId":38,"IsOrderProductionControl":false,"ID":0,"StrID":"0"}
30.08.2026 11:24:25	Information:	Save string: 
30.08.2026 11:24:25	Information:	{"OrderResearchID":67069060,"OrderResearch":{"OrderID":31121126,"ServiceMoID":2164726,"ServiceMoMasterDataID":8269508,"ServiceMo":{"OrgHealthCareID":"45500000000000909","ServiceID":299,"NameRU":"Определение «C» реактивного белка (СРБ) в сыворотке крови количественно","NameKZ":"Қан сарысуында \"C\" реактивті нәруызын сандық анықтау","Name":"Определение «C» реактивного белка (СРБ) в сыворотке крови количественно","ShortNameRU":"Определение «C» реактивного белка (СРБ) в сыворотке крови количественно","ShortNameKZ":"Қан сарысуында \"C\" реактивті нәруызын сандық анықтау","ShortName":"Определение «C» реактивного белка (СРБ) в сыворотке крови количественно","FullName":"B03.115.002 - Определение «C» реактивного белка (СРБ) в сыворотке крови количественно","Code":"B03.115.002","ExternalCode":null,"ServiceClassID":5,"ServiceClass":{"ServiceTypeID":2,"OrderBy":5,"MasterDataID":5,"NameRU":"Клиническая химия (биохимия)","NameKZ":"Клиникалық химия (биохимия)","Name":"Клиническая химия (биохимия)","PublicCode":"500","EndDate":null,"ID":"5","StrID":"5"},"Service":{"NameRU":"Определение «C» реактивного белка (СРБ) в сыворотке крови количественно","NameKZ":"Қан сарысуында \"C\" реактивті нәруызын сандық анықтау","Name":"Определение «C» реактивного белка (СРБ) в сыворотке крови количественно","ShortNameRU":"СРБ на анализаторе","ShortNameKZ":"СРБ на анализаторе","ShortName":"СРБ на анализаторе","FullName":"B03.115.002 - Определение «C» реактивного белка (СРБ) в сыворотке крови количественно","Code":"B03.115.002","ServiceClassID":5,"ServiceClass":null,"ServiceSubClassID":6,"ServiceSubClass":null,"MaterialTypeID":202,"MaterialType":null,"MasterDataID":3140,"ID":"299","StrID":"299"},"MasterDataID":8269508,"ServiceSubClassID":6,"PayType":1,"ServiceSubClass":null,"ID":"2164726","StrID":"2164726"},"FullName":"B03.115.002 - Определение «C» реактивного белка (СРБ) в сыворотке крови количественно  () ","IsMain":true,"SourceID":"144980617_33980640","WorkPlaceID":20747,"WorkPlace":null,"DriverManager":null,"ParameterID":null,"Parameter":null,"AdditionalInfo":null,"Status":1,"PerformetServiceCount":7,"ResearchResultCount":0,"ApproveResearchResultCount":0,"NotSaveResearchResultCount":0,"ParentID":null,"ScreeningCandidatePlanGuid":null,"ScreeningUrl":null,"TakePlace":null,"MaterialTypeID":null,"MaterialType":null,"PartCount":0,"IsOrderProductionControl":false,"Uid":"3e539056-6657-486f-978a-1f66fdb7c369","OrderPerformerServices":[],"OrderResearchAllergens":[],"Results":[],"IsResumed":false,"ExecutionType":0,"ID":"67069060","StrID":"67069060"},"ParameterID":201150,"Parameter":{"ShortNameRU":"СРБ","ShortNameKZ":"СРА","ShortName":"СРБ","DataType":0,"DataTypeName":"Число","UnitTypeID":100026,"UnitType":null,"MedicalFormID":null,"MasterDataID":0,"MedicalForm":null,"NameWithDataType":"СРБ  (Число)","NameRU":"СРБ","NameKZ":"СРА","Name":"СРБ","PublicCode":"20115000","EndDate":null,"ID":"201150","StrID":"201150"},"ParameterValues":null,"ParameterValueID":null,"ParameterValue":null,"ResultText":"89.25","ResultValue":"89.25","ResultDate":"2026-08-30T11:24:25.5149855+05:00","PostID":"189416","Post":null,"ExecuteMethod":2,"SourceResultText":"89.25","SourceResultValue":"89.25","SourceResultExpression":null,"SourceUnitTypeID":100026,"SourceUnitType":{"OrderBy":27,"MasterDataID":null,"CDD_ID":null,"NameRU":"мг/л","NameKZ":"мг/л","Name":"мг/л","PublicCode":"10002600","EndDate":null,"ID":"100026","StrID":"100026"},"MultiplierID":null,"IsApproved":false,"IsValidated":false,"StandardMatchType":0,"ApproveDate":null,"ApprovePostID":null,"ApprovePost":null,"OrderNum":1,"WorkPlaceID":20747,"OrderID":null,"BacteriologyResult":null,"AnalyzerId":38,"IsOrderProductionControl":false,"ID":"207139610","StrID":"207139610"}
30.08.2026 11:24:25	Debug:	 SendResults SaveDeviceResults = 371 ms
30.08.2026 11:24:25	Debug:	 total for SendResults = 865 ms
30.08.2026 11:24:28	Information:	url https://lab-vko.dmed.kz/ /api/DriverManager/PingDevice
30.08.2026 11:24:28	Information:	{
"Hash": "w9LjvpRCyoByGV3Lzv0iX9dSI0tLK0uV+pRojL1kufc=",
"Status": 0
}


30.08.2026 11:24:28	Information:	Ping ret is {"Status":0,"Comment":null}
30.08.2026 11:24:29	Information:	refresh tokens
30.08.2026 11:26:28	Information:	url https://lab-vko.dmed.kz/ /api/DriverManager/PingDevice
30.08.2026 11:26:28	Information:	{
"Hash": "w9LjvpRCyoByGV3Lzv0iX9dSI0tLK0uV+pRojL1kufc=",
"Status": 0
}


30.08.2026 11:26:28	Information:	Ping ret is {"Status":0,"Comment":null}
30.08.2026 11:28:29	Information:	url https://lab-vko.dmed.kz/ /api/DriverManager/PingDevice
30.08.2026 11:28:29	Information:	{
"Hash": "w9LjvpRCyoByGV3Lzv0iX9dSI0tLK0uV+pRojL1kufc=",
"Status": 0
}


30.08.2026 11:28:29	Information:	Ping ret is {"Status":0,"Comment":null}
30.08.2026 11:30:29	Information:	url https://lab-vko.dmed.kz/ /api/DriverManager/PingDevice
30.08.2026 11:30:29	Information:	{
"Hash": "w9LjvpRCyoByGV3Lzv0iX9dSI0tLK0uV+pRojL1kufc=",
"Status": 0
}


30.08.2026 11:30:29	Information:	Ping ret is {"Status":0,"Comment":null}
30.08.2026 11:32:30	Information:	url https://lab-vko.dmed.kz/ /api/DriverManager/PingDevice
30.08.2026 11:32:30	Information:	{
"Hash": "w9LjvpRCyoByGV3Lzv0iX9dSI0tLK0uV+pRojL1kufc=",
"Status": 0
}


30.08.2026 11:32:30	Information:	Ping ret is {"Status":0,"Comment":null}
30.08.2026 11:34:29	Information:	refresh tokens
30.08.2026 11:34:30	Information:	url https://lab-vko.dmed.kz/ /api/DriverManager/PingDevice
30.08.2026 11:34:30	Information:	{
"Hash": "w9LjvpRCyoByGV3Lzv0iX9dSI0tLK0uV+pRojL1kufc=",
"Status": 0
}


30.08.2026 11:34:30	Information:	Ping ret is {"Status":0,"Comment":null}
30.08.2026 11:36:31	Information:	url https://lab-vko.dmed.kz/ /api/DriverManager/PingDevice
30.08.2026 11:36:31	Information:	{
"Hash": "w9LjvpRCyoByGV3Lzv0iX9dSI0tLK0uV+pRojL1kufc=",
"Status": 0
}


30.08.2026 11:36:31	Information:	Ping ret is {"Status":0,"Comment":null}
30.08.2026 11:38:32	Information:	url https://lab-vko.dmed.kz/ /api/DriverManager/PingDevice
30.08.2026 11:38:32	Information:	{
"Hash": "w9LjvpRCyoByGV3Lzv0iX9dSI0tLK0uV+pRojL1kufc=",
"Status": 0
}


30.08.2026 11:38:32	Information:	Ping ret is {"Status":0,"Comment":null}
30.08.2026 11:40:32	Information:	url https://lab-vko.dmed.kz/ /api/DriverManager/PingDevice
30.08.2026 11:40:32	Information:	{
"Hash": "w9LjvpRCyoByGV3Lzv0iX9dSI0tLK0uV+pRojL1kufc=",
"Status": 0
}


30.08.2026 11:40:32	Information:	Ping ret is {"Status":0,"Comment":null}
30.08.2026 11:42:33	Information:	url https://lab-vko.dmed.kz/ /api/DriverManager/PingDevice
30.08.2026 11:42:33	Information:	{
"Hash": "w9LjvpRCyoByGV3Lzv0iX9dSI0tLK0uV+pRojL1kufc=",
"Status": 0
}


30.08.2026 11:42:33	Information:	Ping ret is {"Status":0,"Comment":null}
30.08.2026 11:44:29	Information:	refresh tokens
