30.08.2026 11:44:33	Information:	url https://lab-vko.dmed.kz/ /api/DriverManager/PingDevice
30.08.2026 11:44:33	Information:	{
"Hash": "w9LjvpRCyoByGV3Lzv0iX9dSI0tLK0uV+pRojL1kufc=",
"Status": 0
}


30.08.2026 11:44:33	Information:	Ping ret is {"Status":0,"Comment":null}
30.08.2026 11:46:34	Information:	url https://lab-vko.dmed.kz/ /api/DriverManager/PingDevice
30.08.2026 11:46:34	Information:	{
"Hash": "w9LjvpRCyoByGV3Lzv0iX9dSI0tLK0uV+pRojL1kufc=",
"Status": 0
}


30.08.2026 11:46:34	Information:	Ping ret is {"Status":0,"Comment":null}
30.08.2026 11:48:35	Information:	url https://lab-vko.dmed.kz/ /api/DriverManager/PingDevice
30.08.2026 11:48:35	Information:	{
"Hash": "w9LjvpRCyoByGV3Lzv0iX9dSI0tLK0uV+pRojL1kufc=",
"Status": 0
}


30.08.2026 11:48:35	Information:	Ping ret is {"Status":0,"Comment":null}
30.08.2026 11:50:35	Information:	url https://lab-vko.dmed.kz/ /api/DriverManager/PingDevice
30.08.2026 11:50:35	Information:	{
"Hash": "w9LjvpRCyoByGV3Lzv0iX9dSI0tLK0uV+pRojL1kufc=",
"Status": 0
}


30.08.2026 11:50:35	Information:	Ping ret is {"Status":0,"Comment":null}
30.08.2026 11:52:36	Information:	url https://lab-vko.dmed.kz/ /api/DriverManager/PingDevice
30.08.2026 11:52:36	Information:	{
"Hash": "w9LjvpRCyoByGV3Lzv0iX9dSI0tLK0uV+pRojL1kufc=",
"Status": 0
}


30.08.2026 11:52:36	Information:	Ping ret is {"Status":0,"Comment":null}
30.08.2026 11:54:29	Information:	refresh tokens
30.08.2026 11:54:37	Information:	url https://lab-vko.dmed.kz/ /api/DriverManager/PingDevice
30.08.2026 11:54:37	Information:	{
"Hash": "w9LjvpRCyoByGV3Lzv0iX9dSI0tLK0uV+pRojL1kufc=",
"Status": 0
}


30.08.2026 11:54:37	Information:	Ping ret is {"Status":0,"Comment":null}
30.08.2026 11:56:37	Information:	url https://lab-vko.dmed.kz/ /api/DriverManager/PingDevice
30.08.2026 11:56:37	Information:	{
"Hash": "w9LjvpRCyoByGV3Lzv0iX9dSI0tLK0uV+pRojL1kufc=",
"Status": 0
}


30.08.2026 11:56:37	Information:	Ping ret is {"Status":0,"Comment":null}
30.08.2026 11:58:38	Information:	url https://lab-vko.dmed.kz/ /api/DriverManager/PingDevice
30.08.2026 11:58:38	Information:	{
"Hash": "w9LjvpRCyoByGV3Lzv0iX9dSI0tLK0uV+pRojL1kufc=",
"Status": 0
}


30.08.2026 11:58:38	Information:	Ping ret is {"Status":0,"Comment":null}
30.08.2026 12:00:39	Information:	url https://lab-vko.dmed.kz/ /api/DriverManager/PingDevice
30.08.2026 12:00:39	Information:	{
"Hash": "w9LjvpRCyoByGV3Lzv0iX9dSI0tLK0uV+pRojL1kufc=",
"Status": 0
}


30.08.2026 12:00:39	Information:	Ping ret is {"Status":0,"Comment":null}
30.08.2026 12:02:39	Information:	url https://lab-vko.dmed.kz/ /api/DriverManager/PingDevice
30.08.2026 12:02:39	Information:	{
"Hash": "w9LjvpRCyoByGV3Lzv0iX9dSI0tLK0uV+pRojL1kufc=",
"Status": 0
}


30.08.2026 12:02:39	Information:	Ping ret is {"Status":0,"Comment":null}
30.08.2026 12:04:29	Information:	refresh tokens
30.08.2026 12:04:40	Information:	url https://lab-vko.dmed.kz/ /api/DriverManager/PingDevice
30.08.2026 12:04:40	Information:	{
"Hash": "w9LjvpRCyoByGV3Lzv0iX9dSI0tLK0uV+pRojL1kufc=",
"Status": 0
}


30.08.2026 12:04:40	Information:	Ping ret is {"Status":0,"Comment":null}
30.08.2026 12:06:34	Information:	Received bytes(encoded):MSH|^~\&|||||20260830120536||ORU^R01|7|P|2.3.1||||0||ASCII|||PID|7||||???????|||O|||||||||||||||||||||||OBR|7||4|^|N|20260830112907|20260830112813|20260830112813||1^4||||20260830112813|?????|||||||||||||||||||||||||||||||||OBX|1|NM|CRP|C-Reactive Protein|88.992215|mg/L|-|N|||F||88.992215|20260830120536|||0||OBX|2|NM|TP|Total Protein|45.704714|g/L|-|N|||F||45.704714|20260830120508|||0||OBX|3|NM|CREA-S|Creatinine (Sarcosine Oxidase Method)|10.855322|?mol/L|-|N|||F||10.855322|20260830120506|||0||OBX|4|NM|UREA|Urea|2.902683|mmol/L|-|N|||F||2.902683|20260830120351|||0||
30.08.2026 12:06:34	Information:	Add Frame:
30.08.2026 12:06:34	Information:	MSH|^~\&|||||20260830120536||ORU^R01|7|P|2.3.1||||0||ASCII|||
30.08.2026 12:06:34	Information:	In Header
30.08.2026 12:06:34	Information:	MessageType: ORU
30.08.2026 12:06:34	Information:	After message type
30.08.2026 12:06:34	Information:	After ask
30.08.2026 12:06:34	Information:	After version
30.08.2026 12:06:34	Information:	Add Frame:
30.08.2026 12:06:34	Information:	PID|7||||???????|||O|||||||||||||||||||||||
30.08.2026 12:06:34	Information:	Add Frame:
30.08.2026 12:06:34	Information:	OBR|7||4|^|N|20260830112907|20260830112813|20260830112813||1^4||||20260830112813|?????|||||||||||||||||||||||||||||||||
30.08.2026 12:06:34	Information:	Add Frame:
30.08.2026 12:06:34	Information:	OBX|1|NM|CRP|C-Reactive Protein|88.992215|mg/L|-|N|||F||88.992215|20260830120536|||0||
30.08.2026 12:06:34	Information:	Add Frame:
30.08.2026 12:06:34	Information:	OBX|2|NM|TP|Total Protein|45.704714|g/L|-|N|||F||45.704714|20260830120508|||0||
30.08.2026 12:06:34	Information:	Add Frame:
30.08.2026 12:06:34	Information:	OBX|3|NM|CREA-S|Creatinine (Sarcosine Oxidase Method)|10.855322|?mol/L|-|N|||F||10.855322|20260830120506|||0||
30.08.2026 12:06:34	Information:	Add Frame:
30.08.2026 12:06:34	Information:	OBX|4|NM|UREA|Urea|2.902683|mmol/L|-|N|||F||2.902683|20260830120351|||0||
30.08.2026 12:06:34	Information:	Add Frame:
30.08.2026 12:06:34	Information:	
30.08.2026 12:06:34	Debug:	read message: 14ms
30.08.2026 12:06:34	Information:	The answer message is created successfully
30.08.2026 12:06:34	Information:	Sending answer...
30.08.2026 12:06:34	Information:	We are in ORU Message
30.08.2026 12:06:34	Information:	MSH MSH|^~\&|||||20260830120536||ORU^R01|7|P|2.3.1||||0||ASCII||||
30.08.2026 12:06:34	Information:	PID PID|7||||???????|||O||||||||||||||||||||||||
30.08.2026 12:06:34	Information:	PatientRecord in message is successfully  processed
30.08.2026 12:06:34	Information:	The patient order is successfully processed
30.08.2026 12:06:34	Information:	The order record is successfully processed
30.08.2026 12:06:34	Information:	The order record is successfully processed
30.08.2026 12:06:34	Information:	The order record is successfully processed
30.08.2026 12:06:34	Information:	The order record is successfully processed
30.08.2026 12:06:34	Information:	The ORU message is successfully processed
30.08.2026 12:06:34	Debug:	Process message: 5ms
30.08.2026 12:06:34	Debug:	Total time : 20ms
30.08.2026 12:06:34	Debug:	SendResults:	check DriverRequests=	0	ms
30.08.2026 12:06:34	Information:	ByBarcode 4
30.08.2026 12:06:34	Information:	GetLinesByBarcodes
30.08.2026 12:06:34	Information:	{
"WorkPlaceID": 20747,
"BeginDate": "2026-05-31",
"EndDate": "2026-08-31",
"OrderNumber": "4",
"Offset": 0,
"Limit": 1
}


30.08.2026 12:06:35	Information:	GetByBarcodeReturn: 
30.08.2026 12:06:35	Information:	{"Data":[],"Total":0}
30.08.2026 12:06:35	Information:	We have MISSED Barcodes! count: 1
30.08.2026 12:06:35	Debug:	SendResults:	fix DriverRequests=	204	ms
30.08.2026 12:06:35	Information:	SAMPLE! 4 DeviceDriverResult Sample: 4 Suggest: . Do Request True
30.08.2026 12:06:35	Information:	THERE IS NO SR FOR Barcode 4
30.08.2026 12:06:35	Error:	dev.name = BS-240, samplerequests==0 
30.08.2026 12:06:35	Debug:	SendResults:	SetTestsValues first SetTestsValues=	1	ms
30.08.2026 12:06:35	Debug:	SendResults:	Device Total = 209 ms
30.08.2026 12:06:35	Information:	Sended bytes:  11 77 83 72 124 94 126 92 38 124 77 105 110 100 114 97 121 124 124 124 124 50 48 50 54 48 56 51 48 49 50 48 54 51 52 124 124 65 67 75 94 82 48 49 124 55 124 80 124 50 46 51 46 49 124 124 124 124 48 124 124 117 115 45 97 115 99 105 105 124 124 124 13 77 83 65 124 65 65 124 55 124 77 101 115 115 97 103 101 32 97 99 99 101 112 116 101 100 124 124 124 48 124 13 28 13
30.08.2026 12:06:35	Information:	Sended string MSH|^~\&|Mindray||||20260830120634||ACK^R01|7|P|2.3.1||||0||us-ascii|||MSA|AA|7|Message accepted|||0|
30.08.2026 12:06:41	Information:	url https://lab-vko.dmed.kz/ /api/DriverManager/PingDevice
30.08.2026 12:06:41	Information:	{
"Hash": "w9LjvpRCyoByGV3Lzv0iX9dSI0tLK0uV+pRojL1kufc=",
"Status": 0
}


30.08.2026 12:06:41	Information:	Ping ret is {"Status":0,"Comment":null}
30.08.2026 12:08:41	Information:	url https://lab-vko.dmed.kz/ /api/DriverManager/PingDevice
30.08.2026 12:08:41	Information:	{
"Hash": "w9LjvpRCyoByGV3Lzv0iX9dSI0tLK0uV+pRojL1kufc=",
"Status": 0
}


30.08.2026 12:08:41	Information:	Ping ret is {"Status":0,"Comment":null}
30.08.2026 12:10:42	Information:	url https://lab-vko.dmed.kz/ /api/DriverManager/PingDevice
30.08.2026 12:10:42	Information:	{
"Hash": "w9LjvpRCyoByGV3Lzv0iX9dSI0tLK0uV+pRojL1kufc=",
"Status": 0
}


30.08.2026 12:10:42	Information:	Ping ret is {"Status":0,"Comment":null}
30.08.2026 12:12:42	Information:	url https://lab-vko.dmed.kz/ /api/DriverManager/PingDevice
30.08.2026 12:12:42	Information:	{
"Hash": "w9LjvpRCyoByGV3Lzv0iX9dSI0tLK0uV+pRojL1kufc=",
"Status": 0
}


30.08.2026 12:12:42	Information:	Ping ret is {"Status":0,"Comment":null}
30.08.2026 12:14:29	Information:	refresh tokens
30.08.2026 12:14:43	Information:	url https://lab-vko.dmed.kz/ /api/DriverManager/PingDevice
30.08.2026 12:14:43	Information:	{
"Hash": "w9LjvpRCyoByGV3Lzv0iX9dSI0tLK0uV+pRojL1kufc=",
"Status": 0
}


30.08.2026 12:14:43	Information:	Ping ret is {"Status":0,"Comment":null}
30.08.2026 12:16:44	Information:	url https://lab-vko.dmed.kz/ /api/DriverManager/PingDevice
30.08.2026 12:16:44	Information:	{
"Hash": "w9LjvpRCyoByGV3Lzv0iX9dSI0tLK0uV+pRojL1kufc=",
"Status": 0
}


30.08.2026 12:16:44	Information:	Ping ret is {"Status":0,"Comment":null}
30.08.2026 12:18:44	Information:	url https://lab-vko.dmed.kz/ /api/DriverManager/PingDevice
30.08.2026 12:18:44	Information:	{
"Hash": "w9LjvpRCyoByGV3Lzv0iX9dSI0tLK0uV+pRojL1kufc=",
"Status": 0
}


30.08.2026 12:18:44	Information:	Ping ret is {"Status":0,"Comment":null}
30.08.2026 12:20:45	Information:	url https://lab-vko.dmed.kz/ /api/DriverManager/PingDevice
30.08.2026 12:20:45	Information:	{
"Hash": "w9LjvpRCyoByGV3Lzv0iX9dSI0tLK0uV+pRojL1kufc=",
"Status": 0
}


30.08.2026 12:20:45	Information:	Ping ret is {"Status":0,"Comment":null}
30.08.2026 12:22:45	Information:	url https://lab-vko.dmed.kz/ /api/DriverManager/PingDevice
30.08.2026 12:22:45	Information:	{
"Hash": "w9LjvpRCyoByGV3Lzv0iX9dSI0tLK0uV+pRojL1kufc=",
"Status": 0
}


30.08.2026 12:22:45	Information:	Ping ret is {"Status":0,"Comment":null}
30.08.2026 12:24:29	Information:	refresh tokens
30.08.2026 12:24:46	Information:	url https://lab-vko.dmed.kz/ /api/DriverManager/PingDevice
30.08.2026 12:24:46	Information:	{
"Hash": "w9LjvpRCyoByGV3Lzv0iX9dSI0tLK0uV+pRojL1kufc=",
"Status": 0
}


30.08.2026 12:24:46	Information:	Ping ret is {"Status":0,"Comment":null}
30.08.2026 12:26:47	Information:	url https://lab-vko.dmed.kz/ /api/DriverManager/PingDevice
30.08.2026 12:26:47	Information:	{
"Hash": "w9LjvpRCyoByGV3Lzv0iX9dSI0tLK0uV+pRojL1kufc=",
"Status": 0
}


30.08.2026 12:26:47	Information:	Ping ret is {"Status":0,"Comment":null}
30.08.2026 12:28:48	Information:	url https://lab-vko.dmed.kz/ /api/DriverManager/PingDevice
30.08.2026 12:28:48	Information:	{
"Hash": "w9LjvpRCyoByGV3Lzv0iX9dSI0tLK0uV+pRojL1kufc=",
"Status": 0
}


30.08.2026 12:28:48	Information:	Ping ret is {"Status":0,"Comment":null}
30.08.2026 12:30:48	Information:	url https://lab-vko.dmed.kz/ /api/DriverManager/PingDevice
30.08.2026 12:30:48	Information:	{
"Hash": "w9LjvpRCyoByGV3Lzv0iX9dSI0tLK0uV+pRojL1kufc=",
"Status": 0
}


30.08.2026 12:30:48	Information:	Ping ret is {"Status":0,"Comment":null}
30.08.2026 12:32:49	Information:	url https://lab-vko.dmed.kz/ /api/DriverManager/PingDevice
30.08.2026 12:32:49	Information:	{
"Hash": "w9LjvpRCyoByGV3Lzv0iX9dSI0tLK0uV+pRojL1kufc=",
"Status": 0
}


30.08.2026 12:32:49	Information:	Ping ret is {"Status":0,"Comment":null}
30.08.2026 12:34:29	Information:	refresh tokens
30.08.2026 12:34:50	Information:	url https://lab-vko.dmed.kz/ /api/DriverManager/PingDevice
30.08.2026 12:34:50	Information:	{
"Hash": "w9LjvpRCyoByGV3Lzv0iX9dSI0tLK0uV+pRojL1kufc=",
"Status": 0
}


30.08.2026 12:34:50	Information:	Ping ret is {"Status":0,"Comment":null}
30.08.2026 12:36:50	Information:	url https://lab-vko.dmed.kz/ /api/DriverManager/PingDevice
30.08.2026 12:36:50	Information:	{
"Hash": "w9LjvpRCyoByGV3Lzv0iX9dSI0tLK0uV+pRojL1kufc=",
"Status": 0
}


30.08.2026 12:36:50	Information:	Ping ret is {"Status":0,"Comment":null}
30.08.2026 12:38:51	Information:	url https://lab-vko.dmed.kz/ /api/DriverManager/PingDevice
30.08.2026 12:38:51	Information:	{
"Hash": "w9LjvpRCyoByGV3Lzv0iX9dSI0tLK0uV+pRojL1kufc=",
"Status": 0
}


30.08.2026 12:38:51	Information:	Ping ret is {"Status":0,"Comment":null}
30.08.2026 12:40:52	Information:	url https://lab-vko.dmed.kz/ /api/DriverManager/PingDevice
30.08.2026 12:40:52	Information:	{
"Hash": "w9LjvpRCyoByGV3Lzv0iX9dSI0tLK0uV+pRojL1kufc=",
"Status": 0
}


30.08.2026 12:40:52	Information:	Ping ret is {"Status":0,"Comment":null}
30.08.2026 12:42:52	Information:	url https://lab-vko.dmed.kz/ /api/DriverManager/PingDevice
30.08.2026 12:42:52	Information:	{
"Hash": "w9LjvpRCyoByGV3Lzv0iX9dSI0tLK0uV+pRojL1kufc=",
"Status": 0
}


30.08.2026 12:42:52	Information:	Ping ret is {"Status":0,"Comment":null}
30.08.2026 12:44:29	Information:	refresh tokens
30.08.2026 12:44:53	Information:	url https://lab-vko.dmed.kz/ /api/DriverManager/PingDevice
30.08.2026 12:44:53	Information:	{
"Hash": "w9LjvpRCyoByGV3Lzv0iX9dSI0tLK0uV+pRojL1kufc=",
"Status": 0
}


30.08.2026 12:44:53	Information:	Ping ret is {"Status":0,"Comment":null}
30.08.2026 12:46:54	Information:	url https://lab-vko.dmed.kz/ /api/DriverManager/PingDevice
30.08.2026 12:46:54	Information:	{
"Hash": "w9LjvpRCyoByGV3Lzv0iX9dSI0tLK0uV+pRojL1kufc=",
"Status": 0
}


30.08.2026 12:46:54	Information:	Ping ret is {"Status":0,"Comment":null}
30.08.2026 12:48:54	Information:	url https://lab-vko.dmed.kz/ /api/DriverManager/PingDevice
30.08.2026 12:48:54	Information:	{
"Hash": "w9LjvpRCyoByGV3Lzv0iX9dSI0tLK0uV+pRojL1kufc=",
"Status": 0
}


30.08.2026 12:48:54	Information:	Ping ret is {"Status":0,"Comment":null}
30.08.2026 12:50:55	Information:	url https://lab-vko.dmed.kz/ /api/DriverManager/PingDevice
30.08.2026 12:50:55	Information:	{
"Hash": "w9LjvpRCyoByGV3Lzv0iX9dSI0tLK0uV+pRojL1kufc=",
"Status": 0
}


30.08.2026 12:50:55	Information:	Ping ret is {"Status":0,"Comment":null}
30.08.2026 12:52:56	Information:	url https://lab-vko.dmed.kz/ /api/DriverManager/PingDevice
30.08.2026 12:52:56	Information:	{
"Hash": "w9LjvpRCyoByGV3Lzv0iX9dSI0tLK0uV+pRojL1kufc=",
"Status": 0
}


30.08.2026 12:52:56	Information:	Ping ret is {"Status":0,"Comment":null}
30.08.2026 12:54:29	Information:	refresh tokens
30.08.2026 12:54:56	Information:	url https://lab-vko.dmed.kz/ /api/DriverManager/PingDevice
30.08.2026 12:54:56	Information:	{
"Hash": "w9LjvpRCyoByGV3Lzv0iX9dSI0tLK0uV+pRojL1kufc=",
"Status": 0
}


30.08.2026 12:54:56	Information:	Ping ret is {"Status":0,"Comment":null}
30.08.2026 12:56:57	Information:	url https://lab-vko.dmed.kz/ /api/DriverManager/PingDevice
30.08.2026 12:56:57	Information:	{
"Hash": "w9LjvpRCyoByGV3Lzv0iX9dSI0tLK0uV+pRojL1kufc=",
"Status": 0
}


30.08.2026 12:56:57	Information:	Ping ret is {"Status":0,"Comment":null}
30.08.2026 12:58:58	Information:	url https://lab-vko.dmed.kz/ /api/DriverManager/PingDevice
30.08.2026 12:58:58	Information:	{
"Hash": "w9LjvpRCyoByGV3Lzv0iX9dSI0tLK0uV+pRojL1kufc=",
"Status": 0
}


30.08.2026 12:58:58	Information:	Ping ret is {"Status":0,"Comment":null}
30.08.2026 13:00:58	Information:	url https://lab-vko.dmed.kz/ /api/DriverManager/PingDevice
30.08.2026 13:00:58	Information:	{
"Hash": "w9LjvpRCyoByGV3Lzv0iX9dSI0tLK0uV+pRojL1kufc=",
"Status": 0
}


30.08.2026 13:00:58	Information:	Ping ret is {"Status":0,"Comment":null}
30.08.2026 13:02:59	Information:	url https://lab-vko.dmed.kz/ /api/DriverManager/PingDevice
30.08.2026 13:02:59	Information:	{
"Hash": "w9LjvpRCyoByGV3Lzv0iX9dSI0tLK0uV+pRojL1kufc=",
"Status": 0
}


30.08.2026 13:02:59	Information:	Ping ret is {"Status":0,"Comment":null}
30.08.2026 13:04:29	Information:	refresh tokens
30.08.2026 13:05:00	Information:	url https://lab-vko.dmed.kz/ /api/DriverManager/PingDevice
30.08.2026 13:05:00	Information:	{
"Hash": "w9LjvpRCyoByGV3Lzv0iX9dSI0tLK0uV+pRojL1kufc=",
"Status": 0
}


30.08.2026 13:05:00	Information:	Ping ret is {"Status":0,"Comment":null}
30.08.2026 13:07:00	Information:	url https://lab-vko.dmed.kz/ /api/DriverManager/PingDevice
30.08.2026 13:07:00	Information:	{
"Hash": "w9LjvpRCyoByGV3Lzv0iX9dSI0tLK0uV+pRojL1kufc=",
"Status": 0
}


30.08.2026 13:07:00	Information:	Ping ret is {"Status":0,"Comment":null}
30.08.2026 13:09:01	Information:	url https://lab-vko.dmed.kz/ /api/DriverManager/PingDevice
30.08.2026 13:09:01	Information:	{
"Hash": "w9LjvpRCyoByGV3Lzv0iX9dSI0tLK0uV+pRojL1kufc=",
"Status": 0
}


30.08.2026 13:09:01	Information:	Ping ret is {"Status":0,"Comment":null}
30.08.2026 13:11:02	Information:	url https://lab-vko.dmed.kz/ /api/DriverManager/PingDevice
30.08.2026 13:11:02	Information:	{
"Hash": "w9LjvpRCyoByGV3Lzv0iX9dSI0tLK0uV+pRojL1kufc=",
"Status": 0
}


30.08.2026 13:11:02	Information:	Ping ret is {"Status":0,"Comment":null}
30.08.2026 13:13:02	Information:	url https://lab-vko.dmed.kz/ /api/DriverManager/PingDevice
30.08.2026 13:13:02	Information:	{
"Hash": "w9LjvpRCyoByGV3Lzv0iX9dSI0tLK0uV+pRojL1kufc=",
"Status": 0
}


30.08.2026 13:13:02	Information:	Ping ret is {"Status":0,"Comment":null}
30.08.2026 13:14:29	Information:	refresh tokens
30.08.2026 13:15:03	Information:	url https://lab-vko.dmed.kz/ /api/DriverManager/PingDevice
30.08.2026 13:15:03	Information:	{
"Hash": "w9LjvpRCyoByGV3Lzv0iX9dSI0tLK0uV+pRojL1kufc=",
"Status": 0
}


30.08.2026 13:15:03	Information:	Ping ret is {"Status":0,"Comment":null}
30.08.2026 13:17:04	Information:	url https://lab-vko.dmed.kz/ /api/DriverManager/PingDevice
30.08.2026 13:17:04	Information:	{
"Hash": "w9LjvpRCyoByGV3Lzv0iX9dSI0tLK0uV+pRojL1kufc=",
"Status": 0
}


30.08.2026 13:17:04	Information:	Ping ret is {"Status":0,"Comment":null}
30.08.2026 13:19:04	Information:	url https://lab-vko.dmed.kz/ /api/DriverManager/PingDevice
30.08.2026 13:19:04	Information:	{
"Hash": "w9LjvpRCyoByGV3Lzv0iX9dSI0tLK0uV+pRojL1kufc=",
"Status": 0
}


30.08.2026 13:19:04	Information:	Ping ret is {"Status":0,"Comment":null}
30.08.2026 13:21:05	Information:	url https://lab-vko.dmed.kz/ /api/DriverManager/PingDevice
30.08.2026 13:21:05	Information:	{
"Hash": "w9LjvpRCyoByGV3Lzv0iX9dSI0tLK0uV+pRojL1kufc=",
"Status": 0
}


30.08.2026 13:21:05	Information:	Ping ret is {"Status":0,"Comment":null}
30.08.2026 13:23:05	Information:	url https://lab-vko.dmed.kz/ /api/DriverManager/PingDevice
30.08.2026 13:23:05	Information:	{
"Hash": "w9LjvpRCyoByGV3Lzv0iX9dSI0tLK0uV+pRojL1kufc=",
"Status": 0
}


30.08.2026 13:23:05	Information:	Ping ret is {"Status":0,"Comment":null}
30.08.2026 13:24:29	Information:	refresh tokens
30.08.2026 13:25:06	Information:	url https://lab-vko.dmed.kz/ /api/DriverManager/PingDevice
30.08.2026 13:25:06	Information:	{
"Hash": "w9LjvpRCyoByGV3Lzv0iX9dSI0tLK0uV+pRojL1kufc=",
"Status": 0
}


30.08.2026 13:25:06	Information:	Ping ret is {"Status":0,"Comment":null}
30.08.2026 13:27:06	Information:	url https://lab-vko.dmed.kz/ /api/DriverManager/PingDevice
30.08.2026 13:27:06	Information:	{
"Hash": "w9LjvpRCyoByGV3Lzv0iX9dSI0tLK0uV+pRojL1kufc=",
"Status": 0
}


30.08.2026 13:27:06	Information:	Ping ret is {"Status":0,"Comment":null}
30.08.2026 13:29:07	Information:	url https://lab-vko.dmed.kz/ /api/DriverManager/PingDevice
30.08.2026 13:29:07	Information:	{
"Hash": "w9LjvpRCyoByGV3Lzv0iX9dSI0tLK0uV+pRojL1kufc=",
"Status": 0
}


30.08.2026 13:29:07	Information:	Ping ret is {"Status":0,"Comment":null}
30.08.2026 13:31:08	Information:	url https://lab-vko.dmed.kz/ /api/DriverManager/PingDevice
30.08.2026 13:31:08	Information:	{
"Hash": "w9LjvpRCyoByGV3Lzv0iX9dSI0tLK0uV+pRojL1kufc=",
"Status": 0
}


30.08.2026 13:31:08	Information:	Ping ret is {"Status":0,"Comment":null}
30.08.2026 13:33:08	Information:	url https://lab-vko.dmed.kz/ /api/DriverManager/PingDevice
30.08.2026 13:33:08	Information:	{
"Hash": "w9LjvpRCyoByGV3Lzv0iX9dSI0tLK0uV+pRojL1kufc=",
"Status": 0
}


30.08.2026 13:33:08	Information:	Ping ret is {"Status":0,"Comment":null}
30.08.2026 13:34:29	Information:	refresh tokens
30.08.2026 13:35:09	Information:	url https://lab-vko.dmed.kz/ /api/DriverManager/PingDevice
30.08.2026 13:35:09	Information:	{
"Hash": "w9LjvpRCyoByGV3Lzv0iX9dSI0tLK0uV+pRojL1kufc=",
"Status": 0
}


30.08.2026 13:35:09	Information:	Ping ret is {"Status":0,"Comment":null}
30.08.2026 13:37:10	Information:	url https://lab-vko.dmed.kz/ /api/DriverManager/PingDevice
30.08.2026 13:37:10	Information:	{
"Hash": "w9LjvpRCyoByGV3Lzv0iX9dSI0tLK0uV+pRojL1kufc=",
"Status": 0
}


30.08.2026 13:37:10	Information:	Ping ret is {"Status":0,"Comment":null}
30.08.2026 13:39:10	Information:	url https://lab-vko.dmed.kz/ /api/DriverManager/PingDevice
30.08.2026 13:39:10	Information:	{
"Hash": "w9LjvpRCyoByGV3Lzv0iX9dSI0tLK0uV+pRojL1kufc=",
"Status": 0
}


30.08.2026 13:39:10	Information:	Ping ret is {"Status":0,"Comment":null}
30.08.2026 13:41:11	Information:	url https://lab-vko.dmed.kz/ /api/DriverManager/PingDevice
30.08.2026 13:41:11	Information:	{
"Hash": "w9LjvpRCyoByGV3Lzv0iX9dSI0tLK0uV+pRojL1kufc=",
"Status": 0
}


30.08.2026 13:41:11	Information:	Ping ret is {"Status":0,"Comment":null}
30.08.2026 13:43:12	Information:	url https://lab-vko.dmed.kz/ /api/DriverManager/PingDevice
30.08.2026 13:43:12	Information:	{
"Hash": "w9LjvpRCyoByGV3Lzv0iX9dSI0tLK0uV+pRojL1kufc=",
"Status": 0
}


30.08.2026 13:43:12	Information:	Ping ret is {"Status":0,"Comment":null}
30.08.2026 13:44:29	Information:	refresh tokens
30.08.2026 13:45:12	Information:	url https://lab-vko.dmed.kz/ /api/DriverManager/PingDevice
30.08.2026 13:45:12	Information:	{
"Hash": "w9LjvpRCyoByGV3Lzv0iX9dSI0tLK0uV+pRojL1kufc=",
"Status": 0
}


30.08.2026 13:45:12	Information:	Ping ret is {"Status":0,"Comment":null}
30.08.2026 13:47:13	Information:	url https://lab-vko.dmed.kz/ /api/DriverManager/PingDevice
30.08.2026 13:47:13	Information:	{
"Hash": "w9LjvpRCyoByGV3Lzv0iX9dSI0tLK0uV+pRojL1kufc=",
"Status": 0
}


30.08.2026 13:47:13	Information:	Ping ret is {"Status":0,"Comment":null}
30.08.2026 13:49:14	Information:	url https://lab-vko.dmed.kz/ /api/DriverManager/PingDevice
30.08.2026 13:49:14	Information:	{
"Hash": "w9LjvpRCyoByGV3Lzv0iX9dSI0tLK0uV+pRojL1kufc=",
"Status": 0
}


30.08.2026 13:49:14	Information:	Ping ret is {"Status":0,"Comment":null}
30.08.2026 13:51:14	Information:	url https://lab-vko.dmed.kz/ /api/DriverManager/PingDevice
30.08.2026 13:51:14	Information:	{
"Hash": "w9LjvpRCyoByGV3Lzv0iX9dSI0tLK0uV+pRojL1kufc=",
"Status": 0
}


30.08.2026 13:51:14	Information:	Ping ret is {"Status":0,"Comment":null}
30.08.2026 13:53:15	Information:	url https://lab-vko.dmed.kz/ /api/DriverManager/PingDevice
30.08.2026 13:53:15	Information:	{
"Hash": "w9LjvpRCyoByGV3Lzv0iX9dSI0tLK0uV+pRojL1kufc=",
"Status": 0
}


30.08.2026 13:53:15	Information:	Ping ret is {"Status":0,"Comment":null}
30.08.2026 13:54:29	Information:	refresh tokens
30.08.2026 13:55:16	Information:	url https://lab-vko.dmed.kz/ /api/DriverManager/PingDevice
30.08.2026 13:55:16	Information:	{
"Hash": "w9LjvpRCyoByGV3Lzv0iX9dSI0tLK0uV+pRojL1kufc=",
"Status": 0
}


30.08.2026 13:55:16	Information:	Ping ret is {"Status":0,"Comment":null}
30.08.2026 13:57:16	Information:	url https://lab-vko.dmed.kz/ /api/DriverManager/PingDevice
30.08.2026 13:57:16	Information:	{
"Hash": "w9LjvpRCyoByGV3Lzv0iX9dSI0tLK0uV+pRojL1kufc=",
"Status": 0
}


30.08.2026 13:57:16	Information:	Ping ret is {"Status":0,"Comment":null}
30.08.2026 13:59:17	Information:	url https://lab-vko.dmed.kz/ /api/DriverManager/PingDevice
30.08.2026 13:59:17	Information:	{
"Hash": "w9LjvpRCyoByGV3Lzv0iX9dSI0tLK0uV+pRojL1kufc=",
"Status": 0
}


30.08.2026 13:59:17	Information:	Ping ret is {"Status":0,"Comment":null}
30.08.2026 14:01:18	Information:	url https://lab-vko.dmed.kz/ /api/DriverManager/PingDevice
30.08.2026 14:01:18	Information:	{
"Hash": "w9LjvpRCyoByGV3Lzv0iX9dSI0tLK0uV+pRojL1kufc=",
"Status": 0
}


30.08.2026 14:01:18	Information:	Ping ret is {"Status":0,"Comment":null}
30.08.2026 14:03:18	Information:	url https://lab-vko.dmed.kz/ /api/DriverManager/PingDevice
30.08.2026 14:03:18	Information:	{
"Hash": "w9LjvpRCyoByGV3Lzv0iX9dSI0tLK0uV+pRojL1kufc=",
"Status": 0
}


30.08.2026 14:03:18	Information:	Ping ret is {"Status":0,"Comment":null}
30.08.2026 14:04:29	Information:	refresh tokens
30.08.2026 14:05:19	Information:	url https://lab-vko.dmed.kz/ /api/DriverManager/PingDevice
30.08.2026 14:05:19	Information:	{
"Hash": "w9LjvpRCyoByGV3Lzv0iX9dSI0tLK0uV+pRojL1kufc=",
"Status": 0
}


30.08.2026 14:05:19	Information:	Ping ret is {"Status":0,"Comment":null}
30.08.2026 14:07:19	Information:	url https://lab-vko.dmed.kz/ /api/DriverManager/PingDevice
30.08.2026 14:07:19	Information:	{
"Hash": "w9LjvpRCyoByGV3Lzv0iX9dSI0tLK0uV+pRojL1kufc=",
"Status": 0
}


30.08.2026 14:07:19	Information:	Ping ret is {"Status":0,"Comment":null}
30.08.2026 14:09:20	Information:	url https://lab-vko.dmed.kz/ /api/DriverManager/PingDevice
30.08.2026 14:09:20	Information:	{
"Hash": "w9LjvpRCyoByGV3Lzv0iX9dSI0tLK0uV+pRojL1kufc=",
"Status": 0
}


30.08.2026 14:09:20	Information:	Ping ret is {"Status":0,"Comment":null}
30.08.2026 14:11:20	Information:	url https://lab-vko.dmed.kz/ /api/DriverManager/PingDevice
30.08.2026 14:11:20	Information:	{
"Hash": "w9LjvpRCyoByGV3Lzv0iX9dSI0tLK0uV+pRojL1kufc=",
"Status": 0
}


30.08.2026 14:11:20	Information:	Ping ret is {"Status":0,"Comment":null}
30.08.2026 14:13:21	Information:	url https://lab-vko.dmed.kz/ /api/DriverManager/PingDevice
30.08.2026 14:13:21	Information:	{
"Hash": "w9LjvpRCyoByGV3Lzv0iX9dSI0tLK0uV+pRojL1kufc=",
"Status": 0
}


30.08.2026 14:13:21	Information:	Ping ret is {"Status":0,"Comment":null}
30.08.2026 14:14:29	Information:	refresh tokens
30.08.2026 14:15:21	Information:	url https://lab-vko.dmed.kz/ /api/DriverManager/PingDevice
30.08.2026 14:15:21	Information:	{
"Hash": "w9LjvpRCyoByGV3Lzv0iX9dSI0tLK0uV+pRojL1kufc=",
"Status": 0
}


30.08.2026 14:15:21	Information:	Ping ret is {"Status":0,"Comment":null}
30.08.2026 14:17:22	Information:	url https://lab-vko.dmed.kz/ /api/DriverManager/PingDevice
30.08.2026 14:17:22	Information:	{
"Hash": "w9LjvpRCyoByGV3Lzv0iX9dSI0tLK0uV+pRojL1kufc=",
"Status": 0
}


30.08.2026 14:17:22	Information:	Ping ret is {"Status":0,"Comment":null}
30.08.2026 14:19:22	Information:	url https://lab-vko.dmed.kz/ /api/DriverManager/PingDevice
30.08.2026 14:19:22	Information:	{
"Hash": "w9LjvpRCyoByGV3Lzv0iX9dSI0tLK0uV+pRojL1kufc=",
"Status": 0
}


30.08.2026 14:19:22	Information:	Ping ret is {"Status":0,"Comment":null}
30.08.2026 14:21:23	Information:	url https://lab-vko.dmed.kz/ /api/DriverManager/PingDevice
30.08.2026 14:21:23	Information:	{
"Hash": "w9LjvpRCyoByGV3Lzv0iX9dSI0tLK0uV+pRojL1kufc=",
"Status": 0
}


30.08.2026 14:21:23	Information:	Ping ret is {"Status":0,"Comment":null}
30.08.2026 14:23:23	Information:	url https://lab-vko.dmed.kz/ /api/DriverManager/PingDevice
30.08.2026 14:23:23	Information:	{
"Hash": "w9LjvpRCyoByGV3Lzv0iX9dSI0tLK0uV+pRojL1kufc=",
"Status": 0
}


30.08.2026 14:23:23	Information:	Ping ret is {"Status":0,"Comment":null}
30.08.2026 14:24:29	Information:	refresh tokens
30.08.2026 14:25:24	Information:	url https://lab-vko.dmed.kz/ /api/DriverManager/PingDevice
30.08.2026 14:25:24	Information:	{
"Hash": "w9LjvpRCyoByGV3Lzv0iX9dSI0tLK0uV+pRojL1kufc=",
"Status": 0
}


30.08.2026 14:25:24	Information:	Ping ret is {"Status":0,"Comment":null}
30.08.2026 14:27:24	Information:	url https://lab-vko.dmed.kz/ /api/DriverManager/PingDevice
30.08.2026 14:27:24	Information:	{
"Hash": "w9LjvpRCyoByGV3Lzv0iX9dSI0tLK0uV+pRojL1kufc=",
"Status": 0
}


30.08.2026 14:27:24	Information:	Ping ret is {"Status":0,"Comment":null}
30.08.2026 14:29:25	Information:	url https://lab-vko.dmed.kz/ /api/DriverManager/PingDevice
30.08.2026 14:29:25	Information:	{
"Hash": "w9LjvpRCyoByGV3Lzv0iX9dSI0tLK0uV+pRojL1kufc=",
"Status": 0
}


30.08.2026 14:29:25	Information:	Ping ret is {"Status":0,"Comment":null}
30.08.2026 14:31:25	Information:	url https://lab-vko.dmed.kz/ /api/DriverManager/PingDevice
30.08.2026 14:31:25	Information:	{
"Hash": "w9LjvpRCyoByGV3Lzv0iX9dSI0tLK0uV+pRojL1kufc=",
"Status": 0
}


30.08.2026 14:31:25	Information:	Ping ret is {"Status":0,"Comment":null}
30.08.2026 14:33:26	Information:	url https://lab-vko.dmed.kz/ /api/DriverManager/PingDevice
30.08.2026 14:33:26	Information:	{
"Hash": "w9LjvpRCyoByGV3Lzv0iX9dSI0tLK0uV+pRojL1kufc=",
"Status": 0
}


30.08.2026 14:33:26	Information:	Ping ret is {"Status":0,"Comment":null}
30.08.2026 14:34:29	Information:	refresh tokens
30.08.2026 14:35:26	Information:	url https://lab-vko.dmed.kz/ /api/DriverManager/PingDevice
30.08.2026 14:35:26	Information:	{
"Hash": "w9LjvpRCyoByGV3Lzv0iX9dSI0tLK0uV+pRojL1kufc=",
"Status": 0
}


30.08.2026 14:35:26	Information:	Ping ret is {"Status":0,"Comment":null}
30.08.2026 14:37:27	Information:	url https://lab-vko.dmed.kz/ /api/DriverManager/PingDevice
30.08.2026 14:37:27	Information:	{
"Hash": "w9LjvpRCyoByGV3Lzv0iX9dSI0tLK0uV+pRojL1kufc=",
"Status": 0
}


30.08.2026 14:37:27	Information:	Ping ret is {"Status":0,"Comment":null}
30.08.2026 14:39:27	Information:	url https://lab-vko.dmed.kz/ /api/DriverManager/PingDevice
30.08.2026 14:39:27	Information:	{
"Hash": "w9LjvpRCyoByGV3Lzv0iX9dSI0tLK0uV+pRojL1kufc=",
"Status": 0
}


30.08.2026 14:39:27	Information:	Ping ret is {"Status":0,"Comment":null}
30.08.2026 14:41:28	Information:	url https://lab-vko.dmed.kz/ /api/DriverManager/PingDevice
30.08.2026 14:41:28	Information:	{
"Hash": "w9LjvpRCyoByGV3Lzv0iX9dSI0tLK0uV+pRojL1kufc=",
"Status": 0
}


30.08.2026 14:41:28	Information:	Ping ret is {"Status":0,"Comment":null}
30.08.2026 14:43:28	Information:	url https://lab-vko.dmed.kz/ /api/DriverManager/PingDevice
30.08.2026 14:43:28	Information:	{
"Hash": "w9LjvpRCyoByGV3Lzv0iX9dSI0tLK0uV+pRojL1kufc=",
"Status": 0
}


30.08.2026 14:43:28	Information:	Ping ret is {"Status":0,"Comment":null}
30.08.2026 14:44:29	Information:	refresh tokens
30.08.2026 14:45:29	Information:	url https://lab-vko.dmed.kz/ /api/DriverManager/PingDevice
30.08.2026 14:45:29	Information:	{
"Hash": "w9LjvpRCyoByGV3Lzv0iX9dSI0tLK0uV+pRojL1kufc=",
"Status": 0
}


30.08.2026 14:45:29	Information:	Ping ret is {"Status":0,"Comment":null}
30.08.2026 14:47:29	Information:	url https://lab-vko.dmed.kz/ /api/DriverManager/PingDevice
30.08.2026 14:47:29	Information:	{
"Hash": "w9LjvpRCyoByGV3Lzv0iX9dSI0tLK0uV+pRojL1kufc=",
"Status": 0
}


30.08.2026 14:47:29	Information:	Ping ret is {"Status":0,"Comment":null}
30.08.2026 14:49:30	Information:	url https://lab-vko.dmed.kz/ /api/DriverManager/PingDevice
30.08.2026 14:49:30	Information:	{
"Hash": "w9LjvpRCyoByGV3Lzv0iX9dSI0tLK0uV+pRojL1kufc=",
"Status": 0
}


30.08.2026 14:49:30	Information:	Ping ret is {"Status":0,"Comment":null}
30.08.2026 14:51:30	Information:	url https://lab-vko.dmed.kz/ /api/DriverManager/PingDevice
30.08.2026 14:51:30	Information:	{
"Hash": "w9LjvpRCyoByGV3Lzv0iX9dSI0tLK0uV+pRojL1kufc=",
"Status": 0
}


30.08.2026 14:51:30	Information:	Ping ret is {"Status":0,"Comment":null}
30.08.2026 14:53:31	Information:	url https://lab-vko.dmed.kz/ /api/DriverManager/PingDevice
30.08.2026 14:53:31	Information:	{
"Hash": "w9LjvpRCyoByGV3Lzv0iX9dSI0tLK0uV+pRojL1kufc=",
"Status": 0
}


30.08.2026 14:53:31	Information:	Ping ret is {"Status":0,"Comment":null}
30.08.2026 14:54:29	Information:	refresh tokens
30.08.2026 14:55:31	Information:	url https://lab-vko.dmed.kz/ /api/DriverManager/PingDevice
30.08.2026 14:55:31	Information:	{
"Hash": "w9LjvpRCyoByGV3Lzv0iX9dSI0tLK0uV+pRojL1kufc=",
"Status": 0
}


30.08.2026 14:55:31	Information:	Ping ret is {"Status":0,"Comment":null}
30.08.2026 14:57:32	Information:	url https://lab-vko.dmed.kz/ /api/DriverManager/PingDevice
30.08.2026 14:57:32	Information:	{
"Hash": "w9LjvpRCyoByGV3Lzv0iX9dSI0tLK0uV+pRojL1kufc=",
"Status": 0
}


30.08.2026 14:57:32	Information:	Ping ret is {"Status":0,"Comment":null}
30.08.2026 14:59:32	Information:	url https://lab-vko.dmed.kz/ /api/DriverManager/PingDevice
30.08.2026 14:59:32	Information:	{
"Hash": "w9LjvpRCyoByGV3Lzv0iX9dSI0tLK0uV+pRojL1kufc=",
"Status": 0
}


30.08.2026 14:59:32	Information:	Ping ret is {"Status":0,"Comment":null}
30.08.2026 15:01:33	Information:	url https://lab-vko.dmed.kz/ /api/DriverManager/PingDevice
30.08.2026 15:01:33	Information:	{
"Hash": "w9LjvpRCyoByGV3Lzv0iX9dSI0tLK0uV+pRojL1kufc=",
"Status": 0
}


30.08.2026 15:01:33	Information:	Ping ret is {"Status":0,"Comment":null}
30.08.2026 15:03:33	Information:	url https://lab-vko.dmed.kz/ /api/DriverManager/PingDevice
30.08.2026 15:03:33	Information:	{
"Hash": "w9LjvpRCyoByGV3Lzv0iX9dSI0tLK0uV+pRojL1kufc=",
"Status": 0
}


30.08.2026 15:03:33	Information:	Ping ret is {"Status":0,"Comment":null}
30.08.2026 15:04:29	Information:	refresh tokens
30.08.2026 15:05:34	Information:	url https://lab-vko.dmed.kz/ /api/DriverManager/PingDevice
30.08.2026 15:05:34	Information:	{
"Hash": "w9LjvpRCyoByGV3Lzv0iX9dSI0tLK0uV+pRojL1kufc=",
"Status": 0
}


30.08.2026 15:05:34	Information:	Ping ret is {"Status":0,"Comment":null}
30.08.2026 15:07:34	Information:	url https://lab-vko.dmed.kz/ /api/DriverManager/PingDevice
30.08.2026 15:07:34	Information:	{
"Hash": "w9LjvpRCyoByGV3Lzv0iX9dSI0tLK0uV+pRojL1kufc=",
"Status": 0
}


30.08.2026 15:07:34	Information:	Ping ret is {"Status":0,"Comment":null}
30.08.2026 15:09:35	Information:	url https://lab-vko.dmed.kz/ /api/DriverManager/PingDevice
30.08.2026 15:09:35	Information:	{
"Hash": "w9LjvpRCyoByGV3Lzv0iX9dSI0tLK0uV+pRojL1kufc=",
"Status": 0
}


30.08.2026 15:09:35	Information:	Ping ret is {"Status":0,"Comment":null}
30.08.2026 15:11:35	Information:	url https://lab-vko.dmed.kz/ /api/DriverManager/PingDevice
30.08.2026 15:11:35	Information:	{
"Hash": "w9LjvpRCyoByGV3Lzv0iX9dSI0tLK0uV+pRojL1kufc=",
"Status": 0
}


30.08.2026 15:11:35	Information:	Ping ret is {"Status":0,"Comment":null}
30.08.2026 15:13:36	Information:	url https://lab-vko.dmed.kz/ /api/DriverManager/PingDevice
30.08.2026 15:13:36	Information:	{
"Hash": "w9LjvpRCyoByGV3Lzv0iX9dSI0tLK0uV+pRojL1kufc=",
"Status": 0
}


30.08.2026 15:13:36	Information:	Ping ret is {"Status":0,"Comment":null}
30.08.2026 15:14:29	Information:	refresh tokens
30.08.2026 15:15:37	Information:	url https://lab-vko.dmed.kz/ /api/DriverManager/PingDevice
30.08.2026 15:15:37	Information:	{
"Hash": "w9LjvpRCyoByGV3Lzv0iX9dSI0tLK0uV+pRojL1kufc=",
"Status": 0
}


30.08.2026 15:15:37	Information:	Ping ret is {"Status":0,"Comment":null}
30.08.2026 15:17:37	Information:	url https://lab-vko.dmed.kz/ /api/DriverManager/PingDevice
30.08.2026 15:17:37	Information:	{
"Hash": "w9LjvpRCyoByGV3Lzv0iX9dSI0tLK0uV+pRojL1kufc=",
"Status": 0
}


30.08.2026 15:17:37	Information:	Ping ret is {"Status":0,"Comment":null}
30.08.2026 15:19:38	Information:	url https://lab-vko.dmed.kz/ /api/DriverManager/PingDevice
30.08.2026 15:19:38	Information:	{
"Hash": "w9LjvpRCyoByGV3Lzv0iX9dSI0tLK0uV+pRojL1kufc=",
"Status": 0
}


30.08.2026 15:19:38	Information:	Ping ret is {"Status":0,"Comment":null}
30.08.2026 15:21:38	Information:	url https://lab-vko.dmed.kz/ /api/DriverManager/PingDevice
30.08.2026 15:21:38	Information:	{
"Hash": "w9LjvpRCyoByGV3Lzv0iX9dSI0tLK0uV+pRojL1kufc=",
"Status": 0
}


30.08.2026 15:21:38	Information:	Ping ret is {"Status":0,"Comment":null}
30.08.2026 15:23:39	Information:	url https://lab-vko.dmed.kz/ /api/DriverManager/PingDevice
30.08.2026 15:23:39	Information:	{
"Hash": "w9LjvpRCyoByGV3Lzv0iX9dSI0tLK0uV+pRojL1kufc=",
"Status": 0
}


30.08.2026 15:23:39	Information:	Ping ret is {"Status":0,"Comment":null}
30.08.2026 15:24:29	Information:	refresh tokens
30.08.2026 15:25:39	Information:	url https://lab-vko.dmed.kz/ /api/DriverManager/PingDevice
30.08.2026 15:25:39	Information:	{
"Hash": "w9LjvpRCyoByGV3Lzv0iX9dSI0tLK0uV+pRojL1kufc=",
"Status": 0
}


30.08.2026 15:25:39	Information:	Ping ret is {"Status":0,"Comment":null}
30.08.2026 15:27:40	Information:	url https://lab-vko.dmed.kz/ /api/DriverManager/PingDevice
30.08.2026 15:27:40	Information:	{
"Hash": "w9LjvpRCyoByGV3Lzv0iX9dSI0tLK0uV+pRojL1kufc=",
"Status": 0
}


30.08.2026 15:27:40	Information:	Ping ret is {"Status":0,"Comment":null}
30.08.2026 15:29:40	Information:	url https://lab-vko.dmed.kz/ /api/DriverManager/PingDevice
30.08.2026 15:29:40	Information:	{
"Hash": "w9LjvpRCyoByGV3Lzv0iX9dSI0tLK0uV+pRojL1kufc=",
"Status": 0
}


30.08.2026 15:29:40	Information:	Ping ret is {"Status":0,"Comment":null}
30.08.2026 15:31:41	Information:	url https://lab-vko.dmed.kz/ /api/DriverManager/PingDevice
30.08.2026 15:31:41	Information:	{
"Hash": "w9LjvpRCyoByGV3Lzv0iX9dSI0tLK0uV+pRojL1kufc=",
"Status": 0
}


30.08.2026 15:31:41	Information:	Ping ret is {"Status":0,"Comment":null}
30.08.2026 15:33:41	Information:	url https://lab-vko.dmed.kz/ /api/DriverManager/PingDevice
30.08.2026 15:33:41	Information:	{
"Hash": "w9LjvpRCyoByGV3Lzv0iX9dSI0tLK0uV+pRojL1kufc=",
"Status": 0
}


30.08.2026 15:33:41	Information:	Ping ret is {"Status":0,"Comment":null}
30.08.2026 15:34:29	Information:	refresh tokens
30.08.2026 15:35:42	Information:	url https://lab-vko.dmed.kz/ /api/DriverManager/PingDevice
30.08.2026 15:35:42	Information:	{
"Hash": "w9LjvpRCyoByGV3Lzv0iX9dSI0tLK0uV+pRojL1kufc=",
"Status": 0
}


30.08.2026 15:35:42	Information:	Ping ret is {"Status":0,"Comment":null}
30.08.2026 15:37:42	Information:	url https://lab-vko.dmed.kz/ /api/DriverManager/PingDevice
30.08.2026 15:37:42	Information:	{
"Hash": "w9LjvpRCyoByGV3Lzv0iX9dSI0tLK0uV+pRojL1kufc=",
"Status": 0
}


30.08.2026 15:37:42	Information:	Ping ret is {"Status":0,"Comment":null}
30.08.2026 15:39:43	Information:	url https://lab-vko.dmed.kz/ /api/DriverManager/PingDevice
30.08.2026 15:39:43	Information:	{
"Hash": "w9LjvpRCyoByGV3Lzv0iX9dSI0tLK0uV+pRojL1kufc=",
"Status": 0
}


30.08.2026 15:39:43	Information:	Ping ret is {"Status":0,"Comment":null}
30.08.2026 15:41:43	Information:	url https://lab-vko.dmed.kz/ /api/DriverManager/PingDevice
30.08.2026 15:41:43	Information:	{
"Hash": "w9LjvpRCyoByGV3Lzv0iX9dSI0tLK0uV+pRojL1kufc=",
"Status": 0
}


30.08.2026 15:41:43	Information:	Ping ret is {"Status":0,"Comment":null}
30.08.2026 15:43:44	Information:	url https://lab-vko.dmed.kz/ /api/DriverManager/PingDevice
30.08.2026 15:43:44	Information:	{
"Hash": "w9LjvpRCyoByGV3Lzv0iX9dSI0tLK0uV+pRojL1kufc=",
"Status": 0
}


30.08.2026 15:43:44	Information:	Ping ret is {"Status":0,"Comment":null}
30.08.2026 15:44:29	Information:	refresh tokens
30.08.2026 15:45:44	Information:	url https://lab-vko.dmed.kz/ /api/DriverManager/PingDevice
30.08.2026 15:45:44	Information:	{
"Hash": "w9LjvpRCyoByGV3Lzv0iX9dSI0tLK0uV+pRojL1kufc=",
"Status": 0
}


30.08.2026 15:45:44	Information:	Ping ret is {"Status":0,"Comment":null}
30.08.2026 15:47:45	Information:	url https://lab-vko.dmed.kz/ /api/DriverManager/PingDevice
30.08.2026 15:47:45	Information:	{
"Hash": "w9LjvpRCyoByGV3Lzv0iX9dSI0tLK0uV+pRojL1kufc=",
"Status": 0
}


30.08.2026 15:47:45	Information:	Ping ret is {"Status":0,"Comment":null}
30.08.2026 15:49:45	Information:	url https://lab-vko.dmed.kz/ /api/DriverManager/PingDevice
30.08.2026 15:49:45	Information:	{
"Hash": "w9LjvpRCyoByGV3Lzv0iX9dSI0tLK0uV+pRojL1kufc=",
"Status": 0
}


30.08.2026 15:49:45	Information:	Ping ret is {"Status":0,"Comment":null}
30.08.2026 15:51:46	Information:	url https://lab-vko.dmed.kz/ /api/DriverManager/PingDevice
30.08.2026 15:51:46	Information:	{
"Hash": "w9LjvpRCyoByGV3Lzv0iX9dSI0tLK0uV+pRojL1kufc=",
"Status": 0
}


30.08.2026 15:51:46	Information:	Ping ret is {"Status":0,"Comment":null}
30.08.2026 15:53:46	Information:	url https://lab-vko.dmed.kz/ /api/DriverManager/PingDevice
30.08.2026 15:53:46	Information:	{
"Hash": "w9LjvpRCyoByGV3Lzv0iX9dSI0tLK0uV+pRojL1kufc=",
"Status": 0
}


30.08.2026 15:53:46	Information:	Ping ret is {"Status":0,"Comment":null}
30.08.2026 15:54:29	Information:	refresh tokens
30.08.2026 15:55:47	Information:	url https://lab-vko.dmed.kz/ /api/DriverManager/PingDevice
30.08.2026 15:55:47	Information:	{
"Hash": "w9LjvpRCyoByGV3Lzv0iX9dSI0tLK0uV+pRojL1kufc=",
"Status": 0
}


30.08.2026 15:55:47	Information:	Ping ret is {"Status":0,"Comment":null}
30.08.2026 15:57:47	Information:	url https://lab-vko.dmed.kz/ /api/DriverManager/PingDevice
30.08.2026 15:57:47	Information:	{
"Hash": "w9LjvpRCyoByGV3Lzv0iX9dSI0tLK0uV+pRojL1kufc=",
"Status": 0
}


30.08.2026 15:57:47	Information:	Ping ret is {"Status":0,"Comment":null}
30.08.2026 15:59:48	Information:	url https://lab-vko.dmed.kz/ /api/DriverManager/PingDevice
30.08.2026 15:59:48	Information:	{
"Hash": "w9LjvpRCyoByGV3Lzv0iX9dSI0tLK0uV+pRojL1kufc=",
"Status": 0
}


30.08.2026 15:59:48	Information:	Ping ret is {"Status":0,"Comment":null}
30.08.2026 16:01:48	Information:	url https://lab-vko.dmed.kz/ /api/DriverManager/PingDevice
30.08.2026 16:01:48	Information:	{
"Hash": "w9LjvpRCyoByGV3Lzv0iX9dSI0tLK0uV+pRojL1kufc=",
"Status": 0
}


30.08.2026 16:01:48	Information:	Ping ret is {"Status":0,"Comment":null}
30.08.2026 16:03:49	Information:	url https://lab-vko.dmed.kz/ /api/DriverManager/PingDevice
30.08.2026 16:03:49	Information:	{
"Hash": "w9LjvpRCyoByGV3Lzv0iX9dSI0tLK0uV+pRojL1kufc=",
"Status": 0
}


30.08.2026 16:03:49	Information:	Ping ret is {"Status":0,"Comment":null}
30.08.2026 16:04:29	Information:	refresh tokens
30.08.2026 16:05:49	Information:	url https://lab-vko.dmed.kz/ /api/DriverManager/PingDevice
30.08.2026 16:05:49	Information:	{
"Hash": "w9LjvpRCyoByGV3Lzv0iX9dSI0tLK0uV+pRojL1kufc=",
"Status": 0
}


30.08.2026 16:05:49	Information:	Ping ret is {"Status":0,"Comment":null}
30.08.2026 16:07:50	Information:	url https://lab-vko.dmed.kz/ /api/DriverManager/PingDevice
30.08.2026 16:07:50	Information:	{
"Hash": "w9LjvpRCyoByGV3Lzv0iX9dSI0tLK0uV+pRojL1kufc=",
"Status": 0
}


30.08.2026 16:07:50	Information:	Ping ret is {"Status":0,"Comment":null}
30.08.2026 16:09:50	Information:	url https://lab-vko.dmed.kz/ /api/DriverManager/PingDevice
30.08.2026 16:09:50	Information:	{
"Hash": "w9LjvpRCyoByGV3Lzv0iX9dSI0tLK0uV+pRojL1kufc=",
"Status": 0
}


30.08.2026 16:09:50	Information:	Ping ret is {"Status":0,"Comment":null}
30.08.2026 16:11:51	Information:	url https://lab-vko.dmed.kz/ /api/DriverManager/PingDevice
30.08.2026 16:11:51	Information:	{
"Hash": "w9LjvpRCyoByGV3Lzv0iX9dSI0tLK0uV+pRojL1kufc=",
"Status": 0
}


30.08.2026 16:11:51	Information:	Ping ret is {"Status":0,"Comment":null}
30.08.2026 16:13:52	Information:	url https://lab-vko.dmed.kz/ /api/DriverManager/PingDevice
30.08.2026 16:13:52	Information:	{
"Hash": "w9LjvpRCyoByGV3Lzv0iX9dSI0tLK0uV+pRojL1kufc=",
"Status": 0
}


30.08.2026 16:13:52	Information:	Ping ret is {"Status":0,"Comment":null}
30.08.2026 16:14:29	Information:	refresh tokens
30.08.2026 16:15:52	Information:	url https://lab-vko.dmed.kz/ /api/DriverManager/PingDevice
30.08.2026 16:15:52	Information:	{
"Hash": "w9LjvpRCyoByGV3Lzv0iX9dSI0tLK0uV+pRojL1kufc=",
"Status": 0
}


30.08.2026 16:15:52	Information:	Ping ret is {"Status":0,"Comment":null}
30.08.2026 16:17:53	Information:	url https://lab-vko.dmed.kz/ /api/DriverManager/PingDevice
30.08.2026 16:17:53	Information:	{
"Hash": "w9LjvpRCyoByGV3Lzv0iX9dSI0tLK0uV+pRojL1kufc=",
"Status": 0
}


30.08.2026 16:17:53	Information:	Ping ret is {"Status":0,"Comment":null}
30.08.2026 16:19:53	Information:	url https://lab-vko.dmed.kz/ /api/DriverManager/PingDevice
30.08.2026 16:19:53	Information:	{
"Hash": "w9LjvpRCyoByGV3Lzv0iX9dSI0tLK0uV+pRojL1kufc=",
"Status": 0
}


30.08.2026 16:19:53	Information:	Ping ret is {"Status":0,"Comment":null}
30.08.2026 16:21:54	Information:	url https://lab-vko.dmed.kz/ /api/DriverManager/PingDevice
30.08.2026 16:21:54	Information:	{
"Hash": "w9LjvpRCyoByGV3Lzv0iX9dSI0tLK0uV+pRojL1kufc=",
"Status": 0
}


30.08.2026 16:21:54	Information:	Ping ret is {"Status":0,"Comment":null}
30.08.2026 16:23:55	Information:	url https://lab-vko.dmed.kz/ /api/DriverManager/PingDevice
30.08.2026 16:23:55	Information:	{
"Hash": "w9LjvpRCyoByGV3Lzv0iX9dSI0tLK0uV+pRojL1kufc=",
"Status": 0
}


30.08.2026 16:23:55	Information:	Ping ret is {"Status":0,"Comment":null}
30.08.2026 16:24:29	Information:	refresh tokens
30.08.2026 16:25:56	Information:	url https://lab-vko.dmed.kz/ /api/DriverManager/PingDevice
30.08.2026 16:25:56	Information:	{
"Hash": "w9LjvpRCyoByGV3Lzv0iX9dSI0tLK0uV+pRojL1kufc=",
"Status": 0
}


30.08.2026 16:25:56	Information:	Ping ret is {"Status":0,"Comment":null}
30.08.2026 16:27:56	Information:	url https://lab-vko.dmed.kz/ /api/DriverManager/PingDevice
30.08.2026 16:27:56	Information:	{
"Hash": "w9LjvpRCyoByGV3Lzv0iX9dSI0tLK0uV+pRojL1kufc=",
"Status": 0
}


30.08.2026 16:27:56	Information:	Ping ret is {"Status":0,"Comment":null}
30.08.2026 16:29:57	Information:	url https://lab-vko.dmed.kz/ /api/DriverManager/PingDevice
30.08.2026 16:29:57	Information:	{
"Hash": "w9LjvpRCyoByGV3Lzv0iX9dSI0tLK0uV+pRojL1kufc=",
"Status": 0
}


30.08.2026 16:29:57	Information:	Ping ret is {"Status":0,"Comment":null}
30.08.2026 16:31:57	Information:	url https://lab-vko.dmed.kz/ /api/DriverManager/PingDevice
30.08.2026 16:31:57	Information:	{
"Hash": "w9LjvpRCyoByGV3Lzv0iX9dSI0tLK0uV+pRojL1kufc=",
"Status": 0
}


30.08.2026 16:31:57	Information:	Ping ret is {"Status":0,"Comment":null}
30.08.2026 16:33:58	Information:	url https://lab-vko.dmed.kz/ /api/DriverManager/PingDevice
30.08.2026 16:33:58	Information:	{
"Hash": "w9LjvpRCyoByGV3Lzv0iX9dSI0tLK0uV+pRojL1kufc=",
"Status": 0
}


30.08.2026 16:33:58	Information:	Ping ret is {"Status":0,"Comment":null}
30.08.2026 16:34:29	Information:	refresh tokens
30.08.2026 16:35:59	Information:	url https://lab-vko.dmed.kz/ /api/DriverManager/PingDevice
30.08.2026 16:35:59	Information:	{
"Hash": "w9LjvpRCyoByGV3Lzv0iX9dSI0tLK0uV+pRojL1kufc=",
"Status": 0
}


30.08.2026 16:35:59	Information:	Ping ret is {"Status":0,"Comment":null}
30.08.2026 16:37:59	Information:	url https://lab-vko.dmed.kz/ /api/DriverManager/PingDevice
30.08.2026 16:37:59	Information:	{
"Hash": "w9LjvpRCyoByGV3Lzv0iX9dSI0tLK0uV+pRojL1kufc=",
"Status": 0
}


30.08.2026 16:37:59	Information:	Ping ret is {"Status":0,"Comment":null}
30.08.2026 16:40:00	Information:	url https://lab-vko.dmed.kz/ /api/DriverManager/PingDevice
30.08.2026 16:40:00	Information:	{
"Hash": "w9LjvpRCyoByGV3Lzv0iX9dSI0tLK0uV+pRojL1kufc=",
"Status": 0
}


30.08.2026 16:40:00	Information:	Ping ret is {"Status":0,"Comment":null}
30.08.2026 16:42:00	Information:	url https://lab-vko.dmed.kz/ /api/DriverManager/PingDevice
30.08.2026 16:42:00	Information:	{
"Hash": "w9LjvpRCyoByGV3Lzv0iX9dSI0tLK0uV+pRojL1kufc=",
"Status": 0
}


30.08.2026 16:42:00	Information:	Ping ret is {"Status":0,"Comment":null}
30.08.2026 16:44:01	Information:	url https://lab-vko.dmed.kz/ /api/DriverManager/PingDevice
30.08.2026 16:44:01	Information:	{
"Hash": "w9LjvpRCyoByGV3Lzv0iX9dSI0tLK0uV+pRojL1kufc=",
"Status": 0
}


30.08.2026 16:44:01	Information:	Ping ret is {"Status":0,"Comment":null}
30.08.2026 16:44:29	Information:	refresh tokens
30.08.2026 16:46:01	Information:	url https://lab-vko.dmed.kz/ /api/DriverManager/PingDevice
30.08.2026 16:46:01	Information:	{
"Hash": "w9LjvpRCyoByGV3Lzv0iX9dSI0tLK0uV+pRojL1kufc=",
"Status": 0
}


30.08.2026 16:46:01	Information:	Ping ret is {"Status":0,"Comment":null}
30.08.2026 16:48:02	Information:	url https://lab-vko.dmed.kz/ /api/DriverManager/PingDevice
30.08.2026 16:48:02	Information:	{
"Hash": "w9LjvpRCyoByGV3Lzv0iX9dSI0tLK0uV+pRojL1kufc=",
"Status": 0
}


30.08.2026 16:48:02	Information:	Ping ret is {"Status":0,"Comment":null}
30.08.2026 16:50:03	Information:	url https://lab-vko.dmed.kz/ /api/DriverManager/PingDevice
30.08.2026 16:50:03	Information:	{
"Hash": "w9LjvpRCyoByGV3Lzv0iX9dSI0tLK0uV+pRojL1kufc=",
"Status": 0
}


30.08.2026 16:50:03	Information:	Ping ret is {"Status":0,"Comment":null}
30.08.2026 16:52:03	Information:	url https://lab-vko.dmed.kz/ /api/DriverManager/PingDevice
30.08.2026 16:52:03	Information:	{
"Hash": "w9LjvpRCyoByGV3Lzv0iX9dSI0tLK0uV+pRojL1kufc=",
"Status": 0
}


30.08.2026 16:52:03	Information:	Ping ret is {"Status":0,"Comment":null}
30.08.2026 16:54:04	Information:	url https://lab-vko.dmed.kz/ /api/DriverManager/PingDevice
30.08.2026 16:54:04	Information:	{
"Hash": "w9LjvpRCyoByGV3Lzv0iX9dSI0tLK0uV+pRojL1kufc=",
"Status": 0
}


30.08.2026 16:54:04	Information:	Ping ret is {"Status":0,"Comment":null}
30.08.2026 16:54:29	Information:	refresh tokens
30.08.2026 16:56:04	Information:	url https://lab-vko.dmed.kz/ /api/DriverManager/PingDevice
30.08.2026 16:56:04	Information:	{
"Hash": "w9LjvpRCyoByGV3Lzv0iX9dSI0tLK0uV+pRojL1kufc=",
"Status": 0
}


30.08.2026 16:56:04	Information:	Ping ret is {"Status":0,"Comment":null}
30.08.2026 16:58:05	Information:	url https://lab-vko.dmed.kz/ /api/DriverManager/PingDevice
30.08.2026 16:58:05	Information:	{
"Hash": "w9LjvpRCyoByGV3Lzv0iX9dSI0tLK0uV+pRojL1kufc=",
"Status": 0
}


30.08.2026 16:58:05	Information:	Ping ret is {"Status":0,"Comment":null}
30.08.2026 17:00:05	Information:	url https://lab-vko.dmed.kz/ /api/DriverManager/PingDevice
30.08.2026 17:00:05	Information:	{
"Hash": "w9LjvpRCyoByGV3Lzv0iX9dSI0tLK0uV+pRojL1kufc=",
"Status": 0
}


30.08.2026 17:00:05	Information:	Ping ret is {"Status":0,"Comment":null}
30.08.2026 17:02:06	Information:	url https://lab-vko.dmed.kz/ /api/DriverManager/PingDevice
30.08.2026 17:02:06	Information:	{
"Hash": "w9LjvpRCyoByGV3Lzv0iX9dSI0tLK0uV+pRojL1kufc=",
"Status": 0
}


30.08.2026 17:02:06	Information:	Ping ret is {"Status":0,"Comment":null}
30.08.2026 17:04:06	Information:	url https://lab-vko.dmed.kz/ /api/DriverManager/PingDevice
30.08.2026 17:04:06	Information:	{
"Hash": "w9LjvpRCyoByGV3Lzv0iX9dSI0tLK0uV+pRojL1kufc=",
"Status": 0
}


30.08.2026 17:04:06	Information:	Ping ret is {"Status":0,"Comment":null}
30.08.2026 17:04:29	Information:	refresh tokens
30.08.2026 17:06:07	Information:	url https://lab-vko.dmed.kz/ /api/DriverManager/PingDevice
30.08.2026 17:06:07	Information:	{
"Hash": "w9LjvpRCyoByGV3Lzv0iX9dSI0tLK0uV+pRojL1kufc=",
"Status": 0
}


30.08.2026 17:06:07	Information:	Ping ret is {"Status":0,"Comment":null}
30.08.2026 17:08:07	Information:	url https://lab-vko.dmed.kz/ /api/DriverManager/PingDevice
30.08.2026 17:08:07	Information:	{
"Hash": "w9LjvpRCyoByGV3Lzv0iX9dSI0tLK0uV+pRojL1kufc=",
"Status": 0
}


30.08.2026 17:08:07	Information:	Ping ret is {"Status":0,"Comment":null}
30.08.2026 17:10:08	Information:	url https://lab-vko.dmed.kz/ /api/DriverManager/PingDevice
30.08.2026 17:10:08	Information:	{
"Hash": "w9LjvpRCyoByGV3Lzv0iX9dSI0tLK0uV+pRojL1kufc=",
"Status": 0
}


30.08.2026 17:10:08	Information:	Ping ret is {"Status":0,"Comment":null}
30.08.2026 17:12:09	Information:	url https://lab-vko.dmed.kz/ /api/DriverManager/PingDevice
30.08.2026 17:12:09	Information:	{
"Hash": "w9LjvpRCyoByGV3Lzv0iX9dSI0tLK0uV+pRojL1kufc=",
"Status": 0
}


30.08.2026 17:12:09	Information:	Ping ret is {"Status":0,"Comment":null}
30.08.2026 17:14:09	Information:	url https://lab-vko.dmed.kz/ /api/DriverManager/PingDevice
30.08.2026 17:14:09	Information:	{
"Hash": "w9LjvpRCyoByGV3Lzv0iX9dSI0tLK0uV+pRojL1kufc=",
"Status": 0
}


30.08.2026 17:14:09	Information:	Ping ret is {"Status":0,"Comment":null}
30.08.2026 17:14:29	Information:	refresh tokens
30.08.2026 17:16:10	Information:	url https://lab-vko.dmed.kz/ /api/DriverManager/PingDevice
30.08.2026 17:16:10	Information:	{
"Hash": "w9LjvpRCyoByGV3Lzv0iX9dSI0tLK0uV+pRojL1kufc=",
"Status": 0
}


30.08.2026 17:16:10	Information:	Ping ret is {"Status":0,"Comment":null}
30.08.2026 17:18:10	Information:	url https://lab-vko.dmed.kz/ /api/DriverManager/PingDevice
30.08.2026 17:18:10	Information:	{
"Hash": "w9LjvpRCyoByGV3Lzv0iX9dSI0tLK0uV+pRojL1kufc=",
"Status": 0
}


30.08.2026 17:18:10	Information:	Ping ret is {"Status":0,"Comment":null}
30.08.2026 17:20:11	Information:	url https://lab-vko.dmed.kz/ /api/DriverManager/PingDevice
30.08.2026 17:20:11	Information:	{
"Hash": "w9LjvpRCyoByGV3Lzv0iX9dSI0tLK0uV+pRojL1kufc=",
"Status": 0
}


30.08.2026 17:20:11	Information:	Ping ret is {"Status":0,"Comment":null}
30.08.2026 17:22:11	Information:	url https://lab-vko.dmed.kz/ /api/DriverManager/PingDevice
30.08.2026 17:22:11	Information:	{
"Hash": "w9LjvpRCyoByGV3Lzv0iX9dSI0tLK0uV+pRojL1kufc=",
"Status": 0
}


30.08.2026 17:22:11	Information:	Ping ret is {"Status":0,"Comment":null}
30.08.2026 17:24:12	Information:	url https://lab-vko.dmed.kz/ /api/DriverManager/PingDevice
30.08.2026 17:24:12	Information:	{
"Hash": "w9LjvpRCyoByGV3Lzv0iX9dSI0tLK0uV+pRojL1kufc=",
"Status": 0
}


30.08.2026 17:24:12	Information:	Ping ret is {"Status":0,"Comment":null}
30.08.2026 17:24:29	Information:	refresh tokens
30.08.2026 17:26:12	Information:	url https://lab-vko.dmed.kz/ /api/DriverManager/PingDevice
30.08.2026 17:26:12	Information:	{
"Hash": "w9LjvpRCyoByGV3Lzv0iX9dSI0tLK0uV+pRojL1kufc=",
"Status": 0
}


30.08.2026 17:26:12	Information:	Ping ret is {"Status":0,"Comment":null}
30.08.2026 17:28:13	Information:	url https://lab-vko.dmed.kz/ /api/DriverManager/PingDevice
30.08.2026 17:28:13	Information:	{
"Hash": "w9LjvpRCyoByGV3Lzv0iX9dSI0tLK0uV+pRojL1kufc=",
"Status": 0
}


30.08.2026 17:28:13	Information:	Ping ret is {"Status":0,"Comment":null}
30.08.2026 17:29:58	Information:	Received bytes(encoded):MSH|^~\&|||||20260830172901||ORU^R01|8|P|2.3.1||||0||ASCII|||PID|8|||||||O|||||||||||||||||||||||OBR|8|51564779|5|^|N|20260830164237|20260830164202|20260830164202||1^5||||20260830164202|?????|||||||||||||||||||||||||||||||||OBX|1|NM|Glu-G|Glucose (GOD-POD Method)|9.979438|mmol/L|-|N|||F||9.979438|20260830172801|||0|RGTE|OBX|2|NM|T-Bil-V|Bilirubin Total (VOX Method)|6.023678|?mol/L|-|N|||F||6.023678|20260830172802|||0||OBX|3|NM|D-Bil-V|Bilirubin Direct (VOX Method)|1.580998|?mol/L|-|N|||F||1.580998|20260830172817|||0||OBX|4|NM|ALT|Alanine Aminotransferase|14.543164|U/L|-|N|||F||14.543164|20260830172631|||0||OBX|5|NM|AST|Aspartate Aminotransferase|27.224889|U/L|-|N|||F||27.224889|20260830172646|||0||OBX|6|NM|CRP|C-Reactive Protein|0.000000|mg/L|-|N|||F||0.000000|20260830172901|||0|LOW,<|OBX|7|NM|TP|Total Protein|62.695264|g/L|-|N|||F||62.695264|20260830172832|||0||OBX|8|NM|CREA-S|Creatinine (Sarcosine Oxidase Method)|24.713959|?mol/L|-|N|||F||24.713959|20260830172831|||0||OBX|9|NM|UREA|Urea|4.320152
30.08.2026 17:29:58	Information:	Add Frame:
30.08.2026 17:29:58	Information:	MSH|^~\&|||||20260830172901||ORU^R01|8|P|2.3.1||||0||ASCII|||
30.08.2026 17:29:58	Information:	In Header
30.08.2026 17:29:58	Information:	MessageType: ORU
30.08.2026 17:29:58	Information:	After message type
30.08.2026 17:29:58	Information:	After ask
30.08.2026 17:29:58	Information:	After version
30.08.2026 17:29:58	Information:	Add Frame:
30.08.2026 17:29:58	Information:	PID|8|||||||O|||||||||||||||||||||||
30.08.2026 17:29:58	Information:	Add Frame:
30.08.2026 17:29:58	Information:	OBR|8|51564779|5|^|N|20260830164237|20260830164202|20260830164202||1^5||||20260830164202|?????|||||||||||||||||||||||||||||||||
30.08.2026 17:29:58	Information:	Add Frame:
30.08.2026 17:29:58	Information:	OBX|1|NM|Glu-G|Glucose (GOD-POD Method)|9.979438|mmol/L|-|N|||F||9.979438|20260830172801|||0|RGTE|
30.08.2026 17:29:58	Information:	Add Frame:
30.08.2026 17:29:58	Information:	OBX|2|NM|T-Bil-V|Bilirubin Total (VOX Method)|6.023678|?mol/L|-|N|||F||6.023678|20260830172802|||0||
30.08.2026 17:29:58	Information:	Add Frame:
30.08.2026 17:29:58	Information:	OBX|3|NM|D-Bil-V|Bilirubin Direct (VOX Method)|1.580998|?mol/L|-|N|||F||1.580998|20260830172817|||0||
30.08.2026 17:29:58	Information:	Add Frame:
30.08.2026 17:29:58	Information:	OBX|4|NM|ALT|Alanine Aminotransferase|14.543164|U/L|-|N|||F||14.543164|20260830172631|||0||
30.08.2026 17:29:58	Information:	Add Frame:
30.08.2026 17:29:58	Information:	OBX|5|NM|AST|Aspartate Aminotransferase|27.224889|U/L|-|N|||F||27.224889|20260830172646|||0||
30.08.2026 17:29:58	Information:	Add Frame:
30.08.2026 17:29:58	Information:	OBX|6|NM|CRP|C-Reactive Protein|0.000000|mg/L|-|N|||F||0.000000|20260830172901|||0|LOW,<|
30.08.2026 17:29:58	Information:	Add Frame:
30.08.2026 17:29:58	Information:	OBX|7|NM|TP|Total Protein|62.695264|g/L|-|N|||F||62.695264|20260830172832|||0||
30.08.2026 17:29:58	Information:	Add Frame:
30.08.2026 17:29:58	Information:	OBX|8|NM|CREA-S|Creatinine (Sarcosine Oxidase Method)|24.713959|?mol/L|-|N|||F||24.713959|20260830172831|||0||
30.08.2026 17:29:58	Information:	Received bytes(encoded):|mmol/L|-|N|||F||4.320152|20260830172716|||0||OBX|10|NM||AST/ALT|1.875862||-|N|||F||1.875862||||||
30.08.2026 17:29:58	Information:	Add Frame:
30.08.2026 17:29:58	Information:	OBX|9|NM|UREA|Urea|4.320152|mmol/L|-|N|||F||4.320152|20260830172716|||0||
30.08.2026 17:29:58	Information:	Add Frame:
30.08.2026 17:29:58	Information:	OBX|10|NM||AST/ALT|1.875862||-|N|||F||1.875862||||||
30.08.2026 17:29:58	Information:	Add Frame:
30.08.2026 17:29:58	Information:	
30.08.2026 17:29:58	Debug:	read message: 3ms
30.08.2026 17:29:58	Information:	The answer message is created successfully
30.08.2026 17:29:58	Information:	Sending answer...
30.08.2026 17:29:58	Information:	We are in ORU Message
30.08.2026 17:29:58	Information:	MSH MSH|^~\&|||||20260830172901||ORU^R01|8|P|2.3.1||||0||ASCII||||
30.08.2026 17:29:58	Information:	PID PID|8|||||||O||||||||||||||||||||||||
30.08.2026 17:29:58	Information:	PatientRecord in message is successfully  processed
30.08.2026 17:29:58	Information:	The patient order is successfully processed
30.08.2026 17:29:58	Information:	The order record is successfully processed
30.08.2026 17:29:58	Information:	The order record is successfully processed
30.08.2026 17:29:58	Information:	The order record is successfully processed
30.08.2026 17:29:58	Information:	The order record is successfully processed
30.08.2026 17:29:58	Information:	The order record is successfully processed
30.08.2026 17:29:58	Information:	The order record is successfully processed
30.08.2026 17:29:58	Information:	The order record is successfully processed
30.08.2026 17:29:58	Information:	The order record is successfully processed
30.08.2026 17:29:58	Information:	The order record is successfully processed
30.08.2026 17:29:58	Information:	The order record is successfully processed
30.08.2026 17:29:58	Information:	The ORU message is successfully processed
30.08.2026 17:29:58	Debug:	Process message: 7ms
30.08.2026 17:29:58	Debug:	Total time : 11ms
30.08.2026 17:29:59	Information:	Sended bytes:  11 77 83 72 124 94 126 92 38 124 77 105 110 100 114 97 121 124 124 124 124 50 48 50 54 48 56 51 48 49 55 50 57 53 56 124 124 65 67 75 94 82 48 49 124 56 124 80 124 50 46 51 46 49 124 124 124 124 48 124 124 117 115 45 97 115 99 105 105 124 124 124 13 77 83 65 124 65 65 124 56 124 77 101 115 115 97 103 101 32 97 99 99 101 112 116 101 100 124 124 124 48 124 13 28 13
30.08.2026 17:29:59	Information:	Sended string MSH|^~\&|Mindray||||20260830172958||ACK^R01|8|P|2.3.1||||0||us-ascii|||MSA|AA|8|Message accepted|||0|
30.08.2026 17:30:01	Debug:	SendResults:	check DriverRequests=	0	ms
30.08.2026 17:30:01	Information:	ByBarcode 51564779
30.08.2026 17:30:02	Information:	GetLinesByBarcodes
30.08.2026 17:30:02	Information:	{
"WorkPlaceID": 20747,
"BeginDate": "2026-05-31",
"EndDate": "2026-08-31",
"OrderNumber": "51564779",
"Offset": 0,
"Limit": 1
}


30.08.2026 17:30:02	Information:	GetByBarcodeReturn: 
30.08.2026 17:30:02	Information:	{"Data":[{"ID":31121567,"StrID":"31121567","OrderNumber":"51564779","OrderRegDate":"2026-08-30T16:31:21.127","PlanExecutionDate":"2026-08-30T16:30:00","SenderMoID":45500000000000909,"SenderMo":{"NameRU":"Некоммерческое акционерное общество \"Медицинский университет Семей\"","NameKZ":"\"Семей медицина университеті\" коммерциялық емес акционерлік қоғамы","Name":"Некоммерческое акционерное общество \"Медицинский университет Семей\"","ShortNameRU":"НАО \"МУС\"","ShortNameKZ":"\"СМУ\" КеАҚ","ShortName":"НАО \"МУС\"","PublicCode":"237J","AddressRU":"ВКО, г. Семей, ул. Абая Кунанбаева 103","AddressKZ":"ВКО, г. Семей, ул. Абая Кунанбаева 103","Address":"ВКО, г. Семей, ул. Абая Кунанбаева 103","OriginalID":"45500000000000909","IsWork":true,"RegionID":20,"BIN":"190240004938","MasterDataID":4911,"PhonesData":{"OrgHealthCarePhones":[]},"IsPostmortem":false,"IsHospital":true,"Code":null,"ID":"45500000000000909","StrID":"45500000000000909"},"ReceiverMoID":45500000000000909,"ReceiverMo":null,"PatientDetailID":41030877,"PatientDetail":{"PersonID":"1087923","Person":{"IIN":"150326501083","LastName":"БЕРІКБОЛ","FirstName":"ҚАЙСАР","SecondName":"БАҚЫТБЕКҰЛЫ","FullName":"БЕРІКБОЛ ҚАЙСАР БАҚЫТБЕКҰЛЫ","FullNameIOF":"ҚАЙСАР БАҚЫТБЕКҰЛЫ БЕРІКБОЛ","DisplayText":"150326501083 ҚАЙСАР БАҚЫТБЕКҰЛЫ БЕРІКБОЛ 26.03.2015","IinFullName":"150326501083 - БЕРІКБОЛ ҚАЙСАР БАҚЫТБЕКҰЛЫ","BirthDate":"2015-03-26T00:00:00","BirthDateStr":"26.03.2015","DeathDate":null,"DeathDateStr":"","BioSexID":3,"BioSex":null,"NationalityID":null,"Nationality":null,"CitizenshipID":85,"Citizenship":null,"MasterDataID":137987568,"RpnID":"15300000033049198","KmisID":"60300000000454275","Type":1,"Age":0,"IsStillborn":false,"IsEarlyNeonatalDeathUp28days":false,"IsDeadPerson":false,"ID":"1087923","StrID":"1087923"},"AddressRU":"РЕСПУБЛИКА: Казахстан , ОБЛАСТЬ: Абайская , ГОРОД ОБЛ.ЗНАЧ.: Семей , УЛИЦА: ЗАГОРОДНЯЯ 4-Я ПОС.МИРНЫЙ, ДОМ: 19/2","AddressKZ":": Қазақстан , : Абай , : Семей Қ. , ЗАГОРОДНЯЯ 4-Я ПОС.МИРНЫЙ көшесі, ҮЙ: 19/2","Address":"РЕСПУБЛИКА: Казахстан , ОБЛАСТЬ: Абайская , ГОРОД ОБЛ.ЗНАЧ.: Семей , УЛИЦА: ЗАГОРОДНЯЯ 4-Я ПОС.МИРНЫЙ, ДОМ: 19/2","MasterDataAddressID":2288325,"WorkPlace":"Школа ОСШВИ","WorkPosition":null,"DocumentNumber":null,"DocumentTypeID":null,"DocumentType":null,"NationalityID":null,"DocumentTypeName":null,"Phones":"+77475221725","ExternalCardID":"5969338","CardType":1,"CardNumber":"66870","CitizenshipCategoryID":1,"CitizenshipCategory":null,"ResidenceTypeID":3,"ResidenceType":null,"MotherPersonID":null,"MotherPerson":null,"IsForeigner":false,"IsHomeless":false,"IsDeadPerson":false,"IsResident":true,"ID":"41030877","StrID":"41030877"},"Person":{"IIN":"150326501083","LastName":"БЕРІКБОЛ","FirstName":"ҚАЙСАР","SecondName":"БАҚЫТБЕКҰЛЫ","FullName":"БЕРІКБОЛ ҚАЙСАР БАҚЫТБЕКҰЛЫ","FullNameIOF":"ҚАЙСАР БАҚЫТБЕКҰЛЫ БЕРІКБОЛ","DisplayText":"150326501083 ҚАЙСАР БАҚЫТБЕКҰЛЫ БЕРІКБОЛ 26.03.2015","IinFullName":"150326501083 - БЕРІКБОЛ ҚАЙСАР БАҚЫТБЕКҰЛЫ","BirthDate":"2015-03-26T00:00:00","BirthDateStr":"26.03.2015","DeathDate":null,"DeathDateStr":"","BioSexID":3,"BioSex":null,"NationalityID":null,"Nationality":null,"CitizenshipID":85,"Citizenship":null,"MasterDataID":137987568,"RpnID":"15300000033049198","KmisID":"60300000000454275","Type":1,"Age":0,"IsStillborn":false,"IsEarlyNeonatalDeathUp28days":false,"IsDeadPerson":false,"ID":"1087923","StrID":"1087923"},"IsCito":true,"ExternalSystem":1,"OrderResultFileID":null,"OrderResultFileStorageID":null,"OrderResultDate":null,"Status":1,"DeleteDate":null,"ResultNotes":null,"Comment":"","ExternalOrderNumber":"51564779","ExaminationTypeID":null,"ExaminationType":null,"ExaminationIndicationID":null,"ExaminationIndication":null,"Uid":"B4A8FB76-415E-4021-A901-A618EE5F9CB4","SenderPostFullName":"МАЖИЕВ НУРБЕК ЖАДЫГЕРОВИЧ","SenderFuncStructureNameRU":"Отделение детской анестезиологии реаниматологии и интенсивной терапии ","SenderFuncStructureNameKZ":"Балалардың  АР қарқынды терапия бөлімі","IsSamplingOfMaterialsAtReceiver":true,"MisID":42122205,"Materials":[{"OrderID":31121567,"Uid":"22fca56e-b546-4cad-b8e9-40c5635d1437","MaterialNumber":"51564779","MaterialTypeID":363,"MaterialType":{"OrderBy":0,"ParentID":202,"HasChildren":false,"MasterDataID":489,"Parent":null,"NameRU":"Кровь венозная","NameKZ":"Кровь венозная","Name":"Кровь венозная","PublicCode":"36300","EndDate":null,"ID":"363","StrID":"363"},"TakeDate":"2026-08-30T16:31:00","TakeDateStr":"30.08.2026 16:31","TakePlace":"дет оит","RejectionReason":null,"RejectionTakenMeasures":null,"ReceiptDate":null,"ReceiptDateStr":null,"RejectionCreatePostID":null,"RejectionCreatePost":null,"SampleCollectorPostIIN":"760228400033","SampleCollectorPostID":null,"Researches":[],"RejectedMaterialImageID":null,"File":null,"ID":"31408166","StrID":"31408166"}],"Researches":[]}],"Total":1}
30.08.2026 17:30:02	Information:	OrderedWW 51564779 Biomat 0 Device 20747
30.08.2026 17:30:02	Information:	ResearchResult
30.08.2026 17:30:02	Information:	{
"OrderID": "31121567",
"WorkPlaceID": 20747
}


30.08.2026 17:30:02	Information:	[{"OrderResearchID":67070125,"OrderResearch":null,"ParameterID":200918,"Parameter":{"ShortNameRU":"общий белок в сыворотке крови","ShortNameKZ":"қан сарысуындағы жалпы ақуыз","ShortName":"общий белок в сыворотке крови","DataType":0,"DataTypeName":"Число","UnitTypeID":100012,"UnitType":{"OrderBy":13,"MasterDataID":null,"CDD_ID":null,"NameRU":"г/л","NameKZ":"г/л","Name":"г/л","PublicCode":"10001200","EndDate":null,"ID":"100012","StrID":"100012"},"MedicalFormID":null,"MasterDataID":0,"MedicalForm":null,"NameWithDataType":"общий белок в сыворотке крови  (Число)","NameRU":"общий белок в сыворотке крови","NameKZ":"қан сарысуындағы жалпы ақуыз","Name":"общий белок в сыворотке крови","PublicCode":"20091800","EndDate":null,"ID":"200918","StrID":"200918"},"ParameterValues":null,"ParameterValueID":null,"ParameterValue":null,"ResultText":null,"ResultValue":null,"ResultDate":"2026-08-30T17:30:02.9097538+05:00","PostID":"0","Post":null,"ExecuteMethod":2,"SourceResultText":null,"SourceResultValue":null,"SourceResultExpression":null,"SourceUnitTypeID":100012,"SourceUnitType":{"OrderBy":13,"MasterDataID":null,"CDD_ID":null,"NameRU":"г/л","NameKZ":"г/л","Name":"г/л","PublicCode":"10001200","EndDate":null,"ID":"100012","StrID":"100012"},"MultiplierID":null,"IsApproved":false,"IsValidated":false,"StandardMatchType":0,"ApproveDate":null,"ApprovePostID":null,"ApprovePost":null,"OrderNum":1,"WorkPlaceID":20747,"OrderID":null,"BacteriologyResult":null,"AnalyzerId":null,"IsOrderProductionControl":false,"ID":"0","StrID":"0"},{"OrderResearchID":67070127,"OrderResearch":null,"ParameterID":200357,"Parameter":{"ShortNameRU":"АЛаТ","ShortNameKZ":"АЛаТ","ShortName":"АЛаТ","DataType":0,"DataTypeName":"Число","UnitTypeID":100030,"UnitType":{"OrderBy":31,"MasterDataID":null,"CDD_ID":null,"NameRU":"МЕ/л","NameKZ":"ХБ/л","Name":"МЕ/л","PublicCode":"10003000","EndDate":null,"ID":"100030","StrID":"100030"},"MedicalFormID":null,"MasterDataID":0,"MedicalForm":null,"NameWithDataType":"АЛаТ  (Число)","NameRU":"АЛаТ","NameKZ":"АЛаТ","Name":"АЛаТ","PublicCode":"20035700","EndDate":null,"ID":"200357","StrID":"200357"},"ParameterValues":null,"ParameterValueID":null,"ParameterValue":null,"ResultText":null,"ResultValue":null,"ResultDate":"2026-08-30T17:30:02.9118162+05:00","PostID":"0","Post":null,"ExecuteMethod":2,"SourceResultText":null,"SourceResultValue":null,"SourceResultExpression":null,"SourceUnitTypeID":100030,"SourceUnitType":{"OrderBy":31,"MasterDataID":null,"CDD_ID":null,"NameRU":"МЕ/л","NameKZ":"ХБ/л","Name":"МЕ/л","PublicCode":"10003000","EndDate":null,"ID":"100030","StrID":"100030"},"MultiplierID":null,"IsApproved":false,"IsValidated":false,"StandardMatchType":0,"ApproveDate":null,"ApprovePostID":null,"ApprovePost":null,"OrderNum":1,"WorkPlaceID":20747,"OrderID":null,"BacteriologyResult":null,"AnalyzerId":null,"IsOrderProductionControl":false,"ID":"0","StrID":"0"},{"OrderResearchID":67070129,"OrderResearch":null,"ParameterID":201032,"Parameter":{"ShortNameRU":"прямой билирубин в сыворотке крови","ShortNameKZ":"қан сарысуындағы тікелей билирубин","ShortName":"прямой билирубин в сыворотке крови","DataType":0,"DataTypeName":"Число","UnitTypeID":100041,"UnitType":{"OrderBy":42,"MasterDataID":null,"CDD_ID":null,"NameRU":"мкмоль/л","NameKZ":"мкмоль/л","Name":"мкмоль/л","PublicCode":"10004100","EndDate":null,"ID":"100041","StrID":"100041"},"MedicalFormID":null,"MasterDataID":0,"MedicalForm":null,"NameWithDataType":"прямой билирубин в сыворотке крови  (Число)","NameRU":"прямой билирубин в сыворотке крови","NameKZ":"қан сарысуындағы тікелей билирубин","Name":"прямой билирубин в сыворотке крови","PublicCode":"20103200","EndDate":null,"ID":"201032","StrID":"201032"},"ParameterValues":null,"ParameterValueID":null,"ParameterValue":null,"ResultText":null,"ResultValue":null,"ResultDate":"2026-08-30T17:30:02.9149034+05:00","PostID":"0","Post":null,"ExecuteMethod":2,"SourceResultText":null,"SourceResultValue":null,"SourceResultExpression":null,"SourceUnitTypeID":100041,"SourceUnitType":{"OrderBy":42,"MasterDataID":null,"CDD_ID":null,"NameRU":"мкмоль/л","NameKZ":"мкмоль/л","Name":"мкмоль/л","PublicCode":"10004100","EndDate":null,"ID":"100041","StrID":"100041"},"MultiplierID":null,"IsApproved":false,"IsValidated":false,"StandardMatchType":0,"ApproveDate":null,"ApprovePostID":null,"ApprovePost":null,"OrderNum":1,"WorkPlaceID":20747,"OrderID":null,"BacteriologyResult":null,"AnalyzerId":null,"IsOrderProductionControl":false,"ID":"0","StrID":"0"},{"OrderResearchID":67070128,"OrderResearch":null,"ParameterID":200919,"Parameter":{"ShortNameRU":"общий билирубин в сыворотке крови","ShortNameKZ":"қан сарысуындағы жалпы билирубин","ShortName":"общий билирубин в сыворотке крови","DataType":0,"DataTypeName":"Число","UnitTypeID":100041,"UnitType":{"OrderBy":42,"MasterDataID":null,"CDD_ID":null,"NameRU":"мкмоль/л","NameKZ":"мкмоль/л","Name":"мкмоль/л","PublicCode":"10004100","EndDate":null,"ID":"100041","StrID":"100041"},"MedicalFormID":null,"MasterDataID":0,"MedicalForm":null,"NameWithDataType":"общий билирубин в сыворотке крови  (Число)","NameRU":"общий билирубин в сыворотке крови","NameKZ":"қан сарысуындағы жалпы билирубин","Name":"общий билирубин в сыворотке крови","PublicCode":"20091900","EndDate":null,"ID":"200919","StrID":"200919"},"ParameterValues":null,"ParameterValueID":null,"ParameterValue":null,"ResultText":null,"ResultValue":null,"ResultDate":"2026-08-30T17:30:02.9169541+05:00","PostID":"0","Post":null,"ExecuteMethod":2,"SourceResultText":null,"SourceResultValue":null,"SourceResultExpression":null,"SourceUnitTypeID":100041,"SourceUnitType":{"OrderBy":42,"MasterDataID":null,"CDD_ID":null,"NameRU":"мкмоль/л","NameKZ":"мкмоль/л","Name":"мкмоль/л","PublicCode":"10004100","EndDate":null,"ID":"100041","StrID":"100041"},"MultiplierID":null,"IsApproved":false,"IsValidated":false,"StandardMatchType":0,"ApproveDate":null,"ApprovePostID":null,"ApprovePost":null,"OrderNum":1,"WorkPlaceID":20747,"OrderID":null,"BacteriologyResult":null,"AnalyzerId":null,"IsOrderProductionControl":false,"ID":"0","StrID":"0"},{"OrderResearchID":67070130,"OrderResearch":null,"ParameterID":200408,"Parameter":{"ShortNameRU":"АСаТ","ShortNameKZ":"АСаТ","ShortName":"АСаТ","DataType":0,"DataTypeName":"Число","UnitTypeID":100030,"UnitType":{"OrderBy":31,"MasterDataID":null,"CDD_ID":null,"NameRU":"МЕ/л","NameKZ":"ХБ/л","Name":"МЕ/л","PublicCode":"10003000","EndDate":null,"ID":"100030","StrID":"100030"},"MedicalFormID":null,"MasterDataID":0,"MedicalForm":null,"NameWithDataType":"АСаТ  (Число)","NameRU":"АСаТ","NameKZ":"АСаТ","Name":"АСаТ","PublicCode":"20040800","EndDate":null,"ID":"200408","StrID":"200408"},"ParameterValues":null,"ParameterValueID":null,"ParameterValue":null,"ResultText":null,"ResultValue":null,"ResultDate":"2026-08-30T17:30:02.9195304+05:00","PostID":"0","Post":null,"ExecuteMethod":2,"SourceResultText":null,"SourceResultValue":null,"SourceResultExpression":null,"SourceUnitTypeID":100030,"SourceUnitType":{"OrderBy":31,"MasterDataID":null,"CDD_ID":null,"NameRU":"МЕ/л","NameKZ":"ХБ/л","Name":"МЕ/л","PublicCode":"10003000","EndDate":null,"ID":"100030","StrID":"100030"},"MultiplierID":null,"IsApproved":false,"IsValidated":false,"StandardMatchType":0,"ApproveDate":null,"ApprovePostID":null,"ApprovePost":null,"OrderNum":1,"WorkPlaceID":20747,"OrderID":null,"BacteriologyResult":null,"AnalyzerId":null,"IsOrderProductionControl":false,"ID":"0","StrID":"0"},{"OrderResearchID":67070131,"OrderResearch":null,"ParameterID":200549,"Parameter":{"ShortNameRU":"глюкоза в сыворотке крови","ShortNameKZ":"қан сарысуындағы глюкоза","ShortName":"глюкоза в сыворотке крови","DataType":0,"DataTypeName":"Число","UnitTypeID":100051,"UnitType":{"OrderBy":52,"MasterDataID":null,"CDD_ID":null,"NameRU":"ммоль/л","NameKZ":"ммоль/л","Name":"ммоль/л","PublicCode":"10005100","EndDate":null,"ID":"100051","StrID":"100051"},"MedicalFormID":null,"MasterDataID":0,"MedicalForm":null,"NameWithDataType":"глюкоза в сыворотке крови  (Число)","NameRU":"глюкоза в сыворотке крови","NameKZ":"қан сарысуындағы глюкоза","Name":"глюкоза в сыворотке крови","PublicCode":"20054900","EndDate":null,"ID":"200549","StrID":"200549"},"ParameterValues":null,"ParameterValueID":null,"ParameterValue":null,"ResultText":null,"ResultValue":null,"ResultDate":"2026-08-30T17:30:02.9220912+05:00","PostID":"0","Post":null,"ExecuteMethod":2,"SourceResultText":null,"SourceResultValue":null,"SourceResultExpression":null,"SourceUnitTypeID":100051,"SourceUnitType":{"OrderBy":52,"MasterDataID":null,"CDD_ID":null,"NameRU":"ммоль/л","NameKZ":"ммоль/л","Name":"ммоль/л","PublicCode":"10005100","EndDate":null,"ID":"100051","StrID":"100051"},"MultiplierID":null,"IsApproved":false,"IsValidated":false,"StandardMatchType":0,"ApproveDate":null,"ApprovePostID":null,"ApprovePost":null,"OrderNum":1,"WorkPlaceID":20747,"OrderID":null,"BacteriologyResult":null,"AnalyzerId":null,"IsOrderProductionControl":false,"ID":"0","StrID":"0"},{"OrderResearchID":67070132,"OrderResearch":null,"ParameterID":200852,"Parameter":{"ShortNameRU":"мочевина в сыворотке крови","ShortNameKZ":"қан сарысуындағы несепнәр","ShortName":"мочевина в сыворотке крови","DataType":0,"DataTypeName":"Число","UnitTypeID":100051,"UnitType":{"OrderBy":52,"MasterDataID":null,"CDD_ID":null,"NameRU":"ммоль/л","NameKZ":"ммоль/л","Name":"ммоль/л","PublicCode":"10005100","EndDate":null,"ID":"100051","StrID":"100051"},"MedicalFormID":null,"MasterDataID":0,"MedicalForm":null,"NameWithDataType":"мочевина в сыворотке крови  (Число)","NameRU":"мочевина в сыворотке крови","NameKZ":"қан сарысуындағы несепнәр","Name":"мочевина в сыворотке крови","PublicCode":"20085200","EndDate":null,"ID":"200852","StrID":"200852"},"ParameterValues":null,"ParameterValueID":null,"ParameterValue":null,"ResultText":null,"ResultValue":null,"ResultDate":"2026-08-30T17:30:02.9246648+05:00","PostID":"0","Post":null,"ExecuteMethod":2,"SourceResultText":null,"SourceResultValue":null,"SourceResultExpression":null,"SourceUnitTypeID":100051,"SourceUnitType":{"OrderBy":52,"MasterDataID":null,"CDD_ID":null,"NameRU":"ммоль/л","NameKZ":"ммоль/л","Name":"ммоль/л","PublicCode":"10005100","EndDate":null,"ID":"100051","StrID":"100051"},"MultiplierID":null,"IsApproved":false,"IsValidated":false,"StandardMatchType":0,"ApproveDate":null,"ApprovePostID":null,"ApprovePost":null,"OrderNum":1,"WorkPlaceID":20747,"OrderID":null,"BacteriologyResult":null,"AnalyzerId":null,"IsOrderProductionControl":false,"ID":"0","StrID":"0"},{"OrderResearchID":67070126,"OrderResearch":null,"ParameterID":200744,"Parameter":{"ShortNameRU":"креатинин в крови","ShortNameKZ":"қандағы креатинин","ShortName":"креатинин в крови","DataType":0,"DataTypeName":"Число","UnitTypeID":100041,"UnitType":{"OrderBy":42,"MasterDataID":null,"CDD_ID":null,"NameRU":"мкмоль/л","NameKZ":"мкмоль/л","Name":"мкмоль/л","PublicCode":"10004100","EndDate":null,"ID":"100041","StrID":"100041"},"MedicalFormID":null,"MasterDataID":0,"MedicalForm":null,"NameWithDataType":"креатинин в крови  (Число)","NameRU":"креатинин в крови","NameKZ":"қандағы креатинин","Name":"креатинин в крови","PublicCode":"20074400","EndDate":null,"ID":"200744","StrID":"200744"},"ParameterValues":null,"ParameterValueID":null,"ParameterValue":null,"ResultText":null,"ResultValue":null,"ResultDate":"2026-08-30T17:30:02.926714+05:00","PostID":"0","Post":null,"ExecuteMethod":2,"SourceResultText":null,"SourceResultValue":null,"SourceResultExpression":null,"SourceUnitTypeID":100041,"SourceUnitType":{"OrderBy":42,"MasterDataID":null,"CDD_ID":null,"NameRU":"мкмоль/л","NameKZ":"мкмоль/л","Name":"мкмоль/л","PublicCode":"10004100","EndDate":null,"ID":"100041","StrID":"100041"},"MultiplierID":null,"IsApproved":false,"IsValidated":false,"StandardMatchType":0,"ApproveDate":null,"ApprovePostID":null,"ApprovePost":null,"OrderNum":1,"WorkPlaceID":20747,"OrderID":null,"BacteriologyResult":null,"AnalyzerId":null,"IsOrderProductionControl":false,"ID":"0","StrID":"0"},{"OrderResearchID":67070133,"OrderResearch":null,"ParameterID":201150,"Parameter":{"ShortNameRU":"СРБ","ShortNameKZ":"СРА","ShortName":"СРБ","DataType":0,"DataTypeName":"Число","UnitTypeID":100026,"UnitType":{"OrderBy":27,"MasterDataID":null,"CDD_ID":null,"NameRU":"мг/л","NameKZ":"мг/л","Name":"мг/л","PublicCode":"10002600","EndDate":null,"ID":"100026","StrID":"100026"},"MedicalFormID":null,"MasterDataID":0,"MedicalForm":null,"NameWithDataType":"СРБ  (Число)","NameRU":"СРБ","NameKZ":"СРА","Name":"СРБ","PublicCode":"20115000","EndDate":null,"ID":"201150","StrID":"201150"},"ParameterValues":null,"ParameterValueID":null,"ParameterValue":null,"ResultText":null,"ResultValue":null,"ResultDate":"2026-08-30T17:30:02.9282543+05:00","PostID":"0","Post":null,"ExecuteMethod":2,"SourceResultText":null,"SourceResultValue":null,"SourceResultExpression":null,"SourceUnitTypeID":100026,"SourceUnitType":{"OrderBy":27,"MasterDataID":null,"CDD_ID":null,"NameRU":"мг/л","NameKZ":"мг/л","Name":"мг/л","PublicCode":"10002600","EndDate":null,"ID":"100026","StrID":"100026"},"MultiplierID":null,"IsApproved":false,"IsValidated":false,"StandardMatchType":0,"ApproveDate":null,"ApprovePostID":null,"ApprovePost":null,"OrderNum":1,"WorkPlaceID":20747,"OrderID":null,"BacteriologyResult":null,"AnalyzerId":null,"IsOrderProductionControl":false,"ID":"0","StrID":"0"}]
30.08.2026 17:30:02	Information:	TestsWW spec 200918, spec 200357, spec 201032, spec 200919, spec 200408, spec 200549, spec 200852, spec 200744, spec 201150, 
30.08.2026 17:30:02	Information:	Querry lines count: 1
30.08.2026 17:30:02	Debug:	SendResults:	fix DriverRequests=	616	ms
30.08.2026 17:30:02	Information:	SAMPLE! 51564779 DeviceDriverResult Sample: 51564779 Suggest: . Do Request True
30.08.2026 17:30:02	Information:	Sample request count: 1
30.08.2026 17:30:02	Information:	MU is mmol/L
30.08.2026 17:30:02	Information:	Driver Collations count 0
30.08.2026 17:30:02	Information:	MU collations count=0
30.08.2026 17:30:02	Information:	MU is ?mol/L
30.08.2026 17:30:02	Information:	Driver Collations count 0
30.08.2026 17:30:02	Information:	MU collations count=0
30.08.2026 17:30:02	Information:	MU is ?mol/L
30.08.2026 17:30:02	Information:	Driver Collations count 0
30.08.2026 17:30:02	Information:	MU collations count=0
30.08.2026 17:30:02	Information:	MU is U/L
30.08.2026 17:30:02	Information:	Driver Collations count 0
30.08.2026 17:30:02	Information:	MU collations count=0
30.08.2026 17:30:02	Information:	MU is U/L
30.08.2026 17:30:02	Information:	Driver Collations count 0
30.08.2026 17:30:02	Information:	MU collations count=0
30.08.2026 17:30:02	Information:	MU is mg/L
30.08.2026 17:30:02	Information:	Driver Collations count 0
30.08.2026 17:30:02	Information:	MU collations count=0
30.08.2026 17:30:02	Information:	MU is g/L
30.08.2026 17:30:02	Information:	Driver Collations count 0
30.08.2026 17:30:02	Information:	MU collations count=0
30.08.2026 17:30:02	Information:	MU is ?mol/L
30.08.2026 17:30:02	Information:	Driver Collations count 0
30.08.2026 17:30:02	Information:	MU collations count=0
30.08.2026 17:30:02	Information:	MU is mmol/L
30.08.2026 17:30:02	Information:	Driver Collations count 0
30.08.2026 17:30:02	Information:	MU collations count=0
30.08.2026 17:30:02	Debug:	SendResults:	SetTestsValues first SetTestsValues=	76	ms
30.08.2026 17:30:02	Debug:	SendResults:	Device Total = 696 ms
30.08.2026 17:30:02	Information:	Saving 51564779
30.08.2026 17:30:02	Information:	Start test result saving
30.08.2026 17:30:02	Information:	Result object to save: 
30.08.2026 17:30:02	Information:	{"OrderResearchID":67070125,"OrderResearch":null,"ParameterID":200918,"Parameter":{"ShortNameRU":"общий белок в сыворотке крови","ShortNameKZ":"қан сарысуындағы жалпы ақуыз","ShortName":"общий белок в сыворотке крови","DataType":0,"DataTypeName":"Число","UnitTypeID":100012,"UnitType":{"NameRU":"г/л","NameKZ":"г/л","Name":"г/л","PublicCode":"10001200","OrderBy":13,"ID":100012,"StrID":"100012"},"MedicalFormID":null,"MedicalForm":null,"NameRU":"общий белок в сыворотке крови","NameKZ":"қан сарысуындағы жалпы ақуыз","Name":"общий белок в сыворотке крови","PublicCode":"20091800","OrderBy":null,"ID":200918,"StrID":"200918"},"ParameterValueID":null,"ParameterValue":null,"ResultText":"62.70","ResultValue":null,"ResultDate":"2026-08-30T17:30:02.9097538+05:00","PostID":0,"Post":null,"ExecuteMethod":2,"SourceResultText":"62.70","SourceResultValue":null,"SourceResultExpression":null,"SourceUnitTypeID":100012,"SourceUnitType":{"NameRU":"г/л","NameKZ":"г/л","Name":"г/л","PublicCode":"10001200","OrderBy":13,"ID":100012,"StrID":"100012"},"IsApproved":false,"ApproveDate":null,"ApprovePostID":null,"ApprovePost":null,"OrderNum":1,"WorkPlaceID":20747,"DriverManagerID":150,"BacteriologyResult":null,"AnalyzerId":38,"IsOrderProductionControl":false,"ID":0,"StrID":"0"}
30.08.2026 17:30:02	Information:	Save string: 
30.08.2026 17:30:02	Information:	{"OrderResearchID":67070125,"OrderResearch":{"OrderID":31121567,"ServiceMoID":2163201,"ServiceMoMasterDataID":8269447,"ServiceMo":{"OrgHealthCareID":"45500000000000909","ServiceID":236,"NameRU":"Определение общего белка в сыворотке крови на анализаторе","NameKZ":"Қан сарысуындағы жалпы нәруызды талдауышта анықтау ","Name":"Определение общего белка в сыворотке крови на анализаторе","ShortNameRU":"Определение общего белка в сыворотке крови на анализаторе","ShortNameKZ":"Қан сарысуындағы жалпы нәруызды талдауышта анықтау ","ShortName":"Определение общего белка в сыворотке крови на анализаторе","FullName":"B03.397.002 - Определение общего белка в сыворотке крови на анализаторе","Code":"B03.397.002","ExternalCode":null,"ServiceClassID":5,"ServiceClass":{"ServiceTypeID":2,"OrderBy":5,"MasterDataID":5,"NameRU":"Клиническая химия (биохимия)","NameKZ":"Клиникалық химия (биохимия)","Name":"Клиническая химия (биохимия)","PublicCode":"500","EndDate":null,"ID":"5","StrID":"5"},"Service":{"NameRU":"Определение общего белка в сыворотке крови на анализаторе","NameKZ":"Қан сарысуындағы жалпы нәруызды талдауышта анықтау","Name":"Определение общего белка в сыворотке крови на анализаторе","ShortNameRU":"Общий белок на анализаторе","ShortNameKZ":"Общий белок на анализаторе","ShortName":"Общий белок на анализаторе","FullName":"B03.397.002 - Определение общего белка в сыворотке крови на анализаторе","Code":"B03.397.002","ServiceClassID":5,"ServiceClass":null,"ServiceSubClassID":6,"ServiceSubClass":null,"MaterialTypeID":202,"MaterialType":null,"MasterDataID":3079,"ID":"236","StrID":"236"},"MasterDataID":8269447,"ServiceSubClassID":6,"PayType":1,"ServiceSubClass":null,"ID":"2163201","StrID":"2163201"},"FullName":"B03.397.002 - Определение общего белка в сыворотке крови на анализаторе  () ","IsMain":true,"SourceID":"144987289_33982928","WorkPlaceID":20747,"WorkPlace":null,"DriverManager":null,"ParameterID":null,"Parameter":null,"AdditionalInfo":null,"Status":1,"PerformetServiceCount":7,"ResearchResultCount":0,"ApproveResearchResultCount":0,"NotSaveResearchResultCount":0,"ParentID":null,"ScreeningCandidatePlanGuid":null,"ScreeningUrl":null,"TakePlace":null,"MaterialTypeID":null,"MaterialType":null,"PartCount":0,"IsOrderProductionControl":false,"Uid":"085959fe-4569-4c7d-a25a-e9b4c49632c1","OrderPerformerServices":[],"OrderResearchAllergens":[],"Results":[],"IsResumed":false,"ExecutionType":0,"ID":"67070125","StrID":"67070125"},"ParameterID":200918,"Parameter":{"ShortNameRU":"общий белок в сыворотке крови","ShortNameKZ":"қан сарысуындағы жалпы ақуыз","ShortName":"общий белок в сыворотке крови","DataType":0,"DataTypeName":"Число","UnitTypeID":100012,"UnitType":null,"MedicalFormID":null,"MasterDataID":0,"MedicalForm":null,"NameWithDataType":"общий белок в сыворотке крови  (Число)","NameRU":"общий белок в сыворотке крови","NameKZ":"қан сарысуындағы жалпы ақуыз","Name":"общий белок в сыворотке крови","PublicCode":"20091800","EndDate":null,"ID":"200918","StrID":"200918"},"ParameterValues":null,"ParameterValueID":null,"ParameterValue":null,"ResultText":"62.70","ResultValue":"62.70","ResultDate":"2026-08-30T17:30:03.1896877+05:00","PostID":"189416","Post":null,"ExecuteMethod":2,"SourceResultText":"62.70","SourceResultValue":"62.70","SourceResultExpression":null,"SourceUnitTypeID":100012,"SourceUnitType":{"OrderBy":13,"MasterDataID":null,"CDD_ID":null,"NameRU":"г/л","NameKZ":"г/л","Name":"г/л","PublicCode":"10001200","EndDate":null,"ID":"100012","StrID":"100012"},"MultiplierID":null,"IsApproved":false,"IsValidated":false,"StandardMatchType":0,"ApproveDate":null,"ApprovePostID":null,"ApprovePost":null,"OrderNum":1,"WorkPlaceID":20747,"OrderID":null,"BacteriologyResult":null,"AnalyzerId":38,"IsOrderProductionControl":false,"ID":"207143005","StrID":"207143005"}
30.08.2026 17:30:02	Information:	Result object to save: 
30.08.2026 17:30:02	Information:	{"OrderResearchID":67070127,"OrderResearch":null,"ParameterID":200357,"Parameter":{"ShortNameRU":"АЛаТ","ShortNameKZ":"АЛаТ","ShortName":"АЛаТ","DataType":0,"DataTypeName":"Число","UnitTypeID":100030,"UnitType":{"NameRU":"МЕ/л","NameKZ":"ХБ/л","Name":"МЕ/л","PublicCode":"10003000","OrderBy":31,"ID":100030,"StrID":"100030"},"MedicalFormID":null,"MedicalForm":null,"NameRU":"АЛаТ","NameKZ":"АЛаТ","Name":"АЛаТ","PublicCode":"20035700","OrderBy":null,"ID":200357,"StrID":"200357"},"ParameterValueID":null,"ParameterValue":null,"ResultText":"14.54","ResultValue":null,"ResultDate":"2026-08-30T17:30:02.9118162+05:00","PostID":0,"Post":null,"ExecuteMethod":2,"SourceResultText":"14.54","SourceResultValue":null,"SourceResultExpression":null,"SourceUnitTypeID":100030,"SourceUnitType":{"NameRU":"МЕ/л","NameKZ":"ХБ/л","Name":"МЕ/л","PublicCode":"10003000","OrderBy":31,"ID":100030,"StrID":"100030"},"IsApproved":false,"ApproveDate":null,"ApprovePostID":null,"ApprovePost":null,"OrderNum":1,"WorkPlaceID":20747,"DriverManagerID":150,"BacteriologyResult":null,"AnalyzerId":38,"IsOrderProductionControl":false,"ID":0,"StrID":"0"}
30.08.2026 17:30:02	Information:	Save string: 
30.08.2026 17:30:02	Information:	{"OrderResearchID":67070127,"OrderResearch":{"OrderID":31121567,"ServiceMoID":2163576,"ServiceMoMasterDataID":8269462,"ServiceMo":{"OrgHealthCareID":"45500000000000909","ServiceID":253,"NameRU":"Определение аланинаминотрансферазы (АЛаТ) в сыворотке крови на анализаторе","NameKZ":"Қан сарысуындағы аланинаминотрансферазды (АЛаТ) талдауышта анықтау ","Name":"Определение аланинаминотрансферазы (АЛаТ) в сыворотке крови на анализаторе","ShortNameRU":"Определение аланинаминотрансферазы (АЛаТ) в сыворотке крови на анализаторе","ShortNameKZ":"Қан сарысуындағы аланинаминотрансферазды (АЛаТ) талдауышта анықтау ","ShortName":"Определение аланинаминотрансферазы (АЛаТ) в сыворотке крови на анализаторе","FullName":"B03.155.002 - Определение аланинаминотрансферазы (АЛаТ) в сыворотке крови на анализаторе","Code":"B03.155.002","ExternalCode":null,"ServiceClassID":5,"ServiceClass":{"ServiceTypeID":2,"OrderBy":5,"MasterDataID":5,"NameRU":"Клиническая химия (биохимия)","NameKZ":"Клиникалық химия (биохимия)","Name":"Клиническая химия (биохимия)","PublicCode":"500","EndDate":null,"ID":"5","StrID":"5"},"Service":{"NameRU":"Определение аланинаминотрансферазы (АЛаТ) в сыворотке крови на анализаторе","NameKZ":"Қан сарысуындағы аланинаминотрансферазды (АЛаТ) талдауышта анықтау","Name":"Определение аланинаминотрансферазы (АЛаТ) в сыворотке крови на анализаторе","ShortNameRU":"АЛаТ на анализаторе","ShortNameKZ":"АЛаТ на анализаторе","ShortName":"АЛаТ на анализаторе","FullName":"B03.155.002 - Определение аланинаминотрансферазы (АЛаТ) в сыворотке крови на анализаторе","Code":"B03.155.002","ServiceClassID":5,"ServiceClass":null,"ServiceSubClassID":6,"ServiceSubClass":null,"MaterialTypeID":202,"MaterialType":null,"MasterDataID":3094,"ID":"253","StrID":"253"},"MasterDataID":8269462,"ServiceSubClassID":6,"PayType":1,"ServiceSubClass":null,"ID":"2163576","StrID":"2163576"},"FullName":"B03.155.002 - Определение аланинаминотрансферазы (АЛаТ) в сыворотке крови на анализаторе  () ","IsMain":true,"SourceID":"144987289_33982931","WorkPlaceID":20747,"WorkPlace":null,"DriverManager":null,"ParameterID":null,"Parameter":null,"AdditionalInfo":null,"Status":1,"PerformetServiceCount":9,"ResearchResultCount":0,"ApproveResearchResultCount":0,"NotSaveResearchResultCount":0,"ParentID":null,"ScreeningCandidatePlanGuid":null,"ScreeningUrl":null,"TakePlace":null,"MaterialTypeID":null,"MaterialType":null,"PartCount":0,"IsOrderProductionControl":false,"Uid":"e7de2ba7-5814-48b0-bad0-7346d7509a28","OrderPerformerServices":[],"OrderResearchAllergens":[],"Results":[],"IsResumed":false,"ExecutionType":0,"ID":"67070127","StrID":"67070127"},"ParameterID":200357,"Parameter":{"ShortNameRU":"АЛаТ","ShortNameKZ":"АЛаТ","ShortName":"АЛаТ","DataType":0,"DataTypeName":"Число","UnitTypeID":100030,"UnitType":null,"MedicalFormID":null,"MasterDataID":0,"MedicalForm":null,"NameWithDataType":"АЛаТ  (Число)","NameRU":"АЛаТ","NameKZ":"АЛаТ","Name":"АЛаТ","PublicCode":"20035700","EndDate":null,"ID":"200357","StrID":"200357"},"ParameterValues":null,"ParameterValueID":null,"ParameterValue":null,"ResultText":"14.54","ResultValue":"14.54","ResultDate":"2026-08-30T17:30:03.2719457+05:00","PostID":"189416","Post":null,"ExecuteMethod":2,"SourceResultText":"14.54","SourceResultValue":"14.54","SourceResultExpression":null,"SourceUnitTypeID":100030,"SourceUnitType":{"OrderBy":31,"MasterDataID":null,"CDD_ID":null,"NameRU":"МЕ/л","NameKZ":"ХБ/л","Name":"МЕ/л","PublicCode":"10003000","EndDate":null,"ID":"100030","StrID":"100030"},"MultiplierID":null,"IsApproved":false,"IsValidated":false,"StandardMatchType":0,"ApproveDate":null,"ApprovePostID":null,"ApprovePost":null,"OrderNum":1,"WorkPlaceID":20747,"OrderID":null,"BacteriologyResult":null,"AnalyzerId":38,"IsOrderProductionControl":false,"ID":"207143006","StrID":"207143006"}
30.08.2026 17:30:02	Information:	Result object to save: 
30.08.2026 17:30:02	Information:	{"OrderResearchID":67070129,"OrderResearch":null,"ParameterID":201032,"Parameter":{"ShortNameRU":"прямой билирубин в сыворотке крови","ShortNameKZ":"қан сарысуындағы тікелей билирубин","ShortName":"прямой билирубин в сыворотке крови","DataType":0,"DataTypeName":"Число","UnitTypeID":100041,"UnitType":{"NameRU":"мкмоль/л","NameKZ":"мкмоль/л","Name":"мкмоль/л","PublicCode":"10004100","OrderBy":42,"ID":100041,"StrID":"100041"},"MedicalFormID":null,"MedicalForm":null,"NameRU":"прямой билирубин в сыворотке крови","NameKZ":"қан сарысуындағы тікелей билирубин","Name":"прямой билирубин в сыворотке крови","PublicCode":"20103200","OrderBy":null,"ID":201032,"StrID":"201032"},"ParameterValueID":null,"ParameterValue":null,"ResultText":"1.58","ResultValue":null,"ResultDate":"2026-08-30T17:30:02.9149034+05:00","PostID":0,"Post":null,"ExecuteMethod":2,"SourceResultText":"1.58","SourceResultValue":null,"SourceResultExpression":null,"SourceUnitTypeID":100041,"SourceUnitType":{"NameRU":"мкмоль/л","NameKZ":"мкмоль/л","Name":"мкмоль/л","PublicCode":"10004100","OrderBy":42,"ID":100041,"StrID":"100041"},"IsApproved":false,"ApproveDate":null,"ApprovePostID":null,"ApprovePost":null,"OrderNum":1,"WorkPlaceID":20747,"DriverManagerID":150,"BacteriologyResult":null,"AnalyzerId":38,"IsOrderProductionControl":false,"ID":0,"StrID":"0"}
30.08.2026 17:30:02	Information:	Save string: 
30.08.2026 17:30:02	Information:	{"OrderResearchID":67070129,"OrderResearch":{"OrderID":31121567,"ServiceMoID":2163601,"ServiceMoMasterDataID":8269463,"ServiceMo":{"OrgHealthCareID":"45500000000000909","ServiceID":254,"NameRU":"Определение прямого билирубина в сыворотке крови на анализаторе","NameKZ":"Қан сарысуындағы тікелей  билирубинді талдауышта анықтау ","Name":"Определение прямого билирубина в сыворотке крови на анализаторе","ShortNameRU":"Определение прямого билирубина в сыворотке крови на анализаторе","ShortNameKZ":"Қан сарысуындағы тікелей  билирубинді талдауышта анықтау ","ShortName":"Определение прямого билирубина в сыворотке крови на анализаторе","FullName":"B03.435.002 - Определение прямого билирубина в сыворотке крови на анализаторе","Code":"B03.435.002","ExternalCode":null,"ServiceClassID":5,"ServiceClass":{"ServiceTypeID":2,"OrderBy":5,"MasterDataID":5,"NameRU":"Клиническая химия (биохимия)","NameKZ":"Клиникалық химия (биохимия)","Name":"Клиническая химия (биохимия)","PublicCode":"500","EndDate":null,"ID":"5","StrID":"5"},"Service":{"NameRU":"Определение прямого билирубина в сыворотке крови на анализаторе","NameKZ":"Қан сарысуындағы тікелей билирубинді талдауышта анықтау","Name":"Определение прямого билирубина в сыворотке крови на анализаторе","ShortNameRU":"Прямой Bi на анализаторе","ShortNameKZ":"Прямой Bi на анализаторе","ShortName":"Прямой Bi на анализаторе","FullName":"B03.435.002 - Определение прямого билирубина в сыворотке крови на анализаторе","Code":"B03.435.002","ServiceClassID":5,"ServiceClass":null,"ServiceSubClassID":6,"ServiceSubClass":null,"MaterialTypeID":202,"MaterialType":null,"MasterDataID":3095,"ID":"254","StrID":"254"},"MasterDataID":8269463,"ServiceSubClassID":6,"PayType":1,"ServiceSubClass":null,"ID":"2163601","StrID":"2163601"},"FullName":"B03.435.002 - Определение прямого билирубина в сыворотке крови на анализаторе  () ","IsMain":true,"SourceID":"144987289_33982934","WorkPlaceID":20747,"WorkPlace":null,"DriverManager":null,"ParameterID":null,"Parameter":null,"AdditionalInfo":null,"Status":1,"PerformetServiceCount":7,"ResearchResultCount":0,"ApproveResearchResultCount":0,"NotSaveResearchResultCount":0,"ParentID":null,"ScreeningCandidatePlanGuid":null,"ScreeningUrl":null,"TakePlace":null,"MaterialTypeID":null,"MaterialType":null,"PartCount":0,"IsOrderProductionControl":false,"Uid":"daf5dbb7-6147-406b-93d2-2d47e32fa0a2","OrderPerformerServices":[],"OrderResearchAllergens":[],"Results":[],"IsResumed":false,"ExecutionType":0,"ID":"67070129","StrID":"67070129"},"ParameterID":201032,"Parameter":{"ShortNameRU":"прямой билирубин в сыворотке крови","ShortNameKZ":"қан сарысуындағы тікелей билирубин","ShortName":"прямой билирубин в сыворотке крови","DataType":0,"DataTypeName":"Число","UnitTypeID":100041,"UnitType":null,"MedicalFormID":null,"MasterDataID":0,"MedicalForm":null,"NameWithDataType":"прямой билирубин в сыворотке крови  (Число)","NameRU":"прямой билирубин в сыворотке крови","NameKZ":"қан сарысуындағы тікелей билирубин","Name":"прямой билирубин в сыворотке крови","PublicCode":"20103200","EndDate":null,"ID":"201032","StrID":"201032"},"ParameterValues":null,"ParameterValueID":null,"ParameterValue":null,"ResultText":"1.58","ResultValue":"1.58","ResultDate":"2026-08-30T17:30:03.3404178+05:00","PostID":"189416","Post":null,"ExecuteMethod":2,"SourceResultText":"1.58","SourceResultValue":"1.58","SourceResultExpression":null,"SourceUnitTypeID":100041,"SourceUnitType":{"OrderBy":42,"MasterDataID":null,"CDD_ID":null,"NameRU":"мкмоль/л","NameKZ":"мкмоль/л","Name":"мкмоль/л","PublicCode":"10004100","EndDate":null,"ID":"100041","StrID":"100041"},"MultiplierID":null,"IsApproved":false,"IsValidated":false,"StandardMatchType":0,"ApproveDate":null,"ApprovePostID":null,"ApprovePost":null,"OrderNum":1,"WorkPlaceID":20747,"OrderID":null,"BacteriologyResult":null,"AnalyzerId":38,"IsOrderProductionControl":false,"ID":"207143007","StrID":"207143007"}
30.08.2026 17:30:02	Information:	Result object to save: 
30.08.2026 17:30:02	Information:	{"OrderResearchID":67070128,"OrderResearch":null,"ParameterID":200919,"Parameter":{"ShortNameRU":"общий билирубин в сыворотке крови","ShortNameKZ":"қан сарысуындағы жалпы билирубин","ShortName":"общий билирубин в сыворотке крови","DataType":0,"DataTypeName":"Число","UnitTypeID":100041,"UnitType":{"NameRU":"мкмоль/л","NameKZ":"мкмоль/л","Name":"мкмоль/л","PublicCode":"10004100","OrderBy":42,"ID":100041,"StrID":"100041"},"MedicalFormID":null,"MedicalForm":null,"NameRU":"общий билирубин в сыворотке крови","NameKZ":"қан сарысуындағы жалпы билирубин","Name":"общий билирубин в сыворотке крови","PublicCode":"20091900","OrderBy":null,"ID":200919,"StrID":"200919"},"ParameterValueID":null,"ParameterValue":null,"ResultText":"6.02","ResultValue":null,"ResultDate":"2026-08-30T17:30:02.9169541+05:00","PostID":0,"Post":null,"ExecuteMethod":2,"SourceResultText":"6.02","SourceResultValue":null,"SourceResultExpression":null,"SourceUnitTypeID":100041,"SourceUnitType":{"NameRU":"мкмоль/л","NameKZ":"мкмоль/л","Name":"мкмоль/л","PublicCode":"10004100","OrderBy":42,"ID":100041,"StrID":"100041"},"IsApproved":false,"ApproveDate":null,"ApprovePostID":null,"ApprovePost":null,"OrderNum":1,"WorkPlaceID":20747,"DriverManagerID":150,"BacteriologyResult":null,"AnalyzerId":38,"IsOrderProductionControl":false,"ID":0,"StrID":"0"}
30.08.2026 17:30:02	Information:	Save string: 
30.08.2026 17:30:02	Information:	{"OrderResearchID":67070128,"OrderResearch":{"OrderID":31121567,"ServiceMoID":2163626,"ServiceMoMasterDataID":8269464,"ServiceMo":{"OrgHealthCareID":"45500000000000909","ServiceID":255,"NameRU":"Определение общего билирубина в сыворотке крови на анализаторе","NameKZ":"Қан сарысуындағы жалпы  билирубинді талдауышта анықтау в сыворотке крови на анализаторе","Name":"Определение общего билирубина в сыворотке крови на анализаторе","ShortNameRU":"Определение общего билирубина в сыворотке крови на анализаторе","ShortNameKZ":"Қан сарысуындағы жалпы  билирубинді талдауышта анықтау в сыворотке крови на анализаторе","ShortName":"Определение общего билирубина в сыворотке крови на анализаторе","FullName":"B03.398.002 - Определение общего билирубина в сыворотке крови на анализаторе","Code":"B03.398.002","ExternalCode":null,"ServiceClassID":5,"ServiceClass":{"ServiceTypeID":2,"OrderBy":5,"MasterDataID":5,"NameRU":"Клиническая химия (биохимия)","NameKZ":"Клиникалық химия (биохимия)","Name":"Клиническая химия (биохимия)","PublicCode":"500","EndDate":null,"ID":"5","StrID":"5"},"Service":{"NameRU":"Определение общего билирубина в сыворотке крови на анализаторе","NameKZ":"Қан сарысуындағы жалпы билирубинді талдауышта анықтау в сыворотке крови на анализаторе","Name":"Определение общего билирубина в сыворотке крови на анализаторе","ShortNameRU":"Общий Bi на анализаторе","ShortNameKZ":"Общий Bi на анализаторе","ShortName":"Общий Bi на анализаторе","FullName":"B03.398.002 - Определение общего билирубина в сыворотке крови на анализаторе","Code":"B03.398.002","ServiceClassID":5,"ServiceClass":null,"ServiceSubClassID":6,"ServiceSubClass":null,"MaterialTypeID":202,"MaterialType":null,"MasterDataID":3096,"ID":"255","StrID":"255"},"MasterDataID":8269464,"ServiceSubClassID":6,"PayType":1,"ServiceSubClass":null,"ID":"2163626","StrID":"2163626"},"FullName":"B03.398.002 - Определение общего билирубина в сыворотке крови на анализаторе  () ","IsMain":true,"SourceID":"144987289_33982933","WorkPlaceID":20747,"WorkPlace":null,"DriverManager":null,"ParameterID":null,"Parameter":null,"AdditionalInfo":null,"Status":1,"PerformetServiceCount":7,"ResearchResultCount":0,"ApproveResearchResultCount":0,"NotSaveResearchResultCount":0,"ParentID":null,"ScreeningCandidatePlanGuid":null,"ScreeningUrl":null,"TakePlace":null,"MaterialTypeID":null,"MaterialType":null,"PartCount":0,"IsOrderProductionControl":false,"Uid":"d0a00c70-1430-4f08-a9e0-7856affa14c3","OrderPerformerServices":[],"OrderResearchAllergens":[],"Results":[],"IsResumed":false,"ExecutionType":0,"ID":"67070128","StrID":"67070128"},"ParameterID":200919,"Parameter":{"ShortNameRU":"общий билирубин в сыворотке крови","ShortNameKZ":"қан сарысуындағы жалпы билирубин","ShortName":"общий билирубин в сыворотке крови","DataType":0,"DataTypeName":"Число","UnitTypeID":100041,"UnitType":null,"MedicalFormID":null,"MasterDataID":0,"MedicalForm":null,"NameWithDataType":"общий билирубин в сыворотке крови  (Число)","NameRU":"общий билирубин в сыворотке крови","NameKZ":"қан сарысуындағы жалпы билирубин","Name":"общий билирубин в сыворотке крови","PublicCode":"20091900","EndDate":null,"ID":"200919","StrID":"200919"},"ParameterValues":null,"ParameterValueID":null,"ParameterValue":null,"ResultText":"6.02","ResultValue":"6.02","ResultDate":"2026-08-30T17:30:03.4231335+05:00","PostID":"189416","Post":null,"ExecuteMethod":2,"SourceResultText":"6.02","SourceResultValue":"6.02","SourceResultExpression":null,"SourceUnitTypeID":100041,"SourceUnitType":{"OrderBy":42,"MasterDataID":null,"CDD_ID":null,"NameRU":"мкмоль/л","NameKZ":"мкмоль/л","Name":"мкмоль/л","PublicCode":"10004100","EndDate":null,"ID":"100041","StrID":"100041"},"MultiplierID":null,"IsApproved":false,"IsValidated":false,"StandardMatchType":0,"ApproveDate":null,"ApprovePostID":null,"ApprovePost":null,"OrderNum":1,"WorkPlaceID":20747,"OrderID":null,"BacteriologyResult":null,"AnalyzerId":38,"IsOrderProductionControl":false,"ID":"207143008","StrID":"207143008"}
30.08.2026 17:30:02	Information:	Result object to save: 
30.08.2026 17:30:02	Information:	{"OrderResearchID":67070130,"OrderResearch":null,"ParameterID":200408,"Parameter":{"ShortNameRU":"АСаТ","ShortNameKZ":"АСаТ","ShortName":"АСаТ","DataType":0,"DataTypeName":"Число","UnitTypeID":100030,"UnitType":{"NameRU":"МЕ/л","NameKZ":"ХБ/л","Name":"МЕ/л","PublicCode":"10003000","OrderBy":31,"ID":100030,"StrID":"100030"},"MedicalFormID":null,"MedicalForm":null,"NameRU":"АСаТ","NameKZ":"АСаТ","Name":"АСаТ","PublicCode":"20040800","OrderBy":null,"ID":200408,"StrID":"200408"},"ParameterValueID":null,"ParameterValue":null,"ResultText":"27.22","ResultValue":null,"ResultDate":"2026-08-30T17:30:02.9195304+05:00","PostID":0,"Post":null,"ExecuteMethod":2,"SourceResultText":"27.22","SourceResultValue":null,"SourceResultExpression":null,"SourceUnitTypeID":100030,"SourceUnitType":{"NameRU":"МЕ/л","NameKZ":"ХБ/л","Name":"МЕ/л","PublicCode":"10003000","OrderBy":31,"ID":100030,"StrID":"100030"},"IsApproved":false,"ApproveDate":null,"ApprovePostID":null,"ApprovePost":null,"OrderNum":1,"WorkPlaceID":20747,"DriverManagerID":150,"BacteriologyResult":null,"AnalyzerId":38,"IsOrderProductionControl":false,"ID":0,"StrID":"0"}
30.08.2026 17:30:02	Information:	Save string: 
30.08.2026 17:30:02	Information:	{"OrderResearchID":67070130,"OrderResearch":{"OrderID":31121567,"ServiceMoID":2163651,"ServiceMoMasterDataID":8269465,"ServiceMo":{"OrgHealthCareID":"45500000000000909","ServiceID":256,"NameRU":"Определение аспартатаминотрансферазы (АСаТ) в сыворотке крови на анализаторе","NameKZ":"Қан сарысуындағы  аспартатаминотрансферазды  (АСаТ) талдауышта анықтау  ","Name":"Определение аспартатаминотрансферазы (АСаТ) в сыворотке крови на анализаторе","ShortNameRU":"Определение аспартатаминотрансферазы (АСаТ) в сыворотке крови на анализаторе","ShortNameKZ":"Қан сарысуындағы  аспартатаминотрансферазды  (АСаТ) талдауышта анықтау  ","ShortName":"Определение аспартатаминотрансферазы (АСаТ) в сыворотке крови на анализаторе","FullName":"B03.293.002 - Определение аспартатаминотрансферазы (АСаТ) в сыворотке крови на анализаторе","Code":"B03.293.002","ExternalCode":null,"ServiceClassID":5,"ServiceClass":{"ServiceTypeID":2,"OrderBy":5,"MasterDataID":5,"NameRU":"Клиническая химия (биохимия)","NameKZ":"Клиникалық химия (биохимия)","Name":"Клиническая химия (биохимия)","PublicCode":"500","EndDate":null,"ID":"5","StrID":"5"},"Service":{"NameRU":"Определение аспартатаминотрансферазы (АСаТ) в сыворотке крови на анализаторе","NameKZ":"Қан сарысуындағы аспартатаминотрансферазды (АСаТ) талдауышта анықтау","Name":"Определение аспартатаминотрансферазы (АСаТ) в сыворотке крови на анализаторе","ShortNameRU":"АСаТ на анализаторе","ShortNameKZ":"АСаТ на анализаторе","ShortName":"АСаТ на анализаторе","FullName":"B03.293.002 - Определение аспартатаминотрансферазы (АСаТ) в сыворотке крови на анализаторе","Code":"B03.293.002","ServiceClassID":5,"ServiceClass":null,"ServiceSubClassID":6,"ServiceSubClass":null,"MaterialTypeID":202,"MaterialType":null,"MasterDataID":3097,"ID":"256","StrID":"256"},"MasterDataID":8269465,"ServiceSubClassID":6,"PayType":1,"ServiceSubClass":null,"ID":"2163651","StrID":"2163651"},"FullName":"B03.293.002 - Определение аспартатаминотрансферазы (АСаТ) в сыворотке крови на анализаторе  () ","IsMain":true,"SourceID":"144987289_33982932","WorkPlaceID":20747,"WorkPlace":null,"DriverManager":null,"ParameterID":null,"Parameter":null,"AdditionalInfo":null,"Status":1,"PerformetServiceCount":7,"ResearchResultCount":0,"ApproveResearchResultCount":0,"NotSaveResearchResultCount":0,"ParentID":null,"ScreeningCandidatePlanGuid":null,"ScreeningUrl":null,"TakePlace":null,"MaterialTypeID":null,"MaterialType":null,"PartCount":0,"IsOrderProductionControl":false,"Uid":"4ea03ca3-63aa-4827-a013-4d9a0fb4f698","OrderPerformerServices":[],"OrderResearchAllergens":[],"Results":[],"IsResumed":false,"ExecutionType":0,"ID":"67070130","StrID":"67070130"},"ParameterID":200408,"Parameter":{"ShortNameRU":"АСаТ","ShortNameKZ":"АСаТ","ShortName":"АСаТ","DataType":0,"DataTypeName":"Число","UnitTypeID":100030,"UnitType":null,"MedicalFormID":null,"MasterDataID":0,"MedicalForm":null,"NameWithDataType":"АСаТ  (Число)","NameRU":"АСаТ","NameKZ":"АСаТ","Name":"АСаТ","PublicCode":"20040800","EndDate":null,"ID":"200408","StrID":"200408"},"ParameterValues":null,"ParameterValueID":null,"ParameterValue":null,"ResultText":"27.22","ResultValue":"27.22","ResultDate":"2026-08-30T17:30:03.4886354+05:00","PostID":"189416","Post":null,"ExecuteMethod":2,"SourceResultText":"27.22","SourceResultValue":"27.22","SourceResultExpression":null,"SourceUnitTypeID":100030,"SourceUnitType":{"OrderBy":31,"MasterDataID":null,"CDD_ID":null,"NameRU":"МЕ/л","NameKZ":"ХБ/л","Name":"МЕ/л","PublicCode":"10003000","EndDate":null,"ID":"100030","StrID":"100030"},"MultiplierID":null,"IsApproved":false,"IsValidated":false,"StandardMatchType":0,"ApproveDate":null,"ApprovePostID":null,"ApprovePost":null,"OrderNum":1,"WorkPlaceID":20747,"OrderID":null,"BacteriologyResult":null,"AnalyzerId":38,"IsOrderProductionControl":false,"ID":"207143009","StrID":"207143009"}
30.08.2026 17:30:03	Information:	Result object to save: 
30.08.2026 17:30:03	Information:	{"OrderResearchID":67070131,"OrderResearch":null,"ParameterID":200549,"Parameter":{"ShortNameRU":"глюкоза в сыворотке крови","ShortNameKZ":"қан сарысуындағы глюкоза","ShortName":"глюкоза в сыворотке крови","DataType":0,"DataTypeName":"Число","UnitTypeID":100051,"UnitType":{"NameRU":"ммоль/л","NameKZ":"ммоль/л","Name":"ммоль/л","PublicCode":"10005100","OrderBy":52,"ID":100051,"StrID":"100051"},"MedicalFormID":null,"MedicalForm":null,"NameRU":"глюкоза в сыворотке крови","NameKZ":"қан сарысуындағы глюкоза","Name":"глюкоза в сыворотке крови","PublicCode":"20054900","OrderBy":null,"ID":200549,"StrID":"200549"},"ParameterValueID":null,"ParameterValue":null,"ResultText":"9.98","ResultValue":null,"ResultDate":"2026-08-30T17:30:02.9220912+05:00","PostID":0,"Post":null,"ExecuteMethod":2,"SourceResultText":"9.98","SourceResultValue":null,"SourceResultExpression":null,"SourceUnitTypeID":100051,"SourceUnitType":{"NameRU":"ммоль/л","NameKZ":"ммоль/л","Name":"ммоль/л","PublicCode":"10005100","OrderBy":52,"ID":100051,"StrID":"100051"},"IsApproved":false,"ApproveDate":null,"ApprovePostID":null,"ApprovePost":null,"OrderNum":1,"WorkPlaceID":20747,"DriverManagerID":150,"BacteriologyResult":null,"AnalyzerId":38,"IsOrderProductionControl":false,"ID":0,"StrID":"0"}
30.08.2026 17:30:03	Information:	Save string: 
30.08.2026 17:30:03	Information:	{"OrderResearchID":67070131,"OrderResearch":{"OrderID":31121567,"ServiceMoID":2164501,"ServiceMoMasterDataID":8269499,"ServiceMo":{"OrgHealthCareID":"45500000000000909","ServiceID":290,"NameRU":"Определение глюкозы в сыворотке крови на анализаторе","NameKZ":"Қан сарысуындағы глюкозаны талдауышта анықтау ","Name":"Определение глюкозы в сыворотке крови на анализаторе","ShortNameRU":"Определение глюкозы в сыворотке крови на анализаторе","ShortNameKZ":"Қан сарысуындағы глюкозаны талдауышта анықтау ","ShortName":"Определение глюкозы в сыворотке крови на анализаторе","FullName":"B03.335.002 - Определение глюкозы в сыворотке крови на анализаторе","Code":"B03.335.002","ExternalCode":null,"ServiceClassID":5,"ServiceClass":{"ServiceTypeID":2,"OrderBy":5,"MasterDataID":5,"NameRU":"Клиническая химия (биохимия)","NameKZ":"Клиникалық химия (биохимия)","Name":"Клиническая химия (биохимия)","PublicCode":"500","EndDate":null,"ID":"5","StrID":"5"},"Service":{"NameRU":"Определение глюкозы в сыворотке крови на анализаторе","NameKZ":"Қан сарысуындағы глюкозаны талдауышта анықтау","Name":"Определение глюкозы в сыворотке крови на анализаторе","ShortNameRU":"Глюкоза в сыворотке крови на анализаторе","ShortNameKZ":"Глюкоза в сыворотке крови на анализаторе","ShortName":"Глюкоза в сыворотке крови на анализаторе","FullName":"B03.335.002 - Определение глюкозы в сыворотке крови на анализаторе","Code":"B03.335.002","ServiceClassID":5,"ServiceClass":null,"ServiceSubClassID":6,"ServiceSubClass":null,"MaterialTypeID":202,"MaterialType":null,"MasterDataID":3131,"ID":"290","StrID":"290"},"MasterDataID":8269499,"ServiceSubClassID":6,"PayType":1,"ServiceSubClass":null,"ID":"2164501","StrID":"2164501"},"FullName":"B03.335.002 - Определение глюкозы в сыворотке крови на анализаторе  () ","IsMain":true,"SourceID":"144987289_33982935","WorkPlaceID":20747,"WorkPlace":null,"DriverManager":null,"ParameterID":null,"Parameter":null,"AdditionalInfo":null,"Status":1,"PerformetServiceCount":7,"ResearchResultCount":0,"ApproveResearchResultCount":0,"NotSaveResearchResultCount":0,"ParentID":null,"ScreeningCandidatePlanGuid":null,"ScreeningUrl":null,"TakePlace":null,"MaterialTypeID":null,"MaterialType":null,"PartCount":0,"IsOrderProductionControl":false,"Uid":"5c205eba-d2b6-4175-8177-b5bdb3e20513","OrderPerformerServices":[],"OrderResearchAllergens":[],"Results":[],"IsResumed":false,"ExecutionType":0,"ID":"67070131","StrID":"67070131"},"ParameterID":200549,"Parameter":{"ShortNameRU":"глюкоза в сыворотке крови","ShortNameKZ":"қан сарысуындағы глюкоза","ShortName":"глюкоза в сыворотке крови","DataType":0,"DataTypeName":"Число","UnitTypeID":100051,"UnitType":null,"MedicalFormID":null,"MasterDataID":0,"MedicalForm":null,"NameWithDataType":"глюкоза в сыворотке крови  (Число)","NameRU":"глюкоза в сыворотке крови","NameKZ":"қан сарысуындағы глюкоза","Name":"глюкоза в сыворотке крови","PublicCode":"20054900","EndDate":null,"ID":"200549","StrID":"200549"},"ParameterValues":null,"ParameterValueID":null,"ParameterValue":null,"ResultText":"9.98","ResultValue":"9.98","ResultDate":"2026-08-30T17:30:03.5762714+05:00","PostID":"189416","Post":null,"ExecuteMethod":2,"SourceResultText":"9.98","SourceResultValue":"9.98","SourceResultExpression":null,"SourceUnitTypeID":100051,"SourceUnitType":{"OrderBy":52,"MasterDataID":null,"CDD_ID":null,"NameRU":"ммоль/л","NameKZ":"ммоль/л","Name":"ммоль/л","PublicCode":"10005100","EndDate":null,"ID":"100051","StrID":"100051"},"MultiplierID":null,"IsApproved":false,"IsValidated":false,"StandardMatchType":0,"ApproveDate":null,"ApprovePostID":null,"ApprovePost":null,"OrderNum":1,"WorkPlaceID":20747,"OrderID":null,"BacteriologyResult":null,"AnalyzerId":38,"IsOrderProductionControl":false,"ID":"207143010","StrID":"207143010"}
30.08.2026 17:30:03	Information:	Result object to save: 
30.08.2026 17:30:03	Information:	{"OrderResearchID":67070132,"OrderResearch":null,"ParameterID":200852,"Parameter":{"ShortNameRU":"мочевина в сыворотке крови","ShortNameKZ":"қан сарысуындағы несепнәр","ShortName":"мочевина в сыворотке крови","DataType":0,"DataTypeName":"Число","UnitTypeID":100051,"UnitType":{"NameRU":"ммоль/л","NameKZ":"ммоль/л","Name":"ммоль/л","PublicCode":"10005100","OrderBy":52,"ID":100051,"StrID":"100051"},"MedicalFormID":null,"MedicalForm":null,"NameRU":"мочевина в сыворотке крови","NameKZ":"қан сарысуындағы несепнәр","Name":"мочевина в сыворотке крови","PublicCode":"20085200","OrderBy":null,"ID":200852,"StrID":"200852"},"ParameterValueID":null,"ParameterValue":null,"ResultText":"4.32","ResultValue":null,"ResultDate":"2026-08-30T17:30:02.9246648+05:00","PostID":0,"Post":null,"ExecuteMethod":2,"SourceResultText":"4.32","SourceResultValue":null,"SourceResultExpression":null,"SourceUnitTypeID":100051,"SourceUnitType":{"NameRU":"ммоль/л","NameKZ":"ммоль/л","Name":"ммоль/л","PublicCode":"10005100","OrderBy":52,"ID":100051,"StrID":"100051"},"IsApproved":false,"ApproveDate":null,"ApprovePostID":null,"ApprovePost":null,"OrderNum":1,"WorkPlaceID":20747,"DriverManagerID":150,"BacteriologyResult":null,"AnalyzerId":38,"IsOrderProductionControl":false,"ID":0,"StrID":"0"}
30.08.2026 17:30:03	Information:	Save string: 
30.08.2026 17:30:03	Information:	{"OrderResearchID":67070132,"OrderResearch":{"OrderID":31121567,"ServiceMoID":2164626,"ServiceMoMasterDataID":8269504,"ServiceMo":{"OrgHealthCareID":"45500000000000909","ServiceID":295,"NameRU":"Определение мочевины в сыворотке крови на анализаторе","NameKZ":"Қан сарысуындағы несепнәрді  талдауышта анықтау ","Name":"Определение мочевины в сыворотке крови на анализаторе","ShortNameRU":"Определение мочевины в сыворотке крови на анализаторе","ShortNameKZ":"Қан сарысуындағы несепнәрді  талдауышта анықтау ","ShortName":"Определение мочевины в сыворотке крови на анализаторе","FullName":"B03.386.002 - Определение мочевины в сыворотке крови на анализаторе","Code":"B03.386.002","ExternalCode":null,"ServiceClassID":5,"ServiceClass":{"ServiceTypeID":2,"OrderBy":5,"MasterDataID":5,"NameRU":"Клиническая химия (биохимия)","NameKZ":"Клиникалық химия (биохимия)","Name":"Клиническая химия (биохимия)","PublicCode":"500","EndDate":null,"ID":"5","StrID":"5"},"Service":{"NameRU":"Определение мочевины в сыворотке крови на анализаторе","NameKZ":"Қан сарысуындағы несепнәрді талдауышта анықтау","Name":"Определение мочевины в сыворотке крови на анализаторе","ShortNameRU":"Мочевина на анализаторе","ShortNameKZ":"Мочевина на анализаторе","ShortName":"Мочевина на анализаторе","FullName":"B03.386.002 - Определение мочевины в сыворотке крови на анализаторе","Code":"B03.386.002","ServiceClassID":5,"ServiceClass":null,"ServiceSubClassID":6,"ServiceSubClass":null,"MaterialTypeID":202,"MaterialType":null,"MasterDataID":3136,"ID":"295","StrID":"295"},"MasterDataID":8269504,"ServiceSubClassID":6,"PayType":1,"ServiceSubClass":null,"ID":"2164626","StrID":"2164626"},"FullName":"B03.386.002 - Определение мочевины в сыворотке крови на анализаторе  () ","IsMain":true,"SourceID":"144987289_33982930","WorkPlaceID":20747,"WorkPlace":null,"DriverManager":null,"ParameterID":null,"Parameter":null,"AdditionalInfo":null,"Status":1,"PerformetServiceCount":7,"ResearchResultCount":0,"ApproveResearchResultCount":0,"NotSaveResearchResultCount":0,"ParentID":null,"ScreeningCandidatePlanGuid":null,"ScreeningUrl":null,"TakePlace":null,"MaterialTypeID":null,"MaterialType":null,"PartCount":0,"IsOrderProductionControl":false,"Uid":"ecfd28e0-ad06-4efc-878e-ad334ca85b98","OrderPerformerServices":[],"OrderResearchAllergens":[],"Results":[],"IsResumed":false,"ExecutionType":0,"ID":"67070132","StrID":"67070132"},"ParameterID":200852,"Parameter":{"ShortNameRU":"мочевина в сыворотке крови","ShortNameKZ":"қан сарысуындағы несепнәр","ShortName":"мочевина в сыворотке крови","DataType":0,"DataTypeName":"Число","UnitTypeID":100051,"UnitType":null,"MedicalFormID":null,"MasterDataID":0,"MedicalForm":null,"NameWithDataType":"мочевина в сыворотке крови  (Число)","NameRU":"мочевина в сыворотке крови","NameKZ":"қан сарысуындағы несепнәр","Name":"мочевина в сыворотке крови","PublicCode":"20085200","EndDate":null,"ID":"200852","StrID":"200852"},"ParameterValues":null,"ParameterValueID":null,"ParameterValue":null,"ResultText":"4.32","ResultValue":"4.32","ResultDate":"2026-08-30T17:30:03.6396567+05:00","PostID":"189416","Post":null,"ExecuteMethod":2,"SourceResultText":"4.32","SourceResultValue":"4.32","SourceResultExpression":null,"SourceUnitTypeID":100051,"SourceUnitType":{"OrderBy":52,"MasterDataID":null,"CDD_ID":null,"NameRU":"ммоль/л","NameKZ":"ммоль/л","Name":"ммоль/л","PublicCode":"10005100","EndDate":null,"ID":"100051","StrID":"100051"},"MultiplierID":null,"IsApproved":false,"IsValidated":false,"StandardMatchType":0,"ApproveDate":null,"ApprovePostID":null,"ApprovePost":null,"OrderNum":1,"WorkPlaceID":20747,"OrderID":null,"BacteriologyResult":null,"AnalyzerId":38,"IsOrderProductionControl":false,"ID":"207143011","StrID":"207143011"}
30.08.2026 17:30:03	Information:	Result object to save: 
30.08.2026 17:30:03	Information:	{"OrderResearchID":67070126,"OrderResearch":null,"ParameterID":200744,"Parameter":{"ShortNameRU":"креатинин в крови","ShortNameKZ":"қандағы креатинин","ShortName":"креатинин в крови","DataType":0,"DataTypeName":"Число","UnitTypeID":100041,"UnitType":{"NameRU":"мкмоль/л","NameKZ":"мкмоль/л","Name":"мкмоль/л","PublicCode":"10004100","OrderBy":42,"ID":100041,"StrID":"100041"},"MedicalFormID":null,"MedicalForm":null,"NameRU":"креатинин в крови","NameKZ":"қандағы креатинин","Name":"креатинин в крови","PublicCode":"20074400","OrderBy":null,"ID":200744,"StrID":"200744"},"ParameterValueID":null,"ParameterValue":null,"ResultText":"24.71","ResultValue":null,"ResultDate":"2026-08-30T17:30:02.926714+05:00","PostID":0,"Post":null,"ExecuteMethod":2,"SourceResultText":"24.71","SourceResultValue":null,"SourceResultExpression":null,"SourceUnitTypeID":100041,"SourceUnitType":{"NameRU":"мкмоль/л","NameKZ":"мкмоль/л","Name":"мкмоль/л","PublicCode":"10004100","OrderBy":42,"ID":100041,"StrID":"100041"},"IsApproved":false,"ApproveDate":null,"ApprovePostID":null,"ApprovePost":null,"OrderNum":1,"WorkPlaceID":20747,"DriverManagerID":150,"BacteriologyResult":null,"AnalyzerId":38,"IsOrderProductionControl":false,"ID":0,"StrID":"0"}
30.08.2026 17:30:03	Information:	Save string: 
30.08.2026 17:30:03	Information:	{"OrderResearchID":67070126,"OrderResearch":{"OrderID":31121567,"ServiceMoID":2164651,"ServiceMoMasterDataID":8269505,"ServiceMo":{"OrgHealthCareID":"45500000000000909","ServiceID":296,"NameRU":"Определение креатинина в сыворотке крови на анализаторе","NameKZ":"Қан сарысуындағы  креатининді талдауышта анықтау ","Name":"Определение креатинина в сыворотке крови на анализаторе","ShortNameRU":"Определение креатинина в сыворотке крови на анализаторе","ShortNameKZ":"Қан сарысуындағы  креатининді талдауышта анықтау ","ShortName":"Определение креатинина в сыворотке крови на анализаторе","FullName":"B03.363.002 - Определение креатинина в сыворотке крови на анализаторе","Code":"B03.363.002","ExternalCode":null,"ServiceClassID":5,"ServiceClass":{"ServiceTypeID":2,"OrderBy":5,"MasterDataID":5,"NameRU":"Клиническая химия (биохимия)","NameKZ":"Клиникалық химия (биохимия)","Name":"Клиническая химия (биохимия)","PublicCode":"500","EndDate":null,"ID":"5","StrID":"5"},"Service":{"NameRU":"Определение креатинина в сыворотке крови на анализаторе","NameKZ":"Қан сарысуындағы креатининді талдауышта анықтау","Name":"Определение креатинина в сыворотке крови на анализаторе","ShortNameRU":"Креатинин на анализаторе","ShortNameKZ":"Креатинин на анализаторе","ShortName":"Креатинин на анализаторе","FullName":"B03.363.002 - Определение креатинина в сыворотке крови на анализаторе","Code":"B03.363.002","ServiceClassID":5,"ServiceClass":null,"ServiceSubClassID":6,"ServiceSubClass":null,"MaterialTypeID":202,"MaterialType":null,"MasterDataID":3137,"ID":"296","StrID":"296"},"MasterDataID":8269505,"ServiceSubClassID":6,"PayType":1,"ServiceSubClass":null,"ID":"2164651","StrID":"2164651"},"FullName":"B03.363.002 - Определение креатинина в сыворотке крови на анализаторе  () ","IsMain":true,"SourceID":"144987289_33982929","WorkPlaceID":20747,"WorkPlace":null,"DriverManager":null,"ParameterID":null,"Parameter":null,"AdditionalInfo":null,"Status":1,"PerformetServiceCount":7,"ResearchResultCount":0,"ApproveResearchResultCount":0,"NotSaveResearchResultCount":0,"ParentID":null,"ScreeningCandidatePlanGuid":null,"ScreeningUrl":null,"TakePlace":null,"MaterialTypeID":null,"MaterialType":null,"PartCount":0,"IsOrderProductionControl":false,"Uid":"06c21c7b-1481-4cf2-ada5-0e35db86298f","OrderPerformerServices":[],"OrderResearchAllergens":[],"Results":[],"IsResumed":false,"ExecutionType":0,"ID":"67070126","StrID":"67070126"},"ParameterID":200744,"Parameter":{"ShortNameRU":"креатинин в крови","ShortNameKZ":"қандағы креатинин","ShortName":"креатинин в крови","DataType":0,"DataTypeName":"Число","UnitTypeID":100041,"UnitType":null,"MedicalFormID":null,"MasterDataID":0,"MedicalForm":null,"NameWithDataType":"креатинин в крови  (Число)","NameRU":"креатинин в крови","NameKZ":"қандағы креатинин","Name":"креатинин в крови","PublicCode":"20074400","EndDate":null,"ID":"200744","StrID":"200744"},"ParameterValues":null,"ParameterValueID":null,"ParameterValue":null,"ResultText":"24.71","ResultValue":"24.71","ResultDate":"2026-08-30T17:30:03.7120778+05:00","PostID":"189416","Post":null,"ExecuteMethod":2,"SourceResultText":"24.71","SourceResultValue":"24.71","SourceResultExpression":null,"SourceUnitTypeID":100041,"SourceUnitType":{"OrderBy":42,"MasterDataID":null,"CDD_ID":null,"NameRU":"мкмоль/л","NameKZ":"мкмоль/л","Name":"мкмоль/л","PublicCode":"10004100","EndDate":null,"ID":"100041","StrID":"100041"},"MultiplierID":null,"IsApproved":false,"IsValidated":false,"StandardMatchType":0,"ApproveDate":null,"ApprovePostID":null,"ApprovePost":null,"OrderNum":1,"WorkPlaceID":20747,"OrderID":null,"BacteriologyResult":null,"AnalyzerId":38,"IsOrderProductionControl":false,"ID":"207143012","StrID":"207143012"}
30.08.2026 17:30:03	Information:	Result object to save: 
30.08.2026 17:30:03	Information:	{"OrderResearchID":67070133,"OrderResearch":null,"ParameterID":201150,"Parameter":{"ShortNameRU":"СРБ","ShortNameKZ":"СРА","ShortName":"СРБ","DataType":0,"DataTypeName":"Число","UnitTypeID":100026,"UnitType":{"NameRU":"мг/л","NameKZ":"мг/л","Name":"мг/л","PublicCode":"10002600","OrderBy":27,"ID":100026,"StrID":"100026"},"MedicalFormID":null,"MedicalForm":null,"NameRU":"СРБ","NameKZ":"СРА","Name":"СРБ","PublicCode":"20115000","OrderBy":null,"ID":201150,"StrID":"201150"},"ParameterValueID":null,"ParameterValue":null,"ResultText":"0","ResultValue":null,"ResultDate":"2026-08-30T17:30:02.9282543+05:00","PostID":0,"Post":null,"ExecuteMethod":2,"SourceResultText":"0","SourceResultValue":null,"SourceResultExpression":null,"SourceUnitTypeID":100026,"SourceUnitType":{"NameRU":"мг/л","NameKZ":"мг/л","Name":"мг/л","PublicCode":"10002600","OrderBy":27,"ID":100026,"StrID":"100026"},"IsApproved":false,"ApproveDate":null,"ApprovePostID":null,"ApprovePost":null,"OrderNum":1,"WorkPlaceID":20747,"DriverManagerID":150,"BacteriologyResult":null,"AnalyzerId":38,"IsOrderProductionControl":false,"ID":0,"StrID":"0"}
30.08.2026 17:30:03	Information:	Save string: 
30.08.2026 17:30:03	Information:	{"OrderResearchID":67070133,"OrderResearch":{"OrderID":31121567,"ServiceMoID":2164726,"ServiceMoMasterDataID":8269508,"ServiceMo":{"OrgHealthCareID":"45500000000000909","ServiceID":299,"NameRU":"Определение «C» реактивного белка (СРБ) в сыворотке крови количественно","NameKZ":"Қан сарысуында \"C\" реактивті нәруызын сандық анықтау","Name":"Определение «C» реактивного белка (СРБ) в сыворотке крови количественно","ShortNameRU":"Определение «C» реактивного белка (СРБ) в сыворотке крови количественно","ShortNameKZ":"Қан сарысуында \"C\" реактивті нәруызын сандық анықтау","ShortName":"Определение «C» реактивного белка (СРБ) в сыворотке крови количественно","FullName":"B03.115.002 - Определение «C» реактивного белка (СРБ) в сыворотке крови количественно","Code":"B03.115.002","ExternalCode":null,"ServiceClassID":5,"ServiceClass":{"ServiceTypeID":2,"OrderBy":5,"MasterDataID":5,"NameRU":"Клиническая химия (биохимия)","NameKZ":"Клиникалық химия (биохимия)","Name":"Клиническая химия (биохимия)","PublicCode":"500","EndDate":null,"ID":"5","StrID":"5"},"Service":{"NameRU":"Определение «C» реактивного белка (СРБ) в сыворотке крови количественно","NameKZ":"Қан сарысуында \"C\" реактивті нәруызын сандық анықтау","Name":"Определение «C» реактивного белка (СРБ) в сыворотке крови количественно","ShortNameRU":"СРБ на анализаторе","ShortNameKZ":"СРБ на анализаторе","ShortName":"СРБ на анализаторе","FullName":"B03.115.002 - Определение «C» реактивного белка (СРБ) в сыворотке крови количественно","Code":"B03.115.002","ServiceClassID":5,"ServiceClass":null,"ServiceSubClassID":6,"ServiceSubClass":null,"MaterialTypeID":202,"MaterialType":null,"MasterDataID":3140,"ID":"299","StrID":"299"},"MasterDataID":8269508,"ServiceSubClassID":6,"PayType":1,"ServiceSubClass":null,"ID":"2164726","StrID":"2164726"},"FullName":"B03.115.002 - Определение «C» реактивного белка (СРБ) в сыворотке крови количественно  () ","IsMain":true,"SourceID":"144987289_33982936","WorkPlaceID":20747,"WorkPlace":null,"DriverManager":null,"ParameterID":null,"Parameter":null,"AdditionalInfo":null,"Status":1,"PerformetServiceCount":7,"ResearchResultCount":0,"ApproveResearchResultCount":0,"NotSaveResearchResultCount":0,"ParentID":null,"ScreeningCandidatePlanGuid":null,"ScreeningUrl":null,"TakePlace":null,"MaterialTypeID":null,"MaterialType":null,"PartCount":0,"IsOrderProductionControl":false,"Uid":"e0918217-8f8a-4a6c-960d-e00450c50e59","OrderPerformerServices":[],"OrderResearchAllergens":[],"Results":[],"IsResumed":false,"ExecutionType":0,"ID":"67070133","StrID":"67070133"},"ParameterID":201150,"Parameter":{"ShortNameRU":"СРБ","ShortNameKZ":"СРА","ShortName":"СРБ","DataType":0,"DataTypeName":"Число","UnitTypeID":100026,"UnitType":null,"MedicalFormID":null,"MasterDataID":0,"MedicalForm":null,"NameWithDataType":"СРБ  (Число)","NameRU":"СРБ","NameKZ":"СРА","Name":"СРБ","PublicCode":"20115000","EndDate":null,"ID":"201150","StrID":"201150"},"ParameterValues":null,"ParameterValueID":null,"ParameterValue":null,"ResultText":"0.00","ResultValue":"0.00","ResultDate":"2026-08-30T17:30:03.779011+05:00","PostID":"189416","Post":null,"ExecuteMethod":2,"SourceResultText":"0.00","SourceResultValue":"0.00","SourceResultExpression":null,"SourceUnitTypeID":100026,"SourceUnitType":{"OrderBy":27,"MasterDataID":null,"CDD_ID":null,"NameRU":"мг/л","NameKZ":"мг/л","Name":"мг/л","PublicCode":"10002600","EndDate":null,"ID":"100026","StrID":"100026"},"MultiplierID":null,"IsApproved":false,"IsValidated":false,"StandardMatchType":0,"ApproveDate":null,"ApprovePostID":null,"ApprovePost":null,"OrderNum":1,"WorkPlaceID":20747,"OrderID":null,"BacteriologyResult":null,"AnalyzerId":38,"IsOrderProductionControl":false,"ID":"207143013","StrID":"207143013"}
30.08.2026 17:30:03	Debug:	 SendResults SaveDeviceResults = 772 ms
30.08.2026 17:30:03	Debug:	 total for SendResults = 1470 ms
30.08.2026 17:30:15	Information:	url https://lab-vko.dmed.kz/ /api/DriverManager/PingDevice
30.08.2026 17:30:15	Information:	{
"Hash": "w9LjvpRCyoByGV3Lzv0iX9dSI0tLK0uV+pRojL1kufc=",
"Status": 0
}


30.08.2026 17:30:15	Information:	Ping ret is {"Status":0,"Comment":null}
30.08.2026 17:32:15	Information:	url https://lab-vko.dmed.kz/ /api/DriverManager/PingDevice
30.08.2026 17:32:15	Information:	{
"Hash": "w9LjvpRCyoByGV3Lzv0iX9dSI0tLK0uV+pRojL1kufc=",
"Status": 0
}


30.08.2026 17:32:15	Information:	Ping ret is {"Status":0,"Comment":null}
30.08.2026 17:34:16	Information:	url https://lab-vko.dmed.kz/ /api/DriverManager/PingDevice
30.08.2026 17:34:16	Information:	{
"Hash": "w9LjvpRCyoByGV3Lzv0iX9dSI0tLK0uV+pRojL1kufc=",
"Status": 0
}


30.08.2026 17:34:16	Information:	Ping ret is {"Status":0,"Comment":null}
30.08.2026 17:34:29	Information:	refresh tokens
30.08.2026 17:36:16	Information:	url https://lab-vko.dmed.kz/ /api/DriverManager/PingDevice
30.08.2026 17:36:16	Information:	{
"Hash": "w9LjvpRCyoByGV3Lzv0iX9dSI0tLK0uV+pRojL1kufc=",
"Status": 0
}


30.08.2026 17:36:16	Information:	Ping ret is {"Status":0,"Comment":null}
30.08.2026 17:38:17	Information:	url https://lab-vko.dmed.kz/ /api/DriverManager/PingDevice
30.08.2026 17:38:17	Information:	{
"Hash": "w9LjvpRCyoByGV3Lzv0iX9dSI0tLK0uV+pRojL1kufc=",
"Status": 0
}


30.08.2026 17:38:17	Information:	Ping ret is {"Status":0,"Comment":null}
30.08.2026 17:40:17	Information:	url https://lab-vko.dmed.kz/ /api/DriverManager/PingDevice
30.08.2026 17:40:17	Information:	{
"Hash": "w9LjvpRCyoByGV3Lzv0iX9dSI0tLK0uV+pRojL1kufc=",
"Status": 0
}


30.08.2026 17:40:17	Information:	Ping ret is {"Status":0,"Comment":null}
30.08.2026 17:42:18	Information:	url https://lab-vko.dmed.kz/ /api/DriverManager/PingDevice
30.08.2026 17:42:18	Information:	{
"Hash": "w9LjvpRCyoByGV3Lzv0iX9dSI0tLK0uV+pRojL1kufc=",
"Status": 0
}


30.08.2026 17:42:18	Information:	Ping ret is {"Status":0,"Comment":null}
30.08.2026 17:44:18	Information:	url https://lab-vko.dmed.kz/ /api/DriverManager/PingDevice
30.08.2026 17:44:18	Information:	{
"Hash": "w9LjvpRCyoByGV3Lzv0iX9dSI0tLK0uV+pRojL1kufc=",
"Status": 0
}


30.08.2026 17:44:18	Information:	Ping ret is {"Status":0,"Comment":null}
30.08.2026 17:44:29	Information:	refresh tokens
30.08.2026 17:46:19	Information:	url https://lab-vko.dmed.kz/ /api/DriverManager/PingDevice
30.08.2026 17:46:19	Information:	{
"Hash": "w9LjvpRCyoByGV3Lzv0iX9dSI0tLK0uV+pRojL1kufc=",
"Status": 0
}


30.08.2026 17:46:19	Information:	Ping ret is {"Status":0,"Comment":null}
30.08.2026 17:48:20	Information:	url https://lab-vko.dmed.kz/ /api/DriverManager/PingDevice
30.08.2026 17:48:20	Information:	{
"Hash": "w9LjvpRCyoByGV3Lzv0iX9dSI0tLK0uV+pRojL1kufc=",
"Status": 0
}


30.08.2026 17:48:20	Information:	Ping ret is {"Status":0,"Comment":null}
30.08.2026 17:50:20	Information:	url https://lab-vko.dmed.kz/ /api/DriverManager/PingDevice
30.08.2026 17:50:20	Information:	{
"Hash": "w9LjvpRCyoByGV3Lzv0iX9dSI0tLK0uV+pRojL1kufc=",
"Status": 0
}


30.08.2026 17:50:20	Information:	Ping ret is {"Status":0,"Comment":null}
30.08.2026 17:52:20	Information:	url https://lab-vko.dmed.kz/ /api/DriverManager/PingDevice
30.08.2026 17:52:20	Information:	{
"Hash": "w9LjvpRCyoByGV3Lzv0iX9dSI0tLK0uV+pRojL1kufc=",
"Status": 0
}


30.08.2026 17:52:20	Information:	Ping ret is {"Status":0,"Comment":null}
30.08.2026 17:54:21	Information:	url https://lab-vko.dmed.kz/ /api/DriverManager/PingDevice
30.08.2026 17:54:21	Information:	{
"Hash": "w9LjvpRCyoByGV3Lzv0iX9dSI0tLK0uV+pRojL1kufc=",
"Status": 0
}


30.08.2026 17:54:21	Information:	Ping ret is {"Status":0,"Comment":null}
30.08.2026 17:54:29	Information:	refresh tokens
30.08.2026 17:56:22	Information:	url https://lab-vko.dmed.kz/ /api/DriverManager/PingDevice
30.08.2026 17:56:22	Information:	{
"Hash": "w9LjvpRCyoByGV3Lzv0iX9dSI0tLK0uV+pRojL1kufc=",
"Status": 0
}


30.08.2026 17:56:22	Information:	Ping ret is {"Status":0,"Comment":null}
30.08.2026 17:58:22	Information:	url https://lab-vko.dmed.kz/ /api/DriverManager/PingDevice
30.08.2026 17:58:22	Information:	{
"Hash": "w9LjvpRCyoByGV3Lzv0iX9dSI0tLK0uV+pRojL1kufc=",
"Status": 0
}


30.08.2026 17:58:22	Information:	Ping ret is {"Status":0,"Comment":null}
30.08.2026 18:00:22	Information:	url https://lab-vko.dmed.kz/ /api/DriverManager/PingDevice
30.08.2026 18:00:23	Information:	{
"Hash": "w9LjvpRCyoByGV3Lzv0iX9dSI0tLK0uV+pRojL1kufc=",
"Status": 0
}


30.08.2026 18:00:23	Information:	Ping ret is {"Status":0,"Comment":null}
30.08.2026 18:02:23	Information:	url https://lab-vko.dmed.kz/ /api/DriverManager/PingDevice
30.08.2026 18:02:23	Information:	{
"Hash": "w9LjvpRCyoByGV3Lzv0iX9dSI0tLK0uV+pRojL1kufc=",
"Status": 0
}


30.08.2026 18:02:23	Information:	Ping ret is {"Status":0,"Comment":null}
30.08.2026 18:04:23	Information:	url https://lab-vko.dmed.kz/ /api/DriverManager/PingDevice
30.08.2026 18:04:23	Information:	{
"Hash": "w9LjvpRCyoByGV3Lzv0iX9dSI0tLK0uV+pRojL1kufc=",
"Status": 0
}


30.08.2026 18:04:23	Information:	Ping ret is {"Status":0,"Comment":null}
30.08.2026 18:04:29	Information:	refresh tokens
30.08.2026 18:06:24	Information:	url https://lab-vko.dmed.kz/ /api/DriverManager/PingDevice
30.08.2026 18:06:24	Information:	{
"Hash": "w9LjvpRCyoByGV3Lzv0iX9dSI0tLK0uV+pRojL1kufc=",
"Status": 0
}


30.08.2026 18:06:24	Information:	Ping ret is {"Status":0,"Comment":null}
30.08.2026 18:08:24	Information:	url https://lab-vko.dmed.kz/ /api/DriverManager/PingDevice
30.08.2026 18:08:24	Information:	{
"Hash": "w9LjvpRCyoByGV3Lzv0iX9dSI0tLK0uV+pRojL1kufc=",
"Status": 0
}


30.08.2026 18:08:24	Information:	Ping ret is {"Status":0,"Comment":null}
30.08.2026 18:10:25	Information:	url https://lab-vko.dmed.kz/ /api/DriverManager/PingDevice
30.08.2026 18:10:25	Information:	{
"Hash": "w9LjvpRCyoByGV3Lzv0iX9dSI0tLK0uV+pRojL1kufc=",
"Status": 0
}


30.08.2026 18:10:25	Information:	Ping ret is {"Status":0,"Comment":null}
30.08.2026 18:12:26	Information:	url https://lab-vko.dmed.kz/ /api/DriverManager/PingDevice
30.08.2026 18:12:26	Information:	{
"Hash": "w9LjvpRCyoByGV3Lzv0iX9dSI0tLK0uV+pRojL1kufc=",
"Status": 0
}


30.08.2026 18:12:26	Information:	Ping ret is {"Status":0,"Comment":null}
30.08.2026 18:14:27	Information:	url https://lab-vko.dmed.kz/ /api/DriverManager/PingDevice
30.08.2026 18:14:27	Information:	{
"Hash": "w9LjvpRCyoByGV3Lzv0iX9dSI0tLK0uV+pRojL1kufc=",
"Status": 0
}


30.08.2026 18:14:27	Information:	Ping ret is {"Status":0,"Comment":null}
30.08.2026 18:14:29	Information:	refresh tokens
30.08.2026 18:16:28	Information:	url https://lab-vko.dmed.kz/ /api/DriverManager/PingDevice
30.08.2026 18:16:28	Information:	{
"Hash": "w9LjvpRCyoByGV3Lzv0iX9dSI0tLK0uV+pRojL1kufc=",
"Status": 0
}


30.08.2026 18:16:28	Information:	Ping ret is {"Status":0,"Comment":null}
30.08.2026 18:18:28	Information:	url https://lab-vko.dmed.kz/ /api/DriverManager/PingDevice
30.08.2026 18:18:28	Information:	{
"Hash": "w9LjvpRCyoByGV3Lzv0iX9dSI0tLK0uV+pRojL1kufc=",
"Status": 0
}


30.08.2026 18:18:28	Information:	Ping ret is {"Status":0,"Comment":null}
30.08.2026 18:20:28	Information:	url https://lab-vko.dmed.kz/ /api/DriverManager/PingDevice
30.08.2026 18:20:28	Information:	{
"Hash": "w9LjvpRCyoByGV3Lzv0iX9dSI0tLK0uV+pRojL1kufc=",
"Status": 0
}


30.08.2026 18:20:28	Information:	Ping ret is {"Status":0,"Comment":null}
30.08.2026 18:22:29	Information:	url https://lab-vko.dmed.kz/ /api/DriverManager/PingDevice
30.08.2026 18:22:29	Information:	{
"Hash": "w9LjvpRCyoByGV3Lzv0iX9dSI0tLK0uV+pRojL1kufc=",
"Status": 0
}


30.08.2026 18:22:29	Information:	Ping ret is {"Status":0,"Comment":null}
30.08.2026 18:24:29	Information:	refresh tokens
30.08.2026 18:24:29	Information:	url https://lab-vko.dmed.kz/ /api/DriverManager/PingDevice
30.08.2026 18:24:29	Information:	{
"Hash": "w9LjvpRCyoByGV3Lzv0iX9dSI0tLK0uV+pRojL1kufc=",
"Status": 0
}


30.08.2026 18:24:29	Information:	Ping ret is {"Status":0,"Comment":null}
30.08.2026 18:26:31	Information:	url https://lab-vko.dmed.kz/ /api/DriverManager/PingDevice
30.08.2026 18:26:31	Information:	{
"Hash": "w9LjvpRCyoByGV3Lzv0iX9dSI0tLK0uV+pRojL1kufc=",
"Status": 0
}


30.08.2026 18:26:31	Information:	Ping ret is {"Status":0,"Comment":null}
30.08.2026 18:28:32	Information:	url https://lab-vko.dmed.kz/ /api/DriverManager/PingDevice
30.08.2026 18:28:32	Information:	{
"Hash": "w9LjvpRCyoByGV3Lzv0iX9dSI0tLK0uV+pRojL1kufc=",
"Status": 0
}


30.08.2026 18:28:32	Information:	Ping ret is {"Status":0,"Comment":null}
30.08.2026 18:30:32	Information:	url https://lab-vko.dmed.kz/ /api/DriverManager/PingDevice
30.08.2026 18:30:32	Information:	{
"Hash": "w9LjvpRCyoByGV3Lzv0iX9dSI0tLK0uV+pRojL1kufc=",
"Status": 0
}


30.08.2026 18:30:32	Information:	Ping ret is {"Status":0,"Comment":null}
30.08.2026 18:32:33	Information:	url https://lab-vko.dmed.kz/ /api/DriverManager/PingDevice
30.08.2026 18:32:33	Information:	{
"Hash": "w9LjvpRCyoByGV3Lzv0iX9dSI0tLK0uV+pRojL1kufc=",
"Status": 0
}


30.08.2026 18:32:33	Information:	Ping ret is {"Status":0,"Comment":null}
30.08.2026 18:34:29	Information:	refresh tokens
30.08.2026 18:34:33	Information:	url https://lab-vko.dmed.kz/ /api/DriverManager/PingDevice
30.08.2026 18:34:33	Information:	{
"Hash": "w9LjvpRCyoByGV3Lzv0iX9dSI0tLK0uV+pRojL1kufc=",
"Status": 0
}


30.08.2026 18:34:33	Information:	Ping ret is {"Status":0,"Comment":null}
30.08.2026 18:36:34	Information:	url https://lab-vko.dmed.kz/ /api/DriverManager/PingDevice
30.08.2026 18:36:34	Information:	{
"Hash": "w9LjvpRCyoByGV3Lzv0iX9dSI0tLK0uV+pRojL1kufc=",
"Status": 0
}


30.08.2026 18:36:34	Information:	Ping ret is {"Status":0,"Comment":null}
30.08.2026 18:38:34	Information:	url https://lab-vko.dmed.kz/ /api/DriverManager/PingDevice
30.08.2026 18:38:34	Information:	{
"Hash": "w9LjvpRCyoByGV3Lzv0iX9dSI0tLK0uV+pRojL1kufc=",
"Status": 0
}


30.08.2026 18:38:34	Information:	Ping ret is {"Status":0,"Comment":null}
30.08.2026 18:40:35	Information:	url https://lab-vko.dmed.kz/ /api/DriverManager/PingDevice
30.08.2026 18:40:35	Information:	{
"Hash": "w9LjvpRCyoByGV3Lzv0iX9dSI0tLK0uV+pRojL1kufc=",
"Status": 0
}


30.08.2026 18:40:35	Information:	Ping ret is {"Status":0,"Comment":null}
30.08.2026 18:42:35	Information:	url https://lab-vko.dmed.kz/ /api/DriverManager/PingDevice
30.08.2026 18:42:35	Information:	{
"Hash": "w9LjvpRCyoByGV3Lzv0iX9dSI0tLK0uV+pRojL1kufc=",
"Status": 0
}


30.08.2026 18:42:35	Information:	Ping ret is {"Status":0,"Comment":null}
30.08.2026 18:44:29	Information:	refresh tokens
30.08.2026 18:44:36	Information:	url https://lab-vko.dmed.kz/ /api/DriverManager/PingDevice
30.08.2026 18:44:36	Information:	{
"Hash": "w9LjvpRCyoByGV3Lzv0iX9dSI0tLK0uV+pRojL1kufc=",
"Status": 0
}


30.08.2026 18:44:36	Information:	Ping ret is {"Status":0,"Comment":null}
30.08.2026 18:46:37	Information:	url https://lab-vko.dmed.kz/ /api/DriverManager/PingDevice
30.08.2026 18:46:37	Information:	{
"Hash": "w9LjvpRCyoByGV3Lzv0iX9dSI0tLK0uV+pRojL1kufc=",
"Status": 0
}


30.08.2026 18:46:37	Information:	Ping ret is {"Status":0,"Comment":null}
30.08.2026 18:48:37	Information:	url https://lab-vko.dmed.kz/ /api/DriverManager/PingDevice
30.08.2026 18:48:37	Information:	{
"Hash": "w9LjvpRCyoByGV3Lzv0iX9dSI0tLK0uV+pRojL1kufc=",
"Status": 0
}


30.08.2026 18:48:37	Information:	Ping ret is {"Status":0,"Comment":null}
30.08.2026 18:50:38	Information:	url https://lab-vko.dmed.kz/ /api/DriverManager/PingDevice
30.08.2026 18:50:38	Information:	{
"Hash": "w9LjvpRCyoByGV3Lzv0iX9dSI0tLK0uV+pRojL1kufc=",
"Status": 0
}


30.08.2026 18:50:38	Information:	Ping ret is {"Status":0,"Comment":null}
30.08.2026 18:52:38	Information:	url https://lab-vko.dmed.kz/ /api/DriverManager/PingDevice
30.08.2026 18:52:38	Information:	{
"Hash": "w9LjvpRCyoByGV3Lzv0iX9dSI0tLK0uV+pRojL1kufc=",
"Status": 0
}


30.08.2026 18:52:38	Information:	Ping ret is {"Status":0,"Comment":null}
30.08.2026 18:54:29	Information:	refresh tokens
30.08.2026 18:54:38	Information:	url https://lab-vko.dmed.kz/ /api/DriverManager/PingDevice
30.08.2026 18:54:38	Information:	{
"Hash": "w9LjvpRCyoByGV3Lzv0iX9dSI0tLK0uV+pRojL1kufc=",
"Status": 0
}


30.08.2026 18:54:38	Information:	Ping ret is {"Status":0,"Comment":null}
30.08.2026 18:56:39	Information:	url https://lab-vko.dmed.kz/ /api/DriverManager/PingDevice
30.08.2026 18:56:39	Information:	{
"Hash": "w9LjvpRCyoByGV3Lzv0iX9dSI0tLK0uV+pRojL1kufc=",
"Status": 0
}


30.08.2026 18:56:39	Information:	Ping ret is {"Status":0,"Comment":null}
30.08.2026 18:58:39	Information:	url https://lab-vko.dmed.kz/ /api/DriverManager/PingDevice
30.08.2026 18:58:39	Information:	{
"Hash": "w9LjvpRCyoByGV3Lzv0iX9dSI0tLK0uV+pRojL1kufc=",
"Status": 0
}


30.08.2026 18:58:39	Information:	Ping ret is {"Status":0,"Comment":null}
30.08.2026 19:00:40	Information:	url https://lab-vko.dmed.kz/ /api/DriverManager/PingDevice
30.08.2026 19:00:40	Information:	{
"Hash": "w9LjvpRCyoByGV3Lzv0iX9dSI0tLK0uV+pRojL1kufc=",
"Status": 0
}


30.08.2026 19:00:40	Information:	Ping ret is {"Status":0,"Comment":null}
30.08.2026 19:02:40	Information:	url https://lab-vko.dmed.kz/ /api/DriverManager/PingDevice
30.08.2026 19:02:40	Information:	{
"Hash": "w9LjvpRCyoByGV3Lzv0iX9dSI0tLK0uV+pRojL1kufc=",
"Status": 0
}


30.08.2026 19:02:40	Information:	Ping ret is {"Status":0,"Comment":null}
30.08.2026 19:04:29	Information:	refresh tokens
30.08.2026 19:04:41	Information:	url https://lab-vko.dmed.kz/ /api/DriverManager/PingDevice
30.08.2026 19:04:41	Information:	{
"Hash": "w9LjvpRCyoByGV3Lzv0iX9dSI0tLK0uV+pRojL1kufc=",
"Status": 0
}


30.08.2026 19:04:41	Information:	Ping ret is {"Status":0,"Comment":null}
30.08.2026 19:06:42	Information:	url https://lab-vko.dmed.kz/ /api/DriverManager/PingDevice
30.08.2026 19:06:42	Information:	{
"Hash": "w9LjvpRCyoByGV3Lzv0iX9dSI0tLK0uV+pRojL1kufc=",
"Status": 0
}


30.08.2026 19:06:42	Information:	Ping ret is {"Status":0,"Comment":null}
30.08.2026 19:08:42	Information:	url https://lab-vko.dmed.kz/ /api/DriverManager/PingDevice
30.08.2026 19:08:42	Information:	{
"Hash": "w9LjvpRCyoByGV3Lzv0iX9dSI0tLK0uV+pRojL1kufc=",
"Status": 0
}


30.08.2026 19:08:42	Information:	Ping ret is {"Status":0,"Comment":null}
30.08.2026 19:10:43	Information:	url https://lab-vko.dmed.kz/ /api/DriverManager/PingDevice
30.08.2026 19:10:43	Information:	{
"Hash": "w9LjvpRCyoByGV3Lzv0iX9dSI0tLK0uV+pRojL1kufc=",
"Status": 0
}


30.08.2026 19:10:43	Information:	Ping ret is {"Status":0,"Comment":null}
30.08.2026 19:12:43	Information:	url https://lab-vko.dmed.kz/ /api/DriverManager/PingDevice
30.08.2026 19:12:43	Information:	{
"Hash": "w9LjvpRCyoByGV3Lzv0iX9dSI0tLK0uV+pRojL1kufc=",
"Status": 0
}


30.08.2026 19:12:43	Information:	Ping ret is {"Status":0,"Comment":null}
30.08.2026 19:14:29	Information:	refresh tokens
30.08.2026 19:14:44	Information:	url https://lab-vko.dmed.kz/ /api/DriverManager/PingDevice
30.08.2026 19:14:44	Information:	{
"Hash": "w9LjvpRCyoByGV3Lzv0iX9dSI0tLK0uV+pRojL1kufc=",
"Status": 0
}


30.08.2026 19:14:44	Information:	Ping ret is {"Status":0,"Comment":null}
30.08.2026 19:16:44	Information:	url https://lab-vko.dmed.kz/ /api/DriverManager/PingDevice
30.08.2026 19:16:44	Information:	{
"Hash": "w9LjvpRCyoByGV3Lzv0iX9dSI0tLK0uV+pRojL1kufc=",
"Status": 0
}


30.08.2026 19:16:44	Information:	Ping ret is {"Status":0,"Comment":null}
30.08.2026 19:18:45	Information:	url https://lab-vko.dmed.kz/ /api/DriverManager/PingDevice
30.08.2026 19:18:45	Information:	{
"Hash": "w9LjvpRCyoByGV3Lzv0iX9dSI0tLK0uV+pRojL1kufc=",
"Status": 0
}


30.08.2026 19:18:45	Information:	Ping ret is {"Status":0,"Comment":null}
30.08.2026 19:20:45	Information:	url https://lab-vko.dmed.kz/ /api/DriverManager/PingDevice
30.08.2026 19:20:45	Information:	{
"Hash": "w9LjvpRCyoByGV3Lzv0iX9dSI0tLK0uV+pRojL1kufc=",
"Status": 0
}


30.08.2026 19:20:45	Information:	Ping ret is {"Status":0,"Comment":null}
30.08.2026 19:22:46	Information:	url https://lab-vko.dmed.kz/ /api/DriverManager/PingDevice
30.08.2026 19:22:46	Information:	{
"Hash": "w9LjvpRCyoByGV3Lzv0iX9dSI0tLK0uV+pRojL1kufc=",
"Status": 0
}


30.08.2026 19:22:46	Information:	Ping ret is {"Status":0,"Comment":null}
30.08.2026 19:24:29	Information:	refresh tokens
30.08.2026 19:24:46	Information:	url https://lab-vko.dmed.kz/ /api/DriverManager/PingDevice
30.08.2026 19:24:46	Information:	{
"Hash": "w9LjvpRCyoByGV3Lzv0iX9dSI0tLK0uV+pRojL1kufc=",
"Status": 0
}


30.08.2026 19:24:46	Information:	Ping ret is {"Status":0,"Comment":null}
30.08.2026 19:26:47	Information:	url https://lab-vko.dmed.kz/ /api/DriverManager/PingDevice
30.08.2026 19:26:47	Information:	{
"Hash": "w9LjvpRCyoByGV3Lzv0iX9dSI0tLK0uV+pRojL1kufc=",
"Status": 0
}


30.08.2026 19:26:47	Information:	Ping ret is {"Status":0,"Comment":null}
30.08.2026 19:28:47	Information:	url https://lab-vko.dmed.kz/ /api/DriverManager/PingDevice
30.08.2026 19:28:47	Information:	{
"Hash": "w9LjvpRCyoByGV3Lzv0iX9dSI0tLK0uV+pRojL1kufc=",
"Status": 0
}


30.08.2026 19:28:47	Information:	Ping ret is {"Status":0,"Comment":null}
30.08.2026 19:30:48	Information:	url https://lab-vko.dmed.kz/ /api/DriverManager/PingDevice
30.08.2026 19:30:48	Information:	{
"Hash": "w9LjvpRCyoByGV3Lzv0iX9dSI0tLK0uV+pRojL1kufc=",
"Status": 0
}


30.08.2026 19:30:48	Information:	Ping ret is {"Status":0,"Comment":null}
30.08.2026 19:32:48	Information:	url https://lab-vko.dmed.kz/ /api/DriverManager/PingDevice
30.08.2026 19:32:48	Information:	{
"Hash": "w9LjvpRCyoByGV3Lzv0iX9dSI0tLK0uV+pRojL1kufc=",
"Status": 0
}


30.08.2026 19:32:48	Information:	Ping ret is {"Status":0,"Comment":null}
30.08.2026 19:34:29	Information:	refresh tokens
30.08.2026 19:34:49	Information:	url https://lab-vko.dmed.kz/ /api/DriverManager/PingDevice
30.08.2026 19:34:49	Information:	{
"Hash": "w9LjvpRCyoByGV3Lzv0iX9dSI0tLK0uV+pRojL1kufc=",
"Status": 0
}


30.08.2026 19:34:49	Information:	Ping ret is {"Status":0,"Comment":null}
30.08.2026 19:36:49	Information:	url https://lab-vko.dmed.kz/ /api/DriverManager/PingDevice
30.08.2026 19:36:49	Information:	{
"Hash": "w9LjvpRCyoByGV3Lzv0iX9dSI0tLK0uV+pRojL1kufc=",
"Status": 0
}


30.08.2026 19:36:49	Information:	Ping ret is {"Status":0,"Comment":null}
30.08.2026 19:38:50	Information:	url https://lab-vko.dmed.kz/ /api/DriverManager/PingDevice
30.08.2026 19:38:50	Information:	{
"Hash": "w9LjvpRCyoByGV3Lzv0iX9dSI0tLK0uV+pRojL1kufc=",
"Status": 0
}


30.08.2026 19:38:50	Information:	Ping ret is {"Status":0,"Comment":null}
30.08.2026 19:40:50	Information:	url https://lab-vko.dmed.kz/ /api/DriverManager/PingDevice
30.08.2026 19:40:50	Information:	{
"Hash": "w9LjvpRCyoByGV3Lzv0iX9dSI0tLK0uV+pRojL1kufc=",
"Status": 0
}


30.08.2026 19:40:50	Information:	Ping ret is {"Status":0,"Comment":null}
30.08.2026 19:42:51	Information:	url https://lab-vko.dmed.kz/ /api/DriverManager/PingDevice
30.08.2026 19:42:51	Information:	{
"Hash": "w9LjvpRCyoByGV3Lzv0iX9dSI0tLK0uV+pRojL1kufc=",
"Status": 0
}


30.08.2026 19:42:51	Information:	Ping ret is {"Status":0,"Comment":null}
30.08.2026 19:44:29	Information:	refresh tokens
30.08.2026 19:44:51	Information:	url https://lab-vko.dmed.kz/ /api/DriverManager/PingDevice
30.08.2026 19:44:51	Information:	{
"Hash": "w9LjvpRCyoByGV3Lzv0iX9dSI0tLK0uV+pRojL1kufc=",
"Status": 0
}


30.08.2026 19:44:51	Information:	Ping ret is {"Status":0,"Comment":null}
30.08.2026 19:46:52	Information:	url https://lab-vko.dmed.kz/ /api/DriverManager/PingDevice
30.08.2026 19:46:52	Information:	{
"Hash": "w9LjvpRCyoByGV3Lzv0iX9dSI0tLK0uV+pRojL1kufc=",
"Status": 0
}


30.08.2026 19:46:52	Information:	Ping ret is {"Status":0,"Comment":null}
30.08.2026 19:48:53	Information:	url https://lab-vko.dmed.kz/ /api/DriverManager/PingDevice
30.08.2026 19:48:53	Information:	{
"Hash": "w9LjvpRCyoByGV3Lzv0iX9dSI0tLK0uV+pRojL1kufc=",
"Status": 0
}


30.08.2026 19:48:53	Information:	Ping ret is {"Status":0,"Comment":null}
30.08.2026 19:50:53	Information:	url https://lab-vko.dmed.kz/ /api/DriverManager/PingDevice
30.08.2026 19:50:53	Information:	{
"Hash": "w9LjvpRCyoByGV3Lzv0iX9dSI0tLK0uV+pRojL1kufc=",
"Status": 0
}


30.08.2026 19:50:53	Information:	Ping ret is {"Status":0,"Comment":null}
30.08.2026 19:52:54	Information:	url https://lab-vko.dmed.kz/ /api/DriverManager/PingDevice
30.08.2026 19:52:54	Information:	{
"Hash": "w9LjvpRCyoByGV3Lzv0iX9dSI0tLK0uV+pRojL1kufc=",
"Status": 0
}


30.08.2026 19:52:54	Information:	Ping ret is {"Status":0,"Comment":null}
30.08.2026 19:54:29	Information:	refresh tokens
30.08.2026 19:54:55	Information:	url https://lab-vko.dmed.kz/ /api/DriverManager/PingDevice
30.08.2026 19:54:55	Information:	{
"Hash": "w9LjvpRCyoByGV3Lzv0iX9dSI0tLK0uV+pRojL1kufc=",
"Status": 0
}


30.08.2026 19:54:55	Information:	Ping ret is {"Status":0,"Comment":null}
30.08.2026 19:56:56	Information:	url https://lab-vko.dmed.kz/ /api/DriverManager/PingDevice
30.08.2026 19:56:56	Information:	{
"Hash": "w9LjvpRCyoByGV3Lzv0iX9dSI0tLK0uV+pRojL1kufc=",
"Status": 0
}


30.08.2026 19:56:56	Information:	Ping ret is {"Status":0,"Comment":null}
30.08.2026 19:58:56	Information:	url https://lab-vko.dmed.kz/ /api/DriverManager/PingDevice
30.08.2026 19:58:56	Information:	{
"Hash": "w9LjvpRCyoByGV3Lzv0iX9dSI0tLK0uV+pRojL1kufc=",
"Status": 0
}


30.08.2026 19:58:56	Information:	Ping ret is {"Status":0,"Comment":null}
30.08.2026 20:00:57	Information:	url https://lab-vko.dmed.kz/ /api/DriverManager/PingDevice
30.08.2026 20:00:57	Information:	{
"Hash": "w9LjvpRCyoByGV3Lzv0iX9dSI0tLK0uV+pRojL1kufc=",
"Status": 0
}


30.08.2026 20:00:57	Information:	Ping ret is {"Status":0,"Comment":null}
30.08.2026 20:02:58	Information:	url https://lab-vko.dmed.kz/ /api/DriverManager/PingDevice
30.08.2026 20:02:58	Information:	{
"Hash": "w9LjvpRCyoByGV3Lzv0iX9dSI0tLK0uV+pRojL1kufc=",
"Status": 0
}


30.08.2026 20:02:58	Information:	Ping ret is {"Status":0,"Comment":null}
30.08.2026 20:04:29	Information:	refresh tokens
30.08.2026 20:04:58	Information:	url https://lab-vko.dmed.kz/ /api/DriverManager/PingDevice
30.08.2026 20:04:58	Information:	{
"Hash": "w9LjvpRCyoByGV3Lzv0iX9dSI0tLK0uV+pRojL1kufc=",
"Status": 0
}


30.08.2026 20:04:58	Information:	Ping ret is {"Status":0,"Comment":null}
30.08.2026 20:06:59	Information:	url https://lab-vko.dmed.kz/ /api/DriverManager/PingDevice
30.08.2026 20:06:59	Information:	{
"Hash": "w9LjvpRCyoByGV3Lzv0iX9dSI0tLK0uV+pRojL1kufc=",
"Status": 0
}


30.08.2026 20:06:59	Information:	Ping ret is {"Status":0,"Comment":null}
30.08.2026 20:08:59	Information:	url https://lab-vko.dmed.kz/ /api/DriverManager/PingDevice
30.08.2026 20:08:59	Information:	{
"Hash": "w9LjvpRCyoByGV3Lzv0iX9dSI0tLK0uV+pRojL1kufc=",
"Status": 0
}


30.08.2026 20:08:59	Information:	Ping ret is {"Status":0,"Comment":null}
30.08.2026 20:11:00	Information:	url https://lab-vko.dmed.kz/ /api/DriverManager/PingDevice
30.08.2026 20:11:00	Information:	{
"Hash": "w9LjvpRCyoByGV3Lzv0iX9dSI0tLK0uV+pRojL1kufc=",
"Status": 0
}


30.08.2026 20:11:00	Information:	Ping ret is {"Status":0,"Comment":null}
30.08.2026 20:13:00	Information:	url https://lab-vko.dmed.kz/ /api/DriverManager/PingDevice
30.08.2026 20:13:00	Information:	{
"Hash": "w9LjvpRCyoByGV3Lzv0iX9dSI0tLK0uV+pRojL1kufc=",
"Status": 0
}


30.08.2026 20:13:00	Information:	Ping ret is {"Status":0,"Comment":null}
30.08.2026 20:14:29	Information:	refresh tokens
30.08.2026 20:15:01	Information:	url https://lab-vko.dmed.kz/ /api/DriverManager/PingDevice
30.08.2026 20:15:01	Information:	{
"Hash": "w9LjvpRCyoByGV3Lzv0iX9dSI0tLK0uV+pRojL1kufc=",
"Status": 0
}


30.08.2026 20:15:01	Information:	Ping ret is {"Status":0,"Comment":null}
30.08.2026 20:17:02	Information:	url https://lab-vko.dmed.kz/ /api/DriverManager/PingDevice
30.08.2026 20:17:02	Information:	{
"Hash": "w9LjvpRCyoByGV3Lzv0iX9dSI0tLK0uV+pRojL1kufc=",
"Status": 0
}


30.08.2026 20:17:02	Information:	Ping ret is {"Status":0,"Comment":null}
30.08.2026 20:19:02	Information:	url https://lab-vko.dmed.kz/ /api/DriverManager/PingDevice
30.08.2026 20:19:02	Information:	{
"Hash": "w9LjvpRCyoByGV3Lzv0iX9dSI0tLK0uV+pRojL1kufc=",
"Status": 0
}


30.08.2026 20:19:02	Information:	Ping ret is {"Status":0,"Comment":null}
30.08.2026 20:21:02	Information:	url https://lab-vko.dmed.kz/ /api/DriverManager/PingDevice
30.08.2026 20:21:02	Information:	{
"Hash": "w9LjvpRCyoByGV3Lzv0iX9dSI0tLK0uV+pRojL1kufc=",
"Status": 0
}


30.08.2026 20:21:02	Information:	Ping ret is {"Status":0,"Comment":null}
30.08.2026 20:23:03	Information:	url https://lab-vko.dmed.kz/ /api/DriverManager/PingDevice
30.08.2026 20:23:03	Information:	{
"Hash": "w9LjvpRCyoByGV3Lzv0iX9dSI0tLK0uV+pRojL1kufc=",
"Status": 0
}


30.08.2026 20:23:03	Information:	Ping ret is {"Status":0,"Comment":null}
30.08.2026 20:24:29	Information:	refresh tokens
30.08.2026 20:25:04	Information:	url https://lab-vko.dmed.kz/ /api/DriverManager/PingDevice
30.08.2026 20:25:04	Information:	{
"Hash": "w9LjvpRCyoByGV3Lzv0iX9dSI0tLK0uV+pRojL1kufc=",
"Status": 0
}


30.08.2026 20:25:04	Information:	Ping ret is {"Status":0,"Comment":null}
30.08.2026 20:27:04	Information:	url https://lab-vko.dmed.kz/ /api/DriverManager/PingDevice
30.08.2026 20:27:04	Information:	{
"Hash": "w9LjvpRCyoByGV3Lzv0iX9dSI0tLK0uV+pRojL1kufc=",
"Status": 0
}


30.08.2026 20:27:04	Information:	Ping ret is {"Status":0,"Comment":null}
30.08.2026 20:29:05	Information:	url https://lab-vko.dmed.kz/ /api/DriverManager/PingDevice
30.08.2026 20:29:05	Information:	{
"Hash": "w9LjvpRCyoByGV3Lzv0iX9dSI0tLK0uV+pRojL1kufc=",
"Status": 0
}


30.08.2026 20:29:05	Information:	Ping ret is {"Status":0,"Comment":null}
30.08.2026 20:31:05	Information:	url https://lab-vko.dmed.kz/ /api/DriverManager/PingDevice
30.08.2026 20:31:05	Information:	{
"Hash": "w9LjvpRCyoByGV3Lzv0iX9dSI0tLK0uV+pRojL1kufc=",
"Status": 0
}


30.08.2026 20:31:05	Information:	Ping ret is {"Status":0,"Comment":null}
30.08.2026 20:33:06	Information:	url https://lab-vko.dmed.kz/ /api/DriverManager/PingDevice
30.08.2026 20:33:06	Information:	{
"Hash": "w9LjvpRCyoByGV3Lzv0iX9dSI0tLK0uV+pRojL1kufc=",
"Status": 0
}


30.08.2026 20:33:06	Information:	Ping ret is {"Status":0,"Comment":null}
30.08.2026 20:34:29	Information:	refresh tokens
30.08.2026 20:35:06	Information:	url https://lab-vko.dmed.kz/ /api/DriverManager/PingDevice
30.08.2026 20:35:06	Information:	{
"Hash": "w9LjvpRCyoByGV3Lzv0iX9dSI0tLK0uV+pRojL1kufc=",
"Status": 0
}


30.08.2026 20:35:06	Information:	Ping ret is {"Status":0,"Comment":null}
30.08.2026 20:37:07	Information:	url https://lab-vko.dmed.kz/ /api/DriverManager/PingDevice
30.08.2026 20:37:07	Information:	{
"Hash": "w9LjvpRCyoByGV3Lzv0iX9dSI0tLK0uV+pRojL1kufc=",
"Status": 0
}


30.08.2026 20:37:07	Information:	Ping ret is {"Status":0,"Comment":null}
30.08.2026 20:39:07	Information:	url https://lab-vko.dmed.kz/ /api/DriverManager/PingDevice
30.08.2026 20:39:07	Information:	{
"Hash": "w9LjvpRCyoByGV3Lzv0iX9dSI0tLK0uV+pRojL1kufc=",
"Status": 0
}


30.08.2026 20:39:07	Information:	Ping ret is {"Status":0,"Comment":null}
30.08.2026 20:41:08	Information:	url https://lab-vko.dmed.kz/ /api/DriverManager/PingDevice
30.08.2026 20:41:08	Information:	{
"Hash": "w9LjvpRCyoByGV3Lzv0iX9dSI0tLK0uV+pRojL1kufc=",
"Status": 0
}


30.08.2026 20:41:08	Information:	Ping ret is {"Status":0,"Comment":null}
30.08.2026 20:43:08	Information:	url https://lab-vko.dmed.kz/ /api/DriverManager/PingDevice
30.08.2026 20:43:08	Information:	{
"Hash": "w9LjvpRCyoByGV3Lzv0iX9dSI0tLK0uV+pRojL1kufc=",
"Status": 0
}


30.08.2026 20:43:08	Information:	Ping ret is {"Status":0,"Comment":null}
30.08.2026 20:44:29	Information:	refresh tokens
30.08.2026 20:45:09	Information:	url https://lab-vko.dmed.kz/ /api/DriverManager/PingDevice
30.08.2026 20:45:09	Information:	{
"Hash": "w9LjvpRCyoByGV3Lzv0iX9dSI0tLK0uV+pRojL1kufc=",
"Status": 0
}


30.08.2026 20:45:09	Information:	Ping ret is {"Status":0,"Comment":null}
30.08.2026 20:47:09	Information:	url https://lab-vko.dmed.kz/ /api/DriverManager/PingDevice
30.08.2026 20:47:09	Information:	{
"Hash": "w9LjvpRCyoByGV3Lzv0iX9dSI0tLK0uV+pRojL1kufc=",
"Status": 0
}


30.08.2026 20:47:09	Information:	Ping ret is {"Status":0,"Comment":null}
30.08.2026 20:49:10	Information:	url https://lab-vko.dmed.kz/ /api/DriverManager/PingDevice
30.08.2026 20:49:10	Information:	{
"Hash": "w9LjvpRCyoByGV3Lzv0iX9dSI0tLK0uV+pRojL1kufc=",
"Status": 0
}


30.08.2026 20:49:10	Information:	Ping ret is {"Status":0,"Comment":null}
30.08.2026 20:51:10	Information:	url https://lab-vko.dmed.kz/ /api/DriverManager/PingDevice
30.08.2026 20:51:10	Information:	{
"Hash": "w9LjvpRCyoByGV3Lzv0iX9dSI0tLK0uV+pRojL1kufc=",
"Status": 0
}


30.08.2026 20:51:10	Information:	Ping ret is {"Status":0,"Comment":null}
30.08.2026 20:53:11	Information:	url https://lab-vko.dmed.kz/ /api/DriverManager/PingDevice
30.08.2026 20:53:11	Information:	{
"Hash": "w9LjvpRCyoByGV3Lzv0iX9dSI0tLK0uV+pRojL1kufc=",
"Status": 0
}


30.08.2026 20:53:11	Information:	Ping ret is {"Status":0,"Comment":null}
30.08.2026 20:54:29	Information:	refresh tokens
30.08.2026 20:55:11	Information:	url https://lab-vko.dmed.kz/ /api/DriverManager/PingDevice
30.08.2026 20:55:11	Information:	{
"Hash": "w9LjvpRCyoByGV3Lzv0iX9dSI0tLK0uV+pRojL1kufc=",
"Status": 0
}


30.08.2026 20:55:11	Information:	Ping ret is {"Status":0,"Comment":null}
30.08.2026 20:57:12	Information:	url https://lab-vko.dmed.kz/ /api/DriverManager/PingDevice
30.08.2026 20:57:12	Information:	{
"Hash": "w9LjvpRCyoByGV3Lzv0iX9dSI0tLK0uV+pRojL1kufc=",
"Status": 0
}


30.08.2026 20:57:12	Information:	Ping ret is {"Status":0,"Comment":null}
30.08.2026 20:59:12	Information:	url https://lab-vko.dmed.kz/ /api/DriverManager/PingDevice
30.08.2026 20:59:12	Information:	{
"Hash": "w9LjvpRCyoByGV3Lzv0iX9dSI0tLK0uV+pRojL1kufc=",
"Status": 0
}


30.08.2026 20:59:12	Information:	Ping ret is {"Status":0,"Comment":null}
30.08.2026 21:01:13	Information:	url https://lab-vko.dmed.kz/ /api/DriverManager/PingDevice
30.08.2026 21:01:13	Information:	{
"Hash": "w9LjvpRCyoByGV3Lzv0iX9dSI0tLK0uV+pRojL1kufc=",
"Status": 0
}


30.08.2026 21:01:13	Information:	Ping ret is {"Status":0,"Comment":null}
30.08.2026 21:03:13	Information:	url https://lab-vko.dmed.kz/ /api/DriverManager/PingDevice
30.08.2026 21:03:13	Information:	{
"Hash": "w9LjvpRCyoByGV3Lzv0iX9dSI0tLK0uV+pRojL1kufc=",
"Status": 0
}


30.08.2026 21:03:13	Information:	Ping ret is {"Status":0,"Comment":null}
30.08.2026 21:04:29	Information:	refresh tokens
30.08.2026 21:05:14	Information:	url https://lab-vko.dmed.kz/ /api/DriverManager/PingDevice
30.08.2026 21:05:14	Information:	{
"Hash": "w9LjvpRCyoByGV3Lzv0iX9dSI0tLK0uV+pRojL1kufc=",
"Status": 0
}


30.08.2026 21:05:14	Information:	Ping ret is {"Status":0,"Comment":null}
30.08.2026 21:07:14	Information:	url https://lab-vko.dmed.kz/ /api/DriverManager/PingDevice
30.08.2026 21:07:14	Information:	{
"Hash": "w9LjvpRCyoByGV3Lzv0iX9dSI0tLK0uV+pRojL1kufc=",
"Status": 0
}


30.08.2026 21:07:14	Information:	Ping ret is {"Status":0,"Comment":null}
30.08.2026 21:09:15	Information:	url https://lab-vko.dmed.kz/ /api/DriverManager/PingDevice
30.08.2026 21:09:15	Information:	{
"Hash": "w9LjvpRCyoByGV3Lzv0iX9dSI0tLK0uV+pRojL1kufc=",
"Status": 0
}


30.08.2026 21:09:15	Information:	Ping ret is {"Status":0,"Comment":null}
30.08.2026 21:11:15	Information:	url https://lab-vko.dmed.kz/ /api/DriverManager/PingDevice
30.08.2026 21:11:15	Information:	{
"Hash": "w9LjvpRCyoByGV3Lzv0iX9dSI0tLK0uV+pRojL1kufc=",
"Status": 0
}


30.08.2026 21:11:15	Information:	Ping ret is {"Status":0,"Comment":null}
30.08.2026 21:13:16	Information:	url https://lab-vko.dmed.kz/ /api/DriverManager/PingDevice
30.08.2026 21:13:16	Information:	{
"Hash": "w9LjvpRCyoByGV3Lzv0iX9dSI0tLK0uV+pRojL1kufc=",
"Status": 0
}


30.08.2026 21:13:16	Information:	Ping ret is {"Status":0,"Comment":null}
30.08.2026 21:14:29	Information:	refresh tokens
30.08.2026 21:15:17	Information:	url https://lab-vko.dmed.kz/ /api/DriverManager/PingDevice
30.08.2026 21:15:17	Information:	{
"Hash": "w9LjvpRCyoByGV3Lzv0iX9dSI0tLK0uV+pRojL1kufc=",
"Status": 0
}


30.08.2026 21:15:17	Information:	Ping ret is {"Status":0,"Comment":null}
30.08.2026 21:17:17	Information:	url https://lab-vko.dmed.kz/ /api/DriverManager/PingDevice
30.08.2026 21:17:17	Information:	{
"Hash": "w9LjvpRCyoByGV3Lzv0iX9dSI0tLK0uV+pRojL1kufc=",
"Status": 0
}


30.08.2026 21:17:17	Information:	Ping ret is {"Status":0,"Comment":null}
30.08.2026 21:19:17	Information:	url https://lab-vko.dmed.kz/ /api/DriverManager/PingDevice
30.08.2026 21:19:17	Information:	{
"Hash": "w9LjvpRCyoByGV3Lzv0iX9dSI0tLK0uV+pRojL1kufc=",
"Status": 0
}


30.08.2026 21:19:17	Information:	Ping ret is {"Status":0,"Comment":null}
30.08.2026 21:21:18	Information:	url https://lab-vko.dmed.kz/ /api/DriverManager/PingDevice
30.08.2026 21:21:18	Information:	{
"Hash": "w9LjvpRCyoByGV3Lzv0iX9dSI0tLK0uV+pRojL1kufc=",
"Status": 0
}


30.08.2026 21:21:18	Information:	Ping ret is {"Status":0,"Comment":null}
30.08.2026 21:23:18	Information:	url https://lab-vko.dmed.kz/ /api/DriverManager/PingDevice
30.08.2026 21:23:18	Information:	{
"Hash": "w9LjvpRCyoByGV3Lzv0iX9dSI0tLK0uV+pRojL1kufc=",
"Status": 0
}


30.08.2026 21:23:18	Information:	Ping ret is {"Status":0,"Comment":null}
30.08.2026 21:24:29	Information:	refresh tokens
30.08.2026 21:25:19	Information:	url https://lab-vko.dmed.kz/ /api/DriverManager/PingDevice
30.08.2026 21:25:19	Information:	{
"Hash": "w9LjvpRCyoByGV3Lzv0iX9dSI0tLK0uV+pRojL1kufc=",
"Status": 0
}


30.08.2026 21:25:19	Information:	Ping ret is {"Status":0,"Comment":null}
30.08.2026 21:27:20	Information:	url https://lab-vko.dmed.kz/ /api/DriverManager/PingDevice
30.08.2026 21:27:20	Information:	{
"Hash": "w9LjvpRCyoByGV3Lzv0iX9dSI0tLK0uV+pRojL1kufc=",
"Status": 0
}


30.08.2026 21:27:20	Information:	Ping ret is {"Status":0,"Comment":null}
30.08.2026 21:29:20	Information:	url https://lab-vko.dmed.kz/ /api/DriverManager/PingDevice
30.08.2026 21:29:20	Information:	{
"Hash": "w9LjvpRCyoByGV3Lzv0iX9dSI0tLK0uV+pRojL1kufc=",
"Status": 0
}


30.08.2026 21:29:20	Information:	Ping ret is {"Status":0,"Comment":null}
30.08.2026 21:31:21	Information:	url https://lab-vko.dmed.kz/ /api/DriverManager/PingDevice
30.08.2026 21:31:21	Information:	{
"Hash": "w9LjvpRCyoByGV3Lzv0iX9dSI0tLK0uV+pRojL1kufc=",
"Status": 0
}


30.08.2026 21:31:21	Information:	Ping ret is {"Status":0,"Comment":null}
30.08.2026 21:33:21	Information:	url https://lab-vko.dmed.kz/ /api/DriverManager/PingDevice
30.08.2026 21:33:21	Information:	{
"Hash": "w9LjvpRCyoByGV3Lzv0iX9dSI0tLK0uV+pRojL1kufc=",
"Status": 0
}


30.08.2026 21:33:21	Information:	Ping ret is {"Status":0,"Comment":null}
30.08.2026 21:34:29	Information:	refresh tokens
30.08.2026 21:35:22	Information:	url https://lab-vko.dmed.kz/ /api/DriverManager/PingDevice
30.08.2026 21:35:22	Information:	{
"Hash": "w9LjvpRCyoByGV3Lzv0iX9dSI0tLK0uV+pRojL1kufc=",
"Status": 0
}


30.08.2026 21:35:22	Information:	Ping ret is {"Status":0,"Comment":null}
30.08.2026 21:37:22	Information:	url https://lab-vko.dmed.kz/ /api/DriverManager/PingDevice
30.08.2026 21:37:22	Information:	{
"Hash": "w9LjvpRCyoByGV3Lzv0iX9dSI0tLK0uV+pRojL1kufc=",
"Status": 0
}


30.08.2026 21:37:22	Information:	Ping ret is {"Status":0,"Comment":null}
30.08.2026 21:39:23	Information:	url https://lab-vko.dmed.kz/ /api/DriverManager/PingDevice
30.08.2026 21:39:23	Information:	{
"Hash": "w9LjvpRCyoByGV3Lzv0iX9dSI0tLK0uV+pRojL1kufc=",
"Status": 0
}


30.08.2026 21:39:23	Information:	Ping ret is {"Status":0,"Comment":null}
30.08.2026 21:41:23	Information:	url https://lab-vko.dmed.kz/ /api/DriverManager/PingDevice
30.08.2026 21:41:23	Information:	{
"Hash": "w9LjvpRCyoByGV3Lzv0iX9dSI0tLK0uV+pRojL1kufc=",
"Status": 0
}


30.08.2026 21:41:23	Information:	Ping ret is {"Status":0,"Comment":null}
30.08.2026 21:43:24	Information:	url https://lab-vko.dmed.kz/ /api/DriverManager/PingDevice
30.08.2026 21:43:24	Information:	{
"Hash": "w9LjvpRCyoByGV3Lzv0iX9dSI0tLK0uV+pRojL1kufc=",
"Status": 0
}


30.08.2026 21:43:24	Information:	Ping ret is {"Status":0,"Comment":null}
30.08.2026 21:44:29	Information:	refresh tokens
30.08.2026 21:45:25	Information:	url https://lab-vko.dmed.kz/ /api/DriverManager/PingDevice
30.08.2026 21:45:25	Information:	{
"Hash": "w9LjvpRCyoByGV3Lzv0iX9dSI0tLK0uV+pRojL1kufc=",
"Status": 0
}


30.08.2026 21:45:25	Information:	Ping ret is {"Status":0,"Comment":null}
30.08.2026 21:47:25	Information:	url https://lab-vko.dmed.kz/ /api/DriverManager/PingDevice
30.08.2026 21:47:25	Information:	{
"Hash": "w9LjvpRCyoByGV3Lzv0iX9dSI0tLK0uV+pRojL1kufc=",
"Status": 0
}


30.08.2026 21:47:25	Information:	Ping ret is {"Status":0,"Comment":null}
30.08.2026 21:49:26	Information:	url https://lab-vko.dmed.kz/ /api/DriverManager/PingDevice
30.08.2026 21:49:26	Information:	{
"Hash": "w9LjvpRCyoByGV3Lzv0iX9dSI0tLK0uV+pRojL1kufc=",
"Status": 0
}


30.08.2026 21:49:26	Information:	Ping ret is {"Status":0,"Comment":null}
30.08.2026 21:51:27	Information:	url https://lab-vko.dmed.kz/ /api/DriverManager/PingDevice
30.08.2026 21:51:27	Information:	{
"Hash": "w9LjvpRCyoByGV3Lzv0iX9dSI0tLK0uV+pRojL1kufc=",
"Status": 0
}


30.08.2026 21:51:27	Information:	Ping ret is {"Status":0,"Comment":null}
30.08.2026 21:53:27	Information:	url https://lab-vko.dmed.kz/ /api/DriverManager/PingDevice
30.08.2026 21:53:27	Information:	{
"Hash": "w9LjvpRCyoByGV3Lzv0iX9dSI0tLK0uV+pRojL1kufc=",
"Status": 0
}


30.08.2026 21:53:27	Information:	Ping ret is {"Status":0,"Comment":null}
30.08.2026 21:54:29	Information:	refresh tokens
30.08.2026 21:55:28	Information:	url https://lab-vko.dmed.kz/ /api/DriverManager/PingDevice
30.08.2026 21:55:28	Information:	{
"Hash": "w9LjvpRCyoByGV3Lzv0iX9dSI0tLK0uV+pRojL1kufc=",
"Status": 0
}


30.08.2026 21:55:28	Information:	Ping ret is {"Status":0,"Comment":null}
30.08.2026 21:57:28	Information:	url https://lab-vko.dmed.kz/ /api/DriverManager/PingDevice
30.08.2026 21:57:28	Information:	{
"Hash": "w9LjvpRCyoByGV3Lzv0iX9dSI0tLK0uV+pRojL1kufc=",
"Status": 0
}


30.08.2026 21:57:28	Information:	Ping ret is {"Status":0,"Comment":null}
30.08.2026 21:59:29	Information:	url https://lab-vko.dmed.kz/ /api/DriverManager/PingDevice
30.08.2026 21:59:29	Information:	{
"Hash": "w9LjvpRCyoByGV3Lzv0iX9dSI0tLK0uV+pRojL1kufc=",
"Status": 0
}


30.08.2026 21:59:29	Information:	Ping ret is {"Status":0,"Comment":null}
30.08.2026 22:01:29	Information:	url https://lab-vko.dmed.kz/ /api/DriverManager/PingDevice
30.08.2026 22:01:29	Information:	{
"Hash": "w9LjvpRCyoByGV3Lzv0iX9dSI0tLK0uV+pRojL1kufc=",
"Status": 0
}


30.08.2026 22:01:29	Information:	Ping ret is {"Status":0,"Comment":null}
30.08.2026 22:03:30	Information:	url https://lab-vko.dmed.kz/ /api/DriverManager/PingDevice
30.08.2026 22:03:30	Information:	{
"Hash": "w9LjvpRCyoByGV3Lzv0iX9dSI0tLK0uV+pRojL1kufc=",
"Status": 0
}


30.08.2026 22:03:30	Information:	Ping ret is {"Status":0,"Comment":null}
30.08.2026 22:04:29	Information:	refresh tokens
30.08.2026 22:05:31	Information:	url https://lab-vko.dmed.kz/ /api/DriverManager/PingDevice
30.08.2026 22:05:31	Information:	{
"Hash": "w9LjvpRCyoByGV3Lzv0iX9dSI0tLK0uV+pRojL1kufc=",
"Status": 0
}


30.08.2026 22:05:31	Information:	Ping ret is {"Status":0,"Comment":null}
30.08.2026 22:07:31	Information:	url https://lab-vko.dmed.kz/ /api/DriverManager/PingDevice
30.08.2026 22:07:31	Information:	{
"Hash": "w9LjvpRCyoByGV3Lzv0iX9dSI0tLK0uV+pRojL1kufc=",
"Status": 0
}


30.08.2026 22:07:31	Information:	Ping ret is {"Status":0,"Comment":null}
30.08.2026 22:09:32	Information:	url https://lab-vko.dmed.kz/ /api/DriverManager/PingDevice
30.08.2026 22:09:32	Information:	{
"Hash": "w9LjvpRCyoByGV3Lzv0iX9dSI0tLK0uV+pRojL1kufc=",
"Status": 0
}


30.08.2026 22:09:32	Information:	Ping ret is {"Status":0,"Comment":null}
30.08.2026 22:11:33	Information:	url https://lab-vko.dmed.kz/ /api/DriverManager/PingDevice
30.08.2026 22:11:33	Information:	{
"Hash": "w9LjvpRCyoByGV3Lzv0iX9dSI0tLK0uV+pRojL1kufc=",
"Status": 0
}


30.08.2026 22:11:33	Information:	Ping ret is {"Status":0,"Comment":null}
30.08.2026 22:13:34	Information:	url https://lab-vko.dmed.kz/ /api/DriverManager/PingDevice
30.08.2026 22:13:34	Information:	{
"Hash": "w9LjvpRCyoByGV3Lzv0iX9dSI0tLK0uV+pRojL1kufc=",
"Status": 0
}


30.08.2026 22:13:34	Information:	Ping ret is {"Status":0,"Comment":null}
30.08.2026 22:14:29	Information:	refresh tokens
30.08.2026 22:15:34	Information:	url https://lab-vko.dmed.kz/ /api/DriverManager/PingDevice
30.08.2026 22:15:34	Information:	{
"Hash": "w9LjvpRCyoByGV3Lzv0iX9dSI0tLK0uV+pRojL1kufc=",
"Status": 0
}


30.08.2026 22:15:34	Information:	Ping ret is {"Status":0,"Comment":null}
30.08.2026 22:17:35	Information:	url https://lab-vko.dmed.kz/ /api/DriverManager/PingDevice
30.08.2026 22:17:35	Information:	{
"Hash": "w9LjvpRCyoByGV3Lzv0iX9dSI0tLK0uV+pRojL1kufc=",
"Status": 0
}


30.08.2026 22:17:35	Information:	Ping ret is {"Status":0,"Comment":null}
30.08.2026 22:19:36	Information:	url https://lab-vko.dmed.kz/ /api/DriverManager/PingDevice
30.08.2026 22:19:36	Information:	{
"Hash": "w9LjvpRCyoByGV3Lzv0iX9dSI0tLK0uV+pRojL1kufc=",
"Status": 0
}


30.08.2026 22:19:36	Information:	Ping ret is {"Status":0,"Comment":null}
30.08.2026 22:21:36	Information:	url https://lab-vko.dmed.kz/ /api/DriverManager/PingDevice
30.08.2026 22:21:36	Information:	{
"Hash": "w9LjvpRCyoByGV3Lzv0iX9dSI0tLK0uV+pRojL1kufc=",
"Status": 0
}


30.08.2026 22:21:36	Information:	Ping ret is {"Status":0,"Comment":null}
30.08.2026 22:23:37	Information:	url https://lab-vko.dmed.kz/ /api/DriverManager/PingDevice
30.08.2026 22:23:37	Information:	{
"Hash": "w9LjvpRCyoByGV3Lzv0iX9dSI0tLK0uV+pRojL1kufc=",
"Status": 0
}


30.08.2026 22:23:37	Information:	Ping ret is {"Status":0,"Comment":null}
30.08.2026 22:24:29	Information:	refresh tokens
30.08.2026 22:25:38	Information:	url https://lab-vko.dmed.kz/ /api/DriverManager/PingDevice
30.08.2026 22:25:38	Information:	{
"Hash": "w9LjvpRCyoByGV3Lzv0iX9dSI0tLK0uV+pRojL1kufc=",
"Status": 0
}


30.08.2026 22:25:38	Information:	Ping ret is {"Status":0,"Comment":null}
30.08.2026 22:27:38	Information:	url https://lab-vko.dmed.kz/ /api/DriverManager/PingDevice
30.08.2026 22:27:38	Information:	{
"Hash": "w9LjvpRCyoByGV3Lzv0iX9dSI0tLK0uV+pRojL1kufc=",
"Status": 0
}


30.08.2026 22:27:38	Information:	Ping ret is {"Status":0,"Comment":null}
30.08.2026 22:28:47	Information:	Received bytes(encoded):MSH|^~\&|||||20260830222750||ORU^R01|9|P|2.3.1||||0||ASCII|||PID|9|||||||O|||||||||||||||||||||||OBR|9|51564788|6|^|N|20260830220836|20260830220803|20260830220803||1^6||||20260830220803|?????|||||||||||||||||||||||||||||||||OBX|1|NM|Glu-G|Glucose (GOD-POD Method)|4.468105|mmol/L|-|N|||F||4.468105|20260830222650|||0|RGTE|OBX|2|NM|T-Bil-V|Bilirubin Total (VOX Method)|2.435406|?mol/L|-|N|||F||2.435406|20260830222651|||0||OBX|3|NM|D-Bil-V|Bilirubin Direct (VOX Method)|1.049609|?mol/L|-|N|||F||1.049609|20260830222706|||0||OBX|4|NM|ALT|Alanine Aminotransferase|12.810719|U/L|-|N|||F||12.810719|20260830222520|||0||OBX|5|NM|AST|Aspartate Aminotransferase|25.279431|U/L|-|N|||F||25.279431|20260830222535|||0||OBX|6|NM|CRP|C-Reactive Protein|0.000000|mg/L|-|N|||F||0.000000|20260830222750|||0|LOW,<|OBX|7|NM|TP|Total Protein|68.970082|g/L|-|N|||F||68.970082|20260830222721|||0||OBX|8|NM|CREA-S|Creatinine (Sarcosine Oxidase Method)|21.853741|?mol/L|-|N|||F||21.853741|20260830222720|||0||OBX|9|NM|UREA|Urea|4.537178
30.08.2026 22:28:47	Information:	Add Frame:
30.08.2026 22:28:47	Information:	MSH|^~\&|||||20260830222750||ORU^R01|9|P|2.3.1||||0||ASCII|||
30.08.2026 22:28:47	Information:	In Header
30.08.2026 22:28:47	Information:	MessageType: ORU
30.08.2026 22:28:47	Information:	After message type
30.08.2026 22:28:47	Information:	After ask
30.08.2026 22:28:47	Information:	After version
30.08.2026 22:28:47	Information:	Add Frame:
30.08.2026 22:28:47	Information:	PID|9|||||||O|||||||||||||||||||||||
30.08.2026 22:28:47	Information:	Add Frame:
30.08.2026 22:28:47	Information:	OBR|9|51564788|6|^|N|20260830220836|20260830220803|20260830220803||1^6||||20260830220803|?????|||||||||||||||||||||||||||||||||
30.08.2026 22:28:47	Information:	Add Frame:
30.08.2026 22:28:47	Information:	OBX|1|NM|Glu-G|Glucose (GOD-POD Method)|4.468105|mmol/L|-|N|||F||4.468105|20260830222650|||0|RGTE|
30.08.2026 22:28:47	Information:	Add Frame:
30.08.2026 22:28:47	Information:	OBX|2|NM|T-Bil-V|Bilirubin Total (VOX Method)|2.435406|?mol/L|-|N|||F||2.435406|20260830222651|||0||
30.08.2026 22:28:47	Information:	Add Frame:
30.08.2026 22:28:47	Information:	OBX|3|NM|D-Bil-V|Bilirubin Direct (VOX Method)|1.049609|?mol/L|-|N|||F||1.049609|20260830222706|||0||
30.08.2026 22:28:47	Information:	Add Frame:
30.08.2026 22:28:47	Information:	OBX|4|NM|ALT|Alanine Aminotransferase|12.810719|U/L|-|N|||F||12.810719|20260830222520|||0||
30.08.2026 22:28:47	Information:	Add Frame:
30.08.2026 22:28:47	Information:	OBX|5|NM|AST|Aspartate Aminotransferase|25.279431|U/L|-|N|||F||25.279431|20260830222535|||0||
30.08.2026 22:28:47	Information:	Add Frame:
30.08.2026 22:28:47	Information:	OBX|6|NM|CRP|C-Reactive Protein|0.000000|mg/L|-|N|||F||0.000000|20260830222750|||0|LOW,<|
30.08.2026 22:28:47	Information:	Add Frame:
30.08.2026 22:28:47	Information:	OBX|7|NM|TP|Total Protein|68.970082|g/L|-|N|||F||68.970082|20260830222721|||0||
30.08.2026 22:28:47	Information:	Add Frame:
30.08.2026 22:28:47	Information:	OBX|8|NM|CREA-S|Creatinine (Sarcosine Oxidase Method)|21.853741|?mol/L|-|N|||F||21.853741|20260830222720|||0||
30.08.2026 22:28:47	Information:	Received bytes(encoded):|mmol/L|-|N|||F||4.537178|20260830222605|||0||OBX|10|NM||AST/ALT|1.976563||-|N|||F||1.976563||||||
30.08.2026 22:28:47	Information:	Add Frame:
30.08.2026 22:28:47	Information:	OBX|9|NM|UREA|Urea|4.537178|mmol/L|-|N|||F||4.537178|20260830222605|||0||
30.08.2026 22:28:47	Information:	Add Frame:
30.08.2026 22:28:47	Information:	OBX|10|NM||AST/ALT|1.976563||-|N|||F||1.976563||||||
30.08.2026 22:28:47	Information:	Add Frame:
30.08.2026 22:28:47	Information:	
30.08.2026 22:28:47	Debug:	read message: 2ms
30.08.2026 22:28:47	Information:	The answer message is created successfully
30.08.2026 22:28:47	Information:	Sending answer...
30.08.2026 22:28:47	Information:	We are in ORU Message
30.08.2026 22:28:47	Information:	MSH MSH|^~\&|||||20260830222750||ORU^R01|9|P|2.3.1||||0||ASCII||||
30.08.2026 22:28:47	Information:	PID PID|9|||||||O||||||||||||||||||||||||
30.08.2026 22:28:47	Information:	PatientRecord in message is successfully  processed
30.08.2026 22:28:47	Information:	The patient order is successfully processed
30.08.2026 22:28:47	Information:	The order record is successfully processed
30.08.2026 22:28:47	Information:	The order record is successfully processed
30.08.2026 22:28:47	Information:	The order record is successfully processed
30.08.2026 22:28:47	Information:	The order record is successfully processed
30.08.2026 22:28:47	Information:	The order record is successfully processed
30.08.2026 22:28:47	Information:	The order record is successfully processed
30.08.2026 22:28:47	Information:	The order record is successfully processed
30.08.2026 22:28:47	Information:	The order record is successfully processed
30.08.2026 22:28:47	Information:	The order record is successfully processed
30.08.2026 22:28:47	Information:	The order record is successfully processed
30.08.2026 22:28:47	Information:	The ORU message is successfully processed
30.08.2026 22:28:47	Debug:	Process message: 7ms
30.08.2026 22:28:47	Debug:	Total time : 10ms
30.08.2026 22:28:48	Debug:	SendResults:	check DriverRequests=	0	ms
30.08.2026 22:28:48	Information:	ByBarcode 51564788
30.08.2026 22:28:48	Information:	Sended bytes:  11 77 83 72 124 94 126 92 38 124 77 105 110 100 114 97 121 124 124 124 124 50 48 50 54 48 56 51 48 50 50 50 56 52 55 124 124 65 67 75 94 82 48 49 124 57 124 80 124 50 46 51 46 49 124 124 124 124 48 124 124 117 115 45 97 115 99 105 105 124 124 124 13 77 83 65 124 65 65 124 57 124 77 101 115 115 97 103 101 32 97 99 99 101 112 116 101 100 124 124 124 48 124 13 28 13
30.08.2026 22:28:48	Information:	Sended string MSH|^~\&|Mindray||||20260830222847||ACK^R01|9|P|2.3.1||||0||us-ascii|||MSA|AA|9|Message accepted|||0|
30.08.2026 22:28:48	Information:	GetLinesByBarcodes
30.08.2026 22:28:48	Information:	{
"WorkPlaceID": 20747,
"BeginDate": "2026-05-31",
"EndDate": "2026-08-31",
"OrderNumber": "51564788",
"Offset": 0,
"Limit": 1
}


30.08.2026 22:28:48	Information:	GetByBarcodeReturn: 
30.08.2026 22:28:48	Information:	{"Data":[{"ID":31121895,"StrID":"31121895","OrderNumber":"51564788","OrderRegDate":"2026-08-30T21:34:48.253","PlanExecutionDate":"2026-08-30T21:31:00","SenderMoID":45500000000000909,"SenderMo":{"NameRU":"Некоммерческое акционерное общество \"Медицинский университет Семей\"","NameKZ":"\"Семей медицина университеті\" коммерциялық емес акционерлік қоғамы","Name":"Некоммерческое акционерное общество \"Медицинский университет Семей\"","ShortNameRU":"НАО \"МУС\"","ShortNameKZ":"\"СМУ\" КеАҚ","ShortName":"НАО \"МУС\"","PublicCode":"237J","AddressRU":"ВКО, г. Семей, ул. Абая Кунанбаева 103","AddressKZ":"ВКО, г. Семей, ул. Абая Кунанбаева 103","Address":"ВКО, г. Семей, ул. Абая Кунанбаева 103","OriginalID":"45500000000000909","IsWork":true,"RegionID":20,"BIN":"190240004938","MasterDataID":4911,"PhonesData":{"OrgHealthCarePhones":[]},"IsPostmortem":false,"IsHospital":true,"Code":null,"ID":"45500000000000909","StrID":"45500000000000909"},"ReceiverMoID":45500000000000909,"ReceiverMo":null,"PatientDetailID":41031052,"PatientDetail":{"PersonID":"2317339","Person":{"IIN":"250601550413","LastName":"ЖҰМАГЕЛДІ","FirstName":"БЕКАСЫЛ","SecondName":"ЖАҚСЫЛЫҚҰЛЫ","FullName":"ЖҰМАГЕЛДІ БЕКАСЫЛ ЖАҚСЫЛЫҚҰЛЫ","FullNameIOF":"БЕКАСЫЛ ЖАҚСЫЛЫҚҰЛЫ ЖҰМАГЕЛДІ","DisplayText":"250601550413 БЕКАСЫЛ ЖАҚСЫЛЫҚҰЛЫ ЖҰМАГЕЛДІ 01.06.2025","IinFullName":"250601550413 - ЖҰМАГЕЛДІ БЕКАСЫЛ ЖАҚСЫЛЫҚҰЛЫ","BirthDate":"2025-06-01T00:00:00","BirthDateStr":"01.06.2025","DeathDate":null,"DeathDateStr":"","BioSexID":3,"BioSex":null,"NationalityID":null,"Nationality":null,"CitizenshipID":null,"Citizenship":null,"MasterDataID":150088019,"RpnID":"15300000056783208","KmisID":"60300000001806028","Type":1,"Age":0,"IsStillborn":false,"IsEarlyNeonatalDeathUp28days":false,"IsDeadPerson":false,"ID":"2317339","StrID":"2317339"},"AddressRU":"РЕСПУБЛИКА: Казахстан , ОБЛАСТЬ: Абай , ГОРОД ОБЛ.ЗНАЧ.: Семей , УЛИЦА: КАРАГАЙЛЫ , ДОМ: 114 ","AddressKZ":": Қазақстан , : Абай , : Семей Қ. , ҚАРАҒАЙЛЫ көшесі , YЙ: 114 ","Address":"РЕСПУБЛИКА: Казахстан , ОБЛАСТЬ: Абай , ГОРОД ОБЛ.ЗНАЧ.: Семей , УЛИЦА: КАРАГАЙЛЫ , ДОМ: 114 ","MasterDataAddressID":14755129,"WorkPlace":"н/о","WorkPosition":null,"DocumentNumber":"10197719","DocumentTypeID":3,"DocumentType":null,"NationalityID":null,"DocumentTypeName":null,"Phones":"+7 (776) 545-05-96","ExternalCardID":"5969756","CardType":1,"CardNumber":"66932","CitizenshipCategoryID":1,"CitizenshipCategory":null,"ResidenceTypeID":3,"ResidenceType":null,"MotherPersonID":504461,"MotherPerson":null,"IsForeigner":false,"IsHomeless":false,"IsDeadPerson":false,"IsResident":true,"ID":"41031052","StrID":"41031052"},"Person":{"IIN":"250601550413","LastName":"ЖҰМАГЕЛДІ","FirstName":"БЕКАСЫЛ","SecondName":"ЖАҚСЫЛЫҚҰЛЫ","FullName":"ЖҰМАГЕЛДІ БЕКАСЫЛ ЖАҚСЫЛЫҚҰЛЫ","FullNameIOF":"БЕКАСЫЛ ЖАҚСЫЛЫҚҰЛЫ ЖҰМАГЕЛДІ","DisplayText":"250601550413 БЕКАСЫЛ ЖАҚСЫЛЫҚҰЛЫ ЖҰМАГЕЛДІ 01.06.2025","IinFullName":"250601550413 - ЖҰМАГЕЛДІ БЕКАСЫЛ ЖАҚСЫЛЫҚҰЛЫ","BirthDate":"2025-06-01T00:00:00","BirthDateStr":"01.06.2025","DeathDate":null,"DeathDateStr":"","BioSexID":3,"BioSex":null,"NationalityID":null,"Nationality":null,"CitizenshipID":null,"Citizenship":null,"MasterDataID":150088019,"RpnID":"15300000056783208","KmisID":"60300000001806028","Type":1,"Age":0,"IsStillborn":false,"IsEarlyNeonatalDeathUp28days":false,"IsDeadPerson":false,"ID":"2317339","StrID":"2317339"},"IsCito":true,"ExternalSystem":1,"OrderResultFileID":null,"OrderResultFileStorageID":null,"OrderResultDate":null,"Status":1,"DeleteDate":null,"ResultNotes":null,"Comment":"","ExternalOrderNumber":"51564788","ExaminationTypeID":null,"ExaminationType":null,"ExaminationIndicationID":null,"ExaminationIndication":null,"Uid":"C08681F2-517B-4583-AEDE-5D25C101E962","SenderPostFullName":"МАЖИЕВ НУРБЕК ЖАДЫГЕРОВИЧ","SenderFuncStructureNameRU":"Отделение детской анестезиологии реаниматологии и интенсивной терапии ","SenderFuncStructureNameKZ":"Балалардың  АР қарқынды терапия бөлімі","IsSamplingOfMaterialsAtReceiver":true,"MisID":42122865,"Materials":[{"OrderID":31121895,"Uid":"10e7582b-9978-4501-902c-9adfa682af9e","MaterialNumber":"51564788","MaterialTypeID":363,"MaterialType":{"OrderBy":0,"ParentID":202,"HasChildren":false,"MasterDataID":489,"Parent":null,"NameRU":"Кровь венозная","NameKZ":"Кровь венозная","Name":"Кровь венозная","PublicCode":"36300","EndDate":null,"ID":"363","StrID":"363"},"TakeDate":"2026-08-30T21:31:00","TakeDateStr":"30.08.2026 21:31","TakePlace":"дет оит","RejectionReason":null,"RejectionTakenMeasures":null,"ReceiptDate":null,"ReceiptDateStr":null,"RejectionCreatePostID":null,"RejectionCreatePost":null,"SampleCollectorPostIIN":"760228400033","SampleCollectorPostID":null,"Researches":[],"RejectedMaterialImageID":null,"File":null,"ID":"31408495","StrID":"31408495"}],"Researches":[]}],"Total":1}
30.08.2026 22:28:48	Information:	OrderedWW 51564788 Biomat 0 Device 20747
30.08.2026 22:28:48	Information:	ResearchResult
30.08.2026 22:28:48	Information:	{
"OrderID": "31121895",
"WorkPlaceID": 20747
}


30.08.2026 22:28:48	Information:	[{"OrderResearchID":67070860,"OrderResearch":null,"ParameterID":200918,"Parameter":{"ShortNameRU":"общий белок в сыворотке крови","ShortNameKZ":"қан сарысуындағы жалпы ақуыз","ShortName":"общий белок в сыворотке крови","DataType":0,"DataTypeName":"Число","UnitTypeID":100012,"UnitType":{"OrderBy":13,"MasterDataID":null,"CDD_ID":null,"NameRU":"г/л","NameKZ":"г/л","Name":"г/л","PublicCode":"10001200","EndDate":null,"ID":"100012","StrID":"100012"},"MedicalFormID":null,"MasterDataID":0,"MedicalForm":null,"NameWithDataType":"общий белок в сыворотке крови  (Число)","NameRU":"общий белок в сыворотке крови","NameKZ":"қан сарысуындағы жалпы ақуыз","Name":"общий белок в сыворотке крови","PublicCode":"20091800","EndDate":null,"ID":"200918","StrID":"200918"},"ParameterValues":null,"ParameterValueID":null,"ParameterValue":null,"ResultText":null,"ResultValue":null,"ResultDate":"2026-08-30T22:28:49.2166489+05:00","PostID":"0","Post":null,"ExecuteMethod":2,"SourceResultText":null,"SourceResultValue":null,"SourceResultExpression":null,"SourceUnitTypeID":100012,"SourceUnitType":{"OrderBy":13,"MasterDataID":null,"CDD_ID":null,"NameRU":"г/л","NameKZ":"г/л","Name":"г/л","PublicCode":"10001200","EndDate":null,"ID":"100012","StrID":"100012"},"MultiplierID":null,"IsApproved":false,"IsValidated":false,"StandardMatchType":0,"ApproveDate":null,"ApprovePostID":null,"ApprovePost":null,"OrderNum":1,"WorkPlaceID":20747,"OrderID":null,"BacteriologyResult":null,"AnalyzerId":null,"IsOrderProductionControl":false,"ID":"0","StrID":"0"},{"OrderResearchID":67070862,"OrderResearch":null,"ParameterID":200357,"Parameter":{"ShortNameRU":"АЛаТ","ShortNameKZ":"АЛаТ","ShortName":"АЛаТ","DataType":0,"DataTypeName":"Число","UnitTypeID":100030,"UnitType":{"OrderBy":31,"MasterDataID":null,"CDD_ID":null,"NameRU":"МЕ/л","NameKZ":"ХБ/л","Name":"МЕ/л","PublicCode":"10003000","EndDate":null,"ID":"100030","StrID":"100030"},"MedicalFormID":null,"MasterDataID":0,"MedicalForm":null,"NameWithDataType":"АЛаТ  (Число)","NameRU":"АЛаТ","NameKZ":"АЛаТ","Name":"АЛаТ","PublicCode":"20035700","EndDate":null,"ID":"200357","StrID":"200357"},"ParameterValues":null,"ParameterValueID":null,"ParameterValue":null,"ResultText":null,"ResultValue":null,"ResultDate":"2026-08-30T22:28:49.2166489+05:00","PostID":"0","Post":null,"ExecuteMethod":2,"SourceResultText":null,"SourceResultValue":null,"SourceResultExpression":null,"SourceUnitTypeID":100030,"SourceUnitType":{"OrderBy":31,"MasterDataID":null,"CDD_ID":null,"NameRU":"МЕ/л","NameKZ":"ХБ/л","Name":"МЕ/л","PublicCode":"10003000","EndDate":null,"ID":"100030","StrID":"100030"},"MultiplierID":null,"IsApproved":false,"IsValidated":false,"StandardMatchType":0,"ApproveDate":null,"ApprovePostID":null,"ApprovePost":null,"OrderNum":1,"WorkPlaceID":20747,"OrderID":null,"BacteriologyResult":null,"AnalyzerId":null,"IsOrderProductionControl":false,"ID":"0","StrID":"0"},{"OrderResearchID":67070864,"OrderResearch":null,"ParameterID":201032,"Parameter":{"ShortNameRU":"прямой билирубин в сыворотке крови","ShortNameKZ":"қан сарысуындағы тікелей билирубин","ShortName":"прямой билирубин в сыворотке крови","DataType":0,"DataTypeName":"Число","UnitTypeID":100041,"UnitType":{"OrderBy":42,"MasterDataID":null,"CDD_ID":null,"NameRU":"мкмоль/л","NameKZ":"мкмоль/л","Name":"мкмоль/л","PublicCode":"10004100","EndDate":null,"ID":"100041","StrID":"100041"},"MedicalFormID":null,"MasterDataID":0,"MedicalForm":null,"NameWithDataType":"прямой билирубин в сыворотке крови  (Число)","NameRU":"прямой билирубин в сыворотке крови","NameKZ":"қан сарысуындағы тікелей билирубин","Name":"прямой билирубин в сыворотке крови","PublicCode":"20103200","EndDate":null,"ID":"201032","StrID":"201032"},"ParameterValues":null,"ParameterValueID":null,"ParameterValue":null,"ResultText":null,"ResultValue":null,"ResultDate":"2026-08-30T22:28:49.2166489+05:00","PostID":"0","Post":null,"ExecuteMethod":2,"SourceResultText":null,"SourceResultValue":null,"SourceResultExpression":null,"SourceUnitTypeID":100041,"SourceUnitType":{"OrderBy":42,"MasterDataID":null,"CDD_ID":null,"NameRU":"мкмоль/л","NameKZ":"мкмоль/л","Name":"мкмоль/л","PublicCode":"10004100","EndDate":null,"ID":"100041","StrID":"100041"},"MultiplierID":null,"IsApproved":false,"IsValidated":false,"StandardMatchType":0,"ApproveDate":null,"ApprovePostID":null,"ApprovePost":null,"OrderNum":1,"WorkPlaceID":20747,"OrderID":null,"BacteriologyResult":null,"AnalyzerId":null,"IsOrderProductionControl":false,"ID":"0","StrID":"0"},{"OrderResearchID":67070863,"OrderResearch":null,"ParameterID":200919,"Parameter":{"ShortNameRU":"общий билирубин в сыворотке крови","ShortNameKZ":"қан сарысуындағы жалпы билирубин","ShortName":"общий билирубин в сыворотке крови","DataType":0,"DataTypeName":"Число","UnitTypeID":100041,"UnitType":{"OrderBy":42,"MasterDataID":null,"CDD_ID":null,"NameRU":"мкмоль/л","NameKZ":"мкмоль/л","Name":"мкмоль/л","PublicCode":"10004100","EndDate":null,"ID":"100041","StrID":"100041"},"MedicalFormID":null,"MasterDataID":0,"MedicalForm":null,"NameWithDataType":"общий билирубин в сыворотке крови  (Число)","NameRU":"общий билирубин в сыворотке крови","NameKZ":"қан сарысуындағы жалпы билирубин","Name":"общий билирубин в сыворотке крови","PublicCode":"20091900","EndDate":null,"ID":"200919","StrID":"200919"},"ParameterValues":null,"ParameterValueID":null,"ParameterValue":null,"ResultText":null,"ResultValue":null,"ResultDate":"2026-08-30T22:28:49.2166489+05:00","PostID":"0","Post":null,"ExecuteMethod":2,"SourceResultText":null,"SourceResultValue":null,"SourceResultExpression":null,"SourceUnitTypeID":100041,"SourceUnitType":{"OrderBy":42,"MasterDataID":null,"CDD_ID":null,"NameRU":"мкмоль/л","NameKZ":"мкмоль/л","Name":"мкмоль/л","PublicCode":"10004100","EndDate":null,"ID":"100041","StrID":"100041"},"MultiplierID":null,"IsApproved":false,"IsValidated":false,"StandardMatchType":0,"ApproveDate":null,"ApprovePostID":null,"ApprovePost":null,"OrderNum":1,"WorkPlaceID":20747,"OrderID":null,"BacteriologyResult":null,"AnalyzerId":null,"IsOrderProductionControl":false,"ID":"0","StrID":"0"},{"OrderResearchID":67070865,"OrderResearch":null,"ParameterID":200408,"Parameter":{"ShortNameRU":"АСаТ","ShortNameKZ":"АСаТ","ShortName":"АСаТ","DataType":0,"DataTypeName":"Число","UnitTypeID":100030,"UnitType":{"OrderBy":31,"MasterDataID":null,"CDD_ID":null,"NameRU":"МЕ/л","NameKZ":"ХБ/л","Name":"МЕ/л","PublicCode":"10003000","EndDate":null,"ID":"100030","StrID":"100030"},"MedicalFormID":null,"MasterDataID":0,"MedicalForm":null,"NameWithDataType":"АСаТ  (Число)","NameRU":"АСаТ","NameKZ":"АСаТ","Name":"АСаТ","PublicCode":"20040800","EndDate":null,"ID":"200408","StrID":"200408"},"ParameterValues":null,"ParameterValueID":null,"ParameterValue":null,"ResultText":null,"ResultValue":null,"ResultDate":"2026-08-30T22:28:49.2166489+05:00","PostID":"0","Post":null,"ExecuteMethod":2,"SourceResultText":null,"SourceResultValue":null,"SourceResultExpression":null,"SourceUnitTypeID":100030,"SourceUnitType":{"OrderBy":31,"MasterDataID":null,"CDD_ID":null,"NameRU":"МЕ/л","NameKZ":"ХБ/л","Name":"МЕ/л","PublicCode":"10003000","EndDate":null,"ID":"100030","StrID":"100030"},"MultiplierID":null,"IsApproved":false,"IsValidated":false,"StandardMatchType":0,"ApproveDate":null,"ApprovePostID":null,"ApprovePost":null,"OrderNum":1,"WorkPlaceID":20747,"OrderID":null,"BacteriologyResult":null,"AnalyzerId":null,"IsOrderProductionControl":false,"ID":"0","StrID":"0"},{"OrderResearchID":67070866,"OrderResearch":null,"ParameterID":200549,"Parameter":{"ShortNameRU":"глюкоза в сыворотке крови","ShortNameKZ":"қан сарысуындағы глюкоза","ShortName":"глюкоза в сыворотке крови","DataType":0,"DataTypeName":"Число","UnitTypeID":100051,"UnitType":{"OrderBy":52,"MasterDataID":null,"CDD_ID":null,"NameRU":"ммоль/л","NameKZ":"ммоль/л","Name":"ммоль/л","PublicCode":"10005100","EndDate":null,"ID":"100051","StrID":"100051"},"MedicalFormID":null,"MasterDataID":0,"MedicalForm":null,"NameWithDataType":"глюкоза в сыворотке крови  (Число)","NameRU":"глюкоза в сыворотке крови","NameKZ":"қан сарысуындағы глюкоза","Name":"глюкоза в сыворотке крови","PublicCode":"20054900","EndDate":null,"ID":"200549","StrID":"200549"},"ParameterValues":null,"ParameterValueID":null,"ParameterValue":null,"ResultText":null,"ResultValue":null,"ResultDate":"2026-08-30T22:28:49.2166489+05:00","PostID":"0","Post":null,"ExecuteMethod":2,"SourceResultText":null,"SourceResultValue":null,"SourceResultExpression":null,"SourceUnitTypeID":100051,"SourceUnitType":{"OrderBy":52,"MasterDataID":null,"CDD_ID":null,"NameRU":"ммоль/л","NameKZ":"ммоль/л","Name":"ммоль/л","PublicCode":"10005100","EndDate":null,"ID":"100051","StrID":"100051"},"MultiplierID":null,"IsApproved":false,"IsValidated":false,"StandardMatchType":0,"ApproveDate":null,"ApprovePostID":null,"ApprovePost":null,"OrderNum":1,"WorkPlaceID":20747,"OrderID":null,"BacteriologyResult":null,"AnalyzerId":null,"IsOrderProductionControl":false,"ID":"0","StrID":"0"},{"OrderResearchID":67070867,"OrderResearch":null,"ParameterID":200852,"Parameter":{"ShortNameRU":"мочевина в сыворотке крови","ShortNameKZ":"қан сарысуындағы несепнәр","ShortName":"мочевина в сыворотке крови","DataType":0,"DataTypeName":"Число","UnitTypeID":100051,"UnitType":{"OrderBy":52,"MasterDataID":null,"CDD_ID":null,"NameRU":"ммоль/л","NameKZ":"ммоль/л","Name":"ммоль/л","PublicCode":"10005100","EndDate":null,"ID":"100051","StrID":"100051"},"MedicalFormID":null,"MasterDataID":0,"MedicalForm":null,"NameWithDataType":"мочевина в сыворотке крови  (Число)","NameRU":"мочевина в сыворотке крови","NameKZ":"қан сарысуындағы несепнәр","Name":"мочевина в сыворотке крови","PublicCode":"20085200","EndDate":null,"ID":"200852","StrID":"200852"},"ParameterValues":null,"ParameterValueID":null,"ParameterValue":null,"ResultText":null,"ResultValue":null,"ResultDate":"2026-08-30T22:28:49.2321523+05:00","PostID":"0","Post":null,"ExecuteMethod":2,"SourceResultText":null,"SourceResultValue":null,"SourceResultExpression":null,"SourceUnitTypeID":100051,"SourceUnitType":{"OrderBy":52,"MasterDataID":null,"CDD_ID":null,"NameRU":"ммоль/л","NameKZ":"ммоль/л","Name":"ммоль/л","PublicCode":"10005100","EndDate":null,"ID":"100051","StrID":"100051"},"MultiplierID":null,"IsApproved":false,"IsValidated":false,"StandardMatchType":0,"ApproveDate":null,"ApprovePostID":null,"ApprovePost":null,"OrderNum":1,"WorkPlaceID":20747,"OrderID":null,"BacteriologyResult":null,"AnalyzerId":null,"IsOrderProductionControl":false,"ID":"0","StrID":"0"},{"OrderResearchID":67070861,"OrderResearch":null,"ParameterID":200744,"Parameter":{"ShortNameRU":"креатинин в крови","ShortNameKZ":"қандағы креатинин","ShortName":"креатинин в крови","DataType":0,"DataTypeName":"Число","UnitTypeID":100041,"UnitType":{"OrderBy":42,"MasterDataID":null,"CDD_ID":null,"NameRU":"мкмоль/л","NameKZ":"мкмоль/л","Name":"мкмоль/л","PublicCode":"10004100","EndDate":null,"ID":"100041","StrID":"100041"},"MedicalFormID":null,"MasterDataID":0,"MedicalForm":null,"NameWithDataType":"креатинин в крови  (Число)","NameRU":"креатинин в крови","NameKZ":"қандағы креатинин","Name":"креатинин в крови","PublicCode":"20074400","EndDate":null,"ID":"200744","StrID":"200744"},"ParameterValues":null,"ParameterValueID":null,"ParameterValue":null,"ResultText":null,"ResultValue":null,"ResultDate":"2026-08-30T22:28:49.2321523+05:00","PostID":"0","Post":null,"ExecuteMethod":2,"SourceResultText":null,"SourceResultValue":null,"SourceResultExpression":null,"SourceUnitTypeID":100041,"SourceUnitType":{"OrderBy":42,"MasterDataID":null,"CDD_ID":null,"NameRU":"мкмоль/л","NameKZ":"мкмоль/л","Name":"мкмоль/л","PublicCode":"10004100","EndDate":null,"ID":"100041","StrID":"100041"},"MultiplierID":null,"IsApproved":false,"IsValidated":false,"StandardMatchType":0,"ApproveDate":null,"ApprovePostID":null,"ApprovePost":null,"OrderNum":1,"WorkPlaceID":20747,"OrderID":null,"BacteriologyResult":null,"AnalyzerId":null,"IsOrderProductionControl":false,"ID":"0","StrID":"0"},{"OrderResearchID":67070868,"OrderResearch":null,"ParameterID":201150,"Parameter":{"ShortNameRU":"СРБ","ShortNameKZ":"СРА","ShortName":"СРБ","DataType":0,"DataTypeName":"Число","UnitTypeID":100026,"UnitType":{"OrderBy":27,"MasterDataID":null,"CDD_ID":null,"NameRU":"мг/л","NameKZ":"мг/л","Name":"мг/л","PublicCode":"10002600","EndDate":null,"ID":"100026","StrID":"100026"},"MedicalFormID":null,"MasterDataID":0,"MedicalForm":null,"NameWithDataType":"СРБ  (Число)","NameRU":"СРБ","NameKZ":"СРА","Name":"СРБ","PublicCode":"20115000","EndDate":null,"ID":"201150","StrID":"201150"},"ParameterValues":null,"ParameterValueID":null,"ParameterValue":null,"ResultText":null,"ResultValue":null,"ResultDate":"2026-08-30T22:28:49.2321523+05:00","PostID":"0","Post":null,"ExecuteMethod":2,"SourceResultText":null,"SourceResultValue":null,"SourceResultExpression":null,"SourceUnitTypeID":100026,"SourceUnitType":{"OrderBy":27,"MasterDataID":null,"CDD_ID":null,"NameRU":"мг/л","NameKZ":"мг/л","Name":"мг/л","PublicCode":"10002600","EndDate":null,"ID":"100026","StrID":"100026"},"MultiplierID":null,"IsApproved":false,"IsValidated":false,"StandardMatchType":0,"ApproveDate":null,"ApprovePostID":null,"ApprovePost":null,"OrderNum":1,"WorkPlaceID":20747,"OrderID":null,"BacteriologyResult":null,"AnalyzerId":null,"IsOrderProductionControl":false,"ID":"0","StrID":"0"}]
30.08.2026 22:28:48	Information:	TestsWW spec 200918, spec 200357, spec 201032, spec 200919, spec 200408, spec 200549, spec 200852, spec 200744, spec 201150, 
30.08.2026 22:28:48	Information:	Querry lines count: 1
30.08.2026 22:28:48	Debug:	SendResults:	fix DriverRequests=	527	ms
30.08.2026 22:28:48	Information:	SAMPLE! 51564788 DeviceDriverResult Sample: 51564788 Suggest: . Do Request True
30.08.2026 22:28:48	Information:	Sample request count: 1
30.08.2026 22:28:48	Information:	MU is mmol/L
30.08.2026 22:28:48	Information:	Driver Collations count 0
30.08.2026 22:28:48	Information:	MU collations count=0
30.08.2026 22:28:48	Information:	MU is ?mol/L
30.08.2026 22:28:48	Information:	Driver Collations count 0
30.08.2026 22:28:48	Information:	MU collations count=0
30.08.2026 22:28:48	Information:	MU is ?mol/L
30.08.2026 22:28:48	Information:	Driver Collations count 0
30.08.2026 22:28:48	Information:	MU collations count=0
30.08.2026 22:28:48	Information:	MU is U/L
30.08.2026 22:28:48	Information:	Driver Collations count 0
30.08.2026 22:28:48	Information:	MU collations count=0
30.08.2026 22:28:48	Information:	MU is U/L
30.08.2026 22:28:48	Information:	Driver Collations count 0
30.08.2026 22:28:48	Information:	MU collations count=0
30.08.2026 22:28:48	Information:	MU is mg/L
30.08.2026 22:28:48	Information:	Driver Collations count 0
30.08.2026 22:28:48	Information:	MU collations count=0
30.08.2026 22:28:48	Information:	MU is g/L
30.08.2026 22:28:48	Information:	Driver Collations count 0
30.08.2026 22:28:48	Information:	MU collations count=0
30.08.2026 22:28:48	Information:	MU is ?mol/L
30.08.2026 22:28:48	Information:	Driver Collations count 0
30.08.2026 22:28:48	Information:	MU collations count=0
30.08.2026 22:28:48	Information:	MU is mmol/L
30.08.2026 22:28:48	Information:	Driver Collations count 0
30.08.2026 22:28:48	Information:	MU collations count=0
30.08.2026 22:28:48	Debug:	SendResults:	SetTestsValues first SetTestsValues=	71	ms
30.08.2026 22:28:48	Debug:	SendResults:	Device Total = 600 ms
30.08.2026 22:28:48	Information:	Saving 51564788
30.08.2026 22:28:48	Information:	Start test result saving
30.08.2026 22:28:48	Information:	Result object to save: 
30.08.2026 22:28:48	Information:	{"OrderResearchID":67070860,"OrderResearch":null,"ParameterID":200918,"Parameter":{"ShortNameRU":"общий белок в сыворотке крови","ShortNameKZ":"қан сарысуындағы жалпы ақуыз","ShortName":"общий белок в сыворотке крови","DataType":0,"DataTypeName":"Число","UnitTypeID":100012,"UnitType":{"NameRU":"г/л","NameKZ":"г/л","Name":"г/л","PublicCode":"10001200","OrderBy":13,"ID":100012,"StrID":"100012"},"MedicalFormID":null,"MedicalForm":null,"NameRU":"общий белок в сыворотке крови","NameKZ":"қан сарысуындағы жалпы ақуыз","Name":"общий белок в сыворотке крови","PublicCode":"20091800","OrderBy":null,"ID":200918,"StrID":"200918"},"ParameterValueID":null,"ParameterValue":null,"ResultText":"68.97","ResultValue":null,"ResultDate":"2026-08-30T22:28:49.2166489+05:00","PostID":0,"Post":null,"ExecuteMethod":2,"SourceResultText":"68.97","SourceResultValue":null,"SourceResultExpression":null,"SourceUnitTypeID":100012,"SourceUnitType":{"NameRU":"г/л","NameKZ":"г/л","Name":"г/л","PublicCode":"10001200","OrderBy":13,"ID":100012,"StrID":"100012"},"IsApproved":false,"ApproveDate":null,"ApprovePostID":null,"ApprovePost":null,"OrderNum":1,"WorkPlaceID":20747,"DriverManagerID":150,"BacteriologyResult":null,"AnalyzerId":38,"IsOrderProductionControl":false,"ID":0,"StrID":"0"}
30.08.2026 22:28:48	Information:	Save string: 
30.08.2026 22:28:48	Information:	{"OrderResearchID":67070860,"OrderResearch":{"OrderID":31121895,"ServiceMoID":2163201,"ServiceMoMasterDataID":8269447,"ServiceMo":{"OrgHealthCareID":"45500000000000909","ServiceID":236,"NameRU":"Определение общего белка в сыворотке крови на анализаторе","NameKZ":"Қан сарысуындағы жалпы нәруызды талдауышта анықтау ","Name":"Определение общего белка в сыворотке крови на анализаторе","ShortNameRU":"Определение общего белка в сыворотке крови на анализаторе","ShortNameKZ":"Қан сарысуындағы жалпы нәруызды талдауышта анықтау ","ShortName":"Определение общего белка в сыворотке крови на анализаторе","FullName":"B03.397.002 - Определение общего белка в сыворотке крови на анализаторе","Code":"B03.397.002","ExternalCode":null,"ServiceClassID":5,"ServiceClass":{"ServiceTypeID":2,"OrderBy":5,"MasterDataID":5,"NameRU":"Клиническая химия (биохимия)","NameKZ":"Клиникалық химия (биохимия)","Name":"Клиническая химия (биохимия)","PublicCode":"500","EndDate":null,"ID":"5","StrID":"5"},"Service":{"NameRU":"Определение общего белка в сыворотке крови на анализаторе","NameKZ":"Қан сарысуындағы жалпы нәруызды талдауышта анықтау","Name":"Определение общего белка в сыворотке крови на анализаторе","ShortNameRU":"Общий белок на анализаторе","ShortNameKZ":"Общий белок на анализаторе","ShortName":"Общий белок на анализаторе","FullName":"B03.397.002 - Определение общего белка в сыворотке крови на анализаторе","Code":"B03.397.002","ServiceClassID":5,"ServiceClass":null,"ServiceSubClassID":6,"ServiceSubClass":null,"MaterialTypeID":202,"MaterialType":null,"MasterDataID":3079,"ID":"236","StrID":"236"},"MasterDataID":8269447,"ServiceSubClassID":6,"PayType":1,"ServiceSubClass":null,"ID":"2163201","StrID":"2163201"},"FullName":"B03.397.002 - Определение общего белка в сыворотке крови на анализаторе  () ","IsMain":true,"SourceID":"144991016_33985182","WorkPlaceID":20747,"WorkPlace":null,"DriverManager":null,"ParameterID":null,"Parameter":null,"AdditionalInfo":null,"Status":1,"PerformetServiceCount":7,"ResearchResultCount":0,"ApproveResearchResultCount":0,"NotSaveResearchResultCount":0,"ParentID":null,"ScreeningCandidatePlanGuid":null,"ScreeningUrl":null,"TakePlace":null,"MaterialTypeID":null,"MaterialType":null,"PartCount":0,"IsOrderProductionControl":false,"Uid":"778c0184-4a27-4b7b-b7fa-4001ee86f68e","OrderPerformerServices":[],"OrderResearchAllergens":[],"Results":[],"IsResumed":false,"ExecutionType":0,"ID":"67070860","StrID":"67070860"},"ParameterID":200918,"Parameter":{"ShortNameRU":"общий белок в сыворотке крови","ShortNameKZ":"қан сарысуындағы жалпы ақуыз","ShortName":"общий белок в сыворотке крови","DataType":0,"DataTypeName":"Число","UnitTypeID":100012,"UnitType":null,"MedicalFormID":null,"MasterDataID":0,"MedicalForm":null,"NameWithDataType":"общий белок в сыворотке крови  (Число)","NameRU":"общий белок в сыворотке крови","NameKZ":"қан сарысуындағы жалпы ақуыз","Name":"общий белок в сыворотке крови","PublicCode":"20091800","EndDate":null,"ID":"200918","StrID":"200918"},"ParameterValues":null,"ParameterValueID":null,"ParameterValue":null,"ResultText":"68.97","ResultValue":"68.97","ResultDate":"2026-08-30T22:28:49.6336446+05:00","PostID":"189416","Post":null,"ExecuteMethod":2,"SourceResultText":"68.97","SourceResultValue":"68.97","SourceResultExpression":null,"SourceUnitTypeID":100012,"SourceUnitType":{"OrderBy":13,"MasterDataID":null,"CDD_ID":null,"NameRU":"г/л","NameKZ":"г/л","Name":"г/л","PublicCode":"10001200","EndDate":null,"ID":"100012","StrID":"100012"},"MultiplierID":null,"IsApproved":false,"IsValidated":false,"StandardMatchType":0,"ApproveDate":null,"ApprovePostID":null,"ApprovePost":null,"OrderNum":1,"WorkPlaceID":20747,"OrderID":null,"BacteriologyResult":null,"AnalyzerId":38,"IsOrderProductionControl":false,"ID":"207145110","StrID":"207145110"}
30.08.2026 22:28:49	Information:	Result object to save: 
30.08.2026 22:28:49	Information:	{"OrderResearchID":67070862,"OrderResearch":null,"ParameterID":200357,"Parameter":{"ShortNameRU":"АЛаТ","ShortNameKZ":"АЛаТ","ShortName":"АЛаТ","DataType":0,"DataTypeName":"Число","UnitTypeID":100030,"UnitType":{"NameRU":"МЕ/л","NameKZ":"ХБ/л","Name":"МЕ/л","PublicCode":"10003000","OrderBy":31,"ID":100030,"StrID":"100030"},"MedicalFormID":null,"MedicalForm":null,"NameRU":"АЛаТ","NameKZ":"АЛаТ","Name":"АЛаТ","PublicCode":"20035700","OrderBy":null,"ID":200357,"StrID":"200357"},"ParameterValueID":null,"ParameterValue":null,"ResultText":"12.81","ResultValue":null,"ResultDate":"2026-08-30T22:28:49.2166489+05:00","PostID":0,"Post":null,"ExecuteMethod":2,"SourceResultText":"12.81","SourceResultValue":null,"SourceResultExpression":null,"SourceUnitTypeID":100030,"SourceUnitType":{"NameRU":"МЕ/л","NameKZ":"ХБ/л","Name":"МЕ/л","PublicCode":"10003000","OrderBy":31,"ID":100030,"StrID":"100030"},"IsApproved":false,"ApproveDate":null,"ApprovePostID":null,"ApprovePost":null,"OrderNum":1,"WorkPlaceID":20747,"DriverManagerID":150,"BacteriologyResult":null,"AnalyzerId":38,"IsOrderProductionControl":false,"ID":0,"StrID":"0"}
30.08.2026 22:28:49	Information:	Save string: 
30.08.2026 22:28:49	Information:	{"OrderResearchID":67070862,"OrderResearch":{"OrderID":31121895,"ServiceMoID":2163576,"ServiceMoMasterDataID":8269462,"ServiceMo":{"OrgHealthCareID":"45500000000000909","ServiceID":253,"NameRU":"Определение аланинаминотрансферазы (АЛаТ) в сыворотке крови на анализаторе","NameKZ":"Қан сарысуындағы аланинаминотрансферазды (АЛаТ) талдауышта анықтау ","Name":"Определение аланинаминотрансферазы (АЛаТ) в сыворотке крови на анализаторе","ShortNameRU":"Определение аланинаминотрансферазы (АЛаТ) в сыворотке крови на анализаторе","ShortNameKZ":"Қан сарысуындағы аланинаминотрансферазды (АЛаТ) талдауышта анықтау ","ShortName":"Определение аланинаминотрансферазы (АЛаТ) в сыворотке крови на анализаторе","FullName":"B03.155.002 - Определение аланинаминотрансферазы (АЛаТ) в сыворотке крови на анализаторе","Code":"B03.155.002","ExternalCode":null,"ServiceClassID":5,"ServiceClass":{"ServiceTypeID":2,"OrderBy":5,"MasterDataID":5,"NameRU":"Клиническая химия (биохимия)","NameKZ":"Клиникалық химия (биохимия)","Name":"Клиническая химия (биохимия)","PublicCode":"500","EndDate":null,"ID":"5","StrID":"5"},"Service":{"NameRU":"Определение аланинаминотрансферазы (АЛаТ) в сыворотке крови на анализаторе","NameKZ":"Қан сарысуындағы аланинаминотрансферазды (АЛаТ) талдауышта анықтау","Name":"Определение аланинаминотрансферазы (АЛаТ) в сыворотке крови на анализаторе","ShortNameRU":"АЛаТ на анализаторе","ShortNameKZ":"АЛаТ на анализаторе","ShortName":"АЛаТ на анализаторе","FullName":"B03.155.002 - Определение аланинаминотрансферазы (АЛаТ) в сыворотке крови на анализаторе","Code":"B03.155.002","ServiceClassID":5,"ServiceClass":null,"ServiceSubClassID":6,"ServiceSubClass":null,"MaterialTypeID":202,"MaterialType":null,"MasterDataID":3094,"ID":"253","StrID":"253"},"MasterDataID":8269462,"ServiceSubClassID":6,"PayType":1,"ServiceSubClass":null,"ID":"2163576","StrID":"2163576"},"FullName":"B03.155.002 - Определение аланинаминотрансферазы (АЛаТ) в сыворотке крови на анализаторе  () ","IsMain":true,"SourceID":"144991016_33985185","WorkPlaceID":20747,"WorkPlace":null,"DriverManager":null,"ParameterID":null,"Parameter":null,"AdditionalInfo":null,"Status":1,"PerformetServiceCount":9,"ResearchResultCount":0,"ApproveResearchResultCount":0,"NotSaveResearchResultCount":0,"ParentID":null,"ScreeningCandidatePlanGuid":null,"ScreeningUrl":null,"TakePlace":null,"MaterialTypeID":null,"MaterialType":null,"PartCount":0,"IsOrderProductionControl":false,"Uid":"ddfce148-39b6-4682-ae17-c684afdbe7d8","OrderPerformerServices":[],"OrderResearchAllergens":[],"Results":[],"IsResumed":false,"ExecutionType":0,"ID":"67070862","StrID":"67070862"},"ParameterID":200357,"Parameter":{"ShortNameRU":"АЛаТ","ShortNameKZ":"АЛаТ","ShortName":"АЛаТ","DataType":0,"DataTypeName":"Число","UnitTypeID":100030,"UnitType":null,"MedicalFormID":null,"MasterDataID":0,"MedicalForm":null,"NameWithDataType":"АЛаТ  (Число)","NameRU":"АЛаТ","NameKZ":"АЛаТ","Name":"АЛаТ","PublicCode":"20035700","EndDate":null,"ID":"200357","StrID":"200357"},"ParameterValues":null,"ParameterValueID":null,"ParameterValue":null,"ResultText":"12.81","ResultValue":"12.81","ResultDate":"2026-08-30T22:28:49.7052536+05:00","PostID":"189416","Post":null,"ExecuteMethod":2,"SourceResultText":"12.81","SourceResultValue":"12.81","SourceResultExpression":null,"SourceUnitTypeID":100030,"SourceUnitType":{"OrderBy":31,"MasterDataID":null,"CDD_ID":null,"NameRU":"МЕ/л","NameKZ":"ХБ/л","Name":"МЕ/л","PublicCode":"10003000","EndDate":null,"ID":"100030","StrID":"100030"},"MultiplierID":null,"IsApproved":false,"IsValidated":false,"StandardMatchType":0,"ApproveDate":null,"ApprovePostID":null,"ApprovePost":null,"OrderNum":1,"WorkPlaceID":20747,"OrderID":null,"BacteriologyResult":null,"AnalyzerId":38,"IsOrderProductionControl":false,"ID":"207145111","StrID":"207145111"}
30.08.2026 22:28:49	Information:	Result object to save: 
30.08.2026 22:28:49	Information:	{"OrderResearchID":67070864,"OrderResearch":null,"ParameterID":201032,"Parameter":{"ShortNameRU":"прямой билирубин в сыворотке крови","ShortNameKZ":"қан сарысуындағы тікелей билирубин","ShortName":"прямой билирубин в сыворотке крови","DataType":0,"DataTypeName":"Число","UnitTypeID":100041,"UnitType":{"NameRU":"мкмоль/л","NameKZ":"мкмоль/л","Name":"мкмоль/л","PublicCode":"10004100","OrderBy":42,"ID":100041,"StrID":"100041"},"MedicalFormID":null,"MedicalForm":null,"NameRU":"прямой билирубин в сыворотке крови","NameKZ":"қан сарысуындағы тікелей билирубин","Name":"прямой билирубин в сыворотке крови","PublicCode":"20103200","OrderBy":null,"ID":201032,"StrID":"201032"},"ParameterValueID":null,"ParameterValue":null,"ResultText":"1.05","ResultValue":null,"ResultDate":"2026-08-30T22:28:49.2166489+05:00","PostID":0,"Post":null,"ExecuteMethod":2,"SourceResultText":"1.05","SourceResultValue":null,"SourceResultExpression":null,"SourceUnitTypeID":100041,"SourceUnitType":{"NameRU":"мкмоль/л","NameKZ":"мкмоль/л","Name":"мкмоль/л","PublicCode":"10004100","OrderBy":42,"ID":100041,"StrID":"100041"},"IsApproved":false,"ApproveDate":null,"ApprovePostID":null,"ApprovePost":null,"OrderNum":1,"WorkPlaceID":20747,"DriverManagerID":150,"BacteriologyResult":null,"AnalyzerId":38,"IsOrderProductionControl":false,"ID":0,"StrID":"0"}
30.08.2026 22:28:49	Information:	Save string: 
30.08.2026 22:28:49	Information:	{"OrderResearchID":67070864,"OrderResearch":{"OrderID":31121895,"ServiceMoID":2163601,"ServiceMoMasterDataID":8269463,"ServiceMo":{"OrgHealthCareID":"45500000000000909","ServiceID":254,"NameRU":"Определение прямого билирубина в сыворотке крови на анализаторе","NameKZ":"Қан сарысуындағы тікелей  билирубинді талдауышта анықтау ","Name":"Определение прямого билирубина в сыворотке крови на анализаторе","ShortNameRU":"Определение прямого билирубина в сыворотке крови на анализаторе","ShortNameKZ":"Қан сарысуындағы тікелей  билирубинді талдауышта анықтау ","ShortName":"Определение прямого билирубина в сыворотке крови на анализаторе","FullName":"B03.435.002 - Определение прямого билирубина в сыворотке крови на анализаторе","Code":"B03.435.002","ExternalCode":null,"ServiceClassID":5,"ServiceClass":{"ServiceTypeID":2,"OrderBy":5,"MasterDataID":5,"NameRU":"Клиническая химия (биохимия)","NameKZ":"Клиникалық химия (биохимия)","Name":"Клиническая химия (биохимия)","PublicCode":"500","EndDate":null,"ID":"5","StrID":"5"},"Service":{"NameRU":"Определение прямого билирубина в сыворотке крови на анализаторе","NameKZ":"Қан сарысуындағы тікелей билирубинді талдауышта анықтау","Name":"Определение прямого билирубина в сыворотке крови на анализаторе","ShortNameRU":"Прямой Bi на анализаторе","ShortNameKZ":"Прямой Bi на анализаторе","ShortName":"Прямой Bi на анализаторе","FullName":"B03.435.002 - Определение прямого билирубина в сыворотке крови на анализаторе","Code":"B03.435.002","ServiceClassID":5,"ServiceClass":null,"ServiceSubClassID":6,"ServiceSubClass":null,"MaterialTypeID":202,"MaterialType":null,"MasterDataID":3095,"ID":"254","StrID":"254"},"MasterDataID":8269463,"ServiceSubClassID":6,"PayType":1,"ServiceSubClass":null,"ID":"2163601","StrID":"2163601"},"FullName":"B03.435.002 - Определение прямого билирубина в сыворотке крови на анализаторе  () ","IsMain":true,"SourceID":"144991016_33985188","WorkPlaceID":20747,"WorkPlace":null,"DriverManager":null,"ParameterID":null,"Parameter":null,"AdditionalInfo":null,"Status":1,"PerformetServiceCount":7,"ResearchResultCount":0,"ApproveResearchResultCount":0,"NotSaveResearchResultCount":0,"ParentID":null,"ScreeningCandidatePlanGuid":null,"ScreeningUrl":null,"TakePlace":null,"MaterialTypeID":null,"MaterialType":null,"PartCount":0,"IsOrderProductionControl":false,"Uid":"f5072867-41a4-4c15-b66c-37f0f34050a8","OrderPerformerServices":[],"OrderResearchAllergens":[],"Results":[],"IsResumed":false,"ExecutionType":0,"ID":"67070864","StrID":"67070864"},"ParameterID":201032,"Parameter":{"ShortNameRU":"прямой билирубин в сыворотке крови","ShortNameKZ":"қан сарысуындағы тікелей билирубин","ShortName":"прямой билирубин в сыворотке крови","DataType":0,"DataTypeName":"Число","UnitTypeID":100041,"UnitType":null,"MedicalFormID":null,"MasterDataID":0,"MedicalForm":null,"NameWithDataType":"прямой билирубин в сыворотке крови  (Число)","NameRU":"прямой билирубин в сыворотке крови","NameKZ":"қан сарысуындағы тікелей билирубин","Name":"прямой билирубин в сыворотке крови","PublicCode":"20103200","EndDate":null,"ID":"201032","StrID":"201032"},"ParameterValues":null,"ParameterValueID":null,"ParameterValue":null,"ResultText":"1.05","ResultValue":"1.05","ResultDate":"2026-08-30T22:28:49.7650617+05:00","PostID":"189416","Post":null,"ExecuteMethod":2,"SourceResultText":"1.05","SourceResultValue":"1.05","SourceResultExpression":null,"SourceUnitTypeID":100041,"SourceUnitType":{"OrderBy":42,"MasterDataID":null,"CDD_ID":null,"NameRU":"мкмоль/л","NameKZ":"мкмоль/л","Name":"мкмоль/л","PublicCode":"10004100","EndDate":null,"ID":"100041","StrID":"100041"},"MultiplierID":null,"IsApproved":false,"IsValidated":false,"StandardMatchType":0,"ApproveDate":null,"ApprovePostID":null,"ApprovePost":null,"OrderNum":1,"WorkPlaceID":20747,"OrderID":null,"BacteriologyResult":null,"AnalyzerId":38,"IsOrderProductionControl":false,"ID":"207145112","StrID":"207145112"}
30.08.2026 22:28:49	Information:	Result object to save: 
30.08.2026 22:28:49	Information:	{"OrderResearchID":67070863,"OrderResearch":null,"ParameterID":200919,"Parameter":{"ShortNameRU":"общий билирубин в сыворотке крови","ShortNameKZ":"қан сарысуындағы жалпы билирубин","ShortName":"общий билирубин в сыворотке крови","DataType":0,"DataTypeName":"Число","UnitTypeID":100041,"UnitType":{"NameRU":"мкмоль/л","NameKZ":"мкмоль/л","Name":"мкмоль/л","PublicCode":"10004100","OrderBy":42,"ID":100041,"StrID":"100041"},"MedicalFormID":null,"MedicalForm":null,"NameRU":"общий билирубин в сыворотке крови","NameKZ":"қан сарысуындағы жалпы билирубин","Name":"общий билирубин в сыворотке крови","PublicCode":"20091900","OrderBy":null,"ID":200919,"StrID":"200919"},"ParameterValueID":null,"ParameterValue":null,"ResultText":"2.44","ResultValue":null,"ResultDate":"2026-08-30T22:28:49.2166489+05:00","PostID":0,"Post":null,"ExecuteMethod":2,"SourceResultText":"2.44","SourceResultValue":null,"SourceResultExpression":null,"SourceUnitTypeID":100041,"SourceUnitType":{"NameRU":"мкмоль/л","NameKZ":"мкмоль/л","Name":"мкмоль/л","PublicCode":"10004100","OrderBy":42,"ID":100041,"StrID":"100041"},"IsApproved":false,"ApproveDate":null,"ApprovePostID":null,"ApprovePost":null,"OrderNum":1,"WorkPlaceID":20747,"DriverManagerID":150,"BacteriologyResult":null,"AnalyzerId":38,"IsOrderProductionControl":false,"ID":0,"StrID":"0"}
30.08.2026 22:28:49	Information:	Save string: 
30.08.2026 22:28:49	Information:	{"OrderResearchID":67070863,"OrderResearch":{"OrderID":31121895,"ServiceMoID":2163626,"ServiceMoMasterDataID":8269464,"ServiceMo":{"OrgHealthCareID":"45500000000000909","ServiceID":255,"NameRU":"Определение общего билирубина в сыворотке крови на анализаторе","NameKZ":"Қан сарысуындағы жалпы  билирубинді талдауышта анықтау в сыворотке крови на анализаторе","Name":"Определение общего билирубина в сыворотке крови на анализаторе","ShortNameRU":"Определение общего билирубина в сыворотке крови на анализаторе","ShortNameKZ":"Қан сарысуындағы жалпы  билирубинді талдауышта анықтау в сыворотке крови на анализаторе","ShortName":"Определение общего билирубина в сыворотке крови на анализаторе","FullName":"B03.398.002 - Определение общего билирубина в сыворотке крови на анализаторе","Code":"B03.398.002","ExternalCode":null,"ServiceClassID":5,"ServiceClass":{"ServiceTypeID":2,"OrderBy":5,"MasterDataID":5,"NameRU":"Клиническая химия (биохимия)","NameKZ":"Клиникалық химия (биохимия)","Name":"Клиническая химия (биохимия)","PublicCode":"500","EndDate":null,"ID":"5","StrID":"5"},"Service":{"NameRU":"Определение общего билирубина в сыворотке крови на анализаторе","NameKZ":"Қан сарысуындағы жалпы билирубинді талдауышта анықтау в сыворотке крови на анализаторе","Name":"Определение общего билирубина в сыворотке крови на анализаторе","ShortNameRU":"Общий Bi на анализаторе","ShortNameKZ":"Общий Bi на анализаторе","ShortName":"Общий Bi на анализаторе","FullName":"B03.398.002 - Определение общего билирубина в сыворотке крови на анализаторе","Code":"B03.398.002","ServiceClassID":5,"ServiceClass":null,"ServiceSubClassID":6,"ServiceSubClass":null,"MaterialTypeID":202,"MaterialType":null,"MasterDataID":3096,"ID":"255","StrID":"255"},"MasterDataID":8269464,"ServiceSubClassID":6,"PayType":1,"ServiceSubClass":null,"ID":"2163626","StrID":"2163626"},"FullName":"B03.398.002 - Определение общего билирубина в сыворотке крови на анализаторе  () ","IsMain":true,"SourceID":"144991016_33985187","WorkPlaceID":20747,"WorkPlace":null,"DriverManager":null,"ParameterID":null,"Parameter":null,"AdditionalInfo":null,"Status":1,"PerformetServiceCount":7,"ResearchResultCount":0,"ApproveResearchResultCount":0,"NotSaveResearchResultCount":0,"ParentID":null,"ScreeningCandidatePlanGuid":null,"ScreeningUrl":null,"TakePlace":null,"MaterialTypeID":null,"MaterialType":null,"PartCount":0,"IsOrderProductionControl":false,"Uid":"ec9d0fdb-d256-434b-8f2a-41b3e3d7bbfc","OrderPerformerServices":[],"OrderResearchAllergens":[],"Results":[],"IsResumed":false,"ExecutionType":0,"ID":"67070863","StrID":"67070863"},"ParameterID":200919,"Parameter":{"ShortNameRU":"общий билирубин в сыворотке крови","ShortNameKZ":"қан сарысуындағы жалпы билирубин","ShortName":"общий билирубин в сыворотке крови","DataType":0,"DataTypeName":"Число","UnitTypeID":100041,"UnitType":null,"MedicalFormID":null,"MasterDataID":0,"MedicalForm":null,"NameWithDataType":"общий билирубин в сыворотке крови  (Число)","NameRU":"общий билирубин в сыворотке крови","NameKZ":"қан сарысуындағы жалпы билирубин","Name":"общий билирубин в сыворотке крови","PublicCode":"20091900","EndDate":null,"ID":"200919","StrID":"200919"},"ParameterValues":null,"ParameterValueID":null,"ParameterValue":null,"ResultText":"2.44","ResultValue":"2.44","ResultDate":"2026-08-30T22:28:49.8275572+05:00","PostID":"189416","Post":null,"ExecuteMethod":2,"SourceResultText":"2.44","SourceResultValue":"2.44","SourceResultExpression":null,"SourceUnitTypeID":100041,"SourceUnitType":{"OrderBy":42,"MasterDataID":null,"CDD_ID":null,"NameRU":"мкмоль/л","NameKZ":"мкмоль/л","Name":"мкмоль/л","PublicCode":"10004100","EndDate":null,"ID":"100041","StrID":"100041"},"MultiplierID":null,"IsApproved":false,"IsValidated":false,"StandardMatchType":0,"ApproveDate":null,"ApprovePostID":null,"ApprovePost":null,"OrderNum":1,"WorkPlaceID":20747,"OrderID":null,"BacteriologyResult":null,"AnalyzerId":38,"IsOrderProductionControl":false,"ID":"207145113","StrID":"207145113"}
30.08.2026 22:28:49	Information:	Result object to save: 
30.08.2026 22:28:49	Information:	{"OrderResearchID":67070865,"OrderResearch":null,"ParameterID":200408,"Parameter":{"ShortNameRU":"АСаТ","ShortNameKZ":"АСаТ","ShortName":"АСаТ","DataType":0,"DataTypeName":"Число","UnitTypeID":100030,"UnitType":{"NameRU":"МЕ/л","NameKZ":"ХБ/л","Name":"МЕ/л","PublicCode":"10003000","OrderBy":31,"ID":100030,"StrID":"100030"},"MedicalFormID":null,"MedicalForm":null,"NameRU":"АСаТ","NameKZ":"АСаТ","Name":"АСаТ","PublicCode":"20040800","OrderBy":null,"ID":200408,"StrID":"200408"},"ParameterValueID":null,"ParameterValue":null,"ResultText":"25.28","ResultValue":null,"ResultDate":"2026-08-30T22:28:49.2166489+05:00","PostID":0,"Post":null,"ExecuteMethod":2,"SourceResultText":"25.28","SourceResultValue":null,"SourceResultExpression":null,"SourceUnitTypeID":100030,"SourceUnitType":{"NameRU":"МЕ/л","NameKZ":"ХБ/л","Name":"МЕ/л","PublicCode":"10003000","OrderBy":31,"ID":100030,"StrID":"100030"},"IsApproved":false,"ApproveDate":null,"ApprovePostID":null,"ApprovePost":null,"OrderNum":1,"WorkPlaceID":20747,"DriverManagerID":150,"BacteriologyResult":null,"AnalyzerId":38,"IsOrderProductionControl":false,"ID":0,"StrID":"0"}
30.08.2026 22:28:49	Information:	Save string: 
30.08.2026 22:28:49	Information:	{"OrderResearchID":67070865,"OrderResearch":{"OrderID":31121895,"ServiceMoID":2163651,"ServiceMoMasterDataID":8269465,"ServiceMo":{"OrgHealthCareID":"45500000000000909","ServiceID":256,"NameRU":"Определение аспартатаминотрансферазы (АСаТ) в сыворотке крови на анализаторе","NameKZ":"Қан сарысуындағы  аспартатаминотрансферазды  (АСаТ) талдауышта анықтау  ","Name":"Определение аспартатаминотрансферазы (АСаТ) в сыворотке крови на анализаторе","ShortNameRU":"Определение аспартатаминотрансферазы (АСаТ) в сыворотке крови на анализаторе","ShortNameKZ":"Қан сарысуындағы  аспартатаминотрансферазды  (АСаТ) талдауышта анықтау  ","ShortName":"Определение аспартатаминотрансферазы (АСаТ) в сыворотке крови на анализаторе","FullName":"B03.293.002 - Определение аспартатаминотрансферазы (АСаТ) в сыворотке крови на анализаторе","Code":"B03.293.002","ExternalCode":null,"ServiceClassID":5,"ServiceClass":{"ServiceTypeID":2,"OrderBy":5,"MasterDataID":5,"NameRU":"Клиническая химия (биохимия)","NameKZ":"Клиникалық химия (биохимия)","Name":"Клиническая химия (биохимия)","PublicCode":"500","EndDate":null,"ID":"5","StrID":"5"},"Service":{"NameRU":"Определение аспартатаминотрансферазы (АСаТ) в сыворотке крови на анализаторе","NameKZ":"Қан сарысуындағы аспартатаминотрансферазды (АСаТ) талдауышта анықтау","Name":"Определение аспартатаминотрансферазы (АСаТ) в сыворотке крови на анализаторе","ShortNameRU":"АСаТ на анализаторе","ShortNameKZ":"АСаТ на анализаторе","ShortName":"АСаТ на анализаторе","FullName":"B03.293.002 - Определение аспартатаминотрансферазы (АСаТ) в сыворотке крови на анализаторе","Code":"B03.293.002","ServiceClassID":5,"ServiceClass":null,"ServiceSubClassID":6,"ServiceSubClass":null,"MaterialTypeID":202,"MaterialType":null,"MasterDataID":3097,"ID":"256","StrID":"256"},"MasterDataID":8269465,"ServiceSubClassID":6,"PayType":1,"ServiceSubClass":null,"ID":"2163651","StrID":"2163651"},"FullName":"B03.293.002 - Определение аспартатаминотрансферазы (АСаТ) в сыворотке крови на анализаторе  () ","IsMain":true,"SourceID":"144991016_33985186","WorkPlaceID":20747,"WorkPlace":null,"DriverManager":null,"ParameterID":null,"Parameter":null,"AdditionalInfo":null,"Status":1,"PerformetServiceCount":7,"ResearchResultCount":0,"ApproveResearchResultCount":0,"NotSaveResearchResultCount":0,"ParentID":null,"ScreeningCandidatePlanGuid":null,"ScreeningUrl":null,"TakePlace":null,"MaterialTypeID":null,"MaterialType":null,"PartCount":0,"IsOrderProductionControl":false,"Uid":"07489853-6d17-42c0-8d73-97c674651297","OrderPerformerServices":[],"OrderResearchAllergens":[],"Results":[],"IsResumed":false,"ExecutionType":0,"ID":"67070865","StrID":"67070865"},"ParameterID":200408,"Parameter":{"ShortNameRU":"АСаТ","ShortNameKZ":"АСаТ","ShortName":"АСаТ","DataType":0,"DataTypeName":"Число","UnitTypeID":100030,"UnitType":null,"MedicalFormID":null,"MasterDataID":0,"MedicalForm":null,"NameWithDataType":"АСаТ  (Число)","NameRU":"АСаТ","NameKZ":"АСаТ","Name":"АСаТ","PublicCode":"20040800","EndDate":null,"ID":"200408","StrID":"200408"},"ParameterValues":null,"ParameterValueID":null,"ParameterValue":null,"ResultText":"25.28","ResultValue":"25.28","ResultDate":"2026-08-30T22:28:49.890454+05:00","PostID":"189416","Post":null,"ExecuteMethod":2,"SourceResultText":"25.28","SourceResultValue":"25.28","SourceResultExpression":null,"SourceUnitTypeID":100030,"SourceUnitType":{"OrderBy":31,"MasterDataID":null,"CDD_ID":null,"NameRU":"МЕ/л","NameKZ":"ХБ/л","Name":"МЕ/л","PublicCode":"10003000","EndDate":null,"ID":"100030","StrID":"100030"},"MultiplierID":null,"IsApproved":false,"IsValidated":false,"StandardMatchType":0,"ApproveDate":null,"ApprovePostID":null,"ApprovePost":null,"OrderNum":1,"WorkPlaceID":20747,"OrderID":null,"BacteriologyResult":null,"AnalyzerId":38,"IsOrderProductionControl":false,"ID":"207145114","StrID":"207145114"}
30.08.2026 22:28:49	Information:	Result object to save: 
30.08.2026 22:28:49	Information:	{"OrderResearchID":67070866,"OrderResearch":null,"ParameterID":200549,"Parameter":{"ShortNameRU":"глюкоза в сыворотке крови","ShortNameKZ":"қан сарысуындағы глюкоза","ShortName":"глюкоза в сыворотке крови","DataType":0,"DataTypeName":"Число","UnitTypeID":100051,"UnitType":{"NameRU":"ммоль/л","NameKZ":"ммоль/л","Name":"ммоль/л","PublicCode":"10005100","OrderBy":52,"ID":100051,"StrID":"100051"},"MedicalFormID":null,"MedicalForm":null,"NameRU":"глюкоза в сыворотке крови","NameKZ":"қан сарысуындағы глюкоза","Name":"глюкоза в сыворотке крови","PublicCode":"20054900","OrderBy":null,"ID":200549,"StrID":"200549"},"ParameterValueID":null,"ParameterValue":null,"ResultText":"4.47","ResultValue":null,"ResultDate":"2026-08-30T22:28:49.2166489+05:00","PostID":0,"Post":null,"ExecuteMethod":2,"SourceResultText":"4.47","SourceResultValue":null,"SourceResultExpression":null,"SourceUnitTypeID":100051,"SourceUnitType":{"NameRU":"ммоль/л","NameKZ":"ммоль/л","Name":"ммоль/л","PublicCode":"10005100","OrderBy":52,"ID":100051,"StrID":"100051"},"IsApproved":false,"ApproveDate":null,"ApprovePostID":null,"ApprovePost":null,"OrderNum":1,"WorkPlaceID":20747,"DriverManagerID":150,"BacteriologyResult":null,"AnalyzerId":38,"IsOrderProductionControl":false,"ID":0,"StrID":"0"}
30.08.2026 22:28:49	Information:	Save string: 
30.08.2026 22:28:49	Information:	{"OrderResearchID":67070866,"OrderResearch":{"OrderID":31121895,"ServiceMoID":2164501,"ServiceMoMasterDataID":8269499,"ServiceMo":{"OrgHealthCareID":"45500000000000909","ServiceID":290,"NameRU":"Определение глюкозы в сыворотке крови на анализаторе","NameKZ":"Қан сарысуындағы глюкозаны талдауышта анықтау ","Name":"Определение глюкозы в сыворотке крови на анализаторе","ShortNameRU":"Определение глюкозы в сыворотке крови на анализаторе","ShortNameKZ":"Қан сарысуындағы глюкозаны талдауышта анықтау ","ShortName":"Определение глюкозы в сыворотке крови на анализаторе","FullName":"B03.335.002 - Определение глюкозы в сыворотке крови на анализаторе","Code":"B03.335.002","ExternalCode":null,"ServiceClassID":5,"ServiceClass":{"ServiceTypeID":2,"OrderBy":5,"MasterDataID":5,"NameRU":"Клиническая химия (биохимия)","NameKZ":"Клиникалық химия (биохимия)","Name":"Клиническая химия (биохимия)","PublicCode":"500","EndDate":null,"ID":"5","StrID":"5"},"Service":{"NameRU":"Определение глюкозы в сыворотке крови на анализаторе","NameKZ":"Қан сарысуындағы глюкозаны талдауышта анықтау","Name":"Определение глюкозы в сыворотке крови на анализаторе","ShortNameRU":"Глюкоза в сыворотке крови на анализаторе","ShortNameKZ":"Глюкоза в сыворотке крови на анализаторе","ShortName":"Глюкоза в сыворотке крови на анализаторе","FullName":"B03.335.002 - Определение глюкозы в сыворотке крови на анализаторе","Code":"B03.335.002","ServiceClassID":5,"ServiceClass":null,"ServiceSubClassID":6,"ServiceSubClass":null,"MaterialTypeID":202,"MaterialType":null,"MasterDataID":3131,"ID":"290","StrID":"290"},"MasterDataID":8269499,"ServiceSubClassID":6,"PayType":1,"ServiceSubClass":null,"ID":"2164501","StrID":"2164501"},"FullName":"B03.335.002 - Определение глюкозы в сыворотке крови на анализаторе  () ","IsMain":true,"SourceID":"144991016_33985189","WorkPlaceID":20747,"WorkPlace":null,"DriverManager":null,"ParameterID":null,"Parameter":null,"AdditionalInfo":null,"Status":1,"PerformetServiceCount":7,"ResearchResultCount":0,"ApproveResearchResultCount":0,"NotSaveResearchResultCount":0,"ParentID":null,"ScreeningCandidatePlanGuid":null,"ScreeningUrl":null,"TakePlace":null,"MaterialTypeID":null,"MaterialType":null,"PartCount":0,"IsOrderProductionControl":false,"Uid":"06fd7415-3469-432c-8249-501b2548850f","OrderPerformerServices":[],"OrderResearchAllergens":[],"Results":[],"IsResumed":false,"ExecutionType":0,"ID":"67070866","StrID":"67070866"},"ParameterID":200549,"Parameter":{"ShortNameRU":"глюкоза в сыворотке крови","ShortNameKZ":"қан сарысуындағы глюкоза","ShortName":"глюкоза в сыворотке крови","DataType":0,"DataTypeName":"Число","UnitTypeID":100051,"UnitType":null,"MedicalFormID":null,"MasterDataID":0,"MedicalForm":null,"NameWithDataType":"глюкоза в сыворотке крови  (Число)","NameRU":"глюкоза в сыворотке крови","NameKZ":"қан сарысуындағы глюкоза","Name":"глюкоза в сыворотке крови","PublicCode":"20054900","EndDate":null,"ID":"200549","StrID":"200549"},"ParameterValues":null,"ParameterValueID":null,"ParameterValue":null,"ResultText":"4.47","ResultValue":"4.47","ResultDate":"2026-08-30T22:28:49.9689743+05:00","PostID":"189416","Post":null,"ExecuteMethod":2,"SourceResultText":"4.47","SourceResultValue":"4.47","SourceResultExpression":null,"SourceUnitTypeID":100051,"SourceUnitType":{"OrderBy":52,"MasterDataID":null,"CDD_ID":null,"NameRU":"ммоль/л","NameKZ":"ммоль/л","Name":"ммоль/л","PublicCode":"10005100","EndDate":null,"ID":"100051","StrID":"100051"},"MultiplierID":null,"IsApproved":false,"IsValidated":false,"StandardMatchType":0,"ApproveDate":null,"ApprovePostID":null,"ApprovePost":null,"OrderNum":1,"WorkPlaceID":20747,"OrderID":null,"BacteriologyResult":null,"AnalyzerId":38,"IsOrderProductionControl":false,"ID":"207145115","StrID":"207145115"}
30.08.2026 22:28:49	Information:	Result object to save: 
30.08.2026 22:28:49	Information:	{"OrderResearchID":67070867,"OrderResearch":null,"ParameterID":200852,"Parameter":{"ShortNameRU":"мочевина в сыворотке крови","ShortNameKZ":"қан сарысуындағы несепнәр","ShortName":"мочевина в сыворотке крови","DataType":0,"DataTypeName":"Число","UnitTypeID":100051,"UnitType":{"NameRU":"ммоль/л","NameKZ":"ммоль/л","Name":"ммоль/л","PublicCode":"10005100","OrderBy":52,"ID":100051,"StrID":"100051"},"MedicalFormID":null,"MedicalForm":null,"NameRU":"мочевина в сыворотке крови","NameKZ":"қан сарысуындағы несепнәр","Name":"мочевина в сыворотке крови","PublicCode":"20085200","OrderBy":null,"ID":200852,"StrID":"200852"},"ParameterValueID":null,"ParameterValue":null,"ResultText":"4.54","ResultValue":null,"ResultDate":"2026-08-30T22:28:49.2321523+05:00","PostID":0,"Post":null,"ExecuteMethod":2,"SourceResultText":"4.54","SourceResultValue":null,"SourceResultExpression":null,"SourceUnitTypeID":100051,"SourceUnitType":{"NameRU":"ммоль/л","NameKZ":"ммоль/л","Name":"ммоль/л","PublicCode":"10005100","OrderBy":52,"ID":100051,"StrID":"100051"},"IsApproved":false,"ApproveDate":null,"ApprovePostID":null,"ApprovePost":null,"OrderNum":1,"WorkPlaceID":20747,"DriverManagerID":150,"BacteriologyResult":null,"AnalyzerId":38,"IsOrderProductionControl":false,"ID":0,"StrID":"0"}
30.08.2026 22:28:49	Information:	Save string: 
30.08.2026 22:28:49	Information:	{"OrderResearchID":67070867,"OrderResearch":{"OrderID":31121895,"ServiceMoID":2164626,"ServiceMoMasterDataID":8269504,"ServiceMo":{"OrgHealthCareID":"45500000000000909","ServiceID":295,"NameRU":"Определение мочевины в сыворотке крови на анализаторе","NameKZ":"Қан сарысуындағы несепнәрді  талдауышта анықтау ","Name":"Определение мочевины в сыворотке крови на анализаторе","ShortNameRU":"Определение мочевины в сыворотке крови на анализаторе","ShortNameKZ":"Қан сарысуындағы несепнәрді  талдауышта анықтау ","ShortName":"Определение мочевины в сыворотке крови на анализаторе","FullName":"B03.386.002 - Определение мочевины в сыворотке крови на анализаторе","Code":"B03.386.002","ExternalCode":null,"ServiceClassID":5,"ServiceClass":{"ServiceTypeID":2,"OrderBy":5,"MasterDataID":5,"NameRU":"Клиническая химия (биохимия)","NameKZ":"Клиникалық химия (биохимия)","Name":"Клиническая химия (биохимия)","PublicCode":"500","EndDate":null,"ID":"5","StrID":"5"},"Service":{"NameRU":"Определение мочевины в сыворотке крови на анализаторе","NameKZ":"Қан сарысуындағы несепнәрді талдауышта анықтау","Name":"Определение мочевины в сыворотке крови на анализаторе","ShortNameRU":"Мочевина на анализаторе","ShortNameKZ":"Мочевина на анализаторе","ShortName":"Мочевина на анализаторе","FullName":"B03.386.002 - Определение мочевины в сыворотке крови на анализаторе","Code":"B03.386.002","ServiceClassID":5,"ServiceClass":null,"ServiceSubClassID":6,"ServiceSubClass":null,"MaterialTypeID":202,"MaterialType":null,"MasterDataID":3136,"ID":"295","StrID":"295"},"MasterDataID":8269504,"ServiceSubClassID":6,"PayType":1,"ServiceSubClass":null,"ID":"2164626","StrID":"2164626"},"FullName":"B03.386.002 - Определение мочевины в сыворотке крови на анализаторе  () ","IsMain":true,"SourceID":"144991016_33985184","WorkPlaceID":20747,"WorkPlace":null,"DriverManager":null,"ParameterID":null,"Parameter":null,"AdditionalInfo":null,"Status":1,"PerformetServiceCount":7,"ResearchResultCount":0,"ApproveResearchResultCount":0,"NotSaveResearchResultCount":0,"ParentID":null,"ScreeningCandidatePlanGuid":null,"ScreeningUrl":null,"TakePlace":null,"MaterialTypeID":null,"MaterialType":null,"PartCount":0,"IsOrderProductionControl":false,"Uid":"365fc925-7ec2-4b69-a7d7-884e38f1a231","OrderPerformerServices":[],"OrderResearchAllergens":[],"Results":[],"IsResumed":false,"ExecutionType":0,"ID":"67070867","StrID":"67070867"},"ParameterID":200852,"Parameter":{"ShortNameRU":"мочевина в сыворотке крови","ShortNameKZ":"қан сарысуындағы несепнәр","ShortName":"мочевина в сыворотке крови","DataType":0,"DataTypeName":"Число","UnitTypeID":100051,"UnitType":null,"MedicalFormID":null,"MasterDataID":0,"MedicalForm":null,"NameWithDataType":"мочевина в сыворотке крови  (Число)","NameRU":"мочевина в сыворотке крови","NameKZ":"қан сарысуындағы несепнәр","Name":"мочевина в сыворотке крови","PublicCode":"20085200","EndDate":null,"ID":"200852","StrID":"200852"},"ParameterValues":null,"ParameterValueID":null,"ParameterValue":null,"ResultText":"4.54","ResultValue":"4.54","ResultDate":"2026-08-30T22:28:50.0314735+05:00","PostID":"189416","Post":null,"ExecuteMethod":2,"SourceResultText":"4.54","SourceResultValue":"4.54","SourceResultExpression":null,"SourceUnitTypeID":100051,"SourceUnitType":{"OrderBy":52,"MasterDataID":null,"CDD_ID":null,"NameRU":"ммоль/л","NameKZ":"ммоль/л","Name":"ммоль/л","PublicCode":"10005100","EndDate":null,"ID":"100051","StrID":"100051"},"MultiplierID":null,"IsApproved":false,"IsValidated":false,"StandardMatchType":0,"ApproveDate":null,"ApprovePostID":null,"ApprovePost":null,"OrderNum":1,"WorkPlaceID":20747,"OrderID":null,"BacteriologyResult":null,"AnalyzerId":38,"IsOrderProductionControl":false,"ID":"207145116","StrID":"207145116"}
30.08.2026 22:28:49	Information:	Result object to save: 
30.08.2026 22:28:49	Information:	{"OrderResearchID":67070861,"OrderResearch":null,"ParameterID":200744,"Parameter":{"ShortNameRU":"креатинин в крови","ShortNameKZ":"қандағы креатинин","ShortName":"креатинин в крови","DataType":0,"DataTypeName":"Число","UnitTypeID":100041,"UnitType":{"NameRU":"мкмоль/л","NameKZ":"мкмоль/л","Name":"мкмоль/л","PublicCode":"10004100","OrderBy":42,"ID":100041,"StrID":"100041"},"MedicalFormID":null,"MedicalForm":null,"NameRU":"креатинин в крови","NameKZ":"қандағы креатинин","Name":"креатинин в крови","PublicCode":"20074400","OrderBy":null,"ID":200744,"StrID":"200744"},"ParameterValueID":null,"ParameterValue":null,"ResultText":"21.85","ResultValue":null,"ResultDate":"2026-08-30T22:28:49.2321523+05:00","PostID":0,"Post":null,"ExecuteMethod":2,"SourceResultText":"21.85","SourceResultValue":null,"SourceResultExpression":null,"SourceUnitTypeID":100041,"SourceUnitType":{"NameRU":"мкмоль/л","NameKZ":"мкмоль/л","Name":"мкмоль/л","PublicCode":"10004100","OrderBy":42,"ID":100041,"StrID":"100041"},"IsApproved":false,"ApproveDate":null,"ApprovePostID":null,"ApprovePost":null,"OrderNum":1,"WorkPlaceID":20747,"DriverManagerID":150,"BacteriologyResult":null,"AnalyzerId":38,"IsOrderProductionControl":false,"ID":0,"StrID":"0"}
30.08.2026 22:28:49	Information:	Save string: 
30.08.2026 22:28:49	Information:	{"OrderResearchID":67070861,"OrderResearch":{"OrderID":31121895,"ServiceMoID":2164651,"ServiceMoMasterDataID":8269505,"ServiceMo":{"OrgHealthCareID":"45500000000000909","ServiceID":296,"NameRU":"Определение креатинина в сыворотке крови на анализаторе","NameKZ":"Қан сарысуындағы  креатининді талдауышта анықтау ","Name":"Определение креатинина в сыворотке крови на анализаторе","ShortNameRU":"Определение креатинина в сыворотке крови на анализаторе","ShortNameKZ":"Қан сарысуындағы  креатининді талдауышта анықтау ","ShortName":"Определение креатинина в сыворотке крови на анализаторе","FullName":"B03.363.002 - Определение креатинина в сыворотке крови на анализаторе","Code":"B03.363.002","ExternalCode":null,"ServiceClassID":5,"ServiceClass":{"ServiceTypeID":2,"OrderBy":5,"MasterDataID":5,"NameRU":"Клиническая химия (биохимия)","NameKZ":"Клиникалық химия (биохимия)","Name":"Клиническая химия (биохимия)","PublicCode":"500","EndDate":null,"ID":"5","StrID":"5"},"Service":{"NameRU":"Определение креатинина в сыворотке крови на анализаторе","NameKZ":"Қан сарысуындағы креатининді талдауышта анықтау","Name":"Определение креатинина в сыворотке крови на анализаторе","ShortNameRU":"Креатинин на анализаторе","ShortNameKZ":"Креатинин на анализаторе","ShortName":"Креатинин на анализаторе","FullName":"B03.363.002 - Определение креатинина в сыворотке крови на анализаторе","Code":"B03.363.002","ServiceClassID":5,"ServiceClass":null,"ServiceSubClassID":6,"ServiceSubClass":null,"MaterialTypeID":202,"MaterialType":null,"MasterDataID":3137,"ID":"296","StrID":"296"},"MasterDataID":8269505,"ServiceSubClassID":6,"PayType":1,"ServiceSubClass":null,"ID":"2164651","StrID":"2164651"},"FullName":"B03.363.002 - Определение креатинина в сыворотке крови на анализаторе  () ","IsMain":true,"SourceID":"144991016_33985183","WorkPlaceID":20747,"WorkPlace":null,"DriverManager":null,"ParameterID":null,"Parameter":null,"AdditionalInfo":null,"Status":1,"PerformetServiceCount":7,"ResearchResultCount":0,"ApproveResearchResultCount":0,"NotSaveResearchResultCount":0,"ParentID":null,"ScreeningCandidatePlanGuid":null,"ScreeningUrl":null,"TakePlace":null,"MaterialTypeID":null,"MaterialType":null,"PartCount":0,"IsOrderProductionControl":false,"Uid":"bc29c8a4-02c3-4e8e-b737-95d8e9693c59","OrderPerformerServices":[],"OrderResearchAllergens":[],"Results":[],"IsResumed":false,"ExecutionType":0,"ID":"67070861","StrID":"67070861"},"ParameterID":200744,"Parameter":{"ShortNameRU":"креатинин в крови","ShortNameKZ":"қандағы креатинин","ShortName":"креатинин в крови","DataType":0,"DataTypeName":"Число","UnitTypeID":100041,"UnitType":null,"MedicalFormID":null,"MasterDataID":0,"MedicalForm":null,"NameWithDataType":"креатинин в крови  (Число)","NameRU":"креатинин в крови","NameKZ":"қандағы креатинин","Name":"креатинин в крови","PublicCode":"20074400","EndDate":null,"ID":"200744","StrID":"200744"},"ParameterValues":null,"ParameterValueID":null,"ParameterValue":null,"ResultText":"21.85","ResultValue":"21.85","ResultDate":"2026-08-30T22:28:50.1100212+05:00","PostID":"189416","Post":null,"ExecuteMethod":2,"SourceResultText":"21.85","SourceResultValue":"21.85","SourceResultExpression":null,"SourceUnitTypeID":100041,"SourceUnitType":{"OrderBy":42,"MasterDataID":null,"CDD_ID":null,"NameRU":"мкмоль/л","NameKZ":"мкмоль/л","Name":"мкмоль/л","PublicCode":"10004100","EndDate":null,"ID":"100041","StrID":"100041"},"MultiplierID":null,"IsApproved":false,"IsValidated":false,"StandardMatchType":0,"ApproveDate":null,"ApprovePostID":null,"ApprovePost":null,"OrderNum":1,"WorkPlaceID":20747,"OrderID":null,"BacteriologyResult":null,"AnalyzerId":38,"IsOrderProductionControl":false,"ID":"207145117","StrID":"207145117"}
30.08.2026 22:28:49	Information:	Result object to save: 
30.08.2026 22:28:49	Information:	{"OrderResearchID":67070868,"OrderResearch":null,"ParameterID":201150,"Parameter":{"ShortNameRU":"СРБ","ShortNameKZ":"СРА","ShortName":"СРБ","DataType":0,"DataTypeName":"Число","UnitTypeID":100026,"UnitType":{"NameRU":"мг/л","NameKZ":"мг/л","Name":"мг/л","PublicCode":"10002600","OrderBy":27,"ID":100026,"StrID":"100026"},"MedicalFormID":null,"MedicalForm":null,"NameRU":"СРБ","NameKZ":"СРА","Name":"СРБ","PublicCode":"20115000","OrderBy":null,"ID":201150,"StrID":"201150"},"ParameterValueID":null,"ParameterValue":null,"ResultText":"0","ResultValue":null,"ResultDate":"2026-08-30T22:28:49.2321523+05:00","PostID":0,"Post":null,"ExecuteMethod":2,"SourceResultText":"0","SourceResultValue":null,"SourceResultExpression":null,"SourceUnitTypeID":100026,"SourceUnitType":{"NameRU":"мг/л","NameKZ":"мг/л","Name":"мг/л","PublicCode":"10002600","OrderBy":27,"ID":100026,"StrID":"100026"},"IsApproved":false,"ApproveDate":null,"ApprovePostID":null,"ApprovePost":null,"OrderNum":1,"WorkPlaceID":20747,"DriverManagerID":150,"BacteriologyResult":null,"AnalyzerId":38,"IsOrderProductionControl":false,"ID":0,"StrID":"0"}
30.08.2026 22:28:49	Information:	Save string: 
30.08.2026 22:28:49	Information:	{"OrderResearchID":67070868,"OrderResearch":{"OrderID":31121895,"ServiceMoID":2164726,"ServiceMoMasterDataID":8269508,"ServiceMo":{"OrgHealthCareID":"45500000000000909","ServiceID":299,"NameRU":"Определение «C» реактивного белка (СРБ) в сыворотке крови количественно","NameKZ":"Қан сарысуында \"C\" реактивті нәруызын сандық анықтау","Name":"Определение «C» реактивного белка (СРБ) в сыворотке крови количественно","ShortNameRU":"Определение «C» реактивного белка (СРБ) в сыворотке крови количественно","ShortNameKZ":"Қан сарысуында \"C\" реактивті нәруызын сандық анықтау","ShortName":"Определение «C» реактивного белка (СРБ) в сыворотке крови количественно","FullName":"B03.115.002 - Определение «C» реактивного белка (СРБ) в сыворотке крови количественно","Code":"B03.115.002","ExternalCode":null,"ServiceClassID":5,"ServiceClass":{"ServiceTypeID":2,"OrderBy":5,"MasterDataID":5,"NameRU":"Клиническая химия (биохимия)","NameKZ":"Клиникалық химия (биохимия)","Name":"Клиническая химия (биохимия)","PublicCode":"500","EndDate":null,"ID":"5","StrID":"5"},"Service":{"NameRU":"Определение «C» реактивного белка (СРБ) в сыворотке крови количественно","NameKZ":"Қан сарысуында \"C\" реактивті нәруызын сандық анықтау","Name":"Определение «C» реактивного белка (СРБ) в сыворотке крови количественно","ShortNameRU":"СРБ на анализаторе","ShortNameKZ":"СРБ на анализаторе","ShortName":"СРБ на анализаторе","FullName":"B03.115.002 - Определение «C» реактивного белка (СРБ) в сыворотке крови количественно","Code":"B03.115.002","ServiceClassID":5,"ServiceClass":null,"ServiceSubClassID":6,"ServiceSubClass":null,"MaterialTypeID":202,"MaterialType":null,"MasterDataID":3140,"ID":"299","StrID":"299"},"MasterDataID":8269508,"ServiceSubClassID":6,"PayType":1,"ServiceSubClass":null,"ID":"2164726","StrID":"2164726"},"FullName":"B03.115.002 - Определение «C» реактивного белка (СРБ) в сыворотке крови количественно  () ","IsMain":true,"SourceID":"144991016_33985190","WorkPlaceID":20747,"WorkPlace":null,"DriverManager":null,"ParameterID":null,"Parameter":null,"AdditionalInfo":null,"Status":1,"PerformetServiceCount":7,"ResearchResultCount":0,"ApproveResearchResultCount":0,"NotSaveResearchResultCount":0,"ParentID":null,"ScreeningCandidatePlanGuid":null,"ScreeningUrl":null,"TakePlace":null,"MaterialTypeID":null,"MaterialType":null,"PartCount":0,"IsOrderProductionControl":false,"Uid":"0ab24d69-aa08-485a-b811-ea2f0133f66a","OrderPerformerServices":[],"OrderResearchAllergens":[],"Results":[],"IsResumed":false,"ExecutionType":0,"ID":"67070868","StrID":"67070868"},"ParameterID":201150,"Parameter":{"ShortNameRU":"СРБ","ShortNameKZ":"СРА","ShortName":"СРБ","DataType":0,"DataTypeName":"Число","UnitTypeID":100026,"UnitType":null,"MedicalFormID":null,"MasterDataID":0,"MedicalForm":null,"NameWithDataType":"СРБ  (Число)","NameRU":"СРБ","NameKZ":"СРА","Name":"СРБ","PublicCode":"20115000","EndDate":null,"ID":"201150","StrID":"201150"},"ParameterValues":null,"ParameterValueID":null,"ParameterValue":null,"ResultText":"0.00","ResultValue":"0.00","ResultDate":"2026-08-30T22:28:50.1725167+05:00","PostID":"189416","Post":null,"ExecuteMethod":2,"SourceResultText":"0.00","SourceResultValue":"0.00","SourceResultExpression":null,"SourceUnitTypeID":100026,"SourceUnitType":{"OrderBy":27,"MasterDataID":null,"CDD_ID":null,"NameRU":"мг/л","NameKZ":"мг/л","Name":"мг/л","PublicCode":"10002600","EndDate":null,"ID":"100026","StrID":"100026"},"MultiplierID":null,"IsApproved":false,"IsValidated":false,"StandardMatchType":0,"ApproveDate":null,"ApprovePostID":null,"ApprovePost":null,"OrderNum":1,"WorkPlaceID":20747,"OrderID":null,"BacteriologyResult":null,"AnalyzerId":38,"IsOrderProductionControl":false,"ID":"207145118","StrID":"207145118"}
30.08.2026 22:28:49	Debug:	 SendResults SaveDeviceResults = 870 ms
30.08.2026 22:28:49	Debug:	 total for SendResults = 1471 ms
30.08.2026 22:29:40	Information:	url https://lab-vko.dmed.kz/ /api/DriverManager/PingDevice
30.08.2026 22:29:40	Information:	{
"Hash": "w9LjvpRCyoByGV3Lzv0iX9dSI0tLK0uV+pRojL1kufc=",
"Status": 0
}


30.08.2026 22:29:40	Information:	Ping ret is {"Status":0,"Comment":null}
30.08.2026 22:31:41	Information:	url https://lab-vko.dmed.kz/ /api/DriverManager/PingDevice
30.08.2026 22:31:41	Information:	{
"Hash": "w9LjvpRCyoByGV3Lzv0iX9dSI0tLK0uV+pRojL1kufc=",
"Status": 0
}


30.08.2026 22:31:41	Information:	Ping ret is {"Status":0,"Comment":null}
30.08.2026 22:33:41	Information:	url https://lab-vko.dmed.kz/ /api/DriverManager/PingDevice
30.08.2026 22:33:41	Information:	{
"Hash": "w9LjvpRCyoByGV3Lzv0iX9dSI0tLK0uV+pRojL1kufc=",
"Status": 0
}


30.08.2026 22:33:41	Information:	Ping ret is {"Status":0,"Comment":null}
30.08.2026 22:34:30	Information:	refresh tokens
30.08.2026 22:35:42	Information:	url https://lab-vko.dmed.kz/ /api/DriverManager/PingDevice
30.08.2026 22:35:42	Information:	{
"Hash": "w9LjvpRCyoByGV3Lzv0iX9dSI0tLK0uV+pRojL1kufc=",
"Status": 0
}


30.08.2026 22:35:42	Information:	Ping ret is {"Status":0,"Comment":null}
30.08.2026 22:37:42	Information:	url https://lab-vko.dmed.kz/ /api/DriverManager/PingDevice
30.08.2026 22:37:42	Information:	{
"Hash": "w9LjvpRCyoByGV3Lzv0iX9dSI0tLK0uV+pRojL1kufc=",
"Status": 0
}


30.08.2026 22:37:42	Information:	Ping ret is {"Status":0,"Comment":null}
30.08.2026 22:39:43	Information:	url https://lab-vko.dmed.kz/ /api/DriverManager/PingDevice
30.08.2026 22:39:43	Information:	{
"Hash": "w9LjvpRCyoByGV3Lzv0iX9dSI0tLK0uV+pRojL1kufc=",
"Status": 0
}


30.08.2026 22:39:43	Information:	Ping ret is {"Status":0,"Comment":null}
30.08.2026 22:41:43	Information:	url https://lab-vko.dmed.kz/ /api/DriverManager/PingDevice
30.08.2026 22:41:43	Information:	{
"Hash": "w9LjvpRCyoByGV3Lzv0iX9dSI0tLK0uV+pRojL1kufc=",
"Status": 0
}


30.08.2026 22:41:43	Information:	Ping ret is {"Status":0,"Comment":null}
30.08.2026 22:43:44	Information:	url https://lab-vko.dmed.kz/ /api/DriverManager/PingDevice
30.08.2026 22:43:44	Information:	{
"Hash": "w9LjvpRCyoByGV3Lzv0iX9dSI0tLK0uV+pRojL1kufc=",
"Status": 0
}


30.08.2026 22:43:44	Information:	Ping ret is {"Status":0,"Comment":null}
30.08.2026 22:44:30	Information:	refresh tokens
30.08.2026 22:45:44	Information:	url https://lab-vko.dmed.kz/ /api/DriverManager/PingDevice
30.08.2026 22:45:44	Information:	{
"Hash": "w9LjvpRCyoByGV3Lzv0iX9dSI0tLK0uV+pRojL1kufc=",
"Status": 0
}


30.08.2026 22:45:44	Information:	Ping ret is {"Status":0,"Comment":null}
30.08.2026 22:47:45	Information:	url https://lab-vko.dmed.kz/ /api/DriverManager/PingDevice
30.08.2026 22:47:45	Information:	{
"Hash": "w9LjvpRCyoByGV3Lzv0iX9dSI0tLK0uV+pRojL1kufc=",
"Status": 0
}


30.08.2026 22:47:45	Information:	Ping ret is {"Status":0,"Comment":null}
30.08.2026 22:49:46	Information:	url https://lab-vko.dmed.kz/ /api/DriverManager/PingDevice
30.08.2026 22:49:46	Information:	{
"Hash": "w9LjvpRCyoByGV3Lzv0iX9dSI0tLK0uV+pRojL1kufc=",
"Status": 0
}


30.08.2026 22:49:46	Information:	Ping ret is {"Status":0,"Comment":null}
30.08.2026 22:51:46	Information:	url https://lab-vko.dmed.kz/ /api/DriverManager/PingDevice
30.08.2026 22:51:46	Information:	{
"Hash": "w9LjvpRCyoByGV3Lzv0iX9dSI0tLK0uV+pRojL1kufc=",
"Status": 0
}


30.08.2026 22:51:46	Information:	Ping ret is {"Status":0,"Comment":null}
30.08.2026 22:53:47	Information:	url https://lab-vko.dmed.kz/ /api/DriverManager/PingDevice
30.08.2026 22:53:47	Information:	{
"Hash": "w9LjvpRCyoByGV3Lzv0iX9dSI0tLK0uV+pRojL1kufc=",
"Status": 0
}


30.08.2026 22:53:47	Information:	Ping ret is {"Status":0,"Comment":null}
30.08.2026 22:54:30	Information:	refresh tokens
30.08.2026 22:55:47	Information:	url https://lab-vko.dmed.kz/ /api/DriverManager/PingDevice
30.08.2026 22:55:47	Information:	{
"Hash": "w9LjvpRCyoByGV3Lzv0iX9dSI0tLK0uV+pRojL1kufc=",
"Status": 0
}


30.08.2026 22:55:47	Information:	Ping ret is {"Status":0,"Comment":null}
30.08.2026 22:57:48	Information:	url https://lab-vko.dmed.kz/ /api/DriverManager/PingDevice
30.08.2026 22:57:48	Information:	{
"Hash": "w9LjvpRCyoByGV3Lzv0iX9dSI0tLK0uV+pRojL1kufc=",
"Status": 0
}


30.08.2026 22:57:48	Information:	Ping ret is {"Status":0,"Comment":null}
30.08.2026 22:59:49	Information:	url https://lab-vko.dmed.kz/ /api/DriverManager/PingDevice
30.08.2026 22:59:49	Information:	{
"Hash": "w9LjvpRCyoByGV3Lzv0iX9dSI0tLK0uV+pRojL1kufc=",
"Status": 0
}


30.08.2026 22:59:49	Information:	Ping ret is {"Status":0,"Comment":null}
30.08.2026 23:01:49	Information:	url https://lab-vko.dmed.kz/ /api/DriverManager/PingDevice
30.08.2026 23:01:49	Information:	{
"Hash": "w9LjvpRCyoByGV3Lzv0iX9dSI0tLK0uV+pRojL1kufc=",
"Status": 0
}


30.08.2026 23:01:49	Information:	Ping ret is {"Status":0,"Comment":null}
30.08.2026 23:03:50	Information:	url https://lab-vko.dmed.kz/ /api/DriverManager/PingDevice
30.08.2026 23:03:50	Information:	{
"Hash": "w9LjvpRCyoByGV3Lzv0iX9dSI0tLK0uV+pRojL1kufc=",
"Status": 0
}


30.08.2026 23:03:50	Information:	Ping ret is {"Status":0,"Comment":null}
30.08.2026 23:04:30	Information:	refresh tokens
30.08.2026 23:05:51	Information:	url https://lab-vko.dmed.kz/ /api/DriverManager/PingDevice
30.08.2026 23:05:51	Information:	{
"Hash": "w9LjvpRCyoByGV3Lzv0iX9dSI0tLK0uV+pRojL1kufc=",
"Status": 0
}


30.08.2026 23:05:51	Information:	Ping ret is {"Status":0,"Comment":null}
30.08.2026 23:07:51	Information:	url https://lab-vko.dmed.kz/ /api/DriverManager/PingDevice
30.08.2026 23:07:51	Information:	{
"Hash": "w9LjvpRCyoByGV3Lzv0iX9dSI0tLK0uV+pRojL1kufc=",
"Status": 0
}


30.08.2026 23:07:51	Information:	Ping ret is {"Status":0,"Comment":null}
30.08.2026 23:09:52	Information:	url https://lab-vko.dmed.kz/ /api/DriverManager/PingDevice
30.08.2026 23:09:52	Information:	{
"Hash": "w9LjvpRCyoByGV3Lzv0iX9dSI0tLK0uV+pRojL1kufc=",
"Status": 0
}


30.08.2026 23:09:52	Information:	Ping ret is {"Status":0,"Comment":null}
30.08.2026 23:11:52	Information:	url https://lab-vko.dmed.kz/ /api/DriverManager/PingDevice
30.08.2026 23:11:52	Information:	{
"Hash": "w9LjvpRCyoByGV3Lzv0iX9dSI0tLK0uV+pRojL1kufc=",
"Status": 0
}


30.08.2026 23:11:52	Information:	Ping ret is {"Status":0,"Comment":null}
30.08.2026 23:13:53	Information:	url https://lab-vko.dmed.kz/ /api/DriverManager/PingDevice
30.08.2026 23:13:53	Information:	{
"Hash": "w9LjvpRCyoByGV3Lzv0iX9dSI0tLK0uV+pRojL1kufc=",
"Status": 0
}


30.08.2026 23:13:53	Information:	Ping ret is {"Status":0,"Comment":null}
30.08.2026 23:14:30	Information:	refresh tokens
30.08.2026 23:15:54	Information:	url https://lab-vko.dmed.kz/ /api/DriverManager/PingDevice
30.08.2026 23:15:54	Information:	{
"Hash": "w9LjvpRCyoByGV3Lzv0iX9dSI0tLK0uV+pRojL1kufc=",
"Status": 0
}


30.08.2026 23:15:54	Information:	Ping ret is {"Status":0,"Comment":null}
30.08.2026 23:17:55	Information:	url https://lab-vko.dmed.kz/ /api/DriverManager/PingDevice
30.08.2026 23:17:55	Information:	{
"Hash": "w9LjvpRCyoByGV3Lzv0iX9dSI0tLK0uV+pRojL1kufc=",
"Status": 0
}


30.08.2026 23:17:55	Information:	Ping ret is {"Status":0,"Comment":null}
30.08.2026 23:19:55	Information:	url https://lab-vko.dmed.kz/ /api/DriverManager/PingDevice
30.08.2026 23:19:55	Information:	{
"Hash": "w9LjvpRCyoByGV3Lzv0iX9dSI0tLK0uV+pRojL1kufc=",
"Status": 0
}


30.08.2026 23:19:55	Information:	Ping ret is {"Status":0,"Comment":null}
30.08.2026 23:21:56	Information:	url https://lab-vko.dmed.kz/ /api/DriverManager/PingDevice
30.08.2026 23:21:56	Information:	{
"Hash": "w9LjvpRCyoByGV3Lzv0iX9dSI0tLK0uV+pRojL1kufc=",
"Status": 0
}


30.08.2026 23:21:56	Information:	Ping ret is {"Status":0,"Comment":null}
30.08.2026 23:23:57	Information:	url https://lab-vko.dmed.kz/ /api/DriverManager/PingDevice
30.08.2026 23:23:57	Information:	{
"Hash": "w9LjvpRCyoByGV3Lzv0iX9dSI0tLK0uV+pRojL1kufc=",
"Status": 0
}


30.08.2026 23:23:57	Information:	Ping ret is {"Status":0,"Comment":null}
30.08.2026 23:24:30	Information:	refresh tokens
30.08.2026 23:25:57	Information:	url https://lab-vko.dmed.kz/ /api/DriverManager/PingDevice
30.08.2026 23:25:57	Information:	{
"Hash": "w9LjvpRCyoByGV3Lzv0iX9dSI0tLK0uV+pRojL1kufc=",
"Status": 0
}


30.08.2026 23:25:57	Information:	Ping ret is {"Status":0,"Comment":null}
30.08.2026 23:27:58	Information:	url https://lab-vko.dmed.kz/ /api/DriverManager/PingDevice
30.08.2026 23:27:58	Information:	{
"Hash": "w9LjvpRCyoByGV3Lzv0iX9dSI0tLK0uV+pRojL1kufc=",
"Status": 0
}


30.08.2026 23:27:58	Information:	Ping ret is {"Status":0,"Comment":null}
30.08.2026 23:29:59	Information:	url https://lab-vko.dmed.kz/ /api/DriverManager/PingDevice
30.08.2026 23:29:59	Information:	{
"Hash": "w9LjvpRCyoByGV3Lzv0iX9dSI0tLK0uV+pRojL1kufc=",
"Status": 0
}


30.08.2026 23:29:59	Information:	Ping ret is {"Status":0,"Comment":null}
30.08.2026 23:31:59	Information:	url https://lab-vko.dmed.kz/ /api/DriverManager/PingDevice
30.08.2026 23:31:59	Information:	{
"Hash": "w9LjvpRCyoByGV3Lzv0iX9dSI0tLK0uV+pRojL1kufc=",
"Status": 0
}


30.08.2026 23:31:59	Information:	Ping ret is {"Status":0,"Comment":null}
30.08.2026 23:34:00	Information:	url https://lab-vko.dmed.kz/ /api/DriverManager/PingDevice
30.08.2026 23:34:00	Information:	{
"Hash": "w9LjvpRCyoByGV3Lzv0iX9dSI0tLK0uV+pRojL1kufc=",
"Status": 0
}


30.08.2026 23:34:00	Information:	Ping ret is {"Status":0,"Comment":null}
30.08.2026 23:34:30	Information:	refresh tokens
30.08.2026 23:36:01	Information:	url https://lab-vko.dmed.kz/ /api/DriverManager/PingDevice
30.08.2026 23:36:01	Information:	{
"Hash": "w9LjvpRCyoByGV3Lzv0iX9dSI0tLK0uV+pRojL1kufc=",
"Status": 0
}


30.08.2026 23:36:01	Information:	Ping ret is {"Status":0,"Comment":null}
30.08.2026 23:38:02	Information:	url https://lab-vko.dmed.kz/ /api/DriverManager/PingDevice
30.08.2026 23:38:02	Information:	{
"Hash": "w9LjvpRCyoByGV3Lzv0iX9dSI0tLK0uV+pRojL1kufc=",
"Status": 0
}


30.08.2026 23:38:02	Information:	Ping ret is {"Status":0,"Comment":null}
30.08.2026 23:40:02	Information:	url https://lab-vko.dmed.kz/ /api/DriverManager/PingDevice
30.08.2026 23:40:02	Information:	{
"Hash": "w9LjvpRCyoByGV3Lzv0iX9dSI0tLK0uV+pRojL1kufc=",
"Status": 0
}


30.08.2026 23:40:02	Information:	Ping ret is {"Status":0,"Comment":null}
30.08.2026 23:42:03	Information:	url https://lab-vko.dmed.kz/ /api/DriverManager/PingDevice
30.08.2026 23:42:03	Information:	{
"Hash": "w9LjvpRCyoByGV3Lzv0iX9dSI0tLK0uV+pRojL1kufc=",
"Status": 0
}


30.08.2026 23:42:03	Information:	Ping ret is {"Status":0,"Comment":null}
30.08.2026 23:44:04	Information:	url https://lab-vko.dmed.kz/ /api/DriverManager/PingDevice
30.08.2026 23:44:04	Information:	{
"Hash": "w9LjvpRCyoByGV3Lzv0iX9dSI0tLK0uV+pRojL1kufc=",
"Status": 0
}


30.08.2026 23:44:04	Information:	Ping ret is {"Status":0,"Comment":null}
30.08.2026 23:44:30	Information:	refresh tokens
30.08.2026 23:46:04	Information:	url https://lab-vko.dmed.kz/ /api/DriverManager/PingDevice
30.08.2026 23:46:04	Information:	{
"Hash": "w9LjvpRCyoByGV3Lzv0iX9dSI0tLK0uV+pRojL1kufc=",
"Status": 0
}


30.08.2026 23:46:04	Information:	Ping ret is {"Status":0,"Comment":null}
30.08.2026 23:48:05	Information:	url https://lab-vko.dmed.kz/ /api/DriverManager/PingDevice
30.08.2026 23:48:05	Information:	{
"Hash": "w9LjvpRCyoByGV3Lzv0iX9dSI0tLK0uV+pRojL1kufc=",
"Status": 0
}


30.08.2026 23:48:05	Information:	Ping ret is {"Status":0,"Comment":null}
30.08.2026 23:50:05	Information:	url https://lab-vko.dmed.kz/ /api/DriverManager/PingDevice
30.08.2026 23:50:05	Information:	{
"Hash": "w9LjvpRCyoByGV3Lzv0iX9dSI0tLK0uV+pRojL1kufc=",
"Status": 0
}


30.08.2026 23:50:05	Information:	Ping ret is {"Status":0,"Comment":null}
30.08.2026 23:52:06	Information:	url https://lab-vko.dmed.kz/ /api/DriverManager/PingDevice
30.08.2026 23:52:06	Information:	{
"Hash": "w9LjvpRCyoByGV3Lzv0iX9dSI0tLK0uV+pRojL1kufc=",
"Status": 0
}


30.08.2026 23:52:06	Information:	Ping ret is {"Status":0,"Comment":null}
30.08.2026 23:54:06	Information:	url https://lab-vko.dmed.kz/ /api/DriverManager/PingDevice
30.08.2026 23:54:06	Information:	{
"Hash": "w9LjvpRCyoByGV3Lzv0iX9dSI0tLK0uV+pRojL1kufc=",
"Status": 0
}


30.08.2026 23:54:06	Information:	Ping ret is {"Status":0,"Comment":null}
30.08.2026 23:54:30	Information:	refresh tokens
30.08.2026 23:56:07	Information:	url https://lab-vko.dmed.kz/ /api/DriverManager/PingDevice
30.08.2026 23:56:07	Information:	{
"Hash": "w9LjvpRCyoByGV3Lzv0iX9dSI0tLK0uV+pRojL1kufc=",
"Status": 0
}


30.08.2026 23:56:07	Information:	Ping ret is {"Status":0,"Comment":null}
30.08.2026 23:58:07	Information:	url https://lab-vko.dmed.kz/ /api/DriverManager/PingDevice
30.08.2026 23:58:07	Information:	{
"Hash": "w9LjvpRCyoByGV3Lzv0iX9dSI0tLK0uV+pRojL1kufc=",
"Status": 0
}


30.08.2026 23:58:07	Information:	Ping ret is {"Status":0,"Comment":null}
31.08.2026 0:00:19	Information:	url https://lab-vko.dmed.kz/ /api/DriverManager/PingDevice
31.08.2026 0:00:19	Information:	{
"Hash": "w9LjvpRCyoByGV3Lzv0iX9dSI0tLK0uV+pRojL1kufc=",
"Status": 0
}


31.08.2026 0:00:19	Information:	Ping ret is {"Status":0,"Comment":null}
31.08.2026 0:02:19	Information:	url https://lab-vko.dmed.kz/ /api/DriverManager/PingDevice
31.08.2026 0:02:19	Information:	{
"Hash": "w9LjvpRCyoByGV3Lzv0iX9dSI0tLK0uV+pRojL1kufc=",
"Status": 0
}


31.08.2026 0:02:19	Information:	Ping ret is {"Status":0,"Comment":null}
31.08.2026 0:04:20	Information:	url https://lab-vko.dmed.kz/ /api/DriverManager/PingDevice
31.08.2026 0:04:20	Information:	{
"Hash": "w9LjvpRCyoByGV3Lzv0iX9dSI0tLK0uV+pRojL1kufc=",
"Status": 0
}


31.08.2026 0:04:20	Information:	Ping ret is {"Status":0,"Comment":null}
31.08.2026 0:04:30	Information:	refresh tokens
31.08.2026 0:06:20	Information:	url https://lab-vko.dmed.kz/ /api/DriverManager/PingDevice
31.08.2026 0:06:20	Information:	{
"Hash": "w9LjvpRCyoByGV3Lzv0iX9dSI0tLK0uV+pRojL1kufc=",
"Status": 0
}


31.08.2026 0:06:20	Information:	Ping ret is {"Status":0,"Comment":null}
31.08.2026 0:08:21	Information:	url https://lab-vko.dmed.kz/ /api/DriverManager/PingDevice
31.08.2026 0:08:21	Information:	{
"Hash": "w9LjvpRCyoByGV3Lzv0iX9dSI0tLK0uV+pRojL1kufc=",
"Status": 0
}


31.08.2026 0:08:21	Information:	Ping ret is {"Status":0,"Comment":null}
31.08.2026 0:10:21	Information:	url https://lab-vko.dmed.kz/ /api/DriverManager/PingDevice
31.08.2026 0:10:21	Information:	{
"Hash": "w9LjvpRCyoByGV3Lzv0iX9dSI0tLK0uV+pRojL1kufc=",
"Status": 0
}


31.08.2026 0:10:21	Information:	Ping ret is {"Status":0,"Comment":null}
31.08.2026 0:12:22	Information:	url https://lab-vko.dmed.kz/ /api/DriverManager/PingDevice
31.08.2026 0:12:22	Information:	{
"Hash": "w9LjvpRCyoByGV3Lzv0iX9dSI0tLK0uV+pRojL1kufc=",
"Status": 0
}


31.08.2026 0:12:22	Information:	Ping ret is {"Status":0,"Comment":null}
31.08.2026 0:14:23	Information:	url https://lab-vko.dmed.kz/ /api/DriverManager/PingDevice
31.08.2026 0:14:23	Information:	{
"Hash": "w9LjvpRCyoByGV3Lzv0iX9dSI0tLK0uV+pRojL1kufc=",
"Status": 0
}


31.08.2026 0:14:23	Information:	Ping ret is {"Status":0,"Comment":null}
31.08.2026 0:14:30	Information:	refresh tokens
31.08.2026 0:16:23	Information:	url https://lab-vko.dmed.kz/ /api/DriverManager/PingDevice
31.08.2026 0:16:23	Information:	{
"Hash": "w9LjvpRCyoByGV3Lzv0iX9dSI0tLK0uV+pRojL1kufc=",
"Status": 0
}


31.08.2026 0:16:23	Information:	Ping ret is {"Status":0,"Comment":null}
31.08.2026 0:18:24	Information:	url https://lab-vko.dmed.kz/ /api/DriverManager/PingDevice
31.08.2026 0:18:24	Information:	{
"Hash": "w9LjvpRCyoByGV3Lzv0iX9dSI0tLK0uV+pRojL1kufc=",
"Status": 0
}


31.08.2026 0:18:24	Information:	Ping ret is {"Status":0,"Comment":null}
31.08.2026 0:20:24	Information:	url https://lab-vko.dmed.kz/ /api/DriverManager/PingDevice
31.08.2026 0:20:24	Information:	{
"Hash": "w9LjvpRCyoByGV3Lzv0iX9dSI0tLK0uV+pRojL1kufc=",
"Status": 0
}


31.08.2026 0:20:24	Information:	Ping ret is {"Status":0,"Comment":null}
31.08.2026 0:22:25	Information:	url https://lab-vko.dmed.kz/ /api/DriverManager/PingDevice
31.08.2026 0:22:25	Information:	{
"Hash": "w9LjvpRCyoByGV3Lzv0iX9dSI0tLK0uV+pRojL1kufc=",
"Status": 0
}


31.08.2026 0:22:25	Information:	Ping ret is {"Status":0,"Comment":null}
31.08.2026 0:24:25	Information:	url https://lab-vko.dmed.kz/ /api/DriverManager/PingDevice
31.08.2026 0:24:25	Information:	{
"Hash": "w9LjvpRCyoByGV3Lzv0iX9dSI0tLK0uV+pRojL1kufc=",
"Status": 0
}


31.08.2026 0:24:25	Information:	Ping ret is {"Status":0,"Comment":null}
31.08.2026 0:24:30	Information:	refresh tokens
31.08.2026 0:26:26	Information:	url https://lab-vko.dmed.kz/ /api/DriverManager/PingDevice
31.08.2026 0:26:26	Information:	{
"Hash": "w9LjvpRCyoByGV3Lzv0iX9dSI0tLK0uV+pRojL1kufc=",
"Status": 0
}


31.08.2026 0:26:26	Information:	Ping ret is {"Status":0,"Comment":null}
31.08.2026 0:28:26	Information:	url https://lab-vko.dmed.kz/ /api/DriverManager/PingDevice
31.08.2026 0:28:26	Information:	{
"Hash": "w9LjvpRCyoByGV3Lzv0iX9dSI0tLK0uV+pRojL1kufc=",
"Status": 0
}


31.08.2026 0:28:26	Information:	Ping ret is {"Status":0,"Comment":null}
31.08.2026 0:30:27	Information:	url https://lab-vko.dmed.kz/ /api/DriverManager/PingDevice
31.08.2026 0:30:27	Information:	{
"Hash": "w9LjvpRCyoByGV3Lzv0iX9dSI0tLK0uV+pRojL1kufc=",
"Status": 0
}


31.08.2026 0:30:27	Information:	Ping ret is {"Status":0,"Comment":null}
31.08.2026 0:32:27	Information:	url https://lab-vko.dmed.kz/ /api/DriverManager/PingDevice
31.08.2026 0:32:27	Information:	{
"Hash": "w9LjvpRCyoByGV3Lzv0iX9dSI0tLK0uV+pRojL1kufc=",
"Status": 0
}


31.08.2026 0:32:27	Information:	Ping ret is {"Status":0,"Comment":null}
31.08.2026 0:34:28	Information:	url https://lab-vko.dmed.kz/ /api/DriverManager/PingDevice
31.08.2026 0:34:28	Information:	{
"Hash": "w9LjvpRCyoByGV3Lzv0iX9dSI0tLK0uV+pRojL1kufc=",
"Status": 0
}


31.08.2026 0:34:28	Information:	Ping ret is {"Status":0,"Comment":null}
31.08.2026 0:34:30	Information:	refresh tokens
31.08.2026 0:36:28	Information:	url https://lab-vko.dmed.kz/ /api/DriverManager/PingDevice
31.08.2026 0:36:28	Information:	{
"Hash": "w9LjvpRCyoByGV3Lzv0iX9dSI0tLK0uV+pRojL1kufc=",
"Status": 0
}


31.08.2026 0:36:28	Information:	Ping ret is {"Status":0,"Comment":null}
31.08.2026 0:38:29	Information:	url https://lab-vko.dmed.kz/ /api/DriverManager/PingDevice
31.08.2026 0:38:29	Information:	{
"Hash": "w9LjvpRCyoByGV3Lzv0iX9dSI0tLK0uV+pRojL1kufc=",
"Status": 0
}


31.08.2026 0:38:29	Information:	Ping ret is {"Status":0,"Comment":null}
31.08.2026 0:40:29	Information:	url https://lab-vko.dmed.kz/ /api/DriverManager/PingDevice
31.08.2026 0:40:29	Information:	{
"Hash": "w9LjvpRCyoByGV3Lzv0iX9dSI0tLK0uV+pRojL1kufc=",
"Status": 0
}


31.08.2026 0:40:29	Information:	Ping ret is {"Status":0,"Comment":null}
31.08.2026 0:42:30	Information:	url https://lab-vko.dmed.kz/ /api/DriverManager/PingDevice
31.08.2026 0:42:30	Information:	{
"Hash": "w9LjvpRCyoByGV3Lzv0iX9dSI0tLK0uV+pRojL1kufc=",
"Status": 0
}


31.08.2026 0:42:30	Information:	Ping ret is {"Status":0,"Comment":null}
31.08.2026 0:44:30	Information:	refresh tokens
31.08.2026 0:44:30	Information:	url https://lab-vko.dmed.kz/ /api/DriverManager/PingDevice
31.08.2026 0:44:30	Information:	{
"Hash": "w9LjvpRCyoByGV3Lzv0iX9dSI0tLK0uV+pRojL1kufc=",
"Status": 0
}


31.08.2026 0:44:30	Information:	Ping ret is {"Status":0,"Comment":null}
31.08.2026 0:46:31	Information:	url https://lab-vko.dmed.kz/ /api/DriverManager/PingDevice
31.08.2026 0:46:31	Information:	{
"Hash": "w9LjvpRCyoByGV3Lzv0iX9dSI0tLK0uV+pRojL1kufc=",
"Status": 0
}


31.08.2026 0:46:31	Information:	Ping ret is {"Status":0,"Comment":null}
31.08.2026 0:48:31	Information:	url https://lab-vko.dmed.kz/ /api/DriverManager/PingDevice
31.08.2026 0:48:31	Information:	{
"Hash": "w9LjvpRCyoByGV3Lzv0iX9dSI0tLK0uV+pRojL1kufc=",
"Status": 0
}


31.08.2026 0:48:31	Information:	Ping ret is {"Status":0,"Comment":null}
31.08.2026 0:50:32	Information:	url https://lab-vko.dmed.kz/ /api/DriverManager/PingDevice
31.08.2026 0:50:32	Information:	{
"Hash": "w9LjvpRCyoByGV3Lzv0iX9dSI0tLK0uV+pRojL1kufc=",
"Status": 0
}


31.08.2026 0:50:32	Information:	Ping ret is {"Status":0,"Comment":null}
31.08.2026 0:52:32	Information:	url https://lab-vko.dmed.kz/ /api/DriverManager/PingDevice
31.08.2026 0:52:32	Information:	{
"Hash": "w9LjvpRCyoByGV3Lzv0iX9dSI0tLK0uV+pRojL1kufc=",
"Status": 0
}


31.08.2026 0:52:32	Information:	Ping ret is {"Status":0,"Comment":null}
31.08.2026 0:54:30	Information:	refresh tokens
31.08.2026 0:54:33	Information:	url https://lab-vko.dmed.kz/ /api/DriverManager/PingDevice
31.08.2026 0:54:33	Information:	{
"Hash": "w9LjvpRCyoByGV3Lzv0iX9dSI0tLK0uV+pRojL1kufc=",
"Status": 0
}


31.08.2026 0:54:33	Information:	Ping ret is {"Status":0,"Comment":null}
31.08.2026 0:56:33	Information:	url https://lab-vko.dmed.kz/ /api/DriverManager/PingDevice
31.08.2026 0:56:33	Information:	{
"Hash": "w9LjvpRCyoByGV3Lzv0iX9dSI0tLK0uV+pRojL1kufc=",
"Status": 0
}


31.08.2026 0:56:33	Information:	Ping ret is {"Status":0,"Comment":null}
31.08.2026 0:58:34	Information:	url https://lab-vko.dmed.kz/ /api/DriverManager/PingDevice
31.08.2026 0:58:34	Information:	{
"Hash": "w9LjvpRCyoByGV3Lzv0iX9dSI0tLK0uV+pRojL1kufc=",
"Status": 0
}


31.08.2026 0:58:34	Information:	Ping ret is {"Status":0,"Comment":null}
31.08.2026 1:00:34	Information:	url https://lab-vko.dmed.kz/ /api/DriverManager/PingDevice
31.08.2026 1:00:34	Information:	{
"Hash": "w9LjvpRCyoByGV3Lzv0iX9dSI0tLK0uV+pRojL1kufc=",
"Status": 0
}


31.08.2026 1:00:34	Information:	Ping ret is {"Status":0,"Comment":null}
31.08.2026 1:02:35	Information:	url https://lab-vko.dmed.kz/ /api/DriverManager/PingDevice
31.08.2026 1:02:35	Information:	{
"Hash": "w9LjvpRCyoByGV3Lzv0iX9dSI0tLK0uV+pRojL1kufc=",
"Status": 0
}


31.08.2026 1:02:35	Information:	Ping ret is {"Status":0,"Comment":null}
31.08.2026 1:04:30	Information:	refresh tokens
31.08.2026 1:04:35	Information:	url https://lab-vko.dmed.kz/ /api/DriverManager/PingDevice
31.08.2026 1:04:35	Information:	{
"Hash": "w9LjvpRCyoByGV3Lzv0iX9dSI0tLK0uV+pRojL1kufc=",
"Status": 0
}


31.08.2026 1:04:35	Information:	Ping ret is {"Status":0,"Comment":null}
31.08.2026 1:06:36	Information:	url https://lab-vko.dmed.kz/ /api/DriverManager/PingDevice
31.08.2026 1:06:36	Information:	{
"Hash": "w9LjvpRCyoByGV3Lzv0iX9dSI0tLK0uV+pRojL1kufc=",
"Status": 0
}


31.08.2026 1:06:36	Information:	Ping ret is {"Status":0,"Comment":null}
31.08.2026 1:08:36	Information:	url https://lab-vko.dmed.kz/ /api/DriverManager/PingDevice
31.08.2026 1:08:36	Information:	{
"Hash": "w9LjvpRCyoByGV3Lzv0iX9dSI0tLK0uV+pRojL1kufc=",
"Status": 0
}


31.08.2026 1:08:36	Information:	Ping ret is {"Status":0,"Comment":null}
31.08.2026 1:10:37	Information:	url https://lab-vko.dmed.kz/ /api/DriverManager/PingDevice
31.08.2026 1:10:37	Information:	{
"Hash": "w9LjvpRCyoByGV3Lzv0iX9dSI0tLK0uV+pRojL1kufc=",
"Status": 0
}


31.08.2026 1:10:37	Information:	Ping ret is {"Status":0,"Comment":null}
31.08.2026 1:12:37	Information:	url https://lab-vko.dmed.kz/ /api/DriverManager/PingDevice
31.08.2026 1:12:37	Information:	{
"Hash": "w9LjvpRCyoByGV3Lzv0iX9dSI0tLK0uV+pRojL1kufc=",
"Status": 0
}


31.08.2026 1:12:37	Information:	Ping ret is {"Status":0,"Comment":null}
31.08.2026 1:14:30	Information:	refresh tokens
31.08.2026 1:14:38	Information:	url https://lab-vko.dmed.kz/ /api/DriverManager/PingDevice
31.08.2026 1:14:38	Information:	{
"Hash": "w9LjvpRCyoByGV3Lzv0iX9dSI0tLK0uV+pRojL1kufc=",
"Status": 0
}


31.08.2026 1:14:38	Information:	Ping ret is {"Status":0,"Comment":null}
31.08.2026 1:16:39	Information:	url https://lab-vko.dmed.kz/ /api/DriverManager/PingDevice
31.08.2026 1:16:39	Information:	{
"Hash": "w9LjvpRCyoByGV3Lzv0iX9dSI0tLK0uV+pRojL1kufc=",
"Status": 0
}


31.08.2026 1:16:39	Information:	Ping ret is {"Status":0,"Comment":null}
31.08.2026 1:18:39	Information:	url https://lab-vko.dmed.kz/ /api/DriverManager/PingDevice
31.08.2026 1:18:39	Information:	{
"Hash": "w9LjvpRCyoByGV3Lzv0iX9dSI0tLK0uV+pRojL1kufc=",
"Status": 0
}


31.08.2026 1:18:39	Information:	Ping ret is {"Status":0,"Comment":null}
31.08.2026 1:20:39	Information:	url https://lab-vko.dmed.kz/ /api/DriverManager/PingDevice
31.08.2026 1:20:39	Information:	{
"Hash": "w9LjvpRCyoByGV3Lzv0iX9dSI0tLK0uV+pRojL1kufc=",
"Status": 0
}


31.08.2026 1:20:39	Information:	Ping ret is {"Status":0,"Comment":null}
31.08.2026 1:22:40	Information:	url https://lab-vko.dmed.kz/ /api/DriverManager/PingDevice
31.08.2026 1:22:40	Information:	{
"Hash": "w9LjvpRCyoByGV3Lzv0iX9dSI0tLK0uV+pRojL1kufc=",
"Status": 0
}


31.08.2026 1:22:40	Information:	Ping ret is {"Status":0,"Comment":null}
31.08.2026 1:24:30	Information:	refresh tokens
31.08.2026 1:24:40	Information:	url https://lab-vko.dmed.kz/ /api/DriverManager/PingDevice
31.08.2026 1:24:40	Information:	{
"Hash": "w9LjvpRCyoByGV3Lzv0iX9dSI0tLK0uV+pRojL1kufc=",
"Status": 0
}


31.08.2026 1:24:40	Information:	Ping ret is {"Status":0,"Comment":null}
31.08.2026 1:26:41	Information:	url https://lab-vko.dmed.kz/ /api/DriverManager/PingDevice
31.08.2026 1:26:41	Information:	{
"Hash": "w9LjvpRCyoByGV3Lzv0iX9dSI0tLK0uV+pRojL1kufc=",
"Status": 0
}


31.08.2026 1:26:41	Information:	Ping ret is {"Status":0,"Comment":null}
31.08.2026 1:28:41	Information:	url https://lab-vko.dmed.kz/ /api/DriverManager/PingDevice
31.08.2026 1:28:41	Information:	{
"Hash": "w9LjvpRCyoByGV3Lzv0iX9dSI0tLK0uV+pRojL1kufc=",
"Status": 0
}


31.08.2026 1:28:41	Information:	Ping ret is {"Status":0,"Comment":null}
31.08.2026 1:30:42	Information:	url https://lab-vko.dmed.kz/ /api/DriverManager/PingDevice
31.08.2026 1:30:42	Information:	{
"Hash": "w9LjvpRCyoByGV3Lzv0iX9dSI0tLK0uV+pRojL1kufc=",
"Status": 0
}


31.08.2026 1:30:42	Information:	Ping ret is {"Status":0,"Comment":null}
31.08.2026 1:32:42	Information:	url https://lab-vko.dmed.kz/ /api/DriverManager/PingDevice
31.08.2026 1:32:42	Information:	{
"Hash": "w9LjvpRCyoByGV3Lzv0iX9dSI0tLK0uV+pRojL1kufc=",
"Status": 0
}


31.08.2026 1:32:42	Information:	Ping ret is {"Status":0,"Comment":null}
31.08.2026 1:34:30	Information:	refresh tokens
31.08.2026 1:34:43	Information:	url https://lab-vko.dmed.kz/ /api/DriverManager/PingDevice
31.08.2026 1:34:43	Information:	{
"Hash": "w9LjvpRCyoByGV3Lzv0iX9dSI0tLK0uV+pRojL1kufc=",
"Status": 0
}


31.08.2026 1:34:43	Information:	Ping ret is {"Status":0,"Comment":null}
31.08.2026 1:36:44	Information:	url https://lab-vko.dmed.kz/ /api/DriverManager/PingDevice
31.08.2026 1:36:44	Information:	{
"Hash": "w9LjvpRCyoByGV3Lzv0iX9dSI0tLK0uV+pRojL1kufc=",
"Status": 0
}


31.08.2026 1:36:44	Information:	Ping ret is {"Status":0,"Comment":null}
31.08.2026 1:38:44	Information:	url https://lab-vko.dmed.kz/ /api/DriverManager/PingDevice
31.08.2026 1:38:44	Information:	{
"Hash": "w9LjvpRCyoByGV3Lzv0iX9dSI0tLK0uV+pRojL1kufc=",
"Status": 0
}


31.08.2026 1:38:44	Information:	Ping ret is {"Status":0,"Comment":null}
31.08.2026 1:40:45	Information:	url https://lab-vko.dmed.kz/ /api/DriverManager/PingDevice
31.08.2026 1:40:45	Information:	{
"Hash": "w9LjvpRCyoByGV3Lzv0iX9dSI0tLK0uV+pRojL1kufc=",
"Status": 0
}


31.08.2026 1:40:45	Information:	Ping ret is {"Status":0,"Comment":null}
31.08.2026 1:42:45	Information:	url https://lab-vko.dmed.kz/ /api/DriverManager/PingDevice
31.08.2026 1:42:45	Information:	{
"Hash": "w9LjvpRCyoByGV3Lzv0iX9dSI0tLK0uV+pRojL1kufc=",
"Status": 0
}


31.08.2026 1:42:45	Information:	Ping ret is {"Status":0,"Comment":null}
31.08.2026 1:44:30	Information:	refresh tokens
31.08.2026 1:44:46	Information:	url https://lab-vko.dmed.kz/ /api/DriverManager/PingDevice
31.08.2026 1:44:46	Information:	{
"Hash": "w9LjvpRCyoByGV3Lzv0iX9dSI0tLK0uV+pRojL1kufc=",
"Status": 0
}


31.08.2026 1:44:46	Information:	Ping ret is {"Status":0,"Comment":null}
31.08.2026 1:46:47	Information:	url https://lab-vko.dmed.kz/ /api/DriverManager/PingDevice
31.08.2026 1:46:47	Information:	{
"Hash": "w9LjvpRCyoByGV3Lzv0iX9dSI0tLK0uV+pRojL1kufc=",
"Status": 0
}


31.08.2026 1:46:47	Information:	Ping ret is {"Status":0,"Comment":null}
31.08.2026 1:48:47	Information:	url https://lab-vko.dmed.kz/ /api/DriverManager/PingDevice
31.08.2026 1:48:47	Information:	{
"Hash": "w9LjvpRCyoByGV3Lzv0iX9dSI0tLK0uV+pRojL1kufc=",
"Status": 0
}


31.08.2026 1:48:47	Information:	Ping ret is {"Status":0,"Comment":null}
31.08.2026 1:50:48	Information:	url https://lab-vko.dmed.kz/ /api/DriverManager/PingDevice
31.08.2026 1:50:48	Information:	{
"Hash": "w9LjvpRCyoByGV3Lzv0iX9dSI0tLK0uV+pRojL1kufc=",
"Status": 0
}


31.08.2026 1:50:48	Information:	Ping ret is {"Status":0,"Comment":null}
31.08.2026 1:52:49	Information:	url https://lab-vko.dmed.kz/ /api/DriverManager/PingDevice
31.08.2026 1:52:49	Information:	{
"Hash": "w9LjvpRCyoByGV3Lzv0iX9dSI0tLK0uV+pRojL1kufc=",
"Status": 0
}


31.08.2026 1:52:49	Information:	Ping ret is {"Status":0,"Comment":null}
31.08.2026 1:54:30	Information:	refresh tokens
31.08.2026 1:54:49	Information:	url https://lab-vko.dmed.kz/ /api/DriverManager/PingDevice
31.08.2026 1:54:49	Information:	{
"Hash": "w9LjvpRCyoByGV3Lzv0iX9dSI0tLK0uV+pRojL1kufc=",
"Status": 0
}


31.08.2026 1:54:49	Information:	Ping ret is {"Status":0,"Comment":null}
31.08.2026 1:56:50	Information:	url https://lab-vko.dmed.kz/ /api/DriverManager/PingDevice
31.08.2026 1:56:50	Information:	{
"Hash": "w9LjvpRCyoByGV3Lzv0iX9dSI0tLK0uV+pRojL1kufc=",
"Status": 0
}


31.08.2026 1:56:50	Information:	Ping ret is {"Status":0,"Comment":null}
31.08.2026 1:58:50	Information:	url https://lab-vko.dmed.kz/ /api/DriverManager/PingDevice
31.08.2026 1:58:50	Information:	{
"Hash": "w9LjvpRCyoByGV3Lzv0iX9dSI0tLK0uV+pRojL1kufc=",
"Status": 0
}


31.08.2026 1:58:50	Information:	Ping ret is {"Status":0,"Comment":null}
31.08.2026 2:00:51	Information:	url https://lab-vko.dmed.kz/ /api/DriverManager/PingDevice
31.08.2026 2:00:51	Information:	{
"Hash": "w9LjvpRCyoByGV3Lzv0iX9dSI0tLK0uV+pRojL1kufc=",
"Status": 0
}


31.08.2026 2:00:51	Information:	Ping ret is {"Status":0,"Comment":null}
31.08.2026 2:02:51	Information:	url https://lab-vko.dmed.kz/ /api/DriverManager/PingDevice
31.08.2026 2:02:51	Information:	{
"Hash": "w9LjvpRCyoByGV3Lzv0iX9dSI0tLK0uV+pRojL1kufc=",
"Status": 0
}


31.08.2026 2:02:51	Information:	Ping ret is {"Status":0,"Comment":null}
31.08.2026 2:04:30	Information:	refresh tokens
31.08.2026 2:04:52	Information:	url https://lab-vko.dmed.kz/ /api/DriverManager/PingDevice
31.08.2026 2:04:52	Information:	{
"Hash": "w9LjvpRCyoByGV3Lzv0iX9dSI0tLK0uV+pRojL1kufc=",
"Status": 0
}


31.08.2026 2:04:52	Information:	Ping ret is {"Status":0,"Comment":null}
31.08.2026 2:06:52	Information:	url https://lab-vko.dmed.kz/ /api/DriverManager/PingDevice
31.08.2026 2:06:52	Information:	{
"Hash": "w9LjvpRCyoByGV3Lzv0iX9dSI0tLK0uV+pRojL1kufc=",
"Status": 0
}


31.08.2026 2:06:52	Information:	Ping ret is {"Status":0,"Comment":null}
31.08.2026 2:08:53	Information:	url https://lab-vko.dmed.kz/ /api/DriverManager/PingDevice
31.08.2026 2:08:53	Information:	{
"Hash": "w9LjvpRCyoByGV3Lzv0iX9dSI0tLK0uV+pRojL1kufc=",
"Status": 0
}


31.08.2026 2:08:53	Information:	Ping ret is {"Status":0,"Comment":null}
31.08.2026 2:10:53	Information:	url https://lab-vko.dmed.kz/ /api/DriverManager/PingDevice
31.08.2026 2:10:53	Information:	{
"Hash": "w9LjvpRCyoByGV3Lzv0iX9dSI0tLK0uV+pRojL1kufc=",
"Status": 0
}


31.08.2026 2:10:53	Information:	Ping ret is {"Status":0,"Comment":null}
31.08.2026 2:12:54	Information:	url https://lab-vko.dmed.kz/ /api/DriverManager/PingDevice
31.08.2026 2:12:54	Information:	{
"Hash": "w9LjvpRCyoByGV3Lzv0iX9dSI0tLK0uV+pRojL1kufc=",
"Status": 0
}


31.08.2026 2:12:54	Information:	Ping ret is {"Status":0,"Comment":null}
31.08.2026 2:14:30	Information:	refresh tokens
31.08.2026 2:14:54	Information:	url https://lab-vko.dmed.kz/ /api/DriverManager/PingDevice
31.08.2026 2:14:54	Information:	{
"Hash": "w9LjvpRCyoByGV3Lzv0iX9dSI0tLK0uV+pRojL1kufc=",
"Status": 0
}


31.08.2026 2:14:54	Information:	Ping ret is {"Status":0,"Comment":null}
31.08.2026 2:16:55	Information:	url https://lab-vko.dmed.kz/ /api/DriverManager/PingDevice
31.08.2026 2:16:55	Information:	{
"Hash": "w9LjvpRCyoByGV3Lzv0iX9dSI0tLK0uV+pRojL1kufc=",
"Status": 0
}


31.08.2026 2:16:55	Information:	Ping ret is {"Status":0,"Comment":null}
31.08.2026 2:18:55	Information:	url https://lab-vko.dmed.kz/ /api/DriverManager/PingDevice
31.08.2026 2:18:55	Information:	{
"Hash": "w9LjvpRCyoByGV3Lzv0iX9dSI0tLK0uV+pRojL1kufc=",
"Status": 0
}


31.08.2026 2:18:55	Information:	Ping ret is {"Status":0,"Comment":null}
31.08.2026 2:20:56	Information:	url https://lab-vko.dmed.kz/ /api/DriverManager/PingDevice
31.08.2026 2:20:56	Information:	{
"Hash": "w9LjvpRCyoByGV3Lzv0iX9dSI0tLK0uV+pRojL1kufc=",
"Status": 0
}


31.08.2026 2:20:56	Information:	Ping ret is {"Status":0,"Comment":null}
31.08.2026 2:22:56	Information:	url https://lab-vko.dmed.kz/ /api/DriverManager/PingDevice
31.08.2026 2:22:56	Information:	{
"Hash": "w9LjvpRCyoByGV3Lzv0iX9dSI0tLK0uV+pRojL1kufc=",
"Status": 0
}


31.08.2026 2:22:56	Information:	Ping ret is {"Status":0,"Comment":null}
31.08.2026 2:24:30	Information:	refresh tokens
31.08.2026 2:24:57	Information:	url https://lab-vko.dmed.kz/ /api/DriverManager/PingDevice
31.08.2026 2:24:57	Information:	{
"Hash": "w9LjvpRCyoByGV3Lzv0iX9dSI0tLK0uV+pRojL1kufc=",
"Status": 0
}


31.08.2026 2:24:57	Information:	Ping ret is {"Status":0,"Comment":null}
31.08.2026 2:26:57	Information:	url https://lab-vko.dmed.kz/ /api/DriverManager/PingDevice
31.08.2026 2:26:57	Information:	{
"Hash": "w9LjvpRCyoByGV3Lzv0iX9dSI0tLK0uV+pRojL1kufc=",
"Status": 0
}


31.08.2026 2:26:57	Information:	Ping ret is {"Status":0,"Comment":null}
31.08.2026 2:28:58	Information:	url https://lab-vko.dmed.kz/ /api/DriverManager/PingDevice
31.08.2026 2:28:58	Information:	{
"Hash": "w9LjvpRCyoByGV3Lzv0iX9dSI0tLK0uV+pRojL1kufc=",
"Status": 0
}


31.08.2026 2:28:58	Information:	Ping ret is {"Status":0,"Comment":null}
31.08.2026 2:30:58	Information:	url https://lab-vko.dmed.kz/ /api/DriverManager/PingDevice
31.08.2026 2:30:58	Information:	{
"Hash": "w9LjvpRCyoByGV3Lzv0iX9dSI0tLK0uV+pRojL1kufc=",
"Status": 0
}


31.08.2026 2:30:58	Information:	Ping ret is {"Status":0,"Comment":null}
31.08.2026 2:32:59	Information:	url https://lab-vko.dmed.kz/ /api/DriverManager/PingDevice
31.08.2026 2:32:59	Information:	{
"Hash": "w9LjvpRCyoByGV3Lzv0iX9dSI0tLK0uV+pRojL1kufc=",
"Status": 0
}


31.08.2026 2:32:59	Information:	Ping ret is {"Status":0,"Comment":null}
31.08.2026 2:34:30	Information:	refresh tokens
31.08.2026 2:34:59	Information:	url https://lab-vko.dmed.kz/ /api/DriverManager/PingDevice
31.08.2026 2:34:59	Information:	{
"Hash": "w9LjvpRCyoByGV3Lzv0iX9dSI0tLK0uV+pRojL1kufc=",
"Status": 0
}


31.08.2026 2:34:59	Information:	Ping ret is {"Status":0,"Comment":null}
31.08.2026 2:37:00	Information:	url https://lab-vko.dmed.kz/ /api/DriverManager/PingDevice
31.08.2026 2:37:00	Information:	{
"Hash": "w9LjvpRCyoByGV3Lzv0iX9dSI0tLK0uV+pRojL1kufc=",
"Status": 0
}


31.08.2026 2:37:00	Information:	Ping ret is {"Status":0,"Comment":null}
31.08.2026 2:39:00	Information:	url https://lab-vko.dmed.kz/ /api/DriverManager/PingDevice
31.08.2026 2:39:00	Information:	{
"Hash": "w9LjvpRCyoByGV3Lzv0iX9dSI0tLK0uV+pRojL1kufc=",
"Status": 0
}


31.08.2026 2:39:00	Information:	Ping ret is {"Status":0,"Comment":null}
31.08.2026 2:41:01	Information:	url https://lab-vko.dmed.kz/ /api/DriverManager/PingDevice
31.08.2026 2:41:01	Information:	{
"Hash": "w9LjvpRCyoByGV3Lzv0iX9dSI0tLK0uV+pRojL1kufc=",
"Status": 0
}


31.08.2026 2:41:01	Information:	Ping ret is {"Status":0,"Comment":null}
31.08.2026 2:43:01	Information:	url https://lab-vko.dmed.kz/ /api/DriverManager/PingDevice
31.08.2026 2:43:01	Information:	{
"Hash": "w9LjvpRCyoByGV3Lzv0iX9dSI0tLK0uV+pRojL1kufc=",
"Status": 0
}


31.08.2026 2:43:01	Information:	Ping ret is {"Status":0,"Comment":null}
31.08.2026 2:44:30	Information:	refresh tokens
31.08.2026 2:45:02	Information:	url https://lab-vko.dmed.kz/ /api/DriverManager/PingDevice
31.08.2026 2:45:02	Information:	{
"Hash": "w9LjvpRCyoByGV3Lzv0iX9dSI0tLK0uV+pRojL1kufc=",
"Status": 0
}


31.08.2026 2:45:02	Information:	Ping ret is {"Status":0,"Comment":null}
31.08.2026 2:47:02	Information:	url https://lab-vko.dmed.kz/ /api/DriverManager/PingDevice
31.08.2026 2:47:02	Information:	{
"Hash": "w9LjvpRCyoByGV3Lzv0iX9dSI0tLK0uV+pRojL1kufc=",
"Status": 0
}


31.08.2026 2:47:02	Information:	Ping ret is {"Status":0,"Comment":null}
31.08.2026 2:49:03	Information:	url https://lab-vko.dmed.kz/ /api/DriverManager/PingDevice
31.08.2026 2:49:03	Information:	{
"Hash": "w9LjvpRCyoByGV3Lzv0iX9dSI0tLK0uV+pRojL1kufc=",
"Status": 0
}


31.08.2026 2:49:03	Information:	Ping ret is {"Status":0,"Comment":null}
31.08.2026 2:51:03	Information:	url https://lab-vko.dmed.kz/ /api/DriverManager/PingDevice
31.08.2026 2:51:03	Information:	{
"Hash": "w9LjvpRCyoByGV3Lzv0iX9dSI0tLK0uV+pRojL1kufc=",
"Status": 0
}


31.08.2026 2:51:03	Information:	Ping ret is {"Status":0,"Comment":null}
31.08.2026 2:53:04	Information:	url https://lab-vko.dmed.kz/ /api/DriverManager/PingDevice
31.08.2026 2:53:04	Information:	{
"Hash": "w9LjvpRCyoByGV3Lzv0iX9dSI0tLK0uV+pRojL1kufc=",
"Status": 0
}


31.08.2026 2:53:04	Information:	Ping ret is {"Status":0,"Comment":null}
31.08.2026 2:54:30	Information:	refresh tokens
31.08.2026 2:55:04	Information:	url https://lab-vko.dmed.kz/ /api/DriverManager/PingDevice
31.08.2026 2:55:04	Information:	{
"Hash": "w9LjvpRCyoByGV3Lzv0iX9dSI0tLK0uV+pRojL1kufc=",
"Status": 0
}


31.08.2026 2:55:04	Information:	Ping ret is {"Status":0,"Comment":null}
31.08.2026 2:57:05	Information:	url https://lab-vko.dmed.kz/ /api/DriverManager/PingDevice
31.08.2026 2:57:05	Information:	{
"Hash": "w9LjvpRCyoByGV3Lzv0iX9dSI0tLK0uV+pRojL1kufc=",
"Status": 0
}


31.08.2026 2:57:05	Information:	Ping ret is {"Status":0,"Comment":null}
31.08.2026 2:59:05	Information:	url https://lab-vko.dmed.kz/ /api/DriverManager/PingDevice
31.08.2026 2:59:05	Information:	{
"Hash": "w9LjvpRCyoByGV3Lzv0iX9dSI0tLK0uV+pRojL1kufc=",
"Status": 0
}


31.08.2026 2:59:05	Information:	Ping ret is {"Status":0,"Comment":null}
31.08.2026 3:01:06	Information:	url https://lab-vko.dmed.kz/ /api/DriverManager/PingDevice
31.08.2026 3:01:06	Information:	{
"Hash": "w9LjvpRCyoByGV3Lzv0iX9dSI0tLK0uV+pRojL1kufc=",
"Status": 0
}


31.08.2026 3:01:06	Information:	Ping ret is {"Status":0,"Comment":null}
31.08.2026 3:03:06	Information:	url https://lab-vko.dmed.kz/ /api/DriverManager/PingDevice
31.08.2026 3:03:06	Information:	{
"Hash": "w9LjvpRCyoByGV3Lzv0iX9dSI0tLK0uV+pRojL1kufc=",
"Status": 0
}


31.08.2026 3:03:06	Information:	Ping ret is {"Status":0,"Comment":null}
31.08.2026 3:04:30	Information:	refresh tokens
31.08.2026 3:05:07	Information:	url https://lab-vko.dmed.kz/ /api/DriverManager/PingDevice
31.08.2026 3:05:07	Information:	{
"Hash": "w9LjvpRCyoByGV3Lzv0iX9dSI0tLK0uV+pRojL1kufc=",
"Status": 0
}


31.08.2026 3:05:07	Information:	Ping ret is {"Status":0,"Comment":null}
31.08.2026 3:07:08	Information:	url https://lab-vko.dmed.kz/ /api/DriverManager/PingDevice
31.08.2026 3:07:08	Information:	{
"Hash": "w9LjvpRCyoByGV3Lzv0iX9dSI0tLK0uV+pRojL1kufc=",
"Status": 0
}


31.08.2026 3:07:08	Information:	Ping ret is {"Status":0,"Comment":null}
31.08.2026 3:09:08	Information:	url https://lab-vko.dmed.kz/ /api/DriverManager/PingDevice
31.08.2026 3:09:08	Information:	{
"Hash": "w9LjvpRCyoByGV3Lzv0iX9dSI0tLK0uV+pRojL1kufc=",
"Status": 0
}


31.08.2026 3:09:08	Information:	Ping ret is {"Status":0,"Comment":null}
31.08.2026 3:11:09	Information:	url https://lab-vko.dmed.kz/ /api/DriverManager/PingDevice
31.08.2026 3:11:09	Information:	{
"Hash": "w9LjvpRCyoByGV3Lzv0iX9dSI0tLK0uV+pRojL1kufc=",
"Status": 0
}


31.08.2026 3:11:09	Information:	Ping ret is {"Status":0,"Comment":null}
31.08.2026 3:13:09	Information:	url https://lab-vko.dmed.kz/ /api/DriverManager/PingDevice
31.08.2026 3:13:09	Information:	{
"Hash": "w9LjvpRCyoByGV3Lzv0iX9dSI0tLK0uV+pRojL1kufc=",
"Status": 0
}


31.08.2026 3:13:09	Information:	Ping ret is {"Status":0,"Comment":null}
31.08.2026 3:14:30	Information:	refresh tokens
31.08.2026 3:15:10	Information:	url https://lab-vko.dmed.kz/ /api/DriverManager/PingDevice
31.08.2026 3:15:10	Information:	{
"Hash": "w9LjvpRCyoByGV3Lzv0iX9dSI0tLK0uV+pRojL1kufc=",
"Status": 0
}


31.08.2026 3:15:10	Information:	Ping ret is {"Status":0,"Comment":null}
31.08.2026 3:17:10	Information:	url https://lab-vko.dmed.kz/ /api/DriverManager/PingDevice
31.08.2026 3:17:10	Information:	{
"Hash": "w9LjvpRCyoByGV3Lzv0iX9dSI0tLK0uV+pRojL1kufc=",
"Status": 0
}


31.08.2026 3:17:10	Information:	Ping ret is {"Status":0,"Comment":null}
31.08.2026 3:19:11	Information:	url https://lab-vko.dmed.kz/ /api/DriverManager/PingDevice
31.08.2026 3:19:11	Information:	{
"Hash": "w9LjvpRCyoByGV3Lzv0iX9dSI0tLK0uV+pRojL1kufc=",
"Status": 0
}


31.08.2026 3:19:11	Information:	Ping ret is {"Status":0,"Comment":null}
31.08.2026 3:21:11	Information:	url https://lab-vko.dmed.kz/ /api/DriverManager/PingDevice
31.08.2026 3:21:11	Information:	{
"Hash": "w9LjvpRCyoByGV3Lzv0iX9dSI0tLK0uV+pRojL1kufc=",
"Status": 0
}


31.08.2026 3:21:11	Information:	Ping ret is {"Status":0,"Comment":null}
31.08.2026 3:23:12	Information:	url https://lab-vko.dmed.kz/ /api/DriverManager/PingDevice
31.08.2026 3:23:12	Information:	{
"Hash": "w9LjvpRCyoByGV3Lzv0iX9dSI0tLK0uV+pRojL1kufc=",
"Status": 0
}


31.08.2026 3:23:12	Information:	Ping ret is {"Status":0,"Comment":null}
31.08.2026 3:24:30	Information:	refresh tokens
31.08.2026 3:25:12	Information:	url https://lab-vko.dmed.kz/ /api/DriverManager/PingDevice
31.08.2026 3:25:12	Information:	{
"Hash": "w9LjvpRCyoByGV3Lzv0iX9dSI0tLK0uV+pRojL1kufc=",
"Status": 0
}


31.08.2026 3:25:12	Information:	Ping ret is {"Status":0,"Comment":null}
31.08.2026 3:27:13	Information:	url https://lab-vko.dmed.kz/ /api/DriverManager/PingDevice
31.08.2026 3:27:13	Information:	{
"Hash": "w9LjvpRCyoByGV3Lzv0iX9dSI0tLK0uV+pRojL1kufc=",
"Status": 0
}


31.08.2026 3:27:13	Information:	Ping ret is {"Status":0,"Comment":null}
31.08.2026 3:29:13	Information:	url https://lab-vko.dmed.kz/ /api/DriverManager/PingDevice
31.08.2026 3:29:13	Information:	{
"Hash": "w9LjvpRCyoByGV3Lzv0iX9dSI0tLK0uV+pRojL1kufc=",
"Status": 0
}


31.08.2026 3:29:13	Information:	Ping ret is {"Status":0,"Comment":null}
31.08.2026 3:31:14	Information:	url https://lab-vko.dmed.kz/ /api/DriverManager/PingDevice
31.08.2026 3:31:14	Information:	{
"Hash": "w9LjvpRCyoByGV3Lzv0iX9dSI0tLK0uV+pRojL1kufc=",
"Status": 0
}


31.08.2026 3:31:14	Information:	Ping ret is {"Status":0,"Comment":null}
31.08.2026 3:33:14	Information:	url https://lab-vko.dmed.kz/ /api/DriverManager/PingDevice
31.08.2026 3:33:14	Information:	{
"Hash": "w9LjvpRCyoByGV3Lzv0iX9dSI0tLK0uV+pRojL1kufc=",
"Status": 0
}


31.08.2026 3:33:14	Information:	Ping ret is {"Status":0,"Comment":null}
31.08.2026 3:34:30	Information:	refresh tokens
31.08.2026 3:35:15	Information:	url https://lab-vko.dmed.kz/ /api/DriverManager/PingDevice
31.08.2026 3:35:15	Information:	{
"Hash": "w9LjvpRCyoByGV3Lzv0iX9dSI0tLK0uV+pRojL1kufc=",
"Status": 0
}


31.08.2026 3:35:15	Information:	Ping ret is {"Status":0,"Comment":null}
31.08.2026 3:37:15	Information:	url https://lab-vko.dmed.kz/ /api/DriverManager/PingDevice
31.08.2026 3:37:15	Information:	{
"Hash": "w9LjvpRCyoByGV3Lzv0iX9dSI0tLK0uV+pRojL1kufc=",
"Status": 0
}


31.08.2026 3:37:15	Information:	Ping ret is {"Status":0,"Comment":null}
31.08.2026 3:39:16	Information:	url https://lab-vko.dmed.kz/ /api/DriverManager/PingDevice
31.08.2026 3:39:16	Information:	{
"Hash": "w9LjvpRCyoByGV3Lzv0iX9dSI0tLK0uV+pRojL1kufc=",
"Status": 0
}


31.08.2026 3:39:16	Information:	Ping ret is {"Status":0,"Comment":null}
31.08.2026 3:41:16	Information:	url https://lab-vko.dmed.kz/ /api/DriverManager/PingDevice
31.08.2026 3:41:16	Information:	{
"Hash": "w9LjvpRCyoByGV3Lzv0iX9dSI0tLK0uV+pRojL1kufc=",
"Status": 0
}


31.08.2026 3:41:16	Information:	Ping ret is {"Status":0,"Comment":null}
31.08.2026 3:43:17	Information:	url https://lab-vko.dmed.kz/ /api/DriverManager/PingDevice
31.08.2026 3:43:17	Information:	{
"Hash": "w9LjvpRCyoByGV3Lzv0iX9dSI0tLK0uV+pRojL1kufc=",
"Status": 0
}


31.08.2026 3:43:17	Information:	Ping ret is {"Status":0,"Comment":null}
31.08.2026 3:44:30	Information:	refresh tokens
31.08.2026 3:45:18	Information:	url https://lab-vko.dmed.kz/ /api/DriverManager/PingDevice
31.08.2026 3:45:18	Information:	{
"Hash": "w9LjvpRCyoByGV3Lzv0iX9dSI0tLK0uV+pRojL1kufc=",
"Status": 0
}


31.08.2026 3:45:18	Information:	Ping ret is {"Status":0,"Comment":null}
31.08.2026 3:47:18	Information:	url https://lab-vko.dmed.kz/ /api/DriverManager/PingDevice
31.08.2026 3:47:18	Information:	{
"Hash": "w9LjvpRCyoByGV3Lzv0iX9dSI0tLK0uV+pRojL1kufc=",
"Status": 0
}


31.08.2026 3:47:18	Information:	Ping ret is {"Status":0,"Comment":null}
31.08.2026 3:49:18	Information:	url https://lab-vko.dmed.kz/ /api/DriverManager/PingDevice
31.08.2026 3:49:18	Information:	{
"Hash": "w9LjvpRCyoByGV3Lzv0iX9dSI0tLK0uV+pRojL1kufc=",
"Status": 0
}


31.08.2026 3:49:18	Information:	Ping ret is {"Status":0,"Comment":null}
31.08.2026 3:51:19	Information:	url https://lab-vko.dmed.kz/ /api/DriverManager/PingDevice
31.08.2026 3:51:19	Information:	{
"Hash": "w9LjvpRCyoByGV3Lzv0iX9dSI0tLK0uV+pRojL1kufc=",
"Status": 0
}


31.08.2026 3:51:19	Information:	Ping ret is {"Status":0,"Comment":null}
31.08.2026 3:53:20	Information:	url https://lab-vko.dmed.kz/ /api/DriverManager/PingDevice
31.08.2026 3:53:20	Information:	{
"Hash": "w9LjvpRCyoByGV3Lzv0iX9dSI0tLK0uV+pRojL1kufc=",
"Status": 0
}


31.08.2026 3:53:20	Information:	Ping ret is {"Status":0,"Comment":null}
31.08.2026 3:54:30	Information:	refresh tokens
31.08.2026 3:55:20	Information:	url https://lab-vko.dmed.kz/ /api/DriverManager/PingDevice
31.08.2026 3:55:20	Information:	{
"Hash": "w9LjvpRCyoByGV3Lzv0iX9dSI0tLK0uV+pRojL1kufc=",
"Status": 0
}


31.08.2026 3:55:20	Information:	Ping ret is {"Status":0,"Comment":null}
31.08.2026 3:57:21	Information:	url https://lab-vko.dmed.kz/ /api/DriverManager/PingDevice
31.08.2026 3:57:21	Information:	{
"Hash": "w9LjvpRCyoByGV3Lzv0iX9dSI0tLK0uV+pRojL1kufc=",
"Status": 0
}


31.08.2026 3:57:21	Information:	Ping ret is {"Status":0,"Comment":null}
31.08.2026 3:59:21	Information:	url https://lab-vko.dmed.kz/ /api/DriverManager/PingDevice
31.08.2026 3:59:21	Information:	{
"Hash": "w9LjvpRCyoByGV3Lzv0iX9dSI0tLK0uV+pRojL1kufc=",
"Status": 0
}


31.08.2026 3:59:21	Information:	Ping ret is {"Status":0,"Comment":null}
31.08.2026 4:01:22	Information:	url https://lab-vko.dmed.kz/ /api/DriverManager/PingDevice
31.08.2026 4:01:22	Information:	{
"Hash": "w9LjvpRCyoByGV3Lzv0iX9dSI0tLK0uV+pRojL1kufc=",
"Status": 0
}


31.08.2026 4:01:22	Information:	Ping ret is {"Status":0,"Comment":null}
31.08.2026 4:03:22	Information:	url https://lab-vko.dmed.kz/ /api/DriverManager/PingDevice
31.08.2026 4:03:22	Information:	{
"Hash": "w9LjvpRCyoByGV3Lzv0iX9dSI0tLK0uV+pRojL1kufc=",
"Status": 0
}


31.08.2026 4:03:22	Information:	Ping ret is {"Status":0,"Comment":null}
31.08.2026 4:04:30	Information:	refresh tokens
31.08.2026 4:05:23	Information:	url https://lab-vko.dmed.kz/ /api/DriverManager/PingDevice
31.08.2026 4:05:23	Information:	{
"Hash": "w9LjvpRCyoByGV3Lzv0iX9dSI0tLK0uV+pRojL1kufc=",
"Status": 0
}


31.08.2026 4:05:23	Information:	Ping ret is {"Status":0,"Comment":null}
31.08.2026 4:07:23	Information:	url https://lab-vko.dmed.kz/ /api/DriverManager/PingDevice
31.08.2026 4:07:23	Information:	{
"Hash": "w9LjvpRCyoByGV3Lzv0iX9dSI0tLK0uV+pRojL1kufc=",
"Status": 0
}


31.08.2026 4:07:23	Information:	Ping ret is {"Status":0,"Comment":null}
31.08.2026 4:09:24	Information:	url https://lab-vko.dmed.kz/ /api/DriverManager/PingDevice
31.08.2026 4:09:24	Information:	{
"Hash": "w9LjvpRCyoByGV3Lzv0iX9dSI0tLK0uV+pRojL1kufc=",
"Status": 0
}


31.08.2026 4:09:24	Information:	Ping ret is {"Status":0,"Comment":null}
31.08.2026 4:11:24	Information:	url https://lab-vko.dmed.kz/ /api/DriverManager/PingDevice
31.08.2026 4:11:24	Information:	{
"Hash": "w9LjvpRCyoByGV3Lzv0iX9dSI0tLK0uV+pRojL1kufc=",
"Status": 0
}


31.08.2026 4:11:24	Information:	Ping ret is {"Status":0,"Comment":null}
31.08.2026 4:13:25	Information:	url https://lab-vko.dmed.kz/ /api/DriverManager/PingDevice
31.08.2026 4:13:25	Information:	{
"Hash": "w9LjvpRCyoByGV3Lzv0iX9dSI0tLK0uV+pRojL1kufc=",
"Status": 0
}


31.08.2026 4:13:25	Information:	Ping ret is {"Status":0,"Comment":null}
31.08.2026 4:14:30	Information:	refresh tokens
31.08.2026 4:15:26	Information:	url https://lab-vko.dmed.kz/ /api/DriverManager/PingDevice
31.08.2026 4:15:26	Information:	{
"Hash": "w9LjvpRCyoByGV3Lzv0iX9dSI0tLK0uV+pRojL1kufc=",
"Status": 0
}


31.08.2026 4:15:26	Information:	Ping ret is {"Status":0,"Comment":null}
31.08.2026 4:17:26	Information:	url https://lab-vko.dmed.kz/ /api/DriverManager/PingDevice
31.08.2026 4:17:26	Information:	{
"Hash": "w9LjvpRCyoByGV3Lzv0iX9dSI0tLK0uV+pRojL1kufc=",
"Status": 0
}


31.08.2026 4:17:26	Information:	Ping ret is {"Status":0,"Comment":null}
31.08.2026 4:19:27	Information:	url https://lab-vko.dmed.kz/ /api/DriverManager/PingDevice
31.08.2026 4:19:27	Information:	{
"Hash": "w9LjvpRCyoByGV3Lzv0iX9dSI0tLK0uV+pRojL1kufc=",
"Status": 0
}


31.08.2026 4:19:27	Information:	Ping ret is {"Status":0,"Comment":null}
31.08.2026 4:21:27	Information:	url https://lab-vko.dmed.kz/ /api/DriverManager/PingDevice
31.08.2026 4:21:27	Information:	{
"Hash": "w9LjvpRCyoByGV3Lzv0iX9dSI0tLK0uV+pRojL1kufc=",
"Status": 0
}


31.08.2026 4:21:27	Information:	Ping ret is {"Status":0,"Comment":null}
31.08.2026 4:23:28	Information:	url https://lab-vko.dmed.kz/ /api/DriverManager/PingDevice
31.08.2026 4:23:28	Information:	{
"Hash": "w9LjvpRCyoByGV3Lzv0iX9dSI0tLK0uV+pRojL1kufc=",
"Status": 0
}


31.08.2026 4:23:28	Information:	Ping ret is {"Status":0,"Comment":null}
31.08.2026 4:24:30	Information:	refresh tokens
31.08.2026 4:25:29	Information:	url https://lab-vko.dmed.kz/ /api/DriverManager/PingDevice
31.08.2026 4:25:29	Information:	{
"Hash": "w9LjvpRCyoByGV3Lzv0iX9dSI0tLK0uV+pRojL1kufc=",
"Status": 0
}


31.08.2026 4:25:29	Information:	Ping ret is {"Status":0,"Comment":null}
31.08.2026 4:27:29	Information:	url https://lab-vko.dmed.kz/ /api/DriverManager/PingDevice
31.08.2026 4:27:29	Information:	{
"Hash": "w9LjvpRCyoByGV3Lzv0iX9dSI0tLK0uV+pRojL1kufc=",
"Status": 0
}


31.08.2026 4:27:29	Information:	Ping ret is {"Status":0,"Comment":null}
31.08.2026 4:29:29	Information:	url https://lab-vko.dmed.kz/ /api/DriverManager/PingDevice
31.08.2026 4:29:29	Information:	{
"Hash": "w9LjvpRCyoByGV3Lzv0iX9dSI0tLK0uV+pRojL1kufc=",
"Status": 0
}


31.08.2026 4:29:29	Information:	Ping ret is {"Status":0,"Comment":null}
31.08.2026 4:31:30	Information:	url https://lab-vko.dmed.kz/ /api/DriverManager/PingDevice
31.08.2026 4:31:30	Information:	{
"Hash": "w9LjvpRCyoByGV3Lzv0iX9dSI0tLK0uV+pRojL1kufc=",
"Status": 0
}


31.08.2026 4:31:30	Information:	Ping ret is {"Status":0,"Comment":null}
31.08.2026 4:33:30	Information:	url https://lab-vko.dmed.kz/ /api/DriverManager/PingDevice
31.08.2026 4:33:30	Information:	{
"Hash": "w9LjvpRCyoByGV3Lzv0iX9dSI0tLK0uV+pRojL1kufc=",
"Status": 0
}


31.08.2026 4:33:30	Information:	Ping ret is {"Status":0,"Comment":null}
31.08.2026 4:34:30	Information:	refresh tokens
31.08.2026 4:35:31	Information:	url https://lab-vko.dmed.kz/ /api/DriverManager/PingDevice
31.08.2026 4:35:31	Information:	{
"Hash": "w9LjvpRCyoByGV3Lzv0iX9dSI0tLK0uV+pRojL1kufc=",
"Status": 0
}


31.08.2026 4:35:31	Information:	Ping ret is {"Status":0,"Comment":null}
31.08.2026 4:37:31	Information:	url https://lab-vko.dmed.kz/ /api/DriverManager/PingDevice
31.08.2026 4:37:31	Information:	{
"Hash": "w9LjvpRCyoByGV3Lzv0iX9dSI0tLK0uV+pRojL1kufc=",
"Status": 0
}


31.08.2026 4:37:31	Information:	Ping ret is {"Status":0,"Comment":null}
31.08.2026 4:39:32	Information:	url https://lab-vko.dmed.kz/ /api/DriverManager/PingDevice
31.08.2026 4:39:32	Information:	{
"Hash": "w9LjvpRCyoByGV3Lzv0iX9dSI0tLK0uV+pRojL1kufc=",
"Status": 0
}


31.08.2026 4:39:32	Information:	Ping ret is {"Status":0,"Comment":null}
31.08.2026 4:41:32	Information:	url https://lab-vko.dmed.kz/ /api/DriverManager/PingDevice
31.08.2026 4:41:32	Information:	{
"Hash": "w9LjvpRCyoByGV3Lzv0iX9dSI0tLK0uV+pRojL1kufc=",
"Status": 0
}


31.08.2026 4:41:32	Information:	Ping ret is {"Status":0,"Comment":null}
31.08.2026 4:43:33	Information:	url https://lab-vko.dmed.kz/ /api/DriverManager/PingDevice
31.08.2026 4:43:33	Information:	{
"Hash": "w9LjvpRCyoByGV3Lzv0iX9dSI0tLK0uV+pRojL1kufc=",
"Status": 0
}


31.08.2026 4:43:33	Information:	Ping ret is {"Status":0,"Comment":null}
31.08.2026 4:44:30	Information:	refresh tokens
31.08.2026 4:45:34	Information:	url https://lab-vko.dmed.kz/ /api/DriverManager/PingDevice
31.08.2026 4:45:34	Information:	{
"Hash": "w9LjvpRCyoByGV3Lzv0iX9dSI0tLK0uV+pRojL1kufc=",
"Status": 0
}


31.08.2026 4:45:34	Information:	Ping ret is {"Status":0,"Comment":null}
31.08.2026 4:47:34	Information:	url https://lab-vko.dmed.kz/ /api/DriverManager/PingDevice
31.08.2026 4:47:34	Information:	{
"Hash": "w9LjvpRCyoByGV3Lzv0iX9dSI0tLK0uV+pRojL1kufc=",
"Status": 0
}


31.08.2026 4:47:34	Information:	Ping ret is {"Status":0,"Comment":null}
31.08.2026 4:49:35	Information:	url https://lab-vko.dmed.kz/ /api/DriverManager/PingDevice
31.08.2026 4:49:35	Information:	{
"Hash": "w9LjvpRCyoByGV3Lzv0iX9dSI0tLK0uV+pRojL1kufc=",
"Status": 0
}


31.08.2026 4:49:35	Information:	Ping ret is {"Status":0,"Comment":null}
31.08.2026 4:51:35	Information:	url https://lab-vko.dmed.kz/ /api/DriverManager/PingDevice
31.08.2026 4:51:35	Information:	{
"Hash": "w9LjvpRCyoByGV3Lzv0iX9dSI0tLK0uV+pRojL1kufc=",
"Status": 0
}


31.08.2026 4:51:35	Information:	Ping ret is {"Status":0,"Comment":null}
31.08.2026 4:53:36	Information:	url https://lab-vko.dmed.kz/ /api/DriverManager/PingDevice
31.08.2026 4:53:36	Information:	{
"Hash": "w9LjvpRCyoByGV3Lzv0iX9dSI0tLK0uV+pRojL1kufc=",
"Status": 0
}


31.08.2026 4:53:36	Information:	Ping ret is {"Status":0,"Comment":null}
31.08.2026 4:54:30	Information:	refresh tokens
31.08.2026 4:55:36	Information:	url https://lab-vko.dmed.kz/ /api/DriverManager/PingDevice
31.08.2026 4:55:36	Information:	{
"Hash": "w9LjvpRCyoByGV3Lzv0iX9dSI0tLK0uV+pRojL1kufc=",
"Status": 0
}


31.08.2026 4:55:36	Information:	Ping ret is {"Status":0,"Comment":null}
31.08.2026 4:57:37	Information:	url https://lab-vko.dmed.kz/ /api/DriverManager/PingDevice
31.08.2026 4:57:37	Information:	{
"Hash": "w9LjvpRCyoByGV3Lzv0iX9dSI0tLK0uV+pRojL1kufc=",
"Status": 0
}


31.08.2026 4:57:37	Information:	Ping ret is {"Status":0,"Comment":null}
31.08.2026 4:59:37	Information:	url https://lab-vko.dmed.kz/ /api/DriverManager/PingDevice
31.08.2026 4:59:37	Information:	{
"Hash": "w9LjvpRCyoByGV3Lzv0iX9dSI0tLK0uV+pRojL1kufc=",
"Status": 0
}


31.08.2026 4:59:37	Information:	Ping ret is {"Status":0,"Comment":null}
31.08.2026 5:01:38	Information:	url https://lab-vko.dmed.kz/ /api/DriverManager/PingDevice
31.08.2026 5:01:38	Information:	{
"Hash": "w9LjvpRCyoByGV3Lzv0iX9dSI0tLK0uV+pRojL1kufc=",
"Status": 0
}


31.08.2026 5:01:38	Information:	Ping ret is {"Status":0,"Comment":null}
31.08.2026 5:03:38	Information:	url https://lab-vko.dmed.kz/ /api/DriverManager/PingDevice
31.08.2026 5:03:38	Information:	{
"Hash": "w9LjvpRCyoByGV3Lzv0iX9dSI0tLK0uV+pRojL1kufc=",
"Status": 0
}


31.08.2026 5:03:38	Information:	Ping ret is {"Status":0,"Comment":null}
31.08.2026 5:04:30	Information:	refresh tokens
31.08.2026 5:05:39	Information:	url https://lab-vko.dmed.kz/ /api/DriverManager/PingDevice
31.08.2026 5:05:39	Information:	{
"Hash": "w9LjvpRCyoByGV3Lzv0iX9dSI0tLK0uV+pRojL1kufc=",
"Status": 0
}


31.08.2026 5:05:39	Information:	Ping ret is {"Status":0,"Comment":null}
31.08.2026 5:07:40	Information:	url https://lab-vko.dmed.kz/ /api/DriverManager/PingDevice
31.08.2026 5:07:40	Information:	{
"Hash": "w9LjvpRCyoByGV3Lzv0iX9dSI0tLK0uV+pRojL1kufc=",
"Status": 0
}


31.08.2026 5:07:40	Information:	Ping ret is {"Status":0,"Comment":null}
31.08.2026 5:09:40	Information:	url https://lab-vko.dmed.kz/ /api/DriverManager/PingDevice
31.08.2026 5:09:40	Information:	{
"Hash": "w9LjvpRCyoByGV3Lzv0iX9dSI0tLK0uV+pRojL1kufc=",
"Status": 0
}


31.08.2026 5:09:40	Information:	Ping ret is {"Status":0,"Comment":null}
31.08.2026 5:11:41	Information:	url https://lab-vko.dmed.kz/ /api/DriverManager/PingDevice
31.08.2026 5:11:41	Information:	{
"Hash": "w9LjvpRCyoByGV3Lzv0iX9dSI0tLK0uV+pRojL1kufc=",
"Status": 0
}


31.08.2026 5:11:41	Information:	Ping ret is {"Status":0,"Comment":null}
31.08.2026 5:13:41	Information:	url https://lab-vko.dmed.kz/ /api/DriverManager/PingDevice
31.08.2026 5:13:41	Information:	{
"Hash": "w9LjvpRCyoByGV3Lzv0iX9dSI0tLK0uV+pRojL1kufc=",
"Status": 0
}


31.08.2026 5:13:41	Information:	Ping ret is {"Status":0,"Comment":null}
31.08.2026 5:14:30	Information:	refresh tokens
31.08.2026 5:15:42	Information:	url https://lab-vko.dmed.kz/ /api/DriverManager/PingDevice
31.08.2026 5:15:42	Information:	{
"Hash": "w9LjvpRCyoByGV3Lzv0iX9dSI0tLK0uV+pRojL1kufc=",
"Status": 0
}


31.08.2026 5:15:42	Information:	Ping ret is {"Status":0,"Comment":null}
31.08.2026 5:17:43	Information:	url https://lab-vko.dmed.kz/ /api/DriverManager/PingDevice
31.08.2026 5:17:43	Information:	{
"Hash": "w9LjvpRCyoByGV3Lzv0iX9dSI0tLK0uV+pRojL1kufc=",
"Status": 0
}


31.08.2026 5:17:43	Information:	Ping ret is {"Status":0,"Comment":null}
31.08.2026 5:19:43	Information:	url https://lab-vko.dmed.kz/ /api/DriverManager/PingDevice
31.08.2026 5:19:43	Information:	{
"Hash": "w9LjvpRCyoByGV3Lzv0iX9dSI0tLK0uV+pRojL1kufc=",
"Status": 0
}


31.08.2026 5:19:43	Information:	Ping ret is {"Status":0,"Comment":null}
31.08.2026 5:21:44	Information:	url https://lab-vko.dmed.kz/ /api/DriverManager/PingDevice
31.08.2026 5:21:44	Information:	{
"Hash": "w9LjvpRCyoByGV3Lzv0iX9dSI0tLK0uV+pRojL1kufc=",
"Status": 0
}


31.08.2026 5:21:44	Information:	Ping ret is {"Status":0,"Comment":null}
31.08.2026 5:23:44	Information:	url https://lab-vko.dmed.kz/ /api/DriverManager/PingDevice
31.08.2026 5:23:44	Information:	{
"Hash": "w9LjvpRCyoByGV3Lzv0iX9dSI0tLK0uV+pRojL1kufc=",
"Status": 0
}


31.08.2026 5:23:44	Information:	Ping ret is {"Status":0,"Comment":null}
31.08.2026 5:24:30	Information:	refresh tokens
31.08.2026 5:25:45	Information:	url https://lab-vko.dmed.kz/ /api/DriverManager/PingDevice
31.08.2026 5:25:45	Information:	{
"Hash": "w9LjvpRCyoByGV3Lzv0iX9dSI0tLK0uV+pRojL1kufc=",
"Status": 0
}


31.08.2026 5:25:45	Information:	Ping ret is {"Status":0,"Comment":null}
31.08.2026 5:27:45	Information:	url https://lab-vko.dmed.kz/ /api/DriverManager/PingDevice
31.08.2026 5:27:45	Information:	{
"Hash": "w9LjvpRCyoByGV3Lzv0iX9dSI0tLK0uV+pRojL1kufc=",
"Status": 0
}


31.08.2026 5:27:45	Information:	Ping ret is {"Status":0,"Comment":null}
31.08.2026 5:29:46	Information:	url https://lab-vko.dmed.kz/ /api/DriverManager/PingDevice
31.08.2026 5:29:46	Information:	{
"Hash": "w9LjvpRCyoByGV3Lzv0iX9dSI0tLK0uV+pRojL1kufc=",
"Status": 0
}


31.08.2026 5:29:46	Information:	Ping ret is {"Status":0,"Comment":null}
31.08.2026 5:31:46	Information:	url https://lab-vko.dmed.kz/ /api/DriverManager/PingDevice
31.08.2026 5:31:46	Information:	{
"Hash": "w9LjvpRCyoByGV3Lzv0iX9dSI0tLK0uV+pRojL1kufc=",
"Status": 0
}


31.08.2026 5:31:46	Information:	Ping ret is {"Status":0,"Comment":null}
31.08.2026 5:33:47	Information:	url https://lab-vko.dmed.kz/ /api/DriverManager/PingDevice
31.08.2026 5:33:47	Information:	{
"Hash": "w9LjvpRCyoByGV3Lzv0iX9dSI0tLK0uV+pRojL1kufc=",
"Status": 0
}


31.08.2026 5:33:47	Information:	Ping ret is {"Status":0,"Comment":null}
31.08.2026 5:34:30	Information:	refresh tokens
31.08.2026 5:35:48	Information:	url https://lab-vko.dmed.kz/ /api/DriverManager/PingDevice
31.08.2026 5:35:48	Information:	{
"Hash": "w9LjvpRCyoByGV3Lzv0iX9dSI0tLK0uV+pRojL1kufc=",
"Status": 0
}


31.08.2026 5:35:48	Information:	Ping ret is {"Status":0,"Comment":null}
31.08.2026 5:37:48	Information:	url https://lab-vko.dmed.kz/ /api/DriverManager/PingDevice
31.08.2026 5:37:48	Information:	{
"Hash": "w9LjvpRCyoByGV3Lzv0iX9dSI0tLK0uV+pRojL1kufc=",
"Status": 0
}


31.08.2026 5:37:48	Information:	Ping ret is {"Status":0,"Comment":null}
31.08.2026 5:39:48	Information:	url https://lab-vko.dmed.kz/ /api/DriverManager/PingDevice
31.08.2026 5:39:48	Information:	{
"Hash": "w9LjvpRCyoByGV3Lzv0iX9dSI0tLK0uV+pRojL1kufc=",
"Status": 0
}


31.08.2026 5:39:48	Information:	Ping ret is {"Status":0,"Comment":null}
31.08.2026 5:41:49	Information:	url https://lab-vko.dmed.kz/ /api/DriverManager/PingDevice
31.08.2026 5:41:49	Information:	{
"Hash": "w9LjvpRCyoByGV3Lzv0iX9dSI0tLK0uV+pRojL1kufc=",
"Status": 0
}


31.08.2026 5:41:49	Information:	Ping ret is {"Status":0,"Comment":null}
31.08.2026 5:43:49	Information:	url https://lab-vko.dmed.kz/ /api/DriverManager/PingDevice
31.08.2026 5:43:49	Information:	{
"Hash": "w9LjvpRCyoByGV3Lzv0iX9dSI0tLK0uV+pRojL1kufc=",
"Status": 0
}


31.08.2026 5:43:49	Information:	Ping ret is {"Status":0,"Comment":null}
31.08.2026 5:44:30	Information:	refresh tokens
31.08.2026 5:45:50	Information:	url https://lab-vko.dmed.kz/ /api/DriverManager/PingDevice
31.08.2026 5:45:50	Information:	{
"Hash": "w9LjvpRCyoByGV3Lzv0iX9dSI0tLK0uV+pRojL1kufc=",
"Status": 0
}


31.08.2026 5:45:50	Information:	Ping ret is {"Status":0,"Comment":null}
31.08.2026 5:47:51	Information:	url https://lab-vko.dmed.kz/ /api/DriverManager/PingDevice
31.08.2026 5:47:51	Information:	{
"Hash": "w9LjvpRCyoByGV3Lzv0iX9dSI0tLK0uV+pRojL1kufc=",
"Status": 0
}


31.08.2026 5:47:51	Information:	Ping ret is {"Status":0,"Comment":null}
31.08.2026 5:49:51	Information:	url https://lab-vko.dmed.kz/ /api/DriverManager/PingDevice
31.08.2026 5:49:51	Information:	{
"Hash": "w9LjvpRCyoByGV3Lzv0iX9dSI0tLK0uV+pRojL1kufc=",
"Status": 0
}


31.08.2026 5:49:51	Information:	Ping ret is {"Status":0,"Comment":null}
31.08.2026 5:51:52	Information:	url https://lab-vko.dmed.kz/ /api/DriverManager/PingDevice
31.08.2026 5:51:52	Information:	{
"Hash": "w9LjvpRCyoByGV3Lzv0iX9dSI0tLK0uV+pRojL1kufc=",
"Status": 0
}


31.08.2026 5:51:52	Information:	Ping ret is {"Status":0,"Comment":null}
31.08.2026 5:53:53	Information:	url https://lab-vko.dmed.kz/ /api/DriverManager/PingDevice
31.08.2026 5:53:53	Information:	{
"Hash": "w9LjvpRCyoByGV3Lzv0iX9dSI0tLK0uV+pRojL1kufc=",
"Status": 0
}


31.08.2026 5:53:53	Information:	Ping ret is {"Status":0,"Comment":null}
31.08.2026 5:54:30	Information:	refresh tokens
31.08.2026 5:55:53	Information:	url https://lab-vko.dmed.kz/ /api/DriverManager/PingDevice
31.08.2026 5:55:53	Information:	{
"Hash": "w9LjvpRCyoByGV3Lzv0iX9dSI0tLK0uV+pRojL1kufc=",
"Status": 0
}


31.08.2026 5:55:53	Information:	Ping ret is {"Status":0,"Comment":null}
31.08.2026 5:57:54	Information:	url https://lab-vko.dmed.kz/ /api/DriverManager/PingDevice
31.08.2026 5:57:54	Information:	{
"Hash": "w9LjvpRCyoByGV3Lzv0iX9dSI0tLK0uV+pRojL1kufc=",
"Status": 0
}


31.08.2026 5:57:54	Information:	Ping ret is {"Status":0,"Comment":null}
31.08.2026 5:59:55	Information:	url https://lab-vko.dmed.kz/ /api/DriverManager/PingDevice
31.08.2026 5:59:55	Information:	{
"Hash": "w9LjvpRCyoByGV3Lzv0iX9dSI0tLK0uV+pRojL1kufc=",
"Status": 0
}


31.08.2026 5:59:55	Information:	Ping ret is {"Status":0,"Comment":null}
31.08.2026 6:01:55	Information:	url https://lab-vko.dmed.kz/ /api/DriverManager/PingDevice
31.08.2026 6:01:55	Information:	{
"Hash": "w9LjvpRCyoByGV3Lzv0iX9dSI0tLK0uV+pRojL1kufc=",
"Status": 0
}


31.08.2026 6:01:55	Information:	Ping ret is {"Status":0,"Comment":null}
31.08.2026 6:03:56	Information:	url https://lab-vko.dmed.kz/ /api/DriverManager/PingDevice
31.08.2026 6:03:56	Information:	{
"Hash": "w9LjvpRCyoByGV3Lzv0iX9dSI0tLK0uV+pRojL1kufc=",
"Status": 0
}


31.08.2026 6:03:56	Information:	Ping ret is {"Status":0,"Comment":null}
31.08.2026 6:04:30	Information:	refresh tokens
31.08.2026 6:05:57	Information:	url https://lab-vko.dmed.kz/ /api/DriverManager/PingDevice
31.08.2026 6:05:57	Information:	{
"Hash": "w9LjvpRCyoByGV3Lzv0iX9dSI0tLK0uV+pRojL1kufc=",
"Status": 0
}


31.08.2026 6:05:57	Information:	Ping ret is {"Status":0,"Comment":null}
31.08.2026 6:07:57	Information:	url https://lab-vko.dmed.kz/ /api/DriverManager/PingDevice
31.08.2026 6:07:57	Information:	{
"Hash": "w9LjvpRCyoByGV3Lzv0iX9dSI0tLK0uV+pRojL1kufc=",
"Status": 0
}


31.08.2026 6:07:57	Information:	Ping ret is {"Status":0,"Comment":null}
31.08.2026 6:09:58	Information:	url https://lab-vko.dmed.kz/ /api/DriverManager/PingDevice
31.08.2026 6:09:58	Information:	{
"Hash": "w9LjvpRCyoByGV3Lzv0iX9dSI0tLK0uV+pRojL1kufc=",
"Status": 0
}


31.08.2026 6:09:58	Information:	Ping ret is {"Status":0,"Comment":null}
31.08.2026 6:11:59	Information:	url https://lab-vko.dmed.kz/ /api/DriverManager/PingDevice
31.08.2026 6:11:59	Information:	{
"Hash": "w9LjvpRCyoByGV3Lzv0iX9dSI0tLK0uV+pRojL1kufc=",
"Status": 0
}


31.08.2026 6:11:59	Information:	Ping ret is {"Status":0,"Comment":null}
31.08.2026 6:13:59	Information:	url https://lab-vko.dmed.kz/ /api/DriverManager/PingDevice
31.08.2026 6:13:59	Information:	{
"Hash": "w9LjvpRCyoByGV3Lzv0iX9dSI0tLK0uV+pRojL1kufc=",
"Status": 0
}


31.08.2026 6:13:59	Information:	Ping ret is {"Status":0,"Comment":null}
31.08.2026 6:14:30	Information:	refresh tokens
31.08.2026 6:16:05	Information:	url https://lab-vko.dmed.kz/ /api/DriverManager/PingDevice
31.08.2026 6:16:05	Information:	{
"Hash": "w9LjvpRCyoByGV3Lzv0iX9dSI0tLK0uV+pRojL1kufc=",
"Status": 0
}


31.08.2026 6:16:05	Information:	Ping ret is {"Status":0,"Comment":null}
31.08.2026 6:18:06	Information:	url https://lab-vko.dmed.kz/ /api/DriverManager/PingDevice
31.08.2026 6:18:06	Information:	{
"Hash": "w9LjvpRCyoByGV3Lzv0iX9dSI0tLK0uV+pRojL1kufc=",
"Status": 0
}


31.08.2026 6:18:06	Information:	Ping ret is {"Status":0,"Comment":null}
31.08.2026 6:20:06	Information:	url https://lab-vko.dmed.kz/ /api/DriverManager/PingDevice
31.08.2026 6:20:06	Information:	{
"Hash": "w9LjvpRCyoByGV3Lzv0iX9dSI0tLK0uV+pRojL1kufc=",
"Status": 0
}


31.08.2026 6:20:06	Information:	Ping ret is {"Status":0,"Comment":null}
31.08.2026 6:22:07	Information:	url https://lab-vko.dmed.kz/ /api/DriverManager/PingDevice
31.08.2026 6:22:07	Information:	{
"Hash": "w9LjvpRCyoByGV3Lzv0iX9dSI0tLK0uV+pRojL1kufc=",
"Status": 0
}


31.08.2026 6:22:07	Information:	Ping ret is {"Status":0,"Comment":null}
31.08.2026 6:24:08	Information:	url https://lab-vko.dmed.kz/ /api/DriverManager/PingDevice
31.08.2026 6:24:08	Information:	{
"Hash": "w9LjvpRCyoByGV3Lzv0iX9dSI0tLK0uV+pRojL1kufc=",
"Status": 0
}


31.08.2026 6:24:08	Information:	Ping ret is {"Status":0,"Comment":null}
31.08.2026 6:24:30	Information:	refresh tokens
31.08.2026 6:26:08	Information:	url https://lab-vko.dmed.kz/ /api/DriverManager/PingDevice
31.08.2026 6:26:08	Information:	{
"Hash": "w9LjvpRCyoByGV3Lzv0iX9dSI0tLK0uV+pRojL1kufc=",
"Status": 0
}


31.08.2026 6:26:08	Information:	Ping ret is {"Status":0,"Comment":null}
31.08.2026 6:28:09	Information:	url https://lab-vko.dmed.kz/ /api/DriverManager/PingDevice
31.08.2026 6:28:09	Information:	{
"Hash": "w9LjvpRCyoByGV3Lzv0iX9dSI0tLK0uV+pRojL1kufc=",
"Status": 0
}


31.08.2026 6:28:09	Information:	Ping ret is {"Status":0,"Comment":null}
31.08.2026 6:30:10	Information:	url https://lab-vko.dmed.kz/ /api/DriverManager/PingDevice
31.08.2026 6:30:10	Information:	{
"Hash": "w9LjvpRCyoByGV3Lzv0iX9dSI0tLK0uV+pRojL1kufc=",
"Status": 0
}


31.08.2026 6:30:10	Information:	Ping ret is {"Status":0,"Comment":null}
31.08.2026 6:32:10	Information:	url https://lab-vko.dmed.kz/ /api/DriverManager/PingDevice
31.08.2026 6:32:10	Information:	{
"Hash": "w9LjvpRCyoByGV3Lzv0iX9dSI0tLK0uV+pRojL1kufc=",
"Status": 0
}


31.08.2026 6:32:10	Information:	Ping ret is {"Status":0,"Comment":null}
31.08.2026 6:34:11	Information:	url https://lab-vko.dmed.kz/ /api/DriverManager/PingDevice
31.08.2026 6:34:11	Information:	{
"Hash": "w9LjvpRCyoByGV3Lzv0iX9dSI0tLK0uV+pRojL1kufc=",
"Status": 0
}


31.08.2026 6:34:11	Information:	Ping ret is {"Status":0,"Comment":null}
31.08.2026 6:34:30	Information:	refresh tokens
31.08.2026 6:36:12	Information:	url https://lab-vko.dmed.kz/ /api/DriverManager/PingDevice
31.08.2026 6:36:12	Information:	{
"Hash": "w9LjvpRCyoByGV3Lzv0iX9dSI0tLK0uV+pRojL1kufc=",
"Status": 0
}


31.08.2026 6:36:12	Information:	Ping ret is {"Status":0,"Comment":null}
31.08.2026 6:38:12	Information:	url https://lab-vko.dmed.kz/ /api/DriverManager/PingDevice
31.08.2026 6:38:12	Information:	{
"Hash": "w9LjvpRCyoByGV3Lzv0iX9dSI0tLK0uV+pRojL1kufc=",
"Status": 0
}


31.08.2026 6:38:12	Information:	Ping ret is {"Status":0,"Comment":null}
31.08.2026 6:40:13	Information:	url https://lab-vko.dmed.kz/ /api/DriverManager/PingDevice
31.08.2026 6:40:13	Information:	{
"Hash": "w9LjvpRCyoByGV3Lzv0iX9dSI0tLK0uV+pRojL1kufc=",
"Status": 0
}


31.08.2026 6:40:13	Information:	Ping ret is {"Status":0,"Comment":null}
31.08.2026 6:42:13	Information:	url https://lab-vko.dmed.kz/ /api/DriverManager/PingDevice
31.08.2026 6:42:13	Information:	{
"Hash": "w9LjvpRCyoByGV3Lzv0iX9dSI0tLK0uV+pRojL1kufc=",
"Status": 0
}


31.08.2026 6:42:13	Information:	Ping ret is {"Status":0,"Comment":null}
31.08.2026 6:44:14	Information:	url https://lab-vko.dmed.kz/ /api/DriverManager/PingDevice
31.08.2026 6:44:14	Information:	{
"Hash": "w9LjvpRCyoByGV3Lzv0iX9dSI0tLK0uV+pRojL1kufc=",
"Status": 0
}


31.08.2026 6:44:14	Information:	Ping ret is {"Status":0,"Comment":null}
31.08.2026 6:44:30	Information:	refresh tokens
31.08.2026 6:46:14	Information:	url https://lab-vko.dmed.kz/ /api/DriverManager/PingDevice
31.08.2026 6:46:14	Information:	{
"Hash": "w9LjvpRCyoByGV3Lzv0iX9dSI0tLK0uV+pRojL1kufc=",
"Status": 0
}


31.08.2026 6:46:14	Information:	Ping ret is {"Status":0,"Comment":null}
31.08.2026 6:48:15	Information:	url https://lab-vko.dmed.kz/ /api/DriverManager/PingDevice
31.08.2026 6:48:15	Information:	{
"Hash": "w9LjvpRCyoByGV3Lzv0iX9dSI0tLK0uV+pRojL1kufc=",
"Status": 0
}


31.08.2026 6:48:15	Information:	Ping ret is {"Status":0,"Comment":null}
31.08.2026 6:50:15	Information:	url https://lab-vko.dmed.kz/ /api/DriverManager/PingDevice
31.08.2026 6:50:15	Information:	{
"Hash": "w9LjvpRCyoByGV3Lzv0iX9dSI0tLK0uV+pRojL1kufc=",
"Status": 0
}


31.08.2026 6:50:15	Information:	Ping ret is {"Status":0,"Comment":null}
31.08.2026 6:52:16	Information:	url https://lab-vko.dmed.kz/ /api/DriverManager/PingDevice
31.08.2026 6:52:16	Information:	{
"Hash": "w9LjvpRCyoByGV3Lzv0iX9dSI0tLK0uV+pRojL1kufc=",
"Status": 0
}


31.08.2026 6:52:16	Information:	Ping ret is {"Status":0,"Comment":null}
31.08.2026 6:54:16	Information:	url https://lab-vko.dmed.kz/ /api/DriverManager/PingDevice
31.08.2026 6:54:16	Information:	{
"Hash": "w9LjvpRCyoByGV3Lzv0iX9dSI0tLK0uV+pRojL1kufc=",
"Status": 0
}


31.08.2026 6:54:16	Information:	Ping ret is {"Status":0,"Comment":null}
31.08.2026 6:54:30	Information:	refresh tokens
31.08.2026 6:56:17	Information:	url https://lab-vko.dmed.kz/ /api/DriverManager/PingDevice
31.08.2026 6:56:17	Information:	{
"Hash": "w9LjvpRCyoByGV3Lzv0iX9dSI0tLK0uV+pRojL1kufc=",
"Status": 0
}


31.08.2026 6:56:17	Information:	Ping ret is {"Status":0,"Comment":null}
31.08.2026 6:58:18	Information:	url https://lab-vko.dmed.kz/ /api/DriverManager/PingDevice
31.08.2026 6:58:18	Information:	{
"Hash": "w9LjvpRCyoByGV3Lzv0iX9dSI0tLK0uV+pRojL1kufc=",
"Status": 0
}


31.08.2026 6:58:18	Information:	Ping ret is {"Status":0,"Comment":null}
31.08.2026 7:00:18	Information:	url https://lab-vko.dmed.kz/ /api/DriverManager/PingDevice
31.08.2026 7:00:18	Information:	{
"Hash": "w9LjvpRCyoByGV3Lzv0iX9dSI0tLK0uV+pRojL1kufc=",
"Status": 0
}


31.08.2026 7:00:18	Information:	Ping ret is {"Status":0,"Comment":null}
31.08.2026 7:02:19	Information:	url https://lab-vko.dmed.kz/ /api/DriverManager/PingDevice
31.08.2026 7:02:19	Information:	{
"Hash": "w9LjvpRCyoByGV3Lzv0iX9dSI0tLK0uV+pRojL1kufc=",
"Status": 0
}


31.08.2026 7:02:19	Information:	Ping ret is {"Status":0,"Comment":null}
31.08.2026 7:04:19	Information:	url https://lab-vko.dmed.kz/ /api/DriverManager/PingDevice
31.08.2026 7:04:19	Information:	{
"Hash": "w9LjvpRCyoByGV3Lzv0iX9dSI0tLK0uV+pRojL1kufc=",
"Status": 0
}


31.08.2026 7:04:19	Information:	Ping ret is {"Status":0,"Comment":null}
31.08.2026 7:04:30	Information:	refresh tokens
31.08.2026 7:06:20	Information:	url https://lab-vko.dmed.kz/ /api/DriverManager/PingDevice
31.08.2026 7:06:20	Information:	{
"Hash": "w9LjvpRCyoByGV3Lzv0iX9dSI0tLK0uV+pRojL1kufc=",
"Status": 0
}


31.08.2026 7:06:20	Information:	Ping ret is {"Status":0,"Comment":null}
31.08.2026 7:08:20	Information:	url https://lab-vko.dmed.kz/ /api/DriverManager/PingDevice
31.08.2026 7:08:20	Information:	{
"Hash": "w9LjvpRCyoByGV3Lzv0iX9dSI0tLK0uV+pRojL1kufc=",
"Status": 0
}


31.08.2026 7:08:20	Information:	Ping ret is {"Status":0,"Comment":null}
31.08.2026 7:10:21	Information:	url https://lab-vko.dmed.kz/ /api/DriverManager/PingDevice
31.08.2026 7:10:21	Information:	{
"Hash": "w9LjvpRCyoByGV3Lzv0iX9dSI0tLK0uV+pRojL1kufc=",
"Status": 0
}


31.08.2026 7:10:21	Information:	Ping ret is {"Status":0,"Comment":null}
31.08.2026 7:12:21	Information:	url https://lab-vko.dmed.kz/ /api/DriverManager/PingDevice
31.08.2026 7:12:21	Information:	{
"Hash": "w9LjvpRCyoByGV3Lzv0iX9dSI0tLK0uV+pRojL1kufc=",
"Status": 0
}


31.08.2026 7:12:21	Information:	Ping ret is {"Status":0,"Comment":null}
31.08.2026 7:14:22	Information:	url https://lab-vko.dmed.kz/ /api/DriverManager/PingDevice
31.08.2026 7:14:22	Information:	{
"Hash": "w9LjvpRCyoByGV3Lzv0iX9dSI0tLK0uV+pRojL1kufc=",
"Status": 0
}


31.08.2026 7:14:22	Information:	Ping ret is {"Status":0,"Comment":null}
31.08.2026 7:14:30	Information:	refresh tokens
31.08.2026 7:16:22	Information:	url https://lab-vko.dmed.kz/ /api/DriverManager/PingDevice
31.08.2026 7:16:22	Information:	{
"Hash": "w9LjvpRCyoByGV3Lzv0iX9dSI0tLK0uV+pRojL1kufc=",
"Status": 0
}


31.08.2026 7:16:22	Information:	Ping ret is {"Status":0,"Comment":null}
31.08.2026 7:18:23	Information:	url https://lab-vko.dmed.kz/ /api/DriverManager/PingDevice
31.08.2026 7:18:23	Information:	{
"Hash": "w9LjvpRCyoByGV3Lzv0iX9dSI0tLK0uV+pRojL1kufc=",
"Status": 0
}


31.08.2026 7:18:23	Information:	Ping ret is {"Status":0,"Comment":null}
31.08.2026 7:20:24	Information:	url https://lab-vko.dmed.kz/ /api/DriverManager/PingDevice
31.08.2026 7:20:24	Information:	{
"Hash": "w9LjvpRCyoByGV3Lzv0iX9dSI0tLK0uV+pRojL1kufc=",
"Status": 0
}


31.08.2026 7:20:24	Information:	Ping ret is {"Status":0,"Comment":null}
31.08.2026 7:22:24	Information:	url https://lab-vko.dmed.kz/ /api/DriverManager/PingDevice
31.08.2026 7:22:24	Information:	{
"Hash": "w9LjvpRCyoByGV3Lzv0iX9dSI0tLK0uV+pRojL1kufc=",
"Status": 0
}


31.08.2026 7:22:24	Information:	Ping ret is {"Status":0,"Comment":null}
31.08.2026 7:24:25	Information:	url https://lab-vko.dmed.kz/ /api/DriverManager/PingDevice
31.08.2026 7:24:25	Information:	{
"Hash": "w9LjvpRCyoByGV3Lzv0iX9dSI0tLK0uV+pRojL1kufc=",
"Status": 0
}


31.08.2026 7:24:25	Information:	Ping ret is {"Status":0,"Comment":null}
31.08.2026 7:24:30	Information:	refresh tokens
31.08.2026 7:26:25	Information:	url https://lab-vko.dmed.kz/ /api/DriverManager/PingDevice
31.08.2026 7:26:25	Information:	{
"Hash": "w9LjvpRCyoByGV3Lzv0iX9dSI0tLK0uV+pRojL1kufc=",
"Status": 0
}


31.08.2026 7:26:25	Information:	Ping ret is {"Status":0,"Comment":null}
31.08.2026 7:28:26	Information:	url https://lab-vko.dmed.kz/ /api/DriverManager/PingDevice
31.08.2026 7:28:26	Information:	{
"Hash": "w9LjvpRCyoByGV3Lzv0iX9dSI0tLK0uV+pRojL1kufc=",
"Status": 0
}


31.08.2026 7:28:26	Information:	Ping ret is {"Status":0,"Comment":null}
31.08.2026 7:30:26	Information:	url https://lab-vko.dmed.kz/ /api/DriverManager/PingDevice
31.08.2026 7:30:26	Information:	{
"Hash": "w9LjvpRCyoByGV3Lzv0iX9dSI0tLK0uV+pRojL1kufc=",
"Status": 0
}


31.08.2026 7:30:26	Information:	Ping ret is {"Status":0,"Comment":null}
31.08.2026 7:32:27	Information:	url https://lab-vko.dmed.kz/ /api/DriverManager/PingDevice
31.08.2026 7:32:27	Information:	{
"Hash": "w9LjvpRCyoByGV3Lzv0iX9dSI0tLK0uV+pRojL1kufc=",
"Status": 0
}


31.08.2026 7:32:27	Information:	Ping ret is {"Status":0,"Comment":null}
31.08.2026 7:34:27	Information:	url https://lab-vko.dmed.kz/ /api/DriverManager/PingDevice
31.08.2026 7:34:27	Information:	{
"Hash": "w9LjvpRCyoByGV3Lzv0iX9dSI0tLK0uV+pRojL1kufc=",
"Status": 0
}


31.08.2026 7:34:27	Information:	Ping ret is {"Status":0,"Comment":null}
31.08.2026 7:34:30	Information:	refresh tokens
31.08.2026 7:36:28	Information:	url https://lab-vko.dmed.kz/ /api/DriverManager/PingDevice
31.08.2026 7:36:28	Information:	{
"Hash": "w9LjvpRCyoByGV3Lzv0iX9dSI0tLK0uV+pRojL1kufc=",
"Status": 0
}


31.08.2026 7:36:28	Information:	Ping ret is {"Status":0,"Comment":null}
31.08.2026 7:38:28	Information:	url https://lab-vko.dmed.kz/ /api/DriverManager/PingDevice
31.08.2026 7:38:28	Information:	{
"Hash": "w9LjvpRCyoByGV3Lzv0iX9dSI0tLK0uV+pRojL1kufc=",
"Status": 0
}


31.08.2026 7:38:28	Information:	Ping ret is {"Status":0,"Comment":null}
31.08.2026 7:40:29	Information:	url https://lab-vko.dmed.kz/ /api/DriverManager/PingDevice
31.08.2026 7:40:29	Information:	{
"Hash": "w9LjvpRCyoByGV3Lzv0iX9dSI0tLK0uV+pRojL1kufc=",
"Status": 0
}


31.08.2026 7:40:29	Information:	Ping ret is {"Status":0,"Comment":null}
31.08.2026 7:42:30	Information:	url https://lab-vko.dmed.kz/ /api/DriverManager/PingDevice
31.08.2026 7:42:30	Information:	{
"Hash": "w9LjvpRCyoByGV3Lzv0iX9dSI0tLK0uV+pRojL1kufc=",
"Status": 0
}


31.08.2026 7:42:30	Information:	Ping ret is {"Status":0,"Comment":null}
31.08.2026 7:44:30	Information:	refresh tokens
31.08.2026 7:44:31	Information:	url https://lab-vko.dmed.kz/ /api/DriverManager/PingDevice
31.08.2026 7:44:31	Information:	{
"Hash": "w9LjvpRCyoByGV3Lzv0iX9dSI0tLK0uV+pRojL1kufc=",
"Status": 0
}


31.08.2026 7:44:31	Information:	Ping ret is {"Status":0,"Comment":null}
31.08.2026 7:46:31	Information:	url https://lab-vko.dmed.kz/ /api/DriverManager/PingDevice
31.08.2026 7:46:31	Information:	{
"Hash": "w9LjvpRCyoByGV3Lzv0iX9dSI0tLK0uV+pRojL1kufc=",
"Status": 0
}


31.08.2026 7:46:31	Information:	Ping ret is {"Status":0,"Comment":null}
31.08.2026 7:48:32	Information:	url https://lab-vko.dmed.kz/ /api/DriverManager/PingDevice
31.08.2026 7:48:32	Information:	{
"Hash": "w9LjvpRCyoByGV3Lzv0iX9dSI0tLK0uV+pRojL1kufc=",
"Status": 0
}


31.08.2026 7:48:32	Information:	Ping ret is {"Status":0,"Comment":null}
31.08.2026 7:50:33	Information:	url https://lab-vko.dmed.kz/ /api/DriverManager/PingDevice
31.08.2026 7:50:33	Information:	{
"Hash": "w9LjvpRCyoByGV3Lzv0iX9dSI0tLK0uV+pRojL1kufc=",
"Status": 0
}


31.08.2026 7:50:33	Information:	Ping ret is {"Status":0,"Comment":null}
31.08.2026 7:52:33	Information:	url https://lab-vko.dmed.kz/ /api/DriverManager/PingDevice
31.08.2026 7:52:33	Information:	{
"Hash": "w9LjvpRCyoByGV3Lzv0iX9dSI0tLK0uV+pRojL1kufc=",
"Status": 0
}


31.08.2026 7:52:33	Information:	Ping ret is {"Status":0,"Comment":null}
31.08.2026 7:54:30	Information:	refresh tokens
31.08.2026 7:54:34	Information:	url https://lab-vko.dmed.kz/ /api/DriverManager/PingDevice
31.08.2026 7:54:34	Information:	{
"Hash": "w9LjvpRCyoByGV3Lzv0iX9dSI0tLK0uV+pRojL1kufc=",
"Status": 0
}


31.08.2026 7:54:34	Information:	Ping ret is {"Status":0,"Comment":null}
31.08.2026 7:56:35	Information:	url https://lab-vko.dmed.kz/ /api/DriverManager/PingDevice
31.08.2026 7:56:35	Information:	{
"Hash": "w9LjvpRCyoByGV3Lzv0iX9dSI0tLK0uV+pRojL1kufc=",
"Status": 0
}


31.08.2026 7:56:35	Information:	Ping ret is {"Status":0,"Comment":null}
31.08.2026 7:58:35	Information:	url https://lab-vko.dmed.kz/ /api/DriverManager/PingDevice
31.08.2026 7:58:35	Information:	{
"Hash": "w9LjvpRCyoByGV3Lzv0iX9dSI0tLK0uV+pRojL1kufc=",
"Status": 0
}


31.08.2026 7:58:35	Information:	Ping ret is {"Status":0,"Comment":null}
31.08.2026 8:00:36	Information:	url https://lab-vko.dmed.kz/ /api/DriverManager/PingDevice
31.08.2026 8:00:36	Information:	{
"Hash": "w9LjvpRCyoByGV3Lzv0iX9dSI0tLK0uV+pRojL1kufc=",
"Status": 0
}


31.08.2026 8:00:36	Information:	Ping ret is {"Status":0,"Comment":null}
31.08.2026 8:02:37	Information:	url https://lab-vko.dmed.kz/ /api/DriverManager/PingDevice
31.08.2026 8:02:37	Information:	{
"Hash": "w9LjvpRCyoByGV3Lzv0iX9dSI0tLK0uV+pRojL1kufc=",
"Status": 0
}


31.08.2026 8:02:37	Information:	Ping ret is {"Status":0,"Comment":null}
31.08.2026 8:04:30	Information:	refresh tokens
31.08.2026 8:04:37	Information:	url https://lab-vko.dmed.kz/ /api/DriverManager/PingDevice
31.08.2026 8:04:37	Information:	{
"Hash": "w9LjvpRCyoByGV3Lzv0iX9dSI0tLK0uV+pRojL1kufc=",
"Status": 0
}


31.08.2026 8:04:37	Information:	Ping ret is {"Status":0,"Comment":null}
31.08.2026 8:06:38	Information:	url https://lab-vko.dmed.kz/ /api/DriverManager/PingDevice
31.08.2026 8:06:38	Information:	{
"Hash": "w9LjvpRCyoByGV3Lzv0iX9dSI0tLK0uV+pRojL1kufc=",
"Status": 0
}


31.08.2026 8:06:38	Information:	Ping ret is {"Status":0,"Comment":null}
31.08.2026 8:08:38	Information:	url https://lab-vko.dmed.kz/ /api/DriverManager/PingDevice
31.08.2026 8:08:38	Information:	{
"Hash": "w9LjvpRCyoByGV3Lzv0iX9dSI0tLK0uV+pRojL1kufc=",
"Status": 0
}


31.08.2026 8:08:38	Information:	Ping ret is {"Status":0,"Comment":null}
31.08.2026 8:10:39	Information:	url https://lab-vko.dmed.kz/ /api/DriverManager/PingDevice
31.08.2026 8:10:39	Information:	{
"Hash": "w9LjvpRCyoByGV3Lzv0iX9dSI0tLK0uV+pRojL1kufc=",
"Status": 0
}


31.08.2026 8:10:39	Information:	Ping ret is {"Status":0,"Comment":null}
31.08.2026 8:12:39	Information:	url https://lab-vko.dmed.kz/ /api/DriverManager/PingDevice
31.08.2026 8:12:39	Information:	{
"Hash": "w9LjvpRCyoByGV3Lzv0iX9dSI0tLK0uV+pRojL1kufc=",
"Status": 0
}


31.08.2026 8:12:39	Information:	Ping ret is {"Status":0,"Comment":null}
31.08.2026 8:14:30	Information:	refresh tokens
31.08.2026 8:14:40	Information:	url https://lab-vko.dmed.kz/ /api/DriverManager/PingDevice
31.08.2026 8:14:40	Information:	{
"Hash": "w9LjvpRCyoByGV3Lzv0iX9dSI0tLK0uV+pRojL1kufc=",
"Status": 0
}


31.08.2026 8:14:40	Information:	Ping ret is {"Status":0,"Comment":null}
31.08.2026 8:16:43	Information:	url https://lab-vko.dmed.kz/ /api/DriverManager/PingDevice
31.08.2026 8:16:43	Information:	{
"Hash": "w9LjvpRCyoByGV3Lzv0iX9dSI0tLK0uV+pRojL1kufc=",
"Status": 0
}


31.08.2026 8:16:43	Information:	Ping ret is {"Status":0,"Comment":null}
31.08.2026 8:18:44	Information:	url https://lab-vko.dmed.kz/ /api/DriverManager/PingDevice
31.08.2026 8:18:44	Information:	{
"Hash": "w9LjvpRCyoByGV3Lzv0iX9dSI0tLK0uV+pRojL1kufc=",
"Status": 0
}


31.08.2026 8:18:44	Information:	Ping ret is {"Status":0,"Comment":null}
31.08.2026 8:20:44	Information:	url https://lab-vko.dmed.kz/ /api/DriverManager/PingDevice
31.08.2026 8:20:44	Information:	{
"Hash": "w9LjvpRCyoByGV3Lzv0iX9dSI0tLK0uV+pRojL1kufc=",
"Status": 0
}


31.08.2026 8:20:44	Information:	Ping ret is {"Status":0,"Comment":null}
31.08.2026 8:22:45	Information:	url https://lab-vko.dmed.kz/ /api/DriverManager/PingDevice
31.08.2026 8:22:45	Information:	{
"Hash": "w9LjvpRCyoByGV3Lzv0iX9dSI0tLK0uV+pRojL1kufc=",
"Status": 0
}


31.08.2026 8:22:45	Information:	Ping ret is {"Status":0,"Comment":null}
31.08.2026 8:24:30	Information:	refresh tokens
31.08.2026 8:24:45	Information:	url https://lab-vko.dmed.kz/ /api/DriverManager/PingDevice
31.08.2026 8:24:45	Information:	{
"Hash": "w9LjvpRCyoByGV3Lzv0iX9dSI0tLK0uV+pRojL1kufc=",
"Status": 0
}


31.08.2026 8:24:45	Information:	Ping ret is {"Status":0,"Comment":null}
31.08.2026 8:26:46	Information:	url https://lab-vko.dmed.kz/ /api/DriverManager/PingDevice
31.08.2026 8:26:46	Information:	{
"Hash": "w9LjvpRCyoByGV3Lzv0iX9dSI0tLK0uV+pRojL1kufc=",
"Status": 0
}


31.08.2026 8:26:46	Information:	Ping ret is {"Status":0,"Comment":null}
31.08.2026 8:28:47	Information:	url https://lab-vko.dmed.kz/ /api/DriverManager/PingDevice
31.08.2026 8:28:47	Information:	{
"Hash": "w9LjvpRCyoByGV3Lzv0iX9dSI0tLK0uV+pRojL1kufc=",
"Status": 0
}


31.08.2026 8:28:47	Information:	Ping ret is {"Status":0,"Comment":null}
31.08.2026 8:30:47	Information:	url https://lab-vko.dmed.kz/ /api/DriverManager/PingDevice
31.08.2026 8:30:47	Information:	{
"Hash": "w9LjvpRCyoByGV3Lzv0iX9dSI0tLK0uV+pRojL1kufc=",
"Status": 0
}


31.08.2026 8:30:47	Information:	Ping ret is {"Status":0,"Comment":null}
31.08.2026 8:32:48	Information:	url https://lab-vko.dmed.kz/ /api/DriverManager/PingDevice
31.08.2026 8:32:48	Information:	{
"Hash": "w9LjvpRCyoByGV3Lzv0iX9dSI0tLK0uV+pRojL1kufc=",
"Status": 0
}


31.08.2026 8:32:48	Information:	Ping ret is {"Status":0,"Comment":null}
31.08.2026 8:34:30	Information:	refresh tokens
31.08.2026 8:34:48	Information:	url https://lab-vko.dmed.kz/ /api/DriverManager/PingDevice
31.08.2026 8:34:48	Information:	{
"Hash": "w9LjvpRCyoByGV3Lzv0iX9dSI0tLK0uV+pRojL1kufc=",
"Status": 0
}


31.08.2026 8:34:48	Information:	Ping ret is {"Status":0,"Comment":null}
31.08.2026 8:36:49	Information:	url https://lab-vko.dmed.kz/ /api/DriverManager/PingDevice
31.08.2026 8:36:49	Information:	{
"Hash": "w9LjvpRCyoByGV3Lzv0iX9dSI0tLK0uV+pRojL1kufc=",
"Status": 0
}


31.08.2026 8:36:49	Information:	Ping ret is {"Status":0,"Comment":null}
31.08.2026 8:38:49	Information:	url https://lab-vko.dmed.kz/ /api/DriverManager/PingDevice
31.08.2026 8:38:49	Information:	{
"Hash": "w9LjvpRCyoByGV3Lzv0iX9dSI0tLK0uV+pRojL1kufc=",
"Status": 0
}


31.08.2026 8:38:49	Information:	Ping ret is {"Status":0,"Comment":null}
31.08.2026 8:40:50	Information:	url https://lab-vko.dmed.kz/ /api/DriverManager/PingDevice
31.08.2026 8:40:50	Information:	{
"Hash": "w9LjvpRCyoByGV3Lzv0iX9dSI0tLK0uV+pRojL1kufc=",
"Status": 0
}


31.08.2026 8:40:50	Information:	Ping ret is {"Status":0,"Comment":null}
31.08.2026 8:42:50	Information:	url https://lab-vko.dmed.kz/ /api/DriverManager/PingDevice
31.08.2026 8:42:50	Information:	{
"Hash": "w9LjvpRCyoByGV3Lzv0iX9dSI0tLK0uV+pRojL1kufc=",
"Status": 0
}


31.08.2026 8:42:50	Information:	Ping ret is {"Status":0,"Comment":null}
31.08.2026 8:44:30	Information:	refresh tokens
31.08.2026 8:44:51	Information:	url https://lab-vko.dmed.kz/ /api/DriverManager/PingDevice
31.08.2026 8:44:51	Information:	{
"Hash": "w9LjvpRCyoByGV3Lzv0iX9dSI0tLK0uV+pRojL1kufc=",
"Status": 0
}


31.08.2026 8:44:51	Information:	Ping ret is {"Status":0,"Comment":null}
31.08.2026 8:46:52	Information:	url https://lab-vko.dmed.kz/ /api/DriverManager/PingDevice
31.08.2026 8:46:52	Information:	{
"Hash": "w9LjvpRCyoByGV3Lzv0iX9dSI0tLK0uV+pRojL1kufc=",
"Status": 0
}


31.08.2026 8:46:52	Information:	Ping ret is {"Status":0,"Comment":null}
31.08.2026 8:48:52	Information:	url https://lab-vko.dmed.kz/ /api/DriverManager/PingDevice
31.08.2026 8:48:52	Information:	{
"Hash": "w9LjvpRCyoByGV3Lzv0iX9dSI0tLK0uV+pRojL1kufc=",
"Status": 0
}


31.08.2026 8:48:52	Information:	Ping ret is {"Status":0,"Comment":null}
31.08.2026 8:50:53	Information:	url https://lab-vko.dmed.kz/ /api/DriverManager/PingDevice
31.08.2026 8:50:53	Information:	{
"Hash": "w9LjvpRCyoByGV3Lzv0iX9dSI0tLK0uV+pRojL1kufc=",
"Status": 0
}


31.08.2026 8:50:53	Information:	Ping ret is {"Status":0,"Comment":null}
31.08.2026 8:52:53	Information:	url https://lab-vko.dmed.kz/ /api/DriverManager/PingDevice
31.08.2026 8:52:53	Information:	{
"Hash": "w9LjvpRCyoByGV3Lzv0iX9dSI0tLK0uV+pRojL1kufc=",
"Status": 0
}


31.08.2026 8:52:53	Information:	Ping ret is {"Status":0,"Comment":null}
31.08.2026 8:54:30	Information:	refresh tokens
31.08.2026 8:54:54	Information:	url https://lab-vko.dmed.kz/ /api/DriverManager/PingDevice
31.08.2026 8:54:54	Information:	{
"Hash": "w9LjvpRCyoByGV3Lzv0iX9dSI0tLK0uV+pRojL1kufc=",
"Status": 0
}


31.08.2026 8:54:54	Information:	Ping ret is {"Status":0,"Comment":null}
31.08.2026 8:56:54	Information:	url https://lab-vko.dmed.kz/ /api/DriverManager/PingDevice
31.08.2026 8:56:54	Information:	{
"Hash": "w9LjvpRCyoByGV3Lzv0iX9dSI0tLK0uV+pRojL1kufc=",
"Status": 0
}


31.08.2026 8:56:54	Information:	Ping ret is {"Status":0,"Comment":null}
31.08.2026 8:58:55	Information:	url https://lab-vko.dmed.kz/ /api/DriverManager/PingDevice
31.08.2026 8:58:55	Information:	{
"Hash": "w9LjvpRCyoByGV3Lzv0iX9dSI0tLK0uV+pRojL1kufc=",
"Status": 0
}


31.08.2026 8:58:55	Information:	Ping ret is {"Status":0,"Comment":null}
31.08.2026 9:00:55	Information:	url https://lab-vko.dmed.kz/ /api/DriverManager/PingDevice
31.08.2026 9:00:55	Information:	{
"Hash": "w9LjvpRCyoByGV3Lzv0iX9dSI0tLK0uV+pRojL1kufc=",
"Status": 0
}


31.08.2026 9:00:55	Information:	Ping ret is {"Status":0,"Comment":null}
31.08.2026 9:02:56	Information:	url https://lab-vko.dmed.kz/ /api/DriverManager/PingDevice
31.08.2026 9:02:56	Information:	{
"Hash": "w9LjvpRCyoByGV3Lzv0iX9dSI0tLK0uV+pRojL1kufc=",
"Status": 0
}


31.08.2026 9:02:56	Information:	Ping ret is {"Status":0,"Comment":null}
31.08.2026 9:04:30	Information:	refresh tokens
31.08.2026 9:04:56	Information:	url https://lab-vko.dmed.kz/ /api/DriverManager/PingDevice
31.08.2026 9:04:56	Information:	{
"Hash": "w9LjvpRCyoByGV3Lzv0iX9dSI0tLK0uV+pRojL1kufc=",
"Status": 0
}


31.08.2026 9:04:56	Information:	Ping ret is {"Status":0,"Comment":null}
31.08.2026 9:06:57	Information:	url https://lab-vko.dmed.kz/ /api/DriverManager/PingDevice
31.08.2026 9:06:57	Information:	{
"Hash": "w9LjvpRCyoByGV3Lzv0iX9dSI0tLK0uV+pRojL1kufc=",
"Status": 0
}


31.08.2026 9:06:57	Information:	Ping ret is {"Status":0,"Comment":null}
31.08.2026 9:08:58	Information:	url https://lab-vko.dmed.kz/ /api/DriverManager/PingDevice
31.08.2026 9:08:58	Information:	{
"Hash": "w9LjvpRCyoByGV3Lzv0iX9dSI0tLK0uV+pRojL1kufc=",
"Status": 0
}


31.08.2026 9:08:58	Information:	Ping ret is {"Status":0,"Comment":null}
31.08.2026 9:10:58	Information:	url https://lab-vko.dmed.kz/ /api/DriverManager/PingDevice
31.08.2026 9:10:58	Information:	{
"Hash": "w9LjvpRCyoByGV3Lzv0iX9dSI0tLK0uV+pRojL1kufc=",
"Status": 0
}


31.08.2026 9:10:58	Information:	Ping ret is {"Status":0,"Comment":null}
31.08.2026 9:12:59	Information:	url https://lab-vko.dmed.kz/ /api/DriverManager/PingDevice
31.08.2026 9:12:59	Information:	{
"Hash": "w9LjvpRCyoByGV3Lzv0iX9dSI0tLK0uV+pRojL1kufc=",
"Status": 0
}


31.08.2026 9:12:59	Information:	Ping ret is {"Status":0,"Comment":null}
31.08.2026 9:14:30	Information:	refresh tokens
31.08.2026 9:14:59	Information:	url https://lab-vko.dmed.kz/ /api/DriverManager/PingDevice
31.08.2026 9:14:59	Information:	{
"Hash": "w9LjvpRCyoByGV3Lzv0iX9dSI0tLK0uV+pRojL1kufc=",
"Status": 0
}


31.08.2026 9:14:59	Information:	Ping ret is {"Status":0,"Comment":null}
31.08.2026 9:17:00	Information:	url https://lab-vko.dmed.kz/ /api/DriverManager/PingDevice
31.08.2026 9:17:00	Information:	{
"Hash": "w9LjvpRCyoByGV3Lzv0iX9dSI0tLK0uV+pRojL1kufc=",
"Status": 0
}


31.08.2026 9:17:00	Information:	Ping ret is {"Status":0,"Comment":null}
31.08.2026 9:19:00	Information:	url https://lab-vko.dmed.kz/ /api/DriverManager/PingDevice
31.08.2026 9:19:00	Information:	{
"Hash": "w9LjvpRCyoByGV3Lzv0iX9dSI0tLK0uV+pRojL1kufc=",
"Status": 0
}


31.08.2026 9:19:00	Information:	Ping ret is {"Status":0,"Comment":null}
31.08.2026 9:21:01	Information:	url https://lab-vko.dmed.kz/ /api/DriverManager/PingDevice
31.08.2026 9:21:01	Information:	{
"Hash": "w9LjvpRCyoByGV3Lzv0iX9dSI0tLK0uV+pRojL1kufc=",
"Status": 0
}


31.08.2026 9:21:01	Information:	Ping ret is {"Status":0,"Comment":null}
31.08.2026 9:23:02	Information:	url https://lab-vko.dmed.kz/ /api/DriverManager/PingDevice
31.08.2026 9:23:02	Information:	{
"Hash": "w9LjvpRCyoByGV3Lzv0iX9dSI0tLK0uV+pRojL1kufc=",
"Status": 0
}


31.08.2026 9:23:02	Information:	Ping ret is {"Status":0,"Comment":null}
31.08.2026 9:24:30	Information:	refresh tokens
31.08.2026 9:25:02	Information:	url https://lab-vko.dmed.kz/ /api/DriverManager/PingDevice
31.08.2026 9:25:02	Information:	{
"Hash": "w9LjvpRCyoByGV3Lzv0iX9dSI0tLK0uV+pRojL1kufc=",
"Status": 0
}


31.08.2026 9:25:02	Information:	Ping ret is {"Status":0,"Comment":null}
31.08.2026 9:27:03	Information:	url https://lab-vko.dmed.kz/ /api/DriverManager/PingDevice
31.08.2026 9:27:03	Information:	{
"Hash": "w9LjvpRCyoByGV3Lzv0iX9dSI0tLK0uV+pRojL1kufc=",
"Status": 0
}


31.08.2026 9:27:03	Information:	Ping ret is {"Status":0,"Comment":null}
31.08.2026 9:29:03	Information:	url https://lab-vko.dmed.kz/ /api/DriverManager/PingDevice
31.08.2026 9:29:03	Information:	{
"Hash": "w9LjvpRCyoByGV3Lzv0iX9dSI0tLK0uV+pRojL1kufc=",
"Status": 0
}


31.08.2026 9:29:03	Information:	Ping ret is {"Status":0,"Comment":null}
31.08.2026 9:31:04	Information:	url https://lab-vko.dmed.kz/ /api/DriverManager/PingDevice
31.08.2026 9:31:04	Information:	{
"Hash": "w9LjvpRCyoByGV3Lzv0iX9dSI0tLK0uV+pRojL1kufc=",
"Status": 0
}


31.08.2026 9:31:04	Information:	Ping ret is {"Status":0,"Comment":null}
31.08.2026 9:33:04	Information:	url https://lab-vko.dmed.kz/ /api/DriverManager/PingDevice
31.08.2026 9:33:04	Information:	{
"Hash": "w9LjvpRCyoByGV3Lzv0iX9dSI0tLK0uV+pRojL1kufc=",
"Status": 0
}


31.08.2026 9:33:04	Information:	Ping ret is {"Status":0,"Comment":null}
31.08.2026 9:34:30	Information:	refresh tokens
31.08.2026 9:35:05	Information:	url https://lab-vko.dmed.kz/ /api/DriverManager/PingDevice
31.08.2026 9:35:05	Information:	{
"Hash": "w9LjvpRCyoByGV3Lzv0iX9dSI0tLK0uV+pRojL1kufc=",
"Status": 0
}


31.08.2026 9:35:05	Information:	Ping ret is {"Status":0,"Comment":null}
31.08.2026 9:37:06	Information:	url https://lab-vko.dmed.kz/ /api/DriverManager/PingDevice
31.08.2026 9:37:06	Information:	{
"Hash": "w9LjvpRCyoByGV3Lzv0iX9dSI0tLK0uV+pRojL1kufc=",
"Status": 0
}


31.08.2026 9:37:06	Information:	Ping ret is {"Status":0,"Comment":null}
31.08.2026 9:39:06	Information:	url https://lab-vko.dmed.kz/ /api/DriverManager/PingDevice
31.08.2026 9:39:06	Information:	{
"Hash": "w9LjvpRCyoByGV3Lzv0iX9dSI0tLK0uV+pRojL1kufc=",
"Status": 0
}


31.08.2026 9:39:06	Information:	Ping ret is {"Status":0,"Comment":null}
31.08.2026 9:41:06	Information:	url https://lab-vko.dmed.kz/ /api/DriverManager/PingDevice
31.08.2026 9:41:06	Information:	{
"Hash": "w9LjvpRCyoByGV3Lzv0iX9dSI0tLK0uV+pRojL1kufc=",
"Status": 0
}


31.08.2026 9:41:06	Information:	Ping ret is {"Status":0,"Comment":null}
31.08.2026 9:43:07	Information:	url https://lab-vko.dmed.kz/ /api/DriverManager/PingDevice
31.08.2026 9:43:07	Information:	{
"Hash": "w9LjvpRCyoByGV3Lzv0iX9dSI0tLK0uV+pRojL1kufc=",
"Status": 0
}


31.08.2026 9:43:07	Information:	Ping ret is {"Status":0,"Comment":null}
31.08.2026 9:44:30	Information:	refresh tokens
31.08.2026 9:45:08	Information:	url https://lab-vko.dmed.kz/ /api/DriverManager/PingDevice
31.08.2026 9:45:08	Information:	{
"Hash": "w9LjvpRCyoByGV3Lzv0iX9dSI0tLK0uV+pRojL1kufc=",
"Status": 0
}


31.08.2026 9:45:08	Information:	Ping ret is {"Status":0,"Comment":null}
31.08.2026 9:47:08	Information:	url https://lab-vko.dmed.kz/ /api/DriverManager/PingDevice
31.08.2026 9:47:08	Information:	{
"Hash": "w9LjvpRCyoByGV3Lzv0iX9dSI0tLK0uV+pRojL1kufc=",
"Status": 0
}


31.08.2026 9:47:08	Information:	Ping ret is {"Status":0,"Comment":null}
31.08.2026 9:49:09	Information:	url https://lab-vko.dmed.kz/ /api/DriverManager/PingDevice
31.08.2026 9:49:09	Information:	{
"Hash": "w9LjvpRCyoByGV3Lzv0iX9dSI0tLK0uV+pRojL1kufc=",
"Status": 0
}


31.08.2026 9:49:09	Information:	Ping ret is {"Status":0,"Comment":null}
31.08.2026 9:51:09	Information:	url https://lab-vko.dmed.kz/ /api/DriverManager/PingDevice
31.08.2026 9:51:09	Information:	{
"Hash": "w9LjvpRCyoByGV3Lzv0iX9dSI0tLK0uV+pRojL1kufc=",
"Status": 0
}


31.08.2026 9:51:09	Information:	Ping ret is {"Status":0,"Comment":null}
31.08.2026 9:53:10	Information:	url https://lab-vko.dmed.kz/ /api/DriverManager/PingDevice
31.08.2026 9:53:10	Information:	{
"Hash": "w9LjvpRCyoByGV3Lzv0iX9dSI0tLK0uV+pRojL1kufc=",
"Status": 0
}


31.08.2026 9:53:10	Information:	Ping ret is {"Status":0,"Comment":null}
31.08.2026 9:54:30	Information:	refresh tokens
31.08.2026 9:55:10	Information:	url https://lab-vko.dmed.kz/ /api/DriverManager/PingDevice
31.08.2026 9:55:10	Information:	{
"Hash": "w9LjvpRCyoByGV3Lzv0iX9dSI0tLK0uV+pRojL1kufc=",
"Status": 0
}


31.08.2026 9:55:10	Information:	Ping ret is {"Status":0,"Comment":null}
31.08.2026 9:57:11	Information:	url https://lab-vko.dmed.kz/ /api/DriverManager/PingDevice
31.08.2026 9:57:11	Information:	{
"Hash": "w9LjvpRCyoByGV3Lzv0iX9dSI0tLK0uV+pRojL1kufc=",
"Status": 0
}


31.08.2026 9:57:11	Information:	Ping ret is {"Status":0,"Comment":null}
31.08.2026 9:59:12	Information:	url https://lab-vko.dmed.kz/ /api/DriverManager/PingDevice
31.08.2026 9:59:12	Information:	{
"Hash": "w9LjvpRCyoByGV3Lzv0iX9dSI0tLK0uV+pRojL1kufc=",
"Status": 0
}


31.08.2026 9:59:12	Information:	Ping ret is {"Status":0,"Comment":null}
31.08.2026 10:01:12	Information:	url https://lab-vko.dmed.kz/ /api/DriverManager/PingDevice
31.08.2026 10:01:12	Information:	{
"Hash": "w9LjvpRCyoByGV3Lzv0iX9dSI0tLK0uV+pRojL1kufc=",
"Status": 0
}


31.08.2026 10:01:12	Information:	Ping ret is {"Status":0,"Comment":null}
31.08.2026 10:03:13	Information:	url https://lab-vko.dmed.kz/ /api/DriverManager/PingDevice
31.08.2026 10:03:13	Information:	{
"Hash": "w9LjvpRCyoByGV3Lzv0iX9dSI0tLK0uV+pRojL1kufc=",
"Status": 0
}


31.08.2026 10:03:13	Information:	Ping ret is {"Status":0,"Comment":null}
31.08.2026 10:04:30	Information:	refresh tokens
31.08.2026 10:05:14	Information:	url https://lab-vko.dmed.kz/ /api/DriverManager/PingDevice
31.08.2026 10:05:14	Information:	{
"Hash": "w9LjvpRCyoByGV3Lzv0iX9dSI0tLK0uV+pRojL1kufc=",
"Status": 0
}


31.08.2026 10:05:14	Information:	Ping ret is {"Status":0,"Comment":null}
31.08.2026 10:07:15	Information:	url https://lab-vko.dmed.kz/ /api/DriverManager/PingDevice
31.08.2026 10:07:15	Information:	{
"Hash": "w9LjvpRCyoByGV3Lzv0iX9dSI0tLK0uV+pRojL1kufc=",
"Status": 0
}


31.08.2026 10:07:15	Information:	Ping ret is {"Status":0,"Comment":null}
31.08.2026 10:09:15	Information:	url https://lab-vko.dmed.kz/ /api/DriverManager/PingDevice
31.08.2026 10:09:15	Information:	{
"Hash": "w9LjvpRCyoByGV3Lzv0iX9dSI0tLK0uV+pRojL1kufc=",
"Status": 0
}


31.08.2026 10:09:15	Information:	Ping ret is {"Status":0,"Comment":null}
31.08.2026 10:11:16	Information:	url https://lab-vko.dmed.kz/ /api/DriverManager/PingDevice
31.08.2026 10:11:16	Information:	{
"Hash": "w9LjvpRCyoByGV3Lzv0iX9dSI0tLK0uV+pRojL1kufc=",
"Status": 0
}


31.08.2026 10:11:16	Information:	Ping ret is {"Status":0,"Comment":null}
31.08.2026 10:13:16	Information:	url https://lab-vko.dmed.kz/ /api/DriverManager/PingDevice
31.08.2026 10:13:16	Information:	{
"Hash": "w9LjvpRCyoByGV3Lzv0iX9dSI0tLK0uV+pRojL1kufc=",
"Status": 0
}


31.08.2026 10:13:16	Information:	Ping ret is {"Status":0,"Comment":null}
31.08.2026 10:13:20	Information:	Received bytes(encoded):MSH|^~\&|||||20260831101223||ORU^R01|10|P|2.3.1||||0||ASCII|||PID|10|||||||O|||||||||||||||||||||||OBR|10|51562978|1|^|N|20260831091540|20260831091514|20260831091514||1^1||||20260831091514|?????|||||||||||||||||||||||||||||||||OBX|1|NM|Glu-G|Glucose (GOD-POD Method)|4.219826|mmol/L|-|N|||F||4.219826|20260831101151|||0|RGTE|OBX|2|NM|T-Bil-V|Bilirubin Total (VOX Method)|5.382621|?mol/L|-|N|||F||5.382621|20260831101153|||0||OBX|3|NM|D-Bil-V|Bilirubin Direct (VOX Method)|1.722305|?mol/L|-|N|||F||1.722305|20260831101208|||0||OBX|4|NM|ALT|Alanine Aminotransferase|12.593644|U/L|-|N|||F||12.593644|20260831101021|||0||OBX|5|NM|AST|Aspartate Aminotransferase|25.109204|U/L|-|N|||F||25.109204|20260831101036|||0||OBX|6|NM|TP|Total Protein|67.157986|g/L|-|N|||F||67.157986|20260831101223|||0||OBX|7|NM|CREA-S|Creatinine (Sarcosine Oxidase Method)|51.677264|?mol/L|-|N|||F||51.677264|20260831101221|||0||OBX|8|NM|UREA|Urea|5.482842|mmol/L|-|N|||F||5.482842|20260831101106|||0||OBX|9|NM||AST/ALT|1.992063||-|N|||F||1.9
31.08.2026 10:13:21	Information:	Add Frame:
31.08.2026 10:13:21	Information:	MSH|^~\&|||||20260831101223||ORU^R01|10|P|2.3.1||||0||ASCII|||
31.08.2026 10:13:21	Information:	In Header
31.08.2026 10:13:21	Information:	MessageType: ORU
31.08.2026 10:13:21	Information:	After message type
31.08.2026 10:13:21	Information:	After ask
31.08.2026 10:13:21	Information:	After version
31.08.2026 10:13:21	Information:	Add Frame:
31.08.2026 10:13:21	Information:	PID|10|||||||O|||||||||||||||||||||||
31.08.2026 10:13:21	Information:	Add Frame:
31.08.2026 10:13:21	Information:	OBR|10|51562978|1|^|N|20260831091540|20260831091514|20260831091514||1^1||||20260831091514|?????|||||||||||||||||||||||||||||||||
31.08.2026 10:13:21	Information:	Add Frame:
31.08.2026 10:13:21	Information:	OBX|1|NM|Glu-G|Glucose (GOD-POD Method)|4.219826|mmol/L|-|N|||F||4.219826|20260831101151|||0|RGTE|
31.08.2026 10:13:21	Information:	Add Frame:
31.08.2026 10:13:21	Information:	OBX|2|NM|T-Bil-V|Bilirubin Total (VOX Method)|5.382621|?mol/L|-|N|||F||5.382621|20260831101153|||0||
31.08.2026 10:13:21	Information:	Add Frame:
31.08.2026 10:13:21	Information:	OBX|3|NM|D-Bil-V|Bilirubin Direct (VOX Method)|1.722305|?mol/L|-|N|||F||1.722305|20260831101208|||0||
31.08.2026 10:13:21	Information:	Add Frame:
31.08.2026 10:13:21	Information:	OBX|4|NM|ALT|Alanine Aminotransferase|12.593644|U/L|-|N|||F||12.593644|20260831101021|||0||
31.08.2026 10:13:21	Information:	Add Frame:
31.08.2026 10:13:21	Information:	OBX|5|NM|AST|Aspartate Aminotransferase|25.109204|U/L|-|N|||F||25.109204|20260831101036|||0||
31.08.2026 10:13:21	Information:	Add Frame:
31.08.2026 10:13:21	Information:	OBX|6|NM|TP|Total Protein|67.157986|g/L|-|N|||F||67.157986|20260831101223|||0||
31.08.2026 10:13:21	Information:	Add Frame:
31.08.2026 10:13:21	Information:	OBX|7|NM|CREA-S|Creatinine (Sarcosine Oxidase Method)|51.677264|?mol/L|-|N|||F||51.677264|20260831101221|||0||
31.08.2026 10:13:21	Information:	Add Frame:
31.08.2026 10:13:21	Information:	OBX|8|NM|UREA|Urea|5.482842|mmol/L|-|N|||F||5.482842|20260831101106|||0||
31.08.2026 10:13:21	Information:	Received bytes(encoded):92063||||||
31.08.2026 10:13:21	Information:	Add Frame:
31.08.2026 10:13:21	Information:	OBX|9|NM||AST/ALT|1.992063||-|N|||F||1.992063||||||
31.08.2026 10:13:21	Information:	Add Frame:
31.08.2026 10:13:21	Information:	
31.08.2026 10:13:21	Debug:	read message: 1ms
31.08.2026 10:13:21	Information:	The answer message is created successfully
31.08.2026 10:13:21	Information:	Sending answer...
31.08.2026 10:13:21	Information:	We are in ORU Message
31.08.2026 10:13:21	Information:	MSH MSH|^~\&|||||20260831101223||ORU^R01|10|P|2.3.1||||0||ASCII||||
31.08.2026 10:13:21	Information:	PID PID|10|||||||O||||||||||||||||||||||||
31.08.2026 10:13:21	Information:	PatientRecord in message is successfully  processed
31.08.2026 10:13:21	Information:	The patient order is successfully processed
31.08.2026 10:13:21	Information:	The order record is successfully processed
31.08.2026 10:13:21	Information:	The order record is successfully processed
31.08.2026 10:13:21	Information:	The order record is successfully processed
31.08.2026 10:13:21	Information:	The order record is successfully processed
31.08.2026 10:13:21	Information:	The order record is successfully processed
31.08.2026 10:13:21	Information:	The order record is successfully processed
31.08.2026 10:13:21	Information:	The order record is successfully processed
31.08.2026 10:13:21	Information:	The order record is successfully processed
31.08.2026 10:13:21	Information:	The order record is successfully processed
31.08.2026 10:13:21	Information:	The ORU message is successfully processed
31.08.2026 10:13:21	Debug:	Process message: 6ms
31.08.2026 10:13:21	Debug:	Total time : 8ms
31.08.2026 10:13:21	Information:	Sended bytes:  11 77 83 72 124 94 126 92 38 124 77 105 110 100 114 97 121 124 124 124 124 50 48 50 54 48 56 51 49 49 48 49 51 50 49 124 124 65 67 75 94 82 48 49 124 49 48 124 80 124 50 46 51 46 49 124 124 124 124 48 124 124 117 115 45 97 115 99 105 105 124 124 124 13 77 83 65 124 65 65 124 49 48 124 77 101 115 115 97 103 101 32 97 99 99 101 112 116 101 100 124 124 124 48 124 13 28 13
31.08.2026 10:13:21	Information:	Sended string MSH|^~\&|Mindray||||20260831101321||ACK^R01|10|P|2.3.1||||0||us-ascii|||MSA|AA|10|Message accepted|||0|
31.08.2026 10:13:22	Debug:	SendResults:	check DriverRequests=	0	ms
31.08.2026 10:13:22	Information:	ByBarcode 51562978
31.08.2026 10:13:22	Information:	GetLinesByBarcodes
31.08.2026 10:13:22	Information:	{
"WorkPlaceID": 20747,
"BeginDate": "2026-06-01",
"EndDate": "2026-09-01",
"OrderNumber": "51562978",
"Offset": 0,
"Limit": 1
}


31.08.2026 10:13:22	Information:	GetByBarcodeReturn: 
31.08.2026 10:13:22	Information:	{"Data":[{"ID":31116161,"StrID":"31116161","OrderNumber":"51562978","OrderRegDate":"2026-08-28T15:07:09.237","PlanExecutionDate":"2026-08-28T15:06:00","SenderMoID":45500000000000909,"SenderMo":{"NameRU":"Некоммерческое акционерное общество \"Медицинский университет Семей\"","NameKZ":"\"Семей медицина университеті\" коммерциялық емес акционерлік қоғамы","Name":"Некоммерческое акционерное общество \"Медицинский университет Семей\"","ShortNameRU":"НАО \"МУС\"","ShortNameKZ":"\"СМУ\" КеАҚ","ShortName":"НАО \"МУС\"","PublicCode":"237J","AddressRU":"ВКО, г. Семей, ул. Абая Кунанбаева 103","AddressKZ":"ВКО, г. Семей, ул. Абая Кунанбаева 103","Address":"ВКО, г. Семей, ул. Абая Кунанбаева 103","OriginalID":"45500000000000909","IsWork":true,"RegionID":20,"BIN":"190240004938","MasterDataID":4911,"PhonesData":{"OrgHealthCarePhones":[]},"IsPostmortem":false,"IsHospital":true,"Code":null,"ID":"45500000000000909","StrID":"45500000000000909"},"ReceiverMoID":45500000000000909,"ReceiverMo":null,"PatientDetailID":41025021,"PatientDetail":{"PersonID":"2415896","Person":{"IIN":"150621504953","LastName":"НҰРЖАН","FirstName":"ӘМІР","SecondName":"НҰРЖАНҰЛЫ","FullName":"НҰРЖАН ӘМІР НҰРЖАНҰЛЫ","FullNameIOF":"ӘМІР НҰРЖАНҰЛЫ НҰРЖАН","DisplayText":"150621504953 ӘМІР НҰРЖАНҰЛЫ НҰРЖАН 21.06.2015","IinFullName":"150621504953 - НҰРЖАН ӘМІР НҰРЖАНҰЛЫ","BirthDate":"2015-06-21T00:00:00","BirthDateStr":"21.06.2015","DeathDate":null,"DeathDateStr":"","BioSexID":3,"BioSex":null,"NationalityID":null,"Nationality":null,"CitizenshipID":85,"Citizenship":null,"MasterDataID":137899574,"RpnID":"15300000033431715","KmisID":"60300000000443384","Type":1,"Age":0,"IsStillborn":false,"IsEarlyNeonatalDeathUp28days":false,"IsDeadPerson":false,"ID":"2415896","StrID":"2415896"},"AddressRU":null,"AddressKZ":null,"Address":null,"MasterDataAddressID":null,"WorkPlace":"Школа ОСШВИ","WorkPosition":null,"DocumentNumber":null,"DocumentTypeID":null,"DocumentType":null,"NationalityID":null,"DocumentTypeName":null,"Phones":"+77756409865","ExternalCardID":"5966289","CardType":1,"CardNumber":"66416","CitizenshipCategoryID":1,"CitizenshipCategory":null,"ResidenceTypeID":3,"ResidenceType":null,"MotherPersonID":null,"MotherPerson":null,"IsForeigner":false,"IsHomeless":false,"IsDeadPerson":false,"IsResident":true,"ID":"41025021","StrID":"41025021"},"Person":{"IIN":"150621504953","LastName":"НҰРЖАН","FirstName":"ӘМІР","SecondName":"НҰРЖАНҰЛЫ","FullName":"НҰРЖАН ӘМІР НҰРЖАНҰЛЫ","FullNameIOF":"ӘМІР НҰРЖАНҰЛЫ НҰРЖАН","DisplayText":"150621504953 ӘМІР НҰРЖАНҰЛЫ НҰРЖАН 21.06.2015","IinFullName":"150621504953 - НҰРЖАН ӘМІР НҰРЖАНҰЛЫ","BirthDate":"2015-06-21T00:00:00","BirthDateStr":"21.06.2015","DeathDate":null,"DeathDateStr":"","BioSexID":3,"BioSex":null,"NationalityID":null,"Nationality":null,"CitizenshipID":85,"Citizenship":null,"MasterDataID":137899574,"RpnID":"15300000033431715","KmisID":"60300000000443384","Type":1,"Age":0,"IsStillborn":false,"IsEarlyNeonatalDeathUp28days":false,"IsDeadPerson":false,"ID":"2415896","StrID":"2415896"},"IsCito":false,"ExternalSystem":1,"OrderResultFileID":null,"OrderResultFileStorageID":null,"OrderResultDate":null,"Status":1,"DeleteDate":null,"ResultNotes":null,"Comment":"","ExternalOrderNumber":"51562978","ExaminationTypeID":null,"ExaminationType":null,"ExaminationIndicationID":null,"ExaminationIndication":null,"Uid":"747E1028-3765-447B-BA74-FE9BE6E0B1D4","SenderPostFullName":"ХАСЕНОВ БЕКЗАТ ҚАЙРАТҰЛЫ","SenderFuncStructureNameRU":"Отделение детской травматологии","SenderFuncStructureNameKZ":"Балалар травматологиясы бөлімі","IsSamplingOfMaterialsAtReceiver":false,"MisID":42112601,"Materials":[{"OrderID":31116161,"Uid":"ab508605-19de-4f7a-9bb0-e5b9c59791a5","MaterialNumber":"51562978","MaterialTypeID":363,"MaterialType":{"OrderBy":0,"ParentID":202,"HasChildren":false,"MasterDataID":489,"Parent":null,"NameRU":"Кровь венозная","NameKZ":"Кровь венозная","Name":"Кровь венозная","PublicCode":"36300","EndDate":null,"ID":"363","StrID":"363"},"TakeDate":"2026-08-28T15:06:00","TakeDateStr":"28.08.2026 15:06","TakePlace":"ДЕТ Т О","RejectionReason":null,"RejectionTakenMeasures":null,"ReceiptDate":null,"ReceiptDateStr":null,"RejectionCreatePostID":null,"RejectionCreatePost":null,"SampleCollectorPostIIN":"730829401053","SampleCollectorPostID":null,"Researches":[],"RejectedMaterialImageID":null,"File":null,"ID":"31402728","StrID":"31402728"}],"Researches":[]}],"Total":1}
31.08.2026 10:13:22	Information:	OrderedWW 51562978 Biomat 0 Device 20747
31.08.2026 10:13:23	Information:	ResearchResult
31.08.2026 10:13:23	Information:	{
"OrderID": "31116161",
"WorkPlaceID": 20747
}


31.08.2026 10:13:23	Information:	[{"OrderResearchID":67058703,"OrderResearch":null,"ParameterID":200918,"Parameter":{"ShortNameRU":"общий белок в сыворотке крови","ShortNameKZ":"қан сарысуындағы жалпы ақуыз","ShortName":"общий белок в сыворотке крови","DataType":0,"DataTypeName":"Число","UnitTypeID":100012,"UnitType":{"OrderBy":13,"MasterDataID":null,"CDD_ID":null,"NameRU":"г/л","NameKZ":"г/л","Name":"г/л","PublicCode":"10001200","EndDate":null,"ID":"100012","StrID":"100012"},"MedicalFormID":null,"MasterDataID":0,"MedicalForm":null,"NameWithDataType":"общий белок в сыворотке крови  (Число)","NameRU":"общий белок в сыворотке крови","NameKZ":"қан сарысуындағы жалпы ақуыз","Name":"общий белок в сыворотке крови","PublicCode":"20091800","EndDate":null,"ID":"200918","StrID":"200918"},"ParameterValues":null,"ParameterValueID":null,"ParameterValue":null,"ResultText":null,"ResultValue":null,"ResultDate":"2026-08-31T10:13:24.0765518+05:00","PostID":"0","Post":null,"ExecuteMethod":2,"SourceResultText":null,"SourceResultValue":null,"SourceResultExpression":null,"SourceUnitTypeID":100012,"SourceUnitType":{"OrderBy":13,"MasterDataID":null,"CDD_ID":null,"NameRU":"г/л","NameKZ":"г/л","Name":"г/л","PublicCode":"10001200","EndDate":null,"ID":"100012","StrID":"100012"},"MultiplierID":null,"IsApproved":false,"IsValidated":false,"StandardMatchType":0,"ApproveDate":null,"ApprovePostID":null,"ApprovePost":null,"OrderNum":1,"WorkPlaceID":20747,"OrderID":null,"BacteriologyResult":null,"AnalyzerId":null,"IsOrderProductionControl":false,"ID":"0","StrID":"0"},{"OrderResearchID":67058707,"OrderResearch":null,"ParameterID":200357,"Parameter":{"ShortNameRU":"АЛаТ","ShortNameKZ":"АЛаТ","ShortName":"АЛаТ","DataType":0,"DataTypeName":"Число","UnitTypeID":100030,"UnitType":{"OrderBy":31,"MasterDataID":null,"CDD_ID":null,"NameRU":"МЕ/л","NameKZ":"ХБ/л","Name":"МЕ/л","PublicCode":"10003000","EndDate":null,"ID":"100030","StrID":"100030"},"MedicalFormID":null,"MasterDataID":0,"MedicalForm":null,"NameWithDataType":"АЛаТ  (Число)","NameRU":"АЛаТ","NameKZ":"АЛаТ","Name":"АЛаТ","PublicCode":"20035700","EndDate":null,"ID":"200357","StrID":"200357"},"ParameterValues":null,"ParameterValueID":null,"ParameterValue":null,"ResultText":null,"ResultValue":null,"ResultDate":"2026-08-31T10:13:24.087818+05:00","PostID":"0","Post":null,"ExecuteMethod":2,"SourceResultText":null,"SourceResultValue":null,"SourceResultExpression":null,"SourceUnitTypeID":100030,"SourceUnitType":{"OrderBy":31,"MasterDataID":null,"CDD_ID":null,"NameRU":"МЕ/л","NameKZ":"ХБ/л","Name":"МЕ/л","PublicCode":"10003000","EndDate":null,"ID":"100030","StrID":"100030"},"MultiplierID":null,"IsApproved":false,"IsValidated":false,"StandardMatchType":0,"ApproveDate":null,"ApprovePostID":null,"ApprovePost":null,"OrderNum":1,"WorkPlaceID":20747,"OrderID":null,"BacteriologyResult":null,"AnalyzerId":null,"IsOrderProductionControl":false,"ID":"0","StrID":"0"},{"OrderResearchID":67058706,"OrderResearch":null,"ParameterID":201032,"Parameter":{"ShortNameRU":"прямой билирубин в сыворотке крови","ShortNameKZ":"қан сарысуындағы тікелей билирубин","ShortName":"прямой билирубин в сыворотке крови","DataType":0,"DataTypeName":"Число","UnitTypeID":100041,"UnitType":{"OrderBy":42,"MasterDataID":null,"CDD_ID":null,"NameRU":"мкмоль/л","NameKZ":"мкмоль/л","Name":"мкмоль/л","PublicCode":"10004100","EndDate":null,"ID":"100041","StrID":"100041"},"MedicalFormID":null,"MasterDataID":0,"MedicalForm":null,"NameWithDataType":"прямой билирубин в сыворотке крови  (Число)","NameRU":"прямой билирубин в сыворотке крови","NameKZ":"қан сарысуындағы тікелей билирубин","Name":"прямой билирубин в сыворотке крови","PublicCode":"20103200","EndDate":null,"ID":"201032","StrID":"201032"},"ParameterValues":null,"ParameterValueID":null,"ParameterValue":null,"ResultText":null,"ResultValue":null,"ResultDate":"2026-08-31T10:13:24.0929817+05:00","PostID":"0","Post":null,"ExecuteMethod":2,"SourceResultText":null,"SourceResultValue":null,"SourceResultExpression":null,"SourceUnitTypeID":100041,"SourceUnitType":{"OrderBy":42,"MasterDataID":null,"CDD_ID":null,"NameRU":"мкмоль/л","NameKZ":"мкмоль/л","Name":"мкмоль/л","PublicCode":"10004100","EndDate":null,"ID":"100041","StrID":"100041"},"MultiplierID":null,"IsApproved":false,"IsValidated":false,"StandardMatchType":0,"ApproveDate":null,"ApprovePostID":null,"ApprovePost":null,"OrderNum":1,"WorkPlaceID":20747,"OrderID":null,"BacteriologyResult":null,"AnalyzerId":null,"IsOrderProductionControl":false,"ID":"0","StrID":"0"},{"OrderResearchID":67058705,"OrderResearch":null,"ParameterID":200919,"Parameter":{"ShortNameRU":"общий билирубин в сыворотке крови","ShortNameKZ":"қан сарысуындағы жалпы билирубин","ShortName":"общий билирубин в сыворотке крови","DataType":0,"DataTypeName":"Число","UnitTypeID":100041,"UnitType":{"OrderBy":42,"MasterDataID":null,"CDD_ID":null,"NameRU":"мкмоль/л","NameKZ":"мкмоль/л","Name":"мкмоль/л","PublicCode":"10004100","EndDate":null,"ID":"100041","StrID":"100041"},"MedicalFormID":null,"MasterDataID":0,"MedicalForm":null,"NameWithDataType":"общий билирубин в сыворотке крови  (Число)","NameRU":"общий билирубин в сыворотке крови","NameKZ":"қан сарысуындағы жалпы билирубин","Name":"общий билирубин в сыворотке крови","PublicCode":"20091900","EndDate":null,"ID":"200919","StrID":"200919"},"ParameterValues":null,"ParameterValueID":null,"ParameterValue":null,"ResultText":null,"ResultValue":null,"ResultDate":"2026-08-31T10:13:24.0967802+05:00","PostID":"0","Post":null,"ExecuteMethod":2,"SourceResultText":null,"SourceResultValue":null,"SourceResultExpression":null,"SourceUnitTypeID":100041,"SourceUnitType":{"OrderBy":42,"MasterDataID":null,"CDD_ID":null,"NameRU":"мкмоль/л","NameKZ":"мкмоль/л","Name":"мкмоль/л","PublicCode":"10004100","EndDate":null,"ID":"100041","StrID":"100041"},"MultiplierID":null,"IsApproved":false,"IsValidated":false,"StandardMatchType":0,"ApproveDate":null,"ApprovePostID":null,"ApprovePost":null,"OrderNum":1,"WorkPlaceID":20747,"OrderID":null,"BacteriologyResult":null,"AnalyzerId":null,"IsOrderProductionControl":false,"ID":"0","StrID":"0"},{"OrderResearchID":67058708,"OrderResearch":null,"ParameterID":200408,"Parameter":{"ShortNameRU":"АСаТ","ShortNameKZ":"АСаТ","ShortName":"АСаТ","DataType":0,"DataTypeName":"Число","UnitTypeID":100030,"UnitType":{"OrderBy":31,"MasterDataID":null,"CDD_ID":null,"NameRU":"МЕ/л","NameKZ":"ХБ/л","Name":"МЕ/л","PublicCode":"10003000","EndDate":null,"ID":"100030","StrID":"100030"},"MedicalFormID":null,"MasterDataID":0,"MedicalForm":null,"NameWithDataType":"АСаТ  (Число)","NameRU":"АСаТ","NameKZ":"АСаТ","Name":"АСаТ","PublicCode":"20040800","EndDate":null,"ID":"200408","StrID":"200408"},"ParameterValues":null,"ParameterValueID":null,"ParameterValue":null,"ResultText":null,"ResultValue":null,"ResultDate":"2026-08-31T10:13:24.1014268+05:00","PostID":"0","Post":null,"ExecuteMethod":2,"SourceResultText":null,"SourceResultValue":null,"SourceResultExpression":null,"SourceUnitTypeID":100030,"SourceUnitType":{"OrderBy":31,"MasterDataID":null,"CDD_ID":null,"NameRU":"МЕ/л","NameKZ":"ХБ/л","Name":"МЕ/л","PublicCode":"10003000","EndDate":null,"ID":"100030","StrID":"100030"},"MultiplierID":null,"IsApproved":false,"IsValidated":false,"StandardMatchType":0,"ApproveDate":null,"ApprovePostID":null,"ApprovePost":null,"OrderNum":1,"WorkPlaceID":20747,"OrderID":null,"BacteriologyResult":null,"AnalyzerId":null,"IsOrderProductionControl":false,"ID":"0","StrID":"0"},{"OrderResearchID":67058704,"OrderResearch":null,"ParameterID":200549,"Parameter":{"ShortNameRU":"глюкоза в сыворотке крови","ShortNameKZ":"қан сарысуындағы глюкоза","ShortName":"глюкоза в сыворотке крови","DataType":0,"DataTypeName":"Число","UnitTypeID":100051,"UnitType":{"OrderBy":52,"MasterDataID":null,"CDD_ID":null,"NameRU":"ммоль/л","NameKZ":"ммоль/л","Name":"ммоль/л","PublicCode":"10005100","EndDate":null,"ID":"100051","StrID":"100051"},"MedicalFormID":null,"MasterDataID":0,"MedicalForm":null,"NameWithDataType":"глюкоза в сыворотке крови  (Число)","NameRU":"глюкоза в сыворотке крови","NameKZ":"қан сарысуындағы глюкоза","Name":"глюкоза в сыворотке крови","PublicCode":"20054900","EndDate":null,"ID":"200549","StrID":"200549"},"ParameterValues":null,"ParameterValueID":null,"ParameterValue":null,"ResultText":null,"ResultValue":null,"ResultDate":"2026-08-31T10:13:24.1065745+05:00","PostID":"0","Post":null,"ExecuteMethod":2,"SourceResultText":null,"SourceResultValue":null,"SourceResultExpression":null,"SourceUnitTypeID":100051,"SourceUnitType":{"OrderBy":52,"MasterDataID":null,"CDD_ID":null,"NameRU":"ммоль/л","NameKZ":"ммоль/л","Name":"ммоль/л","PublicCode":"10005100","EndDate":null,"ID":"100051","StrID":"100051"},"MultiplierID":null,"IsApproved":false,"IsValidated":false,"StandardMatchType":0,"ApproveDate":null,"ApprovePostID":null,"ApprovePost":null,"OrderNum":1,"WorkPlaceID":20747,"OrderID":null,"BacteriologyResult":null,"AnalyzerId":null,"IsOrderProductionControl":false,"ID":"0","StrID":"0"},{"OrderResearchID":67058709,"OrderResearch":null,"ParameterID":200852,"Parameter":{"ShortNameRU":"мочевина в сыворотке крови","ShortNameKZ":"қан сарысуындағы несепнәр","ShortName":"мочевина в сыворотке крови","DataType":0,"DataTypeName":"Число","UnitTypeID":100051,"UnitType":{"OrderBy":52,"MasterDataID":null,"CDD_ID":null,"NameRU":"ммоль/л","NameKZ":"ммоль/л","Name":"ммоль/л","PublicCode":"10005100","EndDate":null,"ID":"100051","StrID":"100051"},"MedicalFormID":null,"MasterDataID":0,"MedicalForm":null,"NameWithDataType":"мочевина в сыворотке крови  (Число)","NameRU":"мочевина в сыворотке крови","NameKZ":"қан сарысуындағы несепнәр","Name":"мочевина в сыворотке крови","PublicCode":"20085200","EndDate":null,"ID":"200852","StrID":"200852"},"ParameterValues":null,"ParameterValueID":null,"ParameterValue":null,"ResultText":null,"ResultValue":null,"ResultDate":"2026-08-31T10:13:24.1112574+05:00","PostID":"0","Post":null,"ExecuteMethod":2,"SourceResultText":null,"SourceResultValue":null,"SourceResultExpression":null,"SourceUnitTypeID":100051,"SourceUnitType":{"OrderBy":52,"MasterDataID":null,"CDD_ID":null,"NameRU":"ммоль/л","NameKZ":"ммоль/л","Name":"ммоль/л","PublicCode":"10005100","EndDate":null,"ID":"100051","StrID":"100051"},"MultiplierID":null,"IsApproved":false,"IsValidated":false,"StandardMatchType":0,"ApproveDate":null,"ApprovePostID":null,"ApprovePost":null,"OrderNum":1,"WorkPlaceID":20747,"OrderID":null,"BacteriologyResult":null,"AnalyzerId":null,"IsOrderProductionControl":false,"ID":"0","StrID":"0"},{"OrderResearchID":67058710,"OrderResearch":null,"ParameterID":200744,"Parameter":{"ShortNameRU":"креатинин в крови","ShortNameKZ":"қандағы креатинин","ShortName":"креатинин в крови","DataType":0,"DataTypeName":"Число","UnitTypeID":100041,"UnitType":{"OrderBy":42,"MasterDataID":null,"CDD_ID":null,"NameRU":"мкмоль/л","NameKZ":"мкмоль/л","Name":"мкмоль/л","PublicCode":"10004100","EndDate":null,"ID":"100041","StrID":"100041"},"MedicalFormID":null,"MasterDataID":0,"MedicalForm":null,"NameWithDataType":"креатинин в крови  (Число)","NameRU":"креатинин в крови","NameKZ":"қандағы креатинин","Name":"креатинин в крови","PublicCode":"20074400","EndDate":null,"ID":"200744","StrID":"200744"},"ParameterValues":null,"ParameterValueID":null,"ParameterValue":null,"ResultText":null,"ResultValue":null,"ResultDate":"2026-08-31T10:13:24.1143458+05:00","PostID":"0","Post":null,"ExecuteMethod":2,"SourceResultText":null,"SourceResultValue":null,"SourceResultExpression":null,"SourceUnitTypeID":100041,"SourceUnitType":{"OrderBy":42,"MasterDataID":null,"CDD_ID":null,"NameRU":"мкмоль/л","NameKZ":"мкмоль/л","Name":"мкмоль/л","PublicCode":"10004100","EndDate":null,"ID":"100041","StrID":"100041"},"MultiplierID":null,"IsApproved":false,"IsValidated":false,"StandardMatchType":0,"ApproveDate":null,"ApprovePostID":null,"ApprovePost":null,"OrderNum":1,"WorkPlaceID":20747,"OrderID":null,"BacteriologyResult":null,"AnalyzerId":null,"IsOrderProductionControl":false,"ID":"0","StrID":"0"}]
31.08.2026 10:13:23	Information:	TestsWW spec 200918, spec 200357, spec 201032, spec 200919, spec 200408, spec 200549, spec 200852, spec 200744, 
31.08.2026 10:13:23	Information:	Querry lines count: 1
31.08.2026 10:13:23	Debug:	SendResults:	fix DriverRequests=	501	ms
31.08.2026 10:13:23	Information:	SAMPLE! 51562978 DeviceDriverResult Sample: 51562978 Suggest: . Do Request True
31.08.2026 10:13:23	Information:	Sample request count: 1
31.08.2026 10:13:23	Information:	MU is mmol/L
31.08.2026 10:13:23	Information:	Driver Collations count 0
31.08.2026 10:13:23	Information:	MU collations count=0
31.08.2026 10:13:23	Information:	MU is ?mol/L
31.08.2026 10:13:23	Information:	Driver Collations count 0
31.08.2026 10:13:23	Information:	MU collations count=0
31.08.2026 10:13:23	Information:	MU is ?mol/L
31.08.2026 10:13:23	Information:	Driver Collations count 0
31.08.2026 10:13:23	Information:	MU collations count=0
31.08.2026 10:13:23	Information:	MU is U/L
31.08.2026 10:13:23	Information:	Driver Collations count 0
31.08.2026 10:13:23	Information:	MU collations count=0
31.08.2026 10:13:23	Information:	MU is U/L
31.08.2026 10:13:23	Information:	Driver Collations count 0
31.08.2026 10:13:23	Information:	MU collations count=0
31.08.2026 10:13:23	Information:	MU is g/L
31.08.2026 10:13:23	Information:	Driver Collations count 0
31.08.2026 10:13:23	Information:	MU collations count=0
31.08.2026 10:13:23	Information:	MU is ?mol/L
31.08.2026 10:13:23	Information:	Driver Collations count 0
31.08.2026 10:13:23	Information:	MU collations count=0
31.08.2026 10:13:23	Information:	MU is mmol/L
31.08.2026 10:13:23	Information:	Driver Collations count 0
31.08.2026 10:13:23	Information:	MU collations count=0
31.08.2026 10:13:23	Debug:	SendResults:	SetTestsValues first SetTestsValues=	41	ms
31.08.2026 10:13:23	Debug:	SendResults:	Device Total = 546 ms
31.08.2026 10:13:23	Information:	Saving 51562978
31.08.2026 10:13:23	Information:	Start test result saving
31.08.2026 10:13:23	Information:	Result object to save: 
31.08.2026 10:13:23	Information:	{"OrderResearchID":67058703,"OrderResearch":null,"ParameterID":200918,"Parameter":{"ShortNameRU":"общий белок в сыворотке крови","ShortNameKZ":"қан сарысуындағы жалпы ақуыз","ShortName":"общий белок в сыворотке крови","DataType":0,"DataTypeName":"Число","UnitTypeID":100012,"UnitType":{"NameRU":"г/л","NameKZ":"г/л","Name":"г/л","PublicCode":"10001200","OrderBy":13,"ID":100012,"StrID":"100012"},"MedicalFormID":null,"MedicalForm":null,"NameRU":"общий белок в сыворотке крови","NameKZ":"қан сарысуындағы жалпы ақуыз","Name":"общий белок в сыворотке крови","PublicCode":"20091800","OrderBy":null,"ID":200918,"StrID":"200918"},"ParameterValueID":null,"ParameterValue":null,"ResultText":"67.16","ResultValue":null,"ResultDate":"2026-08-31T10:13:24.0765518+05:00","PostID":0,"Post":null,"ExecuteMethod":2,"SourceResultText":"67.16","SourceResultValue":null,"SourceResultExpression":null,"SourceUnitTypeID":100012,"SourceUnitType":{"NameRU":"г/л","NameKZ":"г/л","Name":"г/л","PublicCode":"10001200","OrderBy":13,"ID":100012,"StrID":"100012"},"IsApproved":false,"ApproveDate":null,"ApprovePostID":null,"ApprovePost":null,"OrderNum":1,"WorkPlaceID":20747,"DriverManagerID":150,"BacteriologyResult":null,"AnalyzerId":38,"IsOrderProductionControl":false,"ID":0,"StrID":"0"}
31.08.2026 10:13:23	Information:	Save string: 
31.08.2026 10:13:23	Information:	{"OrderResearchID":67058703,"OrderResearch":{"OrderID":31116161,"ServiceMoID":2163201,"ServiceMoMasterDataID":8269447,"ServiceMo":{"OrgHealthCareID":"45500000000000909","ServiceID":236,"NameRU":"Определение общего белка в сыворотке крови на анализаторе","NameKZ":"Қан сарысуындағы жалпы нәруызды талдауышта анықтау ","Name":"Определение общего белка в сыворотке крови на анализаторе","ShortNameRU":"Определение общего белка в сыворотке крови на анализаторе","ShortNameKZ":"Қан сарысуындағы жалпы нәруызды талдауышта анықтау ","ShortName":"Определение общего белка в сыворотке крови на анализаторе","FullName":"B03.397.002 - Определение общего белка в сыворотке крови на анализаторе","Code":"B03.397.002","ExternalCode":null,"ServiceClassID":5,"ServiceClass":{"ServiceTypeID":2,"OrderBy":5,"MasterDataID":5,"NameRU":"Клиническая химия (биохимия)","NameKZ":"Клиникалық химия (биохимия)","Name":"Клиническая химия (биохимия)","PublicCode":"500","EndDate":null,"ID":"5","StrID":"5"},"Service":{"NameRU":"Определение общего белка в сыворотке крови на анализаторе","NameKZ":"Қан сарысуындағы жалпы нәруызды талдауышта анықтау","Name":"Определение общего белка в сыворотке крови на анализаторе","ShortNameRU":"Общий белок на анализаторе","ShortNameKZ":"Общий белок на анализаторе","ShortName":"Общий белок на анализаторе","FullName":"B03.397.002 - Определение общего белка в сыворотке крови на анализаторе","Code":"B03.397.002","ServiceClassID":5,"ServiceClass":null,"ServiceSubClassID":6,"ServiceSubClass":null,"MaterialTypeID":202,"MaterialType":null,"MasterDataID":3079,"ID":"236","StrID":"236"},"MasterDataID":8269447,"ServiceSubClassID":6,"PayType":1,"ServiceSubClass":null,"ID":"2163201","StrID":"2163201"},"FullName":"B03.397.002 - Определение общего белка в сыворотке крови на анализаторе  () ","IsMain":true,"SourceID":"144940714_33966876","WorkPlaceID":20747,"WorkPlace":null,"DriverManager":null,"ParameterID":null,"Parameter":null,"AdditionalInfo":null,"Status":1,"PerformetServiceCount":7,"ResearchResultCount":0,"ApproveResearchResultCount":0,"NotSaveResearchResultCount":0,"ParentID":null,"ScreeningCandidatePlanGuid":null,"ScreeningUrl":null,"TakePlace":null,"MaterialTypeID":null,"MaterialType":null,"PartCount":0,"IsOrderProductionControl":false,"Uid":"9c4454c7-268d-4cf9-ab55-d52380bc9e9c","OrderPerformerServices":[],"OrderResearchAllergens":[],"Results":[],"IsResumed":false,"ExecutionType":0,"ID":"67058703","StrID":"67058703"},"ParameterID":200918,"Parameter":{"ShortNameRU":"общий белок в сыворотке крови","ShortNameKZ":"қан сарысуындағы жалпы ақуыз","ShortName":"общий белок в сыворотке крови","DataType":0,"DataTypeName":"Число","UnitTypeID":100012,"UnitType":null,"MedicalFormID":null,"MasterDataID":0,"MedicalForm":null,"NameWithDataType":"общий белок в сыворотке крови  (Число)","NameRU":"общий белок в сыворотке крови","NameKZ":"қан сарысуындағы жалпы ақуыз","Name":"общий белок в сыворотке крови","PublicCode":"20091800","EndDate":null,"ID":"200918","StrID":"200918"},"ParameterValues":null,"ParameterValueID":null,"ParameterValue":null,"ResultText":"67.16","ResultValue":"67.16","ResultDate":"2026-08-31T10:13:24.3627303+05:00","PostID":"189416","Post":null,"ExecuteMethod":2,"SourceResultText":"67.16","SourceResultValue":"67.16","SourceResultExpression":null,"SourceUnitTypeID":100012,"SourceUnitType":{"OrderBy":13,"MasterDataID":null,"CDD_ID":null,"NameRU":"г/л","NameKZ":"г/л","Name":"г/л","PublicCode":"10001200","EndDate":null,"ID":"100012","StrID":"100012"},"MultiplierID":null,"IsApproved":false,"IsValidated":false,"StandardMatchType":0,"ApproveDate":null,"ApprovePostID":null,"ApprovePost":null,"OrderNum":1,"WorkPlaceID":20747,"OrderID":null,"BacteriologyResult":null,"AnalyzerId":38,"IsOrderProductionControl":false,"ID":"207162945","StrID":"207162945"}
31.08.2026 10:13:23	Information:	Result object to save: 
31.08.2026 10:13:23	Information:	{"OrderResearchID":67058707,"OrderResearch":null,"ParameterID":200357,"Parameter":{"ShortNameRU":"АЛаТ","ShortNameKZ":"АЛаТ","ShortName":"АЛаТ","DataType":0,"DataTypeName":"Число","UnitTypeID":100030,"UnitType":{"NameRU":"МЕ/л","NameKZ":"ХБ/л","Name":"МЕ/л","PublicCode":"10003000","OrderBy":31,"ID":100030,"StrID":"100030"},"MedicalFormID":null,"MedicalForm":null,"NameRU":"АЛаТ","NameKZ":"АЛаТ","Name":"АЛаТ","PublicCode":"20035700","OrderBy":null,"ID":200357,"StrID":"200357"},"ParameterValueID":null,"ParameterValue":null,"ResultText":"12.59","ResultValue":null,"ResultDate":"2026-08-31T10:13:24.087818+05:00","PostID":0,"Post":null,"ExecuteMethod":2,"SourceResultText":"12.59","SourceResultValue":null,"SourceResultExpression":null,"SourceUnitTypeID":100030,"SourceUnitType":{"NameRU":"МЕ/л","NameKZ":"ХБ/л","Name":"МЕ/л","PublicCode":"10003000","OrderBy":31,"ID":100030,"StrID":"100030"},"IsApproved":false,"ApproveDate":null,"ApprovePostID":null,"ApprovePost":null,"OrderNum":1,"WorkPlaceID":20747,"DriverManagerID":150,"BacteriologyResult":null,"AnalyzerId":38,"IsOrderProductionControl":false,"ID":0,"StrID":"0"}
31.08.2026 10:13:23	Information:	Save string: 
31.08.2026 10:13:23	Information:	{"OrderResearchID":67058707,"OrderResearch":{"OrderID":31116161,"ServiceMoID":2163576,"ServiceMoMasterDataID":8269462,"ServiceMo":{"OrgHealthCareID":"45500000000000909","ServiceID":253,"NameRU":"Определение аланинаминотрансферазы (АЛаТ) в сыворотке крови на анализаторе","NameKZ":"Қан сарысуындағы аланинаминотрансферазды (АЛаТ) талдауышта анықтау ","Name":"Определение аланинаминотрансферазы (АЛаТ) в сыворотке крови на анализаторе","ShortNameRU":"Определение аланинаминотрансферазы (АЛаТ) в сыворотке крови на анализаторе","ShortNameKZ":"Қан сарысуындағы аланинаминотрансферазды (АЛаТ) талдауышта анықтау ","ShortName":"Определение аланинаминотрансферазы (АЛаТ) в сыворотке крови на анализаторе","FullName":"B03.155.002 - Определение аланинаминотрансферазы (АЛаТ) в сыворотке крови на анализаторе","Code":"B03.155.002","ExternalCode":null,"ServiceClassID":5,"ServiceClass":{"ServiceTypeID":2,"OrderBy":5,"MasterDataID":5,"NameRU":"Клиническая химия (биохимия)","NameKZ":"Клиникалық химия (биохимия)","Name":"Клиническая химия (биохимия)","PublicCode":"500","EndDate":null,"ID":"5","StrID":"5"},"Service":{"NameRU":"Определение аланинаминотрансферазы (АЛаТ) в сыворотке крови на анализаторе","NameKZ":"Қан сарысуындағы аланинаминотрансферазды (АЛаТ) талдауышта анықтау","Name":"Определение аланинаминотрансферазы (АЛаТ) в сыворотке крови на анализаторе","ShortNameRU":"АЛаТ на анализаторе","ShortNameKZ":"АЛаТ на анализаторе","ShortName":"АЛаТ на анализаторе","FullName":"B03.155.002 - Определение аланинаминотрансферазы (АЛаТ) в сыворотке крови на анализаторе","Code":"B03.155.002","ServiceClassID":5,"ServiceClass":null,"ServiceSubClassID":6,"ServiceSubClass":null,"MaterialTypeID":202,"MaterialType":null,"MasterDataID":3094,"ID":"253","StrID":"253"},"MasterDataID":8269462,"ServiceSubClassID":6,"PayType":1,"ServiceSubClass":null,"ID":"2163576","StrID":"2163576"},"FullName":"B03.155.002 - Определение аланинаминотрансферазы (АЛаТ) в сыворотке крови на анализаторе  () ","IsMain":true,"SourceID":"144940714_33966880","WorkPlaceID":20747,"WorkPlace":null,"DriverManager":null,"ParameterID":null,"Parameter":null,"AdditionalInfo":null,"Status":1,"PerformetServiceCount":9,"ResearchResultCount":0,"ApproveResearchResultCount":0,"NotSaveResearchResultCount":0,"ParentID":null,"ScreeningCandidatePlanGuid":null,"ScreeningUrl":null,"TakePlace":null,"MaterialTypeID":null,"MaterialType":null,"PartCount":0,"IsOrderProductionControl":false,"Uid":"44a3e676-9570-4d11-b431-7e8319ec837b","OrderPerformerServices":[],"OrderResearchAllergens":[],"Results":[],"IsResumed":false,"ExecutionType":0,"ID":"67058707","StrID":"67058707"},"ParameterID":200357,"Parameter":{"ShortNameRU":"АЛаТ","ShortNameKZ":"АЛаТ","ShortName":"АЛаТ","DataType":0,"DataTypeName":"Число","UnitTypeID":100030,"UnitType":null,"MedicalFormID":null,"MasterDataID":0,"MedicalForm":null,"NameWithDataType":"АЛаТ  (Число)","NameRU":"АЛаТ","NameKZ":"АЛаТ","Name":"АЛаТ","PublicCode":"20035700","EndDate":null,"ID":"200357","StrID":"200357"},"ParameterValues":null,"ParameterValueID":null,"ParameterValue":null,"ResultText":"12.59","ResultValue":"12.59","ResultDate":"2026-08-31T10:13:24.4500104+05:00","PostID":"189416","Post":null,"ExecuteMethod":2,"SourceResultText":"12.59","SourceResultValue":"12.59","SourceResultExpression":null,"SourceUnitTypeID":100030,"SourceUnitType":{"OrderBy":31,"MasterDataID":null,"CDD_ID":null,"NameRU":"МЕ/л","NameKZ":"ХБ/л","Name":"МЕ/л","PublicCode":"10003000","EndDate":null,"ID":"100030","StrID":"100030"},"MultiplierID":null,"IsApproved":false,"IsValidated":false,"StandardMatchType":0,"ApproveDate":null,"ApprovePostID":null,"ApprovePost":null,"OrderNum":1,"WorkPlaceID":20747,"OrderID":null,"BacteriologyResult":null,"AnalyzerId":38,"IsOrderProductionControl":false,"ID":"207162946","StrID":"207162946"}
31.08.2026 10:13:23	Information:	Result object to save: 
31.08.2026 10:13:23	Information:	{"OrderResearchID":67058706,"OrderResearch":null,"ParameterID":201032,"Parameter":{"ShortNameRU":"прямой билирубин в сыворотке крови","ShortNameKZ":"қан сарысуындағы тікелей билирубин","ShortName":"прямой билирубин в сыворотке крови","DataType":0,"DataTypeName":"Число","UnitTypeID":100041,"UnitType":{"NameRU":"мкмоль/л","NameKZ":"мкмоль/л","Name":"мкмоль/л","PublicCode":"10004100","OrderBy":42,"ID":100041,"StrID":"100041"},"MedicalFormID":null,"MedicalForm":null,"NameRU":"прямой билирубин в сыворотке крови","NameKZ":"қан сарысуындағы тікелей билирубин","Name":"прямой билирубин в сыворотке крови","PublicCode":"20103200","OrderBy":null,"ID":201032,"StrID":"201032"},"ParameterValueID":null,"ParameterValue":null,"ResultText":"1.72","ResultValue":null,"ResultDate":"2026-08-31T10:13:24.0929817+05:00","PostID":0,"Post":null,"ExecuteMethod":2,"SourceResultText":"1.72","SourceResultValue":null,"SourceResultExpression":null,"SourceUnitTypeID":100041,"SourceUnitType":{"NameRU":"мкмоль/л","NameKZ":"мкмоль/л","Name":"мкмоль/л","PublicCode":"10004100","OrderBy":42,"ID":100041,"StrID":"100041"},"IsApproved":false,"ApproveDate":null,"ApprovePostID":null,"ApprovePost":null,"OrderNum":1,"WorkPlaceID":20747,"DriverManagerID":150,"BacteriologyResult":null,"AnalyzerId":38,"IsOrderProductionControl":false,"ID":0,"StrID":"0"}
31.08.2026 10:13:23	Information:	Save string: 
31.08.2026 10:13:23	Information:	{"OrderResearchID":67058706,"OrderResearch":{"OrderID":31116161,"ServiceMoID":2163601,"ServiceMoMasterDataID":8269463,"ServiceMo":{"OrgHealthCareID":"45500000000000909","ServiceID":254,"NameRU":"Определение прямого билирубина в сыворотке крови на анализаторе","NameKZ":"Қан сарысуындағы тікелей  билирубинді талдауышта анықтау ","Name":"Определение прямого билирубина в сыворотке крови на анализаторе","ShortNameRU":"Определение прямого билирубина в сыворотке крови на анализаторе","ShortNameKZ":"Қан сарысуындағы тікелей  билирубинді талдауышта анықтау ","ShortName":"Определение прямого билирубина в сыворотке крови на анализаторе","FullName":"B03.435.002 - Определение прямого билирубина в сыворотке крови на анализаторе","Code":"B03.435.002","ExternalCode":null,"ServiceClassID":5,"ServiceClass":{"ServiceTypeID":2,"OrderBy":5,"MasterDataID":5,"NameRU":"Клиническая химия (биохимия)","NameKZ":"Клиникалық химия (биохимия)","Name":"Клиническая химия (биохимия)","PublicCode":"500","EndDate":null,"ID":"5","StrID":"5"},"Service":{"NameRU":"Определение прямого билирубина в сыворотке крови на анализаторе","NameKZ":"Қан сарысуындағы тікелей билирубинді талдауышта анықтау","Name":"Определение прямого билирубина в сыворотке крови на анализаторе","ShortNameRU":"Прямой Bi на анализаторе","ShortNameKZ":"Прямой Bi на анализаторе","ShortName":"Прямой Bi на анализаторе","FullName":"B03.435.002 - Определение прямого билирубина в сыворотке крови на анализаторе","Code":"B03.435.002","ServiceClassID":5,"ServiceClass":null,"ServiceSubClassID":6,"ServiceSubClass":null,"MaterialTypeID":202,"MaterialType":null,"MasterDataID":3095,"ID":"254","StrID":"254"},"MasterDataID":8269463,"ServiceSubClassID":6,"PayType":1,"ServiceSubClass":null,"ID":"2163601","StrID":"2163601"},"FullName":"B03.435.002 - Определение прямого билирубина в сыворотке крови на анализаторе  () ","IsMain":true,"SourceID":"144940714_33966879","WorkPlaceID":20747,"WorkPlace":null,"DriverManager":null,"ParameterID":null,"Parameter":null,"AdditionalInfo":null,"Status":1,"PerformetServiceCount":7,"ResearchResultCount":0,"ApproveResearchResultCount":0,"NotSaveResearchResultCount":0,"ParentID":null,"ScreeningCandidatePlanGuid":null,"ScreeningUrl":null,"TakePlace":null,"MaterialTypeID":null,"MaterialType":null,"PartCount":0,"IsOrderProductionControl":false,"Uid":"f726c352-9e15-4062-ba45-8ebe47f5c204","OrderPerformerServices":[],"OrderResearchAllergens":[],"Results":[],"IsResumed":false,"ExecutionType":0,"ID":"67058706","StrID":"67058706"},"ParameterID":201032,"Parameter":{"ShortNameRU":"прямой билирубин в сыворотке крови","ShortNameKZ":"қан сарысуындағы тікелей билирубин","ShortName":"прямой билирубин в сыворотке крови","DataType":0,"DataTypeName":"Число","UnitTypeID":100041,"UnitType":null,"MedicalFormID":null,"MasterDataID":0,"MedicalForm":null,"NameWithDataType":"прямой билирубин в сыворотке крови  (Число)","NameRU":"прямой билирубин в сыворотке крови","NameKZ":"қан сарысуындағы тікелей билирубин","Name":"прямой билирубин в сыворотке крови","PublicCode":"20103200","EndDate":null,"ID":"201032","StrID":"201032"},"ParameterValues":null,"ParameterValueID":null,"ParameterValue":null,"ResultText":"1.72","ResultValue":"1.72","ResultDate":"2026-08-31T10:13:24.5422619+05:00","PostID":"189416","Post":null,"ExecuteMethod":2,"SourceResultText":"1.72","SourceResultValue":"1.72","SourceResultExpression":null,"SourceUnitTypeID":100041,"SourceUnitType":{"OrderBy":42,"MasterDataID":null,"CDD_ID":null,"NameRU":"мкмоль/л","NameKZ":"мкмоль/л","Name":"мкмоль/л","PublicCode":"10004100","EndDate":null,"ID":"100041","StrID":"100041"},"MultiplierID":null,"IsApproved":false,"IsValidated":false,"StandardMatchType":0,"ApproveDate":null,"ApprovePostID":null,"ApprovePost":null,"OrderNum":1,"WorkPlaceID":20747,"OrderID":null,"BacteriologyResult":null,"AnalyzerId":38,"IsOrderProductionControl":false,"ID":"207162947","StrID":"207162947"}
31.08.2026 10:13:23	Information:	Result object to save: 
31.08.2026 10:13:23	Information:	{"OrderResearchID":67058705,"OrderResearch":null,"ParameterID":200919,"Parameter":{"ShortNameRU":"общий билирубин в сыворотке крови","ShortNameKZ":"қан сарысуындағы жалпы билирубин","ShortName":"общий билирубин в сыворотке крови","DataType":0,"DataTypeName":"Число","UnitTypeID":100041,"UnitType":{"NameRU":"мкмоль/л","NameKZ":"мкмоль/л","Name":"мкмоль/л","PublicCode":"10004100","OrderBy":42,"ID":100041,"StrID":"100041"},"MedicalFormID":null,"MedicalForm":null,"NameRU":"общий билирубин в сыворотке крови","NameKZ":"қан сарысуындағы жалпы билирубин","Name":"общий билирубин в сыворотке крови","PublicCode":"20091900","OrderBy":null,"ID":200919,"StrID":"200919"},"ParameterValueID":null,"ParameterValue":null,"ResultText":"5.38","ResultValue":null,"ResultDate":"2026-08-31T10:13:24.0967802+05:00","PostID":0,"Post":null,"ExecuteMethod":2,"SourceResultText":"5.38","SourceResultValue":null,"SourceResultExpression":null,"SourceUnitTypeID":100041,"SourceUnitType":{"NameRU":"мкмоль/л","NameKZ":"мкмоль/л","Name":"мкмоль/л","PublicCode":"10004100","OrderBy":42,"ID":100041,"StrID":"100041"},"IsApproved":false,"ApproveDate":null,"ApprovePostID":null,"ApprovePost":null,"OrderNum":1,"WorkPlaceID":20747,"DriverManagerID":150,"BacteriologyResult":null,"AnalyzerId":38,"IsOrderProductionControl":false,"ID":0,"StrID":"0"}
31.08.2026 10:13:23	Information:	Save string: 
31.08.2026 10:13:23	Information:	{"OrderResearchID":67058705,"OrderResearch":{"OrderID":31116161,"ServiceMoID":2163626,"ServiceMoMasterDataID":8269464,"ServiceMo":{"OrgHealthCareID":"45500000000000909","ServiceID":255,"NameRU":"Определение общего билирубина в сыворотке крови на анализаторе","NameKZ":"Қан сарысуындағы жалпы  билирубинді талдауышта анықтау в сыворотке крови на анализаторе","Name":"Определение общего билирубина в сыворотке крови на анализаторе","ShortNameRU":"Определение общего билирубина в сыворотке крови на анализаторе","ShortNameKZ":"Қан сарысуындағы жалпы  билирубинді талдауышта анықтау в сыворотке крови на анализаторе","ShortName":"Определение общего билирубина в сыворотке крови на анализаторе","FullName":"B03.398.002 - Определение общего билирубина в сыворотке крови на анализаторе","Code":"B03.398.002","ExternalCode":null,"ServiceClassID":5,"ServiceClass":{"ServiceTypeID":2,"OrderBy":5,"MasterDataID":5,"NameRU":"Клиническая химия (биохимия)","NameKZ":"Клиникалық химия (биохимия)","Name":"Клиническая химия (биохимия)","PublicCode":"500","EndDate":null,"ID":"5","StrID":"5"},"Service":{"NameRU":"Определение общего билирубина в сыворотке крови на анализаторе","NameKZ":"Қан сарысуындағы жалпы билирубинді талдауышта анықтау в сыворотке крови на анализаторе","Name":"Определение общего билирубина в сыворотке крови на анализаторе","ShortNameRU":"Общий Bi на анализаторе","ShortNameKZ":"Общий Bi на анализаторе","ShortName":"Общий Bi на анализаторе","FullName":"B03.398.002 - Определение общего билирубина в сыворотке крови на анализаторе","Code":"B03.398.002","ServiceClassID":5,"ServiceClass":null,"ServiceSubClassID":6,"ServiceSubClass":null,"MaterialTypeID":202,"MaterialType":null,"MasterDataID":3096,"ID":"255","StrID":"255"},"MasterDataID":8269464,"ServiceSubClassID":6,"PayType":1,"ServiceSubClass":null,"ID":"2163626","StrID":"2163626"},"FullName":"B03.398.002 - Определение общего билирубина в сыворотке крови на анализаторе  () ","IsMain":true,"SourceID":"144940714_33966878","WorkPlaceID":20747,"WorkPlace":null,"DriverManager":null,"ParameterID":null,"Parameter":null,"AdditionalInfo":null,"Status":1,"PerformetServiceCount":7,"ResearchResultCount":0,"ApproveResearchResultCount":0,"NotSaveResearchResultCount":0,"ParentID":null,"ScreeningCandidatePlanGuid":null,"ScreeningUrl":null,"TakePlace":null,"MaterialTypeID":null,"MaterialType":null,"PartCount":0,"IsOrderProductionControl":false,"Uid":"9e415d4e-8d4b-4a03-a910-3dd8b57b9b2c","OrderPerformerServices":[],"OrderResearchAllergens":[],"Results":[],"IsResumed":false,"ExecutionType":0,"ID":"67058705","StrID":"67058705"},"ParameterID":200919,"Parameter":{"ShortNameRU":"общий билирубин в сыворотке крови","ShortNameKZ":"қан сарысуындағы жалпы билирубин","ShortName":"общий билирубин в сыворотке крови","DataType":0,"DataTypeName":"Число","UnitTypeID":100041,"UnitType":null,"MedicalFormID":null,"MasterDataID":0,"MedicalForm":null,"NameWithDataType":"общий билирубин в сыворотке крови  (Число)","NameRU":"общий билирубин в сыворотке крови","NameKZ":"қан сарысуындағы жалпы билирубин","Name":"общий билирубин в сыворотке крови","PublicCode":"20091900","EndDate":null,"ID":"200919","StrID":"200919"},"ParameterValues":null,"ParameterValueID":null,"ParameterValue":null,"ResultText":"5.38","ResultValue":"5.38","ResultDate":"2026-08-31T10:13:24.6209461+05:00","PostID":"189416","Post":null,"ExecuteMethod":2,"SourceResultText":"5.38","SourceResultValue":"5.38","SourceResultExpression":null,"SourceUnitTypeID":100041,"SourceUnitType":{"OrderBy":42,"MasterDataID":null,"CDD_ID":null,"NameRU":"мкмоль/л","NameKZ":"мкмоль/л","Name":"мкмоль/л","PublicCode":"10004100","EndDate":null,"ID":"100041","StrID":"100041"},"MultiplierID":null,"IsApproved":false,"IsValidated":false,"StandardMatchType":0,"ApproveDate":null,"ApprovePostID":null,"ApprovePost":null,"OrderNum":1,"WorkPlaceID":20747,"OrderID":null,"BacteriologyResult":null,"AnalyzerId":38,"IsOrderProductionControl":false,"ID":"207162948","StrID":"207162948"}
31.08.2026 10:13:23	Information:	Result object to save: 
31.08.2026 10:13:23	Information:	{"OrderResearchID":67058708,"OrderResearch":null,"ParameterID":200408,"Parameter":{"ShortNameRU":"АСаТ","ShortNameKZ":"АСаТ","ShortName":"АСаТ","DataType":0,"DataTypeName":"Число","UnitTypeID":100030,"UnitType":{"NameRU":"МЕ/л","NameKZ":"ХБ/л","Name":"МЕ/л","PublicCode":"10003000","OrderBy":31,"ID":100030,"StrID":"100030"},"MedicalFormID":null,"MedicalForm":null,"NameRU":"АСаТ","NameKZ":"АСаТ","Name":"АСаТ","PublicCode":"20040800","OrderBy":null,"ID":200408,"StrID":"200408"},"ParameterValueID":null,"ParameterValue":null,"ResultText":"25.1","ResultValue":null,"ResultDate":"2026-08-31T10:13:24.1014268+05:00","PostID":0,"Post":null,"ExecuteMethod":2,"SourceResultText":"25.1","SourceResultValue":null,"SourceResultExpression":null,"SourceUnitTypeID":100030,"SourceUnitType":{"NameRU":"МЕ/л","NameKZ":"ХБ/л","Name":"МЕ/л","PublicCode":"10003000","OrderBy":31,"ID":100030,"StrID":"100030"},"IsApproved":false,"ApproveDate":null,"ApprovePostID":null,"ApprovePost":null,"OrderNum":1,"WorkPlaceID":20747,"DriverManagerID":150,"BacteriologyResult":null,"AnalyzerId":38,"IsOrderProductionControl":false,"ID":0,"StrID":"0"}
31.08.2026 10:13:23	Information:	Save string: 
31.08.2026 10:13:23	Information:	{"OrderResearchID":67058708,"OrderResearch":{"OrderID":31116161,"ServiceMoID":2163651,"ServiceMoMasterDataID":8269465,"ServiceMo":{"OrgHealthCareID":"45500000000000909","ServiceID":256,"NameRU":"Определение аспартатаминотрансферазы (АСаТ) в сыворотке крови на анализаторе","NameKZ":"Қан сарысуындағы  аспартатаминотрансферазды  (АСаТ) талдауышта анықтау  ","Name":"Определение аспартатаминотрансферазы (АСаТ) в сыворотке крови на анализаторе","ShortNameRU":"Определение аспартатаминотрансферазы (АСаТ) в сыворотке крови на анализаторе","ShortNameKZ":"Қан сарысуындағы  аспартатаминотрансферазды  (АСаТ) талдауышта анықтау  ","ShortName":"Определение аспартатаминотрансферазы (АСаТ) в сыворотке крови на анализаторе","FullName":"B03.293.002 - Определение аспартатаминотрансферазы (АСаТ) в сыворотке крови на анализаторе","Code":"B03.293.002","ExternalCode":null,"ServiceClassID":5,"ServiceClass":{"ServiceTypeID":2,"OrderBy":5,"MasterDataID":5,"NameRU":"Клиническая химия (биохимия)","NameKZ":"Клиникалық химия (биохимия)","Name":"Клиническая химия (биохимия)","PublicCode":"500","EndDate":null,"ID":"5","StrID":"5"},"Service":{"NameRU":"Определение аспартатаминотрансферазы (АСаТ) в сыворотке крови на анализаторе","NameKZ":"Қан сарысуындағы аспартатаминотрансферазды (АСаТ) талдауышта анықтау","Name":"Определение аспартатаминотрансферазы (АСаТ) в сыворотке крови на анализаторе","ShortNameRU":"АСаТ на анализаторе","ShortNameKZ":"АСаТ на анализаторе","ShortName":"АСаТ на анализаторе","FullName":"B03.293.002 - Определение аспартатаминотрансферазы (АСаТ) в сыворотке крови на анализаторе","Code":"B03.293.002","ServiceClassID":5,"ServiceClass":null,"ServiceSubClassID":6,"ServiceSubClass":null,"MaterialTypeID":202,"MaterialType":null,"MasterDataID":3097,"ID":"256","StrID":"256"},"MasterDataID":8269465,"ServiceSubClassID":6,"PayType":1,"ServiceSubClass":null,"ID":"2163651","StrID":"2163651"},"FullName":"B03.293.002 - Определение аспартатаминотрансферазы (АСаТ) в сыворотке крови на анализаторе  () ","IsMain":true,"SourceID":"144940714_33966881","WorkPlaceID":20747,"WorkPlace":null,"DriverManager":null,"ParameterID":null,"Parameter":null,"AdditionalInfo":null,"Status":1,"PerformetServiceCount":7,"ResearchResultCount":0,"ApproveResearchResultCount":0,"NotSaveResearchResultCount":0,"ParentID":null,"ScreeningCandidatePlanGuid":null,"ScreeningUrl":null,"TakePlace":null,"MaterialTypeID":null,"MaterialType":null,"PartCount":0,"IsOrderProductionControl":false,"Uid":"ad945b0a-bba8-4d12-a8c9-a48f999ab033","OrderPerformerServices":[],"OrderResearchAllergens":[],"Results":[],"IsResumed":false,"ExecutionType":0,"ID":"67058708","StrID":"67058708"},"ParameterID":200408,"Parameter":{"ShortNameRU":"АСаТ","ShortNameKZ":"АСаТ","ShortName":"АСаТ","DataType":0,"DataTypeName":"Число","UnitTypeID":100030,"UnitType":null,"MedicalFormID":null,"MasterDataID":0,"MedicalForm":null,"NameWithDataType":"АСаТ  (Число)","NameRU":"АСаТ","NameKZ":"АСаТ","Name":"АСаТ","PublicCode":"20040800","EndDate":null,"ID":"200408","StrID":"200408"},"ParameterValues":null,"ParameterValueID":null,"ParameterValue":null,"ResultText":"25.10","ResultValue":"25.10","ResultDate":"2026-08-31T10:13:24.7082389+05:00","PostID":"189416","Post":null,"ExecuteMethod":2,"SourceResultText":"25.10","SourceResultValue":"25.10","SourceResultExpression":null,"SourceUnitTypeID":100030,"SourceUnitType":{"OrderBy":31,"MasterDataID":null,"CDD_ID":null,"NameRU":"МЕ/л","NameKZ":"ХБ/л","Name":"МЕ/л","PublicCode":"10003000","EndDate":null,"ID":"100030","StrID":"100030"},"MultiplierID":null,"IsApproved":false,"IsValidated":false,"StandardMatchType":0,"ApproveDate":null,"ApprovePostID":null,"ApprovePost":null,"OrderNum":1,"WorkPlaceID":20747,"OrderID":null,"BacteriologyResult":null,"AnalyzerId":38,"IsOrderProductionControl":false,"ID":"207162949","StrID":"207162949"}
31.08.2026 10:13:23	Information:	Result object to save: 
31.08.2026 10:13:23	Information:	{"OrderResearchID":67058704,"OrderResearch":null,"ParameterID":200549,"Parameter":{"ShortNameRU":"глюкоза в сыворотке крови","ShortNameKZ":"қан сарысуындағы глюкоза","ShortName":"глюкоза в сыворотке крови","DataType":0,"DataTypeName":"Число","UnitTypeID":100051,"UnitType":{"NameRU":"ммоль/л","NameKZ":"ммоль/л","Name":"ммоль/л","PublicCode":"10005100","OrderBy":52,"ID":100051,"StrID":"100051"},"MedicalFormID":null,"MedicalForm":null,"NameRU":"глюкоза в сыворотке крови","NameKZ":"қан сарысуындағы глюкоза","Name":"глюкоза в сыворотке крови","PublicCode":"20054900","OrderBy":null,"ID":200549,"StrID":"200549"},"ParameterValueID":null,"ParameterValue":null,"ResultText":"4.22","ResultValue":null,"ResultDate":"2026-08-31T10:13:24.1065745+05:00","PostID":0,"Post":null,"ExecuteMethod":2,"SourceResultText":"4.22","SourceResultValue":null,"SourceResultExpression":null,"SourceUnitTypeID":100051,"SourceUnitType":{"NameRU":"ммоль/л","NameKZ":"ммоль/л","Name":"ммоль/л","PublicCode":"10005100","OrderBy":52,"ID":100051,"StrID":"100051"},"IsApproved":false,"ApproveDate":null,"ApprovePostID":null,"ApprovePost":null,"OrderNum":1,"WorkPlaceID":20747,"DriverManagerID":150,"BacteriologyResult":null,"AnalyzerId":38,"IsOrderProductionControl":false,"ID":0,"StrID":"0"}
31.08.2026 10:13:23	Information:	Save string: 
31.08.2026 10:13:23	Information:	{"OrderResearchID":67058704,"OrderResearch":{"OrderID":31116161,"ServiceMoID":2164501,"ServiceMoMasterDataID":8269499,"ServiceMo":{"OrgHealthCareID":"45500000000000909","ServiceID":290,"NameRU":"Определение глюкозы в сыворотке крови на анализаторе","NameKZ":"Қан сарысуындағы глюкозаны талдауышта анықтау ","Name":"Определение глюкозы в сыворотке крови на анализаторе","ShortNameRU":"Определение глюкозы в сыворотке крови на анализаторе","ShortNameKZ":"Қан сарысуындағы глюкозаны талдауышта анықтау ","ShortName":"Определение глюкозы в сыворотке крови на анализаторе","FullName":"B03.335.002 - Определение глюкозы в сыворотке крови на анализаторе","Code":"B03.335.002","ExternalCode":null,"ServiceClassID":5,"ServiceClass":{"ServiceTypeID":2,"OrderBy":5,"MasterDataID":5,"NameRU":"Клиническая химия (биохимия)","NameKZ":"Клиникалық химия (биохимия)","Name":"Клиническая химия (биохимия)","PublicCode":"500","EndDate":null,"ID":"5","StrID":"5"},"Service":{"NameRU":"Определение глюкозы в сыворотке крови на анализаторе","NameKZ":"Қан сарысуындағы глюкозаны талдауышта анықтау","Name":"Определение глюкозы в сыворотке крови на анализаторе","ShortNameRU":"Глюкоза в сыворотке крови на анализаторе","ShortNameKZ":"Глюкоза в сыворотке крови на анализаторе","ShortName":"Глюкоза в сыворотке крови на анализаторе","FullName":"B03.335.002 - Определение глюкозы в сыворотке крови на анализаторе","Code":"B03.335.002","ServiceClassID":5,"ServiceClass":null,"ServiceSubClassID":6,"ServiceSubClass":null,"MaterialTypeID":202,"MaterialType":null,"MasterDataID":3131,"ID":"290","StrID":"290"},"MasterDataID":8269499,"ServiceSubClassID":6,"PayType":1,"ServiceSubClass":null,"ID":"2164501","StrID":"2164501"},"FullName":"B03.335.002 - Определение глюкозы в сыворотке крови на анализаторе  () ","IsMain":true,"SourceID":"144940714_33966877","WorkPlaceID":20747,"WorkPlace":null,"DriverManager":null,"ParameterID":null,"Parameter":null,"AdditionalInfo":null,"Status":1,"PerformetServiceCount":7,"ResearchResultCount":0,"ApproveResearchResultCount":0,"NotSaveResearchResultCount":0,"ParentID":null,"ScreeningCandidatePlanGuid":null,"ScreeningUrl":null,"TakePlace":null,"MaterialTypeID":null,"MaterialType":null,"PartCount":0,"IsOrderProductionControl":false,"Uid":"ecf01c1b-3f93-4208-b968-d3c34b206662","OrderPerformerServices":[],"OrderResearchAllergens":[],"Results":[],"IsResumed":false,"ExecutionType":0,"ID":"67058704","StrID":"67058704"},"ParameterID":200549,"Parameter":{"ShortNameRU":"глюкоза в сыворотке крови","ShortNameKZ":"қан сарысуындағы глюкоза","ShortName":"глюкоза в сыворотке крови","DataType":0,"DataTypeName":"Число","UnitTypeID":100051,"UnitType":null,"MedicalFormID":null,"MasterDataID":0,"MedicalForm":null,"NameWithDataType":"глюкоза в сыворотке крови  (Число)","NameRU":"глюкоза в сыворотке крови","NameKZ":"қан сарысуындағы глюкоза","Name":"глюкоза в сыворотке крови","PublicCode":"20054900","EndDate":null,"ID":"200549","StrID":"200549"},"ParameterValues":null,"ParameterValueID":null,"ParameterValue":null,"ResultText":"4.22","ResultValue":"4.22","ResultDate":"2026-08-31T10:13:24.792649+05:00","PostID":"189416","Post":null,"ExecuteMethod":2,"SourceResultText":"4.22","SourceResultValue":"4.22","SourceResultExpression":null,"SourceUnitTypeID":100051,"SourceUnitType":{"OrderBy":52,"MasterDataID":null,"CDD_ID":null,"NameRU":"ммоль/л","NameKZ":"ммоль/л","Name":"ммоль/л","PublicCode":"10005100","EndDate":null,"ID":"100051","StrID":"100051"},"MultiplierID":null,"IsApproved":false,"IsValidated":false,"StandardMatchType":0,"ApproveDate":null,"ApprovePostID":null,"ApprovePost":null,"OrderNum":1,"WorkPlaceID":20747,"OrderID":null,"BacteriologyResult":null,"AnalyzerId":38,"IsOrderProductionControl":false,"ID":"207162950","StrID":"207162950"}
31.08.2026 10:13:24	Information:	Result object to save: 
31.08.2026 10:13:24	Information:	{"OrderResearchID":67058709,"OrderResearch":null,"ParameterID":200852,"Parameter":{"ShortNameRU":"мочевина в сыворотке крови","ShortNameKZ":"қан сарысуындағы несепнәр","ShortName":"мочевина в сыворотке крови","DataType":0,"DataTypeName":"Число","UnitTypeID":100051,"UnitType":{"NameRU":"ммоль/л","NameKZ":"ммоль/л","Name":"ммоль/л","PublicCode":"10005100","OrderBy":52,"ID":100051,"StrID":"100051"},"MedicalFormID":null,"MedicalForm":null,"NameRU":"мочевина в сыворотке крови","NameKZ":"қан сарысуындағы несепнәр","Name":"мочевина в сыворотке крови","PublicCode":"20085200","OrderBy":null,"ID":200852,"StrID":"200852"},"ParameterValueID":null,"ParameterValue":null,"ResultText":"5.48","ResultValue":null,"ResultDate":"2026-08-31T10:13:24.1112574+05:00","PostID":0,"Post":null,"ExecuteMethod":2,"SourceResultText":"5.48","SourceResultValue":null,"SourceResultExpression":null,"SourceUnitTypeID":100051,"SourceUnitType":{"NameRU":"ммоль/л","NameKZ":"ммоль/л","Name":"ммоль/л","PublicCode":"10005100","OrderBy":52,"ID":100051,"StrID":"100051"},"IsApproved":false,"ApproveDate":null,"ApprovePostID":null,"ApprovePost":null,"OrderNum":1,"WorkPlaceID":20747,"DriverManagerID":150,"BacteriologyResult":null,"AnalyzerId":38,"IsOrderProductionControl":false,"ID":0,"StrID":"0"}
31.08.2026 10:13:24	Information:	Save string: 
31.08.2026 10:13:24	Information:	{"OrderResearchID":67058709,"OrderResearch":{"OrderID":31116161,"ServiceMoID":2164626,"ServiceMoMasterDataID":8269504,"ServiceMo":{"OrgHealthCareID":"45500000000000909","ServiceID":295,"NameRU":"Определение мочевины в сыворотке крови на анализаторе","NameKZ":"Қан сарысуындағы несепнәрді  талдауышта анықтау ","Name":"Определение мочевины в сыворотке крови на анализаторе","ShortNameRU":"Определение мочевины в сыворотке крови на анализаторе","ShortNameKZ":"Қан сарысуындағы несепнәрді  талдауышта анықтау ","ShortName":"Определение мочевины в сыворотке крови на анализаторе","FullName":"B03.386.002 - Определение мочевины в сыворотке крови на анализаторе","Code":"B03.386.002","ExternalCode":null,"ServiceClassID":5,"ServiceClass":{"ServiceTypeID":2,"OrderBy":5,"MasterDataID":5,"NameRU":"Клиническая химия (биохимия)","NameKZ":"Клиникалық химия (биохимия)","Name":"Клиническая химия (биохимия)","PublicCode":"500","EndDate":null,"ID":"5","StrID":"5"},"Service":{"NameRU":"Определение мочевины в сыворотке крови на анализаторе","NameKZ":"Қан сарысуындағы несепнәрді талдауышта анықтау","Name":"Определение мочевины в сыворотке крови на анализаторе","ShortNameRU":"Мочевина на анализаторе","ShortNameKZ":"Мочевина на анализаторе","ShortName":"Мочевина на анализаторе","FullName":"B03.386.002 - Определение мочевины в сыворотке крови на анализаторе","Code":"B03.386.002","ServiceClassID":5,"ServiceClass":null,"ServiceSubClassID":6,"ServiceSubClass":null,"MaterialTypeID":202,"MaterialType":null,"MasterDataID":3136,"ID":"295","StrID":"295"},"MasterDataID":8269504,"ServiceSubClassID":6,"PayType":1,"ServiceSubClass":null,"ID":"2164626","StrID":"2164626"},"FullName":"B03.386.002 - Определение мочевины в сыворотке крови на анализаторе  () ","IsMain":true,"SourceID":"144940714_33966883","WorkPlaceID":20747,"WorkPlace":null,"DriverManager":null,"ParameterID":null,"Parameter":null,"AdditionalInfo":null,"Status":1,"PerformetServiceCount":7,"ResearchResultCount":0,"ApproveResearchResultCount":0,"NotSaveResearchResultCount":0,"ParentID":null,"ScreeningCandidatePlanGuid":null,"ScreeningUrl":null,"TakePlace":null,"MaterialTypeID":null,"MaterialType":null,"PartCount":0,"IsOrderProductionControl":false,"Uid":"d59661d5-c953-445c-bd30-585ec0a03d6c","OrderPerformerServices":[],"OrderResearchAllergens":[],"Results":[],"IsResumed":false,"ExecutionType":0,"ID":"67058709","StrID":"67058709"},"ParameterID":200852,"Parameter":{"ShortNameRU":"мочевина в сыворотке крови","ShortNameKZ":"қан сарысуындағы несепнәр","ShortName":"мочевина в сыворотке крови","DataType":0,"DataTypeName":"Число","UnitTypeID":100051,"UnitType":null,"MedicalFormID":null,"MasterDataID":0,"MedicalForm":null,"NameWithDataType":"мочевина в сыворотке крови  (Число)","NameRU":"мочевина в сыворотке крови","NameKZ":"қан сарысуындағы несепнәр","Name":"мочевина в сыворотке крови","PublicCode":"20085200","EndDate":null,"ID":"200852","StrID":"200852"},"ParameterValues":null,"ParameterValueID":null,"ParameterValue":null,"ResultText":"5.48","ResultValue":"5.48","ResultDate":"2026-08-31T10:13:24.8842054+05:00","PostID":"189416","Post":null,"ExecuteMethod":2,"SourceResultText":"5.48","SourceResultValue":"5.48","SourceResultExpression":null,"SourceUnitTypeID":100051,"SourceUnitType":{"OrderBy":52,"MasterDataID":null,"CDD_ID":null,"NameRU":"ммоль/л","NameKZ":"ммоль/л","Name":"ммоль/л","PublicCode":"10005100","EndDate":null,"ID":"100051","StrID":"100051"},"MultiplierID":null,"IsApproved":false,"IsValidated":false,"StandardMatchType":0,"ApproveDate":null,"ApprovePostID":null,"ApprovePost":null,"OrderNum":1,"WorkPlaceID":20747,"OrderID":null,"BacteriologyResult":null,"AnalyzerId":38,"IsOrderProductionControl":false,"ID":"207162951","StrID":"207162951"}
31.08.2026 10:13:24	Information:	Result object to save: 
31.08.2026 10:13:24	Information:	{"OrderResearchID":67058710,"OrderResearch":null,"ParameterID":200744,"Parameter":{"ShortNameRU":"креатинин в крови","ShortNameKZ":"қандағы креатинин","ShortName":"креатинин в крови","DataType":0,"DataTypeName":"Число","UnitTypeID":100041,"UnitType":{"NameRU":"мкмоль/л","NameKZ":"мкмоль/л","Name":"мкмоль/л","PublicCode":"10004100","OrderBy":42,"ID":100041,"StrID":"100041"},"MedicalFormID":null,"MedicalForm":null,"NameRU":"креатинин в крови","NameKZ":"қандағы креатинин","Name":"креатинин в крови","PublicCode":"20074400","OrderBy":null,"ID":200744,"StrID":"200744"},"ParameterValueID":null,"ParameterValue":null,"ResultText":"51.68","ResultValue":null,"ResultDate":"2026-08-31T10:13:24.1143458+05:00","PostID":0,"Post":null,"ExecuteMethod":2,"SourceResultText":"51.68","SourceResultValue":null,"SourceResultExpression":null,"SourceUnitTypeID":100041,"SourceUnitType":{"NameRU":"мкмоль/л","NameKZ":"мкмоль/л","Name":"мкмоль/л","PublicCode":"10004100","OrderBy":42,"ID":100041,"StrID":"100041"},"IsApproved":false,"ApproveDate":null,"ApprovePostID":null,"ApprovePost":null,"OrderNum":1,"WorkPlaceID":20747,"DriverManagerID":150,"BacteriologyResult":null,"AnalyzerId":38,"IsOrderProductionControl":false,"ID":0,"StrID":"0"}
31.08.2026 10:13:24	Information:	Save string: 
31.08.2026 10:13:24	Information:	{"OrderResearchID":67058710,"OrderResearch":{"OrderID":31116161,"ServiceMoID":2164651,"ServiceMoMasterDataID":8269505,"ServiceMo":{"OrgHealthCareID":"45500000000000909","ServiceID":296,"NameRU":"Определение креатинина в сыворотке крови на анализаторе","NameKZ":"Қан сарысуындағы  креатининді талдауышта анықтау ","Name":"Определение креатинина в сыворотке крови на анализаторе","ShortNameRU":"Определение креатинина в сыворотке крови на анализаторе","ShortNameKZ":"Қан сарысуындағы  креатининді талдауышта анықтау ","ShortName":"Определение креатинина в сыворотке крови на анализаторе","FullName":"B03.363.002 - Определение креатинина в сыворотке крови на анализаторе","Code":"B03.363.002","ExternalCode":null,"ServiceClassID":5,"ServiceClass":{"ServiceTypeID":2,"OrderBy":5,"MasterDataID":5,"NameRU":"Клиническая химия (биохимия)","NameKZ":"Клиникалық химия (биохимия)","Name":"Клиническая химия (биохимия)","PublicCode":"500","EndDate":null,"ID":"5","StrID":"5"},"Service":{"NameRU":"Определение креатинина в сыворотке крови на анализаторе","NameKZ":"Қан сарысуындағы креатининді талдауышта анықтау","Name":"Определение креатинина в сыворотке крови на анализаторе","ShortNameRU":"Креатинин на анализаторе","ShortNameKZ":"Креатинин на анализаторе","ShortName":"Креатинин на анализаторе","FullName":"B03.363.002 - Определение креатинина в сыворотке крови на анализаторе","Code":"B03.363.002","ServiceClassID":5,"ServiceClass":null,"ServiceSubClassID":6,"ServiceSubClass":null,"MaterialTypeID":202,"MaterialType":null,"MasterDataID":3137,"ID":"296","StrID":"296"},"MasterDataID":8269505,"ServiceSubClassID":6,"PayType":1,"ServiceSubClass":null,"ID":"2164651","StrID":"2164651"},"FullName":"B03.363.002 - Определение креатинина в сыворотке крови на анализаторе  () ","IsMain":true,"SourceID":"144940714_33966882","WorkPlaceID":20747,"WorkPlace":null,"DriverManager":null,"ParameterID":null,"Parameter":null,"AdditionalInfo":null,"Status":1,"PerformetServiceCount":7,"ResearchResultCount":0,"ApproveResearchResultCount":0,"NotSaveResearchResultCount":0,"ParentID":null,"ScreeningCandidatePlanGuid":null,"ScreeningUrl":null,"TakePlace":null,"MaterialTypeID":null,"MaterialType":null,"PartCount":0,"IsOrderProductionControl":false,"Uid":"e183f683-47fe-4b57-9476-02d748d18159","OrderPerformerServices":[],"OrderResearchAllergens":[],"Results":[],"IsResumed":false,"ExecutionType":0,"ID":"67058710","StrID":"67058710"},"ParameterID":200744,"Parameter":{"ShortNameRU":"креатинин в крови","ShortNameKZ":"қандағы креатинин","ShortName":"креатинин в крови","DataType":0,"DataTypeName":"Число","UnitTypeID":100041,"UnitType":null,"MedicalFormID":null,"MasterDataID":0,"MedicalForm":null,"NameWithDataType":"креатинин в крови  (Число)","NameRU":"креатинин в крови","NameKZ":"қандағы креатинин","Name":"креатинин в крови","PublicCode":"20074400","EndDate":null,"ID":"200744","StrID":"200744"},"ParameterValues":null,"ParameterValueID":null,"ParameterValue":null,"ResultText":"51.68","ResultValue":"51.68","ResultDate":"2026-08-31T10:13:25.0762255+05:00","PostID":"189416","Post":null,"ExecuteMethod":2,"SourceResultText":"51.68","SourceResultValue":"51.68","SourceResultExpression":null,"SourceUnitTypeID":100041,"SourceUnitType":{"OrderBy":42,"MasterDataID":null,"CDD_ID":null,"NameRU":"мкмоль/л","NameKZ":"мкмоль/л","Name":"мкмоль/л","PublicCode":"10004100","EndDate":null,"ID":"100041","StrID":"100041"},"MultiplierID":null,"IsApproved":false,"IsValidated":false,"StandardMatchType":0,"ApproveDate":null,"ApprovePostID":null,"ApprovePost":null,"OrderNum":1,"WorkPlaceID":20747,"OrderID":null,"BacteriologyResult":null,"AnalyzerId":38,"IsOrderProductionControl":false,"ID":"207162952","StrID":"207162952"}
31.08.2026 10:13:24	Debug:	 SendResults SaveDeviceResults = 905 ms
31.08.2026 10:13:24	Debug:	 total for SendResults = 1485 ms
31.08.2026 10:14:30	Information:	refresh tokens
31.08.2026 10:15:18	Information:	url https://lab-vko.dmed.kz/ /api/DriverManager/PingDevice
31.08.2026 10:15:18	Information:	{
"Hash": "w9LjvpRCyoByGV3Lzv0iX9dSI0tLK0uV+pRojL1kufc=",
"Status": 0
}


31.08.2026 10:15:18	Information:	Ping ret is {"Status":0,"Comment":null}
31.08.2026 10:16:21	Information:	Received bytes(encoded):MSH|^~\&|||||20260831101523||ORU^R01|11|P|2.3.1||||0||ASCII|||PID|11|||||||O|||||||||||||||||||||||OBR|11|51562991|2|^|N|20260831091556|20260831091540|20260831091540||1^2||||20260831091540|?????|||||||||||||||||||||||||||||||||OBX|1|NM|Glu-G|Glucose (GOD-POD Method)|6.640101|mmol/L|-|N|||F||6.640101|20260831101451|||0|RGTE|OBX|2|NM|T-Bil-V|Bilirubin Total (VOX Method)|1.652600|?mol/L|-|N|||F||1.652600|20260831101453|||0|<|OBX|3|NM|D-Bil-V|Bilirubin Direct (VOX Method)|0.054082|?mol/L|-|N|||F||0.054082|20260831101508|||0|<|OBX|4|NM|ALT|Alanine Aminotransferase|6.693331|U/L|-|N|||F||6.693331|20260831101221|||0||OBX|5|NM|AST|Aspartate Aminotransferase|39.943984|U/L|-|N|||F||39.943984|20260831101336|||0||OBX|6|NM|TP|Total Protein|69.766381|g/L|-|N|||F||69.766381|20260831101523|||0||OBX|7|NM|CREA-S|Creatinine (Sarcosine Oxidase Method)|33.853060|?mol/L|-|N|||F||33.853060|20260831101521|||0||OBX|8|NM|UREA|Urea|5.936766|mmol/L|-|N|||F||5.936766|20260831101406|||0||OBX|9|NM||AST/ALT|5.955224||-|N|||F||5.9
31.08.2026 10:16:21	Information:	Add Frame:
31.08.2026 10:16:21	Information:	MSH|^~\&|||||20260831101523||ORU^R01|11|P|2.3.1||||0||ASCII|||
31.08.2026 10:16:21	Information:	In Header
31.08.2026 10:16:21	Information:	MessageType: ORU
31.08.2026 10:16:21	Information:	After message type
31.08.2026 10:16:21	Information:	After ask
31.08.2026 10:16:21	Information:	After version
31.08.2026 10:16:21	Information:	Add Frame:
31.08.2026 10:16:21	Information:	PID|11|||||||O|||||||||||||||||||||||
31.08.2026 10:16:21	Information:	Add Frame:
31.08.2026 10:16:21	Information:	OBR|11|51562991|2|^|N|20260831091556|20260831091540|20260831091540||1^2||||20260831091540|?????|||||||||||||||||||||||||||||||||
31.08.2026 10:16:21	Information:	Add Frame:
31.08.2026 10:16:21	Information:	OBX|1|NM|Glu-G|Glucose (GOD-POD Method)|6.640101|mmol/L|-|N|||F||6.640101|20260831101451|||0|RGTE|
31.08.2026 10:16:21	Information:	Add Frame:
31.08.2026 10:16:21	Information:	OBX|2|NM|T-Bil-V|Bilirubin Total (VOX Method)|1.652600|?mol/L|-|N|||F||1.652600|20260831101453|||0|<|
31.08.2026 10:16:21	Information:	Add Frame:
31.08.2026 10:16:21	Information:	OBX|3|NM|D-Bil-V|Bilirubin Direct (VOX Method)|0.054082|?mol/L|-|N|||F||0.054082|20260831101508|||0|<|
31.08.2026 10:16:21	Information:	Add Frame:
31.08.2026 10:16:21	Information:	OBX|4|NM|ALT|Alanine Aminotransferase|6.693331|U/L|-|N|||F||6.693331|20260831101221|||0||
31.08.2026 10:16:21	Information:	Add Frame:
31.08.2026 10:16:21	Information:	OBX|5|NM|AST|Aspartate Aminotransferase|39.943984|U/L|-|N|||F||39.943984|20260831101336|||0||
31.08.2026 10:16:21	Information:	Add Frame:
31.08.2026 10:16:21	Information:	OBX|6|NM|TP|Total Protein|69.766381|g/L|-|N|||F||69.766381|20260831101523|||0||
31.08.2026 10:16:21	Information:	Add Frame:
31.08.2026 10:16:21	Information:	OBX|7|NM|CREA-S|Creatinine (Sarcosine Oxidase Method)|33.853060|?mol/L|-|N|||F||33.853060|20260831101521|||0||
31.08.2026 10:16:21	Information:	Add Frame:
31.08.2026 10:16:21	Information:	OBX|8|NM|UREA|Urea|5.936766|mmol/L|-|N|||F||5.936766|20260831101406|||0||
31.08.2026 10:16:21	Information:	Received bytes(encoded):55224||||||
31.08.2026 10:16:21	Information:	Add Frame:
31.08.2026 10:16:21	Information:	OBX|9|NM||AST/ALT|5.955224||-|N|||F||5.955224||||||
31.08.2026 10:16:21	Information:	Add Frame:
31.08.2026 10:16:21	Information:	
31.08.2026 10:16:21	Debug:	read message: 1ms
31.08.2026 10:16:21	Information:	The answer message is created successfully
31.08.2026 10:16:21	Information:	Sending answer...
31.08.2026 10:16:21	Information:	We are in ORU Message
31.08.2026 10:16:21	Information:	MSH MSH|^~\&|||||20260831101523||ORU^R01|11|P|2.3.1||||0||ASCII||||
31.08.2026 10:16:21	Information:	PID PID|11|||||||O||||||||||||||||||||||||
31.08.2026 10:16:21	Information:	PatientRecord in message is successfully  processed
31.08.2026 10:16:21	Information:	The patient order is successfully processed
31.08.2026 10:16:21	Information:	The order record is successfully processed
31.08.2026 10:16:21	Information:	The order record is successfully processed
31.08.2026 10:16:21	Information:	The order record is successfully processed
31.08.2026 10:16:21	Information:	The order record is successfully processed
31.08.2026 10:16:21	Information:	The order record is successfully processed
31.08.2026 10:16:21	Information:	The order record is successfully processed
31.08.2026 10:16:21	Information:	The order record is successfully processed
31.08.2026 10:16:21	Information:	The order record is successfully processed
31.08.2026 10:16:21	Information:	The order record is successfully processed
31.08.2026 10:16:21	Information:	The ORU message is successfully processed
31.08.2026 10:16:21	Debug:	Process message: 6ms
31.08.2026 10:16:21	Debug:	Total time : 9ms
31.08.2026 10:16:21	Information:	Sended bytes:  11 77 83 72 124 94 126 92 38 124 77 105 110 100 114 97 121 124 124 124 124 50 48 50 54 48 56 51 49 49 48 49 54 50 49 124 124 65 67 75 94 82 48 49 124 49 49 124 80 124 50 46 51 46 49 124 124 124 124 48 124 124 117 115 45 97 115 99 105 105 124 124 124 13 77 83 65 124 65 65 124 49 49 124 77 101 115 115 97 103 101 32 97 99 99 101 112 116 101 100 124 124 124 48 124 13 28 13
31.08.2026 10:16:21	Information:	Sended string MSH|^~\&|Mindray||||20260831101621||ACK^R01|11|P|2.3.1||||0||us-ascii|||MSA|AA|11|Message accepted|||0|
31.08.2026 10:16:22	Debug:	SendResults:	check DriverRequests=	0	ms
31.08.2026 10:16:22	Information:	ByBarcode 51562991
31.08.2026 10:16:22	Information:	GetLinesByBarcodes
31.08.2026 10:16:22	Information:	{
"WorkPlaceID": 20747,
"BeginDate": "2026-06-01",
"EndDate": "2026-09-01",
"OrderNumber": "51562991",
"Offset": 0,
"Limit": 1
}


31.08.2026 10:16:22	Information:	GetByBarcodeReturn: 
31.08.2026 10:16:22	Information:	{"Data":[{"ID":31118286,"StrID":"31118286","OrderNumber":"51562991","OrderRegDate":"2026-08-29T01:20:13.62","PlanExecutionDate":"2026-08-29T01:19:00","SenderMoID":45500000000000909,"SenderMo":{"NameRU":"Некоммерческое акционерное общество \"Медицинский университет Семей\"","NameKZ":"\"Семей медицина университеті\" коммерциялық емес акционерлік қоғамы","Name":"Некоммерческое акционерное общество \"Медицинский университет Семей\"","ShortNameRU":"НАО \"МУС\"","ShortNameKZ":"\"СМУ\" КеАҚ","ShortName":"НАО \"МУС\"","PublicCode":"237J","AddressRU":"ВКО, г. Семей, ул. Абая Кунанбаева 103","AddressKZ":"ВКО, г. Семей, ул. Абая Кунанбаева 103","Address":"ВКО, г. Семей, ул. Абая Кунанбаева 103","OriginalID":"45500000000000909","IsWork":true,"RegionID":20,"BIN":"190240004938","MasterDataID":4911,"PhonesData":{"OrgHealthCarePhones":[]},"IsPostmortem":false,"IsHospital":true,"Code":null,"ID":"45500000000000909","StrID":"45500000000000909"},"ReceiverMoID":45500000000000909,"ReceiverMo":null,"PatientDetailID":41029130,"PatientDetail":{"PersonID":"1395283","Person":{"IIN":"190708503896","LastName":"ҒАЗИЗОВ","FirstName":"АНУАР","SecondName":"ҒАНИҰЛЫ","FullName":"ҒАЗИЗОВ АНУАР ҒАНИҰЛЫ","FullNameIOF":"АНУАР ҒАНИҰЛЫ ҒАЗИЗОВ","DisplayText":"190708503896 АНУАР ҒАНИҰЛЫ ҒАЗИЗОВ 08.07.2019","IinFullName":"190708503896 - ҒАЗИЗОВ АНУАР ҒАНИҰЛЫ","BirthDate":"2019-07-08T00:00:00","BirthDateStr":"08.07.2019","DeathDate":null,"DeathDateStr":"","BioSexID":3,"BioSex":null,"NationalityID":null,"Nationality":null,"CitizenshipID":85,"Citizenship":null,"MasterDataID":138688132,"RpnID":"15300000044652553","KmisID":"60300000000712596","Type":1,"Age":0,"IsStillborn":false,"IsEarlyNeonatalDeathUp28days":false,"IsDeadPerson":false,"ID":"1395283","StrID":"1395283"},"AddressRU":"РЕСПУБЛИКА: Казахстан , ОБЛАСТЬ: Абайская , ГОРОД ОБЛ.ЗНАЧ.: Семей , УЛИЦА: СТАНДАРТНАЯ ПОС СЕВЕРНЫЙ, ДОМ: 6","AddressKZ":": Қазақстан , : Абай , : Семей Қ. , СТАНДАРТНАЯ ПОС СЕВЕРНЫЙ көшесі, ҮЙ: 6","Address":"РЕСПУБЛИКА: Казахстан , ОБЛАСТЬ: Абайская , ГОРОД ОБЛ.ЗНАЧ.: Семей , УЛИЦА: СТАНДАРТНАЯ ПОС СЕВЕРНЫЙ, ДОМ: 6","MasterDataAddressID":1911003,"WorkPlace":null,"WorkPosition":null,"DocumentNumber":null,"DocumentTypeID":null,"DocumentType":null,"NationalityID":null,"DocumentTypeName":null,"Phones":null,"ExternalCardID":"5967031","CardType":1,"CardNumber":"66538","CitizenshipCategoryID":1,"CitizenshipCategory":null,"ResidenceTypeID":3,"ResidenceType":null,"MotherPersonID":null,"MotherPerson":null,"IsForeigner":false,"IsHomeless":false,"IsDeadPerson":false,"IsResident":true,"ID":"41029130","StrID":"41029130"},"Person":{"IIN":"190708503896","LastName":"ҒАЗИЗОВ","FirstName":"АНУАР","SecondName":"ҒАНИҰЛЫ","FullName":"ҒАЗИЗОВ АНУАР ҒАНИҰЛЫ","FullNameIOF":"АНУАР ҒАНИҰЛЫ ҒАЗИЗОВ","DisplayText":"190708503896 АНУАР ҒАНИҰЛЫ ҒАЗИЗОВ 08.07.2019","IinFullName":"190708503896 - ҒАЗИЗОВ АНУАР ҒАНИҰЛЫ","BirthDate":"2019-07-08T00:00:00","BirthDateStr":"08.07.2019","DeathDate":null,"DeathDateStr":"","BioSexID":3,"BioSex":null,"NationalityID":null,"Nationality":null,"CitizenshipID":85,"Citizenship":null,"MasterDataID":138688132,"RpnID":"15300000044652553","KmisID":"60300000000712596","Type":1,"Age":0,"IsStillborn":false,"IsEarlyNeonatalDeathUp28days":false,"IsDeadPerson":false,"ID":"1395283","StrID":"1395283"},"IsCito":false,"ExternalSystem":1,"OrderResultFileID":null,"OrderResultFileStorageID":null,"OrderResultDate":null,"Status":1,"DeleteDate":null,"ResultNotes":null,"Comment":"","ExternalOrderNumber":"51562991","ExaminationTypeID":null,"ExaminationType":null,"ExaminationIndicationID":null,"ExaminationIndication":null,"Uid":"4868034A-36CC-4C0F-A094-BCF566674287","SenderPostFullName":"ТУКТИЕВА НАЗЫМ АНУАРБЕКОВНА","SenderFuncStructureNameRU":"Отделение детской травматологии","SenderFuncStructureNameKZ":"Балалар травматологиясы бөлімі","IsSamplingOfMaterialsAtReceiver":false,"MisID":42116170,"Materials":[{"OrderID":31118286,"Uid":"7271cf13-5047-48bb-bc9a-9bd6142a80f1","MaterialNumber":"51562991","MaterialTypeID":363,"MaterialType":{"OrderBy":0,"ParentID":202,"HasChildren":false,"MasterDataID":489,"Parent":null,"NameRU":"Кровь венозная","NameKZ":"Кровь венозная","Name":"Кровь венозная","PublicCode":"36300","EndDate":null,"ID":"363","StrID":"363"},"TakeDate":"2026-08-29T01:20:00","TakeDateStr":"29.08.2026 01:20","TakePlace":"ДЕТ Т О","RejectionReason":null,"RejectionTakenMeasures":null,"ReceiptDate":null,"ReceiptDateStr":null,"RejectionCreatePostID":null,"RejectionCreatePost":null,"SampleCollectorPostIIN":"820822402429","SampleCollectorPostID":null,"Researches":[],"RejectedMaterialImageID":null,"File":null,"ID":"31404860","StrID":"31404860"}],"Researches":[]}],"Total":1}
31.08.2026 10:16:22	Information:	OrderedWW 51562991 Biomat 0 Device 20747
31.08.2026 10:16:22	Information:	ResearchResult
31.08.2026 10:16:22	Information:	{
"OrderID": "31118286",
"WorkPlaceID": 20747
}


31.08.2026 10:16:22	Information:	[{"OrderResearchID":67062578,"OrderResearch":null,"ParameterID":200918,"Parameter":{"ShortNameRU":"общий белок в сыворотке крови","ShortNameKZ":"қан сарысуындағы жалпы ақуыз","ShortName":"общий белок в сыворотке крови","DataType":0,"DataTypeName":"Число","UnitTypeID":100012,"UnitType":{"OrderBy":13,"MasterDataID":null,"CDD_ID":null,"NameRU":"г/л","NameKZ":"г/л","Name":"г/л","PublicCode":"10001200","EndDate":null,"ID":"100012","StrID":"100012"},"MedicalFormID":null,"MasterDataID":0,"MedicalForm":null,"NameWithDataType":"общий белок в сыворотке крови  (Число)","NameRU":"общий белок в сыворотке крови","NameKZ":"қан сарысуындағы жалпы ақуыз","Name":"общий белок в сыворотке крови","PublicCode":"20091800","EndDate":null,"ID":"200918","StrID":"200918"},"ParameterValues":null,"ParameterValueID":null,"ParameterValue":null,"ResultText":null,"ResultValue":null,"ResultDate":"2026-08-31T10:16:23.4257343+05:00","PostID":"0","Post":null,"ExecuteMethod":2,"SourceResultText":null,"SourceResultValue":null,"SourceResultExpression":null,"SourceUnitTypeID":100012,"SourceUnitType":{"OrderBy":13,"MasterDataID":null,"CDD_ID":null,"NameRU":"г/л","NameKZ":"г/л","Name":"г/л","PublicCode":"10001200","EndDate":null,"ID":"100012","StrID":"100012"},"MultiplierID":null,"IsApproved":false,"IsValidated":false,"StandardMatchType":0,"ApproveDate":null,"ApprovePostID":null,"ApprovePost":null,"OrderNum":1,"WorkPlaceID":20747,"OrderID":null,"BacteriologyResult":null,"AnalyzerId":null,"IsOrderProductionControl":false,"ID":"0","StrID":"0"},{"OrderResearchID":67062582,"OrderResearch":null,"ParameterID":200357,"Parameter":{"ShortNameRU":"АЛаТ","ShortNameKZ":"АЛаТ","ShortName":"АЛаТ","DataType":0,"DataTypeName":"Число","UnitTypeID":100030,"UnitType":{"OrderBy":31,"MasterDataID":null,"CDD_ID":null,"NameRU":"МЕ/л","NameKZ":"ХБ/л","Name":"МЕ/л","PublicCode":"10003000","EndDate":null,"ID":"100030","StrID":"100030"},"MedicalFormID":null,"MasterDataID":0,"MedicalForm":null,"NameWithDataType":"АЛаТ  (Число)","NameRU":"АЛаТ","NameKZ":"АЛаТ","Name":"АЛаТ","PublicCode":"20035700","EndDate":null,"ID":"200357","StrID":"200357"},"ParameterValues":null,"ParameterValueID":null,"ParameterValue":null,"ResultText":null,"ResultValue":null,"ResultDate":"2026-08-31T10:16:23.4323385+05:00","PostID":"0","Post":null,"ExecuteMethod":2,"SourceResultText":null,"SourceResultValue":null,"SourceResultExpression":null,"SourceUnitTypeID":100030,"SourceUnitType":{"OrderBy":31,"MasterDataID":null,"CDD_ID":null,"NameRU":"МЕ/л","NameKZ":"ХБ/л","Name":"МЕ/л","PublicCode":"10003000","EndDate":null,"ID":"100030","StrID":"100030"},"MultiplierID":null,"IsApproved":false,"IsValidated":false,"StandardMatchType":0,"ApproveDate":null,"ApprovePostID":null,"ApprovePost":null,"OrderNum":1,"WorkPlaceID":20747,"OrderID":null,"BacteriologyResult":null,"AnalyzerId":null,"IsOrderProductionControl":false,"ID":"0","StrID":"0"},{"OrderResearchID":67062581,"OrderResearch":null,"ParameterID":200919,"Parameter":{"ShortNameRU":"общий билирубин в сыворотке крови","ShortNameKZ":"қан сарысуындағы жалпы билирубин","ShortName":"общий билирубин в сыворотке крови","DataType":0,"DataTypeName":"Число","UnitTypeID":100041,"UnitType":{"OrderBy":42,"MasterDataID":null,"CDD_ID":null,"NameRU":"мкмоль/л","NameKZ":"мкмоль/л","Name":"мкмоль/л","PublicCode":"10004100","EndDate":null,"ID":"100041","StrID":"100041"},"MedicalFormID":null,"MasterDataID":0,"MedicalForm":null,"NameWithDataType":"общий билирубин в сыворотке крови  (Число)","NameRU":"общий билирубин в сыворотке крови","NameKZ":"қан сарысуындағы жалпы билирубин","Name":"общий билирубин в сыворотке крови","PublicCode":"20091900","EndDate":null,"ID":"200919","StrID":"200919"},"ParameterValues":null,"ParameterValueID":null,"ParameterValue":null,"ResultText":null,"ResultValue":null,"ResultDate":"2026-08-31T10:16:23.4378453+05:00","PostID":"0","Post":null,"ExecuteMethod":2,"SourceResultText":null,"SourceResultValue":null,"SourceResultExpression":null,"SourceUnitTypeID":100041,"SourceUnitType":{"OrderBy":42,"MasterDataID":null,"CDD_ID":null,"NameRU":"мкмоль/л","NameKZ":"мкмоль/л","Name":"мкмоль/л","PublicCode":"10004100","EndDate":null,"ID":"100041","StrID":"100041"},"MultiplierID":null,"IsApproved":false,"IsValidated":false,"StandardMatchType":0,"ApproveDate":null,"ApprovePostID":null,"ApprovePost":null,"OrderNum":1,"WorkPlaceID":20747,"OrderID":null,"BacteriologyResult":null,"AnalyzerId":null,"IsOrderProductionControl":false,"ID":"0","StrID":"0"},{"OrderResearchID":67062583,"OrderResearch":null,"ParameterID":200408,"Parameter":{"ShortNameRU":"АСаТ","ShortNameKZ":"АСаТ","ShortName":"АСаТ","DataType":0,"DataTypeName":"Число","UnitTypeID":100030,"UnitType":{"OrderBy":31,"MasterDataID":null,"CDD_ID":null,"NameRU":"МЕ/л","NameKZ":"ХБ/л","Name":"МЕ/л","PublicCode":"10003000","EndDate":null,"ID":"100030","StrID":"100030"},"MedicalFormID":null,"MasterDataID":0,"MedicalForm":null,"NameWithDataType":"АСаТ  (Число)","NameRU":"АСаТ","NameKZ":"АСаТ","Name":"АСаТ","PublicCode":"20040800","EndDate":null,"ID":"200408","StrID":"200408"},"ParameterValues":null,"ParameterValueID":null,"ParameterValue":null,"ResultText":null,"ResultValue":null,"ResultDate":"2026-08-31T10:16:23.4417276+05:00","PostID":"0","Post":null,"ExecuteMethod":2,"SourceResultText":null,"SourceResultValue":null,"SourceResultExpression":null,"SourceUnitTypeID":100030,"SourceUnitType":{"OrderBy":31,"MasterDataID":null,"CDD_ID":null,"NameRU":"МЕ/л","NameKZ":"ХБ/л","Name":"МЕ/л","PublicCode":"10003000","EndDate":null,"ID":"100030","StrID":"100030"},"MultiplierID":null,"IsApproved":false,"IsValidated":false,"StandardMatchType":0,"ApproveDate":null,"ApprovePostID":null,"ApprovePost":null,"OrderNum":1,"WorkPlaceID":20747,"OrderID":null,"BacteriologyResult":null,"AnalyzerId":null,"IsOrderProductionControl":false,"ID":"0","StrID":"0"},{"OrderResearchID":67062584,"OrderResearch":null,"ParameterID":200549,"Parameter":{"ShortNameRU":"глюкоза в сыворотке крови","ShortNameKZ":"қан сарысуындағы глюкоза","ShortName":"глюкоза в сыворотке крови","DataType":0,"DataTypeName":"Число","UnitTypeID":100051,"UnitType":{"OrderBy":52,"MasterDataID":null,"CDD_ID":null,"NameRU":"ммоль/л","NameKZ":"ммоль/л","Name":"ммоль/л","PublicCode":"10005100","EndDate":null,"ID":"100051","StrID":"100051"},"MedicalFormID":null,"MasterDataID":0,"MedicalForm":null,"NameWithDataType":"глюкоза в сыворотке крови  (Число)","NameRU":"глюкоза в сыворотке крови","NameKZ":"қан сарысуындағы глюкоза","Name":"глюкоза в сыворотке крови","PublicCode":"20054900","EndDate":null,"ID":"200549","StrID":"200549"},"ParameterValues":null,"ParameterValueID":null,"ParameterValue":null,"ResultText":null,"ResultValue":null,"ResultDate":"2026-08-31T10:16:23.4442816+05:00","PostID":"0","Post":null,"ExecuteMethod":2,"SourceResultText":null,"SourceResultValue":null,"SourceResultExpression":null,"SourceUnitTypeID":100051,"SourceUnitType":{"OrderBy":52,"MasterDataID":null,"CDD_ID":null,"NameRU":"ммоль/л","NameKZ":"ммоль/л","Name":"ммоль/л","PublicCode":"10005100","EndDate":null,"ID":"100051","StrID":"100051"},"MultiplierID":null,"IsApproved":false,"IsValidated":false,"StandardMatchType":0,"ApproveDate":null,"ApprovePostID":null,"ApprovePost":null,"OrderNum":1,"WorkPlaceID":20747,"OrderID":null,"BacteriologyResult":null,"AnalyzerId":null,"IsOrderProductionControl":false,"ID":"0","StrID":"0"},{"OrderResearchID":67062580,"OrderResearch":null,"ParameterID":200852,"Parameter":{"ShortNameRU":"мочевина в сыворотке крови","ShortNameKZ":"қан сарысуындағы несепнәр","ShortName":"мочевина в сыворотке крови","DataType":0,"DataTypeName":"Число","UnitTypeID":100051,"UnitType":{"OrderBy":52,"MasterDataID":null,"CDD_ID":null,"NameRU":"ммоль/л","NameKZ":"ммоль/л","Name":"ммоль/л","PublicCode":"10005100","EndDate":null,"ID":"100051","StrID":"100051"},"MedicalFormID":null,"MasterDataID":0,"MedicalForm":null,"NameWithDataType":"мочевина в сыворотке крови  (Число)","NameRU":"мочевина в сыворотке крови","NameKZ":"қан сарысуындағы несепнәр","Name":"мочевина в сыворотке крови","PublicCode":"20085200","EndDate":null,"ID":"200852","StrID":"200852"},"ParameterValues":null,"ParameterValueID":null,"ParameterValue":null,"ResultText":null,"ResultValue":null,"ResultDate":"2026-08-31T10:16:23.4490327+05:00","PostID":"0","Post":null,"ExecuteMethod":2,"SourceResultText":null,"SourceResultValue":null,"SourceResultExpression":null,"SourceUnitTypeID":100051,"SourceUnitType":{"OrderBy":52,"MasterDataID":null,"CDD_ID":null,"NameRU":"ммоль/л","NameKZ":"ммоль/л","Name":"ммоль/л","PublicCode":"10005100","EndDate":null,"ID":"100051","StrID":"100051"},"MultiplierID":null,"IsApproved":false,"IsValidated":false,"StandardMatchType":0,"ApproveDate":null,"ApprovePostID":null,"ApprovePost":null,"OrderNum":1,"WorkPlaceID":20747,"OrderID":null,"BacteriologyResult":null,"AnalyzerId":null,"IsOrderProductionControl":false,"ID":"0","StrID":"0"},{"OrderResearchID":67062579,"OrderResearch":null,"ParameterID":200744,"Parameter":{"ShortNameRU":"креатинин в крови","ShortNameKZ":"қандағы креатинин","ShortName":"креатинин в крови","DataType":0,"DataTypeName":"Число","UnitTypeID":100041,"UnitType":{"OrderBy":42,"MasterDataID":null,"CDD_ID":null,"NameRU":"мкмоль/л","NameKZ":"мкмоль/л","Name":"мкмоль/л","PublicCode":"10004100","EndDate":null,"ID":"100041","StrID":"100041"},"MedicalFormID":null,"MasterDataID":0,"MedicalForm":null,"NameWithDataType":"креатинин в крови  (Число)","NameRU":"креатинин в крови","NameKZ":"қандағы креатинин","Name":"креатинин в крови","PublicCode":"20074400","EndDate":null,"ID":"200744","StrID":"200744"},"ParameterValues":null,"ParameterValueID":null,"ParameterValue":null,"ResultText":null,"ResultValue":null,"ResultDate":"2026-08-31T10:16:23.4490327+05:00","PostID":"0","Post":null,"ExecuteMethod":2,"SourceResultText":null,"SourceResultValue":null,"SourceResultExpression":null,"SourceUnitTypeID":100041,"SourceUnitType":{"OrderBy":42,"MasterDataID":null,"CDD_ID":null,"NameRU":"мкмоль/л","NameKZ":"мкмоль/л","Name":"мкмоль/л","PublicCode":"10004100","EndDate":null,"ID":"100041","StrID":"100041"},"MultiplierID":null,"IsApproved":false,"IsValidated":false,"StandardMatchType":0,"ApproveDate":null,"ApprovePostID":null,"ApprovePost":null,"OrderNum":1,"WorkPlaceID":20747,"OrderID":null,"BacteriologyResult":null,"AnalyzerId":null,"IsOrderProductionControl":false,"ID":"0","StrID":"0"}]
31.08.2026 10:16:22	Information:	TestsWW spec 200918, spec 200357, spec 200919, spec 200408, spec 200549, spec 200852, spec 200744, 
31.08.2026 10:16:22	Information:	Querry lines count: 1
31.08.2026 10:16:22	Debug:	SendResults:	fix DriverRequests=	307	ms
31.08.2026 10:16:22	Information:	SAMPLE! 51562991 DeviceDriverResult Sample: 51562991 Suggest: . Do Request True
31.08.2026 10:16:22	Information:	Sample request count: 1
31.08.2026 10:16:22	Information:	MU is mmol/L
31.08.2026 10:16:22	Information:	Driver Collations count 0
31.08.2026 10:16:22	Information:	MU collations count=0
31.08.2026 10:16:22	Information:	MU is ?mol/L
31.08.2026 10:16:22	Information:	Driver Collations count 0
31.08.2026 10:16:22	Information:	MU collations count=0
31.08.2026 10:16:22	Information:	MU is U/L
31.08.2026 10:16:22	Information:	Driver Collations count 0
31.08.2026 10:16:22	Information:	MU collations count=0
31.08.2026 10:16:22	Information:	MU is U/L
31.08.2026 10:16:22	Information:	Driver Collations count 0
31.08.2026 10:16:22	Information:	MU collations count=0
31.08.2026 10:16:22	Information:	MU is g/L
31.08.2026 10:16:22	Information:	Driver Collations count 0
31.08.2026 10:16:22	Information:	MU collations count=0
31.08.2026 10:16:22	Information:	MU is ?mol/L
31.08.2026 10:16:22	Information:	Driver Collations count 0
31.08.2026 10:16:22	Information:	MU collations count=0
31.08.2026 10:16:22	Information:	MU is mmol/L
31.08.2026 10:16:22	Information:	Driver Collations count 0
31.08.2026 10:16:22	Information:	MU collations count=0
31.08.2026 10:16:22	Debug:	SendResults:	SetTestsValues first SetTestsValues=	53	ms
31.08.2026 10:16:22	Debug:	SendResults:	Device Total = 365 ms
31.08.2026 10:16:22	Information:	Saving 51562991
31.08.2026 10:16:22	Information:	Start test result saving
31.08.2026 10:16:22	Information:	Result object to save: 
31.08.2026 10:16:22	Information:	{"OrderResearchID":67062578,"OrderResearch":null,"ParameterID":200918,"Parameter":{"ShortNameRU":"общий белок в сыворотке крови","ShortNameKZ":"қан сарысуындағы жалпы ақуыз","ShortName":"общий белок в сыворотке крови","DataType":0,"DataTypeName":"Число","UnitTypeID":100012,"UnitType":{"NameRU":"г/л","NameKZ":"г/л","Name":"г/л","PublicCode":"10001200","OrderBy":13,"ID":100012,"StrID":"100012"},"MedicalFormID":null,"MedicalForm":null,"NameRU":"общий белок в сыворотке крови","NameKZ":"қан сарысуындағы жалпы ақуыз","Name":"общий белок в сыворотке крови","PublicCode":"20091800","OrderBy":null,"ID":200918,"StrID":"200918"},"ParameterValueID":null,"ParameterValue":null,"ResultText":"69.77","ResultValue":null,"ResultDate":"2026-08-31T10:16:23.4257343+05:00","PostID":0,"Post":null,"ExecuteMethod":2,"SourceResultText":"69.77","SourceResultValue":null,"SourceResultExpression":null,"SourceUnitTypeID":100012,"SourceUnitType":{"NameRU":"г/л","NameKZ":"г/л","Name":"г/л","PublicCode":"10001200","OrderBy":13,"ID":100012,"StrID":"100012"},"IsApproved":false,"ApproveDate":null,"ApprovePostID":null,"ApprovePost":null,"OrderNum":1,"WorkPlaceID":20747,"DriverManagerID":150,"BacteriologyResult":null,"AnalyzerId":38,"IsOrderProductionControl":false,"ID":0,"StrID":"0"}
31.08.2026 10:16:22	Information:	Save string: 
31.08.2026 10:16:22	Information:	{"OrderResearchID":67062578,"OrderResearch":{"OrderID":31118286,"ServiceMoID":2163201,"ServiceMoMasterDataID":8269447,"ServiceMo":{"OrgHealthCareID":"45500000000000909","ServiceID":236,"NameRU":"Определение общего белка в сыворотке крови на анализаторе","NameKZ":"Қан сарысуындағы жалпы нәруызды талдауышта анықтау ","Name":"Определение общего белка в сыворотке крови на анализаторе","ShortNameRU":"Определение общего белка в сыворотке крови на анализаторе","ShortNameKZ":"Қан сарысуындағы жалпы нәруызды талдауышта анықтау ","ShortName":"Определение общего белка в сыворотке крови на анализаторе","FullName":"B03.397.002 - Определение общего белка в сыворотке крови на анализаторе","Code":"B03.397.002","ExternalCode":null,"ServiceClassID":5,"ServiceClass":{"ServiceTypeID":2,"OrderBy":5,"MasterDataID":5,"NameRU":"Клиническая химия (биохимия)","NameKZ":"Клиникалық химия (биохимия)","Name":"Клиническая химия (биохимия)","PublicCode":"500","EndDate":null,"ID":"5","StrID":"5"},"Service":{"NameRU":"Определение общего белка в сыворотке крови на анализаторе","NameKZ":"Қан сарысуындағы жалпы нәруызды талдауышта анықтау","Name":"Определение общего белка в сыворотке крови на анализаторе","ShortNameRU":"Общий белок на анализаторе","ShortNameKZ":"Общий белок на анализаторе","ShortName":"Общий белок на анализаторе","FullName":"B03.397.002 - Определение общего белка в сыворотке крови на анализаторе","Code":"B03.397.002","ServiceClassID":5,"ServiceClass":null,"ServiceSubClassID":6,"ServiceSubClass":null,"MaterialTypeID":202,"MaterialType":null,"MasterDataID":3079,"ID":"236","StrID":"236"},"MasterDataID":8269447,"ServiceSubClassID":6,"PayType":1,"ServiceSubClass":null,"ID":"2163201","StrID":"2163201"},"FullName":"B03.397.002 - Определение общего белка в сыворотке крови на анализаторе  () ","IsMain":true,"SourceID":"144957850_33971918","WorkPlaceID":20747,"WorkPlace":null,"DriverManager":null,"ParameterID":null,"Parameter":null,"AdditionalInfo":null,"Status":1,"PerformetServiceCount":7,"ResearchResultCount":0,"ApproveResearchResultCount":0,"NotSaveResearchResultCount":0,"ParentID":null,"ScreeningCandidatePlanGuid":null,"ScreeningUrl":null,"TakePlace":null,"MaterialTypeID":null,"MaterialType":null,"PartCount":0,"IsOrderProductionControl":false,"Uid":"f71c392c-7bcf-4fd7-a9fc-a32481f68ad0","OrderPerformerServices":[],"OrderResearchAllergens":[],"Results":[],"IsResumed":false,"ExecutionType":0,"ID":"67062578","StrID":"67062578"},"ParameterID":200918,"Parameter":{"ShortNameRU":"общий белок в сыворотке крови","ShortNameKZ":"қан сарысуындағы жалпы ақуыз","ShortName":"общий белок в сыворотке крови","DataType":0,"DataTypeName":"Число","UnitTypeID":100012,"UnitType":null,"MedicalFormID":null,"MasterDataID":0,"MedicalForm":null,"NameWithDataType":"общий белок в сыворотке крови  (Число)","NameRU":"общий белок в сыворотке крови","NameKZ":"қан сарысуындағы жалпы ақуыз","Name":"общий белок в сыворотке крови","PublicCode":"20091800","EndDate":null,"ID":"200918","StrID":"200918"},"ParameterValues":null,"ParameterValueID":null,"ParameterValue":null,"ResultText":"69.77","ResultValue":"69.77","ResultDate":"2026-08-31T10:16:23.6856027+05:00","PostID":"189416","Post":null,"ExecuteMethod":2,"SourceResultText":"69.77","SourceResultValue":"69.77","SourceResultExpression":null,"SourceUnitTypeID":100012,"SourceUnitType":{"OrderBy":13,"MasterDataID":null,"CDD_ID":null,"NameRU":"г/л","NameKZ":"г/л","Name":"г/л","PublicCode":"10001200","EndDate":null,"ID":"100012","StrID":"100012"},"MultiplierID":null,"IsApproved":false,"IsValidated":false,"StandardMatchType":0,"ApproveDate":null,"ApprovePostID":null,"ApprovePost":null,"OrderNum":1,"WorkPlaceID":20747,"OrderID":null,"BacteriologyResult":null,"AnalyzerId":38,"IsOrderProductionControl":false,"ID":"207163494","StrID":"207163494"}
31.08.2026 10:16:22	Information:	Result object to save: 
31.08.2026 10:16:22	Information:	{"OrderResearchID":67062582,"OrderResearch":null,"ParameterID":200357,"Parameter":{"ShortNameRU":"АЛаТ","ShortNameKZ":"АЛаТ","ShortName":"АЛаТ","DataType":0,"DataTypeName":"Число","UnitTypeID":100030,"UnitType":{"NameRU":"МЕ/л","NameKZ":"ХБ/л","Name":"МЕ/л","PublicCode":"10003000","OrderBy":31,"ID":100030,"StrID":"100030"},"MedicalFormID":null,"MedicalForm":null,"NameRU":"АЛаТ","NameKZ":"АЛаТ","Name":"АЛаТ","PublicCode":"20035700","OrderBy":null,"ID":200357,"StrID":"200357"},"ParameterValueID":null,"ParameterValue":null,"ResultText":"6.69","ResultValue":null,"ResultDate":"2026-08-31T10:16:23.4323385+05:00","PostID":0,"Post":null,"ExecuteMethod":2,"SourceResultText":"6.69","SourceResultValue":null,"SourceResultExpression":null,"SourceUnitTypeID":100030,"SourceUnitType":{"NameRU":"МЕ/л","NameKZ":"ХБ/л","Name":"МЕ/л","PublicCode":"10003000","OrderBy":31,"ID":100030,"StrID":"100030"},"IsApproved":false,"ApproveDate":null,"ApprovePostID":null,"ApprovePost":null,"OrderNum":1,"WorkPlaceID":20747,"DriverManagerID":150,"BacteriologyResult":null,"AnalyzerId":38,"IsOrderProductionControl":false,"ID":0,"StrID":"0"}
31.08.2026 10:16:22	Information:	Save string: 
31.08.2026 10:16:22	Information:	{"OrderResearchID":67062582,"OrderResearch":{"OrderID":31118286,"ServiceMoID":2163576,"ServiceMoMasterDataID":8269462,"ServiceMo":{"OrgHealthCareID":"45500000000000909","ServiceID":253,"NameRU":"Определение аланинаминотрансферазы (АЛаТ) в сыворотке крови на анализаторе","NameKZ":"Қан сарысуындағы аланинаминотрансферазды (АЛаТ) талдауышта анықтау ","Name":"Определение аланинаминотрансферазы (АЛаТ) в сыворотке крови на анализаторе","ShortNameRU":"Определение аланинаминотрансферазы (АЛаТ) в сыворотке крови на анализаторе","ShortNameKZ":"Қан сарысуындағы аланинаминотрансферазды (АЛаТ) талдауышта анықтау ","ShortName":"Определение аланинаминотрансферазы (АЛаТ) в сыворотке крови на анализаторе","FullName":"B03.155.002 - Определение аланинаминотрансферазы (АЛаТ) в сыворотке крови на анализаторе","Code":"B03.155.002","ExternalCode":null,"ServiceClassID":5,"ServiceClass":{"ServiceTypeID":2,"OrderBy":5,"MasterDataID":5,"NameRU":"Клиническая химия (биохимия)","NameKZ":"Клиникалық химия (биохимия)","Name":"Клиническая химия (биохимия)","PublicCode":"500","EndDate":null,"ID":"5","StrID":"5"},"Service":{"NameRU":"Определение аланинаминотрансферазы (АЛаТ) в сыворотке крови на анализаторе","NameKZ":"Қан сарысуындағы аланинаминотрансферазды (АЛаТ) талдауышта анықтау","Name":"Определение аланинаминотрансферазы (АЛаТ) в сыворотке крови на анализаторе","ShortNameRU":"АЛаТ на анализаторе","ShortNameKZ":"АЛаТ на анализаторе","ShortName":"АЛаТ на анализаторе","FullName":"B03.155.002 - Определение аланинаминотрансферазы (АЛаТ) в сыворотке крови на анализаторе","Code":"B03.155.002","ServiceClassID":5,"ServiceClass":null,"ServiceSubClassID":6,"ServiceSubClass":null,"MaterialTypeID":202,"MaterialType":null,"MasterDataID":3094,"ID":"253","StrID":"253"},"MasterDataID":8269462,"ServiceSubClassID":6,"PayType":1,"ServiceSubClass":null,"ID":"2163576","StrID":"2163576"},"FullName":"B03.155.002 - Определение аланинаминотрансферазы (АЛаТ) в сыворотке крови на анализаторе  () ","IsMain":true,"SourceID":"144957850_33971922","WorkPlaceID":20747,"WorkPlace":null,"DriverManager":null,"ParameterID":null,"Parameter":null,"AdditionalInfo":null,"Status":1,"PerformetServiceCount":9,"ResearchResultCount":0,"ApproveResearchResultCount":0,"NotSaveResearchResultCount":0,"ParentID":null,"ScreeningCandidatePlanGuid":null,"ScreeningUrl":null,"TakePlace":null,"MaterialTypeID":null,"MaterialType":null,"PartCount":0,"IsOrderProductionControl":false,"Uid":"a98d7a6a-cef8-4b31-8cad-fad4eab359cb","OrderPerformerServices":[],"OrderResearchAllergens":[],"Results":[],"IsResumed":false,"ExecutionType":0,"ID":"67062582","StrID":"67062582"},"ParameterID":200357,"Parameter":{"ShortNameRU":"АЛаТ","ShortNameKZ":"АЛаТ","ShortName":"АЛаТ","DataType":0,"DataTypeName":"Число","UnitTypeID":100030,"UnitType":null,"MedicalFormID":null,"MasterDataID":0,"MedicalForm":null,"NameWithDataType":"АЛаТ  (Число)","NameRU":"АЛаТ","NameKZ":"АЛаТ","Name":"АЛаТ","PublicCode":"20035700","EndDate":null,"ID":"200357","StrID":"200357"},"ParameterValues":null,"ParameterValueID":null,"ParameterValue":null,"ResultText":"6.69","ResultValue":"6.69","ResultDate":"2026-08-31T10:16:23.7571914+05:00","PostID":"189416","Post":null,"ExecuteMethod":2,"SourceResultText":"6.69","SourceResultValue":"6.69","SourceResultExpression":null,"SourceUnitTypeID":100030,"SourceUnitType":{"OrderBy":31,"MasterDataID":null,"CDD_ID":null,"NameRU":"МЕ/л","NameKZ":"ХБ/л","Name":"МЕ/л","PublicCode":"10003000","EndDate":null,"ID":"100030","StrID":"100030"},"MultiplierID":null,"IsApproved":false,"IsValidated":false,"StandardMatchType":0,"ApproveDate":null,"ApprovePostID":null,"ApprovePost":null,"OrderNum":1,"WorkPlaceID":20747,"OrderID":null,"BacteriologyResult":null,"AnalyzerId":38,"IsOrderProductionControl":false,"ID":"207163497","StrID":"207163497"}
31.08.2026 10:16:22	Information:	Result object to save: 
31.08.2026 10:16:22	Information:	{"OrderResearchID":67062581,"OrderResearch":null,"ParameterID":200919,"Parameter":{"ShortNameRU":"общий билирубин в сыворотке крови","ShortNameKZ":"қан сарысуындағы жалпы билирубин","ShortName":"общий билирубин в сыворотке крови","DataType":0,"DataTypeName":"Число","UnitTypeID":100041,"UnitType":{"NameRU":"мкмоль/л","NameKZ":"мкмоль/л","Name":"мкмоль/л","PublicCode":"10004100","OrderBy":42,"ID":100041,"StrID":"100041"},"MedicalFormID":null,"MedicalForm":null,"NameRU":"общий билирубин в сыворотке крови","NameKZ":"қан сарысуындағы жалпы билирубин","Name":"общий билирубин в сыворотке крови","PublicCode":"20091900","OrderBy":null,"ID":200919,"StrID":"200919"},"ParameterValueID":null,"ParameterValue":null,"ResultText":"1.65","ResultValue":null,"ResultDate":"2026-08-31T10:16:23.4378453+05:00","PostID":0,"Post":null,"ExecuteMethod":2,"SourceResultText":"1.65","SourceResultValue":null,"SourceResultExpression":null,"SourceUnitTypeID":100041,"SourceUnitType":{"NameRU":"мкмоль/л","NameKZ":"мкмоль/л","Name":"мкмоль/л","PublicCode":"10004100","OrderBy":42,"ID":100041,"StrID":"100041"},"IsApproved":false,"ApproveDate":null,"ApprovePostID":null,"ApprovePost":null,"OrderNum":1,"WorkPlaceID":20747,"DriverManagerID":150,"BacteriologyResult":null,"AnalyzerId":38,"IsOrderProductionControl":false,"ID":0,"StrID":"0"}
31.08.2026 10:16:22	Information:	Save string: 
31.08.2026 10:16:22	Information:	{"OrderResearchID":67062581,"OrderResearch":{"OrderID":31118286,"ServiceMoID":2163626,"ServiceMoMasterDataID":8269464,"ServiceMo":{"OrgHealthCareID":"45500000000000909","ServiceID":255,"NameRU":"Определение общего билирубина в сыворотке крови на анализаторе","NameKZ":"Қан сарысуындағы жалпы  билирубинді талдауышта анықтау в сыворотке крови на анализаторе","Name":"Определение общего билирубина в сыворотке крови на анализаторе","ShortNameRU":"Определение общего билирубина в сыворотке крови на анализаторе","ShortNameKZ":"Қан сарысуындағы жалпы  билирубинді талдауышта анықтау в сыворотке крови на анализаторе","ShortName":"Определение общего билирубина в сыворотке крови на анализаторе","FullName":"B03.398.002 - Определение общего билирубина в сыворотке крови на анализаторе","Code":"B03.398.002","ExternalCode":null,"ServiceClassID":5,"ServiceClass":{"ServiceTypeID":2,"OrderBy":5,"MasterDataID":5,"NameRU":"Клиническая химия (биохимия)","NameKZ":"Клиникалық химия (биохимия)","Name":"Клиническая химия (биохимия)","PublicCode":"500","EndDate":null,"ID":"5","StrID":"5"},"Service":{"NameRU":"Определение общего билирубина в сыворотке крови на анализаторе","NameKZ":"Қан сарысуындағы жалпы билирубинді талдауышта анықтау в сыворотке крови на анализаторе","Name":"Определение общего билирубина в сыворотке крови на анализаторе","ShortNameRU":"Общий Bi на анализаторе","ShortNameKZ":"Общий Bi на анализаторе","ShortName":"Общий Bi на анализаторе","FullName":"B03.398.002 - Определение общего билирубина в сыворотке крови на анализаторе","Code":"B03.398.002","ServiceClassID":5,"ServiceClass":null,"ServiceSubClassID":6,"ServiceSubClass":null,"MaterialTypeID":202,"MaterialType":null,"MasterDataID":3096,"ID":"255","StrID":"255"},"MasterDataID":8269464,"ServiceSubClassID":6,"PayType":1,"ServiceSubClass":null,"ID":"2163626","StrID":"2163626"},"FullName":"B03.398.002 - Определение общего билирубина в сыворотке крови на анализаторе  () ","IsMain":true,"SourceID":"144957850_33971921","WorkPlaceID":20747,"WorkPlace":null,"DriverManager":null,"ParameterID":null,"Parameter":null,"AdditionalInfo":null,"Status":1,"PerformetServiceCount":7,"ResearchResultCount":0,"ApproveResearchResultCount":0,"NotSaveResearchResultCount":0,"ParentID":null,"ScreeningCandidatePlanGuid":null,"ScreeningUrl":null,"TakePlace":null,"MaterialTypeID":null,"MaterialType":null,"PartCount":0,"IsOrderProductionControl":false,"Uid":"849b3ee9-270d-4ead-8bf6-5182de20135c","OrderPerformerServices":[],"OrderResearchAllergens":[],"Results":[],"IsResumed":false,"ExecutionType":0,"ID":"67062581","StrID":"67062581"},"ParameterID":200919,"Parameter":{"ShortNameRU":"общий билирубин в сыворотке крови","ShortNameKZ":"қан сарысуындағы жалпы билирубин","ShortName":"общий билирубин в сыворотке крови","DataType":0,"DataTypeName":"Число","UnitTypeID":100041,"UnitType":null,"MedicalFormID":null,"MasterDataID":0,"MedicalForm":null,"NameWithDataType":"общий билирубин в сыворотке крови  (Число)","NameRU":"общий билирубин в сыворотке крови","NameKZ":"қан сарысуындағы жалпы билирубин","Name":"общий билирубин в сыворотке крови","PublicCode":"20091900","EndDate":null,"ID":"200919","StrID":"200919"},"ParameterValues":null,"ParameterValueID":null,"ParameterValue":null,"ResultText":"1.65","ResultValue":"1.65","ResultDate":"2026-08-31T10:16:23.8817059+05:00","PostID":"189416","Post":null,"ExecuteMethod":2,"SourceResultText":"1.65","SourceResultValue":"1.65","SourceResultExpression":null,"SourceUnitTypeID":100041,"SourceUnitType":{"OrderBy":42,"MasterDataID":null,"CDD_ID":null,"NameRU":"мкмоль/л","NameKZ":"мкмоль/л","Name":"мкмоль/л","PublicCode":"10004100","EndDate":null,"ID":"100041","StrID":"100041"},"MultiplierID":null,"IsApproved":false,"IsValidated":false,"StandardMatchType":0,"ApproveDate":null,"ApprovePostID":null,"ApprovePost":null,"OrderNum":1,"WorkPlaceID":20747,"OrderID":null,"BacteriologyResult":null,"AnalyzerId":38,"IsOrderProductionControl":false,"ID":"207163499","StrID":"207163499"}
31.08.2026 10:16:22	Information:	Result object to save: 
31.08.2026 10:16:22	Information:	{"OrderResearchID":67062583,"OrderResearch":null,"ParameterID":200408,"Parameter":{"ShortNameRU":"АСаТ","ShortNameKZ":"АСаТ","ShortName":"АСаТ","DataType":0,"DataTypeName":"Число","UnitTypeID":100030,"UnitType":{"NameRU":"МЕ/л","NameKZ":"ХБ/л","Name":"МЕ/л","PublicCode":"10003000","OrderBy":31,"ID":100030,"StrID":"100030"},"MedicalFormID":null,"MedicalForm":null,"NameRU":"АСаТ","NameKZ":"АСаТ","Name":"АСаТ","PublicCode":"20040800","OrderBy":null,"ID":200408,"StrID":"200408"},"ParameterValueID":null,"ParameterValue":null,"ResultText":"39.94","ResultValue":null,"ResultDate":"2026-08-31T10:16:23.4417276+05:00","PostID":0,"Post":null,"ExecuteMethod":2,"SourceResultText":"39.94","SourceResultValue":null,"SourceResultExpression":null,"SourceUnitTypeID":100030,"SourceUnitType":{"NameRU":"МЕ/л","NameKZ":"ХБ/л","Name":"МЕ/л","PublicCode":"10003000","OrderBy":31,"ID":100030,"StrID":"100030"},"IsApproved":false,"ApproveDate":null,"ApprovePostID":null,"ApprovePost":null,"OrderNum":1,"WorkPlaceID":20747,"DriverManagerID":150,"BacteriologyResult":null,"AnalyzerId":38,"IsOrderProductionControl":false,"ID":0,"StrID":"0"}
31.08.2026 10:16:22	Information:	Save string: 
31.08.2026 10:16:22	Information:	{"OrderResearchID":67062583,"OrderResearch":{"OrderID":31118286,"ServiceMoID":2163651,"ServiceMoMasterDataID":8269465,"ServiceMo":{"OrgHealthCareID":"45500000000000909","ServiceID":256,"NameRU":"Определение аспартатаминотрансферазы (АСаТ) в сыворотке крови на анализаторе","NameKZ":"Қан сарысуындағы  аспартатаминотрансферазды  (АСаТ) талдауышта анықтау  ","Name":"Определение аспартатаминотрансферазы (АСаТ) в сыворотке крови на анализаторе","ShortNameRU":"Определение аспартатаминотрансферазы (АСаТ) в сыворотке крови на анализаторе","ShortNameKZ":"Қан сарысуындағы  аспартатаминотрансферазды  (АСаТ) талдауышта анықтау  ","ShortName":"Определение аспартатаминотрансферазы (АСаТ) в сыворотке крови на анализаторе","FullName":"B03.293.002 - Определение аспартатаминотрансферазы (АСаТ) в сыворотке крови на анализаторе","Code":"B03.293.002","ExternalCode":null,"ServiceClassID":5,"ServiceClass":{"ServiceTypeID":2,"OrderBy":5,"MasterDataID":5,"NameRU":"Клиническая химия (биохимия)","NameKZ":"Клиникалық химия (биохимия)","Name":"Клиническая химия (биохимия)","PublicCode":"500","EndDate":null,"ID":"5","StrID":"5"},"Service":{"NameRU":"Определение аспартатаминотрансферазы (АСаТ) в сыворотке крови на анализаторе","NameKZ":"Қан сарысуындағы аспартатаминотрансферазды (АСаТ) талдауышта анықтау","Name":"Определение аспартатаминотрансферазы (АСаТ) в сыворотке крови на анализаторе","ShortNameRU":"АСаТ на анализаторе","ShortNameKZ":"АСаТ на анализаторе","ShortName":"АСаТ на анализаторе","FullName":"B03.293.002 - Определение аспартатаминотрансферазы (АСаТ) в сыворотке крови на анализаторе","Code":"B03.293.002","ServiceClassID":5,"ServiceClass":null,"ServiceSubClassID":6,"ServiceSubClass":null,"MaterialTypeID":202,"MaterialType":null,"MasterDataID":3097,"ID":"256","StrID":"256"},"MasterDataID":8269465,"ServiceSubClassID":6,"PayType":1,"ServiceSubClass":null,"ID":"2163651","StrID":"2163651"},"FullName":"B03.293.002 - Определение аспартатаминотрансферазы (АСаТ) в сыворотке крови на анализаторе  () ","IsMain":true,"SourceID":"144957850_33971923","WorkPlaceID":20747,"WorkPlace":null,"DriverManager":null,"ParameterID":null,"Parameter":null,"AdditionalInfo":null,"Status":1,"PerformetServiceCount":7,"ResearchResultCount":0,"ApproveResearchResultCount":0,"NotSaveResearchResultCount":0,"ParentID":null,"ScreeningCandidatePlanGuid":null,"ScreeningUrl":null,"TakePlace":null,"MaterialTypeID":null,"MaterialType":null,"PartCount":0,"IsOrderProductionControl":false,"Uid":"33de4d0e-4665-4c82-a220-95e14631d255","OrderPerformerServices":[],"OrderResearchAllergens":[],"Results":[],"IsResumed":false,"ExecutionType":0,"ID":"67062583","StrID":"67062583"},"ParameterID":200408,"Parameter":{"ShortNameRU":"АСаТ","ShortNameKZ":"АСаТ","ShortName":"АСаТ","DataType":0,"DataTypeName":"Число","UnitTypeID":100030,"UnitType":null,"MedicalFormID":null,"MasterDataID":0,"MedicalForm":null,"NameWithDataType":"АСаТ  (Число)","NameRU":"АСаТ","NameKZ":"АСаТ","Name":"АСаТ","PublicCode":"20040800","EndDate":null,"ID":"200408","StrID":"200408"},"ParameterValues":null,"ParameterValueID":null,"ParameterValue":null,"ResultText":"39.94","ResultValue":"39.94","ResultDate":"2026-08-31T10:16:23.9457703+05:00","PostID":"189416","Post":null,"ExecuteMethod":2,"SourceResultText":"39.94","SourceResultValue":"39.94","SourceResultExpression":null,"SourceUnitTypeID":100030,"SourceUnitType":{"OrderBy":31,"MasterDataID":null,"CDD_ID":null,"NameRU":"МЕ/л","NameKZ":"ХБ/л","Name":"МЕ/л","PublicCode":"10003000","EndDate":null,"ID":"100030","StrID":"100030"},"MultiplierID":null,"IsApproved":false,"IsValidated":false,"StandardMatchType":0,"ApproveDate":null,"ApprovePostID":null,"ApprovePost":null,"OrderNum":1,"WorkPlaceID":20747,"OrderID":null,"BacteriologyResult":null,"AnalyzerId":38,"IsOrderProductionControl":false,"ID":"207163501","StrID":"207163501"}
31.08.2026 10:16:23	Information:	Result object to save: 
31.08.2026 10:16:23	Information:	{"OrderResearchID":67062584,"OrderResearch":null,"ParameterID":200549,"Parameter":{"ShortNameRU":"глюкоза в сыворотке крови","ShortNameKZ":"қан сарысуындағы глюкоза","ShortName":"глюкоза в сыворотке крови","DataType":0,"DataTypeName":"Число","UnitTypeID":100051,"UnitType":{"NameRU":"ммоль/л","NameKZ":"ммоль/л","Name":"ммоль/л","PublicCode":"10005100","OrderBy":52,"ID":100051,"StrID":"100051"},"MedicalFormID":null,"MedicalForm":null,"NameRU":"глюкоза в сыворотке крови","NameKZ":"қан сарысуындағы глюкоза","Name":"глюкоза в сыворотке крови","PublicCode":"20054900","OrderBy":null,"ID":200549,"StrID":"200549"},"ParameterValueID":null,"ParameterValue":null,"ResultText":"6.64","ResultValue":null,"ResultDate":"2026-08-31T10:16:23.4442816+05:00","PostID":0,"Post":null,"ExecuteMethod":2,"SourceResultText":"6.64","SourceResultValue":null,"SourceResultExpression":null,"SourceUnitTypeID":100051,"SourceUnitType":{"NameRU":"ммоль/л","NameKZ":"ммоль/л","Name":"ммоль/л","PublicCode":"10005100","OrderBy":52,"ID":100051,"StrID":"100051"},"IsApproved":false,"ApproveDate":null,"ApprovePostID":null,"ApprovePost":null,"OrderNum":1,"WorkPlaceID":20747,"DriverManagerID":150,"BacteriologyResult":null,"AnalyzerId":38,"IsOrderProductionControl":false,"ID":0,"StrID":"0"}
31.08.2026 10:16:23	Information:	Save string: 
31.08.2026 10:16:23	Information:	{"OrderResearchID":67062584,"OrderResearch":{"OrderID":31118286,"ServiceMoID":2164501,"ServiceMoMasterDataID":8269499,"ServiceMo":{"OrgHealthCareID":"45500000000000909","ServiceID":290,"NameRU":"Определение глюкозы в сыворотке крови на анализаторе","NameKZ":"Қан сарысуындағы глюкозаны талдауышта анықтау ","Name":"Определение глюкозы в сыворотке крови на анализаторе","ShortNameRU":"Определение глюкозы в сыворотке крови на анализаторе","ShortNameKZ":"Қан сарысуындағы глюкозаны талдауышта анықтау ","ShortName":"Определение глюкозы в сыворотке крови на анализаторе","FullName":"B03.335.002 - Определение глюкозы в сыворотке крови на анализаторе","Code":"B03.335.002","ExternalCode":null,"ServiceClassID":5,"ServiceClass":{"ServiceTypeID":2,"OrderBy":5,"MasterDataID":5,"NameRU":"Клиническая химия (биохимия)","NameKZ":"Клиникалық химия (биохимия)","Name":"Клиническая химия (биохимия)","PublicCode":"500","EndDate":null,"ID":"5","StrID":"5"},"Service":{"NameRU":"Определение глюкозы в сыворотке крови на анализаторе","NameKZ":"Қан сарысуындағы глюкозаны талдауышта анықтау","Name":"Определение глюкозы в сыворотке крови на анализаторе","ShortNameRU":"Глюкоза в сыворотке крови на анализаторе","ShortNameKZ":"Глюкоза в сыворотке крови на анализаторе","ShortName":"Глюкоза в сыворотке крови на анализаторе","FullName":"B03.335.002 - Определение глюкозы в сыворотке крови на анализаторе","Code":"B03.335.002","ServiceClassID":5,"ServiceClass":null,"ServiceSubClassID":6,"ServiceSubClass":null,"MaterialTypeID":202,"MaterialType":null,"MasterDataID":3131,"ID":"290","StrID":"290"},"MasterDataID":8269499,"ServiceSubClassID":6,"PayType":1,"ServiceSubClass":null,"ID":"2164501","StrID":"2164501"},"FullName":"B03.335.002 - Определение глюкозы в сыворотке крови на анализаторе  () ","IsMain":true,"SourceID":"144957850_33971924","WorkPlaceID":20747,"WorkPlace":null,"DriverManager":null,"ParameterID":null,"Parameter":null,"AdditionalInfo":null,"Status":1,"PerformetServiceCount":7,"ResearchResultCount":0,"ApproveResearchResultCount":0,"NotSaveResearchResultCount":0,"ParentID":null,"ScreeningCandidatePlanGuid":null,"ScreeningUrl":null,"TakePlace":null,"MaterialTypeID":null,"MaterialType":null,"PartCount":0,"IsOrderProductionControl":false,"Uid":"26ecf1e2-957d-4aa4-8ae8-86c10fb335b5","OrderPerformerServices":[],"OrderResearchAllergens":[],"Results":[],"IsResumed":false,"ExecutionType":0,"ID":"67062584","StrID":"67062584"},"ParameterID":200549,"Parameter":{"ShortNameRU":"глюкоза в сыворотке крови","ShortNameKZ":"қан сарысуындағы глюкоза","ShortName":"глюкоза в сыворотке крови","DataType":0,"DataTypeName":"Число","UnitTypeID":100051,"UnitType":null,"MedicalFormID":null,"MasterDataID":0,"MedicalForm":null,"NameWithDataType":"глюкоза в сыворотке крови  (Число)","NameRU":"глюкоза в сыворотке крови","NameKZ":"қан сарысуындағы глюкоза","Name":"глюкоза в сыворотке крови","PublicCode":"20054900","EndDate":null,"ID":"200549","StrID":"200549"},"ParameterValues":null,"ParameterValueID":null,"ParameterValue":null,"ResultText":"6.64","ResultValue":"6.64","ResultDate":"2026-08-31T10:16:24.0185881+05:00","PostID":"189416","Post":null,"ExecuteMethod":2,"SourceResultText":"6.64","SourceResultValue":"6.64","SourceResultExpression":null,"SourceUnitTypeID":100051,"SourceUnitType":{"OrderBy":52,"MasterDataID":null,"CDD_ID":null,"NameRU":"ммоль/л","NameKZ":"ммоль/л","Name":"ммоль/л","PublicCode":"10005100","EndDate":null,"ID":"100051","StrID":"100051"},"MultiplierID":null,"IsApproved":false,"IsValidated":false,"StandardMatchType":0,"ApproveDate":null,"ApprovePostID":null,"ApprovePost":null,"OrderNum":1,"WorkPlaceID":20747,"OrderID":null,"BacteriologyResult":null,"AnalyzerId":38,"IsOrderProductionControl":false,"ID":"207163504","StrID":"207163504"}
31.08.2026 10:16:23	Information:	Result object to save: 
31.08.2026 10:16:23	Information:	{"OrderResearchID":67062580,"OrderResearch":null,"ParameterID":200852,"Parameter":{"ShortNameRU":"мочевина в сыворотке крови","ShortNameKZ":"қан сарысуындағы несепнәр","ShortName":"мочевина в сыворотке крови","DataType":0,"DataTypeName":"Число","UnitTypeID":100051,"UnitType":{"NameRU":"ммоль/л","NameKZ":"ммоль/л","Name":"ммоль/л","PublicCode":"10005100","OrderBy":52,"ID":100051,"StrID":"100051"},"MedicalFormID":null,"MedicalForm":null,"NameRU":"мочевина в сыворотке крови","NameKZ":"қан сарысуындағы несепнәр","Name":"мочевина в сыворотке крови","PublicCode":"20085200","OrderBy":null,"ID":200852,"StrID":"200852"},"ParameterValueID":null,"ParameterValue":null,"ResultText":"5.94","ResultValue":null,"ResultDate":"2026-08-31T10:16:23.4490327+05:00","PostID":0,"Post":null,"ExecuteMethod":2,"SourceResultText":"5.94","SourceResultValue":null,"SourceResultExpression":null,"SourceUnitTypeID":100051,"SourceUnitType":{"NameRU":"ммоль/л","NameKZ":"ммоль/л","Name":"ммоль/л","PublicCode":"10005100","OrderBy":52,"ID":100051,"StrID":"100051"},"IsApproved":false,"ApproveDate":null,"ApprovePostID":null,"ApprovePost":null,"OrderNum":1,"WorkPlaceID":20747,"DriverManagerID":150,"BacteriologyResult":null,"AnalyzerId":38,"IsOrderProductionControl":false,"ID":0,"StrID":"0"}
31.08.2026 10:16:23	Information:	Save string: 
31.08.2026 10:16:23	Information:	{"OrderResearchID":67062580,"OrderResearch":{"OrderID":31118286,"ServiceMoID":2164626,"ServiceMoMasterDataID":8269504,"ServiceMo":{"OrgHealthCareID":"45500000000000909","ServiceID":295,"NameRU":"Определение мочевины в сыворотке крови на анализаторе","NameKZ":"Қан сарысуындағы несепнәрді  талдауышта анықтау ","Name":"Определение мочевины в сыворотке крови на анализаторе","ShortNameRU":"Определение мочевины в сыворотке крови на анализаторе","ShortNameKZ":"Қан сарысуындағы несепнәрді  талдауышта анықтау ","ShortName":"Определение мочевины в сыворотке крови на анализаторе","FullName":"B03.386.002 - Определение мочевины в сыворотке крови на анализаторе","Code":"B03.386.002","ExternalCode":null,"ServiceClassID":5,"ServiceClass":{"ServiceTypeID":2,"OrderBy":5,"MasterDataID":5,"NameRU":"Клиническая химия (биохимия)","NameKZ":"Клиникалық химия (биохимия)","Name":"Клиническая химия (биохимия)","PublicCode":"500","EndDate":null,"ID":"5","StrID":"5"},"Service":{"NameRU":"Определение мочевины в сыворотке крови на анализаторе","NameKZ":"Қан сарысуындағы несепнәрді талдауышта анықтау","Name":"Определение мочевины в сыворотке крови на анализаторе","ShortNameRU":"Мочевина на анализаторе","ShortNameKZ":"Мочевина на анализаторе","ShortName":"Мочевина на анализаторе","FullName":"B03.386.002 - Определение мочевины в сыворотке крови на анализаторе","Code":"B03.386.002","ServiceClassID":5,"ServiceClass":null,"ServiceSubClassID":6,"ServiceSubClass":null,"MaterialTypeID":202,"MaterialType":null,"MasterDataID":3136,"ID":"295","StrID":"295"},"MasterDataID":8269504,"ServiceSubClassID":6,"PayType":1,"ServiceSubClass":null,"ID":"2164626","StrID":"2164626"},"FullName":"B03.386.002 - Определение мочевины в сыворотке крови на анализаторе  () ","IsMain":true,"SourceID":"144957850_33971920","WorkPlaceID":20747,"WorkPlace":null,"DriverManager":null,"ParameterID":null,"Parameter":null,"AdditionalInfo":null,"Status":1,"PerformetServiceCount":7,"ResearchResultCount":0,"ApproveResearchResultCount":0,"NotSaveResearchResultCount":0,"ParentID":null,"ScreeningCandidatePlanGuid":null,"ScreeningUrl":null,"TakePlace":null,"MaterialTypeID":null,"MaterialType":null,"PartCount":0,"IsOrderProductionControl":false,"Uid":"0b5559e2-4559-486f-acd3-9b55058e6631","OrderPerformerServices":[],"OrderResearchAllergens":[],"Results":[],"IsResumed":false,"ExecutionType":0,"ID":"67062580","StrID":"67062580"},"ParameterID":200852,"Parameter":{"ShortNameRU":"мочевина в сыворотке крови","ShortNameKZ":"қан сарысуындағы несепнәр","ShortName":"мочевина в сыворотке крови","DataType":0,"DataTypeName":"Число","UnitTypeID":100051,"UnitType":null,"MedicalFormID":null,"MasterDataID":0,"MedicalForm":null,"NameWithDataType":"мочевина в сыворотке крови  (Число)","NameRU":"мочевина в сыворотке крови","NameKZ":"қан сарысуындағы несепнәр","Name":"мочевина в сыворотке крови","PublicCode":"20085200","EndDate":null,"ID":"200852","StrID":"200852"},"ParameterValues":null,"ParameterValueID":null,"ParameterValue":null,"ResultText":"5.94","ResultValue":"5.94","ResultDate":"2026-08-31T10:16:24.0989412+05:00","PostID":"189416","Post":null,"ExecuteMethod":2,"SourceResultText":"5.94","SourceResultValue":"5.94","SourceResultExpression":null,"SourceUnitTypeID":100051,"SourceUnitType":{"OrderBy":52,"MasterDataID":null,"CDD_ID":null,"NameRU":"ммоль/л","NameKZ":"ммоль/л","Name":"ммоль/л","PublicCode":"10005100","EndDate":null,"ID":"100051","StrID":"100051"},"MultiplierID":null,"IsApproved":false,"IsValidated":false,"StandardMatchType":0,"ApproveDate":null,"ApprovePostID":null,"ApprovePost":null,"OrderNum":1,"WorkPlaceID":20747,"OrderID":null,"BacteriologyResult":null,"AnalyzerId":38,"IsOrderProductionControl":false,"ID":"207163507","StrID":"207163507"}
31.08.2026 10:16:23	Information:	Result object to save: 
31.08.2026 10:16:23	Information:	{"OrderResearchID":67062579,"OrderResearch":null,"ParameterID":200744,"Parameter":{"ShortNameRU":"креатинин в крови","ShortNameKZ":"қандағы креатинин","ShortName":"креатинин в крови","DataType":0,"DataTypeName":"Число","UnitTypeID":100041,"UnitType":{"NameRU":"мкмоль/л","NameKZ":"мкмоль/л","Name":"мкмоль/л","PublicCode":"10004100","OrderBy":42,"ID":100041,"StrID":"100041"},"MedicalFormID":null,"MedicalForm":null,"NameRU":"креатинин в крови","NameKZ":"қандағы креатинин","Name":"креатинин в крови","PublicCode":"20074400","OrderBy":null,"ID":200744,"StrID":"200744"},"ParameterValueID":null,"ParameterValue":null,"ResultText":"33.85","ResultValue":null,"ResultDate":"2026-08-31T10:16:23.4490327+05:00","PostID":0,"Post":null,"ExecuteMethod":2,"SourceResultText":"33.85","SourceResultValue":null,"SourceResultExpression":null,"SourceUnitTypeID":100041,"SourceUnitType":{"NameRU":"мкмоль/л","NameKZ":"мкмоль/л","Name":"мкмоль/л","PublicCode":"10004100","OrderBy":42,"ID":100041,"StrID":"100041"},"IsApproved":false,"ApproveDate":null,"ApprovePostID":null,"ApprovePost":null,"OrderNum":1,"WorkPlaceID":20747,"DriverManagerID":150,"BacteriologyResult":null,"AnalyzerId":38,"IsOrderProductionControl":false,"ID":0,"StrID":"0"}
31.08.2026 10:16:23	Information:	Save string: 
31.08.2026 10:16:23	Information:	{"OrderResearchID":67062579,"OrderResearch":{"OrderID":31118286,"ServiceMoID":2164651,"ServiceMoMasterDataID":8269505,"ServiceMo":{"OrgHealthCareID":"45500000000000909","ServiceID":296,"NameRU":"Определение креатинина в сыворотке крови на анализаторе","NameKZ":"Қан сарысуындағы  креатининді талдауышта анықтау ","Name":"Определение креатинина в сыворотке крови на анализаторе","ShortNameRU":"Определение креатинина в сыворотке крови на анализаторе","ShortNameKZ":"Қан сарысуындағы  креатининді талдауышта анықтау ","ShortName":"Определение креатинина в сыворотке крови на анализаторе","FullName":"B03.363.002 - Определение креатинина в сыворотке крови на анализаторе","Code":"B03.363.002","ExternalCode":null,"ServiceClassID":5,"ServiceClass":{"ServiceTypeID":2,"OrderBy":5,"MasterDataID":5,"NameRU":"Клиническая химия (биохимия)","NameKZ":"Клиникалық химия (биохимия)","Name":"Клиническая химия (биохимия)","PublicCode":"500","EndDate":null,"ID":"5","StrID":"5"},"Service":{"NameRU":"Определение креатинина в сыворотке крови на анализаторе","NameKZ":"Қан сарысуындағы креатининді талдауышта анықтау","Name":"Определение креатинина в сыворотке крови на анализаторе","ShortNameRU":"Креатинин на анализаторе","ShortNameKZ":"Креатинин на анализаторе","ShortName":"Креатинин на анализаторе","FullName":"B03.363.002 - Определение креатинина в сыворотке крови на анализаторе","Code":"B03.363.002","ServiceClassID":5,"ServiceClass":null,"ServiceSubClassID":6,"ServiceSubClass":null,"MaterialTypeID":202,"MaterialType":null,"MasterDataID":3137,"ID":"296","StrID":"296"},"MasterDataID":8269505,"ServiceSubClassID":6,"PayType":1,"ServiceSubClass":null,"ID":"2164651","StrID":"2164651"},"FullName":"B03.363.002 - Определение креатинина в сыворотке крови на анализаторе  () ","IsMain":true,"SourceID":"144957850_33971919","WorkPlaceID":20747,"WorkPlace":null,"DriverManager":null,"ParameterID":null,"Parameter":null,"AdditionalInfo":null,"Status":1,"PerformetServiceCount":7,"ResearchResultCount":0,"ApproveResearchResultCount":0,"NotSaveResearchResultCount":0,"ParentID":null,"ScreeningCandidatePlanGuid":null,"ScreeningUrl":null,"TakePlace":null,"MaterialTypeID":null,"MaterialType":null,"PartCount":0,"IsOrderProductionControl":false,"Uid":"0d92b690-26cd-40de-b06a-776377e72026","OrderPerformerServices":[],"OrderResearchAllergens":[],"Results":[],"IsResumed":false,"ExecutionType":0,"ID":"67062579","StrID":"67062579"},"ParameterID":200744,"Parameter":{"ShortNameRU":"креатинин в крови","ShortNameKZ":"қандағы креатинин","ShortName":"креатинин в крови","DataType":0,"DataTypeName":"Число","UnitTypeID":100041,"UnitType":null,"MedicalFormID":null,"MasterDataID":0,"MedicalForm":null,"NameWithDataType":"креатинин в крови  (Число)","NameRU":"креатинин в крови","NameKZ":"қандағы креатинин","Name":"креатинин в крови","PublicCode":"20074400","EndDate":null,"ID":"200744","StrID":"200744"},"ParameterValues":null,"ParameterValueID":null,"ParameterValue":null,"ResultText":"33.85","ResultValue":"33.85","ResultDate":"2026-08-31T10:16:24.1574876+05:00","PostID":"189416","Post":null,"ExecuteMethod":2,"SourceResultText":"33.85","SourceResultValue":"33.85","SourceResultExpression":null,"SourceUnitTypeID":100041,"SourceUnitType":{"OrderBy":42,"MasterDataID":null,"CDD_ID":null,"NameRU":"мкмоль/л","NameKZ":"мкмоль/л","Name":"мкмоль/л","PublicCode":"10004100","EndDate":null,"ID":"100041","StrID":"100041"},"MultiplierID":null,"IsApproved":false,"IsValidated":false,"StandardMatchType":0,"ApproveDate":null,"ApprovePostID":null,"ApprovePost":null,"OrderNum":1,"WorkPlaceID":20747,"OrderID":null,"BacteriologyResult":null,"AnalyzerId":38,"IsOrderProductionControl":false,"ID":"207163508","StrID":"207163508"}
31.08.2026 10:16:23	Debug:	 SendResults SaveDeviceResults = 651 ms
31.08.2026 10:16:23	Debug:	 total for SendResults = 1017 ms
31.08.2026 10:17:20	Information:	url https://lab-vko.dmed.kz/ /api/DriverManager/PingDevice
31.08.2026 10:17:20	Information:	{
"Hash": "w9LjvpRCyoByGV3Lzv0iX9dSI0tLK0uV+pRojL1kufc=",
"Status": 0
}


31.08.2026 10:17:20	Information:	Ping ret is {"Status":0,"Comment":null}
31.08.2026 10:18:21	Information:	Received bytes(encoded):MSH|^~\&|||||20260831101723||ORU^R01|12|P|2.3.1||||0||ASCII|||PID|12|||||||O|||||||||||||||||||||||OBR|12|51562973|3|^|N|20260831091607|20260831091556|20260831091556||1^3||||20260831091556|?????|||||||||||||||||||||||||||||||||OBX|1|NM|Glu-G|Glucose (GOD-POD Method)|2.127195|mmol/L|-|N|||F||2.127195|20260831101651|||0|RGTE|OBX|2|NM|T-Bil-V|Bilirubin Total (VOX Method)|5.084364|?mol/L|-|N|||F||5.084364|20260831101653|||0||OBX|3|NM|D-Bil-V|Bilirubin Direct (VOX Method)|1.545288|?mol/L|-|N|||F||1.545288|20260831101708|||0||OBX|4|NM|ALT|Alanine Aminotransferase|8.796166|U/L|-|N|||F||8.796166|20260831101521|||0||OBX|5|NM|AST|Aspartate Aminotransferase|25.758969|U/L|-|N|||F||25.758969|20260831101536|||0||OBX|6|NM|TP|Total Protein|67.099162|g/L|-|N|||F||67.099162|20260831101723|||0||OBX|7|NM|CREA-S|Creatinine (Sarcosine Oxidase Method)|27.895952|?mol/L|-|N|||F||27.895952|20260831101721|||0||OBX|8|NM|UREA|Urea|3.663765|mmol/L|-|N|||F||3.663765|20260831101606|||0||OBX|9|NM||AST/ALT|2.931818||-|N|||F||2.931
31.08.2026 10:18:21	Information:	Add Frame:
31.08.2026 10:18:21	Information:	MSH|^~\&|||||20260831101723||ORU^R01|12|P|2.3.1||||0||ASCII|||
31.08.2026 10:18:21	Information:	In Header
31.08.2026 10:18:21	Information:	MessageType: ORU
31.08.2026 10:18:21	Information:	After message type
31.08.2026 10:18:21	Information:	After ask
31.08.2026 10:18:21	Information:	After version
31.08.2026 10:18:21	Information:	Add Frame:
31.08.2026 10:18:21	Information:	PID|12|||||||O|||||||||||||||||||||||
31.08.2026 10:18:21	Information:	Add Frame:
31.08.2026 10:18:21	Information:	OBR|12|51562973|3|^|N|20260831091607|20260831091556|20260831091556||1^3||||20260831091556|?????|||||||||||||||||||||||||||||||||
31.08.2026 10:18:21	Information:	Add Frame:
31.08.2026 10:18:21	Information:	OBX|1|NM|Glu-G|Glucose (GOD-POD Method)|2.127195|mmol/L|-|N|||F||2.127195|20260831101651|||0|RGTE|
31.08.2026 10:18:21	Information:	Add Frame:
31.08.2026 10:18:21	Information:	OBX|2|NM|T-Bil-V|Bilirubin Total (VOX Method)|5.084364|?mol/L|-|N|||F||5.084364|20260831101653|||0||
31.08.2026 10:18:21	Information:	Add Frame:
31.08.2026 10:18:21	Information:	OBX|3|NM|D-Bil-V|Bilirubin Direct (VOX Method)|1.545288|?mol/L|-|N|||F||1.545288|20260831101708|||0||
31.08.2026 10:18:21	Information:	Add Frame:
31.08.2026 10:18:21	Information:	OBX|4|NM|ALT|Alanine Aminotransferase|8.796166|U/L|-|N|||F||8.796166|20260831101521|||0||
31.08.2026 10:18:21	Information:	Add Frame:
31.08.2026 10:18:21	Information:	OBX|5|NM|AST|Aspartate Aminotransferase|25.758969|U/L|-|N|||F||25.758969|20260831101536|||0||
31.08.2026 10:18:21	Information:	Add Frame:
31.08.2026 10:18:21	Information:	OBX|6|NM|TP|Total Protein|67.099162|g/L|-|N|||F||67.099162|20260831101723|||0||
31.08.2026 10:18:21	Information:	Add Frame:
31.08.2026 10:18:21	Information:	OBX|7|NM|CREA-S|Creatinine (Sarcosine Oxidase Method)|27.895952|?mol/L|-|N|||F||27.895952|20260831101721|||0||
31.08.2026 10:18:21	Information:	Add Frame:
31.08.2026 10:18:21	Information:	OBX|8|NM|UREA|Urea|3.663765|mmol/L|-|N|||F||3.663765|20260831101606|||0||
31.08.2026 10:18:21	Information:	Received bytes(encoded):818||||||
31.08.2026 10:18:21	Information:	Add Frame:
31.08.2026 10:18:21	Information:	OBX|9|NM||AST/ALT|2.931818||-|N|||F||2.931818||||||
31.08.2026 10:18:21	Information:	Add Frame:
31.08.2026 10:18:21	Information:	
31.08.2026 10:18:21	Debug:	read message: 2ms
31.08.2026 10:18:21	Information:	The answer message is created successfully
31.08.2026 10:18:21	Information:	Sending answer...
31.08.2026 10:18:21	Information:	We are in ORU Message
31.08.2026 10:18:21	Information:	MSH MSH|^~\&|||||20260831101723||ORU^R01|12|P|2.3.1||||0||ASCII||||
31.08.2026 10:18:21	Information:	PID PID|12|||||||O||||||||||||||||||||||||
31.08.2026 10:18:21	Information:	PatientRecord in message is successfully  processed
31.08.2026 10:18:21	Information:	The patient order is successfully processed
31.08.2026 10:18:21	Information:	The order record is successfully processed
31.08.2026 10:18:21	Information:	The order record is successfully processed
31.08.2026 10:18:21	Information:	The order record is successfully processed
31.08.2026 10:18:21	Information:	The order record is successfully processed
31.08.2026 10:18:21	Information:	The order record is successfully processed
31.08.2026 10:18:21	Information:	The order record is successfully processed
31.08.2026 10:18:21	Information:	The order record is successfully processed
31.08.2026 10:18:21	Information:	The order record is successfully processed
31.08.2026 10:18:21	Information:	The order record is successfully processed
31.08.2026 10:18:21	Information:	The ORU message is successfully processed
31.08.2026 10:18:21	Debug:	Process message: 7ms
31.08.2026 10:18:21	Debug:	Total time : 11ms
31.08.2026 10:18:21	Information:	Sended bytes:  11 77 83 72 124 94 126 92 38 124 77 105 110 100 114 97 121 124 124 124 124 50 48 50 54 48 56 51 49 49 48 49 56 50 49 124 124 65 67 75 94 82 48 49 124 49 50 124 80 124 50 46 51 46 49 124 124 124 124 48 124 124 117 115 45 97 115 99 105 105 124 124 124 13 77 83 65 124 65 65 124 49 50 124 77 101 115 115 97 103 101 32 97 99 99 101 112 116 101 100 124 124 124 48 124 13 28 13
31.08.2026 10:18:21	Information:	Sended string MSH|^~\&|Mindray||||20260831101821||ACK^R01|12|P|2.3.1||||0||us-ascii|||MSA|AA|12|Message accepted|||0|
31.08.2026 10:18:23	Debug:	SendResults:	check DriverRequests=	0	ms
31.08.2026 10:18:23	Information:	ByBarcode 51562973
31.08.2026 10:18:23	Information:	GetLinesByBarcodes
31.08.2026 10:18:23	Information:	{
"WorkPlaceID": 20747,
"BeginDate": "2026-06-01",
"EndDate": "2026-09-01",
"OrderNumber": "51562973",
"Offset": 0,
"Limit": 1
}


31.08.2026 10:18:23	Information:	GetByBarcodeReturn: 
31.08.2026 10:18:23	Information:	{"Data":[{"ID":31114047,"StrID":"31114047","OrderNumber":"51562973","OrderRegDate":"2026-08-28T13:21:39.803","PlanExecutionDate":"2026-08-28T13:21:00","SenderMoID":45500000000000909,"SenderMo":{"NameRU":"Некоммерческое акционерное общество \"Медицинский университет Семей\"","NameKZ":"\"Семей медицина университеті\" коммерциялық емес акционерлік қоғамы","Name":"Некоммерческое акционерное общество \"Медицинский университет Семей\"","ShortNameRU":"НАО \"МУС\"","ShortNameKZ":"\"СМУ\" КеАҚ","ShortName":"НАО \"МУС\"","PublicCode":"237J","AddressRU":"ВКО, г. Семей, ул. Абая Кунанбаева 103","AddressKZ":"ВКО, г. Семей, ул. Абая Кунанбаева 103","Address":"ВКО, г. Семей, ул. Абая Кунанбаева 103","OriginalID":"45500000000000909","IsWork":true,"RegionID":20,"BIN":"190240004938","MasterDataID":4911,"PhonesData":{"OrgHealthCarePhones":[]},"IsPostmortem":false,"IsHospital":true,"Code":null,"ID":"45500000000000909","StrID":"45500000000000909"},"ReceiverMoID":45500000000000909,"ReceiverMo":null,"PatientDetailID":41022314,"PatientDetail":{"PersonID":"1987415","Person":{"IIN":"220725650012","LastName":"НУРЖАНОВА","FirstName":"АЛИМА","SecondName":"ЕРЗАТҚЫЗЫ","FullName":"НУРЖАНОВА АЛИМА ЕРЗАТҚЫЗЫ","FullNameIOF":"АЛИМА ЕРЗАТҚЫЗЫ НУРЖАНОВА","DisplayText":"220725650012 АЛИМА ЕРЗАТҚЫЗЫ НУРЖАНОВА 25.07.2022","IinFullName":"220725650012 - НУРЖАНОВА АЛИМА ЕРЗАТҚЫЗЫ","BirthDate":"2022-07-25T00:00:00","BirthDateStr":"25.07.2022","DeathDate":null,"DeathDateStr":"","BioSexID":2,"BioSex":null,"NationalityID":null,"Nationality":null,"CitizenshipID":85,"Citizenship":null,"MasterDataID":145543968,"RpnID":"15300000051701958","KmisID":"60300000001348732","Type":1,"Age":0,"IsStillborn":false,"IsEarlyNeonatalDeathUp28days":false,"IsDeadPerson":false,"ID":"1987415","StrID":"1987415"},"AddressRU":" РЕСПУБЛИКА: Казахстан , ОБЛАСТЬ: Абайская , РАЙОН: УРДЖАРСКИЙ, СЕЛЬСКИЙ ОКРУГ: УРДЖАРСКИЙ, АУЛ(СЕЛО): УРДЖАР, УЛИЦА: ФУРМАНОВА, ДОМ: 177","AddressKZ":" : Қазақстан , Абай облысы, ҮРЖАР ауданы, ҮРЖАР ауылды округы, ҮРЖАР ауылы, ФУРМАНОВА көшесі, ҮЙ: 177","Address":" РЕСПУБЛИКА: Казахстан , ОБЛАСТЬ: Абайская , РАЙОН: УРДЖАРСКИЙ, СЕЛЬСКИЙ ОКРУГ: УРДЖАРСКИЙ, АУЛ(СЕЛО): УРДЖАР, УЛИЦА: ФУРМАНОВА, ДОМ: 177","MasterDataAddressID":2782770,"WorkPlace":null,"WorkPosition":null,"DocumentNumber":null,"DocumentTypeID":null,"DocumentType":null,"NationalityID":null,"DocumentTypeName":null,"Phones":null,"ExternalCardID":"5966120","CardType":1,"CardNumber":"66384","CitizenshipCategoryID":1,"CitizenshipCategory":null,"ResidenceTypeID":3,"ResidenceType":null,"MotherPersonID":947767,"MotherPerson":null,"IsForeigner":false,"IsHomeless":false,"IsDeadPerson":false,"IsResident":true,"ID":"41022314","StrID":"41022314"},"Person":{"IIN":"220725650012","LastName":"НУРЖАНОВА","FirstName":"АЛИМА","SecondName":"ЕРЗАТҚЫЗЫ","FullName":"НУРЖАНОВА АЛИМА ЕРЗАТҚЫЗЫ","FullNameIOF":"АЛИМА ЕРЗАТҚЫЗЫ НУРЖАНОВА","DisplayText":"220725650012 АЛИМА ЕРЗАТҚЫЗЫ НУРЖАНОВА 25.07.2022","IinFullName":"220725650012 - НУРЖАНОВА АЛИМА ЕРЗАТҚЫЗЫ","BirthDate":"2022-07-25T00:00:00","BirthDateStr":"25.07.2022","DeathDate":null,"DeathDateStr":"","BioSexID":2,"BioSex":null,"NationalityID":null,"Nationality":null,"CitizenshipID":85,"Citizenship":null,"MasterDataID":145543968,"RpnID":"15300000051701958","KmisID":"60300000001348732","Type":1,"Age":0,"IsStillborn":false,"IsEarlyNeonatalDeathUp28days":false,"IsDeadPerson":false,"ID":"1987415","StrID":"1987415"},"IsCito":false,"ExternalSystem":1,"OrderResultFileID":null,"OrderResultFileStorageID":null,"OrderResultDate":null,"Status":1,"DeleteDate":null,"ResultNotes":null,"Comment":"","ExternalOrderNumber":"51562973","ExaminationTypeID":null,"ExaminationType":null,"ExaminationIndicationID":null,"ExaminationIndication":null,"Uid":"F52644D0-E65C-431B-BF76-8774212EAF8F","SenderPostFullName":"ХАСЕНОВ БЕКЗАТ ҚАЙРАТҰЛЫ","SenderFuncStructureNameRU":"Отделение детской травматологии","SenderFuncStructureNameKZ":"Балалар травматологиясы бөлімі","IsSamplingOfMaterialsAtReceiver":false,"MisID":42109741,"Materials":[{"OrderID":31114047,"Uid":"261621b2-48ed-4f00-bf05-06241a5d8f73","MaterialNumber":"51562973","MaterialTypeID":363,"MaterialType":{"OrderBy":0,"ParentID":202,"HasChildren":false,"MasterDataID":489,"Parent":null,"NameRU":"Кровь венозная","NameKZ":"Кровь венозная","Name":"Кровь венозная","PublicCode":"36300","EndDate":null,"ID":"363","StrID":"363"},"TakeDate":"2026-08-28T13:21:00","TakeDateStr":"28.08.2026 13:21","TakePlace":"ДЕТ Т О","RejectionReason":null,"RejectionTakenMeasures":null,"ReceiptDate":null,"ReceiptDateStr":null,"RejectionCreatePostID":null,"RejectionCreatePost":null,"SampleCollectorPostIIN":"730829401053","SampleCollectorPostID":null,"Researches":[],"RejectedMaterialImageID":null,"File":null,"ID":"31400615","StrID":"31400615"}],"Researches":[]}],"Total":1}
31.08.2026 10:18:23	Information:	OrderedWW 51562973 Biomat 0 Device 20747
31.08.2026 10:18:23	Information:	ResearchResult
31.08.2026 10:18:23	Information:	{
"OrderID": "31114047",
"WorkPlaceID": 20747
}


31.08.2026 10:18:23	Information:	[{"OrderResearchID":67055324,"OrderResearch":null,"ParameterID":200918,"Parameter":{"ShortNameRU":"общий белок в сыворотке крови","ShortNameKZ":"қан сарысуындағы жалпы ақуыз","ShortName":"общий белок в сыворотке крови","DataType":0,"DataTypeName":"Число","UnitTypeID":100012,"UnitType":{"OrderBy":13,"MasterDataID":null,"CDD_ID":null,"NameRU":"г/л","NameKZ":"г/л","Name":"г/л","PublicCode":"10001200","EndDate":null,"ID":"100012","StrID":"100012"},"MedicalFormID":null,"MasterDataID":0,"MedicalForm":null,"NameWithDataType":"общий белок в сыворотке крови  (Число)","NameRU":"общий белок в сыворотке крови","NameKZ":"қан сарысуындағы жалпы ақуыз","Name":"общий белок в сыворотке крови","PublicCode":"20091800","EndDate":null,"ID":"200918","StrID":"200918"},"ParameterValues":null,"ParameterValueID":null,"ParameterValue":null,"ResultText":null,"ResultValue":null,"ResultDate":"2026-08-31T10:18:24.7392533+05:00","PostID":"0","Post":null,"ExecuteMethod":2,"SourceResultText":null,"SourceResultValue":null,"SourceResultExpression":null,"SourceUnitTypeID":100012,"SourceUnitType":{"OrderBy":13,"MasterDataID":null,"CDD_ID":null,"NameRU":"г/л","NameKZ":"г/л","Name":"г/л","PublicCode":"10001200","EndDate":null,"ID":"100012","StrID":"100012"},"MultiplierID":null,"IsApproved":false,"IsValidated":false,"StandardMatchType":0,"ApproveDate":null,"ApprovePostID":null,"ApprovePost":null,"OrderNum":1,"WorkPlaceID":20747,"OrderID":null,"BacteriologyResult":null,"AnalyzerId":null,"IsOrderProductionControl":false,"ID":"0","StrID":"0"},{"OrderResearchID":67055328,"OrderResearch":null,"ParameterID":200357,"Parameter":{"ShortNameRU":"АЛаТ","ShortNameKZ":"АЛаТ","ShortName":"АЛаТ","DataType":0,"DataTypeName":"Число","UnitTypeID":100030,"UnitType":{"OrderBy":31,"MasterDataID":null,"CDD_ID":null,"NameRU":"МЕ/л","NameKZ":"ХБ/л","Name":"МЕ/л","PublicCode":"10003000","EndDate":null,"ID":"100030","StrID":"100030"},"MedicalFormID":null,"MasterDataID":0,"MedicalForm":null,"NameWithDataType":"АЛаТ  (Число)","NameRU":"АЛаТ","NameKZ":"АЛаТ","Name":"АЛаТ","PublicCode":"20035700","EndDate":null,"ID":"200357","StrID":"200357"},"ParameterValues":null,"ParameterValueID":null,"ParameterValue":null,"ResultText":null,"ResultValue":null,"ResultDate":"2026-08-31T10:18:24.7435037+05:00","PostID":"0","Post":null,"ExecuteMethod":2,"SourceResultText":null,"SourceResultValue":null,"SourceResultExpression":null,"SourceUnitTypeID":100030,"SourceUnitType":{"OrderBy":31,"MasterDataID":null,"CDD_ID":null,"NameRU":"МЕ/л","NameKZ":"ХБ/л","Name":"МЕ/л","PublicCode":"10003000","EndDate":null,"ID":"100030","StrID":"100030"},"MultiplierID":null,"IsApproved":false,"IsValidated":false,"StandardMatchType":0,"ApproveDate":null,"ApprovePostID":null,"ApprovePost":null,"OrderNum":1,"WorkPlaceID":20747,"OrderID":null,"BacteriologyResult":null,"AnalyzerId":null,"IsOrderProductionControl":false,"ID":"0","StrID":"0"},{"OrderResearchID":67055327,"OrderResearch":null,"ParameterID":201032,"Parameter":{"ShortNameRU":"прямой билирубин в сыворотке крови","ShortNameKZ":"қан сарысуындағы тікелей билирубин","ShortName":"прямой билирубин в сыворотке крови","DataType":0,"DataTypeName":"Число","UnitTypeID":100041,"UnitType":{"OrderBy":42,"MasterDataID":null,"CDD_ID":null,"NameRU":"мкмоль/л","NameKZ":"мкмоль/л","Name":"мкмоль/л","PublicCode":"10004100","EndDate":null,"ID":"100041","StrID":"100041"},"MedicalFormID":null,"MasterDataID":0,"MedicalForm":null,"NameWithDataType":"прямой билирубин в сыворотке крови  (Число)","NameRU":"прямой билирубин в сыворотке крови","NameKZ":"қан сарысуындағы тікелей билирубин","Name":"прямой билирубин в сыворотке крови","PublicCode":"20103200","EndDate":null,"ID":"201032","StrID":"201032"},"ParameterValues":null,"ParameterValueID":null,"ParameterValue":null,"ResultText":null,"ResultValue":null,"ResultDate":"2026-08-31T10:18:24.7492838+05:00","PostID":"0","Post":null,"ExecuteMethod":2,"SourceResultText":null,"SourceResultValue":null,"SourceResultExpression":null,"SourceUnitTypeID":100041,"SourceUnitType":{"OrderBy":42,"MasterDataID":null,"CDD_ID":null,"NameRU":"мкмоль/л","NameKZ":"мкмоль/л","Name":"мкмоль/л","PublicCode":"10004100","EndDate":null,"ID":"100041","StrID":"100041"},"MultiplierID":null,"IsApproved":false,"IsValidated":false,"StandardMatchType":0,"ApproveDate":null,"ApprovePostID":null,"ApprovePost":null,"OrderNum":1,"WorkPlaceID":20747,"OrderID":null,"BacteriologyResult":null,"AnalyzerId":null,"IsOrderProductionControl":false,"ID":"0","StrID":"0"},{"OrderResearchID":67055326,"OrderResearch":null,"ParameterID":200919,"Parameter":{"ShortNameRU":"общий билирубин в сыворотке крови","ShortNameKZ":"қан сарысуындағы жалпы билирубин","ShortName":"общий билирубин в сыворотке крови","DataType":0,"DataTypeName":"Число","UnitTypeID":100041,"UnitType":{"OrderBy":42,"MasterDataID":null,"CDD_ID":null,"NameRU":"мкмоль/л","NameKZ":"мкмоль/л","Name":"мкмоль/л","PublicCode":"10004100","EndDate":null,"ID":"100041","StrID":"100041"},"MedicalFormID":null,"MasterDataID":0,"MedicalForm":null,"NameWithDataType":"общий билирубин в сыворотке крови  (Число)","NameRU":"общий билирубин в сыворотке крови","NameKZ":"қан сарысуындағы жалпы билирубин","Name":"общий билирубин в сыворотке крови","PublicCode":"20091900","EndDate":null,"ID":"200919","StrID":"200919"},"ParameterValues":null,"ParameterValueID":null,"ParameterValue":null,"ResultText":null,"ResultValue":null,"ResultDate":"2026-08-31T10:18:24.7523701+05:00","PostID":"0","Post":null,"ExecuteMethod":2,"SourceResultText":null,"SourceResultValue":null,"SourceResultExpression":null,"SourceUnitTypeID":100041,"SourceUnitType":{"OrderBy":42,"MasterDataID":null,"CDD_ID":null,"NameRU":"мкмоль/л","NameKZ":"мкмоль/л","Name":"мкмоль/л","PublicCode":"10004100","EndDate":null,"ID":"100041","StrID":"100041"},"MultiplierID":null,"IsApproved":false,"IsValidated":false,"StandardMatchType":0,"ApproveDate":null,"ApprovePostID":null,"ApprovePost":null,"OrderNum":1,"WorkPlaceID":20747,"OrderID":null,"BacteriologyResult":null,"AnalyzerId":null,"IsOrderProductionControl":false,"ID":"0","StrID":"0"},{"OrderResearchID":67055329,"OrderResearch":null,"ParameterID":200408,"Parameter":{"ShortNameRU":"АСаТ","ShortNameKZ":"АСаТ","ShortName":"АСаТ","DataType":0,"DataTypeName":"Число","UnitTypeID":100030,"UnitType":{"OrderBy":31,"MasterDataID":null,"CDD_ID":null,"NameRU":"МЕ/л","NameKZ":"ХБ/л","Name":"МЕ/л","PublicCode":"10003000","EndDate":null,"ID":"100030","StrID":"100030"},"MedicalFormID":null,"MasterDataID":0,"MedicalForm":null,"NameWithDataType":"АСаТ  (Число)","NameRU":"АСаТ","NameKZ":"АСаТ","Name":"АСаТ","PublicCode":"20040800","EndDate":null,"ID":"200408","StrID":"200408"},"ParameterValues":null,"ParameterValueID":null,"ParameterValue":null,"ResultText":null,"ResultValue":null,"ResultDate":"2026-08-31T10:18:24.7564969+05:00","PostID":"0","Post":null,"ExecuteMethod":2,"SourceResultText":null,"SourceResultValue":null,"SourceResultExpression":null,"SourceUnitTypeID":100030,"SourceUnitType":{"OrderBy":31,"MasterDataID":null,"CDD_ID":null,"NameRU":"МЕ/л","NameKZ":"ХБ/л","Name":"МЕ/л","PublicCode":"10003000","EndDate":null,"ID":"100030","StrID":"100030"},"MultiplierID":null,"IsApproved":false,"IsValidated":false,"StandardMatchType":0,"ApproveDate":null,"ApprovePostID":null,"ApprovePost":null,"OrderNum":1,"WorkPlaceID":20747,"OrderID":null,"BacteriologyResult":null,"AnalyzerId":null,"IsOrderProductionControl":false,"ID":"0","StrID":"0"},{"OrderResearchID":67055325,"OrderResearch":null,"ParameterID":200549,"Parameter":{"ShortNameRU":"глюкоза в сыворотке крови","ShortNameKZ":"қан сарысуындағы глюкоза","ShortName":"глюкоза в сыворотке крови","DataType":0,"DataTypeName":"Число","UnitTypeID":100051,"UnitType":{"OrderBy":52,"MasterDataID":null,"CDD_ID":null,"NameRU":"ммоль/л","NameKZ":"ммоль/л","Name":"ммоль/л","PublicCode":"10005100","EndDate":null,"ID":"100051","StrID":"100051"},"MedicalFormID":null,"MasterDataID":0,"MedicalForm":null,"NameWithDataType":"глюкоза в сыворотке крови  (Число)","NameRU":"глюкоза в сыворотке крови","NameKZ":"қан сарысуындағы глюкоза","Name":"глюкоза в сыворотке крови","PublicCode":"20054900","EndDate":null,"ID":"200549","StrID":"200549"},"ParameterValues":null,"ParameterValueID":null,"ParameterValue":null,"ResultText":null,"ResultValue":null,"ResultDate":"2026-08-31T10:18:24.7596199+05:00","PostID":"0","Post":null,"ExecuteMethod":2,"SourceResultText":null,"SourceResultValue":null,"SourceResultExpression":null,"SourceUnitTypeID":100051,"SourceUnitType":{"OrderBy":52,"MasterDataID":null,"CDD_ID":null,"NameRU":"ммоль/л","NameKZ":"ммоль/л","Name":"ммоль/л","PublicCode":"10005100","EndDate":null,"ID":"100051","StrID":"100051"},"MultiplierID":null,"IsApproved":false,"IsValidated":false,"StandardMatchType":0,"ApproveDate":null,"ApprovePostID":null,"ApprovePost":null,"OrderNum":1,"WorkPlaceID":20747,"OrderID":null,"BacteriologyResult":null,"AnalyzerId":null,"IsOrderProductionControl":false,"ID":"0","StrID":"0"},{"OrderResearchID":67055330,"OrderResearch":null,"ParameterID":200852,"Parameter":{"ShortNameRU":"мочевина в сыворотке крови","ShortNameKZ":"қан сарысуындағы несепнәр","ShortName":"мочевина в сыворотке крови","DataType":0,"DataTypeName":"Число","UnitTypeID":100051,"UnitType":{"OrderBy":52,"MasterDataID":null,"CDD_ID":null,"NameRU":"ммоль/л","NameKZ":"ммоль/л","Name":"ммоль/л","PublicCode":"10005100","EndDate":null,"ID":"100051","StrID":"100051"},"MedicalFormID":null,"MasterDataID":0,"MedicalForm":null,"NameWithDataType":"мочевина в сыворотке крови  (Число)","NameRU":"мочевина в сыворотке крови","NameKZ":"қан сарысуындағы несепнәр","Name":"мочевина в сыворотке крови","PublicCode":"20085200","EndDate":null,"ID":"200852","StrID":"200852"},"ParameterValues":null,"ParameterValueID":null,"ParameterValue":null,"ResultText":null,"ResultValue":null,"ResultDate":"2026-08-31T10:18:24.7646891+05:00","PostID":"0","Post":null,"ExecuteMethod":2,"SourceResultText":null,"SourceResultValue":null,"SourceResultExpression":null,"SourceUnitTypeID":100051,"SourceUnitType":{"OrderBy":52,"MasterDataID":null,"CDD_ID":null,"NameRU":"ммоль/л","NameKZ":"ммоль/л","Name":"ммоль/л","PublicCode":"10005100","EndDate":null,"ID":"100051","StrID":"100051"},"MultiplierID":null,"IsApproved":false,"IsValidated":false,"StandardMatchType":0,"ApproveDate":null,"ApprovePostID":null,"ApprovePost":null,"OrderNum":1,"WorkPlaceID":20747,"OrderID":null,"BacteriologyResult":null,"AnalyzerId":null,"IsOrderProductionControl":false,"ID":"0","StrID":"0"},{"OrderResearchID":67055331,"OrderResearch":null,"ParameterID":200744,"Parameter":{"ShortNameRU":"креатинин в крови","ShortNameKZ":"қандағы креатинин","ShortName":"креатинин в крови","DataType":0,"DataTypeName":"Число","UnitTypeID":100041,"UnitType":{"OrderBy":42,"MasterDataID":null,"CDD_ID":null,"NameRU":"мкмоль/л","NameKZ":"мкмоль/л","Name":"мкмоль/л","PublicCode":"10004100","EndDate":null,"ID":"100041","StrID":"100041"},"MedicalFormID":null,"MasterDataID":0,"MedicalForm":null,"NameWithDataType":"креатинин в крови  (Число)","NameRU":"креатинин в крови","NameKZ":"қандағы креатинин","Name":"креатинин в крови","PublicCode":"20074400","EndDate":null,"ID":"200744","StrID":"200744"},"ParameterValues":null,"ParameterValueID":null,"ParameterValue":null,"ResultText":null,"ResultValue":null,"ResultDate":"2026-08-31T10:18:24.7677851+05:00","PostID":"0","Post":null,"ExecuteMethod":2,"SourceResultText":null,"SourceResultValue":null,"SourceResultExpression":null,"SourceUnitTypeID":100041,"SourceUnitType":{"OrderBy":42,"MasterDataID":null,"CDD_ID":null,"NameRU":"мкмоль/л","NameKZ":"мкмоль/л","Name":"мкмоль/л","PublicCode":"10004100","EndDate":null,"ID":"100041","StrID":"100041"},"MultiplierID":null,"IsApproved":false,"IsValidated":false,"StandardMatchType":0,"ApproveDate":null,"ApprovePostID":null,"ApprovePost":null,"OrderNum":1,"WorkPlaceID":20747,"OrderID":null,"BacteriologyResult":null,"AnalyzerId":null,"IsOrderProductionControl":false,"ID":"0","StrID":"0"}]
31.08.2026 10:18:23	Information:	TestsWW spec 200918, spec 200357, spec 201032, spec 200919, spec 200408, spec 200549, spec 200852, spec 200744, 
31.08.2026 10:18:23	Information:	Querry lines count: 1
31.08.2026 10:18:23	Debug:	SendResults:	fix DriverRequests=	147	ms
31.08.2026 10:18:23	Information:	SAMPLE! 51562973 DeviceDriverResult Sample: 51562973 Suggest: . Do Request True
31.08.2026 10:18:23	Information:	Sample request count: 1
31.08.2026 10:18:23	Information:	MU is mmol/L
31.08.2026 10:18:23	Information:	Driver Collations count 0
31.08.2026 10:18:23	Information:	MU collations count=0
31.08.2026 10:18:23	Information:	MU is ?mol/L
31.08.2026 10:18:23	Information:	Driver Collations count 0
31.08.2026 10:18:23	Information:	MU collations count=0
31.08.2026 10:18:23	Information:	MU is ?mol/L
31.08.2026 10:18:23	Information:	Driver Collations count 0
31.08.2026 10:18:23	Information:	MU collations count=0
31.08.2026 10:18:23	Information:	MU is U/L
31.08.2026 10:18:23	Information:	Driver Collations count 0
31.08.2026 10:18:23	Information:	MU collations count=0
31.08.2026 10:18:23	Information:	MU is U/L
31.08.2026 10:18:23	Information:	Driver Collations count 0
31.08.2026 10:18:23	Information:	MU collations count=0
31.08.2026 10:18:23	Information:	MU is g/L
31.08.2026 10:18:23	Information:	Driver Collations count 0
31.08.2026 10:18:23	Information:	MU collations count=0
31.08.2026 10:18:23	Information:	MU is ?mol/L
31.08.2026 10:18:23	Information:	Driver Collations count 0
31.08.2026 10:18:23	Information:	MU collations count=0
31.08.2026 10:18:23	Information:	MU is mmol/L
31.08.2026 10:18:23	Information:	Driver Collations count 0
31.08.2026 10:18:23	Information:	MU collations count=0
31.08.2026 10:18:23	Debug:	SendResults:	SetTestsValues first SetTestsValues=	51	ms
31.08.2026 10:18:23	Debug:	SendResults:	Device Total = 200 ms
31.08.2026 10:18:23	Information:	Saving 51562973
31.08.2026 10:18:23	Information:	Start test result saving
31.08.2026 10:18:23	Information:	Result object to save: 
31.08.2026 10:18:23	Information:	{"OrderResearchID":67055324,"OrderResearch":null,"ParameterID":200918,"Parameter":{"ShortNameRU":"общий белок в сыворотке крови","ShortNameKZ":"қан сарысуындағы жалпы ақуыз","ShortName":"общий белок в сыворотке крови","DataType":0,"DataTypeName":"Число","UnitTypeID":100012,"UnitType":{"NameRU":"г/л","NameKZ":"г/л","Name":"г/л","PublicCode":"10001200","OrderBy":13,"ID":100012,"StrID":"100012"},"MedicalFormID":null,"MedicalForm":null,"NameRU":"общий белок в сыворотке крови","NameKZ":"қан сарысуындағы жалпы ақуыз","Name":"общий белок в сыворотке крови","PublicCode":"20091800","OrderBy":null,"ID":200918,"StrID":"200918"},"ParameterValueID":null,"ParameterValue":null,"ResultText":"67.10","ResultValue":null,"ResultDate":"2026-08-31T10:18:24.7392533+05:00","PostID":0,"Post":null,"ExecuteMethod":2,"SourceResultText":"67.10","SourceResultValue":null,"SourceResultExpression":null,"SourceUnitTypeID":100012,"SourceUnitType":{"NameRU":"г/л","NameKZ":"г/л","Name":"г/л","PublicCode":"10001200","OrderBy":13,"ID":100012,"StrID":"100012"},"IsApproved":false,"ApproveDate":null,"ApprovePostID":null,"ApprovePost":null,"OrderNum":1,"WorkPlaceID":20747,"DriverManagerID":150,"BacteriologyResult":null,"AnalyzerId":38,"IsOrderProductionControl":false,"ID":0,"StrID":"0"}
31.08.2026 10:18:23	Information:	Save string: 
31.08.2026 10:18:23	Information:	{"OrderResearchID":67055324,"OrderResearch":{"OrderID":31114047,"ServiceMoID":2163201,"ServiceMoMasterDataID":8269447,"ServiceMo":{"OrgHealthCareID":"45500000000000909","ServiceID":236,"NameRU":"Определение общего белка в сыворотке крови на анализаторе","NameKZ":"Қан сарысуындағы жалпы нәруызды талдауышта анықтау ","Name":"Определение общего белка в сыворотке крови на анализаторе","ShortNameRU":"Определение общего белка в сыворотке крови на анализаторе","ShortNameKZ":"Қан сарысуындағы жалпы нәруызды талдауышта анықтау ","ShortName":"Определение общего белка в сыворотке крови на анализаторе","FullName":"B03.397.002 - Определение общего белка в сыворотке крови на анализаторе","Code":"B03.397.002","ExternalCode":null,"ServiceClassID":5,"ServiceClass":{"ServiceTypeID":2,"OrderBy":5,"MasterDataID":5,"NameRU":"Клиническая химия (биохимия)","NameKZ":"Клиникалық химия (биохимия)","Name":"Клиническая химия (биохимия)","PublicCode":"500","EndDate":null,"ID":"5","StrID":"5"},"Service":{"NameRU":"Определение общего белка в сыворотке крови на анализаторе","NameKZ":"Қан сарысуындағы жалпы нәруызды талдауышта анықтау","Name":"Определение общего белка в сыворотке крови на анализаторе","ShortNameRU":"Общий белок на анализаторе","ShortNameKZ":"Общий белок на анализаторе","ShortName":"Общий белок на анализаторе","FullName":"B03.397.002 - Определение общего белка в сыворотке крови на анализаторе","Code":"B03.397.002","ServiceClassID":5,"ServiceClass":null,"ServiceSubClassID":6,"ServiceSubClass":null,"MaterialTypeID":202,"MaterialType":null,"MasterDataID":3079,"ID":"236","StrID":"236"},"MasterDataID":8269447,"ServiceSubClassID":6,"PayType":1,"ServiceSubClass":null,"ID":"2163201","StrID":"2163201"},"FullName":"B03.397.002 - Определение общего белка в сыворотке крови на анализаторе  () ","IsMain":true,"SourceID":"144932980_33965192","WorkPlaceID":20747,"WorkPlace":null,"DriverManager":null,"ParameterID":null,"Parameter":null,"AdditionalInfo":null,"Status":1,"PerformetServiceCount":7,"ResearchResultCount":0,"ApproveResearchResultCount":0,"NotSaveResearchResultCount":0,"ParentID":null,"ScreeningCandidatePlanGuid":null,"ScreeningUrl":null,"TakePlace":null,"MaterialTypeID":null,"MaterialType":null,"PartCount":0,"IsOrderProductionControl":false,"Uid":"9f48f1c9-003b-49b7-ad9d-1f3fd8acd2ac","OrderPerformerServices":[],"OrderResearchAllergens":[],"Results":[],"IsResumed":false,"ExecutionType":0,"ID":"67055324","StrID":"67055324"},"ParameterID":200918,"Parameter":{"ShortNameRU":"общий белок в сыворотке крови","ShortNameKZ":"қан сарысуындағы жалпы ақуыз","ShortName":"общий белок в сыворотке крови","DataType":0,"DataTypeName":"Число","UnitTypeID":100012,"UnitType":null,"MedicalFormID":null,"MasterDataID":0,"MedicalForm":null,"NameWithDataType":"общий белок в сыворотке крови  (Число)","NameRU":"общий белок в сыворотке крови","NameKZ":"қан сарысуындағы жалпы ақуыз","Name":"общий белок в сыворотке крови","PublicCode":"20091800","EndDate":null,"ID":"200918","StrID":"200918"},"ParameterValues":null,"ParameterValueID":null,"ParameterValue":null,"ResultText":"67.10","ResultValue":"67.10","ResultDate":"2026-08-31T10:18:24.8837301+05:00","PostID":"189416","Post":null,"ExecuteMethod":2,"SourceResultText":"67.10","SourceResultValue":"67.10","SourceResultExpression":null,"SourceUnitTypeID":100012,"SourceUnitType":{"OrderBy":13,"MasterDataID":null,"CDD_ID":null,"NameRU":"г/л","NameKZ":"г/л","Name":"г/л","PublicCode":"10001200","EndDate":null,"ID":"100012","StrID":"100012"},"MultiplierID":null,"IsApproved":false,"IsValidated":false,"StandardMatchType":0,"ApproveDate":null,"ApprovePostID":null,"ApprovePost":null,"OrderNum":1,"WorkPlaceID":20747,"OrderID":null,"BacteriologyResult":null,"AnalyzerId":38,"IsOrderProductionControl":false,"ID":"207163892","StrID":"207163892"}
31.08.2026 10:18:23	Information:	Result object to save: 
31.08.2026 10:18:23	Information:	{"OrderResearchID":67055328,"OrderResearch":null,"ParameterID":200357,"Parameter":{"ShortNameRU":"АЛаТ","ShortNameKZ":"АЛаТ","ShortName":"АЛаТ","DataType":0,"DataTypeName":"Число","UnitTypeID":100030,"UnitType":{"NameRU":"МЕ/л","NameKZ":"ХБ/л","Name":"МЕ/л","PublicCode":"10003000","OrderBy":31,"ID":100030,"StrID":"100030"},"MedicalFormID":null,"MedicalForm":null,"NameRU":"АЛаТ","NameKZ":"АЛаТ","Name":"АЛаТ","PublicCode":"20035700","OrderBy":null,"ID":200357,"StrID":"200357"},"ParameterValueID":null,"ParameterValue":null,"ResultText":"8.80","ResultValue":null,"ResultDate":"2026-08-31T10:18:24.7435037+05:00","PostID":0,"Post":null,"ExecuteMethod":2,"SourceResultText":"8.80","SourceResultValue":null,"SourceResultExpression":null,"SourceUnitTypeID":100030,"SourceUnitType":{"NameRU":"МЕ/л","NameKZ":"ХБ/л","Name":"МЕ/л","PublicCode":"10003000","OrderBy":31,"ID":100030,"StrID":"100030"},"IsApproved":false,"ApproveDate":null,"ApprovePostID":null,"ApprovePost":null,"OrderNum":1,"WorkPlaceID":20747,"DriverManagerID":150,"BacteriologyResult":null,"AnalyzerId":38,"IsOrderProductionControl":false,"ID":0,"StrID":"0"}
31.08.2026 10:18:23	Information:	Save string: 
31.08.2026 10:18:23	Information:	{"OrderResearchID":67055328,"OrderResearch":{"OrderID":31114047,"ServiceMoID":2163576,"ServiceMoMasterDataID":8269462,"ServiceMo":{"OrgHealthCareID":"45500000000000909","ServiceID":253,"NameRU":"Определение аланинаминотрансферазы (АЛаТ) в сыворотке крови на анализаторе","NameKZ":"Қан сарысуындағы аланинаминотрансферазды (АЛаТ) талдауышта анықтау ","Name":"Определение аланинаминотрансферазы (АЛаТ) в сыворотке крови на анализаторе","ShortNameRU":"Определение аланинаминотрансферазы (АЛаТ) в сыворотке крови на анализаторе","ShortNameKZ":"Қан сарысуындағы аланинаминотрансферазды (АЛаТ) талдауышта анықтау ","ShortName":"Определение аланинаминотрансферазы (АЛаТ) в сыворотке крови на анализаторе","FullName":"B03.155.002 - Определение аланинаминотрансферазы (АЛаТ) в сыворотке крови на анализаторе","Code":"B03.155.002","ExternalCode":null,"ServiceClassID":5,"ServiceClass":{"ServiceTypeID":2,"OrderBy":5,"MasterDataID":5,"NameRU":"Клиническая химия (биохимия)","NameKZ":"Клиникалық химия (биохимия)","Name":"Клиническая химия (биохимия)","PublicCode":"500","EndDate":null,"ID":"5","StrID":"5"},"Service":{"NameRU":"Определение аланинаминотрансферазы (АЛаТ) в сыворотке крови на анализаторе","NameKZ":"Қан сарысуындағы аланинаминотрансферазды (АЛаТ) талдауышта анықтау","Name":"Определение аланинаминотрансферазы (АЛаТ) в сыворотке крови на анализаторе","ShortNameRU":"АЛаТ на анализаторе","ShortNameKZ":"АЛаТ на анализаторе","ShortName":"АЛаТ на анализаторе","FullName":"B03.155.002 - Определение аланинаминотрансферазы (АЛаТ) в сыворотке крови на анализаторе","Code":"B03.155.002","ServiceClassID":5,"ServiceClass":null,"ServiceSubClassID":6,"ServiceSubClass":null,"MaterialTypeID":202,"MaterialType":null,"MasterDataID":3094,"ID":"253","StrID":"253"},"MasterDataID":8269462,"ServiceSubClassID":6,"PayType":1,"ServiceSubClass":null,"ID":"2163576","StrID":"2163576"},"FullName":"B03.155.002 - Определение аланинаминотрансферазы (АЛаТ) в сыворотке крови на анализаторе  () ","IsMain":true,"SourceID":"144932980_33965196","WorkPlaceID":20747,"WorkPlace":null,"DriverManager":null,"ParameterID":null,"Parameter":null,"AdditionalInfo":null,"Status":1,"PerformetServiceCount":9,"ResearchResultCount":0,"ApproveResearchResultCount":0,"NotSaveResearchResultCount":0,"ParentID":null,"ScreeningCandidatePlanGuid":null,"ScreeningUrl":null,"TakePlace":null,"MaterialTypeID":null,"MaterialType":null,"PartCount":0,"IsOrderProductionControl":false,"Uid":"5cda25fc-cb32-43d6-889c-4db5cac2f378","OrderPerformerServices":[],"OrderResearchAllergens":[],"Results":[],"IsResumed":false,"ExecutionType":0,"ID":"67055328","StrID":"67055328"},"ParameterID":200357,"Parameter":{"ShortNameRU":"АЛаТ","ShortNameKZ":"АЛаТ","ShortName":"АЛаТ","DataType":0,"DataTypeName":"Число","UnitTypeID":100030,"UnitType":null,"MedicalFormID":null,"MasterDataID":0,"MedicalForm":null,"NameWithDataType":"АЛаТ  (Число)","NameRU":"АЛаТ","NameKZ":"АЛаТ","Name":"АЛаТ","PublicCode":"20035700","EndDate":null,"ID":"200357","StrID":"200357"},"ParameterValues":null,"ParameterValueID":null,"ParameterValue":null,"ResultText":"8.80","ResultValue":"8.80","ResultDate":"2026-08-31T10:18:24.9498359+05:00","PostID":"189416","Post":null,"ExecuteMethod":2,"SourceResultText":"8.80","SourceResultValue":"8.80","SourceResultExpression":null,"SourceUnitTypeID":100030,"SourceUnitType":{"OrderBy":31,"MasterDataID":null,"CDD_ID":null,"NameRU":"МЕ/л","NameKZ":"ХБ/л","Name":"МЕ/л","PublicCode":"10003000","EndDate":null,"ID":"100030","StrID":"100030"},"MultiplierID":null,"IsApproved":false,"IsValidated":false,"StandardMatchType":0,"ApproveDate":null,"ApprovePostID":null,"ApprovePost":null,"OrderNum":1,"WorkPlaceID":20747,"OrderID":null,"BacteriologyResult":null,"AnalyzerId":38,"IsOrderProductionControl":false,"ID":"207163893","StrID":"207163893"}
31.08.2026 10:18:24	Information:	Result object to save: 
31.08.2026 10:18:24	Information:	{"OrderResearchID":67055327,"OrderResearch":null,"ParameterID":201032,"Parameter":{"ShortNameRU":"прямой билирубин в сыворотке крови","ShortNameKZ":"қан сарысуындағы тікелей билирубин","ShortName":"прямой билирубин в сыворотке крови","DataType":0,"DataTypeName":"Число","UnitTypeID":100041,"UnitType":{"NameRU":"мкмоль/л","NameKZ":"мкмоль/л","Name":"мкмоль/л","PublicCode":"10004100","OrderBy":42,"ID":100041,"StrID":"100041"},"MedicalFormID":null,"MedicalForm":null,"NameRU":"прямой билирубин в сыворотке крови","NameKZ":"қан сарысуындағы тікелей билирубин","Name":"прямой билирубин в сыворотке крови","PublicCode":"20103200","OrderBy":null,"ID":201032,"StrID":"201032"},"ParameterValueID":null,"ParameterValue":null,"ResultText":"1.55","ResultValue":null,"ResultDate":"2026-08-31T10:18:24.7492838+05:00","PostID":0,"Post":null,"ExecuteMethod":2,"SourceResultText":"1.55","SourceResultValue":null,"SourceResultExpression":null,"SourceUnitTypeID":100041,"SourceUnitType":{"NameRU":"мкмоль/л","NameKZ":"мкмоль/л","Name":"мкмоль/л","PublicCode":"10004100","OrderBy":42,"ID":100041,"StrID":"100041"},"IsApproved":false,"ApproveDate":null,"ApprovePostID":null,"ApprovePost":null,"OrderNum":1,"WorkPlaceID":20747,"DriverManagerID":150,"BacteriologyResult":null,"AnalyzerId":38,"IsOrderProductionControl":false,"ID":0,"StrID":"0"}
31.08.2026 10:18:24	Information:	Save string: 
31.08.2026 10:18:24	Information:	{"OrderResearchID":67055327,"OrderResearch":{"OrderID":31114047,"ServiceMoID":2163601,"ServiceMoMasterDataID":8269463,"ServiceMo":{"OrgHealthCareID":"45500000000000909","ServiceID":254,"NameRU":"Определение прямого билирубина в сыворотке крови на анализаторе","NameKZ":"Қан сарысуындағы тікелей  билирубинді талдауышта анықтау ","Name":"Определение прямого билирубина в сыворотке крови на анализаторе","ShortNameRU":"Определение прямого билирубина в сыворотке крови на анализаторе","ShortNameKZ":"Қан сарысуындағы тікелей  билирубинді талдауышта анықтау ","ShortName":"Определение прямого билирубина в сыворотке крови на анализаторе","FullName":"B03.435.002 - Определение прямого билирубина в сыворотке крови на анализаторе","Code":"B03.435.002","ExternalCode":null,"ServiceClassID":5,"ServiceClass":{"ServiceTypeID":2,"OrderBy":5,"MasterDataID":5,"NameRU":"Клиническая химия (биохимия)","NameKZ":"Клиникалық химия (биохимия)","Name":"Клиническая химия (биохимия)","PublicCode":"500","EndDate":null,"ID":"5","StrID":"5"},"Service":{"NameRU":"Определение прямого билирубина в сыворотке крови на анализаторе","NameKZ":"Қан сарысуындағы тікелей билирубинді талдауышта анықтау","Name":"Определение прямого билирубина в сыворотке крови на анализаторе","ShortNameRU":"Прямой Bi на анализаторе","ShortNameKZ":"Прямой Bi на анализаторе","ShortName":"Прямой Bi на анализаторе","FullName":"B03.435.002 - Определение прямого билирубина в сыворотке крови на анализаторе","Code":"B03.435.002","ServiceClassID":5,"ServiceClass":null,"ServiceSubClassID":6,"ServiceSubClass":null,"MaterialTypeID":202,"MaterialType":null,"MasterDataID":3095,"ID":"254","StrID":"254"},"MasterDataID":8269463,"ServiceSubClassID":6,"PayType":1,"ServiceSubClass":null,"ID":"2163601","StrID":"2163601"},"FullName":"B03.435.002 - Определение прямого билирубина в сыворотке крови на анализаторе  () ","IsMain":true,"SourceID":"144932980_33965195","WorkPlaceID":20747,"WorkPlace":null,"DriverManager":null,"ParameterID":null,"Parameter":null,"AdditionalInfo":null,"Status":1,"PerformetServiceCount":7,"ResearchResultCount":0,"ApproveResearchResultCount":0,"NotSaveResearchResultCount":0,"ParentID":null,"ScreeningCandidatePlanGuid":null,"ScreeningUrl":null,"TakePlace":null,"MaterialTypeID":null,"MaterialType":null,"PartCount":0,"IsOrderProductionControl":false,"Uid":"18d8d87e-35f3-4c0f-bcea-28ba38eedd51","OrderPerformerServices":[],"OrderResearchAllergens":[],"Results":[],"IsResumed":false,"ExecutionType":0,"ID":"67055327","StrID":"67055327"},"ParameterID":201032,"Parameter":{"ShortNameRU":"прямой билирубин в сыворотке крови","ShortNameKZ":"қан сарысуындағы тікелей билирубин","ShortName":"прямой билирубин в сыворотке крови","DataType":0,"DataTypeName":"Число","UnitTypeID":100041,"UnitType":null,"MedicalFormID":null,"MasterDataID":0,"MedicalForm":null,"NameWithDataType":"прямой билирубин в сыворотке крови  (Число)","NameRU":"прямой билирубин в сыворотке крови","NameKZ":"қан сарысуындағы тікелей билирубин","Name":"прямой билирубин в сыворотке крови","PublicCode":"20103200","EndDate":null,"ID":"201032","StrID":"201032"},"ParameterValues":null,"ParameterValueID":null,"ParameterValue":null,"ResultText":"1.55","ResultValue":"1.55","ResultDate":"2026-08-31T10:18:25.0087987+05:00","PostID":"189416","Post":null,"ExecuteMethod":2,"SourceResultText":"1.55","SourceResultValue":"1.55","SourceResultExpression":null,"SourceUnitTypeID":100041,"SourceUnitType":{"OrderBy":42,"MasterDataID":null,"CDD_ID":null,"NameRU":"мкмоль/л","NameKZ":"мкмоль/л","Name":"мкмоль/л","PublicCode":"10004100","EndDate":null,"ID":"100041","StrID":"100041"},"MultiplierID":null,"IsApproved":false,"IsValidated":false,"StandardMatchType":0,"ApproveDate":null,"ApprovePostID":null,"ApprovePost":null,"OrderNum":1,"WorkPlaceID":20747,"OrderID":null,"BacteriologyResult":null,"AnalyzerId":38,"IsOrderProductionControl":false,"ID":"207163894","StrID":"207163894"}
31.08.2026 10:18:24	Information:	Result object to save: 
31.08.2026 10:18:24	Information:	{"OrderResearchID":67055326,"OrderResearch":null,"ParameterID":200919,"Parameter":{"ShortNameRU":"общий билирубин в сыворотке крови","ShortNameKZ":"қан сарысуындағы жалпы билирубин","ShortName":"общий билирубин в сыворотке крови","DataType":0,"DataTypeName":"Число","UnitTypeID":100041,"UnitType":{"NameRU":"мкмоль/л","NameKZ":"мкмоль/л","Name":"мкмоль/л","PublicCode":"10004100","OrderBy":42,"ID":100041,"StrID":"100041"},"MedicalFormID":null,"MedicalForm":null,"NameRU":"общий билирубин в сыворотке крови","NameKZ":"қан сарысуындағы жалпы билирубин","Name":"общий билирубин в сыворотке крови","PublicCode":"20091900","OrderBy":null,"ID":200919,"StrID":"200919"},"ParameterValueID":null,"ParameterValue":null,"ResultText":"5.08","ResultValue":null,"ResultDate":"2026-08-31T10:18:24.7523701+05:00","PostID":0,"Post":null,"ExecuteMethod":2,"SourceResultText":"5.08","SourceResultValue":null,"SourceResultExpression":null,"SourceUnitTypeID":100041,"SourceUnitType":{"NameRU":"мкмоль/л","NameKZ":"мкмоль/л","Name":"мкмоль/л","PublicCode":"10004100","OrderBy":42,"ID":100041,"StrID":"100041"},"IsApproved":false,"ApproveDate":null,"ApprovePostID":null,"ApprovePost":null,"OrderNum":1,"WorkPlaceID":20747,"DriverManagerID":150,"BacteriologyResult":null,"AnalyzerId":38,"IsOrderProductionControl":false,"ID":0,"StrID":"0"}
31.08.2026 10:18:24	Information:	Save string: 
31.08.2026 10:18:24	Information:	{"OrderResearchID":67055326,"OrderResearch":{"OrderID":31114047,"ServiceMoID":2163626,"ServiceMoMasterDataID":8269464,"ServiceMo":{"OrgHealthCareID":"45500000000000909","ServiceID":255,"NameRU":"Определение общего билирубина в сыворотке крови на анализаторе","NameKZ":"Қан сарысуындағы жалпы  билирубинді талдауышта анықтау в сыворотке крови на анализаторе","Name":"Определение общего билирубина в сыворотке крови на анализаторе","ShortNameRU":"Определение общего билирубина в сыворотке крови на анализаторе","ShortNameKZ":"Қан сарысуындағы жалпы  билирубинді талдауышта анықтау в сыворотке крови на анализаторе","ShortName":"Определение общего билирубина в сыворотке крови на анализаторе","FullName":"B03.398.002 - Определение общего билирубина в сыворотке крови на анализаторе","Code":"B03.398.002","ExternalCode":null,"ServiceClassID":5,"ServiceClass":{"ServiceTypeID":2,"OrderBy":5,"MasterDataID":5,"NameRU":"Клиническая химия (биохимия)","NameKZ":"Клиникалық химия (биохимия)","Name":"Клиническая химия (биохимия)","PublicCode":"500","EndDate":null,"ID":"5","StrID":"5"},"Service":{"NameRU":"Определение общего билирубина в сыворотке крови на анализаторе","NameKZ":"Қан сарысуындағы жалпы билирубинді талдауышта анықтау в сыворотке крови на анализаторе","Name":"Определение общего билирубина в сыворотке крови на анализаторе","ShortNameRU":"Общий Bi на анализаторе","ShortNameKZ":"Общий Bi на анализаторе","ShortName":"Общий Bi на анализаторе","FullName":"B03.398.002 - Определение общего билирубина в сыворотке крови на анализаторе","Code":"B03.398.002","ServiceClassID":5,"ServiceClass":null,"ServiceSubClassID":6,"ServiceSubClass":null,"MaterialTypeID":202,"MaterialType":null,"MasterDataID":3096,"ID":"255","StrID":"255"},"MasterDataID":8269464,"ServiceSubClassID":6,"PayType":1,"ServiceSubClass":null,"ID":"2163626","StrID":"2163626"},"FullName":"B03.398.002 - Определение общего билирубина в сыворотке крови на анализаторе  () ","IsMain":true,"SourceID":"144932980_33965194","WorkPlaceID":20747,"WorkPlace":null,"DriverManager":null,"ParameterID":null,"Parameter":null,"AdditionalInfo":null,"Status":1,"PerformetServiceCount":7,"ResearchResultCount":0,"ApproveResearchResultCount":0,"NotSaveResearchResultCount":0,"ParentID":null,"ScreeningCandidatePlanGuid":null,"ScreeningUrl":null,"TakePlace":null,"MaterialTypeID":null,"MaterialType":null,"PartCount":0,"IsOrderProductionControl":false,"Uid":"72a2ffab-a197-4870-9e51-b4da199da752","OrderPerformerServices":[],"OrderResearchAllergens":[],"Results":[],"IsResumed":false,"ExecutionType":0,"ID":"67055326","StrID":"67055326"},"ParameterID":200919,"Parameter":{"ShortNameRU":"общий билирубин в сыворотке крови","ShortNameKZ":"қан сарысуындағы жалпы билирубин","ShortName":"общий билирубин в сыворотке крови","DataType":0,"DataTypeName":"Число","UnitTypeID":100041,"UnitType":null,"MedicalFormID":null,"MasterDataID":0,"MedicalForm":null,"NameWithDataType":"общий билирубин в сыворотке крови  (Число)","NameRU":"общий билирубин в сыворотке крови","NameKZ":"қан сарысуындағы жалпы билирубин","Name":"общий билирубин в сыворотке крови","PublicCode":"20091900","EndDate":null,"ID":"200919","StrID":"200919"},"ParameterValues":null,"ParameterValueID":null,"ParameterValue":null,"ResultText":"5.08","ResultValue":"5.08","ResultDate":"2026-08-31T10:18:25.0750758+05:00","PostID":"189416","Post":null,"ExecuteMethod":2,"SourceResultText":"5.08","SourceResultValue":"5.08","SourceResultExpression":null,"SourceUnitTypeID":100041,"SourceUnitType":{"OrderBy":42,"MasterDataID":null,"CDD_ID":null,"NameRU":"мкмоль/л","NameKZ":"мкмоль/л","Name":"мкмоль/л","PublicCode":"10004100","EndDate":null,"ID":"100041","StrID":"100041"},"MultiplierID":null,"IsApproved":false,"IsValidated":false,"StandardMatchType":0,"ApproveDate":null,"ApprovePostID":null,"ApprovePost":null,"OrderNum":1,"WorkPlaceID":20747,"OrderID":null,"BacteriologyResult":null,"AnalyzerId":38,"IsOrderProductionControl":false,"ID":"207163895","StrID":"207163895"}
31.08.2026 10:18:24	Information:	Result object to save: 
31.08.2026 10:18:24	Information:	{"OrderResearchID":67055329,"OrderResearch":null,"ParameterID":200408,"Parameter":{"ShortNameRU":"АСаТ","ShortNameKZ":"АСаТ","ShortName":"АСаТ","DataType":0,"DataTypeName":"Число","UnitTypeID":100030,"UnitType":{"NameRU":"МЕ/л","NameKZ":"ХБ/л","Name":"МЕ/л","PublicCode":"10003000","OrderBy":31,"ID":100030,"StrID":"100030"},"MedicalFormID":null,"MedicalForm":null,"NameRU":"АСаТ","NameKZ":"АСаТ","Name":"АСаТ","PublicCode":"20040800","OrderBy":null,"ID":200408,"StrID":"200408"},"ParameterValueID":null,"ParameterValue":null,"ResultText":"25.76","ResultValue":null,"ResultDate":"2026-08-31T10:18:24.7564969+05:00","PostID":0,"Post":null,"ExecuteMethod":2,"SourceResultText":"25.76","SourceResultValue":null,"SourceResultExpression":null,"SourceUnitTypeID":100030,"SourceUnitType":{"NameRU":"МЕ/л","NameKZ":"ХБ/л","Name":"МЕ/л","PublicCode":"10003000","OrderBy":31,"ID":100030,"StrID":"100030"},"IsApproved":false,"ApproveDate":null,"ApprovePostID":null,"ApprovePost":null,"OrderNum":1,"WorkPlaceID":20747,"DriverManagerID":150,"BacteriologyResult":null,"AnalyzerId":38,"IsOrderProductionControl":false,"ID":0,"StrID":"0"}
31.08.2026 10:18:24	Information:	Save string: 
31.08.2026 10:18:24	Information:	{"OrderResearchID":67055329,"OrderResearch":{"OrderID":31114047,"ServiceMoID":2163651,"ServiceMoMasterDataID":8269465,"ServiceMo":{"OrgHealthCareID":"45500000000000909","ServiceID":256,"NameRU":"Определение аспартатаминотрансферазы (АСаТ) в сыворотке крови на анализаторе","NameKZ":"Қан сарысуындағы  аспартатаминотрансферазды  (АСаТ) талдауышта анықтау  ","Name":"Определение аспартатаминотрансферазы (АСаТ) в сыворотке крови на анализаторе","ShortNameRU":"Определение аспартатаминотрансферазы (АСаТ) в сыворотке крови на анализаторе","ShortNameKZ":"Қан сарысуындағы  аспартатаминотрансферазды  (АСаТ) талдауышта анықтау  ","ShortName":"Определение аспартатаминотрансферазы (АСаТ) в сыворотке крови на анализаторе","FullName":"B03.293.002 - Определение аспартатаминотрансферазы (АСаТ) в сыворотке крови на анализаторе","Code":"B03.293.002","ExternalCode":null,"ServiceClassID":5,"ServiceClass":{"ServiceTypeID":2,"OrderBy":5,"MasterDataID":5,"NameRU":"Клиническая химия (биохимия)","NameKZ":"Клиникалық химия (биохимия)","Name":"Клиническая химия (биохимия)","PublicCode":"500","EndDate":null,"ID":"5","StrID":"5"},"Service":{"NameRU":"Определение аспартатаминотрансферазы (АСаТ) в сыворотке крови на анализаторе","NameKZ":"Қан сарысуындағы аспартатаминотрансферазды (АСаТ) талдауышта анықтау","Name":"Определение аспартатаминотрансферазы (АСаТ) в сыворотке крови на анализаторе","ShortNameRU":"АСаТ на анализаторе","ShortNameKZ":"АСаТ на анализаторе","ShortName":"АСаТ на анализаторе","FullName":"B03.293.002 - Определение аспартатаминотрансферазы (АСаТ) в сыворотке крови на анализаторе","Code":"B03.293.002","ServiceClassID":5,"ServiceClass":null,"ServiceSubClassID":6,"ServiceSubClass":null,"MaterialTypeID":202,"MaterialType":null,"MasterDataID":3097,"ID":"256","StrID":"256"},"MasterDataID":8269465,"ServiceSubClassID":6,"PayType":1,"ServiceSubClass":null,"ID":"2163651","StrID":"2163651"},"FullName":"B03.293.002 - Определение аспартатаминотрансферазы (АСаТ) в сыворотке крови на анализаторе  () ","IsMain":true,"SourceID":"144932980_33965197","WorkPlaceID":20747,"WorkPlace":null,"DriverManager":null,"ParameterID":null,"Parameter":null,"AdditionalInfo":null,"Status":1,"PerformetServiceCount":7,"ResearchResultCount":0,"ApproveResearchResultCount":0,"NotSaveResearchResultCount":0,"ParentID":null,"ScreeningCandidatePlanGuid":null,"ScreeningUrl":null,"TakePlace":null,"MaterialTypeID":null,"MaterialType":null,"PartCount":0,"IsOrderProductionControl":false,"Uid":"01db7a31-8368-4f51-bed5-3ca097831d32","OrderPerformerServices":[],"OrderResearchAllergens":[],"Results":[],"IsResumed":false,"ExecutionType":0,"ID":"67055329","StrID":"67055329"},"ParameterID":200408,"Parameter":{"ShortNameRU":"АСаТ","ShortNameKZ":"АСаТ","ShortName":"АСаТ","DataType":0,"DataTypeName":"Число","UnitTypeID":100030,"UnitType":null,"MedicalFormID":null,"MasterDataID":0,"MedicalForm":null,"NameWithDataType":"АСаТ  (Число)","NameRU":"АСаТ","NameKZ":"АСаТ","Name":"АСаТ","PublicCode":"20040800","EndDate":null,"ID":"200408","StrID":"200408"},"ParameterValues":null,"ParameterValueID":null,"ParameterValue":null,"ResultText":"25.76","ResultValue":"25.76","ResultDate":"2026-08-31T10:18:25.1541346+05:00","PostID":"189416","Post":null,"ExecuteMethod":2,"SourceResultText":"25.76","SourceResultValue":"25.76","SourceResultExpression":null,"SourceUnitTypeID":100030,"SourceUnitType":{"OrderBy":31,"MasterDataID":null,"CDD_ID":null,"NameRU":"МЕ/л","NameKZ":"ХБ/л","Name":"МЕ/л","PublicCode":"10003000","EndDate":null,"ID":"100030","StrID":"100030"},"MultiplierID":null,"IsApproved":false,"IsValidated":false,"StandardMatchType":0,"ApproveDate":null,"ApprovePostID":null,"ApprovePost":null,"OrderNum":1,"WorkPlaceID":20747,"OrderID":null,"BacteriologyResult":null,"AnalyzerId":38,"IsOrderProductionControl":false,"ID":"207163896","StrID":"207163896"}
31.08.2026 10:18:24	Information:	Result object to save: 
31.08.2026 10:18:24	Information:	{"OrderResearchID":67055325,"OrderResearch":null,"ParameterID":200549,"Parameter":{"ShortNameRU":"глюкоза в сыворотке крови","ShortNameKZ":"қан сарысуындағы глюкоза","ShortName":"глюкоза в сыворотке крови","DataType":0,"DataTypeName":"Число","UnitTypeID":100051,"UnitType":{"NameRU":"ммоль/л","NameKZ":"ммоль/л","Name":"ммоль/л","PublicCode":"10005100","OrderBy":52,"ID":100051,"StrID":"100051"},"MedicalFormID":null,"MedicalForm":null,"NameRU":"глюкоза в сыворотке крови","NameKZ":"қан сарысуындағы глюкоза","Name":"глюкоза в сыворотке крови","PublicCode":"20054900","OrderBy":null,"ID":200549,"StrID":"200549"},"ParameterValueID":null,"ParameterValue":null,"ResultText":"2.13","ResultValue":null,"ResultDate":"2026-08-31T10:18:24.7596199+05:00","PostID":0,"Post":null,"ExecuteMethod":2,"SourceResultText":"2.13","SourceResultValue":null,"SourceResultExpression":null,"SourceUnitTypeID":100051,"SourceUnitType":{"NameRU":"ммоль/л","NameKZ":"ммоль/л","Name":"ммоль/л","PublicCode":"10005100","OrderBy":52,"ID":100051,"StrID":"100051"},"IsApproved":false,"ApproveDate":null,"ApprovePostID":null,"ApprovePost":null,"OrderNum":1,"WorkPlaceID":20747,"DriverManagerID":150,"BacteriologyResult":null,"AnalyzerId":38,"IsOrderProductionControl":false,"ID":0,"StrID":"0"}
31.08.2026 10:18:24	Information:	Save string: 
31.08.2026 10:18:24	Information:	{"OrderResearchID":67055325,"OrderResearch":{"OrderID":31114047,"ServiceMoID":2164501,"ServiceMoMasterDataID":8269499,"ServiceMo":{"OrgHealthCareID":"45500000000000909","ServiceID":290,"NameRU":"Определение глюкозы в сыворотке крови на анализаторе","NameKZ":"Қан сарысуындағы глюкозаны талдауышта анықтау ","Name":"Определение глюкозы в сыворотке крови на анализаторе","ShortNameRU":"Определение глюкозы в сыворотке крови на анализаторе","ShortNameKZ":"Қан сарысуындағы глюкозаны талдауышта анықтау ","ShortName":"Определение глюкозы в сыворотке крови на анализаторе","FullName":"B03.335.002 - Определение глюкозы в сыворотке крови на анализаторе","Code":"B03.335.002","ExternalCode":null,"ServiceClassID":5,"ServiceClass":{"ServiceTypeID":2,"OrderBy":5,"MasterDataID":5,"NameRU":"Клиническая химия (биохимия)","NameKZ":"Клиникалық химия (биохимия)","Name":"Клиническая химия (биохимия)","PublicCode":"500","EndDate":null,"ID":"5","StrID":"5"},"Service":{"NameRU":"Определение глюкозы в сыворотке крови на анализаторе","NameKZ":"Қан сарысуындағы глюкозаны талдауышта анықтау","Name":"Определение глюкозы в сыворотке крови на анализаторе","ShortNameRU":"Глюкоза в сыворотке крови на анализаторе","ShortNameKZ":"Глюкоза в сыворотке крови на анализаторе","ShortName":"Глюкоза в сыворотке крови на анализаторе","FullName":"B03.335.002 - Определение глюкозы в сыворотке крови на анализаторе","Code":"B03.335.002","ServiceClassID":5,"ServiceClass":null,"ServiceSubClassID":6,"ServiceSubClass":null,"MaterialTypeID":202,"MaterialType":null,"MasterDataID":3131,"ID":"290","StrID":"290"},"MasterDataID":8269499,"ServiceSubClassID":6,"PayType":1,"ServiceSubClass":null,"ID":"2164501","StrID":"2164501"},"FullName":"B03.335.002 - Определение глюкозы в сыворотке крови на анализаторе  () ","IsMain":true,"SourceID":"144932980_33965193","WorkPlaceID":20747,"WorkPlace":null,"DriverManager":null,"ParameterID":null,"Parameter":null,"AdditionalInfo":null,"Status":1,"PerformetServiceCount":7,"ResearchResultCount":0,"ApproveResearchResultCount":0,"NotSaveResearchResultCount":0,"ParentID":null,"ScreeningCandidatePlanGuid":null,"ScreeningUrl":null,"TakePlace":null,"MaterialTypeID":null,"MaterialType":null,"PartCount":0,"IsOrderProductionControl":false,"Uid":"501e5ef0-eda5-410b-8046-322372ee5491","OrderPerformerServices":[],"OrderResearchAllergens":[],"Results":[],"IsResumed":false,"ExecutionType":0,"ID":"67055325","StrID":"67055325"},"ParameterID":200549,"Parameter":{"ShortNameRU":"глюкоза в сыворотке крови","ShortNameKZ":"қан сарысуындағы глюкоза","ShortName":"глюкоза в сыворотке крови","DataType":0,"DataTypeName":"Число","UnitTypeID":100051,"UnitType":null,"MedicalFormID":null,"MasterDataID":0,"MedicalForm":null,"NameWithDataType":"глюкоза в сыворотке крови  (Число)","NameRU":"глюкоза в сыворотке крови","NameKZ":"қан сарысуындағы глюкоза","Name":"глюкоза в сыворотке крови","PublicCode":"20054900","EndDate":null,"ID":"200549","StrID":"200549"},"ParameterValues":null,"ParameterValueID":null,"ParameterValue":null,"ResultText":"2.13","ResultValue":"2.13","ResultDate":"2026-08-31T10:18:25.2226595+05:00","PostID":"189416","Post":null,"ExecuteMethod":2,"SourceResultText":"2.13","SourceResultValue":"2.13","SourceResultExpression":null,"SourceUnitTypeID":100051,"SourceUnitType":{"OrderBy":52,"MasterDataID":null,"CDD_ID":null,"NameRU":"ммоль/л","NameKZ":"ммоль/л","Name":"ммоль/л","PublicCode":"10005100","EndDate":null,"ID":"100051","StrID":"100051"},"MultiplierID":null,"IsApproved":false,"IsValidated":false,"StandardMatchType":0,"ApproveDate":null,"ApprovePostID":null,"ApprovePost":null,"OrderNum":1,"WorkPlaceID":20747,"OrderID":null,"BacteriologyResult":null,"AnalyzerId":38,"IsOrderProductionControl":false,"ID":"207163897","StrID":"207163897"}
31.08.2026 10:18:24	Information:	Result object to save: 
31.08.2026 10:18:24	Information:	{"OrderResearchID":67055330,"OrderResearch":null,"ParameterID":200852,"Parameter":{"ShortNameRU":"мочевина в сыворотке крови","ShortNameKZ":"қан сарысуындағы несепнәр","ShortName":"мочевина в сыворотке крови","DataType":0,"DataTypeName":"Число","UnitTypeID":100051,"UnitType":{"NameRU":"ммоль/л","NameKZ":"ммоль/л","Name":"ммоль/л","PublicCode":"10005100","OrderBy":52,"ID":100051,"StrID":"100051"},"MedicalFormID":null,"MedicalForm":null,"NameRU":"мочевина в сыворотке крови","NameKZ":"қан сарысуындағы несепнәр","Name":"мочевина в сыворотке крови","PublicCode":"20085200","OrderBy":null,"ID":200852,"StrID":"200852"},"ParameterValueID":null,"ParameterValue":null,"ResultText":"3.66","ResultValue":null,"ResultDate":"2026-08-31T10:18:24.7646891+05:00","PostID":0,"Post":null,"ExecuteMethod":2,"SourceResultText":"3.66","SourceResultValue":null,"SourceResultExpression":null,"SourceUnitTypeID":100051,"SourceUnitType":{"NameRU":"ммоль/л","NameKZ":"ммоль/л","Name":"ммоль/л","PublicCode":"10005100","OrderBy":52,"ID":100051,"StrID":"100051"},"IsApproved":false,"ApproveDate":null,"ApprovePostID":null,"ApprovePost":null,"OrderNum":1,"WorkPlaceID":20747,"DriverManagerID":150,"BacteriologyResult":null,"AnalyzerId":38,"IsOrderProductionControl":false,"ID":0,"StrID":"0"}
31.08.2026 10:18:24	Information:	Save string: 
31.08.2026 10:18:24	Information:	{"OrderResearchID":67055330,"OrderResearch":{"OrderID":31114047,"ServiceMoID":2164626,"ServiceMoMasterDataID":8269504,"ServiceMo":{"OrgHealthCareID":"45500000000000909","ServiceID":295,"NameRU":"Определение мочевины в сыворотке крови на анализаторе","NameKZ":"Қан сарысуындағы несепнәрді  талдауышта анықтау ","Name":"Определение мочевины в сыворотке крови на анализаторе","ShortNameRU":"Определение мочевины в сыворотке крови на анализаторе","ShortNameKZ":"Қан сарысуындағы несепнәрді  талдауышта анықтау ","ShortName":"Определение мочевины в сыворотке крови на анализаторе","FullName":"B03.386.002 - Определение мочевины в сыворотке крови на анализаторе","Code":"B03.386.002","ExternalCode":null,"ServiceClassID":5,"ServiceClass":{"ServiceTypeID":2,"OrderBy":5,"MasterDataID":5,"NameRU":"Клиническая химия (биохимия)","NameKZ":"Клиникалық химия (биохимия)","Name":"Клиническая химия (биохимия)","PublicCode":"500","EndDate":null,"ID":"5","StrID":"5"},"Service":{"NameRU":"Определение мочевины в сыворотке крови на анализаторе","NameKZ":"Қан сарысуындағы несепнәрді талдауышта анықтау","Name":"Определение мочевины в сыворотке крови на анализаторе","ShortNameRU":"Мочевина на анализаторе","ShortNameKZ":"Мочевина на анализаторе","ShortName":"Мочевина на анализаторе","FullName":"B03.386.002 - Определение мочевины в сыворотке крови на анализаторе","Code":"B03.386.002","ServiceClassID":5,"ServiceClass":null,"ServiceSubClassID":6,"ServiceSubClass":null,"MaterialTypeID":202,"MaterialType":null,"MasterDataID":3136,"ID":"295","StrID":"295"},"MasterDataID":8269504,"ServiceSubClassID":6,"PayType":1,"ServiceSubClass":null,"ID":"2164626","StrID":"2164626"},"FullName":"B03.386.002 - Определение мочевины в сыворотке крови на анализаторе  () ","IsMain":true,"SourceID":"144932980_33965199","WorkPlaceID":20747,"WorkPlace":null,"DriverManager":null,"ParameterID":null,"Parameter":null,"AdditionalInfo":null,"Status":1,"PerformetServiceCount":7,"ResearchResultCount":0,"ApproveResearchResultCount":0,"NotSaveResearchResultCount":0,"ParentID":null,"ScreeningCandidatePlanGuid":null,"ScreeningUrl":null,"TakePlace":null,"MaterialTypeID":null,"MaterialType":null,"PartCount":0,"IsOrderProductionControl":false,"Uid":"6ca5acf6-6b50-4e09-aa7d-12a8f665d90f","OrderPerformerServices":[],"OrderResearchAllergens":[],"Results":[],"IsResumed":false,"ExecutionType":0,"ID":"67055330","StrID":"67055330"},"ParameterID":200852,"Parameter":{"ShortNameRU":"мочевина в сыворотке крови","ShortNameKZ":"қан сарысуындағы несепнәр","ShortName":"мочевина в сыворотке крови","DataType":0,"DataTypeName":"Число","UnitTypeID":100051,"UnitType":null,"MedicalFormID":null,"MasterDataID":0,"MedicalForm":null,"NameWithDataType":"мочевина в сыворотке крови  (Число)","NameRU":"мочевина в сыворотке крови","NameKZ":"қан сарысуындағы несепнәр","Name":"мочевина в сыворотке крови","PublicCode":"20085200","EndDate":null,"ID":"200852","StrID":"200852"},"ParameterValues":null,"ParameterValueID":null,"ParameterValue":null,"ResultText":"3.66","ResultValue":"3.66","ResultDate":"2026-08-31T10:18:25.2808632+05:00","PostID":"189416","Post":null,"ExecuteMethod":2,"SourceResultText":"3.66","SourceResultValue":"3.66","SourceResultExpression":null,"SourceUnitTypeID":100051,"SourceUnitType":{"OrderBy":52,"MasterDataID":null,"CDD_ID":null,"NameRU":"ммоль/л","NameKZ":"ммоль/л","Name":"ммоль/л","PublicCode":"10005100","EndDate":null,"ID":"100051","StrID":"100051"},"MultiplierID":null,"IsApproved":false,"IsValidated":false,"StandardMatchType":0,"ApproveDate":null,"ApprovePostID":null,"ApprovePost":null,"OrderNum":1,"WorkPlaceID":20747,"OrderID":null,"BacteriologyResult":null,"AnalyzerId":38,"IsOrderProductionControl":false,"ID":"207163899","StrID":"207163899"}
31.08.2026 10:18:24	Information:	Result object to save: 
31.08.2026 10:18:24	Information:	{"OrderResearchID":67055331,"OrderResearch":null,"ParameterID":200744,"Parameter":{"ShortNameRU":"креатинин в крови","ShortNameKZ":"қандағы креатинин","ShortName":"креатинин в крови","DataType":0,"DataTypeName":"Число","UnitTypeID":100041,"UnitType":{"NameRU":"мкмоль/л","NameKZ":"мкмоль/л","Name":"мкмоль/л","PublicCode":"10004100","OrderBy":42,"ID":100041,"StrID":"100041"},"MedicalFormID":null,"MedicalForm":null,"NameRU":"креатинин в крови","NameKZ":"қандағы креатинин","Name":"креатинин в крови","PublicCode":"20074400","OrderBy":null,"ID":200744,"StrID":"200744"},"ParameterValueID":null,"ParameterValue":null,"ResultText":"27.90","ResultValue":null,"ResultDate":"2026-08-31T10:18:24.7677851+05:00","PostID":0,"Post":null,"ExecuteMethod":2,"SourceResultText":"27.90","SourceResultValue":null,"SourceResultExpression":null,"SourceUnitTypeID":100041,"SourceUnitType":{"NameRU":"мкмоль/л","NameKZ":"мкмоль/л","Name":"мкмоль/л","PublicCode":"10004100","OrderBy":42,"ID":100041,"StrID":"100041"},"IsApproved":false,"ApproveDate":null,"ApprovePostID":null,"ApprovePost":null,"OrderNum":1,"WorkPlaceID":20747,"DriverManagerID":150,"BacteriologyResult":null,"AnalyzerId":38,"IsOrderProductionControl":false,"ID":0,"StrID":"0"}
31.08.2026 10:18:24	Information:	Save string: 
31.08.2026 10:18:24	Information:	{"OrderResearchID":67055331,"OrderResearch":{"OrderID":31114047,"ServiceMoID":2164651,"ServiceMoMasterDataID":8269505,"ServiceMo":{"OrgHealthCareID":"45500000000000909","ServiceID":296,"NameRU":"Определение креатинина в сыворотке крови на анализаторе","NameKZ":"Қан сарысуындағы  креатининді талдауышта анықтау ","Name":"Определение креатинина в сыворотке крови на анализаторе","ShortNameRU":"Определение креатинина в сыворотке крови на анализаторе","ShortNameKZ":"Қан сарысуындағы  креатининді талдауышта анықтау ","ShortName":"Определение креатинина в сыворотке крови на анализаторе","FullName":"B03.363.002 - Определение креатинина в сыворотке крови на анализаторе","Code":"B03.363.002","ExternalCode":null,"ServiceClassID":5,"ServiceClass":{"ServiceTypeID":2,"OrderBy":5,"MasterDataID":5,"NameRU":"Клиническая химия (биохимия)","NameKZ":"Клиникалық химия (биохимия)","Name":"Клиническая химия (биохимия)","PublicCode":"500","EndDate":null,"ID":"5","StrID":"5"},"Service":{"NameRU":"Определение креатинина в сыворотке крови на анализаторе","NameKZ":"Қан сарысуындағы креатининді талдауышта анықтау","Name":"Определение креатинина в сыворотке крови на анализаторе","ShortNameRU":"Креатинин на анализаторе","ShortNameKZ":"Креатинин на анализаторе","ShortName":"Креатинин на анализаторе","FullName":"B03.363.002 - Определение креатинина в сыворотке крови на анализаторе","Code":"B03.363.002","ServiceClassID":5,"ServiceClass":null,"ServiceSubClassID":6,"ServiceSubClass":null,"MaterialTypeID":202,"MaterialType":null,"MasterDataID":3137,"ID":"296","StrID":"296"},"MasterDataID":8269505,"ServiceSubClassID":6,"PayType":1,"ServiceSubClass":null,"ID":"2164651","StrID":"2164651"},"FullName":"B03.363.002 - Определение креатинина в сыворотке крови на анализаторе  () ","IsMain":true,"SourceID":"144932980_33965198","WorkPlaceID":20747,"WorkPlace":null,"DriverManager":null,"ParameterID":null,"Parameter":null,"AdditionalInfo":null,"Status":1,"PerformetServiceCount":7,"ResearchResultCount":0,"ApproveResearchResultCount":0,"NotSaveResearchResultCount":0,"ParentID":null,"ScreeningCandidatePlanGuid":null,"ScreeningUrl":null,"TakePlace":null,"MaterialTypeID":null,"MaterialType":null,"PartCount":0,"IsOrderProductionControl":false,"Uid":"61559e67-0cb2-4ef3-bbc0-4c4576b1967d","OrderPerformerServices":[],"OrderResearchAllergens":[],"Results":[],"IsResumed":false,"ExecutionType":0,"ID":"67055331","StrID":"67055331"},"ParameterID":200744,"Parameter":{"ShortNameRU":"креатинин в крови","ShortNameKZ":"қандағы креатинин","ShortName":"креатинин в крови","DataType":0,"DataTypeName":"Число","UnitTypeID":100041,"UnitType":null,"MedicalFormID":null,"MasterDataID":0,"MedicalForm":null,"NameWithDataType":"креатинин в крови  (Число)","NameRU":"креатинин в крови","NameKZ":"қандағы креатинин","Name":"креатинин в крови","PublicCode":"20074400","EndDate":null,"ID":"200744","StrID":"200744"},"ParameterValues":null,"ParameterValueID":null,"ParameterValue":null,"ResultText":"27.90","ResultValue":"27.90","ResultDate":"2026-08-31T10:18:25.3370105+05:00","PostID":"189416","Post":null,"ExecuteMethod":2,"SourceResultText":"27.90","SourceResultValue":"27.90","SourceResultExpression":null,"SourceUnitTypeID":100041,"SourceUnitType":{"OrderBy":42,"MasterDataID":null,"CDD_ID":null,"NameRU":"мкмоль/л","NameKZ":"мкмоль/л","Name":"мкмоль/л","PublicCode":"10004100","EndDate":null,"ID":"100041","StrID":"100041"},"MultiplierID":null,"IsApproved":false,"IsValidated":false,"StandardMatchType":0,"ApproveDate":null,"ApprovePostID":null,"ApprovePost":null,"OrderNum":1,"WorkPlaceID":20747,"OrderID":null,"BacteriologyResult":null,"AnalyzerId":38,"IsOrderProductionControl":false,"ID":"207163901","StrID":"207163901"}
31.08.2026 10:18:24	Debug:	 SendResults SaveDeviceResults = 520 ms
31.08.2026 10:18:24	Debug:	 total for SendResults = 722 ms
31.08.2026 10:19:21	Information:	url https://lab-vko.dmed.kz/ /api/DriverManager/PingDevice
31.08.2026 10:19:21	Information:	{
"Hash": "w9LjvpRCyoByGV3Lzv0iX9dSI0tLK0uV+pRojL1kufc=",
"Status": 0
}


31.08.2026 10:19:21	Information:	Ping ret is {"Status":0,"Comment":null}
31.08.2026 10:20:21	Information:	Received bytes(encoded):MSH|^~\&|||||20260831101923||ORU^R01|13|P|2.3.1||||0||ASCII|||PID|13|||||||O|||||||||||||||||||||||OBR|13|51562997|4|^|N|20260831091650|20260831091636|20260831091636||1^4||||20260831091636|?????|||||||||||||||||||||||||||||||||OBX|1|NM|Glu-G|Glucose (GOD-POD Method)|3.019946|mmol/L|-|N|||F||3.019946|20260831101851|||0|RGTE|OBX|2|NM|T-Bil-V|Bilirubin Total (VOX Method)|4.514116|?mol/L|-|N|||F||4.514116|20260831101853|||0||OBX|3|NM|D-Bil-V|Bilirubin Direct (VOX Method)|1.187878|?mol/L|-|N|||F||1.187878|20260831101908|||0||OBX|4|NM|ALT|Alanine Aminotransferase|14.500372|U/L|-|N|||F||14.500372|20260831101721|||0||OBX|5|NM|AST|Aspartate Aminotransferase|25.992385|U/L|-|N|||F||25.992385|20260831101736|||0||OBX|6|NM|TP|Total Protein|77.636302|g/L|-|N|||F||77.636302|20260831101923|||0||OBX|7|NM|CREA-S|Creatinine (Sarcosine Oxidase Method)|49.784055|?mol/L|-|N|||F||49.784055|20260831101921|||0||OBX|8|NM|UREA|Urea|3.371084|mmol/L|-|N|||F||3.371084|20260831101806|||0||OBX|9|NM||AST/ALT|1.793103||-|N|||F||1.7
31.08.2026 10:20:21	Information:	Add Frame:
31.08.2026 10:20:21	Information:	MSH|^~\&|||||20260831101923||ORU^R01|13|P|2.3.1||||0||ASCII|||
31.08.2026 10:20:21	Information:	In Header
31.08.2026 10:20:21	Information:	MessageType: ORU
31.08.2026 10:20:21	Information:	After message type
31.08.2026 10:20:21	Information:	After ask
31.08.2026 10:20:21	Information:	After version
31.08.2026 10:20:21	Information:	Add Frame:
31.08.2026 10:20:21	Information:	PID|13|||||||O|||||||||||||||||||||||
31.08.2026 10:20:21	Information:	Add Frame:
31.08.2026 10:20:21	Information:	OBR|13|51562997|4|^|N|20260831091650|20260831091636|20260831091636||1^4||||20260831091636|?????|||||||||||||||||||||||||||||||||
31.08.2026 10:20:21	Information:	Add Frame:
31.08.2026 10:20:21	Information:	OBX|1|NM|Glu-G|Glucose (GOD-POD Method)|3.019946|mmol/L|-|N|||F||3.019946|20260831101851|||0|RGTE|
31.08.2026 10:20:21	Information:	Add Frame:
31.08.2026 10:20:21	Information:	OBX|2|NM|T-Bil-V|Bilirubin Total (VOX Method)|4.514116|?mol/L|-|N|||F||4.514116|20260831101853|||0||
31.08.2026 10:20:21	Information:	Add Frame:
31.08.2026 10:20:21	Information:	OBX|3|NM|D-Bil-V|Bilirubin Direct (VOX Method)|1.187878|?mol/L|-|N|||F||1.187878|20260831101908|||0||
31.08.2026 10:20:21	Information:	Add Frame:
31.08.2026 10:20:21	Information:	OBX|4|NM|ALT|Alanine Aminotransferase|14.500372|U/L|-|N|||F||14.500372|20260831101721|||0||
31.08.2026 10:20:21	Information:	Add Frame:
31.08.2026 10:20:21	Information:	OBX|5|NM|AST|Aspartate Aminotransferase|25.992385|U/L|-|N|||F||25.992385|20260831101736|||0||
31.08.2026 10:20:21	Information:	Add Frame:
31.08.2026 10:20:21	Information:	OBX|6|NM|TP|Total Protein|77.636302|g/L|-|N|||F||77.636302|20260831101923|||0||
31.08.2026 10:20:21	Information:	Add Frame:
31.08.2026 10:20:21	Information:	OBX|7|NM|CREA-S|Creatinine (Sarcosine Oxidase Method)|49.784055|?mol/L|-|N|||F||49.784055|20260831101921|||0||
31.08.2026 10:20:21	Information:	Add Frame:
31.08.2026 10:20:21	Information:	OBX|8|NM|UREA|Urea|3.371084|mmol/L|-|N|||F||3.371084|20260831101806|||0||
31.08.2026 10:20:21	Information:	Received bytes(encoded):93103||||||
31.08.2026 10:20:21	Information:	Add Frame:
31.08.2026 10:20:21	Information:	OBX|9|NM||AST/ALT|1.793103||-|N|||F||1.793103||||||
31.08.2026 10:20:21	Information:	Add Frame:
31.08.2026 10:20:21	Information:	
31.08.2026 10:20:21	Debug:	read message: 2ms
31.08.2026 10:20:21	Information:	The answer message is created successfully
31.08.2026 10:20:21	Information:	Sending answer...
31.08.2026 10:20:21	Information:	We are in ORU Message
31.08.2026 10:20:21	Information:	MSH MSH|^~\&|||||20260831101923||ORU^R01|13|P|2.3.1||||0||ASCII||||
31.08.2026 10:20:21	Information:	PID PID|13|||||||O||||||||||||||||||||||||
31.08.2026 10:20:21	Information:	PatientRecord in message is successfully  processed
31.08.2026 10:20:21	Information:	The patient order is successfully processed
31.08.2026 10:20:21	Information:	The order record is successfully processed
31.08.2026 10:20:21	Information:	The order record is successfully processed
31.08.2026 10:20:21	Information:	The order record is successfully processed
31.08.2026 10:20:21	Information:	The order record is successfully processed
31.08.2026 10:20:21	Information:	The order record is successfully processed
31.08.2026 10:20:21	Information:	The order record is successfully processed
31.08.2026 10:20:21	Information:	The order record is successfully processed
31.08.2026 10:20:21	Information:	The order record is successfully processed
31.08.2026 10:20:21	Information:	The order record is successfully processed
31.08.2026 10:20:21	Information:	The ORU message is successfully processed
31.08.2026 10:20:21	Debug:	Process message: 8ms
31.08.2026 10:20:21	Debug:	Total time : 11ms
31.08.2026 10:20:21	Debug:	SendResults:	check DriverRequests=	0	ms
31.08.2026 10:20:21	Information:	ByBarcode 51562997
31.08.2026 10:20:21	Information:	GetLinesByBarcodes
31.08.2026 10:20:21	Information:	{
"WorkPlaceID": 20747,
"BeginDate": "2026-06-01",
"EndDate": "2026-09-01",
"OrderNumber": "51562997",
"Offset": 0,
"Limit": 1
}


31.08.2026 10:20:21	Information:	GetByBarcodeReturn: 
31.08.2026 10:20:21	Information:	{"Data":[{"ID":31119839,"StrID":"31119839","OrderNumber":"51562997","OrderRegDate":"2026-08-29T18:07:52.993","PlanExecutionDate":"2026-08-29T18:07:00","SenderMoID":45500000000000909,"SenderMo":{"NameRU":"Некоммерческое акционерное общество \"Медицинский университет Семей\"","NameKZ":"\"Семей медицина университеті\" коммерциялық емес акционерлік қоғамы","Name":"Некоммерческое акционерное общество \"Медицинский университет Семей\"","ShortNameRU":"НАО \"МУС\"","ShortNameKZ":"\"СМУ\" КеАҚ","ShortName":"НАО \"МУС\"","PublicCode":"237J","AddressRU":"ВКО, г. Семей, ул. Абая Кунанбаева 103","AddressKZ":"ВКО, г. Семей, ул. Абая Кунанбаева 103","Address":"ВКО, г. Семей, ул. Абая Кунанбаева 103","OriginalID":"45500000000000909","IsWork":true,"RegionID":20,"BIN":"190240004938","MasterDataID":4911,"PhonesData":{"OrgHealthCarePhones":[]},"IsPostmortem":false,"IsHospital":true,"Code":null,"ID":"45500000000000909","StrID":"45500000000000909"},"ReceiverMoID":45500000000000909,"ReceiverMo":null,"PatientDetailID":41030172,"PatientDetail":{"PersonID":"1556639","Person":{"IIN":"140715503598","LastName":"МАШАЕВ","FirstName":"ТАМЕРЛАН","SecondName":"ФАРХАТОВИЧ","FullName":"МАШАЕВ ТАМЕРЛАН ФАРХАТОВИЧ","FullNameIOF":"ТАМЕРЛАН ФАРХАТОВИЧ МАШАЕВ","DisplayText":"140715503598 ТАМЕРЛАН ФАРХАТОВИЧ МАШАЕВ 15.07.2014","IinFullName":"140715503598 - МАШАЕВ ТАМЕРЛАН ФАРХАТОВИЧ","BirthDate":"2014-07-15T00:00:00","BirthDateStr":"15.07.2014","DeathDate":null,"DeathDateStr":"","BioSexID":3,"BioSex":null,"NationalityID":null,"Nationality":null,"CitizenshipID":null,"Citizenship":null,"MasterDataID":17734552,"RpnID":"15300000032236220","KmisID":"45500000009011613","Type":1,"Age":0,"IsStillborn":false,"IsEarlyNeonatalDeathUp28days":false,"IsDeadPerson":false,"ID":"1556639","StrID":"1556639"},"AddressRU":"РЕСПУБЛИКА: Казахстан , ОБЛАСТЬ: Абайская , ГОРОД ОБЛ.ЗНАЧ.: Семей , УЛИЦА: Целинная П Восход , ДОМ: 67 ","AddressKZ":": Қазақстан , : Абай , : Семей Қ. , : Целинная П Восход , ҮЙ: 67 ","Address":"РЕСПУБЛИКА: Казахстан , ОБЛАСТЬ: Абайская , ГОРОД ОБЛ.ЗНАЧ.: Семей , УЛИЦА: Целинная П Восход , ДОМ: 67 ","MasterDataAddressID":2683800,"WorkPlace":"Школа ОСШВИ КГУ «СРЕДНЯЯ ОБЩЕОБРАЗОВАТЕЛЬНАЯ ШКОЛА №12», Класс 6","WorkPosition":null,"DocumentNumber":"3992446","DocumentTypeID":3,"DocumentType":null,"NationalityID":null,"DocumentTypeName":null,"Phones":"+7 (701) 211-80-30","ExternalCardID":"5968053","CardType":1,"CardNumber":"66690","CitizenshipCategoryID":1,"CitizenshipCategory":null,"ResidenceTypeID":3,"ResidenceType":null,"MotherPersonID":null,"MotherPerson":null,"IsForeigner":false,"IsHomeless":false,"IsDeadPerson":false,"IsResident":true,"ID":"41030172","StrID":"41030172"},"Person":{"IIN":"140715503598","LastName":"МАШАЕВ","FirstName":"ТАМЕРЛАН","SecondName":"ФАРХАТОВИЧ","FullName":"МАШАЕВ ТАМЕРЛАН ФАРХАТОВИЧ","FullNameIOF":"ТАМЕРЛАН ФАРХАТОВИЧ МАШАЕВ","DisplayText":"140715503598 ТАМЕРЛАН ФАРХАТОВИЧ МАШАЕВ 15.07.2014","IinFullName":"140715503598 - МАШАЕВ ТАМЕРЛАН ФАРХАТОВИЧ","BirthDate":"2014-07-15T00:00:00","BirthDateStr":"15.07.2014","DeathDate":null,"DeathDateStr":"","BioSexID":3,"BioSex":null,"NationalityID":null,"Nationality":null,"CitizenshipID":null,"Citizenship":null,"MasterDataID":17734552,"RpnID":"15300000032236220","KmisID":"45500000009011613","Type":1,"Age":0,"IsStillborn":false,"IsEarlyNeonatalDeathUp28days":false,"IsDeadPerson":false,"ID":"1556639","StrID":"1556639"},"IsCito":false,"ExternalSystem":1,"OrderResultFileID":null,"OrderResultFileStorageID":null,"OrderResultDate":null,"Status":1,"DeleteDate":null,"ResultNotes":null,"Comment":"","ExternalOrderNumber":"51562997","ExaminationTypeID":null,"ExaminationType":null,"ExaminationIndicationID":null,"ExaminationIndication":null,"Uid":"0288E441-13F1-41C2-927A-BA7A706485A9","SenderPostFullName":"АЛИКЕНОВ КАЗБЕК КУАНДЫКОВИЧ","SenderFuncStructureNameRU":"Отделение детской травматологии","SenderFuncStructureNameKZ":"Балалар травматологиясы бөлімі","IsSamplingOfMaterialsAtReceiver":false,"MisID":42118913,"Materials":[{"OrderID":31119839,"Uid":"cee7a10c-81dd-4239-a490-75c8b629897c","MaterialNumber":"51562997","MaterialTypeID":363,"MaterialType":{"OrderBy":0,"ParentID":202,"HasChildren":false,"MasterDataID":489,"Parent":null,"NameRU":"Кровь венозная","NameKZ":"Кровь венозная","Name":"Кровь венозная","PublicCode":"36300","EndDate":null,"ID":"363","StrID":"363"},"TakeDate":"2026-08-29T18:07:00","TakeDateStr":"29.08.2026 18:07","TakePlace":"ДЕТ Т О","RejectionReason":null,"RejectionTakenMeasures":null,"ReceiptDate":null,"ReceiptDateStr":null,"RejectionCreatePostID":null,"RejectionCreatePost":null,"SampleCollectorPostIIN":"660331400022","SampleCollectorPostID":null,"Researches":[],"RejectedMaterialImageID":null,"File":null,"ID":"31406429","StrID":"31406429"}],"Researches":[]}],"Total":1}
31.08.2026 10:20:21	Information:	OrderedWW 51562997 Biomat 0 Device 20747
31.08.2026 10:20:22	Information:	Sended bytes:  11 77 83 72 124 94 126 92 38 124 77 105 110 100 114 97 121 124 124 124 124 50 48 50 54 48 56 51 49 49 48 50 48 50 49 124 124 65 67 75 94 82 48 49 124 49 51 124 80 124 50 46 51 46 49 124 124 124 124 48 124 124 117 115 45 97 115 99 105 105 124 124 124 13 77 83 65 124 65 65 124 49 51 124 77 101 115 115 97 103 101 32 97 99 99 101 112 116 101 100 124 124 124 48 124 13 28 13
31.08.2026 10:20:22	Information:	Sended string MSH|^~\&|Mindray||||20260831102021||ACK^R01|13|P|2.3.1||||0||us-ascii|||MSA|AA|13|Message accepted|||0|
31.08.2026 10:20:22	Information:	ResearchResult
31.08.2026 10:20:22	Information:	{
"OrderID": "31119839",
"WorkPlaceID": 20747
}


31.08.2026 10:20:22	Information:	[{"OrderResearchID":67066106,"OrderResearch":null,"ParameterID":200918,"Parameter":{"ShortNameRU":"общий белок в сыворотке крови","ShortNameKZ":"қан сарысуындағы жалпы ақуыз","ShortName":"общий белок в сыворотке крови","DataType":0,"DataTypeName":"Число","UnitTypeID":100012,"UnitType":{"OrderBy":13,"MasterDataID":null,"CDD_ID":null,"NameRU":"г/л","NameKZ":"г/л","Name":"г/л","PublicCode":"10001200","EndDate":null,"ID":"100012","StrID":"100012"},"MedicalFormID":null,"MasterDataID":0,"MedicalForm":null,"NameWithDataType":"общий белок в сыворотке крови  (Число)","NameRU":"общий белок в сыворотке крови","NameKZ":"қан сарысуындағы жалпы ақуыз","Name":"общий белок в сыворотке крови","PublicCode":"20091800","EndDate":null,"ID":"200918","StrID":"200918"},"ParameterValues":null,"ParameterValueID":null,"ParameterValue":null,"ResultText":null,"ResultValue":null,"ResultDate":"2026-08-31T10:20:22.9643733+05:00","PostID":"0","Post":null,"ExecuteMethod":2,"SourceResultText":null,"SourceResultValue":null,"SourceResultExpression":null,"SourceUnitTypeID":100012,"SourceUnitType":{"OrderBy":13,"MasterDataID":null,"CDD_ID":null,"NameRU":"г/л","NameKZ":"г/л","Name":"г/л","PublicCode":"10001200","EndDate":null,"ID":"100012","StrID":"100012"},"MultiplierID":null,"IsApproved":false,"IsValidated":false,"StandardMatchType":0,"ApproveDate":null,"ApprovePostID":null,"ApprovePost":null,"OrderNum":1,"WorkPlaceID":20747,"OrderID":null,"BacteriologyResult":null,"AnalyzerId":null,"IsOrderProductionControl":false,"ID":"0","StrID":"0"},{"OrderResearchID":67066110,"OrderResearch":null,"ParameterID":200357,"Parameter":{"ShortNameRU":"АЛаТ","ShortNameKZ":"АЛаТ","ShortName":"АЛаТ","DataType":0,"DataTypeName":"Число","UnitTypeID":100030,"UnitType":{"OrderBy":31,"MasterDataID":null,"CDD_ID":null,"NameRU":"МЕ/л","NameKZ":"ХБ/л","Name":"МЕ/л","PublicCode":"10003000","EndDate":null,"ID":"100030","StrID":"100030"},"MedicalFormID":null,"MasterDataID":0,"MedicalForm":null,"NameWithDataType":"АЛаТ  (Число)","NameRU":"АЛаТ","NameKZ":"АЛаТ","Name":"АЛаТ","PublicCode":"20035700","EndDate":null,"ID":"200357","StrID":"200357"},"ParameterValues":null,"ParameterValueID":null,"ParameterValue":null,"ResultText":null,"ResultValue":null,"ResultDate":"2026-08-31T10:20:22.9818933+05:00","PostID":"0","Post":null,"ExecuteMethod":2,"SourceResultText":null,"SourceResultValue":null,"SourceResultExpression":null,"SourceUnitTypeID":100030,"SourceUnitType":{"OrderBy":31,"MasterDataID":null,"CDD_ID":null,"NameRU":"МЕ/л","NameKZ":"ХБ/л","Name":"МЕ/л","PublicCode":"10003000","EndDate":null,"ID":"100030","StrID":"100030"},"MultiplierID":null,"IsApproved":false,"IsValidated":false,"StandardMatchType":0,"ApproveDate":null,"ApprovePostID":null,"ApprovePost":null,"OrderNum":1,"WorkPlaceID":20747,"OrderID":null,"BacteriologyResult":null,"AnalyzerId":null,"IsOrderProductionControl":false,"ID":"0","StrID":"0"},{"OrderResearchID":67066109,"OrderResearch":null,"ParameterID":201032,"Parameter":{"ShortNameRU":"прямой билирубин в сыворотке крови","ShortNameKZ":"қан сарысуындағы тікелей билирубин","ShortName":"прямой билирубин в сыворотке крови","DataType":0,"DataTypeName":"Число","UnitTypeID":100041,"UnitType":{"OrderBy":42,"MasterDataID":null,"CDD_ID":null,"NameRU":"мкмоль/л","NameKZ":"мкмоль/л","Name":"мкмоль/л","PublicCode":"10004100","EndDate":null,"ID":"100041","StrID":"100041"},"MedicalFormID":null,"MasterDataID":0,"MedicalForm":null,"NameWithDataType":"прямой билирубин в сыворотке крови  (Число)","NameRU":"прямой билирубин в сыворотке крови","NameKZ":"қан сарысуындағы тікелей билирубин","Name":"прямой билирубин в сыворотке крови","PublicCode":"20103200","EndDate":null,"ID":"201032","StrID":"201032"},"ParameterValues":null,"ParameterValueID":null,"ParameterValue":null,"ResultText":null,"ResultValue":null,"ResultDate":"2026-08-31T10:20:23.0011787+05:00","PostID":"0","Post":null,"ExecuteMethod":2,"SourceResultText":null,"SourceResultValue":null,"SourceResultExpression":null,"SourceUnitTypeID":100041,"SourceUnitType":{"OrderBy":42,"MasterDataID":null,"CDD_ID":null,"NameRU":"мкмоль/л","NameKZ":"мкмоль/л","Name":"мкмоль/л","PublicCode":"10004100","EndDate":null,"ID":"100041","StrID":"100041"},"MultiplierID":null,"IsApproved":false,"IsValidated":false,"StandardMatchType":0,"ApproveDate":null,"ApprovePostID":null,"ApprovePost":null,"OrderNum":1,"WorkPlaceID":20747,"OrderID":null,"BacteriologyResult":null,"AnalyzerId":null,"IsOrderProductionControl":false,"ID":"0","StrID":"0"},{"OrderResearchID":67066108,"OrderResearch":null,"ParameterID":200919,"Parameter":{"ShortNameRU":"общий билирубин в сыворотке крови","ShortNameKZ":"қан сарысуындағы жалпы билирубин","ShortName":"общий билирубин в сыворотке крови","DataType":0,"DataTypeName":"Число","UnitTypeID":100041,"UnitType":{"OrderBy":42,"MasterDataID":null,"CDD_ID":null,"NameRU":"мкмоль/л","NameKZ":"мкмоль/л","Name":"мкмоль/л","PublicCode":"10004100","EndDate":null,"ID":"100041","StrID":"100041"},"MedicalFormID":null,"MasterDataID":0,"MedicalForm":null,"NameWithDataType":"общий билирубин в сыворотке крови  (Число)","NameRU":"общий билирубин в сыворотке крови","NameKZ":"қан сарысуындағы жалпы билирубин","Name":"общий билирубин в сыворотке крови","PublicCode":"20091900","EndDate":null,"ID":"200919","StrID":"200919"},"ParameterValues":null,"ParameterValueID":null,"ParameterValue":null,"ResultText":null,"ResultValue":null,"ResultDate":"2026-08-31T10:20:23.0231319+05:00","PostID":"0","Post":null,"ExecuteMethod":2,"SourceResultText":null,"SourceResultValue":null,"SourceResultExpression":null,"SourceUnitTypeID":100041,"SourceUnitType":{"OrderBy":42,"MasterDataID":null,"CDD_ID":null,"NameRU":"мкмоль/л","NameKZ":"мкмоль/л","Name":"мкмоль/л","PublicCode":"10004100","EndDate":null,"ID":"100041","StrID":"100041"},"MultiplierID":null,"IsApproved":false,"IsValidated":false,"StandardMatchType":0,"ApproveDate":null,"ApprovePostID":null,"ApprovePost":null,"OrderNum":1,"WorkPlaceID":20747,"OrderID":null,"BacteriologyResult":null,"AnalyzerId":null,"IsOrderProductionControl":false,"ID":"0","StrID":"0"},{"OrderResearchID":67066111,"OrderResearch":null,"ParameterID":200408,"Parameter":{"ShortNameRU":"АСаТ","ShortNameKZ":"АСаТ","ShortName":"АСаТ","DataType":0,"DataTypeName":"Число","UnitTypeID":100030,"UnitType":{"OrderBy":31,"MasterDataID":null,"CDD_ID":null,"NameRU":"МЕ/л","NameKZ":"ХБ/л","Name":"МЕ/л","PublicCode":"10003000","EndDate":null,"ID":"100030","StrID":"100030"},"MedicalFormID":null,"MasterDataID":0,"MedicalForm":null,"NameWithDataType":"АСаТ  (Число)","NameRU":"АСаТ","NameKZ":"АСаТ","Name":"АСаТ","PublicCode":"20040800","EndDate":null,"ID":"200408","StrID":"200408"},"ParameterValues":null,"ParameterValueID":null,"ParameterValue":null,"ResultText":null,"ResultValue":null,"ResultDate":"2026-08-31T10:20:23.0414147+05:00","PostID":"0","Post":null,"ExecuteMethod":2,"SourceResultText":null,"SourceResultValue":null,"SourceResultExpression":null,"SourceUnitTypeID":100030,"SourceUnitType":{"OrderBy":31,"MasterDataID":null,"CDD_ID":null,"NameRU":"МЕ/л","NameKZ":"ХБ/л","Name":"МЕ/л","PublicCode":"10003000","EndDate":null,"ID":"100030","StrID":"100030"},"MultiplierID":null,"IsApproved":false,"IsValidated":false,"StandardMatchType":0,"ApproveDate":null,"ApprovePostID":null,"ApprovePost":null,"OrderNum":1,"WorkPlaceID":20747,"OrderID":null,"BacteriologyResult":null,"AnalyzerId":null,"IsOrderProductionControl":false,"ID":"0","StrID":"0"},{"OrderResearchID":67066107,"OrderResearch":null,"ParameterID":200549,"Parameter":{"ShortNameRU":"глюкоза в сыворотке крови","ShortNameKZ":"қан сарысуындағы глюкоза","ShortName":"глюкоза в сыворотке крови","DataType":0,"DataTypeName":"Число","UnitTypeID":100051,"UnitType":{"OrderBy":52,"MasterDataID":null,"CDD_ID":null,"NameRU":"ммоль/л","NameKZ":"ммоль/л","Name":"ммоль/л","PublicCode":"10005100","EndDate":null,"ID":"100051","StrID":"100051"},"MedicalFormID":null,"MasterDataID":0,"MedicalForm":null,"NameWithDataType":"глюкоза в сыворотке крови  (Число)","NameRU":"глюкоза в сыворотке крови","NameKZ":"қан сарысуындағы глюкоза","Name":"глюкоза в сыворотке крови","PublicCode":"20054900","EndDate":null,"ID":"200549","StrID":"200549"},"ParameterValues":null,"ParameterValueID":null,"ParameterValue":null,"ResultText":null,"ResultValue":null,"ResultDate":"2026-08-31T10:20:23.0597476+05:00","PostID":"0","Post":null,"ExecuteMethod":2,"SourceResultText":null,"SourceResultValue":null,"SourceResultExpression":null,"SourceUnitTypeID":100051,"SourceUnitType":{"OrderBy":52,"MasterDataID":null,"CDD_ID":null,"NameRU":"ммоль/л","NameKZ":"ммоль/л","Name":"ммоль/л","PublicCode":"10005100","EndDate":null,"ID":"100051","StrID":"100051"},"MultiplierID":null,"IsApproved":false,"IsValidated":false,"StandardMatchType":0,"ApproveDate":null,"ApprovePostID":null,"ApprovePost":null,"OrderNum":1,"WorkPlaceID":20747,"OrderID":null,"BacteriologyResult":null,"AnalyzerId":null,"IsOrderProductionControl":false,"ID":"0","StrID":"0"},{"OrderResearchID":67066112,"OrderResearch":null,"ParameterID":200852,"Parameter":{"ShortNameRU":"мочевина в сыворотке крови","ShortNameKZ":"қан сарысуындағы несепнәр","ShortName":"мочевина в сыворотке крови","DataType":0,"DataTypeName":"Число","UnitTypeID":100051,"UnitType":{"OrderBy":52,"MasterDataID":null,"CDD_ID":null,"NameRU":"ммоль/л","NameKZ":"ммоль/л","Name":"ммоль/л","PublicCode":"10005100","EndDate":null,"ID":"100051","StrID":"100051"},"MedicalFormID":null,"MasterDataID":0,"MedicalForm":null,"NameWithDataType":"мочевина в сыворотке крови  (Число)","NameRU":"мочевина в сыворотке крови","NameKZ":"қан сарысуындағы несепнәр","Name":"мочевина в сыворотке крови","PublicCode":"20085200","EndDate":null,"ID":"200852","StrID":"200852"},"ParameterValues":null,"ParameterValueID":null,"ParameterValue":null,"ResultText":null,"ResultValue":null,"ResultDate":"2026-08-31T10:20:23.0778067+05:00","PostID":"0","Post":null,"ExecuteMethod":2,"SourceResultText":null,"SourceResultValue":null,"SourceResultExpression":null,"SourceUnitTypeID":100051,"SourceUnitType":{"OrderBy":52,"MasterDataID":null,"CDD_ID":null,"NameRU":"ммоль/л","NameKZ":"ммоль/л","Name":"ммоль/л","PublicCode":"10005100","EndDate":null,"ID":"100051","StrID":"100051"},"MultiplierID":null,"IsApproved":false,"IsValidated":false,"StandardMatchType":0,"ApproveDate":null,"ApprovePostID":null,"ApprovePost":null,"OrderNum":1,"WorkPlaceID":20747,"OrderID":null,"BacteriologyResult":null,"AnalyzerId":null,"IsOrderProductionControl":false,"ID":"0","StrID":"0"},{"OrderResearchID":67066113,"OrderResearch":null,"ParameterID":200744,"Parameter":{"ShortNameRU":"креатинин в крови","ShortNameKZ":"қандағы креатинин","ShortName":"креатинин в крови","DataType":0,"DataTypeName":"Число","UnitTypeID":100041,"UnitType":{"OrderBy":42,"MasterDataID":null,"CDD_ID":null,"NameRU":"мкмоль/л","NameKZ":"мкмоль/л","Name":"мкмоль/л","PublicCode":"10004100","EndDate":null,"ID":"100041","StrID":"100041"},"MedicalFormID":null,"MasterDataID":0,"MedicalForm":null,"NameWithDataType":"креатинин в крови  (Число)","NameRU":"креатинин в крови","NameKZ":"қандағы креатинин","Name":"креатинин в крови","PublicCode":"20074400","EndDate":null,"ID":"200744","StrID":"200744"},"ParameterValues":null,"ParameterValueID":null,"ParameterValue":null,"ResultText":null,"ResultValue":null,"ResultDate":"2026-08-31T10:20:23.1210021+05:00","PostID":"0","Post":null,"ExecuteMethod":2,"SourceResultText":null,"SourceResultValue":null,"SourceResultExpression":null,"SourceUnitTypeID":100041,"SourceUnitType":{"OrderBy":42,"MasterDataID":null,"CDD_ID":null,"NameRU":"мкмоль/л","NameKZ":"мкмоль/л","Name":"мкмоль/л","PublicCode":"10004100","EndDate":null,"ID":"100041","StrID":"100041"},"MultiplierID":null,"IsApproved":false,"IsValidated":false,"StandardMatchType":0,"ApproveDate":null,"ApprovePostID":null,"ApprovePost":null,"OrderNum":1,"WorkPlaceID":20747,"OrderID":null,"BacteriologyResult":null,"AnalyzerId":null,"IsOrderProductionControl":false,"ID":"0","StrID":"0"}]
31.08.2026 10:20:22	Information:	TestsWW spec 200918, spec 200357, spec 201032, spec 200919, spec 200408, spec 200549, spec 200852, spec 200744, 
31.08.2026 10:20:22	Information:	Querry lines count: 1
31.08.2026 10:20:22	Debug:	SendResults:	fix DriverRequests=	437	ms
31.08.2026 10:20:22	Information:	SAMPLE! 51562997 DeviceDriverResult Sample: 51562997 Suggest: . Do Request True
31.08.2026 10:20:22	Information:	Sample request count: 1
31.08.2026 10:20:22	Information:	MU is mmol/L
31.08.2026 10:20:22	Information:	Driver Collations count 0
31.08.2026 10:20:22	Information:	MU collations count=0
31.08.2026 10:20:22	Information:	MU is ?mol/L
31.08.2026 10:20:22	Information:	Driver Collations count 0
31.08.2026 10:20:22	Information:	MU collations count=0
31.08.2026 10:20:22	Information:	MU is ?mol/L
31.08.2026 10:20:22	Information:	Driver Collations count 0
31.08.2026 10:20:22	Information:	MU collations count=0
31.08.2026 10:20:22	Information:	MU is U/L
31.08.2026 10:20:22	Information:	Driver Collations count 0
31.08.2026 10:20:22	Information:	MU collations count=0
31.08.2026 10:20:22	Information:	MU is U/L
31.08.2026 10:20:22	Information:	Driver Collations count 0
31.08.2026 10:20:22	Information:	MU collations count=0
31.08.2026 10:20:22	Information:	MU is g/L
31.08.2026 10:20:22	Information:	Driver Collations count 0
31.08.2026 10:20:22	Information:	MU collations count=0
31.08.2026 10:20:22	Information:	MU is ?mol/L
31.08.2026 10:20:22	Information:	Driver Collations count 0
31.08.2026 10:20:22	Information:	MU collations count=0
31.08.2026 10:20:22	Information:	MU is mmol/L
31.08.2026 10:20:22	Information:	Driver Collations count 0
31.08.2026 10:20:22	Information:	MU collations count=0
31.08.2026 10:20:22	Debug:	SendResults:	SetTestsValues first SetTestsValues=	80	ms
31.08.2026 10:20:22	Debug:	SendResults:	Device Total = 520 ms
31.08.2026 10:20:22	Information:	Saving 51562997
31.08.2026 10:20:22	Information:	Start test result saving
31.08.2026 10:20:22	Information:	Result object to save: 
31.08.2026 10:20:22	Information:	{"OrderResearchID":67066106,"OrderResearch":null,"ParameterID":200918,"Parameter":{"ShortNameRU":"общий белок в сыворотке крови","ShortNameKZ":"қан сарысуындағы жалпы ақуыз","ShortName":"общий белок в сыворотке крови","DataType":0,"DataTypeName":"Число","UnitTypeID":100012,"UnitType":{"NameRU":"г/л","NameKZ":"г/л","Name":"г/л","PublicCode":"10001200","OrderBy":13,"ID":100012,"StrID":"100012"},"MedicalFormID":null,"MedicalForm":null,"NameRU":"общий белок в сыворотке крови","NameKZ":"қан сарысуындағы жалпы ақуыз","Name":"общий белок в сыворотке крови","PublicCode":"20091800","OrderBy":null,"ID":200918,"StrID":"200918"},"ParameterValueID":null,"ParameterValue":null,"ResultText":"77.64","ResultValue":null,"ResultDate":"2026-08-31T10:20:22.9643733+05:00","PostID":0,"Post":null,"ExecuteMethod":2,"SourceResultText":"77.64","SourceResultValue":null,"SourceResultExpression":null,"SourceUnitTypeID":100012,"SourceUnitType":{"NameRU":"г/л","NameKZ":"г/л","Name":"г/л","PublicCode":"10001200","OrderBy":13,"ID":100012,"StrID":"100012"},"IsApproved":false,"ApproveDate":null,"ApprovePostID":null,"ApprovePost":null,"OrderNum":1,"WorkPlaceID":20747,"DriverManagerID":150,"BacteriologyResult":null,"AnalyzerId":38,"IsOrderProductionControl":false,"ID":0,"StrID":"0"}
31.08.2026 10:20:22	Information:	Save string: 
31.08.2026 10:20:22	Information:	{"OrderResearchID":67066106,"OrderResearch":{"OrderID":31119839,"ServiceMoID":2163201,"ServiceMoMasterDataID":8269447,"ServiceMo":{"OrgHealthCareID":"45500000000000909","ServiceID":236,"NameRU":"Определение общего белка в сыворотке крови на анализаторе","NameKZ":"Қан сарысуындағы жалпы нәруызды талдауышта анықтау ","Name":"Определение общего белка в сыворотке крови на анализаторе","ShortNameRU":"Определение общего белка в сыворотке крови на анализаторе","ShortNameKZ":"Қан сарысуындағы жалпы нәруызды талдауышта анықтау ","ShortName":"Определение общего белка в сыворотке крови на анализаторе","FullName":"B03.397.002 - Определение общего белка в сыворотке крови на анализаторе","Code":"B03.397.002","ExternalCode":null,"ServiceClassID":5,"ServiceClass":{"ServiceTypeID":2,"OrderBy":5,"MasterDataID":5,"NameRU":"Клиническая химия (биохимия)","NameKZ":"Клиникалық химия (биохимия)","Name":"Клиническая химия (биохимия)","PublicCode":"500","EndDate":null,"ID":"5","StrID":"5"},"Service":{"NameRU":"Определение общего белка в сыворотке крови на анализаторе","NameKZ":"Қан сарысуындағы жалпы нәруызды талдауышта анықтау","Name":"Определение общего белка в сыворотке крови на анализаторе","ShortNameRU":"Общий белок на анализаторе","ShortNameKZ":"Общий белок на анализаторе","ShortName":"Общий белок на анализаторе","FullName":"B03.397.002 - Определение общего белка в сыворотке крови на анализаторе","Code":"B03.397.002","ServiceClassID":5,"ServiceClass":null,"ServiceSubClassID":6,"ServiceSubClass":null,"MaterialTypeID":202,"MaterialType":null,"MasterDataID":3079,"ID":"236","StrID":"236"},"MasterDataID":8269447,"ServiceSubClassID":6,"PayType":1,"ServiceSubClass":null,"ID":"2163201","StrID":"2163201"},"FullName":"B03.397.002 - Определение общего белка в сыворотке крови на анализаторе  () ","IsMain":true,"SourceID":"144970859_33976271","WorkPlaceID":20747,"WorkPlace":null,"DriverManager":null,"ParameterID":null,"Parameter":null,"AdditionalInfo":null,"Status":1,"PerformetServiceCount":7,"ResearchResultCount":0,"ApproveResearchResultCount":0,"NotSaveResearchResultCount":0,"ParentID":null,"ScreeningCandidatePlanGuid":null,"ScreeningUrl":null,"TakePlace":null,"MaterialTypeID":null,"MaterialType":null,"PartCount":0,"IsOrderProductionControl":false,"Uid":"8b89f03d-ad74-471e-8dbf-1dc61f984bcd","OrderPerformerServices":[],"OrderResearchAllergens":[],"Results":[],"IsResumed":false,"ExecutionType":0,"ID":"67066106","StrID":"67066106"},"ParameterID":200918,"Parameter":{"ShortNameRU":"общий белок в сыворотке крови","ShortNameKZ":"қан сарысуындағы жалпы ақуыз","ShortName":"общий белок в сыворотке крови","DataType":0,"DataTypeName":"Число","UnitTypeID":100012,"UnitType":null,"MedicalFormID":null,"MasterDataID":0,"MedicalForm":null,"NameWithDataType":"общий белок в сыворотке крови  (Число)","NameRU":"общий белок в сыворотке крови","NameKZ":"қан сарысуындағы жалпы ақуыз","Name":"общий белок в сыворотке крови","PublicCode":"20091800","EndDate":null,"ID":"200918","StrID":"200918"},"ParameterValues":null,"ParameterValueID":null,"ParameterValue":null,"ResultText":"77.64","ResultValue":"77.64","ResultDate":"2026-08-31T10:20:23.4542142+05:00","PostID":"189416","Post":null,"ExecuteMethod":2,"SourceResultText":"77.64","SourceResultValue":"77.64","SourceResultExpression":null,"SourceUnitTypeID":100012,"SourceUnitType":{"OrderBy":13,"MasterDataID":null,"CDD_ID":null,"NameRU":"г/л","NameKZ":"г/л","Name":"г/л","PublicCode":"10001200","EndDate":null,"ID":"100012","StrID":"100012"},"MultiplierID":null,"IsApproved":false,"IsValidated":false,"StandardMatchType":0,"ApproveDate":null,"ApprovePostID":null,"ApprovePost":null,"OrderNum":1,"WorkPlaceID":20747,"OrderID":null,"BacteriologyResult":null,"AnalyzerId":38,"IsOrderProductionControl":false,"ID":"207164304","StrID":"207164304"}
31.08.2026 10:20:22	Information:	Result object to save: 
31.08.2026 10:20:22	Information:	{"OrderResearchID":67066110,"OrderResearch":null,"ParameterID":200357,"Parameter":{"ShortNameRU":"АЛаТ","ShortNameKZ":"АЛаТ","ShortName":"АЛаТ","DataType":0,"DataTypeName":"Число","UnitTypeID":100030,"UnitType":{"NameRU":"МЕ/л","NameKZ":"ХБ/л","Name":"МЕ/л","PublicCode":"10003000","OrderBy":31,"ID":100030,"StrID":"100030"},"MedicalFormID":null,"MedicalForm":null,"NameRU":"АЛаТ","NameKZ":"АЛаТ","Name":"АЛаТ","PublicCode":"20035700","OrderBy":null,"ID":200357,"StrID":"200357"},"ParameterValueID":null,"ParameterValue":null,"ResultText":"14.5","ResultValue":null,"ResultDate":"2026-08-31T10:20:22.9818933+05:00","PostID":0,"Post":null,"ExecuteMethod":2,"SourceResultText":"14.5","SourceResultValue":null,"SourceResultExpression":null,"SourceUnitTypeID":100030,"SourceUnitType":{"NameRU":"МЕ/л","NameKZ":"ХБ/л","Name":"МЕ/л","PublicCode":"10003000","OrderBy":31,"ID":100030,"StrID":"100030"},"IsApproved":false,"ApproveDate":null,"ApprovePostID":null,"ApprovePost":null,"OrderNum":1,"WorkPlaceID":20747,"DriverManagerID":150,"BacteriologyResult":null,"AnalyzerId":38,"IsOrderProductionControl":false,"ID":0,"StrID":"0"}
31.08.2026 10:20:22	Information:	Save string: 
31.08.2026 10:20:22	Information:	{"OrderResearchID":67066110,"OrderResearch":{"OrderID":31119839,"ServiceMoID":2163576,"ServiceMoMasterDataID":8269462,"ServiceMo":{"OrgHealthCareID":"45500000000000909","ServiceID":253,"NameRU":"Определение аланинаминотрансферазы (АЛаТ) в сыворотке крови на анализаторе","NameKZ":"Қан сарысуындағы аланинаминотрансферазды (АЛаТ) талдауышта анықтау ","Name":"Определение аланинаминотрансферазы (АЛаТ) в сыворотке крови на анализаторе","ShortNameRU":"Определение аланинаминотрансферазы (АЛаТ) в сыворотке крови на анализаторе","ShortNameKZ":"Қан сарысуындағы аланинаминотрансферазды (АЛаТ) талдауышта анықтау ","ShortName":"Определение аланинаминотрансферазы (АЛаТ) в сыворотке крови на анализаторе","FullName":"B03.155.002 - Определение аланинаминотрансферазы (АЛаТ) в сыворотке крови на анализаторе","Code":"B03.155.002","ExternalCode":null,"ServiceClassID":5,"ServiceClass":{"ServiceTypeID":2,"OrderBy":5,"MasterDataID":5,"NameRU":"Клиническая химия (биохимия)","NameKZ":"Клиникалық химия (биохимия)","Name":"Клиническая химия (биохимия)","PublicCode":"500","EndDate":null,"ID":"5","StrID":"5"},"Service":{"NameRU":"Определение аланинаминотрансферазы (АЛаТ) в сыворотке крови на анализаторе","NameKZ":"Қан сарысуындағы аланинаминотрансферазды (АЛаТ) талдауышта анықтау","Name":"Определение аланинаминотрансферазы (АЛаТ) в сыворотке крови на анализаторе","ShortNameRU":"АЛаТ на анализаторе","ShortNameKZ":"АЛаТ на анализаторе","ShortName":"АЛаТ на анализаторе","FullName":"B03.155.002 - Определение аланинаминотрансферазы (АЛаТ) в сыворотке крови на анализаторе","Code":"B03.155.002","ServiceClassID":5,"ServiceClass":null,"ServiceSubClassID":6,"ServiceSubClass":null,"MaterialTypeID":202,"MaterialType":null,"MasterDataID":3094,"ID":"253","StrID":"253"},"MasterDataID":8269462,"ServiceSubClassID":6,"PayType":1,"ServiceSubClass":null,"ID":"2163576","StrID":"2163576"},"FullName":"B03.155.002 - Определение аланинаминотрансферазы (АЛаТ) в сыворотке крови на анализаторе  () ","IsMain":true,"SourceID":"144970859_33976275","WorkPlaceID":20747,"WorkPlace":null,"DriverManager":null,"ParameterID":null,"Parameter":null,"AdditionalInfo":null,"Status":1,"PerformetServiceCount":9,"ResearchResultCount":0,"ApproveResearchResultCount":0,"NotSaveResearchResultCount":0,"ParentID":null,"ScreeningCandidatePlanGuid":null,"ScreeningUrl":null,"TakePlace":null,"MaterialTypeID":null,"MaterialType":null,"PartCount":0,"IsOrderProductionControl":false,"Uid":"06204945-34cb-461b-8711-3cbbe62a55ec","OrderPerformerServices":[],"OrderResearchAllergens":[],"Results":[],"IsResumed":false,"ExecutionType":0,"ID":"67066110","StrID":"67066110"},"ParameterID":200357,"Parameter":{"ShortNameRU":"АЛаТ","ShortNameKZ":"АЛаТ","ShortName":"АЛаТ","DataType":0,"DataTypeName":"Число","UnitTypeID":100030,"UnitType":null,"MedicalFormID":null,"MasterDataID":0,"MedicalForm":null,"NameWithDataType":"АЛаТ  (Число)","NameRU":"АЛаТ","NameKZ":"АЛаТ","Name":"АЛаТ","PublicCode":"20035700","EndDate":null,"ID":"200357","StrID":"200357"},"ParameterValues":null,"ParameterValueID":null,"ParameterValue":null,"ResultText":"14.50","ResultValue":"14.50","ResultDate":"2026-08-31T10:20:23.6055673+05:00","PostID":"189416","Post":null,"ExecuteMethod":2,"SourceResultText":"14.50","SourceResultValue":"14.50","SourceResultExpression":null,"SourceUnitTypeID":100030,"SourceUnitType":{"OrderBy":31,"MasterDataID":null,"CDD_ID":null,"NameRU":"МЕ/л","NameKZ":"ХБ/л","Name":"МЕ/л","PublicCode":"10003000","EndDate":null,"ID":"100030","StrID":"100030"},"MultiplierID":null,"IsApproved":false,"IsValidated":false,"StandardMatchType":0,"ApproveDate":null,"ApprovePostID":null,"ApprovePost":null,"OrderNum":1,"WorkPlaceID":20747,"OrderID":null,"BacteriologyResult":null,"AnalyzerId":38,"IsOrderProductionControl":false,"ID":"207164306","StrID":"207164306"}
31.08.2026 10:20:22	Information:	Result object to save: 
31.08.2026 10:20:22	Information:	{"OrderResearchID":67066109,"OrderResearch":null,"ParameterID":201032,"Parameter":{"ShortNameRU":"прямой билирубин в сыворотке крови","ShortNameKZ":"қан сарысуындағы тікелей билирубин","ShortName":"прямой билирубин в сыворотке крови","DataType":0,"DataTypeName":"Число","UnitTypeID":100041,"UnitType":{"NameRU":"мкмоль/л","NameKZ":"мкмоль/л","Name":"мкмоль/л","PublicCode":"10004100","OrderBy":42,"ID":100041,"StrID":"100041"},"MedicalFormID":null,"MedicalForm":null,"NameRU":"прямой билирубин в сыворотке крови","NameKZ":"қан сарысуындағы тікелей билирубин","Name":"прямой билирубин в сыворотке крови","PublicCode":"20103200","OrderBy":null,"ID":201032,"StrID":"201032"},"ParameterValueID":null,"ParameterValue":null,"ResultText":"1.19","ResultValue":null,"ResultDate":"2026-08-31T10:20:23.0011787+05:00","PostID":0,"Post":null,"ExecuteMethod":2,"SourceResultText":"1.19","SourceResultValue":null,"SourceResultExpression":null,"SourceUnitTypeID":100041,"SourceUnitType":{"NameRU":"мкмоль/л","NameKZ":"мкмоль/л","Name":"мкмоль/л","PublicCode":"10004100","OrderBy":42,"ID":100041,"StrID":"100041"},"IsApproved":false,"ApproveDate":null,"ApprovePostID":null,"ApprovePost":null,"OrderNum":1,"WorkPlaceID":20747,"DriverManagerID":150,"BacteriologyResult":null,"AnalyzerId":38,"IsOrderProductionControl":false,"ID":0,"StrID":"0"}
31.08.2026 10:20:22	Information:	Save string: 
31.08.2026 10:20:22	Information:	{"OrderResearchID":67066109,"OrderResearch":{"OrderID":31119839,"ServiceMoID":2163601,"ServiceMoMasterDataID":8269463,"ServiceMo":{"OrgHealthCareID":"45500000000000909","ServiceID":254,"NameRU":"Определение прямого билирубина в сыворотке крови на анализаторе","NameKZ":"Қан сарысуындағы тікелей  билирубинді талдауышта анықтау ","Name":"Определение прямого билирубина в сыворотке крови на анализаторе","ShortNameRU":"Определение прямого билирубина в сыворотке крови на анализаторе","ShortNameKZ":"Қан сарысуындағы тікелей  билирубинді талдауышта анықтау ","ShortName":"Определение прямого билирубина в сыворотке крови на анализаторе","FullName":"B03.435.002 - Определение прямого билирубина в сыворотке крови на анализаторе","Code":"B03.435.002","ExternalCode":null,"ServiceClassID":5,"ServiceClass":{"ServiceTypeID":2,"OrderBy":5,"MasterDataID":5,"NameRU":"Клиническая химия (биохимия)","NameKZ":"Клиникалық химия (биохимия)","Name":"Клиническая химия (биохимия)","PublicCode":"500","EndDate":null,"ID":"5","StrID":"5"},"Service":{"NameRU":"Определение прямого билирубина в сыворотке крови на анализаторе","NameKZ":"Қан сарысуындағы тікелей билирубинді талдауышта анықтау","Name":"Определение прямого билирубина в сыворотке крови на анализаторе","ShortNameRU":"Прямой Bi на анализаторе","ShortNameKZ":"Прямой Bi на анализаторе","ShortName":"Прямой Bi на анализаторе","FullName":"B03.435.002 - Определение прямого билирубина в сыворотке крови на анализаторе","Code":"B03.435.002","ServiceClassID":5,"ServiceClass":null,"ServiceSubClassID":6,"ServiceSubClass":null,"MaterialTypeID":202,"MaterialType":null,"MasterDataID":3095,"ID":"254","StrID":"254"},"MasterDataID":8269463,"ServiceSubClassID":6,"PayType":1,"ServiceSubClass":null,"ID":"2163601","StrID":"2163601"},"FullName":"B03.435.002 - Определение прямого билирубина в сыворотке крови на анализаторе  () ","IsMain":true,"SourceID":"144970859_33976274","WorkPlaceID":20747,"WorkPlace":null,"DriverManager":null,"ParameterID":null,"Parameter":null,"AdditionalInfo":null,"Status":1,"PerformetServiceCount":7,"ResearchResultCount":0,"ApproveResearchResultCount":0,"NotSaveResearchResultCount":0,"ParentID":null,"ScreeningCandidatePlanGuid":null,"ScreeningUrl":null,"TakePlace":null,"MaterialTypeID":null,"MaterialType":null,"PartCount":0,"IsOrderProductionControl":false,"Uid":"2fb2db39-5994-4aa9-9263-2bb89a6dfda4","OrderPerformerServices":[],"OrderResearchAllergens":[],"Results":[],"IsResumed":false,"ExecutionType":0,"ID":"67066109","StrID":"67066109"},"ParameterID":201032,"Parameter":{"ShortNameRU":"прямой билирубин в сыворотке крови","ShortNameKZ":"қан сарысуындағы тікелей билирубин","ShortName":"прямой билирубин в сыворотке крови","DataType":0,"DataTypeName":"Число","UnitTypeID":100041,"UnitType":null,"MedicalFormID":null,"MasterDataID":0,"MedicalForm":null,"NameWithDataType":"прямой билирубин в сыворотке крови  (Число)","NameRU":"прямой билирубин в сыворотке крови","NameKZ":"қан сарысуындағы тікелей билирубин","Name":"прямой билирубин в сыворотке крови","PublicCode":"20103200","EndDate":null,"ID":"201032","StrID":"201032"},"ParameterValues":null,"ParameterValueID":null,"ParameterValue":null,"ResultText":"1.19","ResultValue":"1.19","ResultDate":"2026-08-31T10:20:23.7007375+05:00","PostID":"189416","Post":null,"ExecuteMethod":2,"SourceResultText":"1.19","SourceResultValue":"1.19","SourceResultExpression":null,"SourceUnitTypeID":100041,"SourceUnitType":{"OrderBy":42,"MasterDataID":null,"CDD_ID":null,"NameRU":"мкмоль/л","NameKZ":"мкмоль/л","Name":"мкмоль/л","PublicCode":"10004100","EndDate":null,"ID":"100041","StrID":"100041"},"MultiplierID":null,"IsApproved":false,"IsValidated":false,"StandardMatchType":0,"ApproveDate":null,"ApprovePostID":null,"ApprovePost":null,"OrderNum":1,"WorkPlaceID":20747,"OrderID":null,"BacteriologyResult":null,"AnalyzerId":38,"IsOrderProductionControl":false,"ID":"207164307","StrID":"207164307"}
31.08.2026 10:20:22	Information:	Result object to save: 
31.08.2026 10:20:22	Information:	{"OrderResearchID":67066108,"OrderResearch":null,"ParameterID":200919,"Parameter":{"ShortNameRU":"общий билирубин в сыворотке крови","ShortNameKZ":"қан сарысуындағы жалпы билирубин","ShortName":"общий билирубин в сыворотке крови","DataType":0,"DataTypeName":"Число","UnitTypeID":100041,"UnitType":{"NameRU":"мкмоль/л","NameKZ":"мкмоль/л","Name":"мкмоль/л","PublicCode":"10004100","OrderBy":42,"ID":100041,"StrID":"100041"},"MedicalFormID":null,"MedicalForm":null,"NameRU":"общий билирубин в сыворотке крови","NameKZ":"қан сарысуындағы жалпы билирубин","Name":"общий билирубин в сыворотке крови","PublicCode":"20091900","OrderBy":null,"ID":200919,"StrID":"200919"},"ParameterValueID":null,"ParameterValue":null,"ResultText":"4.51","ResultValue":null,"ResultDate":"2026-08-31T10:20:23.0231319+05:00","PostID":0,"Post":null,"ExecuteMethod":2,"SourceResultText":"4.51","SourceResultValue":null,"SourceResultExpression":null,"SourceUnitTypeID":100041,"SourceUnitType":{"NameRU":"мкмоль/л","NameKZ":"мкмоль/л","Name":"мкмоль/л","PublicCode":"10004100","OrderBy":42,"ID":100041,"StrID":"100041"},"IsApproved":false,"ApproveDate":null,"ApprovePostID":null,"ApprovePost":null,"OrderNum":1,"WorkPlaceID":20747,"DriverManagerID":150,"BacteriologyResult":null,"AnalyzerId":38,"IsOrderProductionControl":false,"ID":0,"StrID":"0"}
31.08.2026 10:20:22	Information:	Save string: 
31.08.2026 10:20:22	Information:	{"OrderResearchID":67066108,"OrderResearch":{"OrderID":31119839,"ServiceMoID":2163626,"ServiceMoMasterDataID":8269464,"ServiceMo":{"OrgHealthCareID":"45500000000000909","ServiceID":255,"NameRU":"Определение общего билирубина в сыворотке крови на анализаторе","NameKZ":"Қан сарысуындағы жалпы  билирубинді талдауышта анықтау в сыворотке крови на анализаторе","Name":"Определение общего билирубина в сыворотке крови на анализаторе","ShortNameRU":"Определение общего билирубина в сыворотке крови на анализаторе","ShortNameKZ":"Қан сарысуындағы жалпы  билирубинді талдауышта анықтау в сыворотке крови на анализаторе","ShortName":"Определение общего билирубина в сыворотке крови на анализаторе","FullName":"B03.398.002 - Определение общего билирубина в сыворотке крови на анализаторе","Code":"B03.398.002","ExternalCode":null,"ServiceClassID":5,"ServiceClass":{"ServiceTypeID":2,"OrderBy":5,"MasterDataID":5,"NameRU":"Клиническая химия (биохимия)","NameKZ":"Клиникалық химия (биохимия)","Name":"Клиническая химия (биохимия)","PublicCode":"500","EndDate":null,"ID":"5","StrID":"5"},"Service":{"NameRU":"Определение общего билирубина в сыворотке крови на анализаторе","NameKZ":"Қан сарысуындағы жалпы билирубинді талдауышта анықтау в сыворотке крови на анализаторе","Name":"Определение общего билирубина в сыворотке крови на анализаторе","ShortNameRU":"Общий Bi на анализаторе","ShortNameKZ":"Общий Bi на анализаторе","ShortName":"Общий Bi на анализаторе","FullName":"B03.398.002 - Определение общего билирубина в сыворотке крови на анализаторе","Code":"B03.398.002","ServiceClassID":5,"ServiceClass":null,"ServiceSubClassID":6,"ServiceSubClass":null,"MaterialTypeID":202,"MaterialType":null,"MasterDataID":3096,"ID":"255","StrID":"255"},"MasterDataID":8269464,"ServiceSubClassID":6,"PayType":1,"ServiceSubClass":null,"ID":"2163626","StrID":"2163626"},"FullName":"B03.398.002 - Определение общего билирубина в сыворотке крови на анализаторе  () ","IsMain":true,"SourceID":"144970859_33976273","WorkPlaceID":20747,"WorkPlace":null,"DriverManager":null,"ParameterID":null,"Parameter":null,"AdditionalInfo":null,"Status":1,"PerformetServiceCount":7,"ResearchResultCount":0,"ApproveResearchResultCount":0,"NotSaveResearchResultCount":0,"ParentID":null,"ScreeningCandidatePlanGuid":null,"ScreeningUrl":null,"TakePlace":null,"MaterialTypeID":null,"MaterialType":null,"PartCount":0,"IsOrderProductionControl":false,"Uid":"e8df8c70-230c-4800-b5e0-78be3cc48ddb","OrderPerformerServices":[],"OrderResearchAllergens":[],"Results":[],"IsResumed":false,"ExecutionType":0,"ID":"67066108","StrID":"67066108"},"ParameterID":200919,"Parameter":{"ShortNameRU":"общий билирубин в сыворотке крови","ShortNameKZ":"қан сарысуындағы жалпы билирубин","ShortName":"общий билирубин в сыворотке крови","DataType":0,"DataTypeName":"Число","UnitTypeID":100041,"UnitType":null,"MedicalFormID":null,"MasterDataID":0,"MedicalForm":null,"NameWithDataType":"общий билирубин в сыворотке крови  (Число)","NameRU":"общий билирубин в сыворотке крови","NameKZ":"қан сарысуындағы жалпы билирубин","Name":"общий билирубин в сыворотке крови","PublicCode":"20091900","EndDate":null,"ID":"200919","StrID":"200919"},"ParameterValues":null,"ParameterValueID":null,"ParameterValue":null,"ResultText":"4.51","ResultValue":"4.51","ResultDate":"2026-08-31T10:20:23.765549+05:00","PostID":"189416","Post":null,"ExecuteMethod":2,"SourceResultText":"4.51","SourceResultValue":"4.51","SourceResultExpression":null,"SourceUnitTypeID":100041,"SourceUnitType":{"OrderBy":42,"MasterDataID":null,"CDD_ID":null,"NameRU":"мкмоль/л","NameKZ":"мкмоль/л","Name":"мкмоль/л","PublicCode":"10004100","EndDate":null,"ID":"100041","StrID":"100041"},"MultiplierID":null,"IsApproved":false,"IsValidated":false,"StandardMatchType":0,"ApproveDate":null,"ApprovePostID":null,"ApprovePost":null,"OrderNum":1,"WorkPlaceID":20747,"OrderID":null,"BacteriologyResult":null,"AnalyzerId":38,"IsOrderProductionControl":false,"ID":"207164308","StrID":"207164308"}
31.08.2026 10:20:22	Information:	Result object to save: 
31.08.2026 10:20:22	Information:	{"OrderResearchID":67066111,"OrderResearch":null,"ParameterID":200408,"Parameter":{"ShortNameRU":"АСаТ","ShortNameKZ":"АСаТ","ShortName":"АСаТ","DataType":0,"DataTypeName":"Число","UnitTypeID":100030,"UnitType":{"NameRU":"МЕ/л","NameKZ":"ХБ/л","Name":"МЕ/л","PublicCode":"10003000","OrderBy":31,"ID":100030,"StrID":"100030"},"MedicalFormID":null,"MedicalForm":null,"NameRU":"АСаТ","NameKZ":"АСаТ","Name":"АСаТ","PublicCode":"20040800","OrderBy":null,"ID":200408,"StrID":"200408"},"ParameterValueID":null,"ParameterValue":null,"ResultText":"25.99","ResultValue":null,"ResultDate":"2026-08-31T10:20:23.0414147+05:00","PostID":0,"Post":null,"ExecuteMethod":2,"SourceResultText":"25.99","SourceResultValue":null,"SourceResultExpression":null,"SourceUnitTypeID":100030,"SourceUnitType":{"NameRU":"МЕ/л","NameKZ":"ХБ/л","Name":"МЕ/л","PublicCode":"10003000","OrderBy":31,"ID":100030,"StrID":"100030"},"IsApproved":false,"ApproveDate":null,"ApprovePostID":null,"ApprovePost":null,"OrderNum":1,"WorkPlaceID":20747,"DriverManagerID":150,"BacteriologyResult":null,"AnalyzerId":38,"IsOrderProductionControl":false,"ID":0,"StrID":"0"}
31.08.2026 10:20:22	Information:	Save string: 
31.08.2026 10:20:22	Information:	{"OrderResearchID":67066111,"OrderResearch":{"OrderID":31119839,"ServiceMoID":2163651,"ServiceMoMasterDataID":8269465,"ServiceMo":{"OrgHealthCareID":"45500000000000909","ServiceID":256,"NameRU":"Определение аспартатаминотрансферазы (АСаТ) в сыворотке крови на анализаторе","NameKZ":"Қан сарысуындағы  аспартатаминотрансферазды  (АСаТ) талдауышта анықтау  ","Name":"Определение аспартатаминотрансферазы (АСаТ) в сыворотке крови на анализаторе","ShortNameRU":"Определение аспартатаминотрансферазы (АСаТ) в сыворотке крови на анализаторе","ShortNameKZ":"Қан сарысуындағы  аспартатаминотрансферазды  (АСаТ) талдауышта анықтау  ","ShortName":"Определение аспартатаминотрансферазы (АСаТ) в сыворотке крови на анализаторе","FullName":"B03.293.002 - Определение аспартатаминотрансферазы (АСаТ) в сыворотке крови на анализаторе","Code":"B03.293.002","ExternalCode":null,"ServiceClassID":5,"ServiceClass":{"ServiceTypeID":2,"OrderBy":5,"MasterDataID":5,"NameRU":"Клиническая химия (биохимия)","NameKZ":"Клиникалық химия (биохимия)","Name":"Клиническая химия (биохимия)","PublicCode":"500","EndDate":null,"ID":"5","StrID":"5"},"Service":{"NameRU":"Определение аспартатаминотрансферазы (АСаТ) в сыворотке крови на анализаторе","NameKZ":"Қан сарысуындағы аспартатаминотрансферазды (АСаТ) талдауышта анықтау","Name":"Определение аспартатаминотрансферазы (АСаТ) в сыворотке крови на анализаторе","ShortNameRU":"АСаТ на анализаторе","ShortNameKZ":"АСаТ на анализаторе","ShortName":"АСаТ на анализаторе","FullName":"B03.293.002 - Определение аспартатаминотрансферазы (АСаТ) в сыворотке крови на анализаторе","Code":"B03.293.002","ServiceClassID":5,"ServiceClass":null,"ServiceSubClassID":6,"ServiceSubClass":null,"MaterialTypeID":202,"MaterialType":null,"MasterDataID":3097,"ID":"256","StrID":"256"},"MasterDataID":8269465,"ServiceSubClassID":6,"PayType":1,"ServiceSubClass":null,"ID":"2163651","StrID":"2163651"},"FullName":"B03.293.002 - Определение аспартатаминотрансферазы (АСаТ) в сыворотке крови на анализаторе  () ","IsMain":true,"SourceID":"144970859_33976276","WorkPlaceID":20747,"WorkPlace":null,"DriverManager":null,"ParameterID":null,"Parameter":null,"AdditionalInfo":null,"Status":1,"PerformetServiceCount":7,"ResearchResultCount":0,"ApproveResearchResultCount":0,"NotSaveResearchResultCount":0,"ParentID":null,"ScreeningCandidatePlanGuid":null,"ScreeningUrl":null,"TakePlace":null,"MaterialTypeID":null,"MaterialType":null,"PartCount":0,"IsOrderProductionControl":false,"Uid":"399611e5-02c0-41a3-80e9-a37b2761c83c","OrderPerformerServices":[],"OrderResearchAllergens":[],"Results":[],"IsResumed":false,"ExecutionType":0,"ID":"67066111","StrID":"67066111"},"ParameterID":200408,"Parameter":{"ShortNameRU":"АСаТ","ShortNameKZ":"АСаТ","ShortName":"АСаТ","DataType":0,"DataTypeName":"Число","UnitTypeID":100030,"UnitType":null,"MedicalFormID":null,"MasterDataID":0,"MedicalForm":null,"NameWithDataType":"АСаТ  (Число)","NameRU":"АСаТ","NameKZ":"АСаТ","Name":"АСаТ","PublicCode":"20040800","EndDate":null,"ID":"200408","StrID":"200408"},"ParameterValues":null,"ParameterValueID":null,"ParameterValue":null,"ResultText":"25.99","ResultValue":"25.99","ResultDate":"2026-08-31T10:20:23.8301659+05:00","PostID":"189416","Post":null,"ExecuteMethod":2,"SourceResultText":"25.99","SourceResultValue":"25.99","SourceResultExpression":null,"SourceUnitTypeID":100030,"SourceUnitType":{"OrderBy":31,"MasterDataID":null,"CDD_ID":null,"NameRU":"МЕ/л","NameKZ":"ХБ/л","Name":"МЕ/л","PublicCode":"10003000","EndDate":null,"ID":"100030","StrID":"100030"},"MultiplierID":null,"IsApproved":false,"IsValidated":false,"StandardMatchType":0,"ApproveDate":null,"ApprovePostID":null,"ApprovePost":null,"OrderNum":1,"WorkPlaceID":20747,"OrderID":null,"BacteriologyResult":null,"AnalyzerId":38,"IsOrderProductionControl":false,"ID":"207164309","StrID":"207164309"}
31.08.2026 10:20:22	Information:	Result object to save: 
31.08.2026 10:20:22	Information:	{"OrderResearchID":67066107,"OrderResearch":null,"ParameterID":200549,"Parameter":{"ShortNameRU":"глюкоза в сыворотке крови","ShortNameKZ":"қан сарысуындағы глюкоза","ShortName":"глюкоза в сыворотке крови","DataType":0,"DataTypeName":"Число","UnitTypeID":100051,"UnitType":{"NameRU":"ммоль/л","NameKZ":"ммоль/л","Name":"ммоль/л","PublicCode":"10005100","OrderBy":52,"ID":100051,"StrID":"100051"},"MedicalFormID":null,"MedicalForm":null,"NameRU":"глюкоза в сыворотке крови","NameKZ":"қан сарысуындағы глюкоза","Name":"глюкоза в сыворотке крови","PublicCode":"20054900","OrderBy":null,"ID":200549,"StrID":"200549"},"ParameterValueID":null,"ParameterValue":null,"ResultText":"3.02","ResultValue":null,"ResultDate":"2026-08-31T10:20:23.0597476+05:00","PostID":0,"Post":null,"ExecuteMethod":2,"SourceResultText":"3.02","SourceResultValue":null,"SourceResultExpression":null,"SourceUnitTypeID":100051,"SourceUnitType":{"NameRU":"ммоль/л","NameKZ":"ммоль/л","Name":"ммоль/л","PublicCode":"10005100","OrderBy":52,"ID":100051,"StrID":"100051"},"IsApproved":false,"ApproveDate":null,"ApprovePostID":null,"ApprovePost":null,"OrderNum":1,"WorkPlaceID":20747,"DriverManagerID":150,"BacteriologyResult":null,"AnalyzerId":38,"IsOrderProductionControl":false,"ID":0,"StrID":"0"}
31.08.2026 10:20:22	Information:	Save string: 
31.08.2026 10:20:22	Information:	{"OrderResearchID":67066107,"OrderResearch":{"OrderID":31119839,"ServiceMoID":2164501,"ServiceMoMasterDataID":8269499,"ServiceMo":{"OrgHealthCareID":"45500000000000909","ServiceID":290,"NameRU":"Определение глюкозы в сыворотке крови на анализаторе","NameKZ":"Қан сарысуындағы глюкозаны талдауышта анықтау ","Name":"Определение глюкозы в сыворотке крови на анализаторе","ShortNameRU":"Определение глюкозы в сыворотке крови на анализаторе","ShortNameKZ":"Қан сарысуындағы глюкозаны талдауышта анықтау ","ShortName":"Определение глюкозы в сыворотке крови на анализаторе","FullName":"B03.335.002 - Определение глюкозы в сыворотке крови на анализаторе","Code":"B03.335.002","ExternalCode":null,"ServiceClassID":5,"ServiceClass":{"ServiceTypeID":2,"OrderBy":5,"MasterDataID":5,"NameRU":"Клиническая химия (биохимия)","NameKZ":"Клиникалық химия (биохимия)","Name":"Клиническая химия (биохимия)","PublicCode":"500","EndDate":null,"ID":"5","StrID":"5"},"Service":{"NameRU":"Определение глюкозы в сыворотке крови на анализаторе","NameKZ":"Қан сарысуындағы глюкозаны талдауышта анықтау","Name":"Определение глюкозы в сыворотке крови на анализаторе","ShortNameRU":"Глюкоза в сыворотке крови на анализаторе","ShortNameKZ":"Глюкоза в сыворотке крови на анализаторе","ShortName":"Глюкоза в сыворотке крови на анализаторе","FullName":"B03.335.002 - Определение глюкозы в сыворотке крови на анализаторе","Code":"B03.335.002","ServiceClassID":5,"ServiceClass":null,"ServiceSubClassID":6,"ServiceSubClass":null,"MaterialTypeID":202,"MaterialType":null,"MasterDataID":3131,"ID":"290","StrID":"290"},"MasterDataID":8269499,"ServiceSubClassID":6,"PayType":1,"ServiceSubClass":null,"ID":"2164501","StrID":"2164501"},"FullName":"B03.335.002 - Определение глюкозы в сыворотке крови на анализаторе  () ","IsMain":true,"SourceID":"144970859_33976272","WorkPlaceID":20747,"WorkPlace":null,"DriverManager":null,"ParameterID":null,"Parameter":null,"AdditionalInfo":null,"Status":1,"PerformetServiceCount":7,"ResearchResultCount":0,"ApproveResearchResultCount":0,"NotSaveResearchResultCount":0,"ParentID":null,"ScreeningCandidatePlanGuid":null,"ScreeningUrl":null,"TakePlace":null,"MaterialTypeID":null,"MaterialType":null,"PartCount":0,"IsOrderProductionControl":false,"Uid":"5a49664d-f389-4cd8-a46e-bd8d4f2505a0","OrderPerformerServices":[],"OrderResearchAllergens":[],"Results":[],"IsResumed":false,"ExecutionType":0,"ID":"67066107","StrID":"67066107"},"ParameterID":200549,"Parameter":{"ShortNameRU":"глюкоза в сыворотке крови","ShortNameKZ":"қан сарысуындағы глюкоза","ShortName":"глюкоза в сыворотке крови","DataType":0,"DataTypeName":"Число","UnitTypeID":100051,"UnitType":null,"MedicalFormID":null,"MasterDataID":0,"MedicalForm":null,"NameWithDataType":"глюкоза в сыворотке крови  (Число)","NameRU":"глюкоза в сыворотке крови","NameKZ":"қан сарысуындағы глюкоза","Name":"глюкоза в сыворотке крови","PublicCode":"20054900","EndDate":null,"ID":"200549","StrID":"200549"},"ParameterValues":null,"ParameterValueID":null,"ParameterValue":null,"ResultText":"3.02","ResultValue":"3.02","ResultDate":"2026-08-31T10:20:23.8930632+05:00","PostID":"189416","Post":null,"ExecuteMethod":2,"SourceResultText":"3.02","SourceResultValue":"3.02","SourceResultExpression":null,"SourceUnitTypeID":100051,"SourceUnitType":{"OrderBy":52,"MasterDataID":null,"CDD_ID":null,"NameRU":"ммоль/л","NameKZ":"ммоль/л","Name":"ммоль/л","PublicCode":"10005100","EndDate":null,"ID":"100051","StrID":"100051"},"MultiplierID":null,"IsApproved":false,"IsValidated":false,"StandardMatchType":0,"ApproveDate":null,"ApprovePostID":null,"ApprovePost":null,"OrderNum":1,"WorkPlaceID":20747,"OrderID":null,"BacteriologyResult":null,"AnalyzerId":38,"IsOrderProductionControl":false,"ID":"207164311","StrID":"207164311"}
31.08.2026 10:20:23	Information:	Result object to save: 
31.08.2026 10:20:23	Information:	{"OrderResearchID":67066112,"OrderResearch":null,"ParameterID":200852,"Parameter":{"ShortNameRU":"мочевина в сыворотке крови","ShortNameKZ":"қан сарысуындағы несепнәр","ShortName":"мочевина в сыворотке крови","DataType":0,"DataTypeName":"Число","UnitTypeID":100051,"UnitType":{"NameRU":"ммоль/л","NameKZ":"ммоль/л","Name":"ммоль/л","PublicCode":"10005100","OrderBy":52,"ID":100051,"StrID":"100051"},"MedicalFormID":null,"MedicalForm":null,"NameRU":"мочевина в сыворотке крови","NameKZ":"қан сарысуындағы несепнәр","Name":"мочевина в сыворотке крови","PublicCode":"20085200","OrderBy":null,"ID":200852,"StrID":"200852"},"ParameterValueID":null,"ParameterValue":null,"ResultText":"3.37","ResultValue":null,"ResultDate":"2026-08-31T10:20:23.0778067+05:00","PostID":0,"Post":null,"ExecuteMethod":2,"SourceResultText":"3.37","SourceResultValue":null,"SourceResultExpression":null,"SourceUnitTypeID":100051,"SourceUnitType":{"NameRU":"ммоль/л","NameKZ":"ммоль/л","Name":"ммоль/л","PublicCode":"10005100","OrderBy":52,"ID":100051,"StrID":"100051"},"IsApproved":false,"ApproveDate":null,"ApprovePostID":null,"ApprovePost":null,"OrderNum":1,"WorkPlaceID":20747,"DriverManagerID":150,"BacteriologyResult":null,"AnalyzerId":38,"IsOrderProductionControl":false,"ID":0,"StrID":"0"}
31.08.2026 10:20:23	Information:	Save string: 
31.08.2026 10:20:23	Information:	{"OrderResearchID":67066112,"OrderResearch":{"OrderID":31119839,"ServiceMoID":2164626,"ServiceMoMasterDataID":8269504,"ServiceMo":{"OrgHealthCareID":"45500000000000909","ServiceID":295,"NameRU":"Определение мочевины в сыворотке крови на анализаторе","NameKZ":"Қан сарысуындағы несепнәрді  талдауышта анықтау ","Name":"Определение мочевины в сыворотке крови на анализаторе","ShortNameRU":"Определение мочевины в сыворотке крови на анализаторе","ShortNameKZ":"Қан сарысуындағы несепнәрді  талдауышта анықтау ","ShortName":"Определение мочевины в сыворотке крови на анализаторе","FullName":"B03.386.002 - Определение мочевины в сыворотке крови на анализаторе","Code":"B03.386.002","ExternalCode":null,"ServiceClassID":5,"ServiceClass":{"ServiceTypeID":2,"OrderBy":5,"MasterDataID":5,"NameRU":"Клиническая химия (биохимия)","NameKZ":"Клиникалық химия (биохимия)","Name":"Клиническая химия (биохимия)","PublicCode":"500","EndDate":null,"ID":"5","StrID":"5"},"Service":{"NameRU":"Определение мочевины в сыворотке крови на анализаторе","NameKZ":"Қан сарысуындағы несепнәрді талдауышта анықтау","Name":"Определение мочевины в сыворотке крови на анализаторе","ShortNameRU":"Мочевина на анализаторе","ShortNameKZ":"Мочевина на анализаторе","ShortName":"Мочевина на анализаторе","FullName":"B03.386.002 - Определение мочевины в сыворотке крови на анализаторе","Code":"B03.386.002","ServiceClassID":5,"ServiceClass":null,"ServiceSubClassID":6,"ServiceSubClass":null,"MaterialTypeID":202,"MaterialType":null,"MasterDataID":3136,"ID":"295","StrID":"295"},"MasterDataID":8269504,"ServiceSubClassID":6,"PayType":1,"ServiceSubClass":null,"ID":"2164626","StrID":"2164626"},"FullName":"B03.386.002 - Определение мочевины в сыворотке крови на анализаторе  () ","IsMain":true,"SourceID":"144970859_33976278","WorkPlaceID":20747,"WorkPlace":null,"DriverManager":null,"ParameterID":null,"Parameter":null,"AdditionalInfo":null,"Status":1,"PerformetServiceCount":7,"ResearchResultCount":0,"ApproveResearchResultCount":0,"NotSaveResearchResultCount":0,"ParentID":null,"ScreeningCandidatePlanGuid":null,"ScreeningUrl":null,"TakePlace":null,"MaterialTypeID":null,"MaterialType":null,"PartCount":0,"IsOrderProductionControl":false,"Uid":"e4e900c2-41a1-450a-b4e4-c57afaf4cd11","OrderPerformerServices":[],"OrderResearchAllergens":[],"Results":[],"IsResumed":false,"ExecutionType":0,"ID":"67066112","StrID":"67066112"},"ParameterID":200852,"Parameter":{"ShortNameRU":"мочевина в сыворотке крови","ShortNameKZ":"қан сарысуындағы несепнәр","ShortName":"мочевина в сыворотке крови","DataType":0,"DataTypeName":"Число","UnitTypeID":100051,"UnitType":null,"MedicalFormID":null,"MasterDataID":0,"MedicalForm":null,"NameWithDataType":"мочевина в сыворотке крови  (Число)","NameRU":"мочевина в сыворотке крови","NameKZ":"қан сарысуындағы несепнәр","Name":"мочевина в сыворотке крови","PublicCode":"20085200","EndDate":null,"ID":"200852","StrID":"200852"},"ParameterValues":null,"ParameterValueID":null,"ParameterValue":null,"ResultText":"3.37","ResultValue":"3.37","ResultDate":"2026-08-31T10:20:23.9776886+05:00","PostID":"189416","Post":null,"ExecuteMethod":2,"SourceResultText":"3.37","SourceResultValue":"3.37","SourceResultExpression":null,"SourceUnitTypeID":100051,"SourceUnitType":{"OrderBy":52,"MasterDataID":null,"CDD_ID":null,"NameRU":"ммоль/л","NameKZ":"ммоль/л","Name":"ммоль/л","PublicCode":"10005100","EndDate":null,"ID":"100051","StrID":"100051"},"MultiplierID":null,"IsApproved":false,"IsValidated":false,"StandardMatchType":0,"ApproveDate":null,"ApprovePostID":null,"ApprovePost":null,"OrderNum":1,"WorkPlaceID":20747,"OrderID":null,"BacteriologyResult":null,"AnalyzerId":38,"IsOrderProductionControl":false,"ID":"207164312","StrID":"207164312"}
31.08.2026 10:20:23	Information:	Result object to save: 
31.08.2026 10:20:23	Information:	{"OrderResearchID":67066113,"OrderResearch":null,"ParameterID":200744,"Parameter":{"ShortNameRU":"креатинин в крови","ShortNameKZ":"қандағы креатинин","ShortName":"креатинин в крови","DataType":0,"DataTypeName":"Число","UnitTypeID":100041,"UnitType":{"NameRU":"мкмоль/л","NameKZ":"мкмоль/л","Name":"мкмоль/л","PublicCode":"10004100","OrderBy":42,"ID":100041,"StrID":"100041"},"MedicalFormID":null,"MedicalForm":null,"NameRU":"креатинин в крови","NameKZ":"қандағы креатинин","Name":"креатинин в крови","PublicCode":"20074400","OrderBy":null,"ID":200744,"StrID":"200744"},"ParameterValueID":null,"ParameterValue":null,"ResultText":"49.78","ResultValue":null,"ResultDate":"2026-08-31T10:20:23.1210021+05:00","PostID":0,"Post":null,"ExecuteMethod":2,"SourceResultText":"49.78","SourceResultValue":null,"SourceResultExpression":null,"SourceUnitTypeID":100041,"SourceUnitType":{"NameRU":"мкмоль/л","NameKZ":"мкмоль/л","Name":"мкмоль/л","PublicCode":"10004100","OrderBy":42,"ID":100041,"StrID":"100041"},"IsApproved":false,"ApproveDate":null,"ApprovePostID":null,"ApprovePost":null,"OrderNum":1,"WorkPlaceID":20747,"DriverManagerID":150,"BacteriologyResult":null,"AnalyzerId":38,"IsOrderProductionControl":false,"ID":0,"StrID":"0"}
31.08.2026 10:20:23	Information:	Save string: 
31.08.2026 10:20:23	Information:	{"OrderResearchID":67066113,"OrderResearch":{"OrderID":31119839,"ServiceMoID":2164651,"ServiceMoMasterDataID":8269505,"ServiceMo":{"OrgHealthCareID":"45500000000000909","ServiceID":296,"NameRU":"Определение креатинина в сыворотке крови на анализаторе","NameKZ":"Қан сарысуындағы  креатининді талдауышта анықтау ","Name":"Определение креатинина в сыворотке крови на анализаторе","ShortNameRU":"Определение креатинина в сыворотке крови на анализаторе","ShortNameKZ":"Қан сарысуындағы  креатининді талдауышта анықтау ","ShortName":"Определение креатинина в сыворотке крови на анализаторе","FullName":"B03.363.002 - Определение креатинина в сыворотке крови на анализаторе","Code":"B03.363.002","ExternalCode":null,"ServiceClassID":5,"ServiceClass":{"ServiceTypeID":2,"OrderBy":5,"MasterDataID":5,"NameRU":"Клиническая химия (биохимия)","NameKZ":"Клиникалық химия (биохимия)","Name":"Клиническая химия (биохимия)","PublicCode":"500","EndDate":null,"ID":"5","StrID":"5"},"Service":{"NameRU":"Определение креатинина в сыворотке крови на анализаторе","NameKZ":"Қан сарысуындағы креатининді талдауышта анықтау","Name":"Определение креатинина в сыворотке крови на анализаторе","ShortNameRU":"Креатинин на анализаторе","ShortNameKZ":"Креатинин на анализаторе","ShortName":"Креатинин на анализаторе","FullName":"B03.363.002 - Определение креатинина в сыворотке крови на анализаторе","Code":"B03.363.002","ServiceClassID":5,"ServiceClass":null,"ServiceSubClassID":6,"ServiceSubClass":null,"MaterialTypeID":202,"MaterialType":null,"MasterDataID":3137,"ID":"296","StrID":"296"},"MasterDataID":8269505,"ServiceSubClassID":6,"PayType":1,"ServiceSubClass":null,"ID":"2164651","StrID":"2164651"},"FullName":"B03.363.002 - Определение креатинина в сыворотке крови на анализаторе  () ","IsMain":true,"SourceID":"144970859_33976277","WorkPlaceID":20747,"WorkPlace":null,"DriverManager":null,"ParameterID":null,"Parameter":null,"AdditionalInfo":null,"Status":1,"PerformetServiceCount":7,"ResearchResultCount":0,"ApproveResearchResultCount":0,"NotSaveResearchResultCount":0,"ParentID":null,"ScreeningCandidatePlanGuid":null,"ScreeningUrl":null,"TakePlace":null,"MaterialTypeID":null,"MaterialType":null,"PartCount":0,"IsOrderProductionControl":false,"Uid":"e585742a-e35a-4d5c-bf13-a33951753748","OrderPerformerServices":[],"OrderResearchAllergens":[],"Results":[],"IsResumed":false,"ExecutionType":0,"ID":"67066113","StrID":"67066113"},"ParameterID":200744,"Parameter":{"ShortNameRU":"креатинин в крови","ShortNameKZ":"қандағы креатинин","ShortName":"креатинин в крови","DataType":0,"DataTypeName":"Число","UnitTypeID":100041,"UnitType":null,"MedicalFormID":null,"MasterDataID":0,"MedicalForm":null,"NameWithDataType":"креатинин в крови  (Число)","NameRU":"креатинин в крови","NameKZ":"қандағы креатинин","Name":"креатинин в крови","PublicCode":"20074400","EndDate":null,"ID":"200744","StrID":"200744"},"ParameterValues":null,"ParameterValueID":null,"ParameterValue":null,"ResultText":"49.78","ResultValue":"49.78","ResultDate":"2026-08-31T10:20:24.0403582+05:00","PostID":"189416","Post":null,"ExecuteMethod":2,"SourceResultText":"49.78","SourceResultValue":"49.78","SourceResultExpression":null,"SourceUnitTypeID":100041,"SourceUnitType":{"OrderBy":42,"MasterDataID":null,"CDD_ID":null,"NameRU":"мкмоль/л","NameKZ":"мкмоль/л","Name":"мкмоль/л","PublicCode":"10004100","EndDate":null,"ID":"100041","StrID":"100041"},"MultiplierID":null,"IsApproved":false,"IsValidated":false,"StandardMatchType":0,"ApproveDate":null,"ApprovePostID":null,"ApprovePost":null,"OrderNum":1,"WorkPlaceID":20747,"OrderID":null,"BacteriologyResult":null,"AnalyzerId":38,"IsOrderProductionControl":false,"ID":"207164313","StrID":"207164313"}
31.08.2026 10:20:23	Debug:	 SendResults SaveDeviceResults = 785 ms
31.08.2026 10:20:23	Debug:	 total for SendResults = 1308 ms
31.08.2026 10:21:23	Information:	url https://lab-vko.dmed.kz/ /api/DriverManager/PingDevice
31.08.2026 10:21:23	Information:	{
"Hash": "w9LjvpRCyoByGV3Lzv0iX9dSI0tLK0uV+pRojL1kufc=",
"Status": 0
}


31.08.2026 10:21:23	Information:	Ping ret is {"Status":0,"Comment":null}
31.08.2026 10:22:21	Information:	Received bytes(encoded):MSH|^~\&|||||20260831102123||ORU^R01|14|P|2.3.1||||0||ASCII|||PID|14|||||||O|||||||||||||||||||||||OBR|14|51563007|5|^|N|20260831091709|20260831091650|20260831091650||1^5||||20260831091650|?????|||||||||||||||||||||||||||||||||OBX|1|NM|Glu-G|Glucose (GOD-POD Method)|5.536542|mmol/L|-|N|||F||5.536542|20260831102051|||0|RGTE|OBX|2|NM|T-Bil-V|Bilirubin Total (VOX Method)|8.992813|?mol/L|-|N|||F||8.992813|20260831102053|||0||OBX|3|NM|D-Bil-V|Bilirubin Direct (VOX Method)|2.772109|?mol/L|-|N|||F||2.772109|20260831102108|||0||OBX|4|NM|ALT|Alanine Aminotransferase|11.730383|U/L|-|N|||F||11.730383|20260831101921|||0||OBX|5|NM|AST|Aspartate Aminotransferase|30.877337|U/L|-|N|||F||30.877337|20260831101936|||0||OBX|6|NM|TP|Total Protein|71.476757|g/L|-|N|||F||71.476757|20260831102123|||0||OBX|7|NM|CREA-S|Creatinine (Sarcosine Oxidase Method)|34.485866|?mol/L|-|N|||F||34.485866|20260831102121|||0||OBX|8|NM|UREA|Urea|5.542489|mmol/L|-|N|||F||5.542489|20260831102006|||0||OBX|9|NM||AST/ALT|2.641026||-|N|||F||2.6
31.08.2026 10:22:21	Information:	Add Frame:
31.08.2026 10:22:21	Information:	MSH|^~\&|||||20260831102123||ORU^R01|14|P|2.3.1||||0||ASCII|||
31.08.2026 10:22:21	Information:	In Header
31.08.2026 10:22:21	Information:	MessageType: ORU
31.08.2026 10:22:21	Information:	After message type
31.08.2026 10:22:21	Information:	After ask
31.08.2026 10:22:21	Information:	After version
31.08.2026 10:22:21	Information:	Add Frame:
31.08.2026 10:22:21	Information:	PID|14|||||||O|||||||||||||||||||||||
31.08.2026 10:22:21	Information:	Add Frame:
31.08.2026 10:22:21	Information:	OBR|14|51563007|5|^|N|20260831091709|20260831091650|20260831091650||1^5||||20260831091650|?????|||||||||||||||||||||||||||||||||
31.08.2026 10:22:21	Information:	Add Frame:
31.08.2026 10:22:21	Information:	OBX|1|NM|Glu-G|Glucose (GOD-POD Method)|5.536542|mmol/L|-|N|||F||5.536542|20260831102051|||0|RGTE|
31.08.2026 10:22:21	Information:	Add Frame:
31.08.2026 10:22:21	Information:	OBX|2|NM|T-Bil-V|Bilirubin Total (VOX Method)|8.992813|?mol/L|-|N|||F||8.992813|20260831102053|||0||
31.08.2026 10:22:21	Information:	Add Frame:
31.08.2026 10:22:21	Information:	OBX|3|NM|D-Bil-V|Bilirubin Direct (VOX Method)|2.772109|?mol/L|-|N|||F||2.772109|20260831102108|||0||
31.08.2026 10:22:21	Information:	Add Frame:
31.08.2026 10:22:21	Information:	OBX|4|NM|ALT|Alanine Aminotransferase|11.730383|U/L|-|N|||F||11.730383|20260831101921|||0||
31.08.2026 10:22:21	Information:	Add Frame:
31.08.2026 10:22:21	Information:	OBX|5|NM|AST|Aspartate Aminotransferase|30.877337|U/L|-|N|||F||30.877337|20260831101936|||0||
31.08.2026 10:22:21	Information:	Add Frame:
31.08.2026 10:22:21	Information:	OBX|6|NM|TP|Total Protein|71.476757|g/L|-|N|||F||71.476757|20260831102123|||0||
31.08.2026 10:22:21	Information:	Add Frame:
31.08.2026 10:22:21	Information:	OBX|7|NM|CREA-S|Creatinine (Sarcosine Oxidase Method)|34.485866|?mol/L|-|N|||F||34.485866|20260831102121|||0||
31.08.2026 10:22:21	Information:	Add Frame:
31.08.2026 10:22:21	Information:	OBX|8|NM|UREA|Urea|5.542489|mmol/L|-|N|||F||5.542489|20260831102006|||0||
31.08.2026 10:22:21	Information:	Received bytes(encoded):41026||||||
31.08.2026 10:22:21	Information:	Add Frame:
31.08.2026 10:22:21	Information:	OBX|9|NM||AST/ALT|2.641026||-|N|||F||2.641026||||||
31.08.2026 10:22:21	Information:	Add Frame:
31.08.2026 10:22:21	Information:	
31.08.2026 10:22:21	Debug:	read message: 1ms
31.08.2026 10:22:21	Information:	The answer message is created successfully
31.08.2026 10:22:21	Information:	Sending answer...
31.08.2026 10:22:21	Information:	We are in ORU Message
31.08.2026 10:22:21	Information:	MSH MSH|^~\&|||||20260831102123||ORU^R01|14|P|2.3.1||||0||ASCII||||
31.08.2026 10:22:21	Information:	PID PID|14|||||||O||||||||||||||||||||||||
31.08.2026 10:22:21	Information:	PatientRecord in message is successfully  processed
31.08.2026 10:22:21	Information:	The patient order is successfully processed
31.08.2026 10:22:21	Information:	The order record is successfully processed
31.08.2026 10:22:21	Information:	The order record is successfully processed
31.08.2026 10:22:21	Information:	The order record is successfully processed
31.08.2026 10:22:21	Information:	The order record is successfully processed
31.08.2026 10:22:21	Information:	The order record is successfully processed
31.08.2026 10:22:21	Information:	The order record is successfully processed
31.08.2026 10:22:21	Information:	The order record is successfully processed
31.08.2026 10:22:21	Information:	The order record is successfully processed
31.08.2026 10:22:21	Information:	The order record is successfully processed
31.08.2026 10:22:21	Information:	The ORU message is successfully processed
31.08.2026 10:22:21	Debug:	Process message: 6ms
31.08.2026 10:22:21	Debug:	Total time : 9ms
31.08.2026 10:22:21	Information:	Sended bytes:  11 77 83 72 124 94 126 92 38 124 77 105 110 100 114 97 121 124 124 124 124 50 48 50 54 48 56 51 49 49 48 50 50 50 49 124 124 65 67 75 94 82 48 49 124 49 52 124 80 124 50 46 51 46 49 124 124 124 124 48 124 124 117 115 45 97 115 99 105 105 124 124 124 13 77 83 65 124 65 65 124 49 52 124 77 101 115 115 97 103 101 32 97 99 99 101 112 116 101 100 124 124 124 48 124 13 28 13
31.08.2026 10:22:21	Information:	Sended string MSH|^~\&|Mindray||||20260831102221||ACK^R01|14|P|2.3.1||||0||us-ascii|||MSA|AA|14|Message accepted|||0|
31.08.2026 10:22:23	Debug:	SendResults:	check DriverRequests=	0	ms
31.08.2026 10:22:23	Information:	ByBarcode 51563007
31.08.2026 10:22:23	Information:	GetLinesByBarcodes
31.08.2026 10:22:23	Information:	{
"WorkPlaceID": 20747,
"BeginDate": "2026-06-01",
"EndDate": "2026-09-01",
"OrderNumber": "51563007",
"Offset": 0,
"Limit": 1
}


31.08.2026 10:22:23	Information:	GetByBarcodeReturn: 
31.08.2026 10:22:23	Information:	{"Data":[{"ID":31121844,"StrID":"31121844","OrderNumber":"51563007","OrderRegDate":"2026-08-30T20:32:41.407","PlanExecutionDate":"2026-08-30T20:32:00","SenderMoID":45500000000000909,"SenderMo":{"NameRU":"Некоммерческое акционерное общество \"Медицинский университет Семей\"","NameKZ":"\"Семей медицина университеті\" коммерциялық емес акционерлік қоғамы","Name":"Некоммерческое акционерное общество \"Медицинский университет Семей\"","ShortNameRU":"НАО \"МУС\"","ShortNameKZ":"\"СМУ\" КеАҚ","ShortName":"НАО \"МУС\"","PublicCode":"237J","AddressRU":"ВКО, г. Семей, ул. Абая Кунанбаева 103","AddressKZ":"ВКО, г. Семей, ул. Абая Кунанбаева 103","Address":"ВКО, г. Семей, ул. Абая Кунанбаева 103","OriginalID":"45500000000000909","IsWork":true,"RegionID":20,"BIN":"190240004938","MasterDataID":4911,"PhonesData":{"OrgHealthCarePhones":[]},"IsPostmortem":false,"IsHospital":true,"Code":null,"ID":"45500000000000909","StrID":"45500000000000909"},"ReceiverMoID":45500000000000909,"ReceiverMo":null,"PatientDetailID":41031023,"PatientDetail":{"PersonID":"1543809","Person":{"IIN":"180713504225","LastName":"ДАРХАНҰЛЫ","FirstName":"АЛИХАН","SecondName":null,"FullName":"ДАРХАНҰЛЫ АЛИХАН","FullNameIOF":"АЛИХАН ДАРХАНҰЛЫ","DisplayText":"180713504225 АЛИХАН ДАРХАНҰЛЫ 13.07.2018","IinFullName":"ДАРХАНҰЛЫ АЛИХАН","BirthDate":"2018-07-13T00:00:00","BirthDateStr":"13.07.2018","DeathDate":null,"DeathDateStr":"","BioSexID":3,"BioSex":null,"NationalityID":null,"Nationality":null,"CitizenshipID":null,"Citizenship":null,"MasterDataID":136881782,"RpnID":"15300000040042317","KmisID":"60300000000592610","Type":1,"Age":0,"IsStillborn":false,"IsEarlyNeonatalDeathUp28days":false,"IsDeadPerson":false,"ID":"1543809","StrID":"1543809"},"AddressRU":"РЕСПУБЛИКА: Казахстан , ОБЛАСТЬ: Восточно-казахстанская , ГОРОД ОБЛ.ЗНАЧ.: Семей , УЛИЦА: КАРАГАЙЛЫ, ДОМ: 36, КВАРТИРА: 71 ","AddressKZ":": Қазақстан , : Шығыс Қазақстан , : Семей Қ. , ҚАРАҒАЙЛЫ көшесі, ҮЙ: 36, ПӘТЕР: 71 ","Address":"РЕСПУБЛИКА: Казахстан , ОБЛАСТЬ: Восточно-казахстанская , ГОРОД ОБЛ.ЗНАЧ.: Семей , УЛИЦА: КАРАГАЙЛЫ, ДОМ: 36, КВАРТИРА: 71 ","MasterDataAddressID":10125022,"WorkPlace":"СОШ 51 школа 3 класс","WorkPosition":null,"DocumentNumber":"5941758","DocumentTypeID":3,"DocumentType":null,"NationalityID":null,"DocumentTypeName":null,"Phones":"+7 (747) 788-34-52","ExternalCardID":"5969667","CardType":1,"CardNumber":"66911","CitizenshipCategoryID":1,"CitizenshipCategory":null,"ResidenceTypeID":3,"ResidenceType":null,"MotherPersonID":null,"MotherPerson":null,"IsForeigner":false,"IsHomeless":false,"IsDeadPerson":false,"IsResident":true,"ID":"41031023","StrID":"41031023"},"Person":{"IIN":"180713504225","LastName":"ДАРХАНҰЛЫ","FirstName":"АЛИХАН","SecondName":null,"FullName":"ДАРХАНҰЛЫ АЛИХАН","FullNameIOF":"АЛИХАН ДАРХАНҰЛЫ","DisplayText":"180713504225 АЛИХАН ДАРХАНҰЛЫ 13.07.2018","IinFullName":"ДАРХАНҰЛЫ АЛИХАН","BirthDate":"2018-07-13T00:00:00","BirthDateStr":"13.07.2018","DeathDate":null,"DeathDateStr":"","BioSexID":3,"BioSex":null,"NationalityID":null,"Nationality":null,"CitizenshipID":null,"Citizenship":null,"MasterDataID":136881782,"RpnID":"15300000040042317","KmisID":"60300000000592610","Type":1,"Age":0,"IsStillborn":false,"IsEarlyNeonatalDeathUp28days":false,"IsDeadPerson":false,"ID":"1543809","StrID":"1543809"},"IsCito":false,"ExternalSystem":1,"OrderResultFileID":null,"OrderResultFileStorageID":null,"OrderResultDate":null,"Status":1,"DeleteDate":null,"ResultNotes":null,"Comment":"","ExternalOrderNumber":"51563007","ExaminationTypeID":null,"ExaminationType":null,"ExaminationIndicationID":null,"ExaminationIndication":null,"Uid":"40C19FE2-3A3E-4500-8362-559C87847447","SenderPostFullName":"ХАСЕНОВ БЕКЗАТ ҚАЙРАТҰЛЫ","SenderFuncStructureNameRU":"Отделение детской травматологии","SenderFuncStructureNameKZ":"Балалар травматологиясы бөлімі","IsSamplingOfMaterialsAtReceiver":false,"MisID":42122721,"Materials":[{"OrderID":31121844,"Uid":"a3618956-5118-424e-b047-cbcb4d124ab2","MaterialNumber":"51563007","MaterialTypeID":363,"MaterialType":{"OrderBy":0,"ParentID":202,"HasChildren":false,"MasterDataID":489,"Parent":null,"NameRU":"Кровь венозная","NameKZ":"Кровь венозная","Name":"Кровь венозная","PublicCode":"36300","EndDate":null,"ID":"363","StrID":"363"},"TakeDate":"2026-08-30T20:32:00","TakeDateStr":"30.08.2026 20:32","TakePlace":"ДЕТ Т О","RejectionReason":null,"RejectionTakenMeasures":null,"ReceiptDate":null,"ReceiptDateStr":null,"RejectionCreatePostID":null,"RejectionCreatePost":null,"SampleCollectorPostIIN":"820822402429","SampleCollectorPostID":null,"Researches":[],"RejectedMaterialImageID":null,"File":null,"ID":"31408444","StrID":"31408444"}],"Researches":[]}],"Total":1}
31.08.2026 10:22:23	Information:	OrderedWW 51563007 Biomat 0 Device 20747
31.08.2026 10:22:23	Information:	ResearchResult
31.08.2026 10:22:23	Information:	{
"OrderID": "31121844",
"WorkPlaceID": 20747
}


31.08.2026 10:22:23	Information:	[{"OrderResearchID":67070750,"OrderResearch":null,"ParameterID":200918,"Parameter":{"ShortNameRU":"общий белок в сыворотке крови","ShortNameKZ":"қан сарысуындағы жалпы ақуыз","ShortName":"общий белок в сыворотке крови","DataType":0,"DataTypeName":"Число","UnitTypeID":100012,"UnitType":{"OrderBy":13,"MasterDataID":null,"CDD_ID":null,"NameRU":"г/л","NameKZ":"г/л","Name":"г/л","PublicCode":"10001200","EndDate":null,"ID":"100012","StrID":"100012"},"MedicalFormID":null,"MasterDataID":0,"MedicalForm":null,"NameWithDataType":"общий белок в сыворотке крови  (Число)","NameRU":"общий белок в сыворотке крови","NameKZ":"қан сарысуындағы жалпы ақуыз","Name":"общий белок в сыворотке крови","PublicCode":"20091800","EndDate":null,"ID":"200918","StrID":"200918"},"ParameterValues":null,"ParameterValueID":null,"ParameterValue":null,"ResultText":null,"ResultValue":null,"ResultDate":"2026-08-31T10:22:24.6359707+05:00","PostID":"0","Post":null,"ExecuteMethod":2,"SourceResultText":null,"SourceResultValue":null,"SourceResultExpression":null,"SourceUnitTypeID":100012,"SourceUnitType":{"OrderBy":13,"MasterDataID":null,"CDD_ID":null,"NameRU":"г/л","NameKZ":"г/л","Name":"г/л","PublicCode":"10001200","EndDate":null,"ID":"100012","StrID":"100012"},"MultiplierID":null,"IsApproved":false,"IsValidated":false,"StandardMatchType":0,"ApproveDate":null,"ApprovePostID":null,"ApprovePost":null,"OrderNum":1,"WorkPlaceID":20747,"OrderID":null,"BacteriologyResult":null,"AnalyzerId":null,"IsOrderProductionControl":false,"ID":"0","StrID":"0"},{"OrderResearchID":67070752,"OrderResearch":null,"ParameterID":200357,"Parameter":{"ShortNameRU":"АЛаТ","ShortNameKZ":"АЛаТ","ShortName":"АЛаТ","DataType":0,"DataTypeName":"Число","UnitTypeID":100030,"UnitType":{"OrderBy":31,"MasterDataID":null,"CDD_ID":null,"NameRU":"МЕ/л","NameKZ":"ХБ/л","Name":"МЕ/л","PublicCode":"10003000","EndDate":null,"ID":"100030","StrID":"100030"},"MedicalFormID":null,"MasterDataID":0,"MedicalForm":null,"NameWithDataType":"АЛаТ  (Число)","NameRU":"АЛаТ","NameKZ":"АЛаТ","Name":"АЛаТ","PublicCode":"20035700","EndDate":null,"ID":"200357","StrID":"200357"},"ParameterValues":null,"ParameterValueID":null,"ParameterValue":null,"ResultText":null,"ResultValue":null,"ResultDate":"2026-08-31T10:22:24.6403872+05:00","PostID":"0","Post":null,"ExecuteMethod":2,"SourceResultText":null,"SourceResultValue":null,"SourceResultExpression":null,"SourceUnitTypeID":100030,"SourceUnitType":{"OrderBy":31,"MasterDataID":null,"CDD_ID":null,"NameRU":"МЕ/л","NameKZ":"ХБ/л","Name":"МЕ/л","PublicCode":"10003000","EndDate":null,"ID":"100030","StrID":"100030"},"MultiplierID":null,"IsApproved":false,"IsValidated":false,"StandardMatchType":0,"ApproveDate":null,"ApprovePostID":null,"ApprovePost":null,"OrderNum":1,"WorkPlaceID":20747,"OrderID":null,"BacteriologyResult":null,"AnalyzerId":null,"IsOrderProductionControl":false,"ID":"0","StrID":"0"},{"OrderResearchID":67070753,"OrderResearch":null,"ParameterID":201032,"Parameter":{"ShortNameRU":"прямой билирубин в сыворотке крови","ShortNameKZ":"қан сарысуындағы тікелей билирубин","ShortName":"прямой билирубин в сыворотке крови","DataType":0,"DataTypeName":"Число","UnitTypeID":100041,"UnitType":{"OrderBy":42,"MasterDataID":null,"CDD_ID":null,"NameRU":"мкмоль/л","NameKZ":"мкмоль/л","Name":"мкмоль/л","PublicCode":"10004100","EndDate":null,"ID":"100041","StrID":"100041"},"MedicalFormID":null,"MasterDataID":0,"MedicalForm":null,"NameWithDataType":"прямой билирубин в сыворотке крови  (Число)","NameRU":"прямой билирубин в сыворотке крови","NameKZ":"қан сарысуындағы тікелей билирубин","Name":"прямой билирубин в сыворотке крови","PublicCode":"20103200","EndDate":null,"ID":"201032","StrID":"201032"},"ParameterValues":null,"ParameterValueID":null,"ParameterValue":null,"ResultText":null,"ResultValue":null,"ResultDate":"2026-08-31T10:22:24.6434635+05:00","PostID":"0","Post":null,"ExecuteMethod":2,"SourceResultText":null,"SourceResultValue":null,"SourceResultExpression":null,"SourceUnitTypeID":100041,"SourceUnitType":{"OrderBy":42,"MasterDataID":null,"CDD_ID":null,"NameRU":"мкмоль/л","NameKZ":"мкмоль/л","Name":"мкмоль/л","PublicCode":"10004100","EndDate":null,"ID":"100041","StrID":"100041"},"MultiplierID":null,"IsApproved":false,"IsValidated":false,"StandardMatchType":0,"ApproveDate":null,"ApprovePostID":null,"ApprovePost":null,"OrderNum":1,"WorkPlaceID":20747,"OrderID":null,"BacteriologyResult":null,"AnalyzerId":null,"IsOrderProductionControl":false,"ID":"0","StrID":"0"},{"OrderResearchID":67070754,"OrderResearch":null,"ParameterID":200919,"Parameter":{"ShortNameRU":"общий билирубин в сыворотке крови","ShortNameKZ":"қан сарысуындағы жалпы билирубин","ShortName":"общий билирубин в сыворотке крови","DataType":0,"DataTypeName":"Число","UnitTypeID":100041,"UnitType":{"OrderBy":42,"MasterDataID":null,"CDD_ID":null,"NameRU":"мкмоль/л","NameKZ":"мкмоль/л","Name":"мкмоль/л","PublicCode":"10004100","EndDate":null,"ID":"100041","StrID":"100041"},"MedicalFormID":null,"MasterDataID":0,"MedicalForm":null,"NameWithDataType":"общий билирубин в сыворотке крови  (Число)","NameRU":"общий билирубин в сыворотке крови","NameKZ":"қан сарысуындағы жалпы билирубин","Name":"общий билирубин в сыворотке крови","PublicCode":"20091900","EndDate":null,"ID":"200919","StrID":"200919"},"ParameterValues":null,"ParameterValueID":null,"ParameterValue":null,"ResultText":null,"ResultValue":null,"ResultDate":"2026-08-31T10:22:24.6470988+05:00","PostID":"0","Post":null,"ExecuteMethod":2,"SourceResultText":null,"SourceResultValue":null,"SourceResultExpression":null,"SourceUnitTypeID":100041,"SourceUnitType":{"OrderBy":42,"MasterDataID":null,"CDD_ID":null,"NameRU":"мкмоль/л","NameKZ":"мкмоль/л","Name":"мкмоль/л","PublicCode":"10004100","EndDate":null,"ID":"100041","StrID":"100041"},"MultiplierID":null,"IsApproved":false,"IsValidated":false,"StandardMatchType":0,"ApproveDate":null,"ApprovePostID":null,"ApprovePost":null,"OrderNum":1,"WorkPlaceID":20747,"OrderID":null,"BacteriologyResult":null,"AnalyzerId":null,"IsOrderProductionControl":false,"ID":"0","StrID":"0"},{"OrderResearchID":67070755,"OrderResearch":null,"ParameterID":200408,"Parameter":{"ShortNameRU":"АСаТ","ShortNameKZ":"АСаТ","ShortName":"АСаТ","DataType":0,"DataTypeName":"Число","UnitTypeID":100030,"UnitType":{"OrderBy":31,"MasterDataID":null,"CDD_ID":null,"NameRU":"МЕ/л","NameKZ":"ХБ/л","Name":"МЕ/л","PublicCode":"10003000","EndDate":null,"ID":"100030","StrID":"100030"},"MedicalFormID":null,"MasterDataID":0,"MedicalForm":null,"NameWithDataType":"АСаТ  (Число)","NameRU":"АСаТ","NameKZ":"АСаТ","Name":"АСаТ","PublicCode":"20040800","EndDate":null,"ID":"200408","StrID":"200408"},"ParameterValues":null,"ParameterValueID":null,"ParameterValue":null,"ResultText":null,"ResultValue":null,"ResultDate":"2026-08-31T10:22:24.6504594+05:00","PostID":"0","Post":null,"ExecuteMethod":2,"SourceResultText":null,"SourceResultValue":null,"SourceResultExpression":null,"SourceUnitTypeID":100030,"SourceUnitType":{"OrderBy":31,"MasterDataID":null,"CDD_ID":null,"NameRU":"МЕ/л","NameKZ":"ХБ/л","Name":"МЕ/л","PublicCode":"10003000","EndDate":null,"ID":"100030","StrID":"100030"},"MultiplierID":null,"IsApproved":false,"IsValidated":false,"StandardMatchType":0,"ApproveDate":null,"ApprovePostID":null,"ApprovePost":null,"OrderNum":1,"WorkPlaceID":20747,"OrderID":null,"BacteriologyResult":null,"AnalyzerId":null,"IsOrderProductionControl":false,"ID":"0","StrID":"0"},{"OrderResearchID":67070751,"OrderResearch":null,"ParameterID":200549,"Parameter":{"ShortNameRU":"глюкоза в сыворотке крови","ShortNameKZ":"қан сарысуындағы глюкоза","ShortName":"глюкоза в сыворотке крови","DataType":0,"DataTypeName":"Число","UnitTypeID":100051,"UnitType":{"OrderBy":52,"MasterDataID":null,"CDD_ID":null,"NameRU":"ммоль/л","NameKZ":"ммоль/л","Name":"ммоль/л","PublicCode":"10005100","EndDate":null,"ID":"100051","StrID":"100051"},"MedicalFormID":null,"MasterDataID":0,"MedicalForm":null,"NameWithDataType":"глюкоза в сыворотке крови  (Число)","NameRU":"глюкоза в сыворотке крови","NameKZ":"қан сарысуындағы глюкоза","Name":"глюкоза в сыворотке крови","PublicCode":"20054900","EndDate":null,"ID":"200549","StrID":"200549"},"ParameterValues":null,"ParameterValueID":null,"ParameterValue":null,"ResultText":null,"ResultValue":null,"ResultDate":"2026-08-31T10:22:24.6535514+05:00","PostID":"0","Post":null,"ExecuteMethod":2,"SourceResultText":null,"SourceResultValue":null,"SourceResultExpression":null,"SourceUnitTypeID":100051,"SourceUnitType":{"OrderBy":52,"MasterDataID":null,"CDD_ID":null,"NameRU":"ммоль/л","NameKZ":"ммоль/л","Name":"ммоль/л","PublicCode":"10005100","EndDate":null,"ID":"100051","StrID":"100051"},"MultiplierID":null,"IsApproved":false,"IsValidated":false,"StandardMatchType":0,"ApproveDate":null,"ApprovePostID":null,"ApprovePost":null,"OrderNum":1,"WorkPlaceID":20747,"OrderID":null,"BacteriologyResult":null,"AnalyzerId":null,"IsOrderProductionControl":false,"ID":"0","StrID":"0"},{"OrderResearchID":67070756,"OrderResearch":null,"ParameterID":200852,"Parameter":{"ShortNameRU":"мочевина в сыворотке крови","ShortNameKZ":"қан сарысуындағы несепнәр","ShortName":"мочевина в сыворотке крови","DataType":0,"DataTypeName":"Число","UnitTypeID":100051,"UnitType":{"OrderBy":52,"MasterDataID":null,"CDD_ID":null,"NameRU":"ммоль/л","NameKZ":"ммоль/л","Name":"ммоль/л","PublicCode":"10005100","EndDate":null,"ID":"100051","StrID":"100051"},"MedicalFormID":null,"MasterDataID":0,"MedicalForm":null,"NameWithDataType":"мочевина в сыворотке крови  (Число)","NameRU":"мочевина в сыворотке крови","NameKZ":"қан сарысуындағы несепнәр","Name":"мочевина в сыворотке крови","PublicCode":"20085200","EndDate":null,"ID":"200852","StrID":"200852"},"ParameterValues":null,"ParameterValueID":null,"ParameterValue":null,"ResultText":null,"ResultValue":null,"ResultDate":"2026-08-31T10:22:24.6582515+05:00","PostID":"0","Post":null,"ExecuteMethod":2,"SourceResultText":null,"SourceResultValue":null,"SourceResultExpression":null,"SourceUnitTypeID":100051,"SourceUnitType":{"OrderBy":52,"MasterDataID":null,"CDD_ID":null,"NameRU":"ммоль/л","NameKZ":"ммоль/л","Name":"ммоль/л","PublicCode":"10005100","EndDate":null,"ID":"100051","StrID":"100051"},"MultiplierID":null,"IsApproved":false,"IsValidated":false,"StandardMatchType":0,"ApproveDate":null,"ApprovePostID":null,"ApprovePost":null,"OrderNum":1,"WorkPlaceID":20747,"OrderID":null,"BacteriologyResult":null,"AnalyzerId":null,"IsOrderProductionControl":false,"ID":"0","StrID":"0"},{"OrderResearchID":67070757,"OrderResearch":null,"ParameterID":200744,"Parameter":{"ShortNameRU":"креатинин в крови","ShortNameKZ":"қандағы креатинин","ShortName":"креатинин в крови","DataType":0,"DataTypeName":"Число","UnitTypeID":100041,"UnitType":{"OrderBy":42,"MasterDataID":null,"CDD_ID":null,"NameRU":"мкмоль/л","NameKZ":"мкмоль/л","Name":"мкмоль/л","PublicCode":"10004100","EndDate":null,"ID":"100041","StrID":"100041"},"MedicalFormID":null,"MasterDataID":0,"MedicalForm":null,"NameWithDataType":"креатинин в крови  (Число)","NameRU":"креатинин в крови","NameKZ":"қандағы креатинин","Name":"креатинин в крови","PublicCode":"20074400","EndDate":null,"ID":"200744","StrID":"200744"},"ParameterValues":null,"ParameterValueID":null,"ParameterValue":null,"ResultText":null,"ResultValue":null,"ResultDate":"2026-08-31T10:22:24.6630205+05:00","PostID":"0","Post":null,"ExecuteMethod":2,"SourceResultText":null,"SourceResultValue":null,"SourceResultExpression":null,"SourceUnitTypeID":100041,"SourceUnitType":{"OrderBy":42,"MasterDataID":null,"CDD_ID":null,"NameRU":"мкмоль/л","NameKZ":"мкмоль/л","Name":"мкмоль/л","PublicCode":"10004100","EndDate":null,"ID":"100041","StrID":"100041"},"MultiplierID":null,"IsApproved":false,"IsValidated":false,"StandardMatchType":0,"ApproveDate":null,"ApprovePostID":null,"ApprovePost":null,"OrderNum":1,"WorkPlaceID":20747,"OrderID":null,"BacteriologyResult":null,"AnalyzerId":null,"IsOrderProductionControl":false,"ID":"0","StrID":"0"}]
31.08.2026 10:22:23	Information:	TestsWW spec 200918, spec 200357, spec 201032, spec 200919, spec 200408, spec 200549, spec 200852, spec 200744, 
31.08.2026 10:22:23	Information:	Querry lines count: 1
31.08.2026 10:22:23	Debug:	SendResults:	fix DriverRequests=	149	ms
31.08.2026 10:22:23	Information:	SAMPLE! 51563007 DeviceDriverResult Sample: 51563007 Suggest: . Do Request True
31.08.2026 10:22:23	Information:	Sample request count: 1
31.08.2026 10:22:23	Information:	MU is mmol/L
31.08.2026 10:22:23	Information:	Driver Collations count 0
31.08.2026 10:22:23	Information:	MU collations count=0
31.08.2026 10:22:23	Information:	MU is ?mol/L
31.08.2026 10:22:23	Information:	Driver Collations count 0
31.08.2026 10:22:23	Information:	MU collations count=0
31.08.2026 10:22:23	Information:	MU is ?mol/L
31.08.2026 10:22:23	Information:	Driver Collations count 0
31.08.2026 10:22:23	Information:	MU collations count=0
31.08.2026 10:22:23	Information:	MU is U/L
31.08.2026 10:22:23	Information:	Driver Collations count 0
31.08.2026 10:22:23	Information:	MU collations count=0
31.08.2026 10:22:23	Information:	MU is U/L
31.08.2026 10:22:23	Information:	Driver Collations count 0
31.08.2026 10:22:23	Information:	MU collations count=0
31.08.2026 10:22:23	Information:	MU is g/L
31.08.2026 10:22:23	Information:	Driver Collations count 0
31.08.2026 10:22:23	Information:	MU collations count=0
31.08.2026 10:22:23	Information:	MU is ?mol/L
31.08.2026 10:22:23	Information:	Driver Collations count 0
31.08.2026 10:22:23	Information:	MU collations count=0
31.08.2026 10:22:23	Information:	MU is mmol/L
31.08.2026 10:22:23	Information:	Driver Collations count 0
31.08.2026 10:22:23	Information:	MU collations count=0
31.08.2026 10:22:23	Debug:	SendResults:	SetTestsValues first SetTestsValues=	95	ms
31.08.2026 10:22:23	Debug:	SendResults:	Device Total = 249 ms
31.08.2026 10:22:23	Information:	Saving 51563007
31.08.2026 10:22:23	Information:	Start test result saving
31.08.2026 10:22:23	Information:	Result object to save: 
31.08.2026 10:22:23	Information:	{"OrderResearchID":67070750,"OrderResearch":null,"ParameterID":200918,"Parameter":{"ShortNameRU":"общий белок в сыворотке крови","ShortNameKZ":"қан сарысуындағы жалпы ақуыз","ShortName":"общий белок в сыворотке крови","DataType":0,"DataTypeName":"Число","UnitTypeID":100012,"UnitType":{"NameRU":"г/л","NameKZ":"г/л","Name":"г/л","PublicCode":"10001200","OrderBy":13,"ID":100012,"StrID":"100012"},"MedicalFormID":null,"MedicalForm":null,"NameRU":"общий белок в сыворотке крови","NameKZ":"қан сарысуындағы жалпы ақуыз","Name":"общий белок в сыворотке крови","PublicCode":"20091800","OrderBy":null,"ID":200918,"StrID":"200918"},"ParameterValueID":null,"ParameterValue":null,"ResultText":"71.48","ResultValue":null,"ResultDate":"2026-08-31T10:22:24.6359707+05:00","PostID":0,"Post":null,"ExecuteMethod":2,"SourceResultText":"71.48","SourceResultValue":null,"SourceResultExpression":null,"SourceUnitTypeID":100012,"SourceUnitType":{"NameRU":"г/л","NameKZ":"г/л","Name":"г/л","PublicCode":"10001200","OrderBy":13,"ID":100012,"StrID":"100012"},"IsApproved":false,"ApproveDate":null,"ApprovePostID":null,"ApprovePost":null,"OrderNum":1,"WorkPlaceID":20747,"DriverManagerID":150,"BacteriologyResult":null,"AnalyzerId":38,"IsOrderProductionControl":false,"ID":0,"StrID":"0"}
31.08.2026 10:22:23	Information:	Save string: 
31.08.2026 10:22:23	Information:	{"OrderResearchID":67070750,"OrderResearch":{"OrderID":31121844,"ServiceMoID":2163201,"ServiceMoMasterDataID":8269447,"ServiceMo":{"OrgHealthCareID":"45500000000000909","ServiceID":236,"NameRU":"Определение общего белка в сыворотке крови на анализаторе","NameKZ":"Қан сарысуындағы жалпы нәруызды талдауышта анықтау ","Name":"Определение общего белка в сыворотке крови на анализаторе","ShortNameRU":"Определение общего белка в сыворотке крови на анализаторе","ShortNameKZ":"Қан сарысуындағы жалпы нәруызды талдауышта анықтау ","ShortName":"Определение общего белка в сыворотке крови на анализаторе","FullName":"B03.397.002 - Определение общего белка в сыворотке крови на анализаторе","Code":"B03.397.002","ExternalCode":null,"ServiceClassID":5,"ServiceClass":{"ServiceTypeID":2,"OrderBy":5,"MasterDataID":5,"NameRU":"Клиническая химия (биохимия)","NameKZ":"Клиникалық химия (биохимия)","Name":"Клиническая химия (биохимия)","PublicCode":"500","EndDate":null,"ID":"5","StrID":"5"},"Service":{"NameRU":"Определение общего белка в сыворотке крови на анализаторе","NameKZ":"Қан сарысуындағы жалпы нәруызды талдауышта анықтау","Name":"Определение общего белка в сыворотке крови на анализаторе","ShortNameRU":"Общий белок на анализаторе","ShortNameKZ":"Общий белок на анализаторе","ShortName":"Общий белок на анализаторе","FullName":"B03.397.002 - Определение общего белка в сыворотке крови на анализаторе","Code":"B03.397.002","ServiceClassID":5,"ServiceClass":null,"ServiceSubClassID":6,"ServiceSubClass":null,"MaterialTypeID":202,"MaterialType":null,"MasterDataID":3079,"ID":"236","StrID":"236"},"MasterDataID":8269447,"ServiceSubClassID":6,"PayType":1,"ServiceSubClass":null,"ID":"2163201","StrID":"2163201"},"FullName":"B03.397.002 - Определение общего белка в сыворотке крови на анализаторе  () ","IsMain":true,"SourceID":"144990061_33984793","WorkPlaceID":20747,"WorkPlace":null,"DriverManager":null,"ParameterID":null,"Parameter":null,"AdditionalInfo":null,"Status":1,"PerformetServiceCount":7,"ResearchResultCount":0,"ApproveResearchResultCount":0,"NotSaveResearchResultCount":0,"ParentID":null,"ScreeningCandidatePlanGuid":null,"ScreeningUrl":null,"TakePlace":null,"MaterialTypeID":null,"MaterialType":null,"PartCount":0,"IsOrderProductionControl":false,"Uid":"a3d88d94-f9fd-4079-84b4-4fe09b7c3ee7","OrderPerformerServices":[],"OrderResearchAllergens":[],"Results":[],"IsResumed":false,"ExecutionType":0,"ID":"67070750","StrID":"67070750"},"ParameterID":200918,"Parameter":{"ShortNameRU":"общий белок в сыворотке крови","ShortNameKZ":"қан сарысуындағы жалпы ақуыз","ShortName":"общий белок в сыворотке крови","DataType":0,"DataTypeName":"Число","UnitTypeID":100012,"UnitType":null,"MedicalFormID":null,"MasterDataID":0,"MedicalForm":null,"NameWithDataType":"общий белок в сыворотке крови  (Число)","NameRU":"общий белок в сыворотке крови","NameKZ":"қан сарысуындағы жалпы ақуыз","Name":"общий белок в сыворотке крови","PublicCode":"20091800","EndDate":null,"ID":"200918","StrID":"200918"},"ParameterValues":null,"ParameterValueID":null,"ParameterValue":null,"ResultText":"71.48","ResultValue":"71.48","ResultDate":"2026-08-31T10:22:24.8191985+05:00","PostID":"189416","Post":null,"ExecuteMethod":2,"SourceResultText":"71.48","SourceResultValue":"71.48","SourceResultExpression":null,"SourceUnitTypeID":100012,"SourceUnitType":{"OrderBy":13,"MasterDataID":null,"CDD_ID":null,"NameRU":"г/л","NameKZ":"г/л","Name":"г/л","PublicCode":"10001200","EndDate":null,"ID":"100012","StrID":"100012"},"MultiplierID":null,"IsApproved":false,"IsValidated":false,"StandardMatchType":0,"ApproveDate":null,"ApprovePostID":null,"ApprovePost":null,"OrderNum":1,"WorkPlaceID":20747,"OrderID":null,"BacteriologyResult":null,"AnalyzerId":38,"IsOrderProductionControl":false,"ID":"207164722","StrID":"207164722"}
31.08.2026 10:22:23	Information:	Result object to save: 
31.08.2026 10:22:23	Information:	{"OrderResearchID":67070752,"OrderResearch":null,"ParameterID":200357,"Parameter":{"ShortNameRU":"АЛаТ","ShortNameKZ":"АЛаТ","ShortName":"АЛаТ","DataType":0,"DataTypeName":"Число","UnitTypeID":100030,"UnitType":{"NameRU":"МЕ/л","NameKZ":"ХБ/л","Name":"МЕ/л","PublicCode":"10003000","OrderBy":31,"ID":100030,"StrID":"100030"},"MedicalFormID":null,"MedicalForm":null,"NameRU":"АЛаТ","NameKZ":"АЛаТ","Name":"АЛаТ","PublicCode":"20035700","OrderBy":null,"ID":200357,"StrID":"200357"},"ParameterValueID":null,"ParameterValue":null,"ResultText":"11.73","ResultValue":null,"ResultDate":"2026-08-31T10:22:24.6403872+05:00","PostID":0,"Post":null,"ExecuteMethod":2,"SourceResultText":"11.73","SourceResultValue":null,"SourceResultExpression":null,"SourceUnitTypeID":100030,"SourceUnitType":{"NameRU":"МЕ/л","NameKZ":"ХБ/л","Name":"МЕ/л","PublicCode":"10003000","OrderBy":31,"ID":100030,"StrID":"100030"},"IsApproved":false,"ApproveDate":null,"ApprovePostID":null,"ApprovePost":null,"OrderNum":1,"WorkPlaceID":20747,"DriverManagerID":150,"BacteriologyResult":null,"AnalyzerId":38,"IsOrderProductionControl":false,"ID":0,"StrID":"0"}
31.08.2026 10:22:23	Information:	Save string: 
31.08.2026 10:22:23	Information:	{"OrderResearchID":67070752,"OrderResearch":{"OrderID":31121844,"ServiceMoID":2163576,"ServiceMoMasterDataID":8269462,"ServiceMo":{"OrgHealthCareID":"45500000000000909","ServiceID":253,"NameRU":"Определение аланинаминотрансферазы (АЛаТ) в сыворотке крови на анализаторе","NameKZ":"Қан сарысуындағы аланинаминотрансферазды (АЛаТ) талдауышта анықтау ","Name":"Определение аланинаминотрансферазы (АЛаТ) в сыворотке крови на анализаторе","ShortNameRU":"Определение аланинаминотрансферазы (АЛаТ) в сыворотке крови на анализаторе","ShortNameKZ":"Қан сарысуындағы аланинаминотрансферазды (АЛаТ) талдауышта анықтау ","ShortName":"Определение аланинаминотрансферазы (АЛаТ) в сыворотке крови на анализаторе","FullName":"B03.155.002 - Определение аланинаминотрансферазы (АЛаТ) в сыворотке крови на анализаторе","Code":"B03.155.002","ExternalCode":null,"ServiceClassID":5,"ServiceClass":{"ServiceTypeID":2,"OrderBy":5,"MasterDataID":5,"NameRU":"Клиническая химия (биохимия)","NameKZ":"Клиникалық химия (биохимия)","Name":"Клиническая химия (биохимия)","PublicCode":"500","EndDate":null,"ID":"5","StrID":"5"},"Service":{"NameRU":"Определение аланинаминотрансферазы (АЛаТ) в сыворотке крови на анализаторе","NameKZ":"Қан сарысуындағы аланинаминотрансферазды (АЛаТ) талдауышта анықтау","Name":"Определение аланинаминотрансферазы (АЛаТ) в сыворотке крови на анализаторе","ShortNameRU":"АЛаТ на анализаторе","ShortNameKZ":"АЛаТ на анализаторе","ShortName":"АЛаТ на анализаторе","FullName":"B03.155.002 - Определение аланинаминотрансферазы (АЛаТ) в сыворотке крови на анализаторе","Code":"B03.155.002","ServiceClassID":5,"ServiceClass":null,"ServiceSubClassID":6,"ServiceSubClass":null,"MaterialTypeID":202,"MaterialType":null,"MasterDataID":3094,"ID":"253","StrID":"253"},"MasterDataID":8269462,"ServiceSubClassID":6,"PayType":1,"ServiceSubClass":null,"ID":"2163576","StrID":"2163576"},"FullName":"B03.155.002 - Определение аланинаминотрансферазы (АЛаТ) в сыворотке крови на анализаторе  () ","IsMain":true,"SourceID":"144990061_33984797","WorkPlaceID":20747,"WorkPlace":null,"DriverManager":null,"ParameterID":null,"Parameter":null,"AdditionalInfo":null,"Status":1,"PerformetServiceCount":9,"ResearchResultCount":0,"ApproveResearchResultCount":0,"NotSaveResearchResultCount":0,"ParentID":null,"ScreeningCandidatePlanGuid":null,"ScreeningUrl":null,"TakePlace":null,"MaterialTypeID":null,"MaterialType":null,"PartCount":0,"IsOrderProductionControl":false,"Uid":"8b11759a-220f-4545-9080-12fa48b243ff","OrderPerformerServices":[],"OrderResearchAllergens":[],"Results":[],"IsResumed":false,"ExecutionType":0,"ID":"67070752","StrID":"67070752"},"ParameterID":200357,"Parameter":{"ShortNameRU":"АЛаТ","ShortNameKZ":"АЛаТ","ShortName":"АЛаТ","DataType":0,"DataTypeName":"Число","UnitTypeID":100030,"UnitType":null,"MedicalFormID":null,"MasterDataID":0,"MedicalForm":null,"NameWithDataType":"АЛаТ  (Число)","NameRU":"АЛаТ","NameKZ":"АЛаТ","Name":"АЛаТ","PublicCode":"20035700","EndDate":null,"ID":"200357","StrID":"200357"},"ParameterValues":null,"ParameterValueID":null,"ParameterValue":null,"ResultText":"11.73","ResultValue":"11.73","ResultDate":"2026-08-31T10:22:24.8742166+05:00","PostID":"189416","Post":null,"ExecuteMethod":2,"SourceResultText":"11.73","SourceResultValue":"11.73","SourceResultExpression":null,"SourceUnitTypeID":100030,"SourceUnitType":{"OrderBy":31,"MasterDataID":null,"CDD_ID":null,"NameRU":"МЕ/л","NameKZ":"ХБ/л","Name":"МЕ/л","PublicCode":"10003000","EndDate":null,"ID":"100030","StrID":"100030"},"MultiplierID":null,"IsApproved":false,"IsValidated":false,"StandardMatchType":0,"ApproveDate":null,"ApprovePostID":null,"ApprovePost":null,"OrderNum":1,"WorkPlaceID":20747,"OrderID":null,"BacteriologyResult":null,"AnalyzerId":38,"IsOrderProductionControl":false,"ID":"207164723","StrID":"207164723"}
31.08.2026 10:22:23	Information:	Result object to save: 
31.08.2026 10:22:23	Information:	{"OrderResearchID":67070753,"OrderResearch":null,"ParameterID":201032,"Parameter":{"ShortNameRU":"прямой билирубин в сыворотке крови","ShortNameKZ":"қан сарысуындағы тікелей билирубин","ShortName":"прямой билирубин в сыворотке крови","DataType":0,"DataTypeName":"Число","UnitTypeID":100041,"UnitType":{"NameRU":"мкмоль/л","NameKZ":"мкмоль/л","Name":"мкмоль/л","PublicCode":"10004100","OrderBy":42,"ID":100041,"StrID":"100041"},"MedicalFormID":null,"MedicalForm":null,"NameRU":"прямой билирубин в сыворотке крови","NameKZ":"қан сарысуындағы тікелей билирубин","Name":"прямой билирубин в сыворотке крови","PublicCode":"20103200","OrderBy":null,"ID":201032,"StrID":"201032"},"ParameterValueID":null,"ParameterValue":null,"ResultText":"2.77","ResultValue":null,"ResultDate":"2026-08-31T10:22:24.6434635+05:00","PostID":0,"Post":null,"ExecuteMethod":2,"SourceResultText":"2.77","SourceResultValue":null,"SourceResultExpression":null,"SourceUnitTypeID":100041,"SourceUnitType":{"NameRU":"мкмоль/л","NameKZ":"мкмоль/л","Name":"мкмоль/л","PublicCode":"10004100","OrderBy":42,"ID":100041,"StrID":"100041"},"IsApproved":false,"ApproveDate":null,"ApprovePostID":null,"ApprovePost":null,"OrderNum":1,"WorkPlaceID":20747,"DriverManagerID":150,"BacteriologyResult":null,"AnalyzerId":38,"IsOrderProductionControl":false,"ID":0,"StrID":"0"}
31.08.2026 10:22:23	Information:	Save string: 
31.08.2026 10:22:23	Information:	{"OrderResearchID":67070753,"OrderResearch":{"OrderID":31121844,"ServiceMoID":2163601,"ServiceMoMasterDataID":8269463,"ServiceMo":{"OrgHealthCareID":"45500000000000909","ServiceID":254,"NameRU":"Определение прямого билирубина в сыворотке крови на анализаторе","NameKZ":"Қан сарысуындағы тікелей  билирубинді талдауышта анықтау ","Name":"Определение прямого билирубина в сыворотке крови на анализаторе","ShortNameRU":"Определение прямого билирубина в сыворотке крови на анализаторе","ShortNameKZ":"Қан сарысуындағы тікелей  билирубинді талдауышта анықтау ","ShortName":"Определение прямого билирубина в сыворотке крови на анализаторе","FullName":"B03.435.002 - Определение прямого билирубина в сыворотке крови на анализаторе","Code":"B03.435.002","ExternalCode":null,"ServiceClassID":5,"ServiceClass":{"ServiceTypeID":2,"OrderBy":5,"MasterDataID":5,"NameRU":"Клиническая химия (биохимия)","NameKZ":"Клиникалық химия (биохимия)","Name":"Клиническая химия (биохимия)","PublicCode":"500","EndDate":null,"ID":"5","StrID":"5"},"Service":{"NameRU":"Определение прямого билирубина в сыворотке крови на анализаторе","NameKZ":"Қан сарысуындағы тікелей билирубинді талдауышта анықтау","Name":"Определение прямого билирубина в сыворотке крови на анализаторе","ShortNameRU":"Прямой Bi на анализаторе","ShortNameKZ":"Прямой Bi на анализаторе","ShortName":"Прямой Bi на анализаторе","FullName":"B03.435.002 - Определение прямого билирубина в сыворотке крови на анализаторе","Code":"B03.435.002","ServiceClassID":5,"ServiceClass":null,"ServiceSubClassID":6,"ServiceSubClass":null,"MaterialTypeID":202,"MaterialType":null,"MasterDataID":3095,"ID":"254","StrID":"254"},"MasterDataID":8269463,"ServiceSubClassID":6,"PayType":1,"ServiceSubClass":null,"ID":"2163601","StrID":"2163601"},"FullName":"B03.435.002 - Определение прямого билирубина в сыворотке крови на анализаторе  () ","IsMain":true,"SourceID":"144990061_33984796","WorkPlaceID":20747,"WorkPlace":null,"DriverManager":null,"ParameterID":null,"Parameter":null,"AdditionalInfo":null,"Status":1,"PerformetServiceCount":7,"ResearchResultCount":0,"ApproveResearchResultCount":0,"NotSaveResearchResultCount":0,"ParentID":null,"ScreeningCandidatePlanGuid":null,"ScreeningUrl":null,"TakePlace":null,"MaterialTypeID":null,"MaterialType":null,"PartCount":0,"IsOrderProductionControl":false,"Uid":"5f471092-955e-495a-9811-f7375d2604ce","OrderPerformerServices":[],"OrderResearchAllergens":[],"Results":[],"IsResumed":false,"ExecutionType":0,"ID":"67070753","StrID":"67070753"},"ParameterID":201032,"Parameter":{"ShortNameRU":"прямой билирубин в сыворотке крови","ShortNameKZ":"қан сарысуындағы тікелей билирубин","ShortName":"прямой билирубин в сыворотке крови","DataType":0,"DataTypeName":"Число","UnitTypeID":100041,"UnitType":null,"MedicalFormID":null,"MasterDataID":0,"MedicalForm":null,"NameWithDataType":"прямой билирубин в сыворотке крови  (Число)","NameRU":"прямой билирубин в сыворотке крови","NameKZ":"қан сарысуындағы тікелей билирубин","Name":"прямой билирубин в сыворотке крови","PublicCode":"20103200","EndDate":null,"ID":"201032","StrID":"201032"},"ParameterValues":null,"ParameterValueID":null,"ParameterValue":null,"ResultText":"2.77","ResultValue":"2.77","ResultDate":"2026-08-31T10:22:24.9668383+05:00","PostID":"189416","Post":null,"ExecuteMethod":2,"SourceResultText":"2.77","SourceResultValue":"2.77","SourceResultExpression":null,"SourceUnitTypeID":100041,"SourceUnitType":{"OrderBy":42,"MasterDataID":null,"CDD_ID":null,"NameRU":"мкмоль/л","NameKZ":"мкмоль/л","Name":"мкмоль/л","PublicCode":"10004100","EndDate":null,"ID":"100041","StrID":"100041"},"MultiplierID":null,"IsApproved":false,"IsValidated":false,"StandardMatchType":0,"ApproveDate":null,"ApprovePostID":null,"ApprovePost":null,"OrderNum":1,"WorkPlaceID":20747,"OrderID":null,"BacteriologyResult":null,"AnalyzerId":38,"IsOrderProductionControl":false,"ID":"207164724","StrID":"207164724"}
31.08.2026 10:22:24	Information:	Result object to save: 
31.08.2026 10:22:24	Information:	{"OrderResearchID":67070754,"OrderResearch":null,"ParameterID":200919,"Parameter":{"ShortNameRU":"общий билирубин в сыворотке крови","ShortNameKZ":"қан сарысуындағы жалпы билирубин","ShortName":"общий билирубин в сыворотке крови","DataType":0,"DataTypeName":"Число","UnitTypeID":100041,"UnitType":{"NameRU":"мкмоль/л","NameKZ":"мкмоль/л","Name":"мкмоль/л","PublicCode":"10004100","OrderBy":42,"ID":100041,"StrID":"100041"},"MedicalFormID":null,"MedicalForm":null,"NameRU":"общий билирубин в сыворотке крови","NameKZ":"қан сарысуындағы жалпы билирубин","Name":"общий билирубин в сыворотке крови","PublicCode":"20091900","OrderBy":null,"ID":200919,"StrID":"200919"},"ParameterValueID":null,"ParameterValue":null,"ResultText":"8.99","ResultValue":null,"ResultDate":"2026-08-31T10:22:24.6470988+05:00","PostID":0,"Post":null,"ExecuteMethod":2,"SourceResultText":"8.99","SourceResultValue":null,"SourceResultExpression":null,"SourceUnitTypeID":100041,"SourceUnitType":{"NameRU":"мкмоль/л","NameKZ":"мкмоль/л","Name":"мкмоль/л","PublicCode":"10004100","OrderBy":42,"ID":100041,"StrID":"100041"},"IsApproved":false,"ApproveDate":null,"ApprovePostID":null,"ApprovePost":null,"OrderNum":1,"WorkPlaceID":20747,"DriverManagerID":150,"BacteriologyResult":null,"AnalyzerId":38,"IsOrderProductionControl":false,"ID":0,"StrID":"0"}
31.08.2026 10:22:24	Information:	Save string: 
31.08.2026 10:22:24	Information:	{"OrderResearchID":67070754,"OrderResearch":{"OrderID":31121844,"ServiceMoID":2163626,"ServiceMoMasterDataID":8269464,"ServiceMo":{"OrgHealthCareID":"45500000000000909","ServiceID":255,"NameRU":"Определение общего билирубина в сыворотке крови на анализаторе","NameKZ":"Қан сарысуындағы жалпы  билирубинді талдауышта анықтау в сыворотке крови на анализаторе","Name":"Определение общего билирубина в сыворотке крови на анализаторе","ShortNameRU":"Определение общего билирубина в сыворотке крови на анализаторе","ShortNameKZ":"Қан сарысуындағы жалпы  билирубинді талдауышта анықтау в сыворотке крови на анализаторе","ShortName":"Определение общего билирубина в сыворотке крови на анализаторе","FullName":"B03.398.002 - Определение общего билирубина в сыворотке крови на анализаторе","Code":"B03.398.002","ExternalCode":null,"ServiceClassID":5,"ServiceClass":{"ServiceTypeID":2,"OrderBy":5,"MasterDataID":5,"NameRU":"Клиническая химия (биохимия)","NameKZ":"Клиникалық химия (биохимия)","Name":"Клиническая химия (биохимия)","PublicCode":"500","EndDate":null,"ID":"5","StrID":"5"},"Service":{"NameRU":"Определение общего билирубина в сыворотке крови на анализаторе","NameKZ":"Қан сарысуындағы жалпы билирубинді талдауышта анықтау в сыворотке крови на анализаторе","Name":"Определение общего билирубина в сыворотке крови на анализаторе","ShortNameRU":"Общий Bi на анализаторе","ShortNameKZ":"Общий Bi на анализаторе","ShortName":"Общий Bi на анализаторе","FullName":"B03.398.002 - Определение общего билирубина в сыворотке крови на анализаторе","Code":"B03.398.002","ServiceClassID":5,"ServiceClass":null,"ServiceSubClassID":6,"ServiceSubClass":null,"MaterialTypeID":202,"MaterialType":null,"MasterDataID":3096,"ID":"255","StrID":"255"},"MasterDataID":8269464,"ServiceSubClassID":6,"PayType":1,"ServiceSubClass":null,"ID":"2163626","StrID":"2163626"},"FullName":"B03.398.002 - Определение общего билирубина в сыворотке крови на анализаторе  () ","IsMain":true,"SourceID":"144990061_33984795","WorkPlaceID":20747,"WorkPlace":null,"DriverManager":null,"ParameterID":null,"Parameter":null,"AdditionalInfo":null,"Status":1,"PerformetServiceCount":7,"ResearchResultCount":0,"ApproveResearchResultCount":0,"NotSaveResearchResultCount":0,"ParentID":null,"ScreeningCandidatePlanGuid":null,"ScreeningUrl":null,"TakePlace":null,"MaterialTypeID":null,"MaterialType":null,"PartCount":0,"IsOrderProductionControl":false,"Uid":"44db9b66-788b-4065-b1b7-4cfb1161b421","OrderPerformerServices":[],"OrderResearchAllergens":[],"Results":[],"IsResumed":false,"ExecutionType":0,"ID":"67070754","StrID":"67070754"},"ParameterID":200919,"Parameter":{"ShortNameRU":"общий билирубин в сыворотке крови","ShortNameKZ":"қан сарысуындағы жалпы билирубин","ShortName":"общий билирубин в сыворотке крови","DataType":0,"DataTypeName":"Число","UnitTypeID":100041,"UnitType":null,"MedicalFormID":null,"MasterDataID":0,"MedicalForm":null,"NameWithDataType":"общий билирубин в сыворотке крови  (Число)","NameRU":"общий билирубин в сыворотке крови","NameKZ":"қан сарысуындағы жалпы билирубин","Name":"общий билирубин в сыворотке крови","PublicCode":"20091900","EndDate":null,"ID":"200919","StrID":"200919"},"ParameterValues":null,"ParameterValueID":null,"ParameterValue":null,"ResultText":"8.99","ResultValue":"8.99","ResultDate":"2026-08-31T10:22:25.0205923+05:00","PostID":"189416","Post":null,"ExecuteMethod":2,"SourceResultText":"8.99","SourceResultValue":"8.99","SourceResultExpression":null,"SourceUnitTypeID":100041,"SourceUnitType":{"OrderBy":42,"MasterDataID":null,"CDD_ID":null,"NameRU":"мкмоль/л","NameKZ":"мкмоль/л","Name":"мкмоль/л","PublicCode":"10004100","EndDate":null,"ID":"100041","StrID":"100041"},"MultiplierID":null,"IsApproved":false,"IsValidated":false,"StandardMatchType":0,"ApproveDate":null,"ApprovePostID":null,"ApprovePost":null,"OrderNum":1,"WorkPlaceID":20747,"OrderID":null,"BacteriologyResult":null,"AnalyzerId":38,"IsOrderProductionControl":false,"ID":"207164725","StrID":"207164725"}
31.08.2026 10:22:24	Information:	Result object to save: 
31.08.2026 10:22:24	Information:	{"OrderResearchID":67070755,"OrderResearch":null,"ParameterID":200408,"Parameter":{"ShortNameRU":"АСаТ","ShortNameKZ":"АСаТ","ShortName":"АСаТ","DataType":0,"DataTypeName":"Число","UnitTypeID":100030,"UnitType":{"NameRU":"МЕ/л","NameKZ":"ХБ/л","Name":"МЕ/л","PublicCode":"10003000","OrderBy":31,"ID":100030,"StrID":"100030"},"MedicalFormID":null,"MedicalForm":null,"NameRU":"АСаТ","NameKZ":"АСаТ","Name":"АСаТ","PublicCode":"20040800","OrderBy":null,"ID":200408,"StrID":"200408"},"ParameterValueID":null,"ParameterValue":null,"ResultText":"30.88","ResultValue":null,"ResultDate":"2026-08-31T10:22:24.6504594+05:00","PostID":0,"Post":null,"ExecuteMethod":2,"SourceResultText":"30.88","SourceResultValue":null,"SourceResultExpression":null,"SourceUnitTypeID":100030,"SourceUnitType":{"NameRU":"МЕ/л","NameKZ":"ХБ/л","Name":"МЕ/л","PublicCode":"10003000","OrderBy":31,"ID":100030,"StrID":"100030"},"IsApproved":false,"ApproveDate":null,"ApprovePostID":null,"ApprovePost":null,"OrderNum":1,"WorkPlaceID":20747,"DriverManagerID":150,"BacteriologyResult":null,"AnalyzerId":38,"IsOrderProductionControl":false,"ID":0,"StrID":"0"}
31.08.2026 10:22:24	Information:	Save string: 
31.08.2026 10:22:24	Information:	{"OrderResearchID":67070755,"OrderResearch":{"OrderID":31121844,"ServiceMoID":2163651,"ServiceMoMasterDataID":8269465,"ServiceMo":{"OrgHealthCareID":"45500000000000909","ServiceID":256,"NameRU":"Определение аспартатаминотрансферазы (АСаТ) в сыворотке крови на анализаторе","NameKZ":"Қан сарысуындағы  аспартатаминотрансферазды  (АСаТ) талдауышта анықтау  ","Name":"Определение аспартатаминотрансферазы (АСаТ) в сыворотке крови на анализаторе","ShortNameRU":"Определение аспартатаминотрансферазы (АСаТ) в сыворотке крови на анализаторе","ShortNameKZ":"Қан сарысуындағы  аспартатаминотрансферазды  (АСаТ) талдауышта анықтау  ","ShortName":"Определение аспартатаминотрансферазы (АСаТ) в сыворотке крови на анализаторе","FullName":"B03.293.002 - Определение аспартатаминотрансферазы (АСаТ) в сыворотке крови на анализаторе","Code":"B03.293.002","ExternalCode":null,"ServiceClassID":5,"ServiceClass":{"ServiceTypeID":2,"OrderBy":5,"MasterDataID":5,"NameRU":"Клиническая химия (биохимия)","NameKZ":"Клиникалық химия (биохимия)","Name":"Клиническая химия (биохимия)","PublicCode":"500","EndDate":null,"ID":"5","StrID":"5"},"Service":{"NameRU":"Определение аспартатаминотрансферазы (АСаТ) в сыворотке крови на анализаторе","NameKZ":"Қан сарысуындағы аспартатаминотрансферазды (АСаТ) талдауышта анықтау","Name":"Определение аспартатаминотрансферазы (АСаТ) в сыворотке крови на анализаторе","ShortNameRU":"АСаТ на анализаторе","ShortNameKZ":"АСаТ на анализаторе","ShortName":"АСаТ на анализаторе","FullName":"B03.293.002 - Определение аспартатаминотрансферазы (АСаТ) в сыворотке крови на анализаторе","Code":"B03.293.002","ServiceClassID":5,"ServiceClass":null,"ServiceSubClassID":6,"ServiceSubClass":null,"MaterialTypeID":202,"MaterialType":null,"MasterDataID":3097,"ID":"256","StrID":"256"},"MasterDataID":8269465,"ServiceSubClassID":6,"PayType":1,"ServiceSubClass":null,"ID":"2163651","StrID":"2163651"},"FullName":"B03.293.002 - Определение аспартатаминотрансферазы (АСаТ) в сыворотке крови на анализаторе  () ","IsMain":true,"SourceID":"144990061_33984798","WorkPlaceID":20747,"WorkPlace":null,"DriverManager":null,"ParameterID":null,"Parameter":null,"AdditionalInfo":null,"Status":1,"PerformetServiceCount":7,"ResearchResultCount":0,"ApproveResearchResultCount":0,"NotSaveResearchResultCount":0,"ParentID":null,"ScreeningCandidatePlanGuid":null,"ScreeningUrl":null,"TakePlace":null,"MaterialTypeID":null,"MaterialType":null,"PartCount":0,"IsOrderProductionControl":false,"Uid":"8ff83400-4cce-478d-bac8-df2002c8024b","OrderPerformerServices":[],"OrderResearchAllergens":[],"Results":[],"IsResumed":false,"ExecutionType":0,"ID":"67070755","StrID":"67070755"},"ParameterID":200408,"Parameter":{"ShortNameRU":"АСаТ","ShortNameKZ":"АСаТ","ShortName":"АСаТ","DataType":0,"DataTypeName":"Число","UnitTypeID":100030,"UnitType":null,"MedicalFormID":null,"MasterDataID":0,"MedicalForm":null,"NameWithDataType":"АСаТ  (Число)","NameRU":"АСаТ","NameKZ":"АСаТ","Name":"АСаТ","PublicCode":"20040800","EndDate":null,"ID":"200408","StrID":"200408"},"ParameterValues":null,"ParameterValueID":null,"ParameterValue":null,"ResultText":"30.88","ResultValue":"30.88","ResultDate":"2026-08-31T10:22:25.0716714+05:00","PostID":"189416","Post":null,"ExecuteMethod":2,"SourceResultText":"30.88","SourceResultValue":"30.88","SourceResultExpression":null,"SourceUnitTypeID":100030,"SourceUnitType":{"OrderBy":31,"MasterDataID":null,"CDD_ID":null,"NameRU":"МЕ/л","NameKZ":"ХБ/л","Name":"МЕ/л","PublicCode":"10003000","EndDate":null,"ID":"100030","StrID":"100030"},"MultiplierID":null,"IsApproved":false,"IsValidated":false,"StandardMatchType":0,"ApproveDate":null,"ApprovePostID":null,"ApprovePost":null,"OrderNum":1,"WorkPlaceID":20747,"OrderID":null,"BacteriologyResult":null,"AnalyzerId":38,"IsOrderProductionControl":false,"ID":"207164726","StrID":"207164726"}
31.08.2026 10:22:24	Information:	Result object to save: 
31.08.2026 10:22:24	Information:	{"OrderResearchID":67070751,"OrderResearch":null,"ParameterID":200549,"Parameter":{"ShortNameRU":"глюкоза в сыворотке крови","ShortNameKZ":"қан сарысуындағы глюкоза","ShortName":"глюкоза в сыворотке крови","DataType":0,"DataTypeName":"Число","UnitTypeID":100051,"UnitType":{"NameRU":"ммоль/л","NameKZ":"ммоль/л","Name":"ммоль/л","PublicCode":"10005100","OrderBy":52,"ID":100051,"StrID":"100051"},"MedicalFormID":null,"MedicalForm":null,"NameRU":"глюкоза в сыворотке крови","NameKZ":"қан сарысуындағы глюкоза","Name":"глюкоза в сыворотке крови","PublicCode":"20054900","OrderBy":null,"ID":200549,"StrID":"200549"},"ParameterValueID":null,"ParameterValue":null,"ResultText":"5.54","ResultValue":null,"ResultDate":"2026-08-31T10:22:24.6535514+05:00","PostID":0,"Post":null,"ExecuteMethod":2,"SourceResultText":"5.54","SourceResultValue":null,"SourceResultExpression":null,"SourceUnitTypeID":100051,"SourceUnitType":{"NameRU":"ммоль/л","NameKZ":"ммоль/л","Name":"ммоль/л","PublicCode":"10005100","OrderBy":52,"ID":100051,"StrID":"100051"},"IsApproved":false,"ApproveDate":null,"ApprovePostID":null,"ApprovePost":null,"OrderNum":1,"WorkPlaceID":20747,"DriverManagerID":150,"BacteriologyResult":null,"AnalyzerId":38,"IsOrderProductionControl":false,"ID":0,"StrID":"0"}
31.08.2026 10:22:24	Information:	Save string: 
31.08.2026 10:22:24	Information:	{"OrderResearchID":67070751,"OrderResearch":{"OrderID":31121844,"ServiceMoID":2164501,"ServiceMoMasterDataID":8269499,"ServiceMo":{"OrgHealthCareID":"45500000000000909","ServiceID":290,"NameRU":"Определение глюкозы в сыворотке крови на анализаторе","NameKZ":"Қан сарысуындағы глюкозаны талдауышта анықтау ","Name":"Определение глюкозы в сыворотке крови на анализаторе","ShortNameRU":"Определение глюкозы в сыворотке крови на анализаторе","ShortNameKZ":"Қан сарысуындағы глюкозаны талдауышта анықтау ","ShortName":"Определение глюкозы в сыворотке крови на анализаторе","FullName":"B03.335.002 - Определение глюкозы в сыворотке крови на анализаторе","Code":"B03.335.002","ExternalCode":null,"ServiceClassID":5,"ServiceClass":{"ServiceTypeID":2,"OrderBy":5,"MasterDataID":5,"NameRU":"Клиническая химия (биохимия)","NameKZ":"Клиникалық химия (биохимия)","Name":"Клиническая химия (биохимия)","PublicCode":"500","EndDate":null,"ID":"5","StrID":"5"},"Service":{"NameRU":"Определение глюкозы в сыворотке крови на анализаторе","NameKZ":"Қан сарысуындағы глюкозаны талдауышта анықтау","Name":"Определение глюкозы в сыворотке крови на анализаторе","ShortNameRU":"Глюкоза в сыворотке крови на анализаторе","ShortNameKZ":"Глюкоза в сыворотке крови на анализаторе","ShortName":"Глюкоза в сыворотке крови на анализаторе","FullName":"B03.335.002 - Определение глюкозы в сыворотке крови на анализаторе","Code":"B03.335.002","ServiceClassID":5,"ServiceClass":null,"ServiceSubClassID":6,"ServiceSubClass":null,"MaterialTypeID":202,"MaterialType":null,"MasterDataID":3131,"ID":"290","StrID":"290"},"MasterDataID":8269499,"ServiceSubClassID":6,"PayType":1,"ServiceSubClass":null,"ID":"2164501","StrID":"2164501"},"FullName":"B03.335.002 - Определение глюкозы в сыворотке крови на анализаторе  () ","IsMain":true,"SourceID":"144990061_33984794","WorkPlaceID":20747,"WorkPlace":null,"DriverManager":null,"ParameterID":null,"Parameter":null,"AdditionalInfo":null,"Status":1,"PerformetServiceCount":7,"ResearchResultCount":0,"ApproveResearchResultCount":0,"NotSaveResearchResultCount":0,"ParentID":null,"ScreeningCandidatePlanGuid":null,"ScreeningUrl":null,"TakePlace":null,"MaterialTypeID":null,"MaterialType":null,"PartCount":0,"IsOrderProductionControl":false,"Uid":"73187bbd-0654-4980-948b-d36984b345c0","OrderPerformerServices":[],"OrderResearchAllergens":[],"Results":[],"IsResumed":false,"ExecutionType":0,"ID":"67070751","StrID":"67070751"},"ParameterID":200549,"Parameter":{"ShortNameRU":"глюкоза в сыворотке крови","ShortNameKZ":"қан сарысуындағы глюкоза","ShortName":"глюкоза в сыворотке крови","DataType":0,"DataTypeName":"Число","UnitTypeID":100051,"UnitType":null,"MedicalFormID":null,"MasterDataID":0,"MedicalForm":null,"NameWithDataType":"глюкоза в сыворотке крови  (Число)","NameRU":"глюкоза в сыворотке крови","NameKZ":"қан сарысуындағы глюкоза","Name":"глюкоза в сыворотке крови","PublicCode":"20054900","EndDate":null,"ID":"200549","StrID":"200549"},"ParameterValues":null,"ParameterValueID":null,"ParameterValue":null,"ResultText":"5.54","ResultValue":"5.54","ResultDate":"2026-08-31T10:22:25.1296133+05:00","PostID":"189416","Post":null,"ExecuteMethod":2,"SourceResultText":"5.54","SourceResultValue":"5.54","SourceResultExpression":null,"SourceUnitTypeID":100051,"SourceUnitType":{"OrderBy":52,"MasterDataID":null,"CDD_ID":null,"NameRU":"ммоль/л","NameKZ":"ммоль/л","Name":"ммоль/л","PublicCode":"10005100","EndDate":null,"ID":"100051","StrID":"100051"},"MultiplierID":null,"IsApproved":false,"IsValidated":false,"StandardMatchType":0,"ApproveDate":null,"ApprovePostID":null,"ApprovePost":null,"OrderNum":1,"WorkPlaceID":20747,"OrderID":null,"BacteriologyResult":null,"AnalyzerId":38,"IsOrderProductionControl":false,"ID":"207164727","StrID":"207164727"}
31.08.2026 10:22:24	Information:	Result object to save: 
31.08.2026 10:22:24	Information:	{"OrderResearchID":67070756,"OrderResearch":null,"ParameterID":200852,"Parameter":{"ShortNameRU":"мочевина в сыворотке крови","ShortNameKZ":"қан сарысуындағы несепнәр","ShortName":"мочевина в сыворотке крови","DataType":0,"DataTypeName":"Число","UnitTypeID":100051,"UnitType":{"NameRU":"ммоль/л","NameKZ":"ммоль/л","Name":"ммоль/л","PublicCode":"10005100","OrderBy":52,"ID":100051,"StrID":"100051"},"MedicalFormID":null,"MedicalForm":null,"NameRU":"мочевина в сыворотке крови","NameKZ":"қан сарысуындағы несепнәр","Name":"мочевина в сыворотке крови","PublicCode":"20085200","OrderBy":null,"ID":200852,"StrID":"200852"},"ParameterValueID":null,"ParameterValue":null,"ResultText":"5.54","ResultValue":null,"ResultDate":"2026-08-31T10:22:24.6582515+05:00","PostID":0,"Post":null,"ExecuteMethod":2,"SourceResultText":"5.54","SourceResultValue":null,"SourceResultExpression":null,"SourceUnitTypeID":100051,"SourceUnitType":{"NameRU":"ммоль/л","NameKZ":"ммоль/л","Name":"ммоль/л","PublicCode":"10005100","OrderBy":52,"ID":100051,"StrID":"100051"},"IsApproved":false,"ApproveDate":null,"ApprovePostID":null,"ApprovePost":null,"OrderNum":1,"WorkPlaceID":20747,"DriverManagerID":150,"BacteriologyResult":null,"AnalyzerId":38,"IsOrderProductionControl":false,"ID":0,"StrID":"0"}
31.08.2026 10:22:24	Information:	Save string: 
31.08.2026 10:22:24	Information:	{"OrderResearchID":67070756,"OrderResearch":{"OrderID":31121844,"ServiceMoID":2164626,"ServiceMoMasterDataID":8269504,"ServiceMo":{"OrgHealthCareID":"45500000000000909","ServiceID":295,"NameRU":"Определение мочевины в сыворотке крови на анализаторе","NameKZ":"Қан сарысуындағы несепнәрді  талдауышта анықтау ","Name":"Определение мочевины в сыворотке крови на анализаторе","ShortNameRU":"Определение мочевины в сыворотке крови на анализаторе","ShortNameKZ":"Қан сарысуындағы несепнәрді  талдауышта анықтау ","ShortName":"Определение мочевины в сыворотке крови на анализаторе","FullName":"B03.386.002 - Определение мочевины в сыворотке крови на анализаторе","Code":"B03.386.002","ExternalCode":null,"ServiceClassID":5,"ServiceClass":{"ServiceTypeID":2,"OrderBy":5,"MasterDataID":5,"NameRU":"Клиническая химия (биохимия)","NameKZ":"Клиникалық химия (биохимия)","Name":"Клиническая химия (биохимия)","PublicCode":"500","EndDate":null,"ID":"5","StrID":"5"},"Service":{"NameRU":"Определение мочевины в сыворотке крови на анализаторе","NameKZ":"Қан сарысуындағы несепнәрді талдауышта анықтау","Name":"Определение мочевины в сыворотке крови на анализаторе","ShortNameRU":"Мочевина на анализаторе","ShortNameKZ":"Мочевина на анализаторе","ShortName":"Мочевина на анализаторе","FullName":"B03.386.002 - Определение мочевины в сыворотке крови на анализаторе","Code":"B03.386.002","ServiceClassID":5,"ServiceClass":null,"ServiceSubClassID":6,"ServiceSubClass":null,"MaterialTypeID":202,"MaterialType":null,"MasterDataID":3136,"ID":"295","StrID":"295"},"MasterDataID":8269504,"ServiceSubClassID":6,"PayType":1,"ServiceSubClass":null,"ID":"2164626","StrID":"2164626"},"FullName":"B03.386.002 - Определение мочевины в сыворотке крови на анализаторе  () ","IsMain":true,"SourceID":"144990061_33984800","WorkPlaceID":20747,"WorkPlace":null,"DriverManager":null,"ParameterID":null,"Parameter":null,"AdditionalInfo":null,"Status":1,"PerformetServiceCount":7,"ResearchResultCount":0,"ApproveResearchResultCount":0,"NotSaveResearchResultCount":0,"ParentID":null,"ScreeningCandidatePlanGuid":null,"ScreeningUrl":null,"TakePlace":null,"MaterialTypeID":null,"MaterialType":null,"PartCount":0,"IsOrderProductionControl":false,"Uid":"c9a443c5-5976-4140-8205-faefd0a4ca71","OrderPerformerServices":[],"OrderResearchAllergens":[],"Results":[],"IsResumed":false,"ExecutionType":0,"ID":"67070756","StrID":"67070756"},"ParameterID":200852,"Parameter":{"ShortNameRU":"мочевина в сыворотке крови","ShortNameKZ":"қан сарысуындағы несепнәр","ShortName":"мочевина в сыворотке крови","DataType":0,"DataTypeName":"Число","UnitTypeID":100051,"UnitType":null,"MedicalFormID":null,"MasterDataID":0,"MedicalForm":null,"NameWithDataType":"мочевина в сыворотке крови  (Число)","NameRU":"мочевина в сыворотке крови","NameKZ":"қан сарысуындағы несепнәр","Name":"мочевина в сыворотке крови","PublicCode":"20085200","EndDate":null,"ID":"200852","StrID":"200852"},"ParameterValues":null,"ParameterValueID":null,"ParameterValue":null,"ResultText":"5.54","ResultValue":"5.54","ResultDate":"2026-08-31T10:22:25.1975665+05:00","PostID":"189416","Post":null,"ExecuteMethod":2,"SourceResultText":"5.54","SourceResultValue":"5.54","SourceResultExpression":null,"SourceUnitTypeID":100051,"SourceUnitType":{"OrderBy":52,"MasterDataID":null,"CDD_ID":null,"NameRU":"ммоль/л","NameKZ":"ммоль/л","Name":"ммоль/л","PublicCode":"10005100","EndDate":null,"ID":"100051","StrID":"100051"},"MultiplierID":null,"IsApproved":false,"IsValidated":false,"StandardMatchType":0,"ApproveDate":null,"ApprovePostID":null,"ApprovePost":null,"OrderNum":1,"WorkPlaceID":20747,"OrderID":null,"BacteriologyResult":null,"AnalyzerId":38,"IsOrderProductionControl":false,"ID":"207164728","StrID":"207164728"}
31.08.2026 10:22:24	Information:	Result object to save: 
31.08.2026 10:22:24	Information:	{"OrderResearchID":67070757,"OrderResearch":null,"ParameterID":200744,"Parameter":{"ShortNameRU":"креатинин в крови","ShortNameKZ":"қандағы креатинин","ShortName":"креатинин в крови","DataType":0,"DataTypeName":"Число","UnitTypeID":100041,"UnitType":{"NameRU":"мкмоль/л","NameKZ":"мкмоль/л","Name":"мкмоль/л","PublicCode":"10004100","OrderBy":42,"ID":100041,"StrID":"100041"},"MedicalFormID":null,"MedicalForm":null,"NameRU":"креатинин в крови","NameKZ":"қандағы креатинин","Name":"креатинин в крови","PublicCode":"20074400","OrderBy":null,"ID":200744,"StrID":"200744"},"ParameterValueID":null,"ParameterValue":null,"ResultText":"34.49","ResultValue":null,"ResultDate":"2026-08-31T10:22:24.6630205+05:00","PostID":0,"Post":null,"ExecuteMethod":2,"SourceResultText":"34.49","SourceResultValue":null,"SourceResultExpression":null,"SourceUnitTypeID":100041,"SourceUnitType":{"NameRU":"мкмоль/л","NameKZ":"мкмоль/л","Name":"мкмоль/л","PublicCode":"10004100","OrderBy":42,"ID":100041,"StrID":"100041"},"IsApproved":false,"ApproveDate":null,"ApprovePostID":null,"ApprovePost":null,"OrderNum":1,"WorkPlaceID":20747,"DriverManagerID":150,"BacteriologyResult":null,"AnalyzerId":38,"IsOrderProductionControl":false,"ID":0,"StrID":"0"}
31.08.2026 10:22:24	Information:	Save string: 
31.08.2026 10:22:24	Information:	{"OrderResearchID":67070757,"OrderResearch":{"OrderID":31121844,"ServiceMoID":2164651,"ServiceMoMasterDataID":8269505,"ServiceMo":{"OrgHealthCareID":"45500000000000909","ServiceID":296,"NameRU":"Определение креатинина в сыворотке крови на анализаторе","NameKZ":"Қан сарысуындағы  креатининді талдауышта анықтау ","Name":"Определение креатинина в сыворотке крови на анализаторе","ShortNameRU":"Определение креатинина в сыворотке крови на анализаторе","ShortNameKZ":"Қан сарысуындағы  креатининді талдауышта анықтау ","ShortName":"Определение креатинина в сыворотке крови на анализаторе","FullName":"B03.363.002 - Определение креатинина в сыворотке крови на анализаторе","Code":"B03.363.002","ExternalCode":null,"ServiceClassID":5,"ServiceClass":{"ServiceTypeID":2,"OrderBy":5,"MasterDataID":5,"NameRU":"Клиническая химия (биохимия)","NameKZ":"Клиникалық химия (биохимия)","Name":"Клиническая химия (биохимия)","PublicCode":"500","EndDate":null,"ID":"5","StrID":"5"},"Service":{"NameRU":"Определение креатинина в сыворотке крови на анализаторе","NameKZ":"Қан сарысуындағы креатининді талдауышта анықтау","Name":"Определение креатинина в сыворотке крови на анализаторе","ShortNameRU":"Креатинин на анализаторе","ShortNameKZ":"Креатинин на анализаторе","ShortName":"Креатинин на анализаторе","FullName":"B03.363.002 - Определение креатинина в сыворотке крови на анализаторе","Code":"B03.363.002","ServiceClassID":5,"ServiceClass":null,"ServiceSubClassID":6,"ServiceSubClass":null,"MaterialTypeID":202,"MaterialType":null,"MasterDataID":3137,"ID":"296","StrID":"296"},"MasterDataID":8269505,"ServiceSubClassID":6,"PayType":1,"ServiceSubClass":null,"ID":"2164651","StrID":"2164651"},"FullName":"B03.363.002 - Определение креатинина в сыворотке крови на анализаторе  () ","IsMain":true,"SourceID":"144990061_33984799","WorkPlaceID":20747,"WorkPlace":null,"DriverManager":null,"ParameterID":null,"Parameter":null,"AdditionalInfo":null,"Status":1,"PerformetServiceCount":7,"ResearchResultCount":0,"ApproveResearchResultCount":0,"NotSaveResearchResultCount":0,"ParentID":null,"ScreeningCandidatePlanGuid":null,"ScreeningUrl":null,"TakePlace":null,"MaterialTypeID":null,"MaterialType":null,"PartCount":0,"IsOrderProductionControl":false,"Uid":"0bea45ba-83cd-45fd-bf78-2299a2ea73f5","OrderPerformerServices":[],"OrderResearchAllergens":[],"Results":[],"IsResumed":false,"ExecutionType":0,"ID":"67070757","StrID":"67070757"},"ParameterID":200744,"Parameter":{"ShortNameRU":"креатинин в крови","ShortNameKZ":"қандағы креатинин","ShortName":"креатинин в крови","DataType":0,"DataTypeName":"Число","UnitTypeID":100041,"UnitType":null,"MedicalFormID":null,"MasterDataID":0,"MedicalForm":null,"NameWithDataType":"креатинин в крови  (Число)","NameRU":"креатинин в крови","NameKZ":"қандағы креатинин","Name":"креатинин в крови","PublicCode":"20074400","EndDate":null,"ID":"200744","StrID":"200744"},"ParameterValues":null,"ParameterValueID":null,"ParameterValue":null,"ResultText":"34.49","ResultValue":"34.49","ResultDate":"2026-08-31T10:22:25.261516+05:00","PostID":"189416","Post":null,"ExecuteMethod":2,"SourceResultText":"34.49","SourceResultValue":"34.49","SourceResultExpression":null,"SourceUnitTypeID":100041,"SourceUnitType":{"OrderBy":42,"MasterDataID":null,"CDD_ID":null,"NameRU":"мкмоль/л","NameKZ":"мкмоль/л","Name":"мкмоль/л","PublicCode":"10004100","EndDate":null,"ID":"100041","StrID":"100041"},"MultiplierID":null,"IsApproved":false,"IsValidated":false,"StandardMatchType":0,"ApproveDate":null,"ApprovePostID":null,"ApprovePost":null,"OrderNum":1,"WorkPlaceID":20747,"OrderID":null,"BacteriologyResult":null,"AnalyzerId":38,"IsOrderProductionControl":false,"ID":"207164730","StrID":"207164730"}
31.08.2026 10:22:24	Debug:	 SendResults SaveDeviceResults = 501 ms
31.08.2026 10:22:24	Debug:	 total for SendResults = 752 ms
31.08.2026 10:23:24	Information:	url https://lab-vko.dmed.kz/ /api/DriverManager/PingDevice
31.08.2026 10:23:24	Information:	{
"Hash": "w9LjvpRCyoByGV3Lzv0iX9dSI0tLK0uV+pRojL1kufc=",
"Status": 0
}


31.08.2026 10:23:24	Information:	Ping ret is {"Status":0,"Comment":null}
31.08.2026 10:24:06	Information:	Received bytes(encoded):MSH|^~\&|||||20260831102308||ORU^R01|15|P|2.3.1||||0||ASCII|||PID|15|||||||O|||||||||||||||||||||||OBR|15|51566610|7|^|N|20260831091835|20260831091805|20260831091805||1^7||||20260831091805|?????|||||||||||||||||||||||||||||||||OBX|1|NM|TP|Total Protein|58.405032|g/L|-|N|||F||58.405032|20260831102308|||0||OBX|2|NM|TC|Total Cholesterol|8.884175|mmol/L|-|N|||F||8.884175|20260831101822|||0|RGTE|OBX|3|NM||Albumin|26.079121|g/L|-|N|||F||26.079121|20260831101837|||0|RGTE|
31.08.2026 10:24:06	Information:	Add Frame:
31.08.2026 10:24:06	Information:	MSH|^~\&|||||20260831102308||ORU^R01|15|P|2.3.1||||0||ASCII|||
31.08.2026 10:24:06	Information:	In Header
31.08.2026 10:24:06	Information:	MessageType: ORU
31.08.2026 10:24:06	Information:	After message type
31.08.2026 10:24:06	Information:	After ask
31.08.2026 10:24:06	Information:	After version
31.08.2026 10:24:06	Information:	Add Frame:
31.08.2026 10:24:06	Information:	PID|15|||||||O|||||||||||||||||||||||
31.08.2026 10:24:06	Information:	Add Frame:
31.08.2026 10:24:06	Information:	OBR|15|51566610|7|^|N|20260831091835|20260831091805|20260831091805||1^7||||20260831091805|?????|||||||||||||||||||||||||||||||||
31.08.2026 10:24:06	Information:	Add Frame:
31.08.2026 10:24:06	Information:	OBX|1|NM|TP|Total Protein|58.405032|g/L|-|N|||F||58.405032|20260831102308|||0||
31.08.2026 10:24:06	Information:	Add Frame:
31.08.2026 10:24:06	Information:	OBX|2|NM|TC|Total Cholesterol|8.884175|mmol/L|-|N|||F||8.884175|20260831101822|||0|RGTE|
31.08.2026 10:24:06	Information:	Add Frame:
31.08.2026 10:24:06	Information:	OBX|3|NM||Albumin|26.079121|g/L|-|N|||F||26.079121|20260831101837|||0|RGTE|
31.08.2026 10:24:06	Information:	Add Frame:
31.08.2026 10:24:06	Information:	
31.08.2026 10:24:06	Debug:	read message: 12ms
31.08.2026 10:24:06	Information:	The answer message is created successfully
31.08.2026 10:24:06	Information:	Sending answer...
31.08.2026 10:24:06	Information:	We are in ORU Message
31.08.2026 10:24:06	Information:	MSH MSH|^~\&|||||20260831102308||ORU^R01|15|P|2.3.1||||0||ASCII||||
31.08.2026 10:24:06	Information:	PID PID|15|||||||O||||||||||||||||||||||||
31.08.2026 10:24:06	Information:	PatientRecord in message is successfully  processed
31.08.2026 10:24:06	Information:	The patient order is successfully processed
31.08.2026 10:24:06	Information:	The order record is successfully processed
31.08.2026 10:24:06	Information:	The order record is successfully processed
31.08.2026 10:24:06	Information:	The order record is successfully processed
31.08.2026 10:24:06	Information:	The ORU message is successfully processed
31.08.2026 10:24:06	Debug:	Process message: 6ms
31.08.2026 10:24:06	Debug:	Total time : 20ms
31.08.2026 10:24:06	Information:	Sended bytes:  11 77 83 72 124 94 126 92 38 124 77 105 110 100 114 97 121 124 124 124 124 50 48 50 54 48 56 51 49 49 48 50 52 48 54 124 124 65 67 75 94 82 48 49 124 49 53 124 80 124 50 46 51 46 49 124 124 124 124 48 124 124 117 115 45 97 115 99 105 105 124 124 124 13 77 83 65 124 65 65 124 49 53 124 77 101 115 115 97 103 101 32 97 99 99 101 112 116 101 100 124 124 124 48 124 13 28 13
31.08.2026 10:24:06	Information:	Sended string MSH|^~\&|Mindray||||20260831102406||ACK^R01|15|P|2.3.1||||0||us-ascii|||MSA|AA|15|Message accepted|||0|
31.08.2026 10:24:06	Debug:	SendResults:	check DriverRequests=	0	ms
31.08.2026 10:24:06	Information:	ByBarcode 51566610
31.08.2026 10:24:06	Information:	GetLinesByBarcodes
31.08.2026 10:24:06	Information:	{
"WorkPlaceID": 20747,
"BeginDate": "2026-06-01",
"EndDate": "2026-09-01",
"OrderNumber": "51566610",
"Offset": 0,
"Limit": 1
}


31.08.2026 10:24:06	Information:	GetByBarcodeReturn: 
31.08.2026 10:24:06	Information:	{"Data":[{"ID":31122264,"StrID":"31122264","OrderNumber":"51566610","OrderRegDate":"2026-08-31T03:00:28.61","PlanExecutionDate":"2026-08-31T03:00:00","SenderMoID":45500000000000909,"SenderMo":{"NameRU":"Некоммерческое акционерное общество \"Медицинский университет Семей\"","NameKZ":"\"Семей медицина университеті\" коммерциялық емес акционерлік қоғамы","Name":"Некоммерческое акционерное общество \"Медицинский университет Семей\"","ShortNameRU":"НАО \"МУС\"","ShortNameKZ":"\"СМУ\" КеАҚ","ShortName":"НАО \"МУС\"","PublicCode":"237J","AddressRU":"ВКО, г. Семей, ул. Абая Кунанбаева 103","AddressKZ":"ВКО, г. Семей, ул. Абая Кунанбаева 103","Address":"ВКО, г. Семей, ул. Абая Кунанбаева 103","OriginalID":"45500000000000909","IsWork":true,"RegionID":20,"BIN":"190240004938","MasterDataID":4911,"PhonesData":{"OrgHealthCarePhones":[]},"IsPostmortem":false,"IsHospital":true,"Code":null,"ID":"45500000000000909","StrID":"45500000000000909"},"ReceiverMoID":45500000000000909,"ReceiverMo":null,"PatientDetailID":40963073,"PatientDetail":{"PersonID":"1101527","Person":{"IIN":"090917553461","LastName":"ЖҰМАҒАЛИЕВ","FirstName":"НҰРТІЛЕУ","SecondName":"ҚЫДЫРҒАЛИҰЛЫ","FullName":"ЖҰМАҒАЛИЕВ НҰРТІЛЕУ ҚЫДЫРҒАЛИҰЛЫ","FullNameIOF":"НҰРТІЛЕУ ҚЫДЫРҒАЛИҰЛЫ ЖҰМАҒАЛИЕВ","DisplayText":"090917553461 НҰРТІЛЕУ ҚЫДЫРҒАЛИҰЛЫ ЖҰМАҒАЛИЕВ 17.09.2009","IinFullName":"090917553461 - ЖҰМАҒАЛИЕВ НҰРТІЛЕУ ҚЫДЫРҒАЛИҰЛЫ","BirthDate":"2009-09-17T00:00:00","BirthDateStr":"17.09.2009","DeathDate":null,"DeathDateStr":"","BioSexID":3,"BioSex":null,"NationalityID":null,"Nationality":null,"CitizenshipID":85,"Citizenship":null,"MasterDataID":12459232,"RpnID":"15300000015224958","KmisID":"45500000000633692","Type":1,"Age":0,"IsStillborn":false,"IsEarlyNeonatalDeathUp28days":false,"IsDeadPerson":false,"ID":"1101527","StrID":"1101527"},"AddressRU":"РЕСПУБЛИКА: Казахстан , ОБЛАСТЬ: Абай , РАЙОН: Аксуат , СЕЛЬСКИЙ ОКРУГ: ОЙШИЛИКСКИЙ , УЛИЦА: Байбарака , ДОМ: 22","AddressKZ":": Қазақстан , : Абай , : Аксуат , ОЙШЫЛЫҚ ауылды округы , КӨШЕСІ:  , YЙ: 22","Address":"РЕСПУБЛИКА: Казахстан , ОБЛАСТЬ: Абай , РАЙОН: Аксуат , СЕЛЬСКИЙ ОКРУГ: ОЙШИЛИКСКИЙ , УЛИЦА: Байбарака , ДОМ: 22","MasterDataAddressID":11619499,"WorkPlace":"Ақсуат колледж 3курс","WorkPosition":null,"DocumentNumber":null,"DocumentTypeID":null,"DocumentType":null,"NationalityID":null,"DocumentTypeName":null,"Phones":"+7 (775) 224-36-99","ExternalCardID":"5960841","CardType":1,"CardNumber":"65642","CitizenshipCategoryID":1,"CitizenshipCategory":null,"ResidenceTypeID":4,"ResidenceType":null,"MotherPersonID":null,"MotherPerson":null,"IsForeigner":false,"IsHomeless":false,"IsDeadPerson":false,"IsResident":true,"ID":"40963073","StrID":"40963073"},"Person":{"IIN":"090917553461","LastName":"ЖҰМАҒАЛИЕВ","FirstName":"НҰРТІЛЕУ","SecondName":"ҚЫДЫРҒАЛИҰЛЫ","FullName":"ЖҰМАҒАЛИЕВ НҰРТІЛЕУ ҚЫДЫРҒАЛИҰЛЫ","FullNameIOF":"НҰРТІЛЕУ ҚЫДЫРҒАЛИҰЛЫ ЖҰМАҒАЛИЕВ","DisplayText":"090917553461 НҰРТІЛЕУ ҚЫДЫРҒАЛИҰЛЫ ЖҰМАҒАЛИЕВ 17.09.2009","IinFullName":"090917553461 - ЖҰМАҒАЛИЕВ НҰРТІЛЕУ ҚЫДЫРҒАЛИҰЛЫ","BirthDate":"2009-09-17T00:00:00","BirthDateStr":"17.09.2009","DeathDate":null,"DeathDateStr":"","BioSexID":3,"BioSex":null,"NationalityID":null,"Nationality":null,"CitizenshipID":85,"Citizenship":null,"MasterDataID":12459232,"RpnID":"15300000015224958","KmisID":"45500000000633692","Type":1,"Age":0,"IsStillborn":false,"IsEarlyNeonatalDeathUp28days":false,"IsDeadPerson":false,"ID":"1101527","StrID":"1101527"},"IsCito":false,"ExternalSystem":1,"OrderResultFileID":null,"OrderResultFileStorageID":null,"OrderResultDate":null,"Status":1,"DeleteDate":null,"ResultNotes":null,"Comment":"","ExternalOrderNumber":"51566610","ExaminationTypeID":null,"ExaminationType":null,"ExaminationIndicationID":null,"ExaminationIndication":null,"Uid":"1F2E2CD7-560F-477E-96F3-98FF68DF843C","SenderPostFullName":"САКЕНОВА ДАНА МУРАТКАНОВНА","SenderFuncStructureNameRU":"Отделение педиатрии","SenderFuncStructureNameKZ":"Педиатр бөлімі","IsSamplingOfMaterialsAtReceiver":false,"MisID":42123626,"Materials":[{"OrderID":31122264,"Uid":"bed09cc3-70dc-475f-a19f-de3a17299970","MaterialNumber":"51566610","MaterialTypeID":363,"MaterialType":{"OrderBy":0,"ParentID":202,"HasChildren":false,"MasterDataID":489,"Parent":null,"NameRU":"Кровь венозная","NameKZ":"Кровь венозная","Name":"Кровь венозная","PublicCode":"36300","EndDate":null,"ID":"363","StrID":"363"},"TakeDate":"2026-08-31T03:00:00","TakeDateStr":"31.08.2026 03:00","TakePlace":"педиатрия","RejectionReason":null,"RejectionTakenMeasures":null,"ReceiptDate":null,"ReceiptDateStr":null,"RejectionCreatePostID":null,"RejectionCreatePost":null,"SampleCollectorPostIIN":"670604401046","SampleCollectorPostID":null,"Researches":[],"RejectedMaterialImageID":null,"File":null,"ID":"31408865","StrID":"31408865"}],"Researches":[]}],"Total":1}
31.08.2026 10:24:06	Information:	OrderedWW 51566610 Biomat 0 Device 20747
31.08.2026 10:24:06	Information:	ResearchResult
31.08.2026 10:24:06	Information:	{
"OrderID": "31122264",
"WorkPlaceID": 20747
}


31.08.2026 10:24:06	Information:	[{"OrderResearchID":67071765,"OrderResearch":null,"ParameterID":200918,"Parameter":{"ShortNameRU":"общий белок в сыворотке крови","ShortNameKZ":"қан сарысуындағы жалпы ақуыз","ShortName":"общий белок в сыворотке крови","DataType":0,"DataTypeName":"Число","UnitTypeID":100012,"UnitType":{"OrderBy":13,"MasterDataID":null,"CDD_ID":null,"NameRU":"г/л","NameKZ":"г/л","Name":"г/л","PublicCode":"10001200","EndDate":null,"ID":"100012","StrID":"100012"},"MedicalFormID":null,"MasterDataID":0,"MedicalForm":null,"NameWithDataType":"общий белок в сыворотке крови  (Число)","NameRU":"общий белок в сыворотке крови","NameKZ":"қан сарысуындағы жалпы ақуыз","Name":"общий белок в сыворотке крови","PublicCode":"20091800","EndDate":null,"ID":"200918","StrID":"200918"},"ParameterValues":null,"ParameterValueID":null,"ParameterValue":null,"ResultText":null,"ResultValue":null,"ResultDate":"2026-08-31T10:24:07.8027783+05:00","PostID":"0","Post":null,"ExecuteMethod":2,"SourceResultText":null,"SourceResultValue":null,"SourceResultExpression":null,"SourceUnitTypeID":100012,"SourceUnitType":{"OrderBy":13,"MasterDataID":null,"CDD_ID":null,"NameRU":"г/л","NameKZ":"г/л","Name":"г/л","PublicCode":"10001200","EndDate":null,"ID":"100012","StrID":"100012"},"MultiplierID":null,"IsApproved":false,"IsValidated":false,"StandardMatchType":0,"ApproveDate":null,"ApprovePostID":null,"ApprovePost":null,"OrderNum":1,"WorkPlaceID":20747,"OrderID":null,"BacteriologyResult":null,"AnalyzerId":null,"IsOrderProductionControl":false,"ID":"0","StrID":"0"},{"OrderResearchID":67071766,"OrderResearch":null,"ParameterID":201354,"Parameter":{"ShortNameRU":"альбумин  в сыворотке крови (анализатор)","ShortNameKZ":"қан сарысуындағы альбумин (анализатор)","ShortName":"альбумин  в сыворотке крови (анализатор)","DataType":0,"DataTypeName":"Число","UnitTypeID":100012,"UnitType":{"OrderBy":13,"MasterDataID":null,"CDD_ID":null,"NameRU":"г/л","NameKZ":"г/л","Name":"г/л","PublicCode":"10001200","EndDate":null,"ID":"100012","StrID":"100012"},"MedicalFormID":null,"MasterDataID":0,"MedicalForm":null,"NameWithDataType":"альбумин  в сыворотке крови (анализатор)  (Число)","NameRU":"альбумин  в сыворотке крови (анализатор)","NameKZ":"қан сарысуындағы альбумин (анализатор)","Name":"альбумин  в сыворотке крови (анализатор)","PublicCode":"20135400","EndDate":null,"ID":"201354","StrID":"201354"},"ParameterValues":null,"ParameterValueID":null,"ParameterValue":null,"ResultText":null,"ResultValue":null,"ResultDate":"2026-08-31T10:24:07.8147997+05:00","PostID":"0","Post":null,"ExecuteMethod":2,"SourceResultText":null,"SourceResultValue":null,"SourceResultExpression":null,"SourceUnitTypeID":100012,"SourceUnitType":{"OrderBy":13,"MasterDataID":null,"CDD_ID":null,"NameRU":"г/л","NameKZ":"г/л","Name":"г/л","PublicCode":"10001200","EndDate":null,"ID":"100012","StrID":"100012"},"MultiplierID":null,"IsApproved":false,"IsValidated":false,"StandardMatchType":0,"ApproveDate":null,"ApprovePostID":null,"ApprovePost":null,"OrderNum":1,"WorkPlaceID":20747,"OrderID":null,"BacteriologyResult":null,"AnalyzerId":null,"IsOrderProductionControl":false,"ID":"0","StrID":"0"},{"OrderResearchID":67071767,"OrderResearch":null,"ParameterID":201268,"Parameter":{"ShortNameRU":"холестерин в сыворотке крови","ShortNameKZ":"қан сарысуындағы холестерин","ShortName":"холестерин в сыворотке крови","DataType":0,"DataTypeName":"Число","UnitTypeID":100051,"UnitType":{"OrderBy":52,"MasterDataID":null,"CDD_ID":null,"NameRU":"ммоль/л","NameKZ":"ммоль/л","Name":"ммоль/л","PublicCode":"10005100","EndDate":null,"ID":"100051","StrID":"100051"},"MedicalFormID":null,"MasterDataID":0,"MedicalForm":null,"NameWithDataType":"холестерин в сыворотке крови  (Число)","NameRU":"холестерин в сыворотке крови","NameKZ":"қан сарысуындағы холестерин","Name":"холестерин в сыворотке крови","PublicCode":"20126800","EndDate":null,"ID":"201268","StrID":"201268"},"ParameterValues":null,"ParameterValueID":null,"ParameterValue":null,"ResultText":null,"ResultValue":null,"ResultDate":"2026-08-31T10:24:07.8479421+05:00","PostID":"0","Post":null,"ExecuteMethod":2,"SourceResultText":null,"SourceResultValue":null,"SourceResultExpression":null,"SourceUnitTypeID":100051,"SourceUnitType":{"OrderBy":52,"MasterDataID":null,"CDD_ID":null,"NameRU":"ммоль/л","NameKZ":"ммоль/л","Name":"ммоль/л","PublicCode":"10005100","EndDate":null,"ID":"100051","StrID":"100051"},"MultiplierID":null,"IsApproved":false,"IsValidated":false,"StandardMatchType":0,"ApproveDate":null,"ApprovePostID":null,"ApprovePost":null,"OrderNum":1,"WorkPlaceID":20747,"OrderID":null,"BacteriologyResult":null,"AnalyzerId":null,"IsOrderProductionControl":false,"ID":"0","StrID":"0"}]
31.08.2026 10:24:06	Information:	TestsWW spec 200918, spec 201354, spec 201268, 
31.08.2026 10:24:06	Information:	Querry lines count: 1
31.08.2026 10:24:06	Debug:	SendResults:	fix DriverRequests=	209	ms
31.08.2026 10:24:06	Information:	SAMPLE! 51566610 DeviceDriverResult Sample: 51566610 Suggest: . Do Request True
31.08.2026 10:24:06	Information:	Sample request count: 1
31.08.2026 10:24:06	Information:	MU is g/L
31.08.2026 10:24:06	Information:	Driver Collations count 0
31.08.2026 10:24:06	Information:	MU collations count=0
31.08.2026 10:24:06	Information:	MU is mmol/L
31.08.2026 10:24:06	Information:	Driver Collations count 0
31.08.2026 10:24:06	Information:	MU collations count=0
31.08.2026 10:24:06	Debug:	SendResults:	SetTestsValues first SetTestsValues=	3	ms
31.08.2026 10:24:06	Debug:	SendResults:	Device Total = 215 ms
31.08.2026 10:24:06	Information:	Saving 51566610
31.08.2026 10:24:06	Information:	Start test result saving
31.08.2026 10:24:06	Information:	Result object to save: 
31.08.2026 10:24:06	Information:	{"OrderResearchID":67071765,"OrderResearch":null,"ParameterID":200918,"Parameter":{"ShortNameRU":"общий белок в сыворотке крови","ShortNameKZ":"қан сарысуындағы жалпы ақуыз","ShortName":"общий белок в сыворотке крови","DataType":0,"DataTypeName":"Число","UnitTypeID":100012,"UnitType":{"NameRU":"г/л","NameKZ":"г/л","Name":"г/л","PublicCode":"10001200","OrderBy":13,"ID":100012,"StrID":"100012"},"MedicalFormID":null,"MedicalForm":null,"NameRU":"общий белок в сыворотке крови","NameKZ":"қан сарысуындағы жалпы ақуыз","Name":"общий белок в сыворотке крови","PublicCode":"20091800","OrderBy":null,"ID":200918,"StrID":"200918"},"ParameterValueID":null,"ParameterValue":null,"ResultText":"58.4","ResultValue":null,"ResultDate":"2026-08-31T10:24:07.8027783+05:00","PostID":0,"Post":null,"ExecuteMethod":2,"SourceResultText":"58.4","SourceResultValue":null,"SourceResultExpression":null,"SourceUnitTypeID":100012,"SourceUnitType":{"NameRU":"г/л","NameKZ":"г/л","Name":"г/л","PublicCode":"10001200","OrderBy":13,"ID":100012,"StrID":"100012"},"IsApproved":false,"ApproveDate":null,"ApprovePostID":null,"ApprovePost":null,"OrderNum":1,"WorkPlaceID":20747,"DriverManagerID":150,"BacteriologyResult":null,"AnalyzerId":38,"IsOrderProductionControl":false,"ID":0,"StrID":"0"}
31.08.2026 10:24:06	Information:	Save string: 
31.08.2026 10:24:06	Information:	{"OrderResearchID":67071765,"OrderResearch":{"OrderID":31122264,"ServiceMoID":2163201,"ServiceMoMasterDataID":8269447,"ServiceMo":{"OrgHealthCareID":"45500000000000909","ServiceID":236,"NameRU":"Определение общего белка в сыворотке крови на анализаторе","NameKZ":"Қан сарысуындағы жалпы нәруызды талдауышта анықтау ","Name":"Определение общего белка в сыворотке крови на анализаторе","ShortNameRU":"Определение общего белка в сыворотке крови на анализаторе","ShortNameKZ":"Қан сарысуындағы жалпы нәруызды талдауышта анықтау ","ShortName":"Определение общего белка в сыворотке крови на анализаторе","FullName":"B03.397.002 - Определение общего белка в сыворотке крови на анализаторе","Code":"B03.397.002","ExternalCode":null,"ServiceClassID":5,"ServiceClass":{"ServiceTypeID":2,"OrderBy":5,"MasterDataID":5,"NameRU":"Клиническая химия (биохимия)","NameKZ":"Клиникалық химия (биохимия)","Name":"Клиническая химия (биохимия)","PublicCode":"500","EndDate":null,"ID":"5","StrID":"5"},"Service":{"NameRU":"Определение общего белка в сыворотке крови на анализаторе","NameKZ":"Қан сарысуындағы жалпы нәруызды талдауышта анықтау","Name":"Определение общего белка в сыворотке крови на анализаторе","ShortNameRU":"Общий белок на анализаторе","ShortNameKZ":"Общий белок на анализаторе","ShortName":"Общий белок на анализаторе","FullName":"B03.397.002 - Определение общего белка в сыворотке крови на анализаторе","Code":"B03.397.002","ServiceClassID":5,"ServiceClass":null,"ServiceSubClassID":6,"ServiceSubClass":null,"MaterialTypeID":202,"MaterialType":null,"MasterDataID":3079,"ID":"236","StrID":"236"},"MasterDataID":8269447,"ServiceSubClassID":6,"PayType":1,"ServiceSubClass":null,"ID":"2163201","StrID":"2163201"},"FullName":"B03.397.002 - Определение общего белка в сыворотке крови на анализаторе  () ","IsMain":true,"SourceID":"144934253_33965446","WorkPlaceID":20747,"WorkPlace":null,"DriverManager":null,"ParameterID":null,"Parameter":null,"AdditionalInfo":null,"Status":1,"PerformetServiceCount":7,"ResearchResultCount":0,"ApproveResearchResultCount":0,"NotSaveResearchResultCount":0,"ParentID":null,"ScreeningCandidatePlanGuid":null,"ScreeningUrl":null,"TakePlace":null,"MaterialTypeID":null,"MaterialType":null,"PartCount":0,"IsOrderProductionControl":false,"Uid":"856d0763-dc74-4974-b6d5-54c6e92a415d","OrderPerformerServices":[],"OrderResearchAllergens":[],"Results":[],"IsResumed":false,"ExecutionType":0,"ID":"67071765","StrID":"67071765"},"ParameterID":200918,"Parameter":{"ShortNameRU":"общий белок в сыворотке крови","ShortNameKZ":"қан сарысуындағы жалпы ақуыз","ShortName":"общий белок в сыворотке крови","DataType":0,"DataTypeName":"Число","UnitTypeID":100012,"UnitType":null,"MedicalFormID":null,"MasterDataID":0,"MedicalForm":null,"NameWithDataType":"общий белок в сыворотке крови  (Число)","NameRU":"общий белок в сыворотке крови","NameKZ":"қан сарысуындағы жалпы ақуыз","Name":"общий белок в сыворотке крови","PublicCode":"20091800","EndDate":null,"ID":"200918","StrID":"200918"},"ParameterValues":null,"ParameterValueID":null,"ParameterValue":null,"ResultText":"58.40","ResultValue":"58.40","ResultDate":"2026-08-31T10:24:07.9090479+05:00","PostID":"189416","Post":null,"ExecuteMethod":2,"SourceResultText":"58.40","SourceResultValue":"58.40","SourceResultExpression":null,"SourceUnitTypeID":100012,"SourceUnitType":{"OrderBy":13,"MasterDataID":null,"CDD_ID":null,"NameRU":"г/л","NameKZ":"г/л","Name":"г/л","PublicCode":"10001200","EndDate":null,"ID":"100012","StrID":"100012"},"MultiplierID":null,"IsApproved":false,"IsValidated":false,"StandardMatchType":0,"ApproveDate":null,"ApprovePostID":null,"ApprovePost":null,"OrderNum":1,"WorkPlaceID":20747,"OrderID":null,"BacteriologyResult":null,"AnalyzerId":38,"IsOrderProductionControl":false,"ID":"207165085","StrID":"207165085"}
31.08.2026 10:24:06	Information:	No result for test 201354 for sample with barcode 51566610 for device 20747
31.08.2026 10:24:06	Information:	Result object to save: 
31.08.2026 10:24:06	Information:	{"OrderResearchID":67071767,"OrderResearch":null,"ParameterID":201268,"Parameter":{"ShortNameRU":"холестерин в сыворотке крови","ShortNameKZ":"қан сарысуындағы холестерин","ShortName":"холестерин в сыворотке крови","DataType":0,"DataTypeName":"Число","UnitTypeID":100051,"UnitType":{"NameRU":"ммоль/л","NameKZ":"ммоль/л","Name":"ммоль/л","PublicCode":"10005100","OrderBy":52,"ID":100051,"StrID":"100051"},"MedicalFormID":null,"MedicalForm":null,"NameRU":"холестерин в сыворотке крови","NameKZ":"қан сарысуындағы холестерин","Name":"холестерин в сыворотке крови","PublicCode":"20126800","OrderBy":null,"ID":201268,"StrID":"201268"},"ParameterValueID":null,"ParameterValue":null,"ResultText":"8.88","ResultValue":null,"ResultDate":"2026-08-31T10:24:07.8479421+05:00","PostID":0,"Post":null,"ExecuteMethod":2,"SourceResultText":"8.88","SourceResultValue":null,"SourceResultExpression":null,"SourceUnitTypeID":100051,"SourceUnitType":{"NameRU":"ммоль/л","NameKZ":"ммоль/л","Name":"ммоль/л","PublicCode":"10005100","OrderBy":52,"ID":100051,"StrID":"100051"},"IsApproved":false,"ApproveDate":null,"ApprovePostID":null,"ApprovePost":null,"OrderNum":1,"WorkPlaceID":20747,"DriverManagerID":150,"BacteriologyResult":null,"AnalyzerId":38,"IsOrderProductionControl":false,"ID":0,"StrID":"0"}
31.08.2026 10:24:06	Information:	Save string: 
31.08.2026 10:24:06	Information:	{"OrderResearchID":67071767,"OrderResearch":{"OrderID":31122264,"ServiceMoID":2164426,"ServiceMoMasterDataID":8269496,"ServiceMo":{"OrgHealthCareID":"45500000000000909","ServiceID":287,"NameRU":"Определение общего холестерина в сыворотке крови на анализаторе","NameKZ":"Қан сарысуындағы жалпы  холестеринді талдауышта анықтау ","Name":"Определение общего холестерина в сыворотке крови на анализаторе","ShortNameRU":"Определение общего холестерина в сыворотке крови на анализаторе","ShortNameKZ":"Қан сарысуындағы жалпы  холестеринді талдауышта анықтау ","ShortName":"Определение общего холестерина в сыворотке крови на анализаторе","FullName":"B03.401.002 - Определение общего холестерина в сыворотке крови на анализаторе","Code":"B03.401.002","ExternalCode":null,"ServiceClassID":5,"ServiceClass":{"ServiceTypeID":2,"OrderBy":5,"MasterDataID":5,"NameRU":"Клиническая химия (биохимия)","NameKZ":"Клиникалық химия (биохимия)","Name":"Клиническая химия (биохимия)","PublicCode":"500","EndDate":null,"ID":"5","StrID":"5"},"Service":{"NameRU":"Определение общего холестерина в сыворотке крови на анализаторе","NameKZ":"Қан сарысуындағы жалпы холестеринді талдауышта анықтау","Name":"Определение общего холестерина в сыворотке крови на анализаторе","ShortNameRU":"Холестерин на анализаторе","ShortNameKZ":"Холестерин на анализаторе","ShortName":"Холестерин на анализаторе","FullName":"B03.401.002 - Определение общего холестерина в сыворотке крови на анализаторе","Code":"B03.401.002","ServiceClassID":5,"ServiceClass":null,"ServiceSubClassID":6,"ServiceSubClass":null,"MaterialTypeID":202,"MaterialType":null,"MasterDataID":3128,"ID":"287","StrID":"287"},"MasterDataID":8269496,"ServiceSubClassID":6,"PayType":1,"ServiceSubClass":null,"ID":"2164426","StrID":"2164426"},"FullName":"B03.401.002 - Определение общего холестерина в сыворотке крови на анализаторе  () ","IsMain":true,"SourceID":"144934253_33965448","WorkPlaceID":20747,"WorkPlace":null,"DriverManager":null,"ParameterID":null,"Parameter":null,"AdditionalInfo":null,"Status":1,"PerformetServiceCount":7,"ResearchResultCount":0,"ApproveResearchResultCount":0,"NotSaveResearchResultCount":0,"ParentID":null,"ScreeningCandidatePlanGuid":null,"ScreeningUrl":null,"TakePlace":null,"MaterialTypeID":null,"MaterialType":null,"PartCount":0,"IsOrderProductionControl":false,"Uid":"30616ba3-22db-4376-9c6e-e3d1482b52f4","OrderPerformerServices":[],"OrderResearchAllergens":[],"Results":[],"IsResumed":false,"ExecutionType":0,"ID":"67071767","StrID":"67071767"},"ParameterID":201268,"Parameter":{"ShortNameRU":"холестерин в сыворотке крови","ShortNameKZ":"қан сарысуындағы холестерин","ShortName":"холестерин в сыворотке крови","DataType":0,"DataTypeName":"Число","UnitTypeID":100051,"UnitType":null,"MedicalFormID":null,"MasterDataID":0,"MedicalForm":null,"NameWithDataType":"холестерин в сыворотке крови  (Число)","NameRU":"холестерин в сыворотке крови","NameKZ":"қан сарысуындағы холестерин","Name":"холестерин в сыворотке крови","PublicCode":"20126800","EndDate":null,"ID":"201268","StrID":"201268"},"ParameterValues":null,"ParameterValueID":null,"ParameterValue":null,"ResultText":"8.88","ResultValue":"8.88","ResultDate":"2026-08-31T10:24:07.9720043+05:00","PostID":"189416","Post":null,"ExecuteMethod":2,"SourceResultText":"8.88","SourceResultValue":"8.88","SourceResultExpression":null,"SourceUnitTypeID":100051,"SourceUnitType":{"OrderBy":52,"MasterDataID":null,"CDD_ID":null,"NameRU":"ммоль/л","NameKZ":"ммоль/л","Name":"ммоль/л","PublicCode":"10005100","EndDate":null,"ID":"100051","StrID":"100051"},"MultiplierID":null,"IsApproved":false,"IsValidated":false,"StandardMatchType":0,"ApproveDate":null,"ApprovePostID":null,"ApprovePost":null,"OrderNum":1,"WorkPlaceID":20747,"OrderID":null,"BacteriologyResult":null,"AnalyzerId":38,"IsOrderProductionControl":false,"ID":"207165087","StrID":"207165087"}
31.08.2026 10:24:06	Debug:	 SendResults SaveDeviceResults = 128 ms
31.08.2026 10:24:30	Information:	refresh tokens
31.08.2026 10:24:34	Information:	Received bytes(encoded):MSH|^~\&|||||20260831102337||ORU^R01|16|P|2.3.1||||0||ASCII|||PID|16|||||||O|||||||||||||||||||||||OBR|16|51566465|6|^|N|20260831091805|20260831091709|20260831091709||1^6||||20260831091709|?????|||||||||||||||||||||||||||||||||OBX|1|NM|TP|Total Protein|50.045517|g/L|-|N|||F||50.045517|20260831102208|||0||OBX|2|NM|CREA-S|Creatinine (Sarcosine Oxidase Method)|102.086143|?mol/L|-|N|||F||102.086143|20260831102336|||0||OBX|3|NM|UREA|Urea|18.494396|mmol/L|-|N|||F||18.494396|20260831102051|||0||OBX|4|NM||Albumin|31.287365|g/L|-|N|||F||31.287365|20260831101752|||0|RGTE|
31.08.2026 10:24:34	Information:	Add Frame:
31.08.2026 10:24:34	Information:	MSH|^~\&|||||20260831102337||ORU^R01|16|P|2.3.1||||0||ASCII|||
31.08.2026 10:24:34	Information:	In Header
31.08.2026 10:24:34	Information:	MessageType: ORU
31.08.2026 10:24:34	Information:	After message type
31.08.2026 10:24:34	Information:	After ask
31.08.2026 10:24:34	Information:	After version
31.08.2026 10:24:34	Information:	Add Frame:
31.08.2026 10:24:34	Information:	PID|16|||||||O|||||||||||||||||||||||
31.08.2026 10:24:34	Information:	Add Frame:
31.08.2026 10:24:34	Information:	OBR|16|51566465|6|^|N|20260831091805|20260831091709|20260831091709||1^6||||20260831091709|?????|||||||||||||||||||||||||||||||||
31.08.2026 10:24:34	Information:	Add Frame:
31.08.2026 10:24:34	Information:	OBX|1|NM|TP|Total Protein|50.045517|g/L|-|N|||F||50.045517|20260831102208|||0||
31.08.2026 10:24:34	Information:	Add Frame:
31.08.2026 10:24:34	Information:	OBX|2|NM|CREA-S|Creatinine (Sarcosine Oxidase Method)|102.086143|?mol/L|-|N|||F||102.086143|20260831102336|||0||
31.08.2026 10:24:34	Information:	Add Frame:
31.08.2026 10:24:34	Information:	OBX|3|NM|UREA|Urea|18.494396|mmol/L|-|N|||F||18.494396|20260831102051|||0||
31.08.2026 10:24:34	Information:	Add Frame:
31.08.2026 10:24:34	Information:	OBX|4|NM||Albumin|31.287365|g/L|-|N|||F||31.287365|20260831101752|||0|RGTE|
31.08.2026 10:24:34	Information:	Add Frame:
31.08.2026 10:24:34	Information:	
31.08.2026 10:24:34	Debug:	read message: 12ms
31.08.2026 10:24:34	Information:	The answer message is created successfully
31.08.2026 10:24:34	Information:	Sending answer...
31.08.2026 10:24:34	Information:	We are in ORU Message
31.08.2026 10:24:34	Information:	MSH MSH|^~\&|||||20260831102337||ORU^R01|16|P|2.3.1||||0||ASCII||||
31.08.2026 10:24:34	Information:	PID PID|16|||||||O||||||||||||||||||||||||
31.08.2026 10:24:34	Information:	PatientRecord in message is successfully  processed
31.08.2026 10:24:34	Information:	The patient order is successfully processed
31.08.2026 10:24:34	Information:	The order record is successfully processed
31.08.2026 10:24:34	Information:	The order record is successfully processed
31.08.2026 10:24:34	Information:	The order record is successfully processed
31.08.2026 10:24:34	Information:	The order record is successfully processed
31.08.2026 10:24:34	Information:	The ORU message is successfully processed
31.08.2026 10:24:34	Debug:	Process message: 5ms
31.08.2026 10:24:34	Debug:	Total time : 19ms
31.08.2026 10:24:35	Information:	Sended bytes:  11 77 83 72 124 94 126 92 38 124 77 105 110 100 114 97 121 124 124 124 124 50 48 50 54 48 56 51 49 49 48 50 52 51 52 124 124 65 67 75 94 82 48 49 124 49 54 124 80 124 50 46 51 46 49 124 124 124 124 48 124 124 117 115 45 97 115 99 105 105 124 124 124 13 77 83 65 124 65 65 124 49 54 124 77 101 115 115 97 103 101 32 97 99 99 101 112 116 101 100 124 124 124 48 124 13 28 13
31.08.2026 10:24:35	Information:	Sended string MSH|^~\&|Mindray||||20260831102434||ACK^R01|16|P|2.3.1||||0||us-ascii|||MSA|AA|16|Message accepted|||0|
31.08.2026 10:24:37	Debug:	SendResults:	check DriverRequests=	0	ms
31.08.2026 10:24:37	Information:	ByBarcode 51566465
31.08.2026 10:24:37	Information:	GetLinesByBarcodes
31.08.2026 10:24:37	Information:	{
"WorkPlaceID": 20747,
"BeginDate": "2026-06-01",
"EndDate": "2026-09-01",
"OrderNumber": "51566465",
"Offset": 0,
"Limit": 1
}


31.08.2026 10:24:37	Information:	GetByBarcodeReturn: 
31.08.2026 10:24:37	Information:	{"Data":[{"ID":31122168,"StrID":"31122168","OrderNumber":"51566465","OrderRegDate":"2026-08-31T01:47:06.88","PlanExecutionDate":"2026-08-31T01:46:00","SenderMoID":45500000000000909,"SenderMo":{"NameRU":"Некоммерческое акционерное общество \"Медицинский университет Семей\"","NameKZ":"\"Семей медицина университеті\" коммерциялық емес акционерлік қоғамы","Name":"Некоммерческое акционерное общество \"Медицинский университет Семей\"","ShortNameRU":"НАО \"МУС\"","ShortNameKZ":"\"СМУ\" КеАҚ","ShortName":"НАО \"МУС\"","PublicCode":"237J","AddressRU":"ВКО, г. Семей, ул. Абая Кунанбаева 103","AddressKZ":"ВКО, г. Семей, ул. Абая Кунанбаева 103","Address":"ВКО, г. Семей, ул. Абая Кунанбаева 103","OriginalID":"45500000000000909","IsWork":true,"RegionID":20,"BIN":"190240004938","MasterDataID":4911,"PhonesData":{"OrgHealthCarePhones":[]},"IsPostmortem":false,"IsHospital":true,"Code":null,"ID":"45500000000000909","StrID":"45500000000000909"},"ReceiverMoID":45500000000000909,"ReceiverMo":null,"PatientDetailID":40774163,"PatientDetail":{"PersonID":"902009","Person":{"IIN":"120901505501","LastName":"ТӨЛЕГЕН","FirstName":"АЛИМ","SecondName":"ЕРБОЛҰЛЫ","FullName":"ТӨЛЕГЕН АЛИМ ЕРБОЛҰЛЫ","FullNameIOF":"АЛИМ ЕРБОЛҰЛЫ ТӨЛЕГЕН","DisplayText":"120901505501 АЛИМ ЕРБОЛҰЛЫ ТӨЛЕГЕН 01.09.2012","IinFullName":"120901505501 - ТӨЛЕГЕН АЛИМ ЕРБОЛҰЛЫ","BirthDate":"2012-09-01T00:00:00","BirthDateStr":"01.09.2012","DeathDate":null,"DeathDateStr":"","BioSexID":3,"BioSex":null,"NationalityID":null,"Nationality":null,"CitizenshipID":null,"Citizenship":null,"MasterDataID":14326101,"RpnID":"15300000019201491","KmisID":"45500000005255268","Type":1,"Age":0,"IsStillborn":false,"IsEarlyNeonatalDeathUp28days":false,"IsDeadPerson":false,"ID":"902009","StrID":"902009"},"AddressRU":"РЕСПУБЛИКА: Казахстан , ОБЛАСТЬ: Восточно-казахстанская , ГОРОД ОБЛ.ЗНАЧ.: Семей , УЛИЦА: ЦЕМЕНТНАЯ, ДОМ: 4а, КВАРТИРА: 25 ","AddressKZ":": Қазақстан , : Шығыс Қазақстан , : Семей Қ. , ЦЕМЕНТНАЯ көшесі, ҮЙ: 4а, ПӘТЕР: 25 ","Address":"РЕСПУБЛИКА: Казахстан , ОБЛАСТЬ: Восточно-казахстанская , ГОРОД ОБЛ.ЗНАЧ.: Семей , УЛИЦА: ЦЕМЕНТНАЯ, ДОМ: 4а, КВАРТИРА: 25 ","MasterDataAddressID":2683850,"WorkPlace":"Школа ОСШВИ КГУ школа интернат №5, Класс 6 Ә ","WorkPosition":null,"DocumentNumber":"3581410","DocumentTypeID":3,"DocumentType":null,"NationalityID":null,"DocumentTypeName":null,"Phones":"+7 (705) 192-28-40","ExternalCardID":"5935675","CardType":1,"CardNumber":"62375","CitizenshipCategoryID":1,"CitizenshipCategory":null,"ResidenceTypeID":3,"ResidenceType":null,"MotherPersonID":null,"MotherPerson":null,"IsForeigner":false,"IsHomeless":false,"IsDeadPerson":false,"IsResident":true,"ID":"40774163","StrID":"40774163"},"Person":{"IIN":"120901505501","LastName":"ТӨЛЕГЕН","FirstName":"АЛИМ","SecondName":"ЕРБОЛҰЛЫ","FullName":"ТӨЛЕГЕН АЛИМ ЕРБОЛҰЛЫ","FullNameIOF":"АЛИМ ЕРБОЛҰЛЫ ТӨЛЕГЕН","DisplayText":"120901505501 АЛИМ ЕРБОЛҰЛЫ ТӨЛЕГЕН 01.09.2012","IinFullName":"120901505501 - ТӨЛЕГЕН АЛИМ ЕРБОЛҰЛЫ","BirthDate":"2012-09-01T00:00:00","BirthDateStr":"01.09.2012","DeathDate":null,"DeathDateStr":"","BioSexID":3,"BioSex":null,"NationalityID":null,"Nationality":null,"CitizenshipID":null,"Citizenship":null,"MasterDataID":14326101,"RpnID":"15300000019201491","KmisID":"45500000005255268","Type":1,"Age":0,"IsStillborn":false,"IsEarlyNeonatalDeathUp28days":false,"IsDeadPerson":false,"ID":"902009","StrID":"902009"},"IsCito":false,"ExternalSystem":1,"OrderResultFileID":null,"OrderResultFileStorageID":null,"OrderResultDate":null,"Status":1,"DeleteDate":null,"ResultNotes":null,"Comment":"","ExternalOrderNumber":"51566465","ExaminationTypeID":null,"ExaminationType":null,"ExaminationIndicationID":null,"ExaminationIndication":null,"Uid":"11700851-DDF2-4A35-981A-B943BD52773F","SenderPostFullName":"САКЕНОВА ДАНА МУРАТКАНОВНА","SenderFuncStructureNameRU":"Отделение педиатрии","SenderFuncStructureNameKZ":"Педиатр бөлімі","IsSamplingOfMaterialsAtReceiver":false,"MisID":42123522,"Materials":[{"OrderID":31122168,"Uid":"47e5e2d1-9b81-4d47-8c52-d37ad731cc54","MaterialNumber":"51566465","MaterialTypeID":363,"MaterialType":{"OrderBy":0,"ParentID":202,"HasChildren":false,"MasterDataID":489,"Parent":null,"NameRU":"Кровь венозная","NameKZ":"Кровь венозная","Name":"Кровь венозная","PublicCode":"36300","EndDate":null,"ID":"363","StrID":"363"},"TakeDate":"2026-08-31T01:46:00","TakeDateStr":"31.08.2026 01:46","TakePlace":"педиатрия","RejectionReason":null,"RejectionTakenMeasures":null,"ReceiptDate":null,"ReceiptDateStr":null,"RejectionCreatePostID":null,"RejectionCreatePost":null,"SampleCollectorPostIIN":"671213400451","SampleCollectorPostID":null,"Researches":[],"RejectedMaterialImageID":null,"File":null,"ID":"31408769","StrID":"31408769"}],"Researches":[]}],"Total":1}
31.08.2026 10:24:37	Information:	OrderedWW 51566465 Biomat 0 Device 20747
31.08.2026 10:24:37	Information:	ResearchResult
31.08.2026 10:24:37	Information:	{
"OrderID": "31122168",
"WorkPlaceID": 20747
}


31.08.2026 10:24:37	Information:	[{"OrderResearchID":67071504,"OrderResearch":null,"ParameterID":200918,"Parameter":{"ShortNameRU":"общий белок в сыворотке крови","ShortNameKZ":"қан сарысуындағы жалпы ақуыз","ShortName":"общий белок в сыворотке крови","DataType":0,"DataTypeName":"Число","UnitTypeID":100012,"UnitType":{"OrderBy":13,"MasterDataID":null,"CDD_ID":null,"NameRU":"г/л","NameKZ":"г/л","Name":"г/л","PublicCode":"10001200","EndDate":null,"ID":"100012","StrID":"100012"},"MedicalFormID":null,"MasterDataID":0,"MedicalForm":null,"NameWithDataType":"общий белок в сыворотке крови  (Число)","NameRU":"общий белок в сыворотке крови","NameKZ":"қан сарысуындағы жалпы ақуыз","Name":"общий белок в сыворотке крови","PublicCode":"20091800","EndDate":null,"ID":"200918","StrID":"200918"},"ParameterValues":null,"ParameterValueID":null,"ParameterValue":null,"ResultText":null,"ResultValue":null,"ResultDate":"2026-08-31T10:24:38.4985002+05:00","PostID":"0","Post":null,"ExecuteMethod":2,"SourceResultText":null,"SourceResultValue":null,"SourceResultExpression":null,"SourceUnitTypeID":100012,"SourceUnitType":{"OrderBy":13,"MasterDataID":null,"CDD_ID":null,"NameRU":"г/л","NameKZ":"г/л","Name":"г/л","PublicCode":"10001200","EndDate":null,"ID":"100012","StrID":"100012"},"MultiplierID":null,"IsApproved":false,"IsValidated":false,"StandardMatchType":0,"ApproveDate":null,"ApprovePostID":null,"ApprovePost":null,"OrderNum":1,"WorkPlaceID":20747,"OrderID":null,"BacteriologyResult":null,"AnalyzerId":null,"IsOrderProductionControl":false,"ID":"0","StrID":"0"},{"OrderResearchID":67071505,"OrderResearch":null,"ParameterID":201354,"Parameter":{"ShortNameRU":"альбумин  в сыворотке крови (анализатор)","ShortNameKZ":"қан сарысуындағы альбумин (анализатор)","ShortName":"альбумин  в сыворотке крови (анализатор)","DataType":0,"DataTypeName":"Число","UnitTypeID":100012,"UnitType":{"OrderBy":13,"MasterDataID":null,"CDD_ID":null,"NameRU":"г/л","NameKZ":"г/л","Name":"г/л","PublicCode":"10001200","EndDate":null,"ID":"100012","StrID":"100012"},"MedicalFormID":null,"MasterDataID":0,"MedicalForm":null,"NameWithDataType":"альбумин  в сыворотке крови (анализатор)  (Число)","NameRU":"альбумин  в сыворотке крови (анализатор)","NameKZ":"қан сарысуындағы альбумин (анализатор)","Name":"альбумин  в сыворотке крови (анализатор)","PublicCode":"20135400","EndDate":null,"ID":"201354","StrID":"201354"},"ParameterValues":null,"ParameterValueID":null,"ParameterValue":null,"ResultText":null,"ResultValue":null,"ResultDate":"2026-08-31T10:24:38.5023754+05:00","PostID":"0","Post":null,"ExecuteMethod":2,"SourceResultText":null,"SourceResultValue":null,"SourceResultExpression":null,"SourceUnitTypeID":100012,"SourceUnitType":{"OrderBy":13,"MasterDataID":null,"CDD_ID":null,"NameRU":"г/л","NameKZ":"г/л","Name":"г/л","PublicCode":"10001200","EndDate":null,"ID":"100012","StrID":"100012"},"MultiplierID":null,"IsApproved":false,"IsValidated":false,"StandardMatchType":0,"ApproveDate":null,"ApprovePostID":null,"ApprovePost":null,"OrderNum":1,"WorkPlaceID":20747,"OrderID":null,"BacteriologyResult":null,"AnalyzerId":null,"IsOrderProductionControl":false,"ID":"0","StrID":"0"},{"OrderResearchID":67071506,"OrderResearch":null,"ParameterID":200852,"Parameter":{"ShortNameRU":"мочевина в сыворотке крови","ShortNameKZ":"қан сарысуындағы несепнәр","ShortName":"мочевина в сыворотке крови","DataType":0,"DataTypeName":"Число","UnitTypeID":100051,"UnitType":{"OrderBy":52,"MasterDataID":null,"CDD_ID":null,"NameRU":"ммоль/л","NameKZ":"ммоль/л","Name":"ммоль/л","PublicCode":"10005100","EndDate":null,"ID":"100051","StrID":"100051"},"MedicalFormID":null,"MasterDataID":0,"MedicalForm":null,"NameWithDataType":"мочевина в сыворотке крови  (Число)","NameRU":"мочевина в сыворотке крови","NameKZ":"қан сарысуындағы несепнәр","Name":"мочевина в сыворотке крови","PublicCode":"20085200","EndDate":null,"ID":"200852","StrID":"200852"},"ParameterValues":null,"ParameterValueID":null,"ParameterValue":null,"ResultText":null,"ResultValue":null,"ResultDate":"2026-08-31T10:24:38.5057408+05:00","PostID":"0","Post":null,"ExecuteMethod":2,"SourceResultText":null,"SourceResultValue":null,"SourceResultExpression":null,"SourceUnitTypeID":100051,"SourceUnitType":{"OrderBy":52,"MasterDataID":null,"CDD_ID":null,"NameRU":"ммоль/л","NameKZ":"ммоль/л","Name":"ммоль/л","PublicCode":"10005100","EndDate":null,"ID":"100051","StrID":"100051"},"MultiplierID":null,"IsApproved":false,"IsValidated":false,"StandardMatchType":0,"ApproveDate":null,"ApprovePostID":null,"ApprovePost":null,"OrderNum":1,"WorkPlaceID":20747,"OrderID":null,"BacteriologyResult":null,"AnalyzerId":null,"IsOrderProductionControl":false,"ID":"0","StrID":"0"},{"OrderResearchID":67071507,"OrderResearch":null,"ParameterID":200744,"Parameter":{"ShortNameRU":"креатинин в крови","ShortNameKZ":"қандағы креатинин","ShortName":"креатинин в крови","DataType":0,"DataTypeName":"Число","UnitTypeID":100041,"UnitType":{"OrderBy":42,"MasterDataID":null,"CDD_ID":null,"NameRU":"мкмоль/л","NameKZ":"мкмоль/л","Name":"мкмоль/л","PublicCode":"10004100","EndDate":null,"ID":"100041","StrID":"100041"},"MedicalFormID":null,"MasterDataID":0,"MedicalForm":null,"NameWithDataType":"креатинин в крови  (Число)","NameRU":"креатинин в крови","NameKZ":"қандағы креатинин","Name":"креатинин в крови","PublicCode":"20074400","EndDate":null,"ID":"200744","StrID":"200744"},"ParameterValues":null,"ParameterValueID":null,"ParameterValue":null,"ResultText":null,"ResultValue":null,"ResultDate":"2026-08-31T10:24:38.5093928+05:00","PostID":"0","Post":null,"ExecuteMethod":2,"SourceResultText":null,"SourceResultValue":null,"SourceResultExpression":null,"SourceUnitTypeID":100041,"SourceUnitType":{"OrderBy":42,"MasterDataID":null,"CDD_ID":null,"NameRU":"мкмоль/л","NameKZ":"мкмоль/л","Name":"мкмоль/л","PublicCode":"10004100","EndDate":null,"ID":"100041","StrID":"100041"},"MultiplierID":null,"IsApproved":false,"IsValidated":false,"StandardMatchType":0,"ApproveDate":null,"ApprovePostID":null,"ApprovePost":null,"OrderNum":1,"WorkPlaceID":20747,"OrderID":null,"BacteriologyResult":null,"AnalyzerId":null,"IsOrderProductionControl":false,"ID":"0","StrID":"0"}]
31.08.2026 10:24:37	Information:	TestsWW spec 200918, spec 201354, spec 200852, spec 200744, 
31.08.2026 10:24:37	Information:	Querry lines count: 1
31.08.2026 10:24:37	Debug:	SendResults:	fix DriverRequests=	361	ms
31.08.2026 10:24:37	Information:	SAMPLE! 51566465 DeviceDriverResult Sample: 51566465 Suggest: . Do Request True
31.08.2026 10:24:37	Information:	Sample request count: 1
31.08.2026 10:24:37	Information:	MU is g/L
31.08.2026 10:24:37	Information:	Driver Collations count 0
31.08.2026 10:24:37	Information:	MU collations count=0
31.08.2026 10:24:37	Information:	MU is ?mol/L
31.08.2026 10:24:37	Information:	Driver Collations count 0
31.08.2026 10:24:37	Information:	MU collations count=0
31.08.2026 10:24:37	Information:	MU is mmol/L
31.08.2026 10:24:37	Information:	Driver Collations count 0
31.08.2026 10:24:37	Information:	MU collations count=0
31.08.2026 10:24:37	Debug:	SendResults:	SetTestsValues first SetTestsValues=	5	ms
31.08.2026 10:24:37	Debug:	SendResults:	Device Total = 369 ms
31.08.2026 10:24:37	Information:	Saving 51566465
31.08.2026 10:24:37	Information:	Start test result saving
31.08.2026 10:24:37	Information:	Result object to save: 
31.08.2026 10:24:37	Information:	{"OrderResearchID":67071504,"OrderResearch":null,"ParameterID":200918,"Parameter":{"ShortNameRU":"общий белок в сыворотке крови","ShortNameKZ":"қан сарысуындағы жалпы ақуыз","ShortName":"общий белок в сыворотке крови","DataType":0,"DataTypeName":"Число","UnitTypeID":100012,"UnitType":{"NameRU":"г/л","NameKZ":"г/л","Name":"г/л","PublicCode":"10001200","OrderBy":13,"ID":100012,"StrID":"100012"},"MedicalFormID":null,"MedicalForm":null,"NameRU":"общий белок в сыворотке крови","NameKZ":"қан сарысуындағы жалпы ақуыз","Name":"общий белок в сыворотке крови","PublicCode":"20091800","OrderBy":null,"ID":200918,"StrID":"200918"},"ParameterValueID":null,"ParameterValue":null,"ResultText":"50.05","ResultValue":null,"ResultDate":"2026-08-31T10:24:38.4985002+05:00","PostID":0,"Post":null,"ExecuteMethod":2,"SourceResultText":"50.05","SourceResultValue":null,"SourceResultExpression":null,"SourceUnitTypeID":100012,"SourceUnitType":{"NameRU":"г/л","NameKZ":"г/л","Name":"г/л","PublicCode":"10001200","OrderBy":13,"ID":100012,"StrID":"100012"},"IsApproved":false,"ApproveDate":null,"ApprovePostID":null,"ApprovePost":null,"OrderNum":1,"WorkPlaceID":20747,"DriverManagerID":150,"BacteriologyResult":null,"AnalyzerId":38,"IsOrderProductionControl":false,"ID":0,"StrID":"0"}
31.08.2026 10:24:37	Information:	Save string: 
31.08.2026 10:24:37	Information:	{"OrderResearchID":67071504,"OrderResearch":{"OrderID":31122168,"ServiceMoID":2163201,"ServiceMoMasterDataID":8269447,"ServiceMo":{"OrgHealthCareID":"45500000000000909","ServiceID":236,"NameRU":"Определение общего белка в сыворотке крови на анализаторе","NameKZ":"Қан сарысуындағы жалпы нәруызды талдауышта анықтау ","Name":"Определение общего белка в сыворотке крови на анализаторе","ShortNameRU":"Определение общего белка в сыворотке крови на анализаторе","ShortNameKZ":"Қан сарысуындағы жалпы нәруызды талдауышта анықтау ","ShortName":"Определение общего белка в сыворотке крови на анализаторе","FullName":"B03.397.002 - Определение общего белка в сыворотке крови на анализаторе","Code":"B03.397.002","ExternalCode":null,"ServiceClassID":5,"ServiceClass":{"ServiceTypeID":2,"OrderBy":5,"MasterDataID":5,"NameRU":"Клиническая химия (биохимия)","NameKZ":"Клиникалық химия (биохимия)","Name":"Клиническая химия (биохимия)","PublicCode":"500","EndDate":null,"ID":"5","StrID":"5"},"Service":{"NameRU":"Определение общего белка в сыворотке крови на анализаторе","NameKZ":"Қан сарысуындағы жалпы нәруызды талдауышта анықтау","Name":"Определение общего белка в сыворотке крови на анализаторе","ShortNameRU":"Общий белок на анализаторе","ShortNameKZ":"Общий белок на анализаторе","ShortName":"Общий белок на анализаторе","FullName":"B03.397.002 - Определение общего белка в сыворотке крови на анализаторе","Code":"B03.397.002","ServiceClassID":5,"ServiceClass":null,"ServiceSubClassID":6,"ServiceSubClass":null,"MaterialTypeID":202,"MaterialType":null,"MasterDataID":3079,"ID":"236","StrID":"236"},"MasterDataID":8269447,"ServiceSubClassID":6,"PayType":1,"ServiceSubClass":null,"ID":"2163201","StrID":"2163201"},"FullName":"B03.397.002 - Определение общего белка в сыворотке крови на анализаторе  () ","IsMain":true,"SourceID":"144933824_33965340","WorkPlaceID":20747,"WorkPlace":null,"DriverManager":null,"ParameterID":null,"Parameter":null,"AdditionalInfo":null,"Status":1,"PerformetServiceCount":7,"ResearchResultCount":0,"ApproveResearchResultCount":0,"NotSaveResearchResultCount":0,"ParentID":null,"ScreeningCandidatePlanGuid":null,"ScreeningUrl":null,"TakePlace":null,"MaterialTypeID":null,"MaterialType":null,"PartCount":0,"IsOrderProductionControl":false,"Uid":"cced18cd-15e7-4d74-88c7-bf80321415ac","OrderPerformerServices":[],"OrderResearchAllergens":[],"Results":[],"IsResumed":false,"ExecutionType":0,"ID":"67071504","StrID":"67071504"},"ParameterID":200918,"Parameter":{"ShortNameRU":"общий белок в сыворотке крови","ShortNameKZ":"қан сарысуындағы жалпы ақуыз","ShortName":"общий белок в сыворотке крови","DataType":0,"DataTypeName":"Число","UnitTypeID":100012,"UnitType":null,"MedicalFormID":null,"MasterDataID":0,"MedicalForm":null,"NameWithDataType":"общий белок в сыворотке крови  (Число)","NameRU":"общий белок в сыворотке крови","NameKZ":"қан сарысуындағы жалпы ақуыз","Name":"общий белок в сыворотке крови","PublicCode":"20091800","EndDate":null,"ID":"200918","StrID":"200918"},"ParameterValues":null,"ParameterValueID":null,"ParameterValue":null,"ResultText":"50.05","ResultValue":"50.05","ResultDate":"2026-08-31T10:24:38.6455484+05:00","PostID":"189416","Post":null,"ExecuteMethod":2,"SourceResultText":"50.05","SourceResultValue":"50.05","SourceResultExpression":null,"SourceUnitTypeID":100012,"SourceUnitType":{"OrderBy":13,"MasterDataID":null,"CDD_ID":null,"NameRU":"г/л","NameKZ":"г/л","Name":"г/л","PublicCode":"10001200","EndDate":null,"ID":"100012","StrID":"100012"},"MultiplierID":null,"IsApproved":false,"IsValidated":false,"StandardMatchType":0,"ApproveDate":null,"ApprovePostID":null,"ApprovePost":null,"OrderNum":1,"WorkPlaceID":20747,"OrderID":null,"BacteriologyResult":null,"AnalyzerId":38,"IsOrderProductionControl":false,"ID":"207165165","StrID":"207165165"}
31.08.2026 10:24:37	Information:	No result for test 201354 for sample with barcode 51566465 for device 20747
31.08.2026 10:24:37	Information:	Result object to save: 
31.08.2026 10:24:37	Information:	{"OrderResearchID":67071506,"OrderResearch":null,"ParameterID":200852,"Parameter":{"ShortNameRU":"мочевина в сыворотке крови","ShortNameKZ":"қан сарысуындағы несепнәр","ShortName":"мочевина в сыворотке крови","DataType":0,"DataTypeName":"Число","UnitTypeID":100051,"UnitType":{"NameRU":"ммоль/л","NameKZ":"ммоль/л","Name":"ммоль/л","PublicCode":"10005100","OrderBy":52,"ID":100051,"StrID":"100051"},"MedicalFormID":null,"MedicalForm":null,"NameRU":"мочевина в сыворотке крови","NameKZ":"қан сарысуындағы несепнәр","Name":"мочевина в сыворотке крови","PublicCode":"20085200","OrderBy":null,"ID":200852,"StrID":"200852"},"ParameterValueID":null,"ParameterValue":null,"ResultText":"18.49","ResultValue":null,"ResultDate":"2026-08-31T10:24:38.5057408+05:00","PostID":0,"Post":null,"ExecuteMethod":2,"SourceResultText":"18.49","SourceResultValue":null,"SourceResultExpression":null,"SourceUnitTypeID":100051,"SourceUnitType":{"NameRU":"ммоль/л","NameKZ":"ммоль/л","Name":"ммоль/л","PublicCode":"10005100","OrderBy":52,"ID":100051,"StrID":"100051"},"IsApproved":false,"ApproveDate":null,"ApprovePostID":null,"ApprovePost":null,"OrderNum":1,"WorkPlaceID":20747,"DriverManagerID":150,"BacteriologyResult":null,"AnalyzerId":38,"IsOrderProductionControl":false,"ID":0,"StrID":"0"}
31.08.2026 10:24:37	Information:	Save string: 
31.08.2026 10:24:37	Information:	{"OrderResearchID":67071506,"OrderResearch":{"OrderID":31122168,"ServiceMoID":2164626,"ServiceMoMasterDataID":8269504,"ServiceMo":{"OrgHealthCareID":"45500000000000909","ServiceID":295,"NameRU":"Определение мочевины в сыворотке крови на анализаторе","NameKZ":"Қан сарысуындағы несепнәрді  талдауышта анықтау ","Name":"Определение мочевины в сыворотке крови на анализаторе","ShortNameRU":"Определение мочевины в сыворотке крови на анализаторе","ShortNameKZ":"Қан сарысуындағы несепнәрді  талдауышта анықтау ","ShortName":"Определение мочевины в сыворотке крови на анализаторе","FullName":"B03.386.002 - Определение мочевины в сыворотке крови на анализаторе","Code":"B03.386.002","ExternalCode":null,"ServiceClassID":5,"ServiceClass":{"ServiceTypeID":2,"OrderBy":5,"MasterDataID":5,"NameRU":"Клиническая химия (биохимия)","NameKZ":"Клиникалық химия (биохимия)","Name":"Клиническая химия (биохимия)","PublicCode":"500","EndDate":null,"ID":"5","StrID":"5"},"Service":{"NameRU":"Определение мочевины в сыворотке крови на анализаторе","NameKZ":"Қан сарысуындағы несепнәрді талдауышта анықтау","Name":"Определение мочевины в сыворотке крови на анализаторе","ShortNameRU":"Мочевина на анализаторе","ShortNameKZ":"Мочевина на анализаторе","ShortName":"Мочевина на анализаторе","FullName":"B03.386.002 - Определение мочевины в сыворотке крови на анализаторе","Code":"B03.386.002","ServiceClassID":5,"ServiceClass":null,"ServiceSubClassID":6,"ServiceSubClass":null,"MaterialTypeID":202,"MaterialType":null,"MasterDataID":3136,"ID":"295","StrID":"295"},"MasterDataID":8269504,"ServiceSubClassID":6,"PayType":1,"ServiceSubClass":null,"ID":"2164626","StrID":"2164626"},"FullName":"B03.386.002 - Определение мочевины в сыворотке крови на анализаторе  () ","IsMain":true,"SourceID":"144933824_33965343","WorkPlaceID":20747,"WorkPlace":null,"DriverManager":null,"ParameterID":null,"Parameter":null,"AdditionalInfo":null,"Status":1,"PerformetServiceCount":7,"ResearchResultCount":0,"ApproveResearchResultCount":0,"NotSaveResearchResultCount":0,"ParentID":null,"ScreeningCandidatePlanGuid":null,"ScreeningUrl":null,"TakePlace":null,"MaterialTypeID":null,"MaterialType":null,"PartCount":0,"IsOrderProductionControl":false,"Uid":"53e43eb0-2ebd-4070-a4a0-167a0f699f4d","OrderPerformerServices":[],"OrderResearchAllergens":[],"Results":[],"IsResumed":false,"ExecutionType":0,"ID":"67071506","StrID":"67071506"},"ParameterID":200852,"Parameter":{"ShortNameRU":"мочевина в сыворотке крови","ShortNameKZ":"қан сарысуындағы несепнәр","ShortName":"мочевина в сыворотке крови","DataType":0,"DataTypeName":"Число","UnitTypeID":100051,"UnitType":null,"MedicalFormID":null,"MasterDataID":0,"MedicalForm":null,"NameWithDataType":"мочевина в сыворотке крови  (Число)","NameRU":"мочевина в сыворотке крови","NameKZ":"қан сарысуындағы несепнәр","Name":"мочевина в сыворотке крови","PublicCode":"20085200","EndDate":null,"ID":"200852","StrID":"200852"},"ParameterValues":null,"ParameterValueID":null,"ParameterValue":null,"ResultText":"18.49","ResultValue":"18.49","ResultDate":"2026-08-31T10:24:38.719479+05:00","PostID":"189416","Post":null,"ExecuteMethod":2,"SourceResultText":"18.49","SourceResultValue":"18.49","SourceResultExpression":null,"SourceUnitTypeID":100051,"SourceUnitType":{"OrderBy":52,"MasterDataID":null,"CDD_ID":null,"NameRU":"ммоль/л","NameKZ":"ммоль/л","Name":"ммоль/л","PublicCode":"10005100","EndDate":null,"ID":"100051","StrID":"100051"},"MultiplierID":null,"IsApproved":false,"IsValidated":false,"StandardMatchType":0,"ApproveDate":null,"ApprovePostID":null,"ApprovePost":null,"OrderNum":1,"WorkPlaceID":20747,"OrderID":null,"BacteriologyResult":null,"AnalyzerId":38,"IsOrderProductionControl":false,"ID":"207165167","StrID":"207165167"}
31.08.2026 10:24:37	Information:	Result object to save: 
31.08.2026 10:24:37	Information:	{"OrderResearchID":67071507,"OrderResearch":null,"ParameterID":200744,"Parameter":{"ShortNameRU":"креатинин в крови","ShortNameKZ":"қандағы креатинин","ShortName":"креатинин в крови","DataType":0,"DataTypeName":"Число","UnitTypeID":100041,"UnitType":{"NameRU":"мкмоль/л","NameKZ":"мкмоль/л","Name":"мкмоль/л","PublicCode":"10004100","OrderBy":42,"ID":100041,"StrID":"100041"},"MedicalFormID":null,"MedicalForm":null,"NameRU":"креатинин в крови","NameKZ":"қандағы креатинин","Name":"креатинин в крови","PublicCode":"20074400","OrderBy":null,"ID":200744,"StrID":"200744"},"ParameterValueID":null,"ParameterValue":null,"ResultText":"102.09","ResultValue":null,"ResultDate":"2026-08-31T10:24:38.5093928+05:00","PostID":0,"Post":null,"ExecuteMethod":2,"SourceResultText":"102.09","SourceResultValue":null,"SourceResultExpression":null,"SourceUnitTypeID":100041,"SourceUnitType":{"NameRU":"мкмоль/л","NameKZ":"мкмоль/л","Name":"мкмоль/л","PublicCode":"10004100","OrderBy":42,"ID":100041,"StrID":"100041"},"IsApproved":false,"ApproveDate":null,"ApprovePostID":null,"ApprovePost":null,"OrderNum":1,"WorkPlaceID":20747,"DriverManagerID":150,"BacteriologyResult":null,"AnalyzerId":38,"IsOrderProductionControl":false,"ID":0,"StrID":"0"}
31.08.2026 10:24:37	Information:	Save string: 
31.08.2026 10:24:37	Information:	{"OrderResearchID":67071507,"OrderResearch":{"OrderID":31122168,"ServiceMoID":2164651,"ServiceMoMasterDataID":8269505,"ServiceMo":{"OrgHealthCareID":"45500000000000909","ServiceID":296,"NameRU":"Определение креатинина в сыворотке крови на анализаторе","NameKZ":"Қан сарысуындағы  креатининді талдауышта анықтау ","Name":"Определение креатинина в сыворотке крови на анализаторе","ShortNameRU":"Определение креатинина в сыворотке крови на анализаторе","ShortNameKZ":"Қан сарысуындағы  креатининді талдауышта анықтау ","ShortName":"Определение креатинина в сыворотке крови на анализаторе","FullName":"B03.363.002 - Определение креатинина в сыворотке крови на анализаторе","Code":"B03.363.002","ExternalCode":null,"ServiceClassID":5,"ServiceClass":{"ServiceTypeID":2,"OrderBy":5,"MasterDataID":5,"NameRU":"Клиническая химия (биохимия)","NameKZ":"Клиникалық химия (биохимия)","Name":"Клиническая химия (биохимия)","PublicCode":"500","EndDate":null,"ID":"5","StrID":"5"},"Service":{"NameRU":"Определение креатинина в сыворотке крови на анализаторе","NameKZ":"Қан сарысуындағы креатининді талдауышта анықтау","Name":"Определение креатинина в сыворотке крови на анализаторе","ShortNameRU":"Креатинин на анализаторе","ShortNameKZ":"Креатинин на анализаторе","ShortName":"Креатинин на анализаторе","FullName":"B03.363.002 - Определение креатинина в сыворотке крови на анализаторе","Code":"B03.363.002","ServiceClassID":5,"ServiceClass":null,"ServiceSubClassID":6,"ServiceSubClass":null,"MaterialTypeID":202,"MaterialType":null,"MasterDataID":3137,"ID":"296","StrID":"296"},"MasterDataID":8269505,"ServiceSubClassID":6,"PayType":1,"ServiceSubClass":null,"ID":"2164651","StrID":"2164651"},"FullName":"B03.363.002 - Определение креатинина в сыворотке крови на анализаторе  () ","IsMain":true,"SourceID":"144933824_33965342","WorkPlaceID":20747,"WorkPlace":null,"DriverManager":null,"ParameterID":null,"Parameter":null,"AdditionalInfo":null,"Status":1,"PerformetServiceCount":7,"ResearchResultCount":0,"ApproveResearchResultCount":0,"NotSaveResearchResultCount":0,"ParentID":null,"ScreeningCandidatePlanGuid":null,"ScreeningUrl":null,"TakePlace":null,"MaterialTypeID":null,"MaterialType":null,"PartCount":0,"IsOrderProductionControl":false,"Uid":"b3ade66b-466d-461d-af01-3fa6951d4b8a","OrderPerformerServices":[],"OrderResearchAllergens":[],"Results":[],"IsResumed":false,"ExecutionType":0,"ID":"67071507","StrID":"67071507"},"ParameterID":200744,"Parameter":{"ShortNameRU":"креатинин в крови","ShortNameKZ":"қандағы креатинин","ShortName":"креатинин в крови","DataType":0,"DataTypeName":"Число","UnitTypeID":100041,"UnitType":null,"MedicalFormID":null,"MasterDataID":0,"MedicalForm":null,"NameWithDataType":"креатинин в крови  (Число)","NameRU":"креатинин в крови","NameKZ":"қандағы креатинин","Name":"креатинин в крови","PublicCode":"20074400","EndDate":null,"ID":"200744","StrID":"200744"},"ParameterValues":null,"ParameterValueID":null,"ParameterValue":null,"ResultText":"102.09","ResultValue":"102.09","ResultDate":"2026-08-31T10:24:38.825391+05:00","PostID":"189416","Post":null,"ExecuteMethod":2,"SourceResultText":"102.09","SourceResultValue":"102.09","SourceResultExpression":null,"SourceUnitTypeID":100041,"SourceUnitType":{"OrderBy":42,"MasterDataID":null,"CDD_ID":null,"NameRU":"мкмоль/л","NameKZ":"мкмоль/л","Name":"мкмоль/л","PublicCode":"10004100","EndDate":null,"ID":"100041","StrID":"100041"},"MultiplierID":null,"IsApproved":false,"IsValidated":false,"StandardMatchType":0,"ApproveDate":null,"ApprovePostID":null,"ApprovePost":null,"OrderNum":1,"WorkPlaceID":20747,"OrderID":null,"BacteriologyResult":null,"AnalyzerId":38,"IsOrderProductionControl":false,"ID":"207165169","StrID":"207165169"}
31.08.2026 10:24:37	Debug:	 SendResults SaveDeviceResults = 331 ms
31.08.2026 10:24:37	Debug:	 total for SendResults = 701 ms
31.08.2026 10:25:26	Information:	url https://lab-vko.dmed.kz/ /api/DriverManager/PingDevice
31.08.2026 10:25:26	Information:	{
"Hash": "w9LjvpRCyoByGV3Lzv0iX9dSI0tLK0uV+pRojL1kufc=",
"Status": 0
}


31.08.2026 10:25:26	Information:	Ping ret is {"Status":0,"Comment":null}
31.08.2026 10:26:34	Information:	Received bytes(encoded):MSH|^~\&|||||20260831102536||ORU^R01|17|P|2.3.1||||0||ASCII|||PID|17|||||||O|||||||||||||||||||||||OBR|17|51566489|8|^|N|20260831092007|20260831091835|20260831091835||1^8||||20260831091835|?????|||||||||||||||||||||||||||||||||OBX|1|NM|T-Bil-V|Bilirubin Total (VOX Method)|8.740457|?mol/L|-|N|||F||8.740457|20260831102453|||0||OBX|2|NM|D-Bil-V|Bilirubin Direct (VOX Method)|2.808107|?mol/L|-|N|||F||2.808107|20260831102508|||0||OBX|3|NM|ALT|Alanine Aminotransferase|7.221472|U/L|-|N|||F||7.221472|20260831102321|||0||OBX|4|NM|AST|Aspartate Aminotransferase|17.737515|U/L|-|N|||F||17.737515|20260831102336|||0||OBX|5|NM|CRP|C-Reactive Protein|0.000000|mg/L|-|N|||F||0.000000|20260831102536|||0|LOW,<|OBX|6|NM|TP|Total Protein|73.834858|g/L|-|N|||F||73.834858|20260831102508|||0||OBX|7|NM|CREA-S|Creatinine (Sarcosine Oxidase Method)|41.823816|?mol/L|-|N|||F||41.823816|20260831102506|||0||OBX|8|NM|UREA|Urea|3.034838|mmol/L|-|N|||F||3.034838|20260831102352|||0||OBX|9|NM|FER|Ferritin|12.534189|ng/mL|-|N|||F||12.5
31.08.2026 10:26:34	Information:	Add Frame:
31.08.2026 10:26:34	Information:	MSH|^~\&|||||20260831102536||ORU^R01|17|P|2.3.1||||0||ASCII|||
31.08.2026 10:26:34	Information:	In Header
31.08.2026 10:26:34	Information:	MessageType: ORU
31.08.2026 10:26:34	Information:	After message type
31.08.2026 10:26:34	Information:	After ask
31.08.2026 10:26:34	Information:	After version
31.08.2026 10:26:34	Information:	Add Frame:
31.08.2026 10:26:34	Information:	PID|17|||||||O|||||||||||||||||||||||
31.08.2026 10:26:34	Information:	Add Frame:
31.08.2026 10:26:34	Information:	OBR|17|51566489|8|^|N|20260831092007|20260831091835|20260831091835||1^8||||20260831091835|?????|||||||||||||||||||||||||||||||||
31.08.2026 10:26:34	Information:	Add Frame:
31.08.2026 10:26:34	Information:	OBX|1|NM|T-Bil-V|Bilirubin Total (VOX Method)|8.740457|?mol/L|-|N|||F||8.740457|20260831102453|||0||
31.08.2026 10:26:34	Information:	Add Frame:
31.08.2026 10:26:34	Information:	OBX|2|NM|D-Bil-V|Bilirubin Direct (VOX Method)|2.808107|?mol/L|-|N|||F||2.808107|20260831102508|||0||
31.08.2026 10:26:34	Information:	Add Frame:
31.08.2026 10:26:34	Information:	OBX|3|NM|ALT|Alanine Aminotransferase|7.221472|U/L|-|N|||F||7.221472|20260831102321|||0||
31.08.2026 10:26:34	Information:	Add Frame:
31.08.2026 10:26:34	Information:	OBX|4|NM|AST|Aspartate Aminotransferase|17.737515|U/L|-|N|||F||17.737515|20260831102336|||0||
31.08.2026 10:26:34	Information:	Add Frame:
31.08.2026 10:26:34	Information:	OBX|5|NM|CRP|C-Reactive Protein|0.000000|mg/L|-|N|||F||0.000000|20260831102536|||0|LOW,<|
31.08.2026 10:26:34	Information:	Add Frame:
31.08.2026 10:26:34	Information:	OBX|6|NM|TP|Total Protein|73.834858|g/L|-|N|||F||73.834858|20260831102508|||0||
31.08.2026 10:26:34	Information:	Add Frame:
31.08.2026 10:26:34	Information:	OBX|7|NM|CREA-S|Creatinine (Sarcosine Oxidase Method)|41.823816|?mol/L|-|N|||F||41.823816|20260831102506|||0||
31.08.2026 10:26:34	Information:	Add Frame:
31.08.2026 10:26:34	Information:	OBX|8|NM|UREA|Urea|3.034838|mmol/L|-|N|||F||3.034838|20260831102352|||0||
31.08.2026 10:26:34	Information:	Received bytes(encoded):34189|20260831102451|||0||OBX|10|NM||AST/ALT|2.458333||-|N|||F||2.458333||||||
31.08.2026 10:26:34	Information:	Add Frame:
31.08.2026 10:26:34	Information:	OBX|9|NM|FER|Ferritin|12.534189|ng/mL|-|N|||F||12.534189|20260831102451|||0||
31.08.2026 10:26:34	Information:	Add Frame:
31.08.2026 10:26:34	Information:	OBX|10|NM||AST/ALT|2.458333||-|N|||F||2.458333||||||
31.08.2026 10:26:34	Information:	Add Frame:
31.08.2026 10:26:34	Information:	
31.08.2026 10:26:34	Debug:	read message: 2ms
31.08.2026 10:26:34	Information:	The answer message is created successfully
31.08.2026 10:26:34	Information:	Sending answer...
31.08.2026 10:26:34	Information:	We are in ORU Message
31.08.2026 10:26:34	Information:	MSH MSH|^~\&|||||20260831102536||ORU^R01|17|P|2.3.1||||0||ASCII||||
31.08.2026 10:26:34	Information:	PID PID|17|||||||O||||||||||||||||||||||||
31.08.2026 10:26:34	Information:	PatientRecord in message is successfully  processed
31.08.2026 10:26:34	Information:	The patient order is successfully processed
31.08.2026 10:26:34	Information:	The order record is successfully processed
31.08.2026 10:26:34	Information:	The order record is successfully processed
31.08.2026 10:26:34	Information:	The order record is successfully processed
31.08.2026 10:26:34	Information:	The order record is successfully processed
31.08.2026 10:26:34	Information:	The order record is successfully processed
31.08.2026 10:26:34	Information:	The order record is successfully processed
31.08.2026 10:26:34	Information:	The order record is successfully processed
31.08.2026 10:26:34	Information:	The order record is successfully processed
31.08.2026 10:26:34	Information:	The order record is successfully processed
31.08.2026 10:26:34	Information:	The order record is successfully processed
31.08.2026 10:26:34	Information:	The ORU message is successfully processed
31.08.2026 10:26:34	Debug:	Process message: 6ms
31.08.2026 10:26:34	Debug:	Total time : 10ms
31.08.2026 10:26:35	Information:	Sended bytes:  11 77 83 72 124 94 126 92 38 124 77 105 110 100 114 97 121 124 124 124 124 50 48 50 54 48 56 51 49 49 48 50 54 51 52 124 124 65 67 75 94 82 48 49 124 49 55 124 80 124 50 46 51 46 49 124 124 124 124 48 124 124 117 115 45 97 115 99 105 105 124 124 124 13 77 83 65 124 65 65 124 49 55 124 77 101 115 115 97 103 101 32 97 99 99 101 112 116 101 100 124 124 124 48 124 13 28 13
31.08.2026 10:26:35	Information:	Sended string MSH|^~\&|Mindray||||20260831102634||ACK^R01|17|P|2.3.1||||0||us-ascii|||MSA|AA|17|Message accepted|||0|
31.08.2026 10:26:35	Debug:	SendResults:	check DriverRequests=	0	ms
31.08.2026 10:26:35	Information:	ByBarcode 51566489
31.08.2026 10:26:35	Information:	GetLinesByBarcodes
31.08.2026 10:26:35	Information:	{
"WorkPlaceID": 20747,
"BeginDate": "2026-06-01",
"EndDate": "2026-09-01",
"OrderNumber": "51566489",
"Offset": 0,
"Limit": 1
}


31.08.2026 10:26:35	Information:	GetByBarcodeReturn: 
31.08.2026 10:26:35	Information:	{"Data":[{"ID":31122169,"StrID":"31122169","OrderNumber":"51566489","OrderRegDate":"2026-08-31T01:48:02.187","PlanExecutionDate":"2026-08-31T01:47:00","SenderMoID":45500000000000909,"SenderMo":{"NameRU":"Некоммерческое акционерное общество \"Медицинский университет Семей\"","NameKZ":"\"Семей медицина университеті\" коммерциялық емес акционерлік қоғамы","Name":"Некоммерческое акционерное общество \"Медицинский университет Семей\"","ShortNameRU":"НАО \"МУС\"","ShortNameKZ":"\"СМУ\" КеАҚ","ShortName":"НАО \"МУС\"","PublicCode":"237J","AddressRU":"ВКО, г. Семей, ул. Абая Кунанбаева 103","AddressKZ":"ВКО, г. Семей, ул. Абая Кунанбаева 103","Address":"ВКО, г. Семей, ул. Абая Кунанбаева 103","OriginalID":"45500000000000909","IsWork":true,"RegionID":20,"BIN":"190240004938","MasterDataID":4911,"PhonesData":{"OrgHealthCarePhones":[]},"IsPostmortem":false,"IsHospital":true,"Code":null,"ID":"45500000000000909","StrID":"45500000000000909"},"ReceiverMoID":45500000000000909,"ReceiverMo":null,"PatientDetailID":41030962,"PatientDetail":{"PersonID":"1109026","Person":{"IIN":"141006502409","LastName":"ТАЛҒАТ","FirstName":"НҰРИСЛАМ","SecondName":"МЕЙРАМБЕКҰЛЫ","FullName":"ТАЛҒАТ НҰРИСЛАМ МЕЙРАМБЕКҰЛЫ","FullNameIOF":"НҰРИСЛАМ МЕЙРАМБЕКҰЛЫ ТАЛҒАТ","DisplayText":"141006502409 НҰРИСЛАМ МЕЙРАМБЕКҰЛЫ ТАЛҒАТ 06.10.2014","IinFullName":"141006502409 - ТАЛҒАТ НҰРИСЛАМ МЕЙРАМБЕКҰЛЫ","BirthDate":"2014-10-06T00:00:00","BirthDateStr":"06.10.2014","DeathDate":null,"DeathDateStr":"","BioSexID":3,"BioSex":null,"NationalityID":null,"Nationality":null,"CitizenshipID":85,"Citizenship":null,"MasterDataID":17929970,"RpnID":"15300000032543837","KmisID":"45500000009321305","Type":1,"Age":0,"IsStillborn":false,"IsEarlyNeonatalDeathUp28days":false,"IsDeadPerson":false,"ID":"1109026","StrID":"1109026"},"AddressRU":"РЕСПУБЛИКА: Казахстан , ОБЛАСТЬ: Восточно-казахстанская , ГОРОД ОБЛ.ЗНАЧ.: Семей , УЛИЦА: ЛУКПАНА УТЕПБАЕВА, ДОМ: 50 В, КВАРТИРА: 21","AddressKZ":": Қазақстан , : Шығыс Қазақстан , : Семей Қ. , ЛҰҚПАН ҮТЕПБАЕВ көшесі, ҮЙ: 50 В, ПӘТЕР: 21","Address":"РЕСПУБЛИКА: Казахстан , ОБЛАСТЬ: Восточно-казахстанская , ГОРОД ОБЛ.ЗНАЧ.: Семей , УЛИЦА: ЛУКПАНА УТЕПБАЕВА, ДОМ: 50 В, КВАРТИРА: 21","MasterDataAddressID":2680955,"WorkPlace":"Школа ОСШВИ КГУ «Многопрофильная гимназия № 5 им.Шакарима», Класс 5","WorkPosition":null,"DocumentNumber":null,"DocumentTypeID":null,"DocumentType":null,"NationalityID":null,"DocumentTypeName":null,"Phones":"+7 (707) 736-82-23","ExternalCardID":"5969564","CardType":1,"CardNumber":"66902","CitizenshipCategoryID":1,"CitizenshipCategory":null,"ResidenceTypeID":3,"ResidenceType":null,"MotherPersonID":null,"MotherPerson":null,"IsForeigner":false,"IsHomeless":false,"IsDeadPerson":false,"IsResident":true,"ID":"41030962","StrID":"41030962"},"Person":{"IIN":"141006502409","LastName":"ТАЛҒАТ","FirstName":"НҰРИСЛАМ","SecondName":"МЕЙРАМБЕКҰЛЫ","FullName":"ТАЛҒАТ НҰРИСЛАМ МЕЙРАМБЕКҰЛЫ","FullNameIOF":"НҰРИСЛАМ МЕЙРАМБЕКҰЛЫ ТАЛҒАТ","DisplayText":"141006502409 НҰРИСЛАМ МЕЙРАМБЕКҰЛЫ ТАЛҒАТ 06.10.2014","IinFullName":"141006502409 - ТАЛҒАТ НҰРИСЛАМ МЕЙРАМБЕКҰЛЫ","BirthDate":"2014-10-06T00:00:00","BirthDateStr":"06.10.2014","DeathDate":null,"DeathDateStr":"","BioSexID":3,"BioSex":null,"NationalityID":null,"Nationality":null,"CitizenshipID":85,"Citizenship":null,"MasterDataID":17929970,"RpnID":"15300000032543837","KmisID":"45500000009321305","Type":1,"Age":0,"IsStillborn":false,"IsEarlyNeonatalDeathUp28days":false,"IsDeadPerson":false,"ID":"1109026","StrID":"1109026"},"IsCito":false,"ExternalSystem":1,"OrderResultFileID":null,"OrderResultFileStorageID":null,"OrderResultDate":null,"Status":1,"DeleteDate":null,"ResultNotes":null,"Comment":"","ExternalOrderNumber":"51566489","ExaminationTypeID":null,"ExaminationType":null,"ExaminationIndicationID":null,"ExaminationIndication":null,"Uid":"F70AAACD-FFD9-4069-B853-F26B6EF8A3E7","SenderPostFullName":"РАХМЕТОВА АСИЯ СЕРІКҚАЖЫҚЫЗЫ","SenderFuncStructureNameRU":"Отделение педиатрии","SenderFuncStructureNameKZ":"Педиатр бөлімі","IsSamplingOfMaterialsAtReceiver":false,"MisID":42123523,"Materials":[{"OrderID":31122169,"Uid":"2b1fb72e-d607-4e12-b593-b5eaa82bc0a6","MaterialNumber":"51566489","MaterialTypeID":363,"MaterialType":{"OrderBy":0,"ParentID":202,"HasChildren":false,"MasterDataID":489,"Parent":null,"NameRU":"Кровь венозная","NameKZ":"Кровь венозная","Name":"Кровь венозная","PublicCode":"36300","EndDate":null,"ID":"363","StrID":"363"},"TakeDate":"2026-08-31T01:47:00","TakeDateStr":"31.08.2026 01:47","TakePlace":"педиатрия","RejectionReason":null,"RejectionTakenMeasures":null,"ReceiptDate":null,"ReceiptDateStr":null,"RejectionCreatePostID":null,"RejectionCreatePost":null,"SampleCollectorPostIIN":"671213400451","SampleCollectorPostID":null,"Researches":[],"RejectedMaterialImageID":null,"File":null,"ID":"31408770","StrID":"31408770"}],"Researches":[]}],"Total":1}
31.08.2026 10:26:35	Information:	OrderedWW 51566489 Biomat 0 Device 20747
31.08.2026 10:26:35	Information:	ResearchResult
31.08.2026 10:26:35	Information:	{
"OrderID": "31122169",
"WorkPlaceID": 20747
}


31.08.2026 10:26:35	Information:	[{"OrderResearchID":67071508,"OrderResearch":null,"ParameterID":200918,"Parameter":{"ShortNameRU":"общий белок в сыворотке крови","ShortNameKZ":"қан сарысуындағы жалпы ақуыз","ShortName":"общий белок в сыворотке крови","DataType":0,"DataTypeName":"Число","UnitTypeID":100012,"UnitType":{"OrderBy":13,"MasterDataID":null,"CDD_ID":null,"NameRU":"г/л","NameKZ":"г/л","Name":"г/л","PublicCode":"10001200","EndDate":null,"ID":"100012","StrID":"100012"},"MedicalFormID":null,"MasterDataID":0,"MedicalForm":null,"NameWithDataType":"общий белок в сыворотке крови  (Число)","NameRU":"общий белок в сыворотке крови","NameKZ":"қан сарысуындағы жалпы ақуыз","Name":"общий белок в сыворотке крови","PublicCode":"20091800","EndDate":null,"ID":"200918","StrID":"200918"},"ParameterValues":null,"ParameterValueID":null,"ParameterValue":null,"ResultText":null,"ResultValue":null,"ResultDate":"2026-08-31T10:26:36.589699+05:00","PostID":"0","Post":null,"ExecuteMethod":2,"SourceResultText":null,"SourceResultValue":null,"SourceResultExpression":null,"SourceUnitTypeID":100012,"SourceUnitType":{"OrderBy":13,"MasterDataID":null,"CDD_ID":null,"NameRU":"г/л","NameKZ":"г/л","Name":"г/л","PublicCode":"10001200","EndDate":null,"ID":"100012","StrID":"100012"},"MultiplierID":null,"IsApproved":false,"IsValidated":false,"StandardMatchType":0,"ApproveDate":null,"ApprovePostID":null,"ApprovePost":null,"OrderNum":1,"WorkPlaceID":20747,"OrderID":null,"BacteriologyResult":null,"AnalyzerId":null,"IsOrderProductionControl":false,"ID":"0","StrID":"0"},{"OrderResearchID":67071510,"OrderResearch":null,"ParameterID":200357,"Parameter":{"ShortNameRU":"АЛаТ","ShortNameKZ":"АЛаТ","ShortName":"АЛаТ","DataType":0,"DataTypeName":"Число","UnitTypeID":100030,"UnitType":{"OrderBy":31,"MasterDataID":null,"CDD_ID":null,"NameRU":"МЕ/л","NameKZ":"ХБ/л","Name":"МЕ/л","PublicCode":"10003000","EndDate":null,"ID":"100030","StrID":"100030"},"MedicalFormID":null,"MasterDataID":0,"MedicalForm":null,"NameWithDataType":"АЛаТ  (Число)","NameRU":"АЛаТ","NameKZ":"АЛаТ","Name":"АЛаТ","PublicCode":"20035700","EndDate":null,"ID":"200357","StrID":"200357"},"ParameterValues":null,"ParameterValueID":null,"ParameterValue":null,"ResultText":null,"ResultValue":null,"ResultDate":"2026-08-31T10:26:36.589699+05:00","PostID":"0","Post":null,"ExecuteMethod":2,"SourceResultText":null,"SourceResultValue":null,"SourceResultExpression":null,"SourceUnitTypeID":100030,"SourceUnitType":{"OrderBy":31,"MasterDataID":null,"CDD_ID":null,"NameRU":"МЕ/л","NameKZ":"ХБ/л","Name":"МЕ/л","PublicCode":"10003000","EndDate":null,"ID":"100030","StrID":"100030"},"MultiplierID":null,"IsApproved":false,"IsValidated":false,"StandardMatchType":0,"ApproveDate":null,"ApprovePostID":null,"ApprovePost":null,"OrderNum":1,"WorkPlaceID":20747,"OrderID":null,"BacteriologyResult":null,"AnalyzerId":null,"IsOrderProductionControl":false,"ID":"0","StrID":"0"},{"OrderResearchID":67071512,"OrderResearch":null,"ParameterID":201032,"Parameter":{"ShortNameRU":"прямой билирубин в сыворотке крови","ShortNameKZ":"қан сарысуындағы тікелей билирубин","ShortName":"прямой билирубин в сыворотке крови","DataType":0,"DataTypeName":"Число","UnitTypeID":100041,"UnitType":{"OrderBy":42,"MasterDataID":null,"CDD_ID":null,"NameRU":"мкмоль/л","NameKZ":"мкмоль/л","Name":"мкмоль/л","PublicCode":"10004100","EndDate":null,"ID":"100041","StrID":"100041"},"MedicalFormID":null,"MasterDataID":0,"MedicalForm":null,"NameWithDataType":"прямой билирубин в сыворотке крови  (Число)","NameRU":"прямой билирубин в сыворотке крови","NameKZ":"қан сарысуындағы тікелей билирубин","Name":"прямой билирубин в сыворотке крови","PublicCode":"20103200","EndDate":null,"ID":"201032","StrID":"201032"},"ParameterValues":null,"ParameterValueID":null,"ParameterValue":null,"ResultText":null,"ResultValue":null,"ResultDate":"2026-08-31T10:26:36.589699+05:00","PostID":"0","Post":null,"ExecuteMethod":2,"SourceResultText":null,"SourceResultValue":null,"SourceResultExpression":null,"SourceUnitTypeID":100041,"SourceUnitType":{"OrderBy":42,"MasterDataID":null,"CDD_ID":null,"NameRU":"мкмоль/л","NameKZ":"мкмоль/л","Name":"мкмоль/л","PublicCode":"10004100","EndDate":null,"ID":"100041","StrID":"100041"},"MultiplierID":null,"IsApproved":false,"IsValidated":false,"StandardMatchType":0,"ApproveDate":null,"ApprovePostID":null,"ApprovePost":null,"OrderNum":1,"WorkPlaceID":20747,"OrderID":null,"BacteriologyResult":null,"AnalyzerId":null,"IsOrderProductionControl":false,"ID":"0","StrID":"0"},{"OrderResearchID":67071511,"OrderResearch":null,"ParameterID":200919,"Parameter":{"ShortNameRU":"общий билирубин в сыворотке крови","ShortNameKZ":"қан сарысуындағы жалпы билирубин","ShortName":"общий билирубин в сыворотке крови","DataType":0,"DataTypeName":"Число","UnitTypeID":100041,"UnitType":{"OrderBy":42,"MasterDataID":null,"CDD_ID":null,"NameRU":"мкмоль/л","NameKZ":"мкмоль/л","Name":"мкмоль/л","PublicCode":"10004100","EndDate":null,"ID":"100041","StrID":"100041"},"MedicalFormID":null,"MasterDataID":0,"MedicalForm":null,"NameWithDataType":"общий билирубин в сыворотке крови  (Число)","NameRU":"общий билирубин в сыворотке крови","NameKZ":"қан сарысуындағы жалпы билирубин","Name":"общий билирубин в сыворотке крови","PublicCode":"20091900","EndDate":null,"ID":"200919","StrID":"200919"},"ParameterValues":null,"ParameterValueID":null,"ParameterValue":null,"ResultText":null,"ResultValue":null,"ResultDate":"2026-08-31T10:26:36.589699+05:00","PostID":"0","Post":null,"ExecuteMethod":2,"SourceResultText":null,"SourceResultValue":null,"SourceResultExpression":null,"SourceUnitTypeID":100041,"SourceUnitType":{"OrderBy":42,"MasterDataID":null,"CDD_ID":null,"NameRU":"мкмоль/л","NameKZ":"мкмоль/л","Name":"мкмоль/л","PublicCode":"10004100","EndDate":null,"ID":"100041","StrID":"100041"},"MultiplierID":null,"IsApproved":false,"IsValidated":false,"StandardMatchType":0,"ApproveDate":null,"ApprovePostID":null,"ApprovePost":null,"OrderNum":1,"WorkPlaceID":20747,"OrderID":null,"BacteriologyResult":null,"AnalyzerId":null,"IsOrderProductionControl":false,"ID":"0","StrID":"0"},{"OrderResearchID":67071513,"OrderResearch":null,"ParameterID":200408,"Parameter":{"ShortNameRU":"АСаТ","ShortNameKZ":"АСаТ","ShortName":"АСаТ","DataType":0,"DataTypeName":"Число","UnitTypeID":100030,"UnitType":{"OrderBy":31,"MasterDataID":null,"CDD_ID":null,"NameRU":"МЕ/л","NameKZ":"ХБ/л","Name":"МЕ/л","PublicCode":"10003000","EndDate":null,"ID":"100030","StrID":"100030"},"MedicalFormID":null,"MasterDataID":0,"MedicalForm":null,"NameWithDataType":"АСаТ  (Число)","NameRU":"АСаТ","NameKZ":"АСаТ","Name":"АСаТ","PublicCode":"20040800","EndDate":null,"ID":"200408","StrID":"200408"},"ParameterValues":null,"ParameterValueID":null,"ParameterValue":null,"ResultText":null,"ResultValue":null,"ResultDate":"2026-08-31T10:26:36.6061387+05:00","PostID":"0","Post":null,"ExecuteMethod":2,"SourceResultText":null,"SourceResultValue":null,"SourceResultExpression":null,"SourceUnitTypeID":100030,"SourceUnitType":{"OrderBy":31,"MasterDataID":null,"CDD_ID":null,"NameRU":"МЕ/л","NameKZ":"ХБ/л","Name":"МЕ/л","PublicCode":"10003000","EndDate":null,"ID":"100030","StrID":"100030"},"MultiplierID":null,"IsApproved":false,"IsValidated":false,"StandardMatchType":0,"ApproveDate":null,"ApprovePostID":null,"ApprovePost":null,"OrderNum":1,"WorkPlaceID":20747,"OrderID":null,"BacteriologyResult":null,"AnalyzerId":null,"IsOrderProductionControl":false,"ID":"0","StrID":"0"},{"OrderResearchID":67071514,"OrderResearch":null,"ParameterID":201234,"Parameter":{"ShortNameRU":"ферритин в сыворотке крови","ShortNameKZ":"қан сарысуындағы ферритин","ShortName":"ферритин в сыворотке крови","DataType":0,"DataTypeName":"Число","UnitTypeID":100035,"UnitType":{"OrderBy":36,"MasterDataID":null,"CDD_ID":null,"NameRU":"мкг/л","NameKZ":"мкг/л","Name":"мкг/л","PublicCode":"10003500","EndDate":null,"ID":"100035","StrID":"100035"},"MedicalFormID":null,"MasterDataID":0,"MedicalForm":null,"NameWithDataType":"ферритин в сыворотке крови  (Число)","NameRU":"ферритин в сыворотке крови","NameKZ":"қан сарысуындағы ферритин","Name":"ферритин в сыворотке крови","PublicCode":"20123400","EndDate":null,"ID":"201234","StrID":"201234"},"ParameterValues":null,"ParameterValueID":null,"ParameterValue":null,"ResultText":null,"ResultValue":null,"ResultDate":"2026-08-31T10:26:36.6061387+05:00","PostID":"0","Post":null,"ExecuteMethod":1,"SourceResultText":null,"SourceResultValue":null,"SourceResultExpression":null,"SourceUnitTypeID":100035,"SourceUnitType":{"OrderBy":36,"MasterDataID":null,"CDD_ID":null,"NameRU":"мкг/л","NameKZ":"мкг/л","Name":"мкг/л","PublicCode":"10003500","EndDate":null,"ID":"100035","StrID":"100035"},"MultiplierID":null,"IsApproved":false,"IsValidated":false,"StandardMatchType":0,"ApproveDate":null,"ApprovePostID":null,"ApprovePost":null,"OrderNum":1,"WorkPlaceID":20747,"OrderID":null,"BacteriologyResult":null,"AnalyzerId":null,"IsOrderProductionControl":false,"ID":"0","StrID":"0"},{"OrderResearchID":67071515,"OrderResearch":null,"ParameterID":200852,"Parameter":{"ShortNameRU":"мочевина в сыворотке крови","ShortNameKZ":"қан сарысуындағы несепнәр","ShortName":"мочевина в сыворотке крови","DataType":0,"DataTypeName":"Число","UnitTypeID":100051,"UnitType":{"OrderBy":52,"MasterDataID":null,"CDD_ID":null,"NameRU":"ммоль/л","NameKZ":"ммоль/л","Name":"ммоль/л","PublicCode":"10005100","EndDate":null,"ID":"100051","StrID":"100051"},"MedicalFormID":null,"MasterDataID":0,"MedicalForm":null,"NameWithDataType":"мочевина в сыворотке крови  (Число)","NameRU":"мочевина в сыворотке крови","NameKZ":"қан сарысуындағы несепнәр","Name":"мочевина в сыворотке крови","PublicCode":"20085200","EndDate":null,"ID":"200852","StrID":"200852"},"ParameterValues":null,"ParameterValueID":null,"ParameterValue":null,"ResultText":null,"ResultValue":null,"ResultDate":"2026-08-31T10:26:36.6061387+05:00","PostID":"0","Post":null,"ExecuteMethod":2,"SourceResultText":null,"SourceResultValue":null,"SourceResultExpression":null,"SourceUnitTypeID":100051,"SourceUnitType":{"OrderBy":52,"MasterDataID":null,"CDD_ID":null,"NameRU":"ммоль/л","NameKZ":"ммоль/л","Name":"ммоль/л","PublicCode":"10005100","EndDate":null,"ID":"100051","StrID":"100051"},"MultiplierID":null,"IsApproved":false,"IsValidated":false,"StandardMatchType":0,"ApproveDate":null,"ApprovePostID":null,"ApprovePost":null,"OrderNum":1,"WorkPlaceID":20747,"OrderID":null,"BacteriologyResult":null,"AnalyzerId":null,"IsOrderProductionControl":false,"ID":"0","StrID":"0"},{"OrderResearchID":67071509,"OrderResearch":null,"ParameterID":200744,"Parameter":{"ShortNameRU":"креатинин в крови","ShortNameKZ":"қандағы креатинин","ShortName":"креатинин в крови","DataType":0,"DataTypeName":"Число","UnitTypeID":100041,"UnitType":{"OrderBy":42,"MasterDataID":null,"CDD_ID":null,"NameRU":"мкмоль/л","NameKZ":"мкмоль/л","Name":"мкмоль/л","PublicCode":"10004100","EndDate":null,"ID":"100041","StrID":"100041"},"MedicalFormID":null,"MasterDataID":0,"MedicalForm":null,"NameWithDataType":"креатинин в крови  (Число)","NameRU":"креатинин в крови","NameKZ":"қандағы креатинин","Name":"креатинин в крови","PublicCode":"20074400","EndDate":null,"ID":"200744","StrID":"200744"},"ParameterValues":null,"ParameterValueID":null,"ParameterValue":null,"ResultText":null,"ResultValue":null,"ResultDate":"2026-08-31T10:26:36.6061387+05:00","PostID":"0","Post":null,"ExecuteMethod":2,"SourceResultText":null,"SourceResultValue":null,"SourceResultExpression":null,"SourceUnitTypeID":100041,"SourceUnitType":{"OrderBy":42,"MasterDataID":null,"CDD_ID":null,"NameRU":"мкмоль/л","NameKZ":"мкмоль/л","Name":"мкмоль/л","PublicCode":"10004100","EndDate":null,"ID":"100041","StrID":"100041"},"MultiplierID":null,"IsApproved":false,"IsValidated":false,"StandardMatchType":0,"ApproveDate":null,"ApprovePostID":null,"ApprovePost":null,"OrderNum":1,"WorkPlaceID":20747,"OrderID":null,"BacteriologyResult":null,"AnalyzerId":null,"IsOrderProductionControl":false,"ID":"0","StrID":"0"},{"OrderResearchID":67071516,"OrderResearch":null,"ParameterID":201150,"Parameter":{"ShortNameRU":"СРБ","ShortNameKZ":"СРА","ShortName":"СРБ","DataType":0,"DataTypeName":"Число","UnitTypeID":100026,"UnitType":{"OrderBy":27,"MasterDataID":null,"CDD_ID":null,"NameRU":"мг/л","NameKZ":"мг/л","Name":"мг/л","PublicCode":"10002600","EndDate":null,"ID":"100026","StrID":"100026"},"MedicalFormID":null,"MasterDataID":0,"MedicalForm":null,"NameWithDataType":"СРБ  (Число)","NameRU":"СРБ","NameKZ":"СРА","Name":"СРБ","PublicCode":"20115000","EndDate":null,"ID":"201150","StrID":"201150"},"ParameterValues":null,"ParameterValueID":null,"ParameterValue":null,"ResultText":null,"ResultValue":null,"ResultDate":"2026-08-31T10:26:36.6061387+05:00","PostID":"0","Post":null,"ExecuteMethod":2,"SourceResultText":null,"SourceResultValue":null,"SourceResultExpression":null,"SourceUnitTypeID":100026,"SourceUnitType":{"OrderBy":27,"MasterDataID":null,"CDD_ID":null,"NameRU":"мг/л","NameKZ":"мг/л","Name":"мг/л","PublicCode":"10002600","EndDate":null,"ID":"100026","StrID":"100026"},"MultiplierID":null,"IsApproved":false,"IsValidated":false,"StandardMatchType":0,"ApproveDate":null,"ApprovePostID":null,"ApprovePost":null,"OrderNum":1,"WorkPlaceID":20747,"OrderID":null,"BacteriologyResult":null,"AnalyzerId":null,"IsOrderProductionControl":false,"ID":"0","StrID":"0"}]
31.08.2026 10:26:35	Information:	TestsWW spec 200918, spec 200357, spec 201032, spec 200919, spec 200408, spec 201234, spec 200852, spec 200744, spec 201150, 
31.08.2026 10:26:35	Information:	Querry lines count: 1
31.08.2026 10:26:35	Debug:	SendResults:	fix DriverRequests=	164	ms
31.08.2026 10:26:35	Information:	SAMPLE! 51566489 DeviceDriverResult Sample: 51566489 Suggest: . Do Request True
31.08.2026 10:26:35	Information:	Sample request count: 1
31.08.2026 10:26:35	Information:	MU is ?mol/L
31.08.2026 10:26:35	Information:	Driver Collations count 0
31.08.2026 10:26:35	Information:	MU collations count=0
31.08.2026 10:26:35	Information:	MU is ?mol/L
31.08.2026 10:26:35	Information:	Driver Collations count 0
31.08.2026 10:26:35	Information:	MU collations count=0
31.08.2026 10:26:35	Information:	MU is U/L
31.08.2026 10:26:35	Information:	Driver Collations count 0
31.08.2026 10:26:35	Information:	MU collations count=0
31.08.2026 10:26:35	Information:	MU is U/L
31.08.2026 10:26:35	Information:	Driver Collations count 0
31.08.2026 10:26:35	Information:	MU collations count=0
31.08.2026 10:26:35	Information:	MU is mg/L
31.08.2026 10:26:35	Information:	Driver Collations count 0
31.08.2026 10:26:35	Information:	MU collations count=0
31.08.2026 10:26:35	Information:	MU is g/L
31.08.2026 10:26:35	Information:	Driver Collations count 0
31.08.2026 10:26:35	Information:	MU collations count=0
31.08.2026 10:26:35	Information:	MU is ?mol/L
31.08.2026 10:26:35	Information:	Driver Collations count 0
31.08.2026 10:26:35	Information:	MU collations count=0
31.08.2026 10:26:35	Information:	MU is mmol/L
31.08.2026 10:26:35	Information:	Driver Collations count 0
31.08.2026 10:26:35	Information:	MU collations count=0
31.08.2026 10:26:35	Information:	MU is ng/mL
31.08.2026 10:26:35	Information:	Driver Collations count 0
31.08.2026 10:26:35	Information:	MU collations count=0
31.08.2026 10:26:35	Debug:	SendResults:	SetTestsValues first SetTestsValues=	87	ms
31.08.2026 10:26:35	Debug:	SendResults:	Device Total = 255 ms
31.08.2026 10:26:35	Information:	Saving 51566489
31.08.2026 10:26:35	Information:	Start test result saving
31.08.2026 10:26:35	Information:	Result object to save: 
31.08.2026 10:26:35	Information:	{"OrderResearchID":67071508,"OrderResearch":null,"ParameterID":200918,"Parameter":{"ShortNameRU":"общий белок в сыворотке крови","ShortNameKZ":"қан сарысуындағы жалпы ақуыз","ShortName":"общий белок в сыворотке крови","DataType":0,"DataTypeName":"Число","UnitTypeID":100012,"UnitType":{"NameRU":"г/л","NameKZ":"г/л","Name":"г/л","PublicCode":"10001200","OrderBy":13,"ID":100012,"StrID":"100012"},"MedicalFormID":null,"MedicalForm":null,"NameRU":"общий белок в сыворотке крови","NameKZ":"қан сарысуындағы жалпы ақуыз","Name":"общий белок в сыворотке крови","PublicCode":"20091800","OrderBy":null,"ID":200918,"StrID":"200918"},"ParameterValueID":null,"ParameterValue":null,"ResultText":"73.83","ResultValue":null,"ResultDate":"2026-08-31T10:26:36.589699+05:00","PostID":0,"Post":null,"ExecuteMethod":2,"SourceResultText":"73.83","SourceResultValue":null,"SourceResultExpression":null,"SourceUnitTypeID":100012,"SourceUnitType":{"NameRU":"г/л","NameKZ":"г/л","Name":"г/л","PublicCode":"10001200","OrderBy":13,"ID":100012,"StrID":"100012"},"IsApproved":false,"ApproveDate":null,"ApprovePostID":null,"ApprovePost":null,"OrderNum":1,"WorkPlaceID":20747,"DriverManagerID":150,"BacteriologyResult":null,"AnalyzerId":38,"IsOrderProductionControl":false,"ID":0,"StrID":"0"}
31.08.2026 10:26:35	Information:	Save string: 
31.08.2026 10:26:35	Information:	{"OrderResearchID":67071508,"OrderResearch":{"OrderID":31122169,"ServiceMoID":2163201,"ServiceMoMasterDataID":8269447,"ServiceMo":{"OrgHealthCareID":"45500000000000909","ServiceID":236,"NameRU":"Определение общего белка в сыворотке крови на анализаторе","NameKZ":"Қан сарысуындағы жалпы нәруызды талдауышта анықтау ","Name":"Определение общего белка в сыворотке крови на анализаторе","ShortNameRU":"Определение общего белка в сыворотке крови на анализаторе","ShortNameKZ":"Қан сарысуындағы жалпы нәруызды талдауышта анықтау ","ShortName":"Определение общего белка в сыворотке крови на анализаторе","FullName":"B03.397.002 - Определение общего белка в сыворотке крови на анализаторе","Code":"B03.397.002","ExternalCode":null,"ServiceClassID":5,"ServiceClass":{"ServiceTypeID":2,"OrderBy":5,"MasterDataID":5,"NameRU":"Клиническая химия (биохимия)","NameKZ":"Клиникалық химия (биохимия)","Name":"Клиническая химия (биохимия)","PublicCode":"500","EndDate":null,"ID":"5","StrID":"5"},"Service":{"NameRU":"Определение общего белка в сыворотке крови на анализаторе","NameKZ":"Қан сарысуындағы жалпы нәруызды талдауышта анықтау","Name":"Определение общего белка в сыворотке крови на анализаторе","ShortNameRU":"Общий белок на анализаторе","ShortNameKZ":"Общий белок на анализаторе","ShortName":"Общий белок на анализаторе","FullName":"B03.397.002 - Определение общего белка в сыворотке крови на анализаторе","Code":"B03.397.002","ServiceClassID":5,"ServiceClass":null,"ServiceSubClassID":6,"ServiceSubClass":null,"MaterialTypeID":202,"MaterialType":null,"MasterDataID":3079,"ID":"236","StrID":"236"},"MasterDataID":8269447,"ServiceSubClassID":6,"PayType":1,"ServiceSubClass":null,"ID":"2163201","StrID":"2163201"},"FullName":"B03.397.002 - Определение общего белка в сыворотке крови на анализаторе  () ","IsMain":true,"SourceID":"144989838_33984497","WorkPlaceID":20747,"WorkPlace":null,"DriverManager":null,"ParameterID":null,"Parameter":null,"AdditionalInfo":null,"Status":1,"PerformetServiceCount":7,"ResearchResultCount":0,"ApproveResearchResultCount":0,"NotSaveResearchResultCount":0,"ParentID":null,"ScreeningCandidatePlanGuid":null,"ScreeningUrl":null,"TakePlace":null,"MaterialTypeID":null,"MaterialType":null,"PartCount":0,"IsOrderProductionControl":false,"Uid":"4adf0b84-9804-4b52-9048-14a47f6be219","OrderPerformerServices":[],"OrderResearchAllergens":[],"Results":[],"IsResumed":false,"ExecutionType":0,"ID":"67071508","StrID":"67071508"},"ParameterID":200918,"Parameter":{"ShortNameRU":"общий белок в сыворотке крови","ShortNameKZ":"қан сарысуындағы жалпы ақуыз","ShortName":"общий белок в сыворотке крови","DataType":0,"DataTypeName":"Число","UnitTypeID":100012,"UnitType":null,"MedicalFormID":null,"MasterDataID":0,"MedicalForm":null,"NameWithDataType":"общий белок в сыворотке крови  (Число)","NameRU":"общий белок в сыворотке крови","NameKZ":"қан сарысуындағы жалпы ақуыз","Name":"общий белок в сыворотке крови","PublicCode":"20091800","EndDate":null,"ID":"200918","StrID":"200918"},"ParameterValues":null,"ParameterValueID":null,"ParameterValue":null,"ResultText":"73.83","ResultValue":"73.83","ResultDate":"2026-08-31T10:26:36.7621372+05:00","PostID":"189416","Post":null,"ExecuteMethod":2,"SourceResultText":"73.83","SourceResultValue":"73.83","SourceResultExpression":null,"SourceUnitTypeID":100012,"SourceUnitType":{"OrderBy":13,"MasterDataID":null,"CDD_ID":null,"NameRU":"г/л","NameKZ":"г/л","Name":"г/л","PublicCode":"10001200","EndDate":null,"ID":"100012","StrID":"100012"},"MultiplierID":null,"IsApproved":false,"IsValidated":false,"StandardMatchType":0,"ApproveDate":null,"ApprovePostID":null,"ApprovePost":null,"OrderNum":1,"WorkPlaceID":20747,"OrderID":null,"BacteriologyResult":null,"AnalyzerId":38,"IsOrderProductionControl":false,"ID":"207165637","StrID":"207165637"}
31.08.2026 10:26:35	Information:	Result object to save: 
31.08.2026 10:26:35	Information:	{"OrderResearchID":67071510,"OrderResearch":null,"ParameterID":200357,"Parameter":{"ShortNameRU":"АЛаТ","ShortNameKZ":"АЛаТ","ShortName":"АЛаТ","DataType":0,"DataTypeName":"Число","UnitTypeID":100030,"UnitType":{"NameRU":"МЕ/л","NameKZ":"ХБ/л","Name":"МЕ/л","PublicCode":"10003000","OrderBy":31,"ID":100030,"StrID":"100030"},"MedicalFormID":null,"MedicalForm":null,"NameRU":"АЛаТ","NameKZ":"АЛаТ","Name":"АЛаТ","PublicCode":"20035700","OrderBy":null,"ID":200357,"StrID":"200357"},"ParameterValueID":null,"ParameterValue":null,"ResultText":"7.22","ResultValue":null,"ResultDate":"2026-08-31T10:26:36.589699+05:00","PostID":0,"Post":null,"ExecuteMethod":2,"SourceResultText":"7.22","SourceResultValue":null,"SourceResultExpression":null,"SourceUnitTypeID":100030,"SourceUnitType":{"NameRU":"МЕ/л","NameKZ":"ХБ/л","Name":"МЕ/л","PublicCode":"10003000","OrderBy":31,"ID":100030,"StrID":"100030"},"IsApproved":false,"ApproveDate":null,"ApprovePostID":null,"ApprovePost":null,"OrderNum":1,"WorkPlaceID":20747,"DriverManagerID":150,"BacteriologyResult":null,"AnalyzerId":38,"IsOrderProductionControl":false,"ID":0,"StrID":"0"}
31.08.2026 10:26:35	Information:	Save string: 
31.08.2026 10:26:35	Information:	{"OrderResearchID":67071510,"OrderResearch":{"OrderID":31122169,"ServiceMoID":2163576,"ServiceMoMasterDataID":8269462,"ServiceMo":{"OrgHealthCareID":"45500000000000909","ServiceID":253,"NameRU":"Определение аланинаминотрансферазы (АЛаТ) в сыворотке крови на анализаторе","NameKZ":"Қан сарысуындағы аланинаминотрансферазды (АЛаТ) талдауышта анықтау ","Name":"Определение аланинаминотрансферазы (АЛаТ) в сыворотке крови на анализаторе","ShortNameRU":"Определение аланинаминотрансферазы (АЛаТ) в сыворотке крови на анализаторе","ShortNameKZ":"Қан сарысуындағы аланинаминотрансферазды (АЛаТ) талдауышта анықтау ","ShortName":"Определение аланинаминотрансферазы (АЛаТ) в сыворотке крови на анализаторе","FullName":"B03.155.002 - Определение аланинаминотрансферазы (АЛаТ) в сыворотке крови на анализаторе","Code":"B03.155.002","ExternalCode":null,"ServiceClassID":5,"ServiceClass":{"ServiceTypeID":2,"OrderBy":5,"MasterDataID":5,"NameRU":"Клиническая химия (биохимия)","NameKZ":"Клиникалық химия (биохимия)","Name":"Клиническая химия (биохимия)","PublicCode":"500","EndDate":null,"ID":"5","StrID":"5"},"Service":{"NameRU":"Определение аланинаминотрансферазы (АЛаТ) в сыворотке крови на анализаторе","NameKZ":"Қан сарысуындағы аланинаминотрансферазды (АЛаТ) талдауышта анықтау","Name":"Определение аланинаминотрансферазы (АЛаТ) в сыворотке крови на анализаторе","ShortNameRU":"АЛаТ на анализаторе","ShortNameKZ":"АЛаТ на анализаторе","ShortName":"АЛаТ на анализаторе","FullName":"B03.155.002 - Определение аланинаминотрансферазы (АЛаТ) в сыворотке крови на анализаторе","Code":"B03.155.002","ServiceClassID":5,"ServiceClass":null,"ServiceSubClassID":6,"ServiceSubClass":null,"MaterialTypeID":202,"MaterialType":null,"MasterDataID":3094,"ID":"253","StrID":"253"},"MasterDataID":8269462,"ServiceSubClassID":6,"PayType":1,"ServiceSubClass":null,"ID":"2163576","StrID":"2163576"},"FullName":"B03.155.002 - Определение аланинаминотрансферазы (АЛаТ) в сыворотке крови на анализаторе  () ","IsMain":true,"SourceID":"144989838_33984500","WorkPlaceID":20747,"WorkPlace":null,"DriverManager":null,"ParameterID":null,"Parameter":null,"AdditionalInfo":null,"Status":1,"PerformetServiceCount":9,"ResearchResultCount":0,"ApproveResearchResultCount":0,"NotSaveResearchResultCount":0,"ParentID":null,"ScreeningCandidatePlanGuid":null,"ScreeningUrl":null,"TakePlace":null,"MaterialTypeID":null,"MaterialType":null,"PartCount":0,"IsOrderProductionControl":false,"Uid":"b6410387-3dc6-4075-8807-e9ef418a8bd6","OrderPerformerServices":[],"OrderResearchAllergens":[],"Results":[],"IsResumed":false,"ExecutionType":0,"ID":"67071510","StrID":"67071510"},"ParameterID":200357,"Parameter":{"ShortNameRU":"АЛаТ","ShortNameKZ":"АЛаТ","ShortName":"АЛаТ","DataType":0,"DataTypeName":"Число","UnitTypeID":100030,"UnitType":null,"MedicalFormID":null,"MasterDataID":0,"MedicalForm":null,"NameWithDataType":"АЛаТ  (Число)","NameRU":"АЛаТ","NameKZ":"АЛаТ","Name":"АЛаТ","PublicCode":"20035700","EndDate":null,"ID":"200357","StrID":"200357"},"ParameterValues":null,"ParameterValueID":null,"ParameterValue":null,"ResultText":"7.22","ResultValue":"7.22","ResultDate":"2026-08-31T10:26:36.8246346+05:00","PostID":"189416","Post":null,"ExecuteMethod":2,"SourceResultText":"7.22","SourceResultValue":"7.22","SourceResultExpression":null,"SourceUnitTypeID":100030,"SourceUnitType":{"OrderBy":31,"MasterDataID":null,"CDD_ID":null,"NameRU":"МЕ/л","NameKZ":"ХБ/л","Name":"МЕ/л","PublicCode":"10003000","EndDate":null,"ID":"100030","StrID":"100030"},"MultiplierID":null,"IsApproved":false,"IsValidated":false,"StandardMatchType":0,"ApproveDate":null,"ApprovePostID":null,"ApprovePost":null,"OrderNum":1,"WorkPlaceID":20747,"OrderID":null,"BacteriologyResult":null,"AnalyzerId":38,"IsOrderProductionControl":false,"ID":"207165638","StrID":"207165638"}
31.08.2026 10:26:35	Information:	Result object to save: 
31.08.2026 10:26:35	Information:	{"OrderResearchID":67071512,"OrderResearch":null,"ParameterID":201032,"Parameter":{"ShortNameRU":"прямой билирубин в сыворотке крови","ShortNameKZ":"қан сарысуындағы тікелей билирубин","ShortName":"прямой билирубин в сыворотке крови","DataType":0,"DataTypeName":"Число","UnitTypeID":100041,"UnitType":{"NameRU":"мкмоль/л","NameKZ":"мкмоль/л","Name":"мкмоль/л","PublicCode":"10004100","OrderBy":42,"ID":100041,"StrID":"100041"},"MedicalFormID":null,"MedicalForm":null,"NameRU":"прямой билирубин в сыворотке крови","NameKZ":"қан сарысуындағы тікелей билирубин","Name":"прямой билирубин в сыворотке крови","PublicCode":"20103200","OrderBy":null,"ID":201032,"StrID":"201032"},"ParameterValueID":null,"ParameterValue":null,"ResultText":"2.8","ResultValue":null,"ResultDate":"2026-08-31T10:26:36.589699+05:00","PostID":0,"Post":null,"ExecuteMethod":2,"SourceResultText":"2.8","SourceResultValue":null,"SourceResultExpression":null,"SourceUnitTypeID":100041,"SourceUnitType":{"NameRU":"мкмоль/л","NameKZ":"мкмоль/л","Name":"мкмоль/л","PublicCode":"10004100","OrderBy":42,"ID":100041,"StrID":"100041"},"IsApproved":false,"ApproveDate":null,"ApprovePostID":null,"ApprovePost":null,"OrderNum":1,"WorkPlaceID":20747,"DriverManagerID":150,"BacteriologyResult":null,"AnalyzerId":38,"IsOrderProductionControl":false,"ID":0,"StrID":"0"}
31.08.2026 10:26:35	Information:	Save string: 
31.08.2026 10:26:35	Information:	{"OrderResearchID":67071512,"OrderResearch":{"OrderID":31122169,"ServiceMoID":2163601,"ServiceMoMasterDataID":8269463,"ServiceMo":{"OrgHealthCareID":"45500000000000909","ServiceID":254,"NameRU":"Определение прямого билирубина в сыворотке крови на анализаторе","NameKZ":"Қан сарысуындағы тікелей  билирубинді талдауышта анықтау ","Name":"Определение прямого билирубина в сыворотке крови на анализаторе","ShortNameRU":"Определение прямого билирубина в сыворотке крови на анализаторе","ShortNameKZ":"Қан сарысуындағы тікелей  билирубинді талдауышта анықтау ","ShortName":"Определение прямого билирубина в сыворотке крови на анализаторе","FullName":"B03.435.002 - Определение прямого билирубина в сыворотке крови на анализаторе","Code":"B03.435.002","ExternalCode":null,"ServiceClassID":5,"ServiceClass":{"ServiceTypeID":2,"OrderBy":5,"MasterDataID":5,"NameRU":"Клиническая химия (биохимия)","NameKZ":"Клиникалық химия (биохимия)","Name":"Клиническая химия (биохимия)","PublicCode":"500","EndDate":null,"ID":"5","StrID":"5"},"Service":{"NameRU":"Определение прямого билирубина в сыворотке крови на анализаторе","NameKZ":"Қан сарысуындағы тікелей билирубинді талдауышта анықтау","Name":"Определение прямого билирубина в сыворотке крови на анализаторе","ShortNameRU":"Прямой Bi на анализаторе","ShortNameKZ":"Прямой Bi на анализаторе","ShortName":"Прямой Bi на анализаторе","FullName":"B03.435.002 - Определение прямого билирубина в сыворотке крови на анализаторе","Code":"B03.435.002","ServiceClassID":5,"ServiceClass":null,"ServiceSubClassID":6,"ServiceSubClass":null,"MaterialTypeID":202,"MaterialType":null,"MasterDataID":3095,"ID":"254","StrID":"254"},"MasterDataID":8269463,"ServiceSubClassID":6,"PayType":1,"ServiceSubClass":null,"ID":"2163601","StrID":"2163601"},"FullName":"B03.435.002 - Определение прямого билирубина в сыворотке крови на анализаторе  () ","IsMain":true,"SourceID":"144989838_33984503","WorkPlaceID":20747,"WorkPlace":null,"DriverManager":null,"ParameterID":null,"Parameter":null,"AdditionalInfo":null,"Status":1,"PerformetServiceCount":7,"ResearchResultCount":0,"ApproveResearchResultCount":0,"NotSaveResearchResultCount":0,"ParentID":null,"ScreeningCandidatePlanGuid":null,"ScreeningUrl":null,"TakePlace":null,"MaterialTypeID":null,"MaterialType":null,"PartCount":0,"IsOrderProductionControl":false,"Uid":"15bf9a40-d5df-4948-b112-38984f99d8ae","OrderPerformerServices":[],"OrderResearchAllergens":[],"Results":[],"IsResumed":false,"ExecutionType":0,"ID":"67071512","StrID":"67071512"},"ParameterID":201032,"Parameter":{"ShortNameRU":"прямой билирубин в сыворотке крови","ShortNameKZ":"қан сарысуындағы тікелей билирубин","ShortName":"прямой билирубин в сыворотке крови","DataType":0,"DataTypeName":"Число","UnitTypeID":100041,"UnitType":null,"MedicalFormID":null,"MasterDataID":0,"MedicalForm":null,"NameWithDataType":"прямой билирубин в сыворотке крови  (Число)","NameRU":"прямой билирубин в сыворотке крови","NameKZ":"қан сарысуындағы тікелей билирубин","Name":"прямой билирубин в сыворотке крови","PublicCode":"20103200","EndDate":null,"ID":"201032","StrID":"201032"},"ParameterValues":null,"ParameterValueID":null,"ParameterValue":null,"ResultText":"2.80","ResultValue":"2.80","ResultDate":"2026-08-31T10:26:36.8881786+05:00","PostID":"189416","Post":null,"ExecuteMethod":2,"SourceResultText":"2.80","SourceResultValue":"2.80","SourceResultExpression":null,"SourceUnitTypeID":100041,"SourceUnitType":{"OrderBy":42,"MasterDataID":null,"CDD_ID":null,"NameRU":"мкмоль/л","NameKZ":"мкмоль/л","Name":"мкмоль/л","PublicCode":"10004100","EndDate":null,"ID":"100041","StrID":"100041"},"MultiplierID":null,"IsApproved":false,"IsValidated":false,"StandardMatchType":0,"ApproveDate":null,"ApprovePostID":null,"ApprovePost":null,"OrderNum":1,"WorkPlaceID":20747,"OrderID":null,"BacteriologyResult":null,"AnalyzerId":38,"IsOrderProductionControl":false,"ID":"207165639","StrID":"207165639"}
31.08.2026 10:26:35	Information:	Result object to save: 
31.08.2026 10:26:35	Information:	{"OrderResearchID":67071511,"OrderResearch":null,"ParameterID":200919,"Parameter":{"ShortNameRU":"общий билирубин в сыворотке крови","ShortNameKZ":"қан сарысуындағы жалпы билирубин","ShortName":"общий билирубин в сыворотке крови","DataType":0,"DataTypeName":"Число","UnitTypeID":100041,"UnitType":{"NameRU":"мкмоль/л","NameKZ":"мкмоль/л","Name":"мкмоль/л","PublicCode":"10004100","OrderBy":42,"ID":100041,"StrID":"100041"},"MedicalFormID":null,"MedicalForm":null,"NameRU":"общий билирубин в сыворотке крови","NameKZ":"қан сарысуындағы жалпы билирубин","Name":"общий билирубин в сыворотке крови","PublicCode":"20091900","OrderBy":null,"ID":200919,"StrID":"200919"},"ParameterValueID":null,"ParameterValue":null,"ResultText":"8.74","ResultValue":null,"ResultDate":"2026-08-31T10:26:36.589699+05:00","PostID":0,"Post":null,"ExecuteMethod":2,"SourceResultText":"8.74","SourceResultValue":null,"SourceResultExpression":null,"SourceUnitTypeID":100041,"SourceUnitType":{"NameRU":"мкмоль/л","NameKZ":"мкмоль/л","Name":"мкмоль/л","PublicCode":"10004100","OrderBy":42,"ID":100041,"StrID":"100041"},"IsApproved":false,"ApproveDate":null,"ApprovePostID":null,"ApprovePost":null,"OrderNum":1,"WorkPlaceID":20747,"DriverManagerID":150,"BacteriologyResult":null,"AnalyzerId":38,"IsOrderProductionControl":false,"ID":0,"StrID":"0"}
31.08.2026 10:26:35	Information:	Save string: 
31.08.2026 10:26:35	Information:	{"OrderResearchID":67071511,"OrderResearch":{"OrderID":31122169,"ServiceMoID":2163626,"ServiceMoMasterDataID":8269464,"ServiceMo":{"OrgHealthCareID":"45500000000000909","ServiceID":255,"NameRU":"Определение общего билирубина в сыворотке крови на анализаторе","NameKZ":"Қан сарысуындағы жалпы  билирубинді талдауышта анықтау в сыворотке крови на анализаторе","Name":"Определение общего билирубина в сыворотке крови на анализаторе","ShortNameRU":"Определение общего билирубина в сыворотке крови на анализаторе","ShortNameKZ":"Қан сарысуындағы жалпы  билирубинді талдауышта анықтау в сыворотке крови на анализаторе","ShortName":"Определение общего билирубина в сыворотке крови на анализаторе","FullName":"B03.398.002 - Определение общего билирубина в сыворотке крови на анализаторе","Code":"B03.398.002","ExternalCode":null,"ServiceClassID":5,"ServiceClass":{"ServiceTypeID":2,"OrderBy":5,"MasterDataID":5,"NameRU":"Клиническая химия (биохимия)","NameKZ":"Клиникалық химия (биохимия)","Name":"Клиническая химия (биохимия)","PublicCode":"500","EndDate":null,"ID":"5","StrID":"5"},"Service":{"NameRU":"Определение общего билирубина в сыворотке крови на анализаторе","NameKZ":"Қан сарысуындағы жалпы билирубинді талдауышта анықтау в сыворотке крови на анализаторе","Name":"Определение общего билирубина в сыворотке крови на анализаторе","ShortNameRU":"Общий Bi на анализаторе","ShortNameKZ":"Общий Bi на анализаторе","ShortName":"Общий Bi на анализаторе","FullName":"B03.398.002 - Определение общего билирубина в сыворотке крови на анализаторе","Code":"B03.398.002","ServiceClassID":5,"ServiceClass":null,"ServiceSubClassID":6,"ServiceSubClass":null,"MaterialTypeID":202,"MaterialType":null,"MasterDataID":3096,"ID":"255","StrID":"255"},"MasterDataID":8269464,"ServiceSubClassID":6,"PayType":1,"ServiceSubClass":null,"ID":"2163626","StrID":"2163626"},"FullName":"B03.398.002 - Определение общего билирубина в сыворотке крови на анализаторе  () ","IsMain":true,"SourceID":"144989838_33984502","WorkPlaceID":20747,"WorkPlace":null,"DriverManager":null,"ParameterID":null,"Parameter":null,"AdditionalInfo":null,"Status":1,"PerformetServiceCount":7,"ResearchResultCount":0,"ApproveResearchResultCount":0,"NotSaveResearchResultCount":0,"ParentID":null,"ScreeningCandidatePlanGuid":null,"ScreeningUrl":null,"TakePlace":null,"MaterialTypeID":null,"MaterialType":null,"PartCount":0,"IsOrderProductionControl":false,"Uid":"076e0996-81bf-4289-b4dd-f582e4755158","OrderPerformerServices":[],"OrderResearchAllergens":[],"Results":[],"IsResumed":false,"ExecutionType":0,"ID":"67071511","StrID":"67071511"},"ParameterID":200919,"Parameter":{"ShortNameRU":"общий билирубин в сыворотке крови","ShortNameKZ":"қан сарысуындағы жалпы билирубин","ShortName":"общий билирубин в сыворотке крови","DataType":0,"DataTypeName":"Число","UnitTypeID":100041,"UnitType":null,"MedicalFormID":null,"MasterDataID":0,"MedicalForm":null,"NameWithDataType":"общий билирубин в сыворотке крови  (Число)","NameRU":"общий билирубин в сыворотке крови","NameKZ":"қан сарысуындағы жалпы билирубин","Name":"общий билирубин в сыворотке крови","PublicCode":"20091900","EndDate":null,"ID":"200919","StrID":"200919"},"ParameterValues":null,"ParameterValueID":null,"ParameterValue":null,"ResultText":"8.74","ResultValue":"8.74","ResultDate":"2026-08-31T10:26:36.9358337+05:00","PostID":"189416","Post":null,"ExecuteMethod":2,"SourceResultText":"8.74","SourceResultValue":"8.74","SourceResultExpression":null,"SourceUnitTypeID":100041,"SourceUnitType":{"OrderBy":42,"MasterDataID":null,"CDD_ID":null,"NameRU":"мкмоль/л","NameKZ":"мкмоль/л","Name":"мкмоль/л","PublicCode":"10004100","EndDate":null,"ID":"100041","StrID":"100041"},"MultiplierID":null,"IsApproved":false,"IsValidated":false,"StandardMatchType":0,"ApproveDate":null,"ApprovePostID":null,"ApprovePost":null,"OrderNum":1,"WorkPlaceID":20747,"OrderID":null,"BacteriologyResult":null,"AnalyzerId":38,"IsOrderProductionControl":false,"ID":"207165640","StrID":"207165640"}
31.08.2026 10:26:36	Information:	Result object to save: 
31.08.2026 10:26:36	Information:	{"OrderResearchID":67071513,"OrderResearch":null,"ParameterID":200408,"Parameter":{"ShortNameRU":"АСаТ","ShortNameKZ":"АСаТ","ShortName":"АСаТ","DataType":0,"DataTypeName":"Число","UnitTypeID":100030,"UnitType":{"NameRU":"МЕ/л","NameKZ":"ХБ/л","Name":"МЕ/л","PublicCode":"10003000","OrderBy":31,"ID":100030,"StrID":"100030"},"MedicalFormID":null,"MedicalForm":null,"NameRU":"АСаТ","NameKZ":"АСаТ","Name":"АСаТ","PublicCode":"20040800","OrderBy":null,"ID":200408,"StrID":"200408"},"ParameterValueID":null,"ParameterValue":null,"ResultText":"17.74","ResultValue":null,"ResultDate":"2026-08-31T10:26:36.6061387+05:00","PostID":0,"Post":null,"ExecuteMethod":2,"SourceResultText":"17.74","SourceResultValue":null,"SourceResultExpression":null,"SourceUnitTypeID":100030,"SourceUnitType":{"NameRU":"МЕ/л","NameKZ":"ХБ/л","Name":"МЕ/л","PublicCode":"10003000","OrderBy":31,"ID":100030,"StrID":"100030"},"IsApproved":false,"ApproveDate":null,"ApprovePostID":null,"ApprovePost":null,"OrderNum":1,"WorkPlaceID":20747,"DriverManagerID":150,"BacteriologyResult":null,"AnalyzerId":38,"IsOrderProductionControl":false,"ID":0,"StrID":"0"}
31.08.2026 10:26:36	Information:	Save string: 
31.08.2026 10:26:36	Information:	{"OrderResearchID":67071513,"OrderResearch":{"OrderID":31122169,"ServiceMoID":2163651,"ServiceMoMasterDataID":8269465,"ServiceMo":{"OrgHealthCareID":"45500000000000909","ServiceID":256,"NameRU":"Определение аспартатаминотрансферазы (АСаТ) в сыворотке крови на анализаторе","NameKZ":"Қан сарысуындағы  аспартатаминотрансферазды  (АСаТ) талдауышта анықтау  ","Name":"Определение аспартатаминотрансферазы (АСаТ) в сыворотке крови на анализаторе","ShortNameRU":"Определение аспартатаминотрансферазы (АСаТ) в сыворотке крови на анализаторе","ShortNameKZ":"Қан сарысуындағы  аспартатаминотрансферазды  (АСаТ) талдауышта анықтау  ","ShortName":"Определение аспартатаминотрансферазы (АСаТ) в сыворотке крови на анализаторе","FullName":"B03.293.002 - Определение аспартатаминотрансферазы (АСаТ) в сыворотке крови на анализаторе","Code":"B03.293.002","ExternalCode":null,"ServiceClassID":5,"ServiceClass":{"ServiceTypeID":2,"OrderBy":5,"MasterDataID":5,"NameRU":"Клиническая химия (биохимия)","NameKZ":"Клиникалық химия (биохимия)","Name":"Клиническая химия (биохимия)","PublicCode":"500","EndDate":null,"ID":"5","StrID":"5"},"Service":{"NameRU":"Определение аспартатаминотрансферазы (АСаТ) в сыворотке крови на анализаторе","NameKZ":"Қан сарысуындағы аспартатаминотрансферазды (АСаТ) талдауышта анықтау","Name":"Определение аспартатаминотрансферазы (АСаТ) в сыворотке крови на анализаторе","ShortNameRU":"АСаТ на анализаторе","ShortNameKZ":"АСаТ на анализаторе","ShortName":"АСаТ на анализаторе","FullName":"B03.293.002 - Определение аспартатаминотрансферазы (АСаТ) в сыворотке крови на анализаторе","Code":"B03.293.002","ServiceClassID":5,"ServiceClass":null,"ServiceSubClassID":6,"ServiceSubClass":null,"MaterialTypeID":202,"MaterialType":null,"MasterDataID":3097,"ID":"256","StrID":"256"},"MasterDataID":8269465,"ServiceSubClassID":6,"PayType":1,"ServiceSubClass":null,"ID":"2163651","StrID":"2163651"},"FullName":"B03.293.002 - Определение аспартатаминотрансферазы (АСаТ) в сыворотке крови на анализаторе  () ","IsMain":true,"SourceID":"144989838_33984501","WorkPlaceID":20747,"WorkPlace":null,"DriverManager":null,"ParameterID":null,"Parameter":null,"AdditionalInfo":null,"Status":1,"PerformetServiceCount":7,"ResearchResultCount":0,"ApproveResearchResultCount":0,"NotSaveResearchResultCount":0,"ParentID":null,"ScreeningCandidatePlanGuid":null,"ScreeningUrl":null,"TakePlace":null,"MaterialTypeID":null,"MaterialType":null,"PartCount":0,"IsOrderProductionControl":false,"Uid":"0367f007-4d7f-429c-bd30-33b00704e34f","OrderPerformerServices":[],"OrderResearchAllergens":[],"Results":[],"IsResumed":false,"ExecutionType":0,"ID":"67071513","StrID":"67071513"},"ParameterID":200408,"Parameter":{"ShortNameRU":"АСаТ","ShortNameKZ":"АСаТ","ShortName":"АСаТ","DataType":0,"DataTypeName":"Число","UnitTypeID":100030,"UnitType":null,"MedicalFormID":null,"MasterDataID":0,"MedicalForm":null,"NameWithDataType":"АСаТ  (Число)","NameRU":"АСаТ","NameKZ":"АСаТ","Name":"АСаТ","PublicCode":"20040800","EndDate":null,"ID":"200408","StrID":"200408"},"ParameterValues":null,"ParameterValueID":null,"ParameterValue":null,"ResultText":"17.74","ResultValue":"17.74","ResultDate":"2026-08-31T10:26:36.9986252+05:00","PostID":"189416","Post":null,"ExecuteMethod":2,"SourceResultText":"17.74","SourceResultValue":"17.74","SourceResultExpression":null,"SourceUnitTypeID":100030,"SourceUnitType":{"OrderBy":31,"MasterDataID":null,"CDD_ID":null,"NameRU":"МЕ/л","NameKZ":"ХБ/л","Name":"МЕ/л","PublicCode":"10003000","EndDate":null,"ID":"100030","StrID":"100030"},"MultiplierID":null,"IsApproved":false,"IsValidated":false,"StandardMatchType":0,"ApproveDate":null,"ApprovePostID":null,"ApprovePost":null,"OrderNum":1,"WorkPlaceID":20747,"OrderID":null,"BacteriologyResult":null,"AnalyzerId":38,"IsOrderProductionControl":false,"ID":"207165641","StrID":"207165641"}
31.08.2026 10:26:36	Information:	Result object to save: 
31.08.2026 10:26:36	Information:	{"OrderResearchID":67071514,"OrderResearch":null,"ParameterID":201234,"Parameter":{"ShortNameRU":"ферритин в сыворотке крови","ShortNameKZ":"қан сарысуындағы ферритин","ShortName":"ферритин в сыворотке крови","DataType":0,"DataTypeName":"Число","UnitTypeID":100035,"UnitType":{"NameRU":"мкг/л","NameKZ":"мкг/л","Name":"мкг/л","PublicCode":"10003500","OrderBy":36,"ID":100035,"StrID":"100035"},"MedicalFormID":null,"MedicalForm":null,"NameRU":"ферритин в сыворотке крови","NameKZ":"қан сарысуындағы ферритин","Name":"ферритин в сыворотке крови","PublicCode":"20123400","OrderBy":null,"ID":201234,"StrID":"201234"},"ParameterValueID":null,"ParameterValue":null,"ResultText":"12.53","ResultValue":null,"ResultDate":"2026-08-31T10:26:36.6061387+05:00","PostID":0,"Post":null,"ExecuteMethod":1,"SourceResultText":"12.53","SourceResultValue":null,"SourceResultExpression":null,"SourceUnitTypeID":100035,"SourceUnitType":{"NameRU":"мкг/л","NameKZ":"мкг/л","Name":"мкг/л","PublicCode":"10003500","OrderBy":36,"ID":100035,"StrID":"100035"},"IsApproved":false,"ApproveDate":null,"ApprovePostID":null,"ApprovePost":null,"OrderNum":1,"WorkPlaceID":20747,"DriverManagerID":150,"BacteriologyResult":null,"AnalyzerId":38,"IsOrderProductionControl":false,"ID":0,"StrID":"0"}
31.08.2026 10:26:36	Information:	Save string: 
31.08.2026 10:26:36	Information:	{"OrderResearchID":67071514,"OrderResearch":{"OrderID":31122169,"ServiceMoID":2164351,"ServiceMoMasterDataID":8269493,"ServiceMo":{"OrgHealthCareID":"45500000000000909","ServiceID":284,"NameRU":"Определение ферритина в сыворотке крови на анализаторе","NameKZ":"Қан сарысуындағы ферритинді талдауышта анықтау   ","Name":"Определение ферритина в сыворотке крови на анализаторе","ShortNameRU":"Определение ферритина в сыворотке крови на анализаторе","ShortNameKZ":"Қан сарысуындағы ферритинді талдауышта анықтау   ","ShortName":"Определение ферритина в сыворотке крови на анализаторе","FullName":"B03.500.002 - Определение ферритина в сыворотке крови на анализаторе","Code":"B03.500.002","ExternalCode":null,"ServiceClassID":5,"ServiceClass":{"ServiceTypeID":2,"OrderBy":5,"MasterDataID":5,"NameRU":"Клиническая химия (биохимия)","NameKZ":"Клиникалық химия (биохимия)","Name":"Клиническая химия (биохимия)","PublicCode":"500","EndDate":null,"ID":"5","StrID":"5"},"Service":{"NameRU":"Определение ферритина в сыворотке крови на анализаторе","NameKZ":"Қан сарысуындағы ферритинді талдауышта анықтау","Name":"Определение ферритина в сыворотке крови на анализаторе","ShortNameRU":"Ферритин на анализаторе","ShortNameKZ":"Ферритин на анализаторе","ShortName":"Ферритин на анализаторе","FullName":"B03.500.002 - Определение ферритина в сыворотке крови на анализаторе","Code":"B03.500.002","ServiceClassID":5,"ServiceClass":null,"ServiceSubClassID":6,"ServiceSubClass":null,"MaterialTypeID":202,"MaterialType":null,"MasterDataID":3125,"ID":"284","StrID":"284"},"MasterDataID":8269493,"ServiceSubClassID":6,"PayType":1,"ServiceSubClass":null,"ID":"2164351","StrID":"2164351"},"FullName":"B03.500.002 - Определение ферритина в сыворотке крови на анализаторе  () ","IsMain":true,"SourceID":"144989838_33984504","WorkPlaceID":20747,"WorkPlace":null,"DriverManager":null,"ParameterID":null,"Parameter":null,"AdditionalInfo":null,"Status":1,"PerformetServiceCount":9,"ResearchResultCount":0,"ApproveResearchResultCount":0,"NotSaveResearchResultCount":0,"ParentID":null,"ScreeningCandidatePlanGuid":null,"ScreeningUrl":null,"TakePlace":null,"MaterialTypeID":null,"MaterialType":null,"PartCount":0,"IsOrderProductionControl":false,"Uid":"07c22b76-befd-43f2-9189-d68e873f1fa3","OrderPerformerServices":[],"OrderResearchAllergens":[],"Results":[],"IsResumed":false,"ExecutionType":0,"ID":"67071514","StrID":"67071514"},"ParameterID":201234,"Parameter":{"ShortNameRU":"ферритин в сыворотке крови","ShortNameKZ":"қан сарысуындағы ферритин","ShortName":"ферритин в сыворотке крови","DataType":0,"DataTypeName":"Число","UnitTypeID":100035,"UnitType":null,"MedicalFormID":null,"MasterDataID":0,"MedicalForm":null,"NameWithDataType":"ферритин в сыворотке крови  (Число)","NameRU":"ферритин в сыворотке крови","NameKZ":"қан сарысуындағы ферритин","Name":"ферритин в сыворотке крови","PublicCode":"20123400","EndDate":null,"ID":"201234","StrID":"201234"},"ParameterValues":null,"ParameterValueID":null,"ParameterValue":null,"ResultText":"12.53000","ResultValue":"12.53000","ResultDate":"2026-08-31T10:26:37.0611969+05:00","PostID":"189416","Post":null,"ExecuteMethod":2,"SourceResultText":"12.53000","SourceResultValue":"12.53000","SourceResultExpression":null,"SourceUnitTypeID":100035,"SourceUnitType":{"OrderBy":36,"MasterDataID":null,"CDD_ID":null,"NameRU":"мкг/л","NameKZ":"мкг/л","Name":"мкг/л","PublicCode":"10003500","EndDate":null,"ID":"100035","StrID":"100035"},"MultiplierID":null,"IsApproved":false,"IsValidated":false,"StandardMatchType":0,"ApproveDate":null,"ApprovePostID":null,"ApprovePost":null,"OrderNum":1,"WorkPlaceID":20747,"OrderID":null,"BacteriologyResult":null,"AnalyzerId":38,"IsOrderProductionControl":false,"ID":"207165643","StrID":"207165643"}
31.08.2026 10:26:36	Information:	Result object to save: 
31.08.2026 10:26:36	Information:	{"OrderResearchID":67071515,"OrderResearch":null,"ParameterID":200852,"Parameter":{"ShortNameRU":"мочевина в сыворотке крови","ShortNameKZ":"қан сарысуындағы несепнәр","ShortName":"мочевина в сыворотке крови","DataType":0,"DataTypeName":"Число","UnitTypeID":100051,"UnitType":{"NameRU":"ммоль/л","NameKZ":"ммоль/л","Name":"ммоль/л","PublicCode":"10005100","OrderBy":52,"ID":100051,"StrID":"100051"},"MedicalFormID":null,"MedicalForm":null,"NameRU":"мочевина в сыворотке крови","NameKZ":"қан сарысуындағы несепнәр","Name":"мочевина в сыворотке крови","PublicCode":"20085200","OrderBy":null,"ID":200852,"StrID":"200852"},"ParameterValueID":null,"ParameterValue":null,"ResultText":"3.03","ResultValue":null,"ResultDate":"2026-08-31T10:26:36.6061387+05:00","PostID":0,"Post":null,"ExecuteMethod":2,"SourceResultText":"3.03","SourceResultValue":null,"SourceResultExpression":null,"SourceUnitTypeID":100051,"SourceUnitType":{"NameRU":"ммоль/л","NameKZ":"ммоль/л","Name":"ммоль/л","PublicCode":"10005100","OrderBy":52,"ID":100051,"StrID":"100051"},"IsApproved":false,"ApproveDate":null,"ApprovePostID":null,"ApprovePost":null,"OrderNum":1,"WorkPlaceID":20747,"DriverManagerID":150,"BacteriologyResult":null,"AnalyzerId":38,"IsOrderProductionControl":false,"ID":0,"StrID":"0"}
31.08.2026 10:26:36	Information:	Save string: 
31.08.2026 10:26:36	Information:	{"OrderResearchID":67071515,"OrderResearch":{"OrderID":31122169,"ServiceMoID":2164626,"ServiceMoMasterDataID":8269504,"ServiceMo":{"OrgHealthCareID":"45500000000000909","ServiceID":295,"NameRU":"Определение мочевины в сыворотке крови на анализаторе","NameKZ":"Қан сарысуындағы несепнәрді  талдауышта анықтау ","Name":"Определение мочевины в сыворотке крови на анализаторе","ShortNameRU":"Определение мочевины в сыворотке крови на анализаторе","ShortNameKZ":"Қан сарысуындағы несепнәрді  талдауышта анықтау ","ShortName":"Определение мочевины в сыворотке крови на анализаторе","FullName":"B03.386.002 - Определение мочевины в сыворотке крови на анализаторе","Code":"B03.386.002","ExternalCode":null,"ServiceClassID":5,"ServiceClass":{"ServiceTypeID":2,"OrderBy":5,"MasterDataID":5,"NameRU":"Клиническая химия (биохимия)","NameKZ":"Клиникалық химия (биохимия)","Name":"Клиническая химия (биохимия)","PublicCode":"500","EndDate":null,"ID":"5","StrID":"5"},"Service":{"NameRU":"Определение мочевины в сыворотке крови на анализаторе","NameKZ":"Қан сарысуындағы несепнәрді талдауышта анықтау","Name":"Определение мочевины в сыворотке крови на анализаторе","ShortNameRU":"Мочевина на анализаторе","ShortNameKZ":"Мочевина на анализаторе","ShortName":"Мочевина на анализаторе","FullName":"B03.386.002 - Определение мочевины в сыворотке крови на анализаторе","Code":"B03.386.002","ServiceClassID":5,"ServiceClass":null,"ServiceSubClassID":6,"ServiceSubClass":null,"MaterialTypeID":202,"MaterialType":null,"MasterDataID":3136,"ID":"295","StrID":"295"},"MasterDataID":8269504,"ServiceSubClassID":6,"PayType":1,"ServiceSubClass":null,"ID":"2164626","StrID":"2164626"},"FullName":"B03.386.002 - Определение мочевины в сыворотке крови на анализаторе  () ","IsMain":true,"SourceID":"144989838_33984499","WorkPlaceID":20747,"WorkPlace":null,"DriverManager":null,"ParameterID":null,"Parameter":null,"AdditionalInfo":null,"Status":1,"PerformetServiceCount":7,"ResearchResultCount":0,"ApproveResearchResultCount":0,"NotSaveResearchResultCount":0,"ParentID":null,"ScreeningCandidatePlanGuid":null,"ScreeningUrl":null,"TakePlace":null,"MaterialTypeID":null,"MaterialType":null,"PartCount":0,"IsOrderProductionControl":false,"Uid":"a9b8b9b7-daaf-4be6-b157-2bf6dbb6d9ca","OrderPerformerServices":[],"OrderResearchAllergens":[],"Results":[],"IsResumed":false,"ExecutionType":0,"ID":"67071515","StrID":"67071515"},"ParameterID":200852,"Parameter":{"ShortNameRU":"мочевина в сыворотке крови","ShortNameKZ":"қан сарысуындағы несепнәр","ShortName":"мочевина в сыворотке крови","DataType":0,"DataTypeName":"Число","UnitTypeID":100051,"UnitType":null,"MedicalFormID":null,"MasterDataID":0,"MedicalForm":null,"NameWithDataType":"мочевина в сыворотке крови  (Число)","NameRU":"мочевина в сыворотке крови","NameKZ":"қан сарысуындағы несепнәр","Name":"мочевина в сыворотке крови","PublicCode":"20085200","EndDate":null,"ID":"200852","StrID":"200852"},"ParameterValues":null,"ParameterValueID":null,"ParameterValue":null,"ResultText":"3.03","ResultValue":"3.03","ResultDate":"2026-08-31T10:26:37.1117927+05:00","PostID":"189416","Post":null,"ExecuteMethod":2,"SourceResultText":"3.03","SourceResultValue":"3.03","SourceResultExpression":null,"SourceUnitTypeID":100051,"SourceUnitType":{"OrderBy":52,"MasterDataID":null,"CDD_ID":null,"NameRU":"ммоль/л","NameKZ":"ммоль/л","Name":"ммоль/л","PublicCode":"10005100","EndDate":null,"ID":"100051","StrID":"100051"},"MultiplierID":null,"IsApproved":false,"IsValidated":false,"StandardMatchType":0,"ApproveDate":null,"ApprovePostID":null,"ApprovePost":null,"OrderNum":1,"WorkPlaceID":20747,"OrderID":null,"BacteriologyResult":null,"AnalyzerId":38,"IsOrderProductionControl":false,"ID":"207165644","StrID":"207165644"}
31.08.2026 10:26:36	Information:	Result object to save: 
31.08.2026 10:26:36	Information:	{"OrderResearchID":67071509,"OrderResearch":null,"ParameterID":200744,"Parameter":{"ShortNameRU":"креатинин в крови","ShortNameKZ":"қандағы креатинин","ShortName":"креатинин в крови","DataType":0,"DataTypeName":"Число","UnitTypeID":100041,"UnitType":{"NameRU":"мкмоль/л","NameKZ":"мкмоль/л","Name":"мкмоль/л","PublicCode":"10004100","OrderBy":42,"ID":100041,"StrID":"100041"},"MedicalFormID":null,"MedicalForm":null,"NameRU":"креатинин в крови","NameKZ":"қандағы креатинин","Name":"креатинин в крови","PublicCode":"20074400","OrderBy":null,"ID":200744,"StrID":"200744"},"ParameterValueID":null,"ParameterValue":null,"ResultText":"41.82","ResultValue":null,"ResultDate":"2026-08-31T10:26:36.6061387+05:00","PostID":0,"Post":null,"ExecuteMethod":2,"SourceResultText":"41.82","SourceResultValue":null,"SourceResultExpression":null,"SourceUnitTypeID":100041,"SourceUnitType":{"NameRU":"мкмоль/л","NameKZ":"мкмоль/л","Name":"мкмоль/л","PublicCode":"10004100","OrderBy":42,"ID":100041,"StrID":"100041"},"IsApproved":false,"ApproveDate":null,"ApprovePostID":null,"ApprovePost":null,"OrderNum":1,"WorkPlaceID":20747,"DriverManagerID":150,"BacteriologyResult":null,"AnalyzerId":38,"IsOrderProductionControl":false,"ID":0,"StrID":"0"}
31.08.2026 10:26:36	Information:	Save string: 
31.08.2026 10:26:36	Information:	{"OrderResearchID":67071509,"OrderResearch":{"OrderID":31122169,"ServiceMoID":2164651,"ServiceMoMasterDataID":8269505,"ServiceMo":{"OrgHealthCareID":"45500000000000909","ServiceID":296,"NameRU":"Определение креатинина в сыворотке крови на анализаторе","NameKZ":"Қан сарысуындағы  креатининді талдауышта анықтау ","Name":"Определение креатинина в сыворотке крови на анализаторе","ShortNameRU":"Определение креатинина в сыворотке крови на анализаторе","ShortNameKZ":"Қан сарысуындағы  креатининді талдауышта анықтау ","ShortName":"Определение креатинина в сыворотке крови на анализаторе","FullName":"B03.363.002 - Определение креатинина в сыворотке крови на анализаторе","Code":"B03.363.002","ExternalCode":null,"ServiceClassID":5,"ServiceClass":{"ServiceTypeID":2,"OrderBy":5,"MasterDataID":5,"NameRU":"Клиническая химия (биохимия)","NameKZ":"Клиникалық химия (биохимия)","Name":"Клиническая химия (биохимия)","PublicCode":"500","EndDate":null,"ID":"5","StrID":"5"},"Service":{"NameRU":"Определение креатинина в сыворотке крови на анализаторе","NameKZ":"Қан сарысуындағы креатининді талдауышта анықтау","Name":"Определение креатинина в сыворотке крови на анализаторе","ShortNameRU":"Креатинин на анализаторе","ShortNameKZ":"Креатинин на анализаторе","ShortName":"Креатинин на анализаторе","FullName":"B03.363.002 - Определение креатинина в сыворотке крови на анализаторе","Code":"B03.363.002","ServiceClassID":5,"ServiceClass":null,"ServiceSubClassID":6,"ServiceSubClass":null,"MaterialTypeID":202,"MaterialType":null,"MasterDataID":3137,"ID":"296","StrID":"296"},"MasterDataID":8269505,"ServiceSubClassID":6,"PayType":1,"ServiceSubClass":null,"ID":"2164651","StrID":"2164651"},"FullName":"B03.363.002 - Определение креатинина в сыворотке крови на анализаторе  () ","IsMain":true,"SourceID":"144989838_33984498","WorkPlaceID":20747,"WorkPlace":null,"DriverManager":null,"ParameterID":null,"Parameter":null,"AdditionalInfo":null,"Status":1,"PerformetServiceCount":7,"ResearchResultCount":0,"ApproveResearchResultCount":0,"NotSaveResearchResultCount":0,"ParentID":null,"ScreeningCandidatePlanGuid":null,"ScreeningUrl":null,"TakePlace":null,"MaterialTypeID":null,"MaterialType":null,"PartCount":0,"IsOrderProductionControl":false,"Uid":"a0665c29-57c3-41b5-beab-72a94c216eec","OrderPerformerServices":[],"OrderResearchAllergens":[],"Results":[],"IsResumed":false,"ExecutionType":0,"ID":"67071509","StrID":"67071509"},"ParameterID":200744,"Parameter":{"ShortNameRU":"креатинин в крови","ShortNameKZ":"қандағы креатинин","ShortName":"креатинин в крови","DataType":0,"DataTypeName":"Число","UnitTypeID":100041,"UnitType":null,"MedicalFormID":null,"MasterDataID":0,"MedicalForm":null,"NameWithDataType":"креатинин в крови  (Число)","NameRU":"креатинин в крови","NameKZ":"қандағы креатинин","Name":"креатинин в крови","PublicCode":"20074400","EndDate":null,"ID":"200744","StrID":"200744"},"ParameterValues":null,"ParameterValueID":null,"ParameterValue":null,"ResultText":"41.82","ResultValue":"41.82","ResultDate":"2026-08-31T10:26:37.1624125+05:00","PostID":"189416","Post":null,"ExecuteMethod":2,"SourceResultText":"41.82","SourceResultValue":"41.82","SourceResultExpression":null,"SourceUnitTypeID":100041,"SourceUnitType":{"OrderBy":42,"MasterDataID":null,"CDD_ID":null,"NameRU":"мкмоль/л","NameKZ":"мкмоль/л","Name":"мкмоль/л","PublicCode":"10004100","EndDate":null,"ID":"100041","StrID":"100041"},"MultiplierID":null,"IsApproved":false,"IsValidated":false,"StandardMatchType":0,"ApproveDate":null,"ApprovePostID":null,"ApprovePost":null,"OrderNum":1,"WorkPlaceID":20747,"OrderID":null,"BacteriologyResult":null,"AnalyzerId":38,"IsOrderProductionControl":false,"ID":"207165645","StrID":"207165645"}
31.08.2026 10:26:36	Information:	Result object to save: 
31.08.2026 10:26:36	Information:	{"OrderResearchID":67071516,"OrderResearch":null,"ParameterID":201150,"Parameter":{"ShortNameRU":"СРБ","ShortNameKZ":"СРА","ShortName":"СРБ","DataType":0,"DataTypeName":"Число","UnitTypeID":100026,"UnitType":{"NameRU":"мг/л","NameKZ":"мг/л","Name":"мг/л","PublicCode":"10002600","OrderBy":27,"ID":100026,"StrID":"100026"},"MedicalFormID":null,"MedicalForm":null,"NameRU":"СРБ","NameKZ":"СРА","Name":"СРБ","PublicCode":"20115000","OrderBy":null,"ID":201150,"StrID":"201150"},"ParameterValueID":null,"ParameterValue":null,"ResultText":"0","ResultValue":null,"ResultDate":"2026-08-31T10:26:36.6061387+05:00","PostID":0,"Post":null,"ExecuteMethod":2,"SourceResultText":"0","SourceResultValue":null,"SourceResultExpression":null,"SourceUnitTypeID":100026,"SourceUnitType":{"NameRU":"мг/л","NameKZ":"мг/л","Name":"мг/л","PublicCode":"10002600","OrderBy":27,"ID":100026,"StrID":"100026"},"IsApproved":false,"ApproveDate":null,"ApprovePostID":null,"ApprovePost":null,"OrderNum":1,"WorkPlaceID":20747,"DriverManagerID":150,"BacteriologyResult":null,"AnalyzerId":38,"IsOrderProductionControl":false,"ID":0,"StrID":"0"}
31.08.2026 10:26:36	Information:	Save string: 
31.08.2026 10:26:36	Information:	{"OrderResearchID":67071516,"OrderResearch":{"OrderID":31122169,"ServiceMoID":2164726,"ServiceMoMasterDataID":8269508,"ServiceMo":{"OrgHealthCareID":"45500000000000909","ServiceID":299,"NameRU":"Определение «C» реактивного белка (СРБ) в сыворотке крови количественно","NameKZ":"Қан сарысуында \"C\" реактивті нәруызын сандық анықтау","Name":"Определение «C» реактивного белка (СРБ) в сыворотке крови количественно","ShortNameRU":"Определение «C» реактивного белка (СРБ) в сыворотке крови количественно","ShortNameKZ":"Қан сарысуында \"C\" реактивті нәруызын сандық анықтау","ShortName":"Определение «C» реактивного белка (СРБ) в сыворотке крови количественно","FullName":"B03.115.002 - Определение «C» реактивного белка (СРБ) в сыворотке крови количественно","Code":"B03.115.002","ExternalCode":null,"ServiceClassID":5,"ServiceClass":{"ServiceTypeID":2,"OrderBy":5,"MasterDataID":5,"NameRU":"Клиническая химия (биохимия)","NameKZ":"Клиникалық химия (биохимия)","Name":"Клиническая химия (биохимия)","PublicCode":"500","EndDate":null,"ID":"5","StrID":"5"},"Service":{"NameRU":"Определение «C» реактивного белка (СРБ) в сыворотке крови количественно","NameKZ":"Қан сарысуында \"C\" реактивті нәруызын сандық анықтау","Name":"Определение «C» реактивного белка (СРБ) в сыворотке крови количественно","ShortNameRU":"СРБ на анализаторе","ShortNameKZ":"СРБ на анализаторе","ShortName":"СРБ на анализаторе","FullName":"B03.115.002 - Определение «C» реактивного белка (СРБ) в сыворотке крови количественно","Code":"B03.115.002","ServiceClassID":5,"ServiceClass":null,"ServiceSubClassID":6,"ServiceSubClass":null,"MaterialTypeID":202,"MaterialType":null,"MasterDataID":3140,"ID":"299","StrID":"299"},"MasterDataID":8269508,"ServiceSubClassID":6,"PayType":1,"ServiceSubClass":null,"ID":"2164726","StrID":"2164726"},"FullName":"B03.115.002 - Определение «C» реактивного белка (СРБ) в сыворотке крови количественно  () ","IsMain":true,"SourceID":"144989838_33984505","WorkPlaceID":20747,"WorkPlace":null,"DriverManager":null,"ParameterID":null,"Parameter":null,"AdditionalInfo":null,"Status":1,"PerformetServiceCount":7,"ResearchResultCount":0,"ApproveResearchResultCount":0,"NotSaveResearchResultCount":0,"ParentID":null,"ScreeningCandidatePlanGuid":null,"ScreeningUrl":null,"TakePlace":null,"MaterialTypeID":null,"MaterialType":null,"PartCount":0,"IsOrderProductionControl":false,"Uid":"49430a8d-cb2b-489a-a934-cb7e30b75730","OrderPerformerServices":[],"OrderResearchAllergens":[],"Results":[],"IsResumed":false,"ExecutionType":0,"ID":"67071516","StrID":"67071516"},"ParameterID":201150,"Parameter":{"ShortNameRU":"СРБ","ShortNameKZ":"СРА","ShortName":"СРБ","DataType":0,"DataTypeName":"Число","UnitTypeID":100026,"UnitType":null,"MedicalFormID":null,"MasterDataID":0,"MedicalForm":null,"NameWithDataType":"СРБ  (Число)","NameRU":"СРБ","NameKZ":"СРА","Name":"СРБ","PublicCode":"20115000","EndDate":null,"ID":"201150","StrID":"201150"},"ParameterValues":null,"ParameterValueID":null,"ParameterValue":null,"ResultText":"0.00","ResultValue":"0.00","ResultDate":"2026-08-31T10:26:37.2184857+05:00","PostID":"189416","Post":null,"ExecuteMethod":2,"SourceResultText":"0.00","SourceResultValue":"0.00","SourceResultExpression":null,"SourceUnitTypeID":100026,"SourceUnitType":{"OrderBy":27,"MasterDataID":null,"CDD_ID":null,"NameRU":"мг/л","NameKZ":"мг/л","Name":"мг/л","PublicCode":"10002600","EndDate":null,"ID":"100026","StrID":"100026"},"MultiplierID":null,"IsApproved":false,"IsValidated":false,"StandardMatchType":0,"ApproveDate":null,"ApprovePostID":null,"ApprovePost":null,"OrderNum":1,"WorkPlaceID":20747,"OrderID":null,"BacteriologyResult":null,"AnalyzerId":38,"IsOrderProductionControl":false,"ID":"207165646","StrID":"207165646"}
31.08.2026 10:26:36	Debug:	 SendResults SaveDeviceResults = 510 ms
31.08.2026 10:26:36	Debug:	 total for SendResults = 768 ms
31.08.2026 10:27:27	Information:	url https://lab-vko.dmed.kz/ /api/DriverManager/PingDevice
31.08.2026 10:27:27	Information:	{
"Hash": "w9LjvpRCyoByGV3Lzv0iX9dSI0tLK0uV+pRojL1kufc=",
"Status": 0
}


31.08.2026 10:27:27	Information:	Ping ret is {"Status":0,"Comment":null}
31.08.2026 10:27:34	Information:	Received bytes(encoded):MSH|^~\&|||||20260831102637||ORU^R01|18|P|2.3.1||||0||ASCII|||PID|18|||||||O|||||||||||||||||||||||OBR|18|51566504|10|^|N|20260831092229|20260831092040|20260831092040||1^10||||20260831092040|?????|||||||||||||||||||||||||||||||||OBX|1|NM||Complement C3|1.484924|g/L|-|N|||F||1.484924|20260831102621|||0|RGTE|OBX|2|NM||Complement C4|0.227389|g/L|-|N|||F||0.227389|20260831102636|||0|RGTE|
31.08.2026 10:27:34	Information:	Add Frame:
31.08.2026 10:27:34	Information:	MSH|^~\&|||||20260831102637||ORU^R01|18|P|2.3.1||||0||ASCII|||
31.08.2026 10:27:34	Information:	In Header
31.08.2026 10:27:34	Information:	MessageType: ORU
31.08.2026 10:27:34	Information:	After message type
31.08.2026 10:27:34	Information:	After ask
31.08.2026 10:27:34	Information:	After version
31.08.2026 10:27:34	Information:	Add Frame:
31.08.2026 10:27:34	Information:	PID|18|||||||O|||||||||||||||||||||||
31.08.2026 10:27:34	Information:	Add Frame:
31.08.2026 10:27:34	Information:	OBR|18|51566504|10|^|N|20260831092229|20260831092040|20260831092040||1^10||||20260831092040|?????|||||||||||||||||||||||||||||||||
31.08.2026 10:27:34	Information:	Add Frame:
31.08.2026 10:27:34	Information:	OBX|1|NM||Complement C3|1.484924|g/L|-|N|||F||1.484924|20260831102621|||0|RGTE|
31.08.2026 10:27:34	Information:	Add Frame:
31.08.2026 10:27:34	Information:	OBX|2|NM||Complement C4|0.227389|g/L|-|N|||F||0.227389|20260831102636|||0|RGTE|
31.08.2026 10:27:34	Information:	Add Frame:
31.08.2026 10:27:34	Information:	
31.08.2026 10:27:34	Debug:	read message: 12ms
31.08.2026 10:27:34	Information:	The answer message is created successfully
31.08.2026 10:27:34	Information:	Sending answer...
31.08.2026 10:27:34	Information:	We are in ORU Message
31.08.2026 10:27:34	Information:	MSH MSH|^~\&|||||20260831102637||ORU^R01|18|P|2.3.1||||0||ASCII||||
31.08.2026 10:27:34	Information:	PID PID|18|||||||O||||||||||||||||||||||||
31.08.2026 10:27:34	Information:	PatientRecord in message is successfully  processed
31.08.2026 10:27:34	Information:	The patient order is successfully processed
31.08.2026 10:27:34	Information:	The order record is successfully processed
31.08.2026 10:27:34	Information:	The order record is successfully processed
31.08.2026 10:27:34	Information:	The ORU message is successfully processed
31.08.2026 10:27:34	Debug:	Process message: 4ms
31.08.2026 10:27:34	Debug:	Total time : 17ms
31.08.2026 10:27:35	Information:	Sended bytes:  11 77 83 72 124 94 126 92 38 124 77 105 110 100 114 97 121 124 124 124 124 50 48 50 54 48 56 51 49 49 48 50 55 51 52 124 124 65 67 75 94 82 48 49 124 49 56 124 80 124 50 46 51 46 49 124 124 124 124 48 124 124 117 115 45 97 115 99 105 105 124 124 124 13 77 83 65 124 65 65 124 49 56 124 77 101 115 115 97 103 101 32 97 99 99 101 112 116 101 100 124 124 124 48 124 13 28 13
31.08.2026 10:27:35	Information:	Sended string MSH|^~\&|Mindray||||20260831102734||ACK^R01|18|P|2.3.1||||0||us-ascii|||MSA|AA|18|Message accepted|||0|
31.08.2026 10:27:36	Information:	Received bytes(encoded):MSH|^~\&|||||20260831102638||ORU^R01|19|P|2.3.1||||0||ASCII|||PID|19|||||||O|||||||||||||||||||||||OBR|19|51566602|9|^|N|20260831092040|20260831092007|20260831092007||1^9||||20260831092007|?????|||||||||||||||||||||||||||||||||OBX|1|NM|Fe|Iron|13.895805|?mol/L|-|N|||F||13.895805|20260831102638|||0|RGTE|
31.08.2026 10:27:36	Information:	Add Frame:
31.08.2026 10:27:36	Information:	MSH|^~\&|||||20260831102638||ORU^R01|19|P|2.3.1||||0||ASCII|||
31.08.2026 10:27:36	Information:	In Header
31.08.2026 10:27:36	Information:	MessageType: ORU
31.08.2026 10:27:36	Information:	After message type
31.08.2026 10:27:36	Information:	After ask
31.08.2026 10:27:36	Information:	After version
31.08.2026 10:27:36	Information:	Add Frame:
31.08.2026 10:27:36	Information:	PID|19|||||||O|||||||||||||||||||||||
31.08.2026 10:27:36	Information:	Add Frame:
31.08.2026 10:27:36	Information:	OBR|19|51566602|9|^|N|20260831092040|20260831092007|20260831092007||1^9||||20260831092007|?????|||||||||||||||||||||||||||||||||
31.08.2026 10:27:36	Information:	Add Frame:
31.08.2026 10:27:36	Information:	OBX|1|NM|Fe|Iron|13.895805|?mol/L|-|N|||F||13.895805|20260831102638|||0|RGTE|
31.08.2026 10:27:36	Information:	Add Frame:
31.08.2026 10:27:36	Information:	
31.08.2026 10:27:36	Debug:	read message: 14ms
31.08.2026 10:27:36	Information:	The answer message is created successfully
31.08.2026 10:27:36	Information:	Sending answer...
31.08.2026 10:27:36	Information:	We are in ORU Message
31.08.2026 10:27:36	Information:	MSH MSH|^~\&|||||20260831102638||ORU^R01|19|P|2.3.1||||0||ASCII||||
31.08.2026 10:27:36	Information:	PID PID|19|||||||O||||||||||||||||||||||||
31.08.2026 10:27:36	Information:	PatientRecord in message is successfully  processed
31.08.2026 10:27:36	Information:	The patient order is successfully processed
31.08.2026 10:27:36	Information:	The order record is successfully processed
31.08.2026 10:27:36	Information:	The ORU message is successfully processed
31.08.2026 10:27:36	Debug:	Process message: 3ms
31.08.2026 10:27:36	Debug:	Total time : 19ms
31.08.2026 10:27:36	Debug:	SendResults:	check DriverRequests=	0	ms
31.08.2026 10:27:36	Information:	ByBarcode 51566504
31.08.2026 10:27:36	Information:	GetLinesByBarcodes
31.08.2026 10:27:36	Information:	{
"WorkPlaceID": 20747,
"BeginDate": "2026-06-01",
"EndDate": "2026-09-01",
"OrderNumber": "51566504",
"Offset": 0,
"Limit": 1
}


31.08.2026 10:27:36	Information:	GetByBarcodeReturn: 
31.08.2026 10:27:36	Information:	{"Data":[{"ID":31122141,"StrID":"31122141","OrderNumber":"51566504","OrderRegDate":"2026-08-31T01:36:23.033","PlanExecutionDate":"2026-08-31T01:35:00","SenderMoID":45500000000000909,"SenderMo":{"NameRU":"Некоммерческое акционерное общество \"Медицинский университет Семей\"","NameKZ":"\"Семей медицина университеті\" коммерциялық емес акционерлік қоғамы","Name":"Некоммерческое акционерное общество \"Медицинский университет Семей\"","ShortNameRU":"НАО \"МУС\"","ShortNameKZ":"\"СМУ\" КеАҚ","ShortName":"НАО \"МУС\"","PublicCode":"237J","AddressRU":"ВКО, г. Семей, ул. Абая Кунанбаева 103","AddressKZ":"ВКО, г. Семей, ул. Абая Кунанбаева 103","Address":"ВКО, г. Семей, ул. Абая Кунанбаева 103","OriginalID":"45500000000000909","IsWork":true,"RegionID":20,"BIN":"190240004938","MasterDataID":4911,"PhonesData":{"OrgHealthCarePhones":[]},"IsPostmortem":false,"IsHospital":true,"Code":null,"ID":"45500000000000909","StrID":"45500000000000909"},"ReceiverMoID":45500000000000909,"ReceiverMo":null,"PatientDetailID":41029779,"PatientDetail":{"PersonID":"2131971","Person":{"IIN":"231030650227","LastName":"КУСМАНОВА","FirstName":"КАМАЛИЯ","SecondName":"ЕРЖАНҚЫЗЫ","FullName":"КУСМАНОВА КАМАЛИЯ ЕРЖАНҚЫЗЫ","FullNameIOF":"КАМАЛИЯ ЕРЖАНҚЫЗЫ КУСМАНОВА","DisplayText":"231030650227 КАМАЛИЯ ЕРЖАНҚЫЗЫ КУСМАНОВА 30.10.2023","IinFullName":"231030650227 - КУСМАНОВА КАМАЛИЯ ЕРЖАНҚЫЗЫ","BirthDate":"2023-10-30T00:00:00","BirthDateStr":"30.10.2023","DeathDate":null,"DeathDateStr":"","BioSexID":2,"BioSex":null,"NationalityID":null,"Nationality":null,"CitizenshipID":null,"Citizenship":null,"MasterDataID":147507731,"RpnID":"15300000054639354","KmisID":"60300000001508430","Type":1,"Age":0,"IsStillborn":false,"IsEarlyNeonatalDeathUp28days":false,"IsDeadPerson":false,"ID":"2131971","StrID":"2131971"},"AddressRU":"РЕСПУБЛИКА: Казахстан , ОБЛАСТЬ: Абайская , ГОРОД ОБЛ.ЗНАЧ.: Семей , УЛИЦА: Байланыс П.Связистов , ДОМ: 32","AddressKZ":": Қазақстан , : Абай , : Семей Қ. , : Байланыс П.Связистов , ҮЙ: 32","Address":"РЕСПУБЛИКА: Казахстан , ОБЛАСТЬ: Абайская , ГОРОД ОБЛ.ЗНАЧ.: Семей , УЛИЦА: Байланыс П.Связистов , ДОМ: 32","MasterDataAddressID":3032235,"WorkPlace":"Д/с Бату группа Бота","WorkPosition":null,"DocumentNumber":"1111111","DocumentTypeID":null,"DocumentType":null,"NationalityID":null,"DocumentTypeName":null,"Phones":"+7 (705) 242-72-17","ExternalCardID":"5967511","CardType":1,"CardNumber":"66620","CitizenshipCategoryID":1,"CitizenshipCategory":null,"ResidenceTypeID":3,"ResidenceType":null,"MotherPersonID":250935,"MotherPerson":null,"IsForeigner":false,"IsHomeless":false,"IsDeadPerson":false,"IsResident":true,"ID":"41029779","StrID":"41029779"},"Person":{"IIN":"231030650227","LastName":"КУСМАНОВА","FirstName":"КАМАЛИЯ","SecondName":"ЕРЖАНҚЫЗЫ","FullName":"КУСМАНОВА КАМАЛИЯ ЕРЖАНҚЫЗЫ","FullNameIOF":"КАМАЛИЯ ЕРЖАНҚЫЗЫ КУСМАНОВА","DisplayText":"231030650227 КАМАЛИЯ ЕРЖАНҚЫЗЫ КУСМАНОВА 30.10.2023","IinFullName":"231030650227 - КУСМАНОВА КАМАЛИЯ ЕРЖАНҚЫЗЫ","BirthDate":"2023-10-30T00:00:00","BirthDateStr":"30.10.2023","DeathDate":null,"DeathDateStr":"","BioSexID":2,"BioSex":null,"NationalityID":null,"Nationality":null,"CitizenshipID":null,"Citizenship":null,"MasterDataID":147507731,"RpnID":"15300000054639354","KmisID":"60300000001508430","Type":1,"Age":0,"IsStillborn":false,"IsEarlyNeonatalDeathUp28days":false,"IsDeadPerson":false,"ID":"2131971","StrID":"2131971"},"IsCito":false,"ExternalSystem":1,"OrderResultFileID":null,"OrderResultFileStorageID":null,"OrderResultDate":null,"Status":1,"DeleteDate":null,"ResultNotes":null,"Comment":"","ExternalOrderNumber":"51566504","ExaminationTypeID":null,"ExaminationType":null,"ExaminationIndicationID":null,"ExaminationIndication":null,"Uid":"1F3D99A1-CFEC-4A1A-A9BC-9D60EF418065","SenderPostFullName":"МЫРЗАБЕКОВА РЫСГУЛЬ ЖУМАГАЗЫЕВНА","SenderFuncStructureNameRU":"Отделение педиатрии","SenderFuncStructureNameKZ":"Педиатр бөлімі","IsSamplingOfMaterialsAtReceiver":false,"MisID":42123489,"Materials":[{"OrderID":31122141,"Uid":"e9cef7d2-c0d1-4bc9-9f38-cb73ea2fa0c0","MaterialNumber":"51566504","MaterialTypeID":363,"MaterialType":{"OrderBy":0,"ParentID":202,"HasChildren":false,"MasterDataID":489,"Parent":null,"NameRU":"Кровь венозная","NameKZ":"Кровь венозная","Name":"Кровь венозная","PublicCode":"36300","EndDate":null,"ID":"363","StrID":"363"},"TakeDate":"2026-08-31T01:36:00","TakeDateStr":"31.08.2026 01:36","TakePlace":"педиатрия","RejectionReason":null,"RejectionTakenMeasures":null,"ReceiptDate":null,"ReceiptDateStr":null,"RejectionCreatePostID":null,"RejectionCreatePost":null,"SampleCollectorPostIIN":"671213400451","SampleCollectorPostID":null,"Researches":[],"RejectedMaterialImageID":null,"File":null,"ID":"31408742","StrID":"31408742"}],"Researches":[]}],"Total":1}
31.08.2026 10:27:36	Information:	OrderedWW 51566504 Biomat 0 Device 20747
31.08.2026 10:27:36	Information:	ResearchResult
31.08.2026 10:27:36	Information:	{
"OrderID": "31122141",
"WorkPlaceID": 20747
}


31.08.2026 10:27:36	Information:	[{"OrderResearchID":67071438,"OrderResearch":null,"ParameterID":200735,"Parameter":{"ShortNameRU":"компоненты комплимента C3 в сыворотке крови","ShortNameKZ":"қан сарысуындағы С3 комплементінің компоненттері","ShortName":"компоненты комплимента C3 в сыворотке крови","DataType":0,"DataTypeName":"Число","UnitTypeID":100012,"UnitType":{"OrderBy":13,"MasterDataID":null,"CDD_ID":null,"NameRU":"г/л","NameKZ":"г/л","Name":"г/л","PublicCode":"10001200","EndDate":null,"ID":"100012","StrID":"100012"},"MedicalFormID":null,"MasterDataID":0,"MedicalForm":null,"NameWithDataType":"компоненты комплимента C3 в сыворотке крови  (Число)","NameRU":"компоненты комплимента C3 в сыворотке крови","NameKZ":"қан сарысуындағы С3 комплементінің компоненттері","Name":"компоненты комплимента C3 в сыворотке крови","PublicCode":"20073500","EndDate":null,"ID":"200735","StrID":"200735"},"ParameterValues":null,"ParameterValueID":null,"ParameterValue":null,"ResultText":null,"ResultValue":null,"ResultDate":"2026-08-31T10:27:37.7376913+05:00","PostID":"0","Post":null,"ExecuteMethod":1,"SourceResultText":null,"SourceResultValue":null,"SourceResultExpression":null,"SourceUnitTypeID":100012,"SourceUnitType":{"OrderBy":13,"MasterDataID":null,"CDD_ID":null,"NameRU":"г/л","NameKZ":"г/л","Name":"г/л","PublicCode":"10001200","EndDate":null,"ID":"100012","StrID":"100012"},"MultiplierID":null,"IsApproved":false,"IsValidated":false,"StandardMatchType":0,"ApproveDate":null,"ApprovePostID":null,"ApprovePost":null,"OrderNum":1,"WorkPlaceID":20747,"OrderID":null,"BacteriologyResult":null,"AnalyzerId":null,"IsOrderProductionControl":false,"ID":"0","StrID":"0"},{"OrderResearchID":67071439,"OrderResearch":null,"ParameterID":200736,"Parameter":{"ShortNameRU":"компоненты комплимента C4 в сыворотке крови","ShortNameKZ":"қан сарысуындағы С4 комплементінің компоненттері","ShortName":"компоненты комплимента C4 в сыворотке крови","DataType":0,"DataTypeName":"Число","UnitTypeID":100012,"UnitType":{"OrderBy":13,"MasterDataID":null,"CDD_ID":null,"NameRU":"г/л","NameKZ":"г/л","Name":"г/л","PublicCode":"10001200","EndDate":null,"ID":"100012","StrID":"100012"},"MedicalFormID":null,"MasterDataID":0,"MedicalForm":null,"NameWithDataType":"компоненты комплимента C4 в сыворотке крови  (Число)","NameRU":"компоненты комплимента C4 в сыворотке крови","NameKZ":"қан сарысуындағы С4 комплементінің компоненттері","Name":"компоненты комплимента C4 в сыворотке крови","PublicCode":"20073600","EndDate":null,"ID":"200736","StrID":"200736"},"ParameterValues":null,"ParameterValueID":null,"ParameterValue":null,"ResultText":null,"ResultValue":null,"ResultDate":"2026-08-31T10:27:37.7579783+05:00","PostID":"0","Post":null,"ExecuteMethod":1,"SourceResultText":null,"SourceResultValue":null,"SourceResultExpression":null,"SourceUnitTypeID":100012,"SourceUnitType":{"OrderBy":13,"MasterDataID":null,"CDD_ID":null,"NameRU":"г/л","NameKZ":"г/л","Name":"г/л","PublicCode":"10001200","EndDate":null,"ID":"100012","StrID":"100012"},"MultiplierID":null,"IsApproved":false,"IsValidated":false,"StandardMatchType":0,"ApproveDate":null,"ApprovePostID":null,"ApprovePost":null,"OrderNum":1,"WorkPlaceID":20747,"OrderID":null,"BacteriologyResult":null,"AnalyzerId":null,"IsOrderProductionControl":false,"ID":"0","StrID":"0"}]
31.08.2026 10:27:36	Information:	TestsWW spec 200735, spec 200736, 
31.08.2026 10:27:36	Information:	ByBarcode 51566602
31.08.2026 10:27:36	Information:	GetLinesByBarcodes
31.08.2026 10:27:36	Information:	{
"WorkPlaceID": 20747,
"BeginDate": "2026-06-01",
"EndDate": "2026-09-01",
"OrderNumber": "51566602",
"Offset": 0,
"Limit": 1
}


31.08.2026 10:27:36	Information:	GetByBarcodeReturn: 
31.08.2026 10:27:36	Information:	{"Data":[],"Total":0}
31.08.2026 10:27:36	Information:	Querry lines count: 1
31.08.2026 10:27:36	Information:	We have MISSED Barcodes! count: 1
31.08.2026 10:27:36	Debug:	SendResults:	fix DriverRequests=	339	ms
31.08.2026 10:27:36	Information:	SAMPLE! 51566504 DeviceDriverResult Sample: 51566504 Suggest: . Do Request True
31.08.2026 10:27:36	Information:	Sample request count: 1
31.08.2026 10:27:36	Information:	SAMPLE! 51566602 DeviceDriverResult Sample: 51566602 Suggest: . Do Request True
31.08.2026 10:27:36	Information:	THERE IS NO SR FOR Barcode 51566602
31.08.2026 10:27:36	Error:	dev.name = BS-240, samplerequests==0 
31.08.2026 10:27:36	Debug:	SendResults:	SetTestsValues first SetTestsValues=	8	ms
31.08.2026 10:27:36	Debug:	SendResults:	Device Total = 350 ms
31.08.2026 10:27:37	Information:	Sended bytes:  11 77 83 72 124 94 126 92 38 124 77 105 110 100 114 97 121 124 124 124 124 50 48 50 54 48 56 51 49 49 48 50 55 51 54 124 124 65 67 75 94 82 48 49 124 49 57 124 80 124 50 46 51 46 49 124 124 124 124 48 124 124 117 115 45 97 115 99 105 105 124 124 124 13 77 83 65 124 65 65 124 49 57 124 77 101 115 115 97 103 101 32 97 99 99 101 112 116 101 100 124 124 124 48 124 13 28 13
31.08.2026 10:27:37	Information:	Sended string MSH|^~\&|Mindray||||20260831102736||ACK^R01|19|P|2.3.1||||0||us-ascii|||MSA|AA|19|Message accepted|||0|
31.08.2026 10:29:06	Information:	Received bytes(encoded):MSH|^~\&|||||20260831102808||ORU^R01|20|P|2.3.1||||0||ASCII|||PID|20|||||||O|||||||||||||||||||||||OBR|20|51566612|11|^|N|20260831092254|20260831092229|20260831092229||1^11||||20260831092229|?????|||||||||||||||||||||||||||||||||OBX|1|NM|T-Bil-V|Bilirubin Total (VOX Method)|9.160505|?mol/L|-|N|||F||9.160505|20260831102753|||0||OBX|2|NM|D-Bil-V|Bilirubin Direct (VOX Method)|2.513959|?mol/L|-|N|||F||2.513959|20260831102808|||0||OBX|3|NM|ALT|Alanine Aminotransferase|18.011823|U/L|-|N|||F||18.011823|20260831102621|||0||OBX|4|NM|AST|Aspartate Aminotransferase|41.912679|U/L|-|N|||F||41.912679|20260831102636|||0||OBX|5|NM|TP|Total Protein|82.222947|g/L|-|N|||F||82.222947|20260831102808|||0||OBX|6|NM||AST/ALT|2.327778||-|N|||F||2.327778||||||
31.08.2026 10:29:06	Information:	Add Frame:
31.08.2026 10:29:06	Information:	MSH|^~\&|||||20260831102808||ORU^R01|20|P|2.3.1||||0||ASCII|||
31.08.2026 10:29:06	Information:	In Header
31.08.2026 10:29:06	Information:	MessageType: ORU
31.08.2026 10:29:06	Information:	After message type
31.08.2026 10:29:06	Information:	After ask
31.08.2026 10:29:06	Information:	After version
31.08.2026 10:29:06	Information:	Add Frame:
31.08.2026 10:29:06	Information:	PID|20|||||||O|||||||||||||||||||||||
31.08.2026 10:29:06	Information:	Add Frame:
31.08.2026 10:29:06	Information:	OBR|20|51566612|11|^|N|20260831092254|20260831092229|20260831092229||1^11||||20260831092229|?????|||||||||||||||||||||||||||||||||
31.08.2026 10:29:06	Information:	Add Frame:
31.08.2026 10:29:06	Information:	OBX|1|NM|T-Bil-V|Bilirubin Total (VOX Method)|9.160505|?mol/L|-|N|||F||9.160505|20260831102753|||0||
31.08.2026 10:29:06	Information:	Add Frame:
31.08.2026 10:29:06	Information:	OBX|2|NM|D-Bil-V|Bilirubin Direct (VOX Method)|2.513959|?mol/L|-|N|||F||2.513959|20260831102808|||0||
31.08.2026 10:29:06	Information:	Add Frame:
31.08.2026 10:29:06	Information:	OBX|3|NM|ALT|Alanine Aminotransferase|18.011823|U/L|-|N|||F||18.011823|20260831102621|||0||
31.08.2026 10:29:06	Information:	Add Frame:
31.08.2026 10:29:06	Information:	OBX|4|NM|AST|Aspartate Aminotransferase|41.912679|U/L|-|N|||F||41.912679|20260831102636|||0||
31.08.2026 10:29:06	Information:	Add Frame:
31.08.2026 10:29:06	Information:	OBX|5|NM|TP|Total Protein|82.222947|g/L|-|N|||F||82.222947|20260831102808|||0||
31.08.2026 10:29:06	Information:	Add Frame:
31.08.2026 10:29:06	Information:	OBX|6|NM||AST/ALT|2.327778||-|N|||F||2.327778||||||
31.08.2026 10:29:06	Information:	Add Frame:
31.08.2026 10:29:06	Information:	
31.08.2026 10:29:06	Debug:	read message: 14ms
31.08.2026 10:29:06	Information:	The answer message is created successfully
31.08.2026 10:29:06	Information:	Sending answer...
31.08.2026 10:29:06	Information:	We are in ORU Message
31.08.2026 10:29:06	Information:	MSH MSH|^~\&|||||20260831102808||ORU^R01|20|P|2.3.1||||0||ASCII||||
31.08.2026 10:29:06	Information:	PID PID|20|||||||O||||||||||||||||||||||||
31.08.2026 10:29:06	Information:	PatientRecord in message is successfully  processed
31.08.2026 10:29:06	Information:	The patient order is successfully processed
31.08.2026 10:29:06	Information:	The order record is successfully processed
31.08.2026 10:29:06	Information:	The order record is successfully processed
31.08.2026 10:29:06	Information:	The order record is successfully processed
31.08.2026 10:29:06	Information:	The order record is successfully processed
31.08.2026 10:29:06	Information:	The order record is successfully processed
31.08.2026 10:29:06	Information:	The order record is successfully processed
31.08.2026 10:29:06	Information:	The ORU message is successfully processed
31.08.2026 10:29:06	Debug:	Process message: 6ms
31.08.2026 10:29:06	Debug:	Total time : 22ms
31.08.2026 10:29:06	Information:	Sended bytes:  11 77 83 72 124 94 126 92 38 124 77 105 110 100 114 97 121 124 124 124 124 50 48 50 54 48 56 51 49 49 48 50 57 48 54 124 124 65 67 75 94 82 48 49 124 50 48 124 80 124 50 46 51 46 49 124 124 124 124 48 124 124 117 115 45 97 115 99 105 105 124 124 124 13 77 83 65 124 65 65 124 50 48 124 77 101 115 115 97 103 101 32 97 99 99 101 112 116 101 100 124 124 124 48 124 13 28 13
31.08.2026 10:29:06	Information:	Sended string MSH|^~\&|Mindray||||20260831102906||ACK^R01|20|P|2.3.1||||0||us-ascii|||MSA|AA|20|Message accepted|||0|
31.08.2026 10:29:07	Debug:	SendResults:	check DriverRequests=	1	ms
31.08.2026 10:29:07	Information:	ByBarcode 51566612
31.08.2026 10:29:07	Information:	GetLinesByBarcodes
31.08.2026 10:29:07	Information:	{
"WorkPlaceID": 20747,
"BeginDate": "2026-06-01",
"EndDate": "2026-09-01",
"OrderNumber": "51566612",
"Offset": 0,
"Limit": 1
}


31.08.2026 10:29:07	Information:	GetByBarcodeReturn: 
31.08.2026 10:29:07	Information:	{"Data":[{"ID":31122247,"StrID":"31122247","OrderNumber":"51566612","OrderRegDate":"2026-08-31T02:50:31.62","PlanExecutionDate":"2026-08-31T02:49:00","SenderMoID":45500000000000909,"SenderMo":{"NameRU":"Некоммерческое акционерное общество \"Медицинский университет Семей\"","NameKZ":"\"Семей медицина университеті\" коммерциялық емес акционерлік қоғамы","Name":"Некоммерческое акционерное общество \"Медицинский университет Семей\"","ShortNameRU":"НАО \"МУС\"","ShortNameKZ":"\"СМУ\" КеАҚ","ShortName":"НАО \"МУС\"","PublicCode":"237J","AddressRU":"ВКО, г. Семей, ул. Абая Кунанбаева 103","AddressKZ":"ВКО, г. Семей, ул. Абая Кунанбаева 103","Address":"ВКО, г. Семей, ул. Абая Кунанбаева 103","OriginalID":"45500000000000909","IsWork":true,"RegionID":20,"BIN":"190240004938","MasterDataID":4911,"PhonesData":{"OrgHealthCarePhones":[]},"IsPostmortem":false,"IsHospital":true,"Code":null,"ID":"45500000000000909","StrID":"45500000000000909"},"ReceiverMoID":45500000000000909,"ReceiverMo":null,"PatientDetailID":41021329,"PatientDetail":{"PersonID":"214076","Person":{"IIN":"150916502415","LastName":"ӘДІЛЖАН","FirstName":"ДӘУЛЕТ","SecondName":"АСХАТҰЛЫ","FullName":"ӘДІЛЖАН ДӘУЛЕТ АСХАТҰЛЫ","FullNameIOF":"ДӘУЛЕТ АСХАТҰЛЫ ӘДІЛЖАН","DisplayText":"150916502415 ДӘУЛЕТ АСХАТҰЛЫ ӘДІЛЖАН 16.09.2015","IinFullName":"150916502415 - ӘДІЛЖАН ДӘУЛЕТ АСХАТҰЛЫ","BirthDate":"2015-09-16T00:00:00","BirthDateStr":"16.09.2015","DeathDate":null,"DeathDateStr":"","BioSexID":3,"BioSex":null,"NationalityID":null,"Nationality":null,"CitizenshipID":null,"Citizenship":null,"MasterDataID":137993731,"RpnID":"15300000033786831","KmisID":"60300000000418190","Type":1,"Age":0,"IsStillborn":false,"IsEarlyNeonatalDeathUp28days":false,"IsDeadPerson":false,"ID":"214076","StrID":"214076"},"AddressRU":"РЕСПУБЛИКА: Казахстан , ОБЛАСТЬ: Восточно-казахстанская , ГОРОД ОБЛ.ЗНАЧ.: Семей , УЛИЦА: СЕЛЕВИНА, ДОМ: 46, КВАРТИРА: 6 ","AddressKZ":": Қазақстан , : Шығыс Қазақстан , : Семей Қ. , СЕЛЕВИНА көшесі, ҮЙ: 46, ПӘТЕР: 6 ","Address":"РЕСПУБЛИКА: Казахстан , ОБЛАСТЬ: Восточно-казахстанская , ГОРОД ОБЛ.ЗНАЧ.: Семей , УЛИЦА: СЕЛЕВИНА, ДОМ: 46, КВАРТИРА: 6 ","MasterDataAddressID":3096884,"WorkPlace":"Школа ОСШВИ КГУ \"Средняя общеобразовательная школа №35\", Класс  4","WorkPosition":null,"DocumentNumber":"4619644","DocumentTypeID":null,"DocumentType":null,"NationalityID":null,"DocumentTypeName":null,"Phones":"+7 (770) 171-00-67","ExternalCardID":"5966060","CardType":1,"CardNumber":"66374","CitizenshipCategoryID":1,"CitizenshipCategory":null,"ResidenceTypeID":3,"ResidenceType":null,"MotherPersonID":null,"MotherPerson":null,"IsForeigner":false,"IsHomeless":false,"IsDeadPerson":false,"IsResident":true,"ID":"41021329","StrID":"41021329"},"Person":{"IIN":"150916502415","LastName":"ӘДІЛЖАН","FirstName":"ДӘУЛЕТ","SecondName":"АСХАТҰЛЫ","FullName":"ӘДІЛЖАН ДӘУЛЕТ АСХАТҰЛЫ","FullNameIOF":"ДӘУЛЕТ АСХАТҰЛЫ ӘДІЛЖАН","DisplayText":"150916502415 ДӘУЛЕТ АСХАТҰЛЫ ӘДІЛЖАН 16.09.2015","IinFullName":"150916502415 - ӘДІЛЖАН ДӘУЛЕТ АСХАТҰЛЫ","BirthDate":"2015-09-16T00:00:00","BirthDateStr":"16.09.2015","DeathDate":null,"DeathDateStr":"","BioSexID":3,"BioSex":null,"NationalityID":null,"Nationality":null,"CitizenshipID":null,"Citizenship":null,"MasterDataID":137993731,"RpnID":"15300000033786831","KmisID":"60300000000418190","Type":1,"Age":0,"IsStillborn":false,"IsEarlyNeonatalDeathUp28days":false,"IsDeadPerson":false,"ID":"214076","StrID":"214076"},"IsCito":false,"ExternalSystem":1,"OrderResultFileID":null,"OrderResultFileStorageID":null,"OrderResultDate":null,"Status":1,"DeleteDate":null,"ResultNotes":null,"Comment":"","ExternalOrderNumber":"51566612","ExaminationTypeID":null,"ExaminationType":null,"ExaminationIndicationID":null,"ExaminationIndication":null,"Uid":"D79D803E-94C8-4DD1-ACB8-D99204D8F170","SenderPostFullName":"ЕСІМХАНОВ АЙБЕК ӘДІЛЕТҰЛЫ","SenderFuncStructureNameRU":"Отделение педиатрии","SenderFuncStructureNameKZ":"Педиатр бөлімі","IsSamplingOfMaterialsAtReceiver":false,"MisID":42123607,"Materials":[{"OrderID":31122247,"Uid":"fc8ca826-b5e7-4f4e-b3b9-a15231c420c5","MaterialNumber":"51566612","MaterialTypeID":363,"MaterialType":{"OrderBy":0,"ParentID":202,"HasChildren":false,"MasterDataID":489,"Parent":null,"NameRU":"Кровь венозная","NameKZ":"Кровь венозная","Name":"Кровь венозная","PublicCode":"36300","EndDate":null,"ID":"363","StrID":"363"},"TakeDate":"2026-08-31T02:50:00","TakeDateStr":"31.08.2026 02:50","TakePlace":"педиатрия","RejectionReason":null,"RejectionTakenMeasures":null,"ReceiptDate":null,"ReceiptDateStr":null,"RejectionCreatePostID":null,"RejectionCreatePost":null,"SampleCollectorPostIIN":"670604401046","SampleCollectorPostID":null,"Researches":[],"RejectedMaterialImageID":null,"File":null,"ID":"31408848","StrID":"31408848"}],"Researches":[]}],"Total":1}
31.08.2026 10:29:07	Information:	OrderedWW 51566612 Biomat 0 Device 20747
31.08.2026 10:29:07	Information:	ResearchResult
31.08.2026 10:29:07	Information:	{
"OrderID": "31122247",
"WorkPlaceID": 20747
}


31.08.2026 10:29:07	Information:	[{"OrderResearchID":67071714,"OrderResearch":null,"ParameterID":200918,"Parameter":{"ShortNameRU":"общий белок в сыворотке крови","ShortNameKZ":"қан сарысуындағы жалпы ақуыз","ShortName":"общий белок в сыворотке крови","DataType":0,"DataTypeName":"Число","UnitTypeID":100012,"UnitType":{"OrderBy":13,"MasterDataID":null,"CDD_ID":null,"NameRU":"г/л","NameKZ":"г/л","Name":"г/л","PublicCode":"10001200","EndDate":null,"ID":"100012","StrID":"100012"},"MedicalFormID":null,"MasterDataID":0,"MedicalForm":null,"NameWithDataType":"общий белок в сыворотке крови  (Число)","NameRU":"общий белок в сыворотке крови","NameKZ":"қан сарысуындағы жалпы ақуыз","Name":"общий белок в сыворотке крови","PublicCode":"20091800","EndDate":null,"ID":"200918","StrID":"200918"},"ParameterValues":null,"ParameterValueID":null,"ParameterValue":null,"ResultText":null,"ResultValue":null,"ResultDate":"2026-08-31T10:29:08.3506168+05:00","PostID":"0","Post":null,"ExecuteMethod":2,"SourceResultText":null,"SourceResultValue":null,"SourceResultExpression":null,"SourceUnitTypeID":100012,"SourceUnitType":{"OrderBy":13,"MasterDataID":null,"CDD_ID":null,"NameRU":"г/л","NameKZ":"г/л","Name":"г/л","PublicCode":"10001200","EndDate":null,"ID":"100012","StrID":"100012"},"MultiplierID":null,"IsApproved":false,"IsValidated":false,"StandardMatchType":0,"ApproveDate":null,"ApprovePostID":null,"ApprovePost":null,"OrderNum":1,"WorkPlaceID":20747,"OrderID":null,"BacteriologyResult":null,"AnalyzerId":null,"IsOrderProductionControl":false,"ID":"0","StrID":"0"},{"OrderResearchID":67071710,"OrderResearch":null,"ParameterID":200357,"Parameter":{"ShortNameRU":"АЛаТ","ShortNameKZ":"АЛаТ","ShortName":"АЛаТ","DataType":0,"DataTypeName":"Число","UnitTypeID":100030,"UnitType":{"OrderBy":31,"MasterDataID":null,"CDD_ID":null,"NameRU":"МЕ/л","NameKZ":"ХБ/л","Name":"МЕ/л","PublicCode":"10003000","EndDate":null,"ID":"100030","StrID":"100030"},"MedicalFormID":null,"MasterDataID":0,"MedicalForm":null,"NameWithDataType":"АЛаТ  (Число)","NameRU":"АЛаТ","NameKZ":"АЛаТ","Name":"АЛаТ","PublicCode":"20035700","EndDate":null,"ID":"200357","StrID":"200357"},"ParameterValues":null,"ParameterValueID":null,"ParameterValue":null,"ResultText":null,"ResultValue":null,"ResultDate":"2026-08-31T10:29:08.3580079+05:00","PostID":"0","Post":null,"ExecuteMethod":2,"SourceResultText":null,"SourceResultValue":null,"SourceResultExpression":null,"SourceUnitTypeID":100030,"SourceUnitType":{"OrderBy":31,"MasterDataID":null,"CDD_ID":null,"NameRU":"МЕ/л","NameKZ":"ХБ/л","Name":"МЕ/л","PublicCode":"10003000","EndDate":null,"ID":"100030","StrID":"100030"},"MultiplierID":null,"IsApproved":false,"IsValidated":false,"StandardMatchType":0,"ApproveDate":null,"ApprovePostID":null,"ApprovePost":null,"OrderNum":1,"WorkPlaceID":20747,"OrderID":null,"BacteriologyResult":null,"AnalyzerId":null,"IsOrderProductionControl":false,"ID":"0","StrID":"0"},{"OrderResearchID":67071713,"OrderResearch":null,"ParameterID":201032,"Parameter":{"ShortNameRU":"прямой билирубин в сыворотке крови","ShortNameKZ":"қан сарысуындағы тікелей билирубин","ShortName":"прямой билирубин в сыворотке крови","DataType":0,"DataTypeName":"Число","UnitTypeID":100041,"UnitType":{"OrderBy":42,"MasterDataID":null,"CDD_ID":null,"NameRU":"мкмоль/л","NameKZ":"мкмоль/л","Name":"мкмоль/л","PublicCode":"10004100","EndDate":null,"ID":"100041","StrID":"100041"},"MedicalFormID":null,"MasterDataID":0,"MedicalForm":null,"NameWithDataType":"прямой билирубин в сыворотке крови  (Число)","NameRU":"прямой билирубин в сыворотке крови","NameKZ":"қан сарысуындағы тікелей билирубин","Name":"прямой билирубин в сыворотке крови","PublicCode":"20103200","EndDate":null,"ID":"201032","StrID":"201032"},"ParameterValues":null,"ParameterValueID":null,"ParameterValue":null,"ResultText":null,"ResultValue":null,"ResultDate":"2026-08-31T10:29:08.3625311+05:00","PostID":"0","Post":null,"ExecuteMethod":2,"SourceResultText":null,"SourceResultValue":null,"SourceResultExpression":null,"SourceUnitTypeID":100041,"SourceUnitType":{"OrderBy":42,"MasterDataID":null,"CDD_ID":null,"NameRU":"мкмоль/л","NameKZ":"мкмоль/л","Name":"мкмоль/л","PublicCode":"10004100","EndDate":null,"ID":"100041","StrID":"100041"},"MultiplierID":null,"IsApproved":false,"IsValidated":false,"StandardMatchType":0,"ApproveDate":null,"ApprovePostID":null,"ApprovePost":null,"OrderNum":1,"WorkPlaceID":20747,"OrderID":null,"BacteriologyResult":null,"AnalyzerId":null,"IsOrderProductionControl":false,"ID":"0","StrID":"0"},{"OrderResearchID":67071712,"OrderResearch":null,"ParameterID":200919,"Parameter":{"ShortNameRU":"общий билирубин в сыворотке крови","ShortNameKZ":"қан сарысуындағы жалпы билирубин","ShortName":"общий билирубин в сыворотке крови","DataType":0,"DataTypeName":"Число","UnitTypeID":100041,"UnitType":{"OrderBy":42,"MasterDataID":null,"CDD_ID":null,"NameRU":"мкмоль/л","NameKZ":"мкмоль/л","Name":"мкмоль/л","PublicCode":"10004100","EndDate":null,"ID":"100041","StrID":"100041"},"MedicalFormID":null,"MasterDataID":0,"MedicalForm":null,"NameWithDataType":"общий билирубин в сыворотке крови  (Число)","NameRU":"общий билирубин в сыворотке крови","NameKZ":"қан сарысуындағы жалпы билирубин","Name":"общий билирубин в сыворотке крови","PublicCode":"20091900","EndDate":null,"ID":"200919","StrID":"200919"},"ParameterValues":null,"ParameterValueID":null,"ParameterValue":null,"ResultText":null,"ResultValue":null,"ResultDate":"2026-08-31T10:29:08.3651044+05:00","PostID":"0","Post":null,"ExecuteMethod":2,"SourceResultText":null,"SourceResultValue":null,"SourceResultExpression":null,"SourceUnitTypeID":100041,"SourceUnitType":{"OrderBy":42,"MasterDataID":null,"CDD_ID":null,"NameRU":"мкмоль/л","NameKZ":"мкмоль/л","Name":"мкмоль/л","PublicCode":"10004100","EndDate":null,"ID":"100041","StrID":"100041"},"MultiplierID":null,"IsApproved":false,"IsValidated":false,"StandardMatchType":0,"ApproveDate":null,"ApprovePostID":null,"ApprovePost":null,"OrderNum":1,"WorkPlaceID":20747,"OrderID":null,"BacteriologyResult":null,"AnalyzerId":null,"IsOrderProductionControl":false,"ID":"0","StrID":"0"},{"OrderResearchID":67071711,"OrderResearch":null,"ParameterID":200408,"Parameter":{"ShortNameRU":"АСаТ","ShortNameKZ":"АСаТ","ShortName":"АСаТ","DataType":0,"DataTypeName":"Число","UnitTypeID":100030,"UnitType":{"OrderBy":31,"MasterDataID":null,"CDD_ID":null,"NameRU":"МЕ/л","NameKZ":"ХБ/л","Name":"МЕ/л","PublicCode":"10003000","EndDate":null,"ID":"100030","StrID":"100030"},"MedicalFormID":null,"MasterDataID":0,"MedicalForm":null,"NameWithDataType":"АСаТ  (Число)","NameRU":"АСаТ","NameKZ":"АСаТ","Name":"АСаТ","PublicCode":"20040800","EndDate":null,"ID":"200408","StrID":"200408"},"ParameterValues":null,"ParameterValueID":null,"ParameterValue":null,"ResultText":null,"ResultValue":null,"ResultDate":"2026-08-31T10:29:08.3681631+05:00","PostID":"0","Post":null,"ExecuteMethod":2,"SourceResultText":null,"SourceResultValue":null,"SourceResultExpression":null,"SourceUnitTypeID":100030,"SourceUnitType":{"OrderBy":31,"MasterDataID":null,"CDD_ID":null,"NameRU":"МЕ/л","NameKZ":"ХБ/л","Name":"МЕ/л","PublicCode":"10003000","EndDate":null,"ID":"100030","StrID":"100030"},"MultiplierID":null,"IsApproved":false,"IsValidated":false,"StandardMatchType":0,"ApproveDate":null,"ApprovePostID":null,"ApprovePost":null,"OrderNum":1,"WorkPlaceID":20747,"OrderID":null,"BacteriologyResult":null,"AnalyzerId":null,"IsOrderProductionControl":false,"ID":"0","StrID":"0"}]
31.08.2026 10:29:07	Information:	TestsWW spec 200918, spec 200357, spec 201032, spec 200919, spec 200408, 
31.08.2026 10:29:07	Information:	Querry lines count: 1
31.08.2026 10:29:07	Debug:	SendResults:	fix DriverRequests=	222	ms
31.08.2026 10:29:07	Information:	SAMPLE! 51566612 DeviceDriverResult Sample: 51566612 Suggest: . Do Request True
31.08.2026 10:29:07	Information:	Sample request count: 1
31.08.2026 10:29:07	Information:	MU is ?mol/L
31.08.2026 10:29:07	Information:	Driver Collations count 0
31.08.2026 10:29:07	Information:	MU collations count=0
31.08.2026 10:29:07	Information:	MU is ?mol/L
31.08.2026 10:29:07	Information:	Driver Collations count 0
31.08.2026 10:29:07	Information:	MU collations count=0
31.08.2026 10:29:07	Information:	MU is U/L
31.08.2026 10:29:07	Information:	Driver Collations count 0
31.08.2026 10:29:07	Information:	MU collations count=0
31.08.2026 10:29:07	Information:	MU is U/L
31.08.2026 10:29:07	Information:	Driver Collations count 0
31.08.2026 10:29:07	Information:	MU collations count=0
31.08.2026 10:29:07	Information:	MU is g/L
31.08.2026 10:29:07	Information:	Driver Collations count 0
31.08.2026 10:29:07	Information:	MU collations count=0
31.08.2026 10:29:07	Debug:	SendResults:	SetTestsValues first SetTestsValues=	42	ms
31.08.2026 10:29:07	Debug:	SendResults:	Device Total = 269 ms
31.08.2026 10:29:07	Information:	Saving 51566612
31.08.2026 10:29:07	Information:	Start test result saving
31.08.2026 10:29:07	Information:	Result object to save: 
31.08.2026 10:29:07	Information:	{"OrderResearchID":67071714,"OrderResearch":null,"ParameterID":200918,"Parameter":{"ShortNameRU":"общий белок в сыворотке крови","ShortNameKZ":"қан сарысуындағы жалпы ақуыз","ShortName":"общий белок в сыворотке крови","DataType":0,"DataTypeName":"Число","UnitTypeID":100012,"UnitType":{"NameRU":"г/л","NameKZ":"г/л","Name":"г/л","PublicCode":"10001200","OrderBy":13,"ID":100012,"StrID":"100012"},"MedicalFormID":null,"MedicalForm":null,"NameRU":"общий белок в сыворотке крови","NameKZ":"қан сарысуындағы жалпы ақуыз","Name":"общий белок в сыворотке крови","PublicCode":"20091800","OrderBy":null,"ID":200918,"StrID":"200918"},"ParameterValueID":null,"ParameterValue":null,"ResultText":"82.22","ResultValue":null,"ResultDate":"2026-08-31T10:29:08.3506168+05:00","PostID":0,"Post":null,"ExecuteMethod":2,"SourceResultText":"82.22","SourceResultValue":null,"SourceResultExpression":null,"SourceUnitTypeID":100012,"SourceUnitType":{"NameRU":"г/л","NameKZ":"г/л","Name":"г/л","PublicCode":"10001200","OrderBy":13,"ID":100012,"StrID":"100012"},"IsApproved":false,"ApproveDate":null,"ApprovePostID":null,"ApprovePost":null,"OrderNum":1,"WorkPlaceID":20747,"DriverManagerID":150,"BacteriologyResult":null,"AnalyzerId":38,"IsOrderProductionControl":false,"ID":0,"StrID":"0"}
31.08.2026 10:29:07	Information:	Save string: 
31.08.2026 10:29:07	Information:	{"OrderResearchID":67071714,"OrderResearch":{"OrderID":31122247,"ServiceMoID":2163201,"ServiceMoMasterDataID":8269447,"ServiceMo":{"OrgHealthCareID":"45500000000000909","ServiceID":236,"NameRU":"Определение общего белка в сыворотке крови на анализаторе","NameKZ":"Қан сарысуындағы жалпы нәруызды талдауышта анықтау ","Name":"Определение общего белка в сыворотке крови на анализаторе","ShortNameRU":"Определение общего белка в сыворотке крови на анализаторе","ShortNameKZ":"Қан сарысуындағы жалпы нәруызды талдауышта анықтау ","ShortName":"Определение общего белка в сыворотке крови на анализаторе","FullName":"B03.397.002 - Определение общего белка в сыворотке крови на анализаторе","Code":"B03.397.002","ExternalCode":null,"ServiceClassID":5,"ServiceClass":{"ServiceTypeID":2,"OrderBy":5,"MasterDataID":5,"NameRU":"Клиническая химия (биохимия)","NameKZ":"Клиникалық химия (биохимия)","Name":"Клиническая химия (биохимия)","PublicCode":"500","EndDate":null,"ID":"5","StrID":"5"},"Service":{"NameRU":"Определение общего белка в сыворотке крови на анализаторе","NameKZ":"Қан сарысуындағы жалпы нәруызды талдауышта анықтау","Name":"Определение общего белка в сыворотке крови на анализаторе","ShortNameRU":"Общий белок на анализаторе","ShortNameKZ":"Общий белок на анализаторе","ShortName":"Общий белок на анализаторе","FullName":"B03.397.002 - Определение общего белка в сыворотке крови на анализаторе","Code":"B03.397.002","ServiceClassID":5,"ServiceClass":null,"ServiceSubClassID":6,"ServiceSubClass":null,"MaterialTypeID":202,"MaterialType":null,"MasterDataID":3079,"ID":"236","StrID":"236"},"MasterDataID":8269447,"ServiceSubClassID":6,"PayType":1,"ServiceSubClass":null,"ID":"2163201","StrID":"2163201"},"FullName":"B03.397.002 - Определение общего белка в сыворотке крови на анализаторе  () ","IsMain":true,"SourceID":"144934320_33965462","WorkPlaceID":20747,"WorkPlace":null,"DriverManager":null,"ParameterID":null,"Parameter":null,"AdditionalInfo":null,"Status":1,"PerformetServiceCount":7,"ResearchResultCount":0,"ApproveResearchResultCount":0,"NotSaveResearchResultCount":0,"ParentID":null,"ScreeningCandidatePlanGuid":null,"ScreeningUrl":null,"TakePlace":null,"MaterialTypeID":null,"MaterialType":null,"PartCount":0,"IsOrderProductionControl":false,"Uid":"3db6d2b5-7e9a-4411-845b-817d64afb124","OrderPerformerServices":[],"OrderResearchAllergens":[],"Results":[],"IsResumed":false,"ExecutionType":0,"ID":"67071714","StrID":"67071714"},"ParameterID":200918,"Parameter":{"ShortNameRU":"общий белок в сыворотке крови","ShortNameKZ":"қан сарысуындағы жалпы ақуыз","ShortName":"общий белок в сыворотке крови","DataType":0,"DataTypeName":"Число","UnitTypeID":100012,"UnitType":null,"MedicalFormID":null,"MasterDataID":0,"MedicalForm":null,"NameWithDataType":"общий белок в сыворотке крови  (Число)","NameRU":"общий белок в сыворотке крови","NameKZ":"қан сарысуындағы жалпы ақуыз","Name":"общий белок в сыворотке крови","PublicCode":"20091800","EndDate":null,"ID":"200918","StrID":"200918"},"ParameterValues":null,"ParameterValueID":null,"ParameterValue":null,"ResultText":"82.22","ResultValue":"82.22","ResultDate":"2026-08-31T10:29:08.4682602+05:00","PostID":"189416","Post":null,"ExecuteMethod":2,"SourceResultText":"82.22","SourceResultValue":"82.22","SourceResultExpression":null,"SourceUnitTypeID":100012,"SourceUnitType":{"OrderBy":13,"MasterDataID":null,"CDD_ID":null,"NameRU":"г/л","NameKZ":"г/л","Name":"г/л","PublicCode":"10001200","EndDate":null,"ID":"100012","StrID":"100012"},"MultiplierID":null,"IsApproved":false,"IsValidated":false,"StandardMatchType":0,"ApproveDate":null,"ApprovePostID":null,"ApprovePost":null,"OrderNum":1,"WorkPlaceID":20747,"OrderID":null,"BacteriologyResult":null,"AnalyzerId":38,"IsOrderProductionControl":false,"ID":"207166161","StrID":"207166161"}
31.08.2026 10:29:07	Information:	Result object to save: 
31.08.2026 10:29:07	Information:	{"OrderResearchID":67071710,"OrderResearch":null,"ParameterID":200357,"Parameter":{"ShortNameRU":"АЛаТ","ShortNameKZ":"АЛаТ","ShortName":"АЛаТ","DataType":0,"DataTypeName":"Число","UnitTypeID":100030,"UnitType":{"NameRU":"МЕ/л","NameKZ":"ХБ/л","Name":"МЕ/л","PublicCode":"10003000","OrderBy":31,"ID":100030,"StrID":"100030"},"MedicalFormID":null,"MedicalForm":null,"NameRU":"АЛаТ","NameKZ":"АЛаТ","Name":"АЛаТ","PublicCode":"20035700","OrderBy":null,"ID":200357,"StrID":"200357"},"ParameterValueID":null,"ParameterValue":null,"ResultText":"18.01","ResultValue":null,"ResultDate":"2026-08-31T10:29:08.3580079+05:00","PostID":0,"Post":null,"ExecuteMethod":2,"SourceResultText":"18.01","SourceResultValue":null,"SourceResultExpression":null,"SourceUnitTypeID":100030,"SourceUnitType":{"NameRU":"МЕ/л","NameKZ":"ХБ/л","Name":"МЕ/л","PublicCode":"10003000","OrderBy":31,"ID":100030,"StrID":"100030"},"IsApproved":false,"ApproveDate":null,"ApprovePostID":null,"ApprovePost":null,"OrderNum":1,"WorkPlaceID":20747,"DriverManagerID":150,"BacteriologyResult":null,"AnalyzerId":38,"IsOrderProductionControl":false,"ID":0,"StrID":"0"}
31.08.2026 10:29:07	Information:	Save string: 
31.08.2026 10:29:07	Information:	{"OrderResearchID":67071710,"OrderResearch":{"OrderID":31122247,"ServiceMoID":2163576,"ServiceMoMasterDataID":8269462,"ServiceMo":{"OrgHealthCareID":"45500000000000909","ServiceID":253,"NameRU":"Определение аланинаминотрансферазы (АЛаТ) в сыворотке крови на анализаторе","NameKZ":"Қан сарысуындағы аланинаминотрансферазды (АЛаТ) талдауышта анықтау ","Name":"Определение аланинаминотрансферазы (АЛаТ) в сыворотке крови на анализаторе","ShortNameRU":"Определение аланинаминотрансферазы (АЛаТ) в сыворотке крови на анализаторе","ShortNameKZ":"Қан сарысуындағы аланинаминотрансферазды (АЛаТ) талдауышта анықтау ","ShortName":"Определение аланинаминотрансферазы (АЛаТ) в сыворотке крови на анализаторе","FullName":"B03.155.002 - Определение аланинаминотрансферазы (АЛаТ) в сыворотке крови на анализаторе","Code":"B03.155.002","ExternalCode":null,"ServiceClassID":5,"ServiceClass":{"ServiceTypeID":2,"OrderBy":5,"MasterDataID":5,"NameRU":"Клиническая химия (биохимия)","NameKZ":"Клиникалық химия (биохимия)","Name":"Клиническая химия (биохимия)","PublicCode":"500","EndDate":null,"ID":"5","StrID":"5"},"Service":{"NameRU":"Определение аланинаминотрансферазы (АЛаТ) в сыворотке крови на анализаторе","NameKZ":"Қан сарысуындағы аланинаминотрансферазды (АЛаТ) талдауышта анықтау","Name":"Определение аланинаминотрансферазы (АЛаТ) в сыворотке крови на анализаторе","ShortNameRU":"АЛаТ на анализаторе","ShortNameKZ":"АЛаТ на анализаторе","ShortName":"АЛаТ на анализаторе","FullName":"B03.155.002 - Определение аланинаминотрансферазы (АЛаТ) в сыворотке крови на анализаторе","Code":"B03.155.002","ServiceClassID":5,"ServiceClass":null,"ServiceSubClassID":6,"ServiceSubClass":null,"MaterialTypeID":202,"MaterialType":null,"MasterDataID":3094,"ID":"253","StrID":"253"},"MasterDataID":8269462,"ServiceSubClassID":6,"PayType":1,"ServiceSubClass":null,"ID":"2163576","StrID":"2163576"},"FullName":"B03.155.002 - Определение аланинаминотрансферазы (АЛаТ) в сыворотке крови на анализаторе  () ","IsMain":true,"SourceID":"144934320_33965458","WorkPlaceID":20747,"WorkPlace":null,"DriverManager":null,"ParameterID":null,"Parameter":null,"AdditionalInfo":null,"Status":1,"PerformetServiceCount":9,"ResearchResultCount":0,"ApproveResearchResultCount":0,"NotSaveResearchResultCount":0,"ParentID":null,"ScreeningCandidatePlanGuid":null,"ScreeningUrl":null,"TakePlace":null,"MaterialTypeID":null,"MaterialType":null,"PartCount":0,"IsOrderProductionControl":false,"Uid":"7156a5d7-4826-4761-8df9-c592c1267708","OrderPerformerServices":[],"OrderResearchAllergens":[],"Results":[],"IsResumed":false,"ExecutionType":0,"ID":"67071710","StrID":"67071710"},"ParameterID":200357,"Parameter":{"ShortNameRU":"АЛаТ","ShortNameKZ":"АЛаТ","ShortName":"АЛаТ","DataType":0,"DataTypeName":"Число","UnitTypeID":100030,"UnitType":null,"MedicalFormID":null,"MasterDataID":0,"MedicalForm":null,"NameWithDataType":"АЛаТ  (Число)","NameRU":"АЛаТ","NameKZ":"АЛаТ","Name":"АЛаТ","PublicCode":"20035700","EndDate":null,"ID":"200357","StrID":"200357"},"ParameterValues":null,"ParameterValueID":null,"ParameterValue":null,"ResultText":"18.01","ResultValue":"18.01","ResultDate":"2026-08-31T10:29:08.6227648+05:00","PostID":"189416","Post":null,"ExecuteMethod":2,"SourceResultText":"18.01","SourceResultValue":"18.01","SourceResultExpression":null,"SourceUnitTypeID":100030,"SourceUnitType":{"OrderBy":31,"MasterDataID":null,"CDD_ID":null,"NameRU":"МЕ/л","NameKZ":"ХБ/л","Name":"МЕ/л","PublicCode":"10003000","EndDate":null,"ID":"100030","StrID":"100030"},"MultiplierID":null,"IsApproved":false,"IsValidated":false,"StandardMatchType":0,"ApproveDate":null,"ApprovePostID":null,"ApprovePost":null,"OrderNum":1,"WorkPlaceID":20747,"OrderID":null,"BacteriologyResult":null,"AnalyzerId":38,"IsOrderProductionControl":false,"ID":"207166162","StrID":"207166162"}
31.08.2026 10:29:07	Information:	Result object to save: 
31.08.2026 10:29:07	Information:	{"OrderResearchID":67071713,"OrderResearch":null,"ParameterID":201032,"Parameter":{"ShortNameRU":"прямой билирубин в сыворотке крови","ShortNameKZ":"қан сарысуындағы тікелей билирубин","ShortName":"прямой билирубин в сыворотке крови","DataType":0,"DataTypeName":"Число","UnitTypeID":100041,"UnitType":{"NameRU":"мкмоль/л","NameKZ":"мкмоль/л","Name":"мкмоль/л","PublicCode":"10004100","OrderBy":42,"ID":100041,"StrID":"100041"},"MedicalFormID":null,"MedicalForm":null,"NameRU":"прямой билирубин в сыворотке крови","NameKZ":"қан сарысуындағы тікелей билирубин","Name":"прямой билирубин в сыворотке крови","PublicCode":"20103200","OrderBy":null,"ID":201032,"StrID":"201032"},"ParameterValueID":null,"ParameterValue":null,"ResultText":"2.51","ResultValue":null,"ResultDate":"2026-08-31T10:29:08.3625311+05:00","PostID":0,"Post":null,"ExecuteMethod":2,"SourceResultText":"2.51","SourceResultValue":null,"SourceResultExpression":null,"SourceUnitTypeID":100041,"SourceUnitType":{"NameRU":"мкмоль/л","NameKZ":"мкмоль/л","Name":"мкмоль/л","PublicCode":"10004100","OrderBy":42,"ID":100041,"StrID":"100041"},"IsApproved":false,"ApproveDate":null,"ApprovePostID":null,"ApprovePost":null,"OrderNum":1,"WorkPlaceID":20747,"DriverManagerID":150,"BacteriologyResult":null,"AnalyzerId":38,"IsOrderProductionControl":false,"ID":0,"StrID":"0"}
31.08.2026 10:29:07	Information:	Save string: 
31.08.2026 10:29:07	Information:	{"OrderResearchID":67071713,"OrderResearch":{"OrderID":31122247,"ServiceMoID":2163601,"ServiceMoMasterDataID":8269463,"ServiceMo":{"OrgHealthCareID":"45500000000000909","ServiceID":254,"NameRU":"Определение прямого билирубина в сыворотке крови на анализаторе","NameKZ":"Қан сарысуындағы тікелей  билирубинді талдауышта анықтау ","Name":"Определение прямого билирубина в сыворотке крови на анализаторе","ShortNameRU":"Определение прямого билирубина в сыворотке крови на анализаторе","ShortNameKZ":"Қан сарысуындағы тікелей  билирубинді талдауышта анықтау ","ShortName":"Определение прямого билирубина в сыворотке крови на анализаторе","FullName":"B03.435.002 - Определение прямого билирубина в сыворотке крови на анализаторе","Code":"B03.435.002","ExternalCode":null,"ServiceClassID":5,"ServiceClass":{"ServiceTypeID":2,"OrderBy":5,"MasterDataID":5,"NameRU":"Клиническая химия (биохимия)","NameKZ":"Клиникалық химия (биохимия)","Name":"Клиническая химия (биохимия)","PublicCode":"500","EndDate":null,"ID":"5","StrID":"5"},"Service":{"NameRU":"Определение прямого билирубина в сыворотке крови на анализаторе","NameKZ":"Қан сарысуындағы тікелей билирубинді талдауышта анықтау","Name":"Определение прямого билирубина в сыворотке крови на анализаторе","ShortNameRU":"Прямой Bi на анализаторе","ShortNameKZ":"Прямой Bi на анализаторе","ShortName":"Прямой Bi на анализаторе","FullName":"B03.435.002 - Определение прямого билирубина в сыворотке крови на анализаторе","Code":"B03.435.002","ServiceClassID":5,"ServiceClass":null,"ServiceSubClassID":6,"ServiceSubClass":null,"MaterialTypeID":202,"MaterialType":null,"MasterDataID":3095,"ID":"254","StrID":"254"},"MasterDataID":8269463,"ServiceSubClassID":6,"PayType":1,"ServiceSubClass":null,"ID":"2163601","StrID":"2163601"},"FullName":"B03.435.002 - Определение прямого билирубина в сыворотке крови на анализаторе  () ","IsMain":true,"SourceID":"144934320_33965461","WorkPlaceID":20747,"WorkPlace":null,"DriverManager":null,"ParameterID":null,"Parameter":null,"AdditionalInfo":null,"Status":1,"PerformetServiceCount":7,"ResearchResultCount":0,"ApproveResearchResultCount":0,"NotSaveResearchResultCount":0,"ParentID":null,"ScreeningCandidatePlanGuid":null,"ScreeningUrl":null,"TakePlace":null,"MaterialTypeID":null,"MaterialType":null,"PartCount":0,"IsOrderProductionControl":false,"Uid":"f1f89715-abff-456b-ba50-41212f38bd09","OrderPerformerServices":[],"OrderResearchAllergens":[],"Results":[],"IsResumed":false,"ExecutionType":0,"ID":"67071713","StrID":"67071713"},"ParameterID":201032,"Parameter":{"ShortNameRU":"прямой билирубин в сыворотке крови","ShortNameKZ":"қан сарысуындағы тікелей билирубин","ShortName":"прямой билирубин в сыворотке крови","DataType":0,"DataTypeName":"Число","UnitTypeID":100041,"UnitType":null,"MedicalFormID":null,"MasterDataID":0,"MedicalForm":null,"NameWithDataType":"прямой билирубин в сыворотке крови  (Число)","NameRU":"прямой билирубин в сыворотке крови","NameKZ":"қан сарысуындағы тікелей билирубин","Name":"прямой билирубин в сыворотке крови","PublicCode":"20103200","EndDate":null,"ID":"201032","StrID":"201032"},"ParameterValues":null,"ParameterValueID":null,"ParameterValue":null,"ResultText":"2.51","ResultValue":"2.51","ResultDate":"2026-08-31T10:29:08.7844477+05:00","PostID":"189416","Post":null,"ExecuteMethod":2,"SourceResultText":"2.51","SourceResultValue":"2.51","SourceResultExpression":null,"SourceUnitTypeID":100041,"SourceUnitType":{"OrderBy":42,"MasterDataID":null,"CDD_ID":null,"NameRU":"мкмоль/л","NameKZ":"мкмоль/л","Name":"мкмоль/л","PublicCode":"10004100","EndDate":null,"ID":"100041","StrID":"100041"},"MultiplierID":null,"IsApproved":false,"IsValidated":false,"StandardMatchType":0,"ApproveDate":null,"ApprovePostID":null,"ApprovePost":null,"OrderNum":1,"WorkPlaceID":20747,"OrderID":null,"BacteriologyResult":null,"AnalyzerId":38,"IsOrderProductionControl":false,"ID":"207166163","StrID":"207166163"}
31.08.2026 10:29:07	Information:	Result object to save: 
31.08.2026 10:29:07	Information:	{"OrderResearchID":67071712,"OrderResearch":null,"ParameterID":200919,"Parameter":{"ShortNameRU":"общий билирубин в сыворотке крови","ShortNameKZ":"қан сарысуындағы жалпы билирубин","ShortName":"общий билирубин в сыворотке крови","DataType":0,"DataTypeName":"Число","UnitTypeID":100041,"UnitType":{"NameRU":"мкмоль/л","NameKZ":"мкмоль/л","Name":"мкмоль/л","PublicCode":"10004100","OrderBy":42,"ID":100041,"StrID":"100041"},"MedicalFormID":null,"MedicalForm":null,"NameRU":"общий билирубин в сыворотке крови","NameKZ":"қан сарысуындағы жалпы билирубин","Name":"общий билирубин в сыворотке крови","PublicCode":"20091900","OrderBy":null,"ID":200919,"StrID":"200919"},"ParameterValueID":null,"ParameterValue":null,"ResultText":"9.16","ResultValue":null,"ResultDate":"2026-08-31T10:29:08.3651044+05:00","PostID":0,"Post":null,"ExecuteMethod":2,"SourceResultText":"9.16","SourceResultValue":null,"SourceResultExpression":null,"SourceUnitTypeID":100041,"SourceUnitType":{"NameRU":"мкмоль/л","NameKZ":"мкмоль/л","Name":"мкмоль/л","PublicCode":"10004100","OrderBy":42,"ID":100041,"StrID":"100041"},"IsApproved":false,"ApproveDate":null,"ApprovePostID":null,"ApprovePost":null,"OrderNum":1,"WorkPlaceID":20747,"DriverManagerID":150,"BacteriologyResult":null,"AnalyzerId":38,"IsOrderProductionControl":false,"ID":0,"StrID":"0"}
31.08.2026 10:29:07	Information:	Save string: 
31.08.2026 10:29:07	Information:	{"OrderResearchID":67071712,"OrderResearch":{"OrderID":31122247,"ServiceMoID":2163626,"ServiceMoMasterDataID":8269464,"ServiceMo":{"OrgHealthCareID":"45500000000000909","ServiceID":255,"NameRU":"Определение общего билирубина в сыворотке крови на анализаторе","NameKZ":"Қан сарысуындағы жалпы  билирубинді талдауышта анықтау в сыворотке крови на анализаторе","Name":"Определение общего билирубина в сыворотке крови на анализаторе","ShortNameRU":"Определение общего билирубина в сыворотке крови на анализаторе","ShortNameKZ":"Қан сарысуындағы жалпы  билирубинді талдауышта анықтау в сыворотке крови на анализаторе","ShortName":"Определение общего билирубина в сыворотке крови на анализаторе","FullName":"B03.398.002 - Определение общего билирубина в сыворотке крови на анализаторе","Code":"B03.398.002","ExternalCode":null,"ServiceClassID":5,"ServiceClass":{"ServiceTypeID":2,"OrderBy":5,"MasterDataID":5,"NameRU":"Клиническая химия (биохимия)","NameKZ":"Клиникалық химия (биохимия)","Name":"Клиническая химия (биохимия)","PublicCode":"500","EndDate":null,"ID":"5","StrID":"5"},"Service":{"NameRU":"Определение общего билирубина в сыворотке крови на анализаторе","NameKZ":"Қан сарысуындағы жалпы билирубинді талдауышта анықтау в сыворотке крови на анализаторе","Name":"Определение общего билирубина в сыворотке крови на анализаторе","ShortNameRU":"Общий Bi на анализаторе","ShortNameKZ":"Общий Bi на анализаторе","ShortName":"Общий Bi на анализаторе","FullName":"B03.398.002 - Определение общего билирубина в сыворотке крови на анализаторе","Code":"B03.398.002","ServiceClassID":5,"ServiceClass":null,"ServiceSubClassID":6,"ServiceSubClass":null,"MaterialTypeID":202,"MaterialType":null,"MasterDataID":3096,"ID":"255","StrID":"255"},"MasterDataID":8269464,"ServiceSubClassID":6,"PayType":1,"ServiceSubClass":null,"ID":"2163626","StrID":"2163626"},"FullName":"B03.398.002 - Определение общего билирубина в сыворотке крови на анализаторе  () ","IsMain":true,"SourceID":"144934320_33965460","WorkPlaceID":20747,"WorkPlace":null,"DriverManager":null,"ParameterID":null,"Parameter":null,"AdditionalInfo":null,"Status":1,"PerformetServiceCount":7,"ResearchResultCount":0,"ApproveResearchResultCount":0,"NotSaveResearchResultCount":0,"ParentID":null,"ScreeningCandidatePlanGuid":null,"ScreeningUrl":null,"TakePlace":null,"MaterialTypeID":null,"MaterialType":null,"PartCount":0,"IsOrderProductionControl":false,"Uid":"63c8a53c-3767-49c4-867e-499cc5cbb0ff","OrderPerformerServices":[],"OrderResearchAllergens":[],"Results":[],"IsResumed":false,"ExecutionType":0,"ID":"67071712","StrID":"67071712"},"ParameterID":200919,"Parameter":{"ShortNameRU":"общий билирубин в сыворотке крови","ShortNameKZ":"қан сарысуындағы жалпы билирубин","ShortName":"общий билирубин в сыворотке крови","DataType":0,"DataTypeName":"Число","UnitTypeID":100041,"UnitType":null,"MedicalFormID":null,"MasterDataID":0,"MedicalForm":null,"NameWithDataType":"общий билирубин в сыворотке крови  (Число)","NameRU":"общий билирубин в сыворотке крови","NameKZ":"қан сарысуындағы жалпы билирубин","Name":"общий билирубин в сыворотке крови","PublicCode":"20091900","EndDate":null,"ID":"200919","StrID":"200919"},"ParameterValues":null,"ParameterValueID":null,"ParameterValue":null,"ResultText":"9.16","ResultValue":"9.16","ResultDate":"2026-08-31T10:29:08.9239464+05:00","PostID":"189416","Post":null,"ExecuteMethod":2,"SourceResultText":"9.16","SourceResultValue":"9.16","SourceResultExpression":null,"SourceUnitTypeID":100041,"SourceUnitType":{"OrderBy":42,"MasterDataID":null,"CDD_ID":null,"NameRU":"мкмоль/л","NameKZ":"мкмоль/л","Name":"мкмоль/л","PublicCode":"10004100","EndDate":null,"ID":"100041","StrID":"100041"},"MultiplierID":null,"IsApproved":false,"IsValidated":false,"StandardMatchType":0,"ApproveDate":null,"ApprovePostID":null,"ApprovePost":null,"OrderNum":1,"WorkPlaceID":20747,"OrderID":null,"BacteriologyResult":null,"AnalyzerId":38,"IsOrderProductionControl":false,"ID":"207166165","StrID":"207166165"}
31.08.2026 10:29:08	Information:	Result object to save: 
31.08.2026 10:29:08	Information:	{"OrderResearchID":67071711,"OrderResearch":null,"ParameterID":200408,"Parameter":{"ShortNameRU":"АСаТ","ShortNameKZ":"АСаТ","ShortName":"АСаТ","DataType":0,"DataTypeName":"Число","UnitTypeID":100030,"UnitType":{"NameRU":"МЕ/л","NameKZ":"ХБ/л","Name":"МЕ/л","PublicCode":"10003000","OrderBy":31,"ID":100030,"StrID":"100030"},"MedicalFormID":null,"MedicalForm":null,"NameRU":"АСаТ","NameKZ":"АСаТ","Name":"АСаТ","PublicCode":"20040800","OrderBy":null,"ID":200408,"StrID":"200408"},"ParameterValueID":null,"ParameterValue":null,"ResultText":"41.91","ResultValue":null,"ResultDate":"2026-08-31T10:29:08.3681631+05:00","PostID":0,"Post":null,"ExecuteMethod":2,"SourceResultText":"41.91","SourceResultValue":null,"SourceResultExpression":null,"SourceUnitTypeID":100030,"SourceUnitType":{"NameRU":"МЕ/л","NameKZ":"ХБ/л","Name":"МЕ/л","PublicCode":"10003000","OrderBy":31,"ID":100030,"StrID":"100030"},"IsApproved":false,"ApproveDate":null,"ApprovePostID":null,"ApprovePost":null,"OrderNum":1,"WorkPlaceID":20747,"DriverManagerID":150,"BacteriologyResult":null,"AnalyzerId":38,"IsOrderProductionControl":false,"ID":0,"StrID":"0"}
31.08.2026 10:29:08	Information:	Save string: 
31.08.2026 10:29:08	Information:	{"OrderResearchID":67071711,"OrderResearch":{"OrderID":31122247,"ServiceMoID":2163651,"ServiceMoMasterDataID":8269465,"ServiceMo":{"OrgHealthCareID":"45500000000000909","ServiceID":256,"NameRU":"Определение аспартатаминотрансферазы (АСаТ) в сыворотке крови на анализаторе","NameKZ":"Қан сарысуындағы  аспартатаминотрансферазды  (АСаТ) талдауышта анықтау  ","Name":"Определение аспартатаминотрансферазы (АСаТ) в сыворотке крови на анализаторе","ShortNameRU":"Определение аспартатаминотрансферазы (АСаТ) в сыворотке крови на анализаторе","ShortNameKZ":"Қан сарысуындағы  аспартатаминотрансферазды  (АСаТ) талдауышта анықтау  ","ShortName":"Определение аспартатаминотрансферазы (АСаТ) в сыворотке крови на анализаторе","FullName":"B03.293.002 - Определение аспартатаминотрансферазы (АСаТ) в сыворотке крови на анализаторе","Code":"B03.293.002","ExternalCode":null,"ServiceClassID":5,"ServiceClass":{"ServiceTypeID":2,"OrderBy":5,"MasterDataID":5,"NameRU":"Клиническая химия (биохимия)","NameKZ":"Клиникалық химия (биохимия)","Name":"Клиническая химия (биохимия)","PublicCode":"500","EndDate":null,"ID":"5","StrID":"5"},"Service":{"NameRU":"Определение аспартатаминотрансферазы (АСаТ) в сыворотке крови на анализаторе","NameKZ":"Қан сарысуындағы аспартатаминотрансферазды (АСаТ) талдауышта анықтау","Name":"Определение аспартатаминотрансферазы (АСаТ) в сыворотке крови на анализаторе","ShortNameRU":"АСаТ на анализаторе","ShortNameKZ":"АСаТ на анализаторе","ShortName":"АСаТ на анализаторе","FullName":"B03.293.002 - Определение аспартатаминотрансферазы (АСаТ) в сыворотке крови на анализаторе","Code":"B03.293.002","ServiceClassID":5,"ServiceClass":null,"ServiceSubClassID":6,"ServiceSubClass":null,"MaterialTypeID":202,"MaterialType":null,"MasterDataID":3097,"ID":"256","StrID":"256"},"MasterDataID":8269465,"ServiceSubClassID":6,"PayType":1,"ServiceSubClass":null,"ID":"2163651","StrID":"2163651"},"FullName":"B03.293.002 - Определение аспартатаминотрансферазы (АСаТ) в сыворотке крови на анализаторе  () ","IsMain":true,"SourceID":"144934320_33965459","WorkPlaceID":20747,"WorkPlace":null,"DriverManager":null,"ParameterID":null,"Parameter":null,"AdditionalInfo":null,"Status":1,"PerformetServiceCount":7,"ResearchResultCount":0,"ApproveResearchResultCount":0,"NotSaveResearchResultCount":0,"ParentID":null,"ScreeningCandidatePlanGuid":null,"ScreeningUrl":null,"TakePlace":null,"MaterialTypeID":null,"MaterialType":null,"PartCount":0,"IsOrderProductionControl":false,"Uid":"2bd86154-01bf-48cd-9b0b-023ccb680e1f","OrderPerformerServices":[],"OrderResearchAllergens":[],"Results":[],"IsResumed":false,"ExecutionType":0,"ID":"67071711","StrID":"67071711"},"ParameterID":200408,"Parameter":{"ShortNameRU":"АСаТ","ShortNameKZ":"АСаТ","ShortName":"АСаТ","DataType":0,"DataTypeName":"Число","UnitTypeID":100030,"UnitType":null,"MedicalFormID":null,"MasterDataID":0,"MedicalForm":null,"NameWithDataType":"АСаТ  (Число)","NameRU":"АСаТ","NameKZ":"АСаТ","Name":"АСаТ","PublicCode":"20040800","EndDate":null,"ID":"200408","StrID":"200408"},"ParameterValues":null,"ParameterValueID":null,"ParameterValue":null,"ResultText":"41.91","ResultValue":"41.91","ResultDate":"2026-08-31T10:29:09.0000471+05:00","PostID":"189416","Post":null,"ExecuteMethod":2,"SourceResultText":"41.91","SourceResultValue":"41.91","SourceResultExpression":null,"SourceUnitTypeID":100030,"SourceUnitType":{"OrderBy":31,"MasterDataID":null,"CDD_ID":null,"NameRU":"МЕ/л","NameKZ":"ХБ/л","Name":"МЕ/л","PublicCode":"10003000","EndDate":null,"ID":"100030","StrID":"100030"},"MultiplierID":null,"IsApproved":false,"IsValidated":false,"StandardMatchType":0,"ApproveDate":null,"ApprovePostID":null,"ApprovePost":null,"OrderNum":1,"WorkPlaceID":20747,"OrderID":null,"BacteriologyResult":null,"AnalyzerId":38,"IsOrderProductionControl":false,"ID":"207166166","StrID":"207166166"}
31.08.2026 10:29:08	Debug:	 SendResults SaveDeviceResults = 610 ms
31.08.2026 10:29:08	Debug:	 total for SendResults = 882 ms
31.08.2026 10:29:29	Information:	url https://lab-vko.dmed.kz/ /api/DriverManager/PingDevice
31.08.2026 10:29:29	Information:	{
"Hash": "w9LjvpRCyoByGV3Lzv0iX9dSI0tLK0uV+pRojL1kufc=",
"Status": 0
}


31.08.2026 10:29:29	Information:	Ping ret is {"Status":0,"Comment":null}
31.08.2026 10:30:04	Information:	Received bytes(encoded):MSH|^~\&|||||20260831102906||ORU^R01|21|P|2.3.1||||0||ASCII|||PID|21|||||||O|||||||||||||||||||||||OBR|21|51566626|12|^|N|20260831092351|20260831092254|20260831092254||1^12||||20260831092254|?????|||||||||||||||||||||||||||||||||OBX|1|NM|Glu-G|Glucose (GOD-POD Method)|4.946732|mmol/L|-|N|||F||4.946732|20260831102806|||0|RGTE|OBX|2|NM|CRP|C-Reactive Protein|0.000000|mg/L|-|N|||F||0.000000|20260831102906|||0|LOW,<|OBX|3|NM|TP|Total Protein|75.284279|g/L|-|N|||F||75.284279|20260831102838|||0||OBX|4|NM|TC|Total Cholesterol|3.474592|mmol/L|-|N|||F||3.474592|20260831102452|||0|RGTE|OBX|5|NM|CREA-S|Creatinine (Sarcosine Oxidase Method)|53.414260|?mol/L|-|N|||F||53.414260|20260831102836|||0||OBX|6|NM|UREA|Urea|3.594867|mmol/L|-|N|||F||3.594867|20260831102722|||0||OBX|7|NM|FER|Ferritin|24.280311|ng/mL|-|N|||F||24.280311|20260831102821|||0||
31.08.2026 10:30:04	Information:	Add Frame:
31.08.2026 10:30:04	Information:	MSH|^~\&|||||20260831102906||ORU^R01|21|P|2.3.1||||0||ASCII|||
31.08.2026 10:30:04	Information:	In Header
31.08.2026 10:30:04	Information:	MessageType: ORU
31.08.2026 10:30:04	Information:	After message type
31.08.2026 10:30:04	Information:	After ask
31.08.2026 10:30:04	Information:	After version
31.08.2026 10:30:04	Information:	Add Frame:
31.08.2026 10:30:04	Information:	PID|21|||||||O|||||||||||||||||||||||
31.08.2026 10:30:04	Information:	Add Frame:
31.08.2026 10:30:04	Information:	OBR|21|51566626|12|^|N|20260831092351|20260831092254|20260831092254||1^12||||20260831092254|?????|||||||||||||||||||||||||||||||||
31.08.2026 10:30:04	Information:	Add Frame:
31.08.2026 10:30:04	Information:	OBX|1|NM|Glu-G|Glucose (GOD-POD Method)|4.946732|mmol/L|-|N|||F||4.946732|20260831102806|||0|RGTE|
31.08.2026 10:30:04	Information:	Add Frame:
31.08.2026 10:30:04	Information:	OBX|2|NM|CRP|C-Reactive Protein|0.000000|mg/L|-|N|||F||0.000000|20260831102906|||0|LOW,<|
31.08.2026 10:30:04	Information:	Add Frame:
31.08.2026 10:30:04	Information:	OBX|3|NM|TP|Total Protein|75.284279|g/L|-|N|||F||75.284279|20260831102838|||0||
31.08.2026 10:30:04	Information:	Add Frame:
31.08.2026 10:30:04	Information:	OBX|4|NM|TC|Total Cholesterol|3.474592|mmol/L|-|N|||F||3.474592|20260831102452|||0|RGTE|
31.08.2026 10:30:04	Information:	Add Frame:
31.08.2026 10:30:04	Information:	OBX|5|NM|CREA-S|Creatinine (Sarcosine Oxidase Method)|53.414260|?mol/L|-|N|||F||53.414260|20260831102836|||0||
31.08.2026 10:30:04	Information:	Add Frame:
31.08.2026 10:30:04	Information:	OBX|6|NM|UREA|Urea|3.594867|mmol/L|-|N|||F||3.594867|20260831102722|||0||
31.08.2026 10:30:04	Information:	Add Frame:
31.08.2026 10:30:04	Information:	OBX|7|NM|FER|Ferritin|24.280311|ng/mL|-|N|||F||24.280311|20260831102821|||0||
31.08.2026 10:30:04	Information:	Add Frame:
31.08.2026 10:30:04	Information:	
31.08.2026 10:30:04	Debug:	read message: 15ms
31.08.2026 10:30:04	Information:	The answer message is created successfully
31.08.2026 10:30:04	Information:	Sending answer...
31.08.2026 10:30:04	Information:	We are in ORU Message
31.08.2026 10:30:04	Information:	MSH MSH|^~\&|||||20260831102906||ORU^R01|21|P|2.3.1||||0||ASCII||||
31.08.2026 10:30:04	Information:	PID PID|21|||||||O||||||||||||||||||||||||
31.08.2026 10:30:04	Information:	PatientRecord in message is successfully  processed
31.08.2026 10:30:04	Information:	The patient order is successfully processed
31.08.2026 10:30:04	Information:	The order record is successfully processed
31.08.2026 10:30:04	Information:	The order record is successfully processed
31.08.2026 10:30:04	Information:	The order record is successfully processed
31.08.2026 10:30:04	Information:	The order record is successfully processed
31.08.2026 10:30:04	Information:	The order record is successfully processed
31.08.2026 10:30:04	Information:	The order record is successfully processed
31.08.2026 10:30:04	Information:	The order record is successfully processed
31.08.2026 10:30:04	Information:	The ORU message is successfully processed
31.08.2026 10:30:04	Debug:	Process message: 6ms
31.08.2026 10:30:04	Debug:	Total time : 22ms
31.08.2026 10:30:05	Information:	Sended bytes:  11 77 83 72 124 94 126 92 38 124 77 105 110 100 114 97 121 124 124 124 124 50 48 50 54 48 56 51 49 49 48 51 48 48 52 124 124 65 67 75 94 82 48 49 124 50 49 124 80 124 50 46 51 46 49 124 124 124 124 48 124 124 117 115 45 97 115 99 105 105 124 124 124 13 77 83 65 124 65 65 124 50 49 124 77 101 115 115 97 103 101 32 97 99 99 101 112 116 101 100 124 124 124 48 124 13 28 13
31.08.2026 10:30:05	Information:	Sended string MSH|^~\&|Mindray||||20260831103004||ACK^R01|21|P|2.3.1||||0||us-ascii|||MSA|AA|21|Message accepted|||0|
31.08.2026 10:30:05	Debug:	SendResults:	check DriverRequests=	0	ms
31.08.2026 10:30:05	Information:	ByBarcode 51566626
31.08.2026 10:30:05	Information:	GetLinesByBarcodes
31.08.2026 10:30:05	Information:	{
"WorkPlaceID": 20747,
"BeginDate": "2026-06-01",
"EndDate": "2026-09-01",
"OrderNumber": "51566626",
"Offset": 0,
"Limit": 1
}


31.08.2026 10:30:05	Information:	GetByBarcodeReturn: 
31.08.2026 10:30:05	Information:	{"Data":[{"ID":31122272,"StrID":"31122272","OrderNumber":"51566626","OrderRegDate":"2026-08-31T03:05:50.673","PlanExecutionDate":"2026-08-31T03:05:00","SenderMoID":45500000000000909,"SenderMo":{"NameRU":"Некоммерческое акционерное общество \"Медицинский университет Семей\"","NameKZ":"\"Семей медицина университеті\" коммерциялық емес акционерлік қоғамы","Name":"Некоммерческое акционерное общество \"Медицинский университет Семей\"","ShortNameRU":"НАО \"МУС\"","ShortNameKZ":"\"СМУ\" КеАҚ","ShortName":"НАО \"МУС\"","PublicCode":"237J","AddressRU":"ВКО, г. Семей, ул. Абая Кунанбаева 103","AddressKZ":"ВКО, г. Семей, ул. Абая Кунанбаева 103","Address":"ВКО, г. Семей, ул. Абая Кунанбаева 103","OriginalID":"45500000000000909","IsWork":true,"RegionID":20,"BIN":"190240004938","MasterDataID":4911,"PhonesData":{"OrgHealthCarePhones":[]},"IsPostmortem":false,"IsHospital":true,"Code":null,"ID":"45500000000000909","StrID":"45500000000000909"},"ReceiverMoID":45500000000000909,"ReceiverMo":null,"PatientDetailID":41010532,"PatientDetail":{"PersonID":"189914","Person":{"IIN":"120117602795","LastName":"ҚАЙДАРОВА","FirstName":"ІҢКӘР","SecondName":"ТАЛҒАТҚЫЗЫ","FullName":"ҚАЙДАРОВА ІҢКӘР ТАЛҒАТҚЫЗЫ","FullNameIOF":"ІҢКӘР ТАЛҒАТҚЫЗЫ ҚАЙДАРОВА","DisplayText":"120117602795 ІҢКӘР ТАЛҒАТҚЫЗЫ ҚАЙДАРОВА 17.01.2012","IinFullName":"120117602795 - ҚАЙДАРОВА ІҢКӘР ТАЛҒАТҚЫЗЫ","BirthDate":"2012-01-17T00:00:00","BirthDateStr":"17.01.2012","DeathDate":null,"DeathDateStr":"","BioSexID":2,"BioSex":null,"NationalityID":null,"Nationality":null,"CitizenshipID":85,"Citizenship":null,"MasterDataID":11244217,"RpnID":"15300000016433350","KmisID":"100000002321090","Type":1,"Age":0,"IsStillborn":false,"IsEarlyNeonatalDeathUp28days":false,"IsDeadPerson":false,"ID":"189914","StrID":"189914"},"AddressRU":"РЕСПУБЛИКА: Казахстан , ОБЛАСТЬ: Восточно-казахстанская , ГОРОД ОБЛ.ЗНАЧ.: Семей , ПРОСПЕКТ: Мухтара Ауэзова , ДОМ: 114 А, КВАРТИРА: 46","AddressKZ":": Қазақстан , : Шығыс Қазақстан , : Семей Қ. , : Мұхтар Әуезов , ҮЙ: 114 А, ПӘТЕР: 46","Address":"РЕСПУБЛИКА: Казахстан , ОБЛАСТЬ: Восточно-казахстанская , ГОРОД ОБЛ.ЗНАЧ.: Семей , ПРОСПЕКТ: Мухтара Ауэзова , ДОМ: 114 А, КВАРТИРА: 46","MasterDataAddressID":2731600,"WorkPlace":"Колледж КГКП \"Семейский финансово-экономический колледж им.Р.Байсеитова\", группа 1 курс 1, 22.06.2026 - ","WorkPosition":null,"DocumentNumber":null,"DocumentTypeID":null,"DocumentType":null,"NationalityID":null,"DocumentTypeName":null,"Phones":"+7 (747) 852-14-78","ExternalCardID":"5965482","CardType":1,"CardNumber":"66311","CitizenshipCategoryID":1,"CitizenshipCategory":null,"ResidenceTypeID":3,"ResidenceType":null,"MotherPersonID":null,"MotherPerson":null,"IsForeigner":false,"IsHomeless":false,"IsDeadPerson":false,"IsResident":true,"ID":"41010532","StrID":"41010532"},"Person":{"IIN":"120117602795","LastName":"ҚАЙДАРОВА","FirstName":"ІҢКӘР","SecondName":"ТАЛҒАТҚЫЗЫ","FullName":"ҚАЙДАРОВА ІҢКӘР ТАЛҒАТҚЫЗЫ","FullNameIOF":"ІҢКӘР ТАЛҒАТҚЫЗЫ ҚАЙДАРОВА","DisplayText":"120117602795 ІҢКӘР ТАЛҒАТҚЫЗЫ ҚАЙДАРОВА 17.01.2012","IinFullName":"120117602795 - ҚАЙДАРОВА ІҢКӘР ТАЛҒАТҚЫЗЫ","BirthDate":"2012-01-17T00:00:00","BirthDateStr":"17.01.2012","DeathDate":null,"DeathDateStr":"","BioSexID":2,"BioSex":null,"NationalityID":null,"Nationality":null,"CitizenshipID":85,"Citizenship":null,"MasterDataID":11244217,"RpnID":"15300000016433350","KmisID":"100000002321090","Type":1,"Age":0,"IsStillborn":false,"IsEarlyNeonatalDeathUp28days":false,"IsDeadPerson":false,"ID":"189914","StrID":"189914"},"IsCito":false,"ExternalSystem":1,"OrderResultFileID":null,"OrderResultFileStorageID":null,"OrderResultDate":null,"Status":1,"DeleteDate":null,"ResultNotes":null,"Comment":"","ExternalOrderNumber":"51566626","ExaminationTypeID":null,"ExaminationType":null,"ExaminationIndicationID":null,"ExaminationIndication":null,"Uid":"D4A22AA4-F770-4391-9CB7-DB3270C15BB6","SenderPostFullName":"ЕСІМХАНОВ АЙБЕК ӘДІЛЕТҰЛЫ","SenderFuncStructureNameRU":"Отделение педиатрии","SenderFuncStructureNameKZ":"Педиатр бөлімі","IsSamplingOfMaterialsAtReceiver":false,"MisID":42123646,"Materials":[{"OrderID":31122272,"Uid":"81ed07e3-d32b-457e-84ec-ab96a3c8d99e","MaterialNumber":"51566626","MaterialTypeID":363,"MaterialType":{"OrderBy":0,"ParentID":202,"HasChildren":false,"MasterDataID":489,"Parent":null,"NameRU":"Кровь венозная","NameKZ":"Кровь венозная","Name":"Кровь венозная","PublicCode":"36300","EndDate":null,"ID":"363","StrID":"363"},"TakeDate":"2026-08-31T03:05:00","TakeDateStr":"31.08.2026 03:05","TakePlace":"педиатрия","RejectionReason":null,"RejectionTakenMeasures":null,"ReceiptDate":null,"ReceiptDateStr":null,"RejectionCreatePostID":null,"RejectionCreatePost":null,"SampleCollectorPostIIN":"670604401046","SampleCollectorPostID":null,"Researches":[],"RejectedMaterialImageID":null,"File":null,"ID":"31408873","StrID":"31408873"}],"Researches":[]}],"Total":1}
31.08.2026 10:30:05	Information:	OrderedWW 51566626 Biomat 0 Device 20747
31.08.2026 10:30:05	Information:	ResearchResult
31.08.2026 10:30:05	Information:	{
"OrderID": "31122272",
"WorkPlaceID": 20747
}


31.08.2026 10:30:05	Information:	[{"OrderResearchID":67071784,"OrderResearch":null,"ParameterID":200918,"Parameter":{"ShortNameRU":"общий белок в сыворотке крови","ShortNameKZ":"қан сарысуындағы жалпы ақуыз","ShortName":"общий белок в сыворотке крови","DataType":0,"DataTypeName":"Число","UnitTypeID":100012,"UnitType":{"OrderBy":13,"MasterDataID":null,"CDD_ID":null,"NameRU":"г/л","NameKZ":"г/л","Name":"г/л","PublicCode":"10001200","EndDate":null,"ID":"100012","StrID":"100012"},"MedicalFormID":null,"MasterDataID":0,"MedicalForm":null,"NameWithDataType":"общий белок в сыворотке крови  (Число)","NameRU":"общий белок в сыворотке крови","NameKZ":"қан сарысуындағы жалпы ақуыз","Name":"общий белок в сыворотке крови","PublicCode":"20091800","EndDate":null,"ID":"200918","StrID":"200918"},"ParameterValues":null,"ParameterValueID":null,"ParameterValue":null,"ResultText":null,"ResultValue":null,"ResultDate":"2026-08-31T10:30:06.414915+05:00","PostID":"0","Post":null,"ExecuteMethod":2,"SourceResultText":null,"SourceResultValue":null,"SourceResultExpression":null,"SourceUnitTypeID":100012,"SourceUnitType":{"OrderBy":13,"MasterDataID":null,"CDD_ID":null,"NameRU":"г/л","NameKZ":"г/л","Name":"г/л","PublicCode":"10001200","EndDate":null,"ID":"100012","StrID":"100012"},"MultiplierID":null,"IsApproved":false,"IsValidated":false,"StandardMatchType":0,"ApproveDate":null,"ApprovePostID":null,"ApprovePost":null,"OrderNum":1,"WorkPlaceID":20747,"OrderID":null,"BacteriologyResult":null,"AnalyzerId":null,"IsOrderProductionControl":false,"ID":"0","StrID":"0"},{"OrderResearchID":67071788,"OrderResearch":null,"ParameterID":201451,"Parameter":{"ShortNameRU":"альбумин  в сыворотке крови (анализатор)","ShortNameKZ":"қан сарысуындағы альбумин (анализатор)","ShortName":"альбумин  в сыворотке крови (анализатор)","DataType":0,"DataTypeName":"Число","UnitTypeID":100000,"UnitType":{"OrderBy":1,"MasterDataID":null,"CDD_ID":null,"NameRU":"%","NameKZ":"%","Name":"%","PublicCode":"10000000","EndDate":null,"ID":"100000","StrID":"100000"},"MedicalFormID":null,"MasterDataID":0,"MedicalForm":null,"NameWithDataType":"альбумин  в сыворотке крови (анализатор)  (Число)","NameRU":"альбумин  в сыворотке крови (анализатор)","NameKZ":"қан сарысуындағы альбумин (анализатор)","Name":"альбумин  в сыворотке крови (анализатор)","PublicCode":"20145100","EndDate":null,"ID":"201451","StrID":"201451"},"ParameterValues":null,"ParameterValueID":null,"ParameterValue":null,"ResultText":null,"ResultValue":null,"ResultDate":"2026-08-31T10:30:06.414915+05:00","PostID":"0","Post":null,"ExecuteMethod":2,"SourceResultText":null,"SourceResultValue":null,"SourceResultExpression":null,"SourceUnitTypeID":100000,"SourceUnitType":{"OrderBy":1,"MasterDataID":null,"CDD_ID":null,"NameRU":"%","NameKZ":"%","Name":"%","PublicCode":"10000000","EndDate":null,"ID":"100000","StrID":"100000"},"MultiplierID":null,"IsApproved":false,"IsValidated":false,"StandardMatchType":0,"ApproveDate":null,"ApprovePostID":null,"ApprovePost":null,"OrderNum":1,"WorkPlaceID":20747,"OrderID":null,"BacteriologyResult":null,"AnalyzerId":null,"IsOrderProductionControl":false,"ID":"0","StrID":"0"},{"OrderResearchID":67071788,"OrderResearch":null,"ParameterID":201448,"Parameter":{"ShortNameRU":"ɑ1-глобулины  в сыворотке крови (анализатор)","ShortNameKZ":"қан сарысуындағы ɑ1-глобулиндер (анализатор)","ShortName":"ɑ1-глобулины  в сыворотке крови (анализатор)","DataType":0,"DataTypeName":"Число","UnitTypeID":100000,"UnitType":{"OrderBy":1,"MasterDataID":null,"CDD_ID":null,"NameRU":"%","NameKZ":"%","Name":"%","PublicCode":"10000000","EndDate":null,"ID":"100000","StrID":"100000"},"MedicalFormID":null,"MasterDataID":0,"MedicalForm":null,"NameWithDataType":"ɑ1-глобулины  в сыворотке крови (анализатор)  (Число)","NameRU":"ɑ1-глобулины  в сыворотке крови (анализатор)","NameKZ":"қан сарысуындағы ɑ1-глобулиндер (анализатор)","Name":"ɑ1-глобулины  в сыворотке крови (анализатор)","PublicCode":"20144800","EndDate":null,"ID":"201448","StrID":"201448"},"ParameterValues":null,"ParameterValueID":null,"ParameterValue":null,"ResultText":null,"ResultValue":null,"ResultDate":"2026-08-31T10:30:06.414915+05:00","PostID":"0","Post":null,"ExecuteMethod":2,"SourceResultText":null,"SourceResultValue":null,"SourceResultExpression":null,"SourceUnitTypeID":100000,"SourceUnitType":{"OrderBy":1,"MasterDataID":null,"CDD_ID":null,"NameRU":"%","NameKZ":"%","Name":"%","PublicCode":"10000000","EndDate":null,"ID":"100000","StrID":"100000"},"MultiplierID":null,"IsApproved":false,"IsValidated":false,"StandardMatchType":0,"ApproveDate":null,"ApprovePostID":null,"ApprovePost":null,"OrderNum":2,"WorkPlaceID":20747,"OrderID":null,"BacteriologyResult":null,"AnalyzerId":null,"IsOrderProductionControl":false,"ID":"0","StrID":"0"},{"OrderResearchID":67071788,"OrderResearch":null,"ParameterID":201449,"Parameter":{"ShortNameRU":"ɑ2-глобулины  в сыворотке крови (анализатор)","ShortNameKZ":"қан сарысуындағы ɑ2-глобулиндер (анализатор)","ShortName":"ɑ2-глобулины  в сыворотке крови (анализатор)","DataType":0,"DataTypeName":"Число","UnitTypeID":100000,"UnitType":{"OrderBy":1,"MasterDataID":null,"CDD_ID":null,"NameRU":"%","NameKZ":"%","Name":"%","PublicCode":"10000000","EndDate":null,"ID":"100000","StrID":"100000"},"MedicalFormID":null,"MasterDataID":0,"MedicalForm":null,"NameWithDataType":"ɑ2-глобулины  в сыворотке крови (анализатор)  (Число)","NameRU":"ɑ2-глобулины  в сыворотке крови (анализатор)","NameKZ":"қан сарысуындағы ɑ2-глобулиндер (анализатор)","Name":"ɑ2-глобулины  в сыворотке крови (анализатор)","PublicCode":"20144900","EndDate":null,"ID":"201449","StrID":"201449"},"ParameterValues":null,"ParameterValueID":null,"ParameterValue":null,"ResultText":null,"ResultValue":null,"ResultDate":"2026-08-31T10:30:06.414915+05:00","PostID":"0","Post":null,"ExecuteMethod":2,"SourceResultText":null,"SourceResultValue":null,"SourceResultExpression":null,"SourceUnitTypeID":100000,"SourceUnitType":{"OrderBy":1,"MasterDataID":null,"CDD_ID":null,"NameRU":"%","NameKZ":"%","Name":"%","PublicCode":"10000000","EndDate":null,"ID":"100000","StrID":"100000"},"MultiplierID":null,"IsApproved":false,"IsValidated":false,"StandardMatchType":0,"ApproveDate":null,"ApprovePostID":null,"ApprovePost":null,"OrderNum":3,"WorkPlaceID":20747,"OrderID":null,"BacteriologyResult":null,"AnalyzerId":null,"IsOrderProductionControl":false,"ID":"0","StrID":"0"},{"OrderResearchID":67071788,"OrderResearch":null,"ParameterID":201446,"Parameter":{"ShortNameRU":"ß1-глобулины  в сыворотке крови (анализатор)","ShortNameKZ":"қан сарысуындағы ß1-глобулиндер (анализатор)","ShortName":"ß1-глобулины  в сыворотке крови (анализатор)","DataType":0,"DataTypeName":"Число","UnitTypeID":100000,"UnitType":{"OrderBy":1,"MasterDataID":null,"CDD_ID":null,"NameRU":"%","NameKZ":"%","Name":"%","PublicCode":"10000000","EndDate":null,"ID":"100000","StrID":"100000"},"MedicalFormID":null,"MasterDataID":0,"MedicalForm":null,"NameWithDataType":"ß1-глобулины  в сыворотке крови (анализатор)  (Число)","NameRU":"ß1-глобулины  в сыворотке крови (анализатор)","NameKZ":"қан сарысуындағы ß1-глобулиндер (анализатор)","Name":"ß1-глобулины  в сыворотке крови (анализатор)","PublicCode":"20144600","EndDate":null,"ID":"201446","StrID":"201446"},"ParameterValues":null,"ParameterValueID":null,"ParameterValue":null,"ResultText":null,"ResultValue":null,"ResultDate":"2026-08-31T10:30:06.4305389+05:00","PostID":"0","Post":null,"ExecuteMethod":2,"SourceResultText":null,"SourceResultValue":null,"SourceResultExpression":null,"SourceUnitTypeID":100000,"SourceUnitType":{"OrderBy":1,"MasterDataID":null,"CDD_ID":null,"NameRU":"%","NameKZ":"%","Name":"%","PublicCode":"10000000","EndDate":null,"ID":"100000","StrID":"100000"},"MultiplierID":null,"IsApproved":false,"IsValidated":false,"StandardMatchType":0,"ApproveDate":null,"ApprovePostID":null,"ApprovePost":null,"OrderNum":4,"WorkPlaceID":20747,"OrderID":null,"BacteriologyResult":null,"AnalyzerId":null,"IsOrderProductionControl":false,"ID":"0","StrID":"0"},{"OrderResearchID":67071788,"OrderResearch":null,"ParameterID":201450,"Parameter":{"ShortNameRU":"ɣ-глобулины  в сыворотке крови (анализатор)","ShortNameKZ":"қан сарысуындағы ɣ-глобулиндер (анализатор)","ShortName":"ɣ-глобулины  в сыворотке крови (анализатор)","DataType":0,"DataTypeName":"Число","UnitTypeID":100000,"UnitType":{"OrderBy":1,"MasterDataID":null,"CDD_ID":null,"NameRU":"%","NameKZ":"%","Name":"%","PublicCode":"10000000","EndDate":null,"ID":"100000","StrID":"100000"},"MedicalFormID":null,"MasterDataID":0,"MedicalForm":null,"NameWithDataType":"ɣ-глобулины  в сыворотке крови (анализатор)  (Число)","NameRU":"ɣ-глобулины  в сыворотке крови (анализатор)","NameKZ":"қан сарысуындағы ɣ-глобулиндер (анализатор)","Name":"ɣ-глобулины  в сыворотке крови (анализатор)","PublicCode":"20145000","EndDate":null,"ID":"201450","StrID":"201450"},"ParameterValues":null,"ParameterValueID":null,"ParameterValue":null,"ResultText":null,"ResultValue":null,"ResultDate":"2026-08-31T10:30:06.4305389+05:00","PostID":"0","Post":null,"ExecuteMethod":2,"SourceResultText":null,"SourceResultValue":null,"SourceResultExpression":null,"SourceUnitTypeID":100000,"SourceUnitType":{"OrderBy":1,"MasterDataID":null,"CDD_ID":null,"NameRU":"%","NameKZ":"%","Name":"%","PublicCode":"10000000","EndDate":null,"ID":"100000","StrID":"100000"},"MultiplierID":null,"IsApproved":false,"IsValidated":false,"StandardMatchType":0,"ApproveDate":null,"ApprovePostID":null,"ApprovePost":null,"OrderNum":5,"WorkPlaceID":20747,"OrderID":null,"BacteriologyResult":null,"AnalyzerId":null,"IsOrderProductionControl":false,"ID":"0","StrID":"0"},{"OrderResearchID":67071789,"OrderResearch":null,"ParameterID":200804,"Parameter":{"ShortNameRU":"ЛПНП (анализатор)","ShortNameKZ":"ТТЛП (анализатор)","ShortName":"ЛПНП (анализатор)","DataType":0,"DataTypeName":"Число","UnitTypeID":100051,"UnitType":{"OrderBy":52,"MasterDataID":null,"CDD_ID":null,"NameRU":"ммоль/л","NameKZ":"ммоль/л","Name":"ммоль/л","PublicCode":"10005100","EndDate":null,"ID":"100051","StrID":"100051"},"MedicalFormID":null,"MasterDataID":0,"MedicalForm":null,"NameWithDataType":"ЛПНП (анализатор)  (Число)","NameRU":"ЛПНП (анализатор)","NameKZ":"ТТЛП (анализатор)","Name":"ЛПНП (анализатор)","PublicCode":"20080400","EndDate":null,"ID":"200804","StrID":"200804"},"ParameterValues":null,"ParameterValueID":null,"ParameterValue":null,"ResultText":null,"ResultValue":null,"ResultDate":"2026-08-31T10:30:06.4305389+05:00","PostID":"0","Post":null,"ExecuteMethod":2,"SourceResultText":null,"SourceResultValue":null,"SourceResultExpression":null,"SourceUnitTypeID":100051,"SourceUnitType":{"OrderBy":52,"MasterDataID":null,"CDD_ID":null,"NameRU":"ммоль/л","NameKZ":"ммоль/л","Name":"ммоль/л","PublicCode":"10005100","EndDate":null,"ID":"100051","StrID":"100051"},"MultiplierID":null,"IsApproved":false,"IsValidated":false,"StandardMatchType":0,"ApproveDate":null,"ApprovePostID":null,"ApprovePost":null,"OrderNum":1,"WorkPlaceID":20747,"OrderID":null,"BacteriologyResult":null,"AnalyzerId":null,"IsOrderProductionControl":false,"ID":"0","StrID":"0"},{"OrderResearchID":67071790,"OrderResearch":null,"ParameterID":200802,"Parameter":{"ShortNameRU":"ЛПВП","ShortNameKZ":"ТЖЛП","ShortName":"ЛПВП","DataType":0,"DataTypeName":"Число","UnitTypeID":100051,"UnitType":{"OrderBy":52,"MasterDataID":null,"CDD_ID":null,"NameRU":"ммоль/л","NameKZ":"ммоль/л","Name":"ммоль/л","PublicCode":"10005100","EndDate":null,"ID":"100051","StrID":"100051"},"MedicalFormID":null,"MasterDataID":0,"MedicalForm":null,"NameWithDataType":"ЛПВП  (Число)","NameRU":"ЛПВП","NameKZ":"ТЖЛП","Name":"ЛПВП","PublicCode":"20080200","EndDate":null,"ID":"200802","StrID":"200802"},"ParameterValues":null,"ParameterValueID":null,"ParameterValue":null,"ResultText":null,"ResultValue":null,"ResultDate":"2026-08-31T10:30:06.4305389+05:00","PostID":"0","Post":null,"ExecuteMethod":2,"SourceResultText":null,"SourceResultValue":null,"SourceResultExpression":null,"SourceUnitTypeID":100051,"SourceUnitType":{"OrderBy":52,"MasterDataID":null,"CDD_ID":null,"NameRU":"ммоль/л","NameKZ":"ммоль/л","Name":"ммоль/л","PublicCode":"10005100","EndDate":null,"ID":"100051","StrID":"100051"},"MultiplierID":null,"IsApproved":false,"IsValidated":false,"StandardMatchType":0,"ApproveDate":null,"ApprovePostID":null,"ApprovePost":null,"OrderNum":1,"WorkPlaceID":20747,"OrderID":null,"BacteriologyResult":null,"AnalyzerId":null,"IsOrderProductionControl":false,"ID":"0","StrID":"0"},{"OrderResearchID":67071791,"OrderResearch":null,"ParameterID":200698,"Parameter":{"ShortNameRU":"калий в сыворотке крови","ShortNameKZ":"қан сарысуындағы калий","ShortName":"калий в сыворотке крови","DataType":0,"DataTypeName":"Число","UnitTypeID":100051,"UnitType":{"OrderBy":52,"MasterDataID":null,"CDD_ID":null,"NameRU":"ммоль/л","NameKZ":"ммоль/л","Name":"ммоль/л","PublicCode":"10005100","EndDate":null,"ID":"100051","StrID":"100051"},"MedicalFormID":null,"MasterDataID":0,"MedicalForm":null,"NameWithDataType":"калий в сыворотке крови  (Число)","NameRU":"калий в сыворотке крови","NameKZ":"қан сарысуындағы калий","Name":"калий в сыворотке крови","PublicCode":"20069800","EndDate":null,"ID":"200698","StrID":"200698"},"ParameterValues":null,"ParameterValueID":null,"ParameterValue":null,"ResultText":null,"ResultValue":null,"ResultDate":"2026-08-31T10:30:06.4305389+05:00","PostID":"0","Post":null,"ExecuteMethod":2,"SourceResultText":null,"SourceResultValue":null,"SourceResultExpression":null,"SourceUnitTypeID":100051,"SourceUnitType":{"OrderBy":52,"MasterDataID":null,"CDD_ID":null,"NameRU":"ммоль/л","NameKZ":"ммоль/л","Name":"ммоль/л","PublicCode":"10005100","EndDate":null,"ID":"100051","StrID":"100051"},"MultiplierID":null,"IsApproved":false,"IsValidated":false,"StandardMatchType":0,"ApproveDate":null,"ApprovePostID":null,"ApprovePost":null,"OrderNum":1,"WorkPlaceID":20747,"OrderID":null,"BacteriologyResult":null,"AnalyzerId":null,"IsOrderProductionControl":false,"ID":"0","StrID":"0"},{"OrderResearchID":67071792,"OrderResearch":null,"ParameterID":200874,"Parameter":{"ShortNameRU":"натрий в сыворотке крови","ShortNameKZ":"қан сарысуындағы натрий","ShortName":"натрий в сыворотке крови","DataType":0,"DataTypeName":"Число","UnitTypeID":100051,"UnitType":{"OrderBy":52,"MasterDataID":null,"CDD_ID":null,"NameRU":"ммоль/л","NameKZ":"ммоль/л","Name":"ммоль/л","PublicCode":"10005100","EndDate":null,"ID":"100051","StrID":"100051"},"MedicalFormID":null,"MasterDataID":0,"MedicalForm":null,"NameWithDataType":"натрий в сыворотке крови  (Число)","NameRU":"натрий в сыворотке крови","NameKZ":"қан сарысуындағы натрий","Name":"натрий в сыворотке крови","PublicCode":"20087400","EndDate":null,"ID":"200874","StrID":"200874"},"ParameterValues":null,"ParameterValueID":null,"ParameterValue":null,"ResultText":null,"ResultValue":null,"ResultDate":"2026-08-31T10:30:06.4461636+05:00","PostID":"0","Post":null,"ExecuteMethod":2,"SourceResultText":null,"SourceResultValue":null,"SourceResultExpression":null,"SourceUnitTypeID":100051,"SourceUnitType":{"OrderBy":52,"MasterDataID":null,"CDD_ID":null,"NameRU":"ммоль/л","NameKZ":"ммоль/л","Name":"ммоль/л","PublicCode":"10005100","EndDate":null,"ID":"100051","StrID":"100051"},"MultiplierID":null,"IsApproved":false,"IsValidated":false,"StandardMatchType":0,"ApproveDate":null,"ApprovePostID":null,"ApprovePost":null,"OrderNum":1,"WorkPlaceID":20747,"OrderID":null,"BacteriologyResult":null,"AnalyzerId":null,"IsOrderProductionControl":false,"ID":"0","StrID":"0"},{"OrderResearchID":67071796,"OrderResearch":null,"ParameterID":201234,"Parameter":{"ShortNameRU":"ферритин в сыворотке крови","ShortNameKZ":"қан сарысуындағы ферритин","ShortName":"ферритин в сыворотке крови","DataType":0,"DataTypeName":"Число","UnitTypeID":100035,"UnitType":{"OrderBy":36,"MasterDataID":null,"CDD_ID":null,"NameRU":"мкг/л","NameKZ":"мкг/л","Name":"мкг/л","PublicCode":"10003500","EndDate":null,"ID":"100035","StrID":"100035"},"MedicalFormID":null,"MasterDataID":0,"MedicalForm":null,"NameWithDataType":"ферритин в сыворотке крови  (Число)","NameRU":"ферритин в сыворотке крови","NameKZ":"қан сарысуындағы ферритин","Name":"ферритин в сыворотке крови","PublicCode":"20123400","EndDate":null,"ID":"201234","StrID":"201234"},"ParameterValues":null,"ParameterValueID":null,"ParameterValue":null,"ResultText":null,"ResultValue":null,"ResultDate":"2026-08-31T10:30:06.4461636+05:00","PostID":"0","Post":null,"ExecuteMethod":1,"SourceResultText":null,"SourceResultValue":null,"SourceResultExpression":null,"SourceUnitTypeID":100035,"SourceUnitType":{"OrderBy":36,"MasterDataID":null,"CDD_ID":null,"NameRU":"мкг/л","NameKZ":"мкг/л","Name":"мкг/л","PublicCode":"10003500","EndDate":null,"ID":"100035","StrID":"100035"},"MultiplierID":null,"IsApproved":false,"IsValidated":false,"StandardMatchType":0,"ApproveDate":null,"ApprovePostID":null,"ApprovePost":null,"OrderNum":1,"WorkPlaceID":20747,"OrderID":null,"BacteriologyResult":null,"AnalyzerId":null,"IsOrderProductionControl":false,"ID":"0","StrID":"0"},{"OrderResearchID":67071786,"OrderResearch":null,"ParameterID":201268,"Parameter":{"ShortNameRU":"холестерин в сыворотке крови","ShortNameKZ":"қан сарысуындағы холестерин","ShortName":"холестерин в сыворотке крови","DataType":0,"DataTypeName":"Число","UnitTypeID":100051,"UnitType":{"OrderBy":52,"MasterDataID":null,"CDD_ID":null,"NameRU":"ммоль/л","NameKZ":"ммоль/л","Name":"ммоль/л","PublicCode":"10005100","EndDate":null,"ID":"100051","StrID":"100051"},"MedicalFormID":null,"MasterDataID":0,"MedicalForm":null,"NameWithDataType":"холестерин в сыворотке крови  (Число)","NameRU":"холестерин в сыворотке крови","NameKZ":"қан сарысуындағы холестерин","Name":"холестерин в сыворотке крови","PublicCode":"20126800","EndDate":null,"ID":"201268","StrID":"201268"},"ParameterValues":null,"ParameterValueID":null,"ParameterValue":null,"ResultText":null,"ResultValue":null,"ResultDate":"2026-08-31T10:30:06.4461636+05:00","PostID":"0","Post":null,"ExecuteMethod":2,"SourceResultText":null,"SourceResultValue":null,"SourceResultExpression":null,"SourceUnitTypeID":100051,"SourceUnitType":{"OrderBy":52,"MasterDataID":null,"CDD_ID":null,"NameRU":"ммоль/л","NameKZ":"ммоль/л","Name":"ммоль/л","PublicCode":"10005100","EndDate":null,"ID":"100051","StrID":"100051"},"MultiplierID":null,"IsApproved":false,"IsValidated":false,"StandardMatchType":0,"ApproveDate":null,"ApprovePostID":null,"ApprovePost":null,"OrderNum":1,"WorkPlaceID":20747,"OrderID":null,"BacteriologyResult":null,"AnalyzerId":null,"IsOrderProductionControl":false,"ID":"0","StrID":"0"},{"OrderResearchID":67071787,"OrderResearch":null,"ParameterID":201202,"Parameter":{"ShortNameRU":"триглицериды в сыворотке крови","ShortNameKZ":"қан сарысуындағы триглицеридтер","ShortName":"триглицериды в сыворотке крови","DataType":0,"DataTypeName":"Число","UnitTypeID":100051,"UnitType":{"OrderBy":52,"MasterDataID":null,"CDD_ID":null,"NameRU":"ммоль/л","NameKZ":"ммоль/л","Name":"ммоль/л","PublicCode":"10005100","EndDate":null,"ID":"100051","StrID":"100051"},"MedicalFormID":null,"MasterDataID":0,"MedicalForm":null,"NameWithDataType":"триглицериды в сыворотке крови  (Число)","NameRU":"триглицериды в сыворотке крови","NameKZ":"қан сарысуындағы триглицеридтер","Name":"триглицериды в сыворотке крови","PublicCode":"20120200","EndDate":null,"ID":"201202","StrID":"201202"},"ParameterValues":null,"ParameterValueID":null,"ParameterValue":null,"ResultText":null,"ResultValue":null,"ResultDate":"2026-08-31T10:30:06.4461636+05:00","PostID":"0","Post":null,"ExecuteMethod":2,"SourceResultText":null,"SourceResultValue":null,"SourceResultExpression":null,"SourceUnitTypeID":100051,"SourceUnitType":{"OrderBy":52,"MasterDataID":null,"CDD_ID":null,"NameRU":"ммоль/л","NameKZ":"ммоль/л","Name":"ммоль/л","PublicCode":"10005100","EndDate":null,"ID":"100051","StrID":"100051"},"MultiplierID":null,"IsApproved":false,"IsValidated":false,"StandardMatchType":0,"ApproveDate":null,"ApprovePostID":null,"ApprovePost":null,"OrderNum":1,"WorkPlaceID":20747,"OrderID":null,"BacteriologyResult":null,"AnalyzerId":null,"IsOrderProductionControl":false,"ID":"0","StrID":"0"},{"OrderResearchID":67071793,"OrderResearch":null,"ParameterID":200549,"Parameter":{"ShortNameRU":"глюкоза в сыворотке крови","ShortNameKZ":"қан сарысуындағы глюкоза","ShortName":"глюкоза в сыворотке крови","DataType":0,"DataTypeName":"Число","UnitTypeID":100051,"UnitType":{"OrderBy":52,"MasterDataID":null,"CDD_ID":null,"NameRU":"ммоль/л","NameKZ":"ммоль/л","Name":"ммоль/л","PublicCode":"10005100","EndDate":null,"ID":"100051","StrID":"100051"},"MedicalFormID":null,"MasterDataID":0,"MedicalForm":null,"NameWithDataType":"глюкоза в сыворотке крови  (Число)","NameRU":"глюкоза в сыворотке крови","NameKZ":"қан сарысуындағы глюкоза","Name":"глюкоза в сыворотке крови","PublicCode":"20054900","EndDate":null,"ID":"200549","StrID":"200549"},"ParameterValues":null,"ParameterValueID":null,"ParameterValue":null,"ResultText":null,"ResultValue":null,"ResultDate":"2026-08-31T10:30:06.4617866+05:00","PostID":"0","Post":null,"ExecuteMethod":2,"SourceResultText":null,"SourceResultValue":null,"SourceResultExpression":null,"SourceUnitTypeID":100051,"SourceUnitType":{"OrderBy":52,"MasterDataID":null,"CDD_ID":null,"NameRU":"ммоль/л","NameKZ":"ммоль/л","Name":"ммоль/л","PublicCode":"10005100","EndDate":null,"ID":"100051","StrID":"100051"},"MultiplierID":null,"IsApproved":false,"IsValidated":false,"StandardMatchType":0,"ApproveDate":null,"ApprovePostID":null,"ApprovePost":null,"OrderNum":1,"WorkPlaceID":20747,"OrderID":null,"BacteriologyResult":null,"AnalyzerId":null,"IsOrderProductionControl":false,"ID":"0","StrID":"0"},{"OrderResearchID":67071794,"OrderResearch":null,"ParameterID":200852,"Parameter":{"ShortNameRU":"мочевина в сыворотке крови","ShortNameKZ":"қан сарысуындағы несепнәр","ShortName":"мочевина в сыворотке крови","DataType":0,"DataTypeName":"Число","UnitTypeID":100051,"UnitType":{"OrderBy":52,"MasterDataID":null,"CDD_ID":null,"NameRU":"ммоль/л","NameKZ":"ммоль/л","Name":"ммоль/л","PublicCode":"10005100","EndDate":null,"ID":"100051","StrID":"100051"},"MedicalFormID":null,"MasterDataID":0,"MedicalForm":null,"NameWithDataType":"мочевина в сыворотке крови  (Число)","NameRU":"мочевина в сыворотке крови","NameKZ":"қан сарысуындағы несепнәр","Name":"мочевина в сыворотке крови","PublicCode":"20085200","EndDate":null,"ID":"200852","StrID":"200852"},"ParameterValues":null,"ParameterValueID":null,"ParameterValue":null,"ResultText":null,"ResultValue":null,"ResultDate":"2026-08-31T10:30:06.4617866+05:00","PostID":"0","Post":null,"ExecuteMethod":2,"SourceResultText":null,"SourceResultValue":null,"SourceResultExpression":null,"SourceUnitTypeID":100051,"SourceUnitType":{"OrderBy":52,"MasterDataID":null,"CDD_ID":null,"NameRU":"ммоль/л","NameKZ":"ммоль/л","Name":"ммоль/л","PublicCode":"10005100","EndDate":null,"ID":"100051","StrID":"100051"},"MultiplierID":null,"IsApproved":false,"IsValidated":false,"StandardMatchType":0,"ApproveDate":null,"ApprovePostID":null,"ApprovePost":null,"OrderNum":1,"WorkPlaceID":20747,"OrderID":null,"BacteriologyResult":null,"AnalyzerId":null,"IsOrderProductionControl":false,"ID":"0","StrID":"0"},{"OrderResearchID":67071795,"OrderResearch":null,"ParameterID":200744,"Parameter":{"ShortNameRU":"креатинин в крови","ShortNameKZ":"қандағы креатинин","ShortName":"креатинин в крови","DataType":0,"DataTypeName":"Число","UnitTypeID":100041,"UnitType":{"OrderBy":42,"MasterDataID":null,"CDD_ID":null,"NameRU":"мкмоль/л","NameKZ":"мкмоль/л","Name":"мкмоль/л","PublicCode":"10004100","EndDate":null,"ID":"100041","StrID":"100041"},"MedicalFormID":null,"MasterDataID":0,"MedicalForm":null,"NameWithDataType":"креатинин в крови  (Число)","NameRU":"креатинин в крови","NameKZ":"қандағы креатинин","Name":"креатинин в крови","PublicCode":"20074400","EndDate":null,"ID":"200744","StrID":"200744"},"ParameterValues":null,"ParameterValueID":null,"ParameterValue":null,"ResultText":null,"ResultValue":null,"ResultDate":"2026-08-31T10:30:06.4782501+05:00","PostID":"0","Post":null,"ExecuteMethod":2,"SourceResultText":null,"SourceResultValue":null,"SourceResultExpression":null,"SourceUnitTypeID":100041,"SourceUnitType":{"OrderBy":42,"MasterDataID":null,"CDD_ID":null,"NameRU":"мкмоль/л","NameKZ":"мкмоль/л","Name":"мкмоль/л","PublicCode":"10004100","EndDate":null,"ID":"100041","StrID":"100041"},"MultiplierID":null,"IsApproved":false,"IsValidated":false,"StandardMatchType":0,"ApproveDate":null,"ApprovePostID":null,"ApprovePost":null,"OrderNum":1,"WorkPlaceID":20747,"OrderID":null,"BacteriologyResult":null,"AnalyzerId":null,"IsOrderProductionControl":false,"ID":"0","StrID":"0"},{"OrderResearchID":67071785,"OrderResearch":null,"ParameterID":201150,"Parameter":{"ShortNameRU":"СРБ","ShortNameKZ":"СРА","ShortName":"СРБ","DataType":0,"DataTypeName":"Число","UnitTypeID":100026,"UnitType":{"OrderBy":27,"MasterDataID":null,"CDD_ID":null,"NameRU":"мг/л","NameKZ":"мг/л","Name":"мг/л","PublicCode":"10002600","EndDate":null,"ID":"100026","StrID":"100026"},"MedicalFormID":null,"MasterDataID":0,"MedicalForm":null,"NameWithDataType":"СРБ  (Число)","NameRU":"СРБ","NameKZ":"СРА","Name":"СРБ","PublicCode":"20115000","EndDate":null,"ID":"201150","StrID":"201150"},"ParameterValues":null,"ParameterValueID":null,"ParameterValue":null,"ResultText":null,"ResultValue":null,"ResultDate":"2026-08-31T10:30:06.4782501+05:00","PostID":"0","Post":null,"ExecuteMethod":2,"SourceResultText":null,"SourceResultValue":null,"SourceResultExpression":null,"SourceUnitTypeID":100026,"SourceUnitType":{"OrderBy":27,"MasterDataID":null,"CDD_ID":null,"NameRU":"мг/л","NameKZ":"мг/л","Name":"мг/л","PublicCode":"10002600","EndDate":null,"ID":"100026","StrID":"100026"},"MultiplierID":null,"IsApproved":false,"IsValidated":false,"StandardMatchType":0,"ApproveDate":null,"ApprovePostID":null,"ApprovePost":null,"OrderNum":1,"WorkPlaceID":20747,"OrderID":null,"BacteriologyResult":null,"AnalyzerId":null,"IsOrderProductionControl":false,"ID":"0","StrID":"0"}]
31.08.2026 10:30:05	Information:	TestsWW spec 200918, spec 201451, spec 201448, spec 201449, spec 201446, spec 201450, spec 200804, spec 200802, spec 200698, spec 200874, spec 201234, spec 201268, spec 201202, spec 200549, spec 200852, spec 200744, spec 201150, 
31.08.2026 10:30:05	Information:	Querry lines count: 1
31.08.2026 10:30:05	Debug:	SendResults:	fix DriverRequests=	199	ms
31.08.2026 10:30:05	Information:	SAMPLE! 51566626 DeviceDriverResult Sample: 51566626 Suggest: . Do Request True
31.08.2026 10:30:05	Information:	Sample request count: 1
31.08.2026 10:30:05	Information:	MU is mmol/L
31.08.2026 10:30:05	Information:	Driver Collations count 0
31.08.2026 10:30:05	Information:	MU collations count=0
31.08.2026 10:30:05	Information:	MU is mg/L
31.08.2026 10:30:05	Information:	Driver Collations count 0
31.08.2026 10:30:05	Information:	MU collations count=0
31.08.2026 10:30:05	Information:	MU is g/L
31.08.2026 10:30:05	Information:	Driver Collations count 0
31.08.2026 10:30:05	Information:	MU collations count=0
31.08.2026 10:30:05	Information:	MU is mmol/L
31.08.2026 10:30:05	Information:	Driver Collations count 0
31.08.2026 10:30:05	Information:	MU collations count=0
31.08.2026 10:30:05	Information:	MU is ?mol/L
31.08.2026 10:30:05	Information:	Driver Collations count 0
31.08.2026 10:30:05	Information:	MU collations count=0
31.08.2026 10:30:05	Information:	MU is mmol/L
31.08.2026 10:30:05	Information:	Driver Collations count 0
31.08.2026 10:30:05	Information:	MU collations count=0
31.08.2026 10:30:05	Information:	MU is ng/mL
31.08.2026 10:30:05	Information:	Driver Collations count 0
31.08.2026 10:30:05	Information:	MU collations count=0
31.08.2026 10:30:05	Debug:	SendResults:	SetTestsValues first SetTestsValues=	48	ms
31.08.2026 10:30:05	Debug:	SendResults:	Device Total = 249 ms
31.08.2026 10:30:05	Information:	Saving 51566626
31.08.2026 10:30:05	Information:	Start test result saving
31.08.2026 10:30:05	Information:	Result object to save: 
31.08.2026 10:30:05	Information:	{"OrderResearchID":67071784,"OrderResearch":null,"ParameterID":200918,"Parameter":{"ShortNameRU":"общий белок в сыворотке крови","ShortNameKZ":"қан сарысуындағы жалпы ақуыз","ShortName":"общий белок в сыворотке крови","DataType":0,"DataTypeName":"Число","UnitTypeID":100012,"UnitType":{"NameRU":"г/л","NameKZ":"г/л","Name":"г/л","PublicCode":"10001200","OrderBy":13,"ID":100012,"StrID":"100012"},"MedicalFormID":null,"MedicalForm":null,"NameRU":"общий белок в сыворотке крови","NameKZ":"қан сарысуындағы жалпы ақуыз","Name":"общий белок в сыворотке крови","PublicCode":"20091800","OrderBy":null,"ID":200918,"StrID":"200918"},"ParameterValueID":null,"ParameterValue":null,"ResultText":"75.28","ResultValue":null,"ResultDate":"2026-08-31T10:30:06.414915+05:00","PostID":0,"Post":null,"ExecuteMethod":2,"SourceResultText":"75.28","SourceResultValue":null,"SourceResultExpression":null,"SourceUnitTypeID":100012,"SourceUnitType":{"NameRU":"г/л","NameKZ":"г/л","Name":"г/л","PublicCode":"10001200","OrderBy":13,"ID":100012,"StrID":"100012"},"IsApproved":false,"ApproveDate":null,"ApprovePostID":null,"ApprovePost":null,"OrderNum":1,"WorkPlaceID":20747,"DriverManagerID":150,"BacteriologyResult":null,"AnalyzerId":38,"IsOrderProductionControl":false,"ID":0,"StrID":"0"}
31.08.2026 10:30:05	Information:	Save string: 
31.08.2026 10:30:05	Information:	{"OrderResearchID":67071784,"OrderResearch":{"OrderID":31122272,"ServiceMoID":2163201,"ServiceMoMasterDataID":8269447,"ServiceMo":{"OrgHealthCareID":"45500000000000909","ServiceID":236,"NameRU":"Определение общего белка в сыворотке крови на анализаторе","NameKZ":"Қан сарысуындағы жалпы нәруызды талдауышта анықтау ","Name":"Определение общего белка в сыворотке крови на анализаторе","ShortNameRU":"Определение общего белка в сыворотке крови на анализаторе","ShortNameKZ":"Қан сарысуындағы жалпы нәруызды талдауышта анықтау ","ShortName":"Определение общего белка в сыворотке крови на анализаторе","FullName":"B03.397.002 - Определение общего белка в сыворотке крови на анализаторе","Code":"B03.397.002","ExternalCode":null,"ServiceClassID":5,"ServiceClass":{"ServiceTypeID":2,"OrderBy":5,"MasterDataID":5,"NameRU":"Клиническая химия (биохимия)","NameKZ":"Клиникалық химия (биохимия)","Name":"Клиническая химия (биохимия)","PublicCode":"500","EndDate":null,"ID":"5","StrID":"5"},"Service":{"NameRU":"Определение общего белка в сыворотке крови на анализаторе","NameKZ":"Қан сарысуындағы жалпы нәруызды талдауышта анықтау","Name":"Определение общего белка в сыворотке крови на анализаторе","ShortNameRU":"Общий белок на анализаторе","ShortNameKZ":"Общий белок на анализаторе","ShortName":"Общий белок на анализаторе","FullName":"B03.397.002 - Определение общего белка в сыворотке крови на анализаторе","Code":"B03.397.002","ServiceClassID":5,"ServiceClass":null,"ServiceSubClassID":6,"ServiceSubClass":null,"MaterialTypeID":202,"MaterialType":null,"MasterDataID":3079,"ID":"236","StrID":"236"},"MasterDataID":8269447,"ServiceSubClassID":6,"PayType":1,"ServiceSubClass":null,"ID":"2163201","StrID":"2163201"},"FullName":"B03.397.002 - Определение общего белка в сыворотке крови на анализаторе  () ","IsMain":true,"SourceID":"144913008_33962194","WorkPlaceID":20747,"WorkPlace":null,"DriverManager":null,"ParameterID":null,"Parameter":null,"AdditionalInfo":null,"Status":1,"PerformetServiceCount":7,"ResearchResultCount":0,"ApproveResearchResultCount":0,"NotSaveResearchResultCount":0,"ParentID":null,"ScreeningCandidatePlanGuid":null,"ScreeningUrl":null,"TakePlace":null,"MaterialTypeID":null,"MaterialType":null,"PartCount":0,"IsOrderProductionControl":false,"Uid":"1bf07aab-5ca4-45b2-b03c-61d3bd908e3d","OrderPerformerServices":[],"OrderResearchAllergens":[],"Results":[],"IsResumed":false,"ExecutionType":0,"ID":"67071784","StrID":"67071784"},"ParameterID":200918,"Parameter":{"ShortNameRU":"общий белок в сыворотке крови","ShortNameKZ":"қан сарысуындағы жалпы ақуыз","ShortName":"общий белок в сыворотке крови","DataType":0,"DataTypeName":"Число","UnitTypeID":100012,"UnitType":null,"MedicalFormID":null,"MasterDataID":0,"MedicalForm":null,"NameWithDataType":"общий белок в сыворотке крови  (Число)","NameRU":"общий белок в сыворотке крови","NameKZ":"қан сарысуындағы жалпы ақуыз","Name":"общий белок в сыворотке крови","PublicCode":"20091800","EndDate":null,"ID":"200918","StrID":"200918"},"ParameterValues":null,"ParameterValueID":null,"ParameterValue":null,"ResultText":"75.28","ResultValue":"75.28","ResultDate":"2026-08-31T10:30:06.6034526+05:00","PostID":"189416","Post":null,"ExecuteMethod":2,"SourceResultText":"75.28","SourceResultValue":"75.28","SourceResultExpression":null,"SourceUnitTypeID":100012,"SourceUnitType":{"OrderBy":13,"MasterDataID":null,"CDD_ID":null,"NameRU":"г/л","NameKZ":"г/л","Name":"г/л","PublicCode":"10001200","EndDate":null,"ID":"100012","StrID":"100012"},"MultiplierID":null,"IsApproved":false,"IsValidated":false,"StandardMatchType":0,"ApproveDate":null,"ApprovePostID":null,"ApprovePost":null,"OrderNum":1,"WorkPlaceID":20747,"OrderID":null,"BacteriologyResult":null,"AnalyzerId":38,"IsOrderProductionControl":false,"ID":"207166323","StrID":"207166323"}
31.08.2026 10:30:05	Information:	No result for test 201451 for sample with barcode 51566626 for device 20747
31.08.2026 10:30:05	Information:	No result for test 201448 for sample with barcode 51566626 for device 20747
31.08.2026 10:30:05	Information:	No result for test 201449 for sample with barcode 51566626 for device 20747
31.08.2026 10:30:05	Information:	No result for test 201446 for sample with barcode 51566626 for device 20747
31.08.2026 10:30:05	Information:	No result for test 201450 for sample with barcode 51566626 for device 20747
31.08.2026 10:30:05	Information:	No result for test 200804 for sample with barcode 51566626 for device 20747
31.08.2026 10:30:05	Information:	No result for test 200802 for sample with barcode 51566626 for device 20747
31.08.2026 10:30:05	Information:	No result for test 200698 for sample with barcode 51566626 for device 20747
31.08.2026 10:30:05	Information:	No result for test 200874 for sample with barcode 51566626 for device 20747
31.08.2026 10:30:05	Information:	Result object to save: 
31.08.2026 10:30:05	Information:	{"OrderResearchID":67071796,"OrderResearch":null,"ParameterID":201234,"Parameter":{"ShortNameRU":"ферритин в сыворотке крови","ShortNameKZ":"қан сарысуындағы ферритин","ShortName":"ферритин в сыворотке крови","DataType":0,"DataTypeName":"Число","UnitTypeID":100035,"UnitType":{"NameRU":"мкг/л","NameKZ":"мкг/л","Name":"мкг/л","PublicCode":"10003500","OrderBy":36,"ID":100035,"StrID":"100035"},"MedicalFormID":null,"MedicalForm":null,"NameRU":"ферритин в сыворотке крови","NameKZ":"қан сарысуындағы ферритин","Name":"ферритин в сыворотке крови","PublicCode":"20123400","OrderBy":null,"ID":201234,"StrID":"201234"},"ParameterValueID":null,"ParameterValue":null,"ResultText":"24.28","ResultValue":null,"ResultDate":"2026-08-31T10:30:06.4461636+05:00","PostID":0,"Post":null,"ExecuteMethod":1,"SourceResultText":"24.28","SourceResultValue":null,"SourceResultExpression":null,"SourceUnitTypeID":100035,"SourceUnitType":{"NameRU":"мкг/л","NameKZ":"мкг/л","Name":"мкг/л","PublicCode":"10003500","OrderBy":36,"ID":100035,"StrID":"100035"},"IsApproved":false,"ApproveDate":null,"ApprovePostID":null,"ApprovePost":null,"OrderNum":1,"WorkPlaceID":20747,"DriverManagerID":150,"BacteriologyResult":null,"AnalyzerId":38,"IsOrderProductionControl":false,"ID":0,"StrID":"0"}
31.08.2026 10:30:05	Information:	Save string: 
31.08.2026 10:30:05	Information:	{"OrderResearchID":67071796,"OrderResearch":{"OrderID":31122272,"ServiceMoID":2164351,"ServiceMoMasterDataID":8269493,"ServiceMo":{"OrgHealthCareID":"45500000000000909","ServiceID":284,"NameRU":"Определение ферритина в сыворотке крови на анализаторе","NameKZ":"Қан сарысуындағы ферритинді талдауышта анықтау   ","Name":"Определение ферритина в сыворотке крови на анализаторе","ShortNameRU":"Определение ферритина в сыворотке крови на анализаторе","ShortNameKZ":"Қан сарысуындағы ферритинді талдауышта анықтау   ","ShortName":"Определение ферритина в сыворотке крови на анализаторе","FullName":"B03.500.002 - Определение ферритина в сыворотке крови на анализаторе","Code":"B03.500.002","ExternalCode":null,"ServiceClassID":5,"ServiceClass":{"ServiceTypeID":2,"OrderBy":5,"MasterDataID":5,"NameRU":"Клиническая химия (биохимия)","NameKZ":"Клиникалық химия (биохимия)","Name":"Клиническая химия (биохимия)","PublicCode":"500","EndDate":null,"ID":"5","StrID":"5"},"Service":{"NameRU":"Определение ферритина в сыворотке крови на анализаторе","NameKZ":"Қан сарысуындағы ферритинді талдауышта анықтау","Name":"Определение ферритина в сыворотке крови на анализаторе","ShortNameRU":"Ферритин на анализаторе","ShortNameKZ":"Ферритин на анализаторе","ShortName":"Ферритин на анализаторе","FullName":"B03.500.002 - Определение ферритина в сыворотке крови на анализаторе","Code":"B03.500.002","ServiceClassID":5,"ServiceClass":null,"ServiceSubClassID":6,"ServiceSubClass":null,"MaterialTypeID":202,"MaterialType":null,"MasterDataID":3125,"ID":"284","StrID":"284"},"MasterDataID":8269493,"ServiceSubClassID":6,"PayType":1,"ServiceSubClass":null,"ID":"2164351","StrID":"2164351"},"FullName":"B03.500.002 - Определение ферритина в сыворотке крови на анализаторе  () ","IsMain":true,"SourceID":"144913008_33962202","WorkPlaceID":20747,"WorkPlace":null,"DriverManager":null,"ParameterID":null,"Parameter":null,"AdditionalInfo":null,"Status":1,"PerformetServiceCount":9,"ResearchResultCount":0,"ApproveResearchResultCount":0,"NotSaveResearchResultCount":0,"ParentID":null,"ScreeningCandidatePlanGuid":null,"ScreeningUrl":null,"TakePlace":null,"MaterialTypeID":null,"MaterialType":null,"PartCount":0,"IsOrderProductionControl":false,"Uid":"bc3c222f-2be2-4023-9a5e-71e7551ff954","OrderPerformerServices":[],"OrderResearchAllergens":[],"Results":[],"IsResumed":false,"ExecutionType":0,"ID":"67071796","StrID":"67071796"},"ParameterID":201234,"Parameter":{"ShortNameRU":"ферритин в сыворотке крови","ShortNameKZ":"қан сарысуындағы ферритин","ShortName":"ферритин в сыворотке крови","DataType":0,"DataTypeName":"Число","UnitTypeID":100035,"UnitType":null,"MedicalFormID":null,"MasterDataID":0,"MedicalForm":null,"NameWithDataType":"ферритин в сыворотке крови  (Число)","NameRU":"ферритин в сыворотке крови","NameKZ":"қан сарысуындағы ферритин","Name":"ферритин в сыворотке крови","PublicCode":"20123400","EndDate":null,"ID":"201234","StrID":"201234"},"ParameterValues":null,"ParameterValueID":null,"ParameterValue":null,"ResultText":"24.28000","ResultValue":"24.28000","ResultDate":"2026-08-31T10:30:06.696587+05:00","PostID":"189416","Post":null,"ExecuteMethod":2,"SourceResultText":"24.28000","SourceResultValue":"24.28000","SourceResultExpression":null,"SourceUnitTypeID":100035,"SourceUnitType":{"OrderBy":36,"MasterDataID":null,"CDD_ID":null,"NameRU":"мкг/л","NameKZ":"мкг/л","Name":"мкг/л","PublicCode":"10003500","EndDate":null,"ID":"100035","StrID":"100035"},"MultiplierID":null,"IsApproved":false,"IsValidated":false,"StandardMatchType":0,"ApproveDate":null,"ApprovePostID":null,"ApprovePost":null,"OrderNum":1,"WorkPlaceID":20747,"OrderID":null,"BacteriologyResult":null,"AnalyzerId":38,"IsOrderProductionControl":false,"ID":"207166324","StrID":"207166324"}
31.08.2026 10:30:05	Information:	Result object to save: 
31.08.2026 10:30:05	Information:	{"OrderResearchID":67071786,"OrderResearch":null,"ParameterID":201268,"Parameter":{"ShortNameRU":"холестерин в сыворотке крови","ShortNameKZ":"қан сарысуындағы холестерин","ShortName":"холестерин в сыворотке крови","DataType":0,"DataTypeName":"Число","UnitTypeID":100051,"UnitType":{"NameRU":"ммоль/л","NameKZ":"ммоль/л","Name":"ммоль/л","PublicCode":"10005100","OrderBy":52,"ID":100051,"StrID":"100051"},"MedicalFormID":null,"MedicalForm":null,"NameRU":"холестерин в сыворотке крови","NameKZ":"қан сарысуындағы холестерин","Name":"холестерин в сыворотке крови","PublicCode":"20126800","OrderBy":null,"ID":201268,"StrID":"201268"},"ParameterValueID":null,"ParameterValue":null,"ResultText":"3.47","ResultValue":null,"ResultDate":"2026-08-31T10:30:06.4461636+05:00","PostID":0,"Post":null,"ExecuteMethod":2,"SourceResultText":"3.47","SourceResultValue":null,"SourceResultExpression":null,"SourceUnitTypeID":100051,"SourceUnitType":{"NameRU":"ммоль/л","NameKZ":"ммоль/л","Name":"ммоль/л","PublicCode":"10005100","OrderBy":52,"ID":100051,"StrID":"100051"},"IsApproved":false,"ApproveDate":null,"ApprovePostID":null,"ApprovePost":null,"OrderNum":1,"WorkPlaceID":20747,"DriverManagerID":150,"BacteriologyResult":null,"AnalyzerId":38,"IsOrderProductionControl":false,"ID":0,"StrID":"0"}
31.08.2026 10:30:05	Information:	Save string: 
31.08.2026 10:30:05	Information:	{"OrderResearchID":67071786,"OrderResearch":{"OrderID":31122272,"ServiceMoID":2164426,"ServiceMoMasterDataID":8269496,"ServiceMo":{"OrgHealthCareID":"45500000000000909","ServiceID":287,"NameRU":"Определение общего холестерина в сыворотке крови на анализаторе","NameKZ":"Қан сарысуындағы жалпы  холестеринді талдауышта анықтау ","Name":"Определение общего холестерина в сыворотке крови на анализаторе","ShortNameRU":"Определение общего холестерина в сыворотке крови на анализаторе","ShortNameKZ":"Қан сарысуындағы жалпы  холестеринді талдауышта анықтау ","ShortName":"Определение общего холестерина в сыворотке крови на анализаторе","FullName":"B03.401.002 - Определение общего холестерина в сыворотке крови на анализаторе","Code":"B03.401.002","ExternalCode":null,"ServiceClassID":5,"ServiceClass":{"ServiceTypeID":2,"OrderBy":5,"MasterDataID":5,"NameRU":"Клиническая химия (биохимия)","NameKZ":"Клиникалық химия (биохимия)","Name":"Клиническая химия (биохимия)","PublicCode":"500","EndDate":null,"ID":"5","StrID":"5"},"Service":{"NameRU":"Определение общего холестерина в сыворотке крови на анализаторе","NameKZ":"Қан сарысуындағы жалпы холестеринді талдауышта анықтау","Name":"Определение общего холестерина в сыворотке крови на анализаторе","ShortNameRU":"Холестерин на анализаторе","ShortNameKZ":"Холестерин на анализаторе","ShortName":"Холестерин на анализаторе","FullName":"B03.401.002 - Определение общего холестерина в сыворотке крови на анализаторе","Code":"B03.401.002","ServiceClassID":5,"ServiceClass":null,"ServiceSubClassID":6,"ServiceSubClass":null,"MaterialTypeID":202,"MaterialType":null,"MasterDataID":3128,"ID":"287","StrID":"287"},"MasterDataID":8269496,"ServiceSubClassID":6,"PayType":1,"ServiceSubClass":null,"ID":"2164426","StrID":"2164426"},"FullName":"B03.401.002 - Определение общего холестерина в сыворотке крови на анализаторе  () ","IsMain":true,"SourceID":"144913008_33962197","WorkPlaceID":20747,"WorkPlace":null,"DriverManager":null,"ParameterID":null,"Parameter":null,"AdditionalInfo":null,"Status":1,"PerformetServiceCount":7,"ResearchResultCount":0,"ApproveResearchResultCount":0,"NotSaveResearchResultCount":0,"ParentID":null,"ScreeningCandidatePlanGuid":null,"ScreeningUrl":null,"TakePlace":null,"MaterialTypeID":null,"MaterialType":null,"PartCount":0,"IsOrderProductionControl":false,"Uid":"2e2a6ebf-47ce-48a1-9bc4-1f56acff1c5f","OrderPerformerServices":[],"OrderResearchAllergens":[],"Results":[],"IsResumed":false,"ExecutionType":0,"ID":"67071786","StrID":"67071786"},"ParameterID":201268,"Parameter":{"ShortNameRU":"холестерин в сыворотке крови","ShortNameKZ":"қан сарысуындағы холестерин","ShortName":"холестерин в сыворотке крови","DataType":0,"DataTypeName":"Число","UnitTypeID":100051,"UnitType":null,"MedicalFormID":null,"MasterDataID":0,"MedicalForm":null,"NameWithDataType":"холестерин в сыворотке крови  (Число)","NameRU":"холестерин в сыворотке крови","NameKZ":"қан сарысуындағы холестерин","Name":"холестерин в сыворотке крови","PublicCode":"20126800","EndDate":null,"ID":"201268","StrID":"201268"},"ParameterValues":null,"ParameterValueID":null,"ParameterValue":null,"ResultText":"3.47","ResultValue":"3.47","ResultDate":"2026-08-31T10:30:06.743459+05:00","PostID":"189416","Post":null,"ExecuteMethod":2,"SourceResultText":"3.47","SourceResultValue":"3.47","SourceResultExpression":null,"SourceUnitTypeID":100051,"SourceUnitType":{"OrderBy":52,"MasterDataID":null,"CDD_ID":null,"NameRU":"ммоль/л","NameKZ":"ммоль/л","Name":"ммоль/л","PublicCode":"10005100","EndDate":null,"ID":"100051","StrID":"100051"},"MultiplierID":null,"IsApproved":false,"IsValidated":false,"StandardMatchType":0,"ApproveDate":null,"ApprovePostID":null,"ApprovePost":null,"OrderNum":1,"WorkPlaceID":20747,"OrderID":null,"BacteriologyResult":null,"AnalyzerId":38,"IsOrderProductionControl":false,"ID":"207166325","StrID":"207166325"}
31.08.2026 10:30:05	Information:	No result for test 201202 for sample with barcode 51566626 for device 20747
31.08.2026 10:30:05	Information:	Result object to save: 
31.08.2026 10:30:05	Information:	{"OrderResearchID":67071793,"OrderResearch":null,"ParameterID":200549,"Parameter":{"ShortNameRU":"глюкоза в сыворотке крови","ShortNameKZ":"қан сарысуындағы глюкоза","ShortName":"глюкоза в сыворотке крови","DataType":0,"DataTypeName":"Число","UnitTypeID":100051,"UnitType":{"NameRU":"ммоль/л","NameKZ":"ммоль/л","Name":"ммоль/л","PublicCode":"10005100","OrderBy":52,"ID":100051,"StrID":"100051"},"MedicalFormID":null,"MedicalForm":null,"NameRU":"глюкоза в сыворотке крови","NameKZ":"қан сарысуындағы глюкоза","Name":"глюкоза в сыворотке крови","PublicCode":"20054900","OrderBy":null,"ID":200549,"StrID":"200549"},"ParameterValueID":null,"ParameterValue":null,"ResultText":"4.95","ResultValue":null,"ResultDate":"2026-08-31T10:30:06.4617866+05:00","PostID":0,"Post":null,"ExecuteMethod":2,"SourceResultText":"4.95","SourceResultValue":null,"SourceResultExpression":null,"SourceUnitTypeID":100051,"SourceUnitType":{"NameRU":"ммоль/л","NameKZ":"ммоль/л","Name":"ммоль/л","PublicCode":"10005100","OrderBy":52,"ID":100051,"StrID":"100051"},"IsApproved":false,"ApproveDate":null,"ApprovePostID":null,"ApprovePost":null,"OrderNum":1,"WorkPlaceID":20747,"DriverManagerID":150,"BacteriologyResult":null,"AnalyzerId":38,"IsOrderProductionControl":false,"ID":0,"StrID":"0"}
31.08.2026 10:30:05	Information:	Save string: 
31.08.2026 10:30:05	Information:	{"OrderResearchID":67071793,"OrderResearch":{"OrderID":31122272,"ServiceMoID":2164501,"ServiceMoMasterDataID":8269499,"ServiceMo":{"OrgHealthCareID":"45500000000000909","ServiceID":290,"NameRU":"Определение глюкозы в сыворотке крови на анализаторе","NameKZ":"Қан сарысуындағы глюкозаны талдауышта анықтау ","Name":"Определение глюкозы в сыворотке крови на анализаторе","ShortNameRU":"Определение глюкозы в сыворотке крови на анализаторе","ShortNameKZ":"Қан сарысуындағы глюкозаны талдауышта анықтау ","ShortName":"Определение глюкозы в сыворотке крови на анализаторе","FullName":"B03.335.002 - Определение глюкозы в сыворотке крови на анализаторе","Code":"B03.335.002","ExternalCode":null,"ServiceClassID":5,"ServiceClass":{"ServiceTypeID":2,"OrderBy":5,"MasterDataID":5,"NameRU":"Клиническая химия (биохимия)","NameKZ":"Клиникалық химия (биохимия)","Name":"Клиническая химия (биохимия)","PublicCode":"500","EndDate":null,"ID":"5","StrID":"5"},"Service":{"NameRU":"Определение глюкозы в сыворотке крови на анализаторе","NameKZ":"Қан сарысуындағы глюкозаны талдауышта анықтау","Name":"Определение глюкозы в сыворотке крови на анализаторе","ShortNameRU":"Глюкоза в сыворотке крови на анализаторе","ShortNameKZ":"Глюкоза в сыворотке крови на анализаторе","ShortName":"Глюкоза в сыворотке крови на анализаторе","FullName":"B03.335.002 - Определение глюкозы в сыворотке крови на анализаторе","Code":"B03.335.002","ServiceClassID":5,"ServiceClass":null,"ServiceSubClassID":6,"ServiceSubClass":null,"MaterialTypeID":202,"MaterialType":null,"MasterDataID":3131,"ID":"290","StrID":"290"},"MasterDataID":8269499,"ServiceSubClassID":6,"PayType":1,"ServiceSubClass":null,"ID":"2164501","StrID":"2164501"},"FullName":"B03.335.002 - Определение глюкозы в сыворотке крови на анализаторе  () ","IsMain":true,"SourceID":"144913008_33962201","WorkPlaceID":20747,"WorkPlace":null,"DriverManager":null,"ParameterID":null,"Parameter":null,"AdditionalInfo":null,"Status":1,"PerformetServiceCount":7,"ResearchResultCount":0,"ApproveResearchResultCount":0,"NotSaveResearchResultCount":0,"ParentID":null,"ScreeningCandidatePlanGuid":null,"ScreeningUrl":null,"TakePlace":null,"MaterialTypeID":null,"MaterialType":null,"PartCount":0,"IsOrderProductionControl":false,"Uid":"76cdc50b-0b7f-474e-954b-26be9c79f143","OrderPerformerServices":[],"OrderResearchAllergens":[],"Results":[],"IsResumed":false,"ExecutionType":0,"ID":"67071793","StrID":"67071793"},"ParameterID":200549,"Parameter":{"ShortNameRU":"глюкоза в сыворотке крови","ShortNameKZ":"қан сарысуындағы глюкоза","ShortName":"глюкоза в сыворотке крови","DataType":0,"DataTypeName":"Число","UnitTypeID":100051,"UnitType":null,"MedicalFormID":null,"MasterDataID":0,"MedicalForm":null,"NameWithDataType":"глюкоза в сыворотке крови  (Число)","NameRU":"глюкоза в сыворотке крови","NameKZ":"қан сарысуындағы глюкоза","Name":"глюкоза в сыворотке крови","PublicCode":"20054900","EndDate":null,"ID":"200549","StrID":"200549"},"ParameterValues":null,"ParameterValueID":null,"ParameterValue":null,"ResultText":"4.95","ResultValue":"4.95","ResultDate":"2026-08-31T10:30:06.8064132+05:00","PostID":"189416","Post":null,"ExecuteMethod":2,"SourceResultText":"4.95","SourceResultValue":"4.95","SourceResultExpression":null,"SourceUnitTypeID":100051,"SourceUnitType":{"OrderBy":52,"MasterDataID":null,"CDD_ID":null,"NameRU":"ммоль/л","NameKZ":"ммоль/л","Name":"ммоль/л","PublicCode":"10005100","EndDate":null,"ID":"100051","StrID":"100051"},"MultiplierID":null,"IsApproved":false,"IsValidated":false,"StandardMatchType":0,"ApproveDate":null,"ApprovePostID":null,"ApprovePost":null,"OrderNum":1,"WorkPlaceID":20747,"OrderID":null,"BacteriologyResult":null,"AnalyzerId":38,"IsOrderProductionControl":false,"ID":"207166326","StrID":"207166326"}
31.08.2026 10:30:05	Information:	Result object to save: 
31.08.2026 10:30:05	Information:	{"OrderResearchID":67071794,"OrderResearch":null,"ParameterID":200852,"Parameter":{"ShortNameRU":"мочевина в сыворотке крови","ShortNameKZ":"қан сарысуындағы несепнәр","ShortName":"мочевина в сыворотке крови","DataType":0,"DataTypeName":"Число","UnitTypeID":100051,"UnitType":{"NameRU":"ммоль/л","NameKZ":"ммоль/л","Name":"ммоль/л","PublicCode":"10005100","OrderBy":52,"ID":100051,"StrID":"100051"},"MedicalFormID":null,"MedicalForm":null,"NameRU":"мочевина в сыворотке крови","NameKZ":"қан сарысуындағы несепнәр","Name":"мочевина в сыворотке крови","PublicCode":"20085200","OrderBy":null,"ID":200852,"StrID":"200852"},"ParameterValueID":null,"ParameterValue":null,"ResultText":"3.59","ResultValue":null,"ResultDate":"2026-08-31T10:30:06.4617866+05:00","PostID":0,"Post":null,"ExecuteMethod":2,"SourceResultText":"3.59","SourceResultValue":null,"SourceResultExpression":null,"SourceUnitTypeID":100051,"SourceUnitType":{"NameRU":"ммоль/л","NameKZ":"ммоль/л","Name":"ммоль/л","PublicCode":"10005100","OrderBy":52,"ID":100051,"StrID":"100051"},"IsApproved":false,"ApproveDate":null,"ApprovePostID":null,"ApprovePost":null,"OrderNum":1,"WorkPlaceID":20747,"DriverManagerID":150,"BacteriologyResult":null,"AnalyzerId":38,"IsOrderProductionControl":false,"ID":0,"StrID":"0"}
31.08.2026 10:30:05	Information:	Save string: 
31.08.2026 10:30:05	Information:	{"OrderResearchID":67071794,"OrderResearch":{"OrderID":31122272,"ServiceMoID":2164626,"ServiceMoMasterDataID":8269504,"ServiceMo":{"OrgHealthCareID":"45500000000000909","ServiceID":295,"NameRU":"Определение мочевины в сыворотке крови на анализаторе","NameKZ":"Қан сарысуындағы несепнәрді  талдауышта анықтау ","Name":"Определение мочевины в сыворотке крови на анализаторе","ShortNameRU":"Определение мочевины в сыворотке крови на анализаторе","ShortNameKZ":"Қан сарысуындағы несепнәрді  талдауышта анықтау ","ShortName":"Определение мочевины в сыворотке крови на анализаторе","FullName":"B03.386.002 - Определение мочевины в сыворотке крови на анализаторе","Code":"B03.386.002","ExternalCode":null,"ServiceClassID":5,"ServiceClass":{"ServiceTypeID":2,"OrderBy":5,"MasterDataID":5,"NameRU":"Клиническая химия (биохимия)","NameKZ":"Клиникалық химия (биохимия)","Name":"Клиническая химия (биохимия)","PublicCode":"500","EndDate":null,"ID":"5","StrID":"5"},"Service":{"NameRU":"Определение мочевины в сыворотке крови на анализаторе","NameKZ":"Қан сарысуындағы несепнәрді талдауышта анықтау","Name":"Определение мочевины в сыворотке крови на анализаторе","ShortNameRU":"Мочевина на анализаторе","ShortNameKZ":"Мочевина на анализаторе","ShortName":"Мочевина на анализаторе","FullName":"B03.386.002 - Определение мочевины в сыворотке крови на анализаторе","Code":"B03.386.002","ServiceClassID":5,"ServiceClass":null,"ServiceSubClassID":6,"ServiceSubClass":null,"MaterialTypeID":202,"MaterialType":null,"MasterDataID":3136,"ID":"295","StrID":"295"},"MasterDataID":8269504,"ServiceSubClassID":6,"PayType":1,"ServiceSubClass":null,"ID":"2164626","StrID":"2164626"},"FullName":"B03.386.002 - Определение мочевины в сыворотке крови на анализаторе  () ","IsMain":true,"SourceID":"144913008_33962203","WorkPlaceID":20747,"WorkPlace":null,"DriverManager":null,"ParameterID":null,"Parameter":null,"AdditionalInfo":null,"Status":1,"PerformetServiceCount":7,"ResearchResultCount":0,"ApproveResearchResultCount":0,"NotSaveResearchResultCount":0,"ParentID":null,"ScreeningCandidatePlanGuid":null,"ScreeningUrl":null,"TakePlace":null,"MaterialTypeID":null,"MaterialType":null,"PartCount":0,"IsOrderProductionControl":false,"Uid":"12ff51cd-7413-4183-9231-d3a2fb8e0024","OrderPerformerServices":[],"OrderResearchAllergens":[],"Results":[],"IsResumed":false,"ExecutionType":0,"ID":"67071794","StrID":"67071794"},"ParameterID":200852,"Parameter":{"ShortNameRU":"мочевина в сыворотке крови","ShortNameKZ":"қан сарысуындағы несепнәр","ShortName":"мочевина в сыворотке крови","DataType":0,"DataTypeName":"Число","UnitTypeID":100051,"UnitType":null,"MedicalFormID":null,"MasterDataID":0,"MedicalForm":null,"NameWithDataType":"мочевина в сыворотке крови  (Число)","NameRU":"мочевина в сыворотке крови","NameKZ":"қан сарысуындағы несепнәр","Name":"мочевина в сыворотке крови","PublicCode":"20085200","EndDate":null,"ID":"200852","StrID":"200852"},"ParameterValues":null,"ParameterValueID":null,"ParameterValue":null,"ResultText":"3.59","ResultValue":"3.59","ResultDate":"2026-08-31T10:30:06.8532936+05:00","PostID":"189416","Post":null,"ExecuteMethod":2,"SourceResultText":"3.59","SourceResultValue":"3.59","SourceResultExpression":null,"SourceUnitTypeID":100051,"SourceUnitType":{"OrderBy":52,"MasterDataID":null,"CDD_ID":null,"NameRU":"ммоль/л","NameKZ":"ммоль/л","Name":"ммоль/л","PublicCode":"10005100","EndDate":null,"ID":"100051","StrID":"100051"},"MultiplierID":null,"IsApproved":false,"IsValidated":false,"StandardMatchType":0,"ApproveDate":null,"ApprovePostID":null,"ApprovePost":null,"OrderNum":1,"WorkPlaceID":20747,"OrderID":null,"BacteriologyResult":null,"AnalyzerId":38,"IsOrderProductionControl":false,"ID":"207166327","StrID":"207166327"}
31.08.2026 10:30:05	Information:	Result object to save: 
31.08.2026 10:30:05	Information:	{"OrderResearchID":67071795,"OrderResearch":null,"ParameterID":200744,"Parameter":{"ShortNameRU":"креатинин в крови","ShortNameKZ":"қандағы креатинин","ShortName":"креатинин в крови","DataType":0,"DataTypeName":"Число","UnitTypeID":100041,"UnitType":{"NameRU":"мкмоль/л","NameKZ":"мкмоль/л","Name":"мкмоль/л","PublicCode":"10004100","OrderBy":42,"ID":100041,"StrID":"100041"},"MedicalFormID":null,"MedicalForm":null,"NameRU":"креатинин в крови","NameKZ":"қандағы креатинин","Name":"креатинин в крови","PublicCode":"20074400","OrderBy":null,"ID":200744,"StrID":"200744"},"ParameterValueID":null,"ParameterValue":null,"ResultText":"53.41","ResultValue":null,"ResultDate":"2026-08-31T10:30:06.4782501+05:00","PostID":0,"Post":null,"ExecuteMethod":2,"SourceResultText":"53.41","SourceResultValue":null,"SourceResultExpression":null,"SourceUnitTypeID":100041,"SourceUnitType":{"NameRU":"мкмоль/л","NameKZ":"мкмоль/л","Name":"мкмоль/л","PublicCode":"10004100","OrderBy":42,"ID":100041,"StrID":"100041"},"IsApproved":false,"ApproveDate":null,"ApprovePostID":null,"ApprovePost":null,"OrderNum":1,"WorkPlaceID":20747,"DriverManagerID":150,"BacteriologyResult":null,"AnalyzerId":38,"IsOrderProductionControl":false,"ID":0,"StrID":"0"}
