02.09.2026 19:13:16	Information:	Result object to save: 
02.09.2026 19:13:16	Information:	{"OrderResearchID":67169738,"OrderResearch":null,"ParameterID":200852,"Parameter":{"ShortNameRU":"мочевина в сыворотке крови","ShortNameKZ":"қан сарысуындағы несепнәр","ShortName":"мочевина в сыворотке крови","DataType":0,"DataTypeName":"Число","UnitTypeID":100051,"UnitType":{"NameRU":"ммоль/л","NameKZ":"ммоль/л","Name":"ммоль/л","PublicCode":"10005100","OrderBy":52,"ID":100051,"StrID":"100051"},"MedicalFormID":null,"MedicalForm":null,"NameRU":"мочевина в сыворотке крови","NameKZ":"қан сарысуындағы несепнәр","Name":"мочевина в сыворотке крови","PublicCode":"20085200","OrderBy":null,"ID":200852,"StrID":"200852"},"ParameterValueID":null,"ParameterValue":null,"ResultText":"5.27","ResultValue":null,"ResultDate":"2026-09-02T19:13:17.5706156+05:00","PostID":0,"Post":null,"ExecuteMethod":2,"SourceResultText":"5.27","SourceResultValue":null,"SourceResultExpression":null,"SourceUnitTypeID":100051,"SourceUnitType":{"NameRU":"ммоль/л","NameKZ":"ммоль/л","Name":"ммоль/л","PublicCode":"10005100","OrderBy":52,"ID":100051,"StrID":"100051"},"IsApproved":false,"ApproveDate":null,"ApprovePostID":null,"ApprovePost":null,"OrderNum":1,"WorkPlaceID":20747,"DriverManagerID":150,"BacteriologyResult":null,"AnalyzerId":38,"IsOrderProductionControl":false,"ID":0,"StrID":"0"}
02.09.2026 19:13:16	Information:	Save string: 
02.09.2026 19:13:16	Information:	{"OrderResearchID":67169738,"OrderResearch":{"OrderID":31167739,"ServiceMoID":2164626,"ServiceMoMasterDataID":8269504,"ServiceMo":{"OrgHealthCareID":"45500000000000909","ServiceID":295,"NameRU":"Определение мочевины в сыворотке крови на анализаторе","NameKZ":"Қан сарысуындағы несепнәрді  талдауышта анықтау ","Name":"Определение мочевины в сыворотке крови на анализаторе","ShortNameRU":"Определение мочевины в сыворотке крови на анализаторе","ShortNameKZ":"Қан сарысуындағы несепнәрді  талдауышта анықтау ","ShortName":"Определение мочевины в сыворотке крови на анализаторе","FullName":"B03.386.002 - Определение мочевины в сыворотке крови на анализаторе","Code":"B03.386.002","ExternalCode":null,"ServiceClassID":5,"ServiceClass":{"ServiceTypeID":2,"OrderBy":5,"MasterDataID":5,"NameRU":"Клиническая химия (биохимия)","NameKZ":"Клиникалық химия (биохимия)","Name":"Клиническая химия (биохимия)","PublicCode":"500","EndDate":null,"ID":"5","StrID":"5"},"Service":{"NameRU":"Определение мочевины в сыворотке крови на анализаторе","NameKZ":"Қан сарысуындағы несепнәрді талдауышта анықтау","Name":"Определение мочевины в сыворотке крови на анализаторе","ShortNameRU":"Мочевина на анализаторе","ShortNameKZ":"Мочевина на анализаторе","ShortName":"Мочевина на анализаторе","FullName":"B03.386.002 - Определение мочевины в сыворотке крови на анализаторе","Code":"B03.386.002","ServiceClassID":5,"ServiceClass":null,"ServiceSubClassID":6,"ServiceSubClass":null,"MaterialTypeID":202,"MaterialType":null,"MasterDataID":3136,"ID":"295","StrID":"295"},"MasterDataID":8269504,"ServiceSubClassID":6,"PayType":1,"ServiceSubClass":null,"ID":"2164626","StrID":"2164626"},"FullName":"B03.386.002 - Определение мочевины в сыворотке крови на анализаторе  () ","IsMain":true,"SourceID":"145160144_34024968","WorkPlaceID":20747,"WorkPlace":null,"DriverManager":null,"ParameterID":null,"Parameter":null,"AdditionalInfo":null,"Status":1,"PerformetServiceCount":7,"ResearchResultCount":0,"ApproveResearchResultCount":0,"NotSaveResearchResultCount":0,"ParentID":null,"ScreeningCandidatePlanGuid":null,"ScreeningUrl":null,"TakePlace":null,"MaterialTypeID":null,"MaterialType":null,"PartCount":0,"IsOrderProductionControl":false,"Uid":"30d22c70-6ab0-4b65-aa17-de9a84a71706","OrderPerformerServices":[],"OrderResearchAllergens":[],"Results":[],"IsResumed":false,"ExecutionType":0,"ID":"67169738","StrID":"67169738"},"ParameterID":200852,"Parameter":{"ShortNameRU":"мочевина в сыворотке крови","ShortNameKZ":"қан сарысуындағы несепнәр","ShortName":"мочевина в сыворотке крови","DataType":0,"DataTypeName":"Число","UnitTypeID":100051,"UnitType":null,"MedicalFormID":null,"MasterDataID":0,"MedicalForm":null,"NameWithDataType":"мочевина в сыворотке крови  (Число)","NameRU":"мочевина в сыворотке крови","NameKZ":"қан сарысуындағы несепнәр","Name":"мочевина в сыворотке крови","PublicCode":"20085200","EndDate":null,"ID":"200852","StrID":"200852"},"ParameterValues":null,"ParameterValueID":null,"ParameterValue":null,"ResultText":"5.27","ResultValue":"5.27","ResultDate":"2026-09-02T19:13:18.1974894+05:00","PostID":"189416","Post":null,"ExecuteMethod":2,"SourceResultText":"5.27","SourceResultValue":"5.27","SourceResultExpression":null,"SourceUnitTypeID":100051,"SourceUnitType":{"OrderBy":52,"MasterDataID":null,"CDD_ID":null,"NameRU":"ммоль/л","NameKZ":"ммоль/л","Name":"ммоль/л","PublicCode":"10005100","EndDate":null,"ID":"100051","StrID":"100051"},"MultiplierID":null,"IsApproved":false,"IsValidated":false,"StandardMatchType":0,"ApproveDate":null,"ApprovePostID":null,"ApprovePost":null,"OrderNum":1,"WorkPlaceID":20747,"OrderID":null,"BacteriologyResult":null,"AnalyzerId":38,"IsOrderProductionControl":false,"ID":"207446790","StrID":"207446790"}
02.09.2026 19:13:17	Information:	Result object to save: 
02.09.2026 19:13:17	Information:	{"OrderResearchID":67169739,"OrderResearch":null,"ParameterID":200744,"Parameter":{"ShortNameRU":"креатинин в крови","ShortNameKZ":"қандағы креатинин","ShortName":"креатинин в крови","DataType":0,"DataTypeName":"Число","UnitTypeID":100041,"UnitType":{"NameRU":"мкмоль/л","NameKZ":"мкмоль/л","Name":"мкмоль/л","PublicCode":"10004100","OrderBy":42,"ID":100041,"StrID":"100041"},"MedicalFormID":null,"MedicalForm":null,"NameRU":"креатинин в крови","NameKZ":"қандағы креатинин","Name":"креатинин в крови","PublicCode":"20074400","OrderBy":null,"ID":200744,"StrID":"200744"},"ParameterValueID":null,"ParameterValue":null,"ResultText":"36.94","ResultValue":null,"ResultDate":"2026-09-02T19:13:17.5706156+05:00","PostID":0,"Post":null,"ExecuteMethod":2,"SourceResultText":"36.94","SourceResultValue":null,"SourceResultExpression":null,"SourceUnitTypeID":100041,"SourceUnitType":{"NameRU":"мкмоль/л","NameKZ":"мкмоль/л","Name":"мкмоль/л","PublicCode":"10004100","OrderBy":42,"ID":100041,"StrID":"100041"},"IsApproved":false,"ApproveDate":null,"ApprovePostID":null,"ApprovePost":null,"OrderNum":1,"WorkPlaceID":20747,"DriverManagerID":150,"BacteriologyResult":null,"AnalyzerId":38,"IsOrderProductionControl":false,"ID":0,"StrID":"0"}
02.09.2026 19:13:17	Information:	Save string: 
02.09.2026 19:13:17	Information:	{"OrderResearchID":67169739,"OrderResearch":{"OrderID":31167739,"ServiceMoID":2164651,"ServiceMoMasterDataID":8269505,"ServiceMo":{"OrgHealthCareID":"45500000000000909","ServiceID":296,"NameRU":"Определение креатинина в сыворотке крови на анализаторе","NameKZ":"Қан сарысуындағы  креатининді талдауышта анықтау ","Name":"Определение креатинина в сыворотке крови на анализаторе","ShortNameRU":"Определение креатинина в сыворотке крови на анализаторе","ShortNameKZ":"Қан сарысуындағы  креатининді талдауышта анықтау ","ShortName":"Определение креатинина в сыворотке крови на анализаторе","FullName":"B03.363.002 - Определение креатинина в сыворотке крови на анализаторе","Code":"B03.363.002","ExternalCode":null,"ServiceClassID":5,"ServiceClass":{"ServiceTypeID":2,"OrderBy":5,"MasterDataID":5,"NameRU":"Клиническая химия (биохимия)","NameKZ":"Клиникалық химия (биохимия)","Name":"Клиническая химия (биохимия)","PublicCode":"500","EndDate":null,"ID":"5","StrID":"5"},"Service":{"NameRU":"Определение креатинина в сыворотке крови на анализаторе","NameKZ":"Қан сарысуындағы креатининді талдауышта анықтау","Name":"Определение креатинина в сыворотке крови на анализаторе","ShortNameRU":"Креатинин на анализаторе","ShortNameKZ":"Креатинин на анализаторе","ShortName":"Креатинин на анализаторе","FullName":"B03.363.002 - Определение креатинина в сыворотке крови на анализаторе","Code":"B03.363.002","ServiceClassID":5,"ServiceClass":null,"ServiceSubClassID":6,"ServiceSubClass":null,"MaterialTypeID":202,"MaterialType":null,"MasterDataID":3137,"ID":"296","StrID":"296"},"MasterDataID":8269505,"ServiceSubClassID":6,"PayType":1,"ServiceSubClass":null,"ID":"2164651","StrID":"2164651"},"FullName":"B03.363.002 - Определение креатинина в сыворотке крови на анализаторе  () ","IsMain":true,"SourceID":"145160144_34024967","WorkPlaceID":20747,"WorkPlace":null,"DriverManager":null,"ParameterID":null,"Parameter":null,"AdditionalInfo":null,"Status":1,"PerformetServiceCount":7,"ResearchResultCount":0,"ApproveResearchResultCount":0,"NotSaveResearchResultCount":0,"ParentID":null,"ScreeningCandidatePlanGuid":null,"ScreeningUrl":null,"TakePlace":null,"MaterialTypeID":null,"MaterialType":null,"PartCount":0,"IsOrderProductionControl":false,"Uid":"9a9db798-2073-4e2a-89b1-97196fbbe28f","OrderPerformerServices":[],"OrderResearchAllergens":[],"Results":[],"IsResumed":false,"ExecutionType":0,"ID":"67169739","StrID":"67169739"},"ParameterID":200744,"Parameter":{"ShortNameRU":"креатинин в крови","ShortNameKZ":"қандағы креатинин","ShortName":"креатинин в крови","DataType":0,"DataTypeName":"Число","UnitTypeID":100041,"UnitType":null,"MedicalFormID":null,"MasterDataID":0,"MedicalForm":null,"NameWithDataType":"креатинин в крови  (Число)","NameRU":"креатинин в крови","NameKZ":"қандағы креатинин","Name":"креатинин в крови","PublicCode":"20074400","EndDate":null,"ID":"200744","StrID":"200744"},"ParameterValues":null,"ParameterValueID":null,"ParameterValue":null,"ResultText":"36.94","ResultValue":"36.94","ResultDate":"2026-09-02T19:13:18.2599923+05:00","PostID":"189416","Post":null,"ExecuteMethod":2,"SourceResultText":"36.94","SourceResultValue":"36.94","SourceResultExpression":null,"SourceUnitTypeID":100041,"SourceUnitType":{"OrderBy":42,"MasterDataID":null,"CDD_ID":null,"NameRU":"мкмоль/л","NameKZ":"мкмоль/л","Name":"мкмоль/л","PublicCode":"10004100","EndDate":null,"ID":"100041","StrID":"100041"},"MultiplierID":null,"IsApproved":false,"IsValidated":false,"StandardMatchType":0,"ApproveDate":null,"ApprovePostID":null,"ApprovePost":null,"OrderNum":1,"WorkPlaceID":20747,"OrderID":null,"BacteriologyResult":null,"AnalyzerId":38,"IsOrderProductionControl":false,"ID":"207446791","StrID":"207446791"}
02.09.2026 19:13:17	Information:	No result for test 201150 for sample with barcode 51563972 for device 20747
02.09.2026 19:13:17	Information:	No result for test 200376 for sample with barcode 51563972 for device 20747
02.09.2026 19:13:17	Debug:	 SendResults SaveDeviceResults = 534 ms
02.09.2026 19:13:17	Debug:	 total for SendResults = 1146 ms
02.09.2026 19:13:53	Information:	url https://lab-vko.dmed.kz/ /api/DriverManager/PingDevice
02.09.2026 19:13:53	Information:	{
"Hash": "w9LjvpRCyoByGV3Lzv0iX9dSI0tLK0uV+pRojL1kufc=",
"Status": 0
}


02.09.2026 19:13:53	Information:	Ping ret is {"Status":0,"Comment":null}
02.09.2026 19:14:36	Information:	refresh tokens
02.09.2026 19:15:53	Information:	url https://lab-vko.dmed.kz/ /api/DriverManager/PingDevice
02.09.2026 19:15:53	Information:	{
"Hash": "w9LjvpRCyoByGV3Lzv0iX9dSI0tLK0uV+pRojL1kufc=",
"Status": 0
}


02.09.2026 19:15:53	Information:	Ping ret is {"Status":0,"Comment":null}
02.09.2026 19:17:54	Information:	url https://lab-vko.dmed.kz/ /api/DriverManager/PingDevice
02.09.2026 19:17:54	Information:	{
"Hash": "w9LjvpRCyoByGV3Lzv0iX9dSI0tLK0uV+pRojL1kufc=",
"Status": 0
}


02.09.2026 19:17:54	Information:	Ping ret is {"Status":0,"Comment":null}
02.09.2026 19:19:54	Information:	url https://lab-vko.dmed.kz/ /api/DriverManager/PingDevice
02.09.2026 19:19:54	Information:	{
"Hash": "w9LjvpRCyoByGV3Lzv0iX9dSI0tLK0uV+pRojL1kufc=",
"Status": 0
}


02.09.2026 19:19:54	Information:	Ping ret is {"Status":0,"Comment":null}
02.09.2026 19:21:55	Information:	url https://lab-vko.dmed.kz/ /api/DriverManager/PingDevice
02.09.2026 19:21:55	Information:	{
"Hash": "w9LjvpRCyoByGV3Lzv0iX9dSI0tLK0uV+pRojL1kufc=",
"Status": 0
}


02.09.2026 19:21:55	Information:	Ping ret is {"Status":0,"Comment":null}
02.09.2026 19:23:55	Information:	url https://lab-vko.dmed.kz/ /api/DriverManager/PingDevice
02.09.2026 19:23:55	Information:	{
"Hash": "w9LjvpRCyoByGV3Lzv0iX9dSI0tLK0uV+pRojL1kufc=",
"Status": 0
}


02.09.2026 19:23:55	Information:	Ping ret is {"Status":0,"Comment":null}
02.09.2026 19:24:36	Information:	refresh tokens
02.09.2026 19:25:56	Information:	url https://lab-vko.dmed.kz/ /api/DriverManager/PingDevice
02.09.2026 19:25:56	Information:	{
"Hash": "w9LjvpRCyoByGV3Lzv0iX9dSI0tLK0uV+pRojL1kufc=",
"Status": 0
}


02.09.2026 19:25:56	Information:	Ping ret is {"Status":0,"Comment":null}
02.09.2026 19:27:56	Information:	url https://lab-vko.dmed.kz/ /api/DriverManager/PingDevice
02.09.2026 19:27:56	Information:	{
"Hash": "w9LjvpRCyoByGV3Lzv0iX9dSI0tLK0uV+pRojL1kufc=",
"Status": 0
}


02.09.2026 19:27:56	Information:	Ping ret is {"Status":0,"Comment":null}
02.09.2026 19:29:57	Information:	url https://lab-vko.dmed.kz/ /api/DriverManager/PingDevice
02.09.2026 19:29:57	Information:	{
"Hash": "w9LjvpRCyoByGV3Lzv0iX9dSI0tLK0uV+pRojL1kufc=",
"Status": 0
}


02.09.2026 19:29:57	Information:	Ping ret is {"Status":0,"Comment":null}
02.09.2026 19:31:57	Information:	url https://lab-vko.dmed.kz/ /api/DriverManager/PingDevice
02.09.2026 19:31:57	Information:	{
"Hash": "w9LjvpRCyoByGV3Lzv0iX9dSI0tLK0uV+pRojL1kufc=",
"Status": 0
}


02.09.2026 19:31:57	Information:	Ping ret is {"Status":0,"Comment":null}
02.09.2026 19:33:58	Information:	url https://lab-vko.dmed.kz/ /api/DriverManager/PingDevice
02.09.2026 19:33:58	Information:	{
"Hash": "w9LjvpRCyoByGV3Lzv0iX9dSI0tLK0uV+pRojL1kufc=",
"Status": 0
}


02.09.2026 19:33:58	Information:	Ping ret is {"Status":0,"Comment":null}
02.09.2026 19:34:36	Information:	refresh tokens
02.09.2026 19:35:59	Information:	url https://lab-vko.dmed.kz/ /api/DriverManager/PingDevice
02.09.2026 19:35:59	Information:	{
"Hash": "w9LjvpRCyoByGV3Lzv0iX9dSI0tLK0uV+pRojL1kufc=",
"Status": 0
}


02.09.2026 19:35:59	Information:	Ping ret is {"Status":0,"Comment":null}
02.09.2026 19:37:59	Information:	url https://lab-vko.dmed.kz/ /api/DriverManager/PingDevice
02.09.2026 19:37:59	Information:	{
"Hash": "w9LjvpRCyoByGV3Lzv0iX9dSI0tLK0uV+pRojL1kufc=",
"Status": 0
}


02.09.2026 19:37:59	Information:	Ping ret is {"Status":0,"Comment":null}
02.09.2026 19:40:00	Information:	url https://lab-vko.dmed.kz/ /api/DriverManager/PingDevice
02.09.2026 19:40:00	Information:	{
"Hash": "w9LjvpRCyoByGV3Lzv0iX9dSI0tLK0uV+pRojL1kufc=",
"Status": 0
}


02.09.2026 19:40:00	Information:	Ping ret is {"Status":0,"Comment":null}
02.09.2026 19:42:00	Information:	url https://lab-vko.dmed.kz/ /api/DriverManager/PingDevice
02.09.2026 19:42:00	Information:	{
"Hash": "w9LjvpRCyoByGV3Lzv0iX9dSI0tLK0uV+pRojL1kufc=",
"Status": 0
}


02.09.2026 19:42:00	Information:	Ping ret is {"Status":0,"Comment":null}
02.09.2026 19:44:01	Information:	url https://lab-vko.dmed.kz/ /api/DriverManager/PingDevice
02.09.2026 19:44:01	Information:	{
"Hash": "w9LjvpRCyoByGV3Lzv0iX9dSI0tLK0uV+pRojL1kufc=",
"Status": 0
}


02.09.2026 19:44:01	Information:	Ping ret is {"Status":0,"Comment":null}
02.09.2026 19:44:36	Information:	refresh tokens
02.09.2026 19:46:01	Information:	url https://lab-vko.dmed.kz/ /api/DriverManager/PingDevice
02.09.2026 19:46:01	Information:	{
"Hash": "w9LjvpRCyoByGV3Lzv0iX9dSI0tLK0uV+pRojL1kufc=",
"Status": 0
}


02.09.2026 19:46:01	Information:	Ping ret is {"Status":0,"Comment":null}
02.09.2026 19:48:02	Information:	url https://lab-vko.dmed.kz/ /api/DriverManager/PingDevice
02.09.2026 19:48:02	Information:	{
"Hash": "w9LjvpRCyoByGV3Lzv0iX9dSI0tLK0uV+pRojL1kufc=",
"Status": 0
}


02.09.2026 19:48:02	Information:	Ping ret is {"Status":0,"Comment":null}
02.09.2026 19:50:02	Information:	url https://lab-vko.dmed.kz/ /api/DriverManager/PingDevice
02.09.2026 19:50:02	Information:	{
"Hash": "w9LjvpRCyoByGV3Lzv0iX9dSI0tLK0uV+pRojL1kufc=",
"Status": 0
}


02.09.2026 19:50:02	Information:	Ping ret is {"Status":0,"Comment":null}
02.09.2026 19:52:03	Information:	url https://lab-vko.dmed.kz/ /api/DriverManager/PingDevice
02.09.2026 19:52:03	Information:	{
"Hash": "w9LjvpRCyoByGV3Lzv0iX9dSI0tLK0uV+pRojL1kufc=",
"Status": 0
}


02.09.2026 19:52:03	Information:	Ping ret is {"Status":0,"Comment":null}
02.09.2026 19:54:03	Information:	url https://lab-vko.dmed.kz/ /api/DriverManager/PingDevice
02.09.2026 19:54:03	Information:	{
"Hash": "w9LjvpRCyoByGV3Lzv0iX9dSI0tLK0uV+pRojL1kufc=",
"Status": 0
}


02.09.2026 19:54:03	Information:	Ping ret is {"Status":0,"Comment":null}
02.09.2026 19:54:36	Information:	refresh tokens
02.09.2026 19:56:04	Information:	url https://lab-vko.dmed.kz/ /api/DriverManager/PingDevice
02.09.2026 19:56:04	Information:	{
"Hash": "w9LjvpRCyoByGV3Lzv0iX9dSI0tLK0uV+pRojL1kufc=",
"Status": 0
}


02.09.2026 19:56:04	Information:	Ping ret is {"Status":0,"Comment":null}
02.09.2026 19:57:56	Information:	Received bytes(encoded):MSH|^~\&|||||20260902195657||ORU^R01|128|P|2.3.1||||0||ASCII|||PID|90|||||||O|||||||||||||||||||||||OBR|90|0001|18|^|N|20260902193258|20260902193240|20260902193240||1^1||||20260902193240|?????|||||||||||||||||||||||||||||||||OBX|1|NM|CRP|C-Reactive Protein|0.000000|mg/L|-|N|||F||0.000000|20260902195657|||0|LOW,<|
02.09.2026 19:57:56	Information:	Add Frame:
02.09.2026 19:57:56	Information:	MSH|^~\&|||||20260902195657||ORU^R01|128|P|2.3.1||||0||ASCII|||
02.09.2026 19:57:56	Information:	In Header
02.09.2026 19:57:56	Information:	MessageType: ORU
02.09.2026 19:57:56	Information:	After message type
02.09.2026 19:57:56	Information:	After ask
02.09.2026 19:57:56	Information:	After version
02.09.2026 19:57:56	Information:	Add Frame:
02.09.2026 19:57:56	Information:	PID|90|||||||O|||||||||||||||||||||||
02.09.2026 19:57:56	Information:	Add Frame:
02.09.2026 19:57:56	Information:	OBR|90|0001|18|^|N|20260902193258|20260902193240|20260902193240||1^1||||20260902193240|?????|||||||||||||||||||||||||||||||||
02.09.2026 19:57:56	Information:	Add Frame:
02.09.2026 19:57:56	Information:	OBX|1|NM|CRP|C-Reactive Protein|0.000000|mg/L|-|N|||F||0.000000|20260902195657|||0|LOW,<|
02.09.2026 19:57:56	Information:	Add Frame:
02.09.2026 19:57:56	Information:	
02.09.2026 19:57:56	Debug:	read message: 11ms
02.09.2026 19:57:56	Information:	The answer message is created successfully
02.09.2026 19:57:56	Information:	Sending answer...
02.09.2026 19:57:56	Information:	We are in ORU Message
02.09.2026 19:57:56	Information:	MSH MSH|^~\&|||||20260902195657||ORU^R01|128|P|2.3.1||||0||ASCII||||
02.09.2026 19:57:56	Information:	PID PID|90|||||||O||||||||||||||||||||||||
02.09.2026 19:57:56	Information:	PatientRecord in message is successfully  processed
02.09.2026 19:57:56	Information:	The patient order is successfully processed
02.09.2026 19:57:56	Information:	The order record is successfully processed
02.09.2026 19:57:56	Information:	The ORU message is successfully processed
02.09.2026 19:57:56	Debug:	Process message: 4ms
02.09.2026 19:57:56	Debug:	Total time : 16ms
02.09.2026 19:57:56	Information:	Sended bytes:  11 77 83 72 124 94 126 92 38 124 77 105 110 100 114 97 121 124 124 124 124 50 48 50 54 48 57 48 50 49 57 53 55 53 54 124 124 65 67 75 94 82 48 49 124 49 50 56 124 80 124 50 46 51 46 49 124 124 124 124 48 124 124 117 115 45 97 115 99 105 105 124 124 124 13 77 83 65 124 65 65 124 49 50 56 124 77 101 115 115 97 103 101 32 97 99 99 101 112 116 101 100 124 124 124 48 124 13 28 13
02.09.2026 19:57:56	Information:	Sended string MSH|^~\&|Mindray||||20260902195756||ACK^R01|128|P|2.3.1||||0||us-ascii|||MSA|AA|128|Message accepted|||0|
02.09.2026 19:57:58	Debug:	SendResults:	check DriverRequests=	0	ms
02.09.2026 19:57:58	Information:	ByBarcode 0001
02.09.2026 19:57:58	Information:	GetLinesByBarcodes
02.09.2026 19:57:58	Information:	{
"WorkPlaceID": 20747,
"BeginDate": "2026-06-03",
"EndDate": "2026-09-03",
"OrderNumber": "0001",
"Offset": 0,
"Limit": 1
}


02.09.2026 19:57:58	Information:	GetByBarcodeReturn: 
02.09.2026 19:57:58	Information:	{"Data":[],"Total":0}
02.09.2026 19:57:58	Information:	We have MISSED Barcodes! count: 1
02.09.2026 19:57:58	Debug:	SendResults:	fix DriverRequests=	167	ms
02.09.2026 19:57:58	Information:	SAMPLE! 0001 DeviceDriverResult Sample: 0001 Suggest: . Do Request True
02.09.2026 19:57:58	Information:	THERE IS NO SR FOR Barcode 0001
02.09.2026 19:57:58	Error:	dev.name = BS-240, samplerequests==0 
02.09.2026 19:57:58	Debug:	SendResults:	SetTestsValues first SetTestsValues=	1	ms
02.09.2026 19:57:58	Debug:	SendResults:	Device Total = 171 ms
02.09.2026 19:58:04	Information:	url https://lab-vko.dmed.kz/ /api/DriverManager/PingDevice
02.09.2026 19:58:04	Information:	{
"Hash": "w9LjvpRCyoByGV3Lzv0iX9dSI0tLK0uV+pRojL1kufc=",
"Status": 0
}


02.09.2026 19:58:04	Information:	Ping ret is {"Status":0,"Comment":null}
02.09.2026 20:00:05	Information:	url https://lab-vko.dmed.kz/ /api/DriverManager/PingDevice
02.09.2026 20:00:05	Information:	{
"Hash": "w9LjvpRCyoByGV3Lzv0iX9dSI0tLK0uV+pRojL1kufc=",
"Status": 0
}


02.09.2026 20:00:05	Information:	Ping ret is {"Status":0,"Comment":null}
02.09.2026 20:02:06	Information:	url https://lab-vko.dmed.kz/ /api/DriverManager/PingDevice
02.09.2026 20:02:06	Information:	{
"Hash": "w9LjvpRCyoByGV3Lzv0iX9dSI0tLK0uV+pRojL1kufc=",
"Status": 0
}


02.09.2026 20:02:06	Information:	Ping ret is {"Status":0,"Comment":null}
02.09.2026 20:04:06	Information:	url https://lab-vko.dmed.kz/ /api/DriverManager/PingDevice
02.09.2026 20:04:06	Information:	{
"Hash": "w9LjvpRCyoByGV3Lzv0iX9dSI0tLK0uV+pRojL1kufc=",
"Status": 0
}


02.09.2026 20:04:06	Information:	Ping ret is {"Status":0,"Comment":null}
02.09.2026 20:04:36	Information:	refresh tokens
02.09.2026 20:06:07	Information:	url https://lab-vko.dmed.kz/ /api/DriverManager/PingDevice
02.09.2026 20:06:07	Information:	{
"Hash": "w9LjvpRCyoByGV3Lzv0iX9dSI0tLK0uV+pRojL1kufc=",
"Status": 0
}


02.09.2026 20:06:07	Information:	Ping ret is {"Status":0,"Comment":null}
02.09.2026 20:08:07	Information:	url https://lab-vko.dmed.kz/ /api/DriverManager/PingDevice
02.09.2026 20:08:07	Information:	{
"Hash": "w9LjvpRCyoByGV3Lzv0iX9dSI0tLK0uV+pRojL1kufc=",
"Status": 0
}


02.09.2026 20:08:07	Information:	Ping ret is {"Status":0,"Comment":null}
02.09.2026 20:10:08	Information:	url https://lab-vko.dmed.kz/ /api/DriverManager/PingDevice
02.09.2026 20:10:08	Information:	{
"Hash": "w9LjvpRCyoByGV3Lzv0iX9dSI0tLK0uV+pRojL1kufc=",
"Status": 0
}


02.09.2026 20:10:08	Information:	Ping ret is {"Status":0,"Comment":null}
02.09.2026 20:12:08	Information:	url https://lab-vko.dmed.kz/ /api/DriverManager/PingDevice
02.09.2026 20:12:08	Information:	{
"Hash": "w9LjvpRCyoByGV3Lzv0iX9dSI0tLK0uV+pRojL1kufc=",
"Status": 0
}


02.09.2026 20:12:08	Information:	Ping ret is {"Status":0,"Comment":null}
02.09.2026 20:14:09	Information:	url https://lab-vko.dmed.kz/ /api/DriverManager/PingDevice
02.09.2026 20:14:09	Information:	{
"Hash": "w9LjvpRCyoByGV3Lzv0iX9dSI0tLK0uV+pRojL1kufc=",
"Status": 0
}


02.09.2026 20:14:09	Information:	Ping ret is {"Status":0,"Comment":null}
02.09.2026 20:14:36	Information:	refresh tokens
02.09.2026 20:16:10	Information:	url https://lab-vko.dmed.kz/ /api/DriverManager/PingDevice
02.09.2026 20:16:10	Information:	{
"Hash": "w9LjvpRCyoByGV3Lzv0iX9dSI0tLK0uV+pRojL1kufc=",
"Status": 0
}


02.09.2026 20:16:10	Information:	Ping ret is {"Status":0,"Comment":null}
02.09.2026 20:18:10	Information:	url https://lab-vko.dmed.kz/ /api/DriverManager/PingDevice
02.09.2026 20:18:10	Information:	{
"Hash": "w9LjvpRCyoByGV3Lzv0iX9dSI0tLK0uV+pRojL1kufc=",
"Status": 0
}


02.09.2026 20:18:10	Information:	Ping ret is {"Status":0,"Comment":null}
02.09.2026 20:20:11	Information:	url https://lab-vko.dmed.kz/ /api/DriverManager/PingDevice
02.09.2026 20:20:11	Information:	{
"Hash": "w9LjvpRCyoByGV3Lzv0iX9dSI0tLK0uV+pRojL1kufc=",
"Status": 0
}


02.09.2026 20:20:11	Information:	Ping ret is {"Status":0,"Comment":null}
02.09.2026 20:22:11	Information:	url https://lab-vko.dmed.kz/ /api/DriverManager/PingDevice
02.09.2026 20:22:11	Information:	{
"Hash": "w9LjvpRCyoByGV3Lzv0iX9dSI0tLK0uV+pRojL1kufc=",
"Status": 0
}


02.09.2026 20:22:11	Information:	Ping ret is {"Status":0,"Comment":null}
02.09.2026 20:24:12	Information:	url https://lab-vko.dmed.kz/ /api/DriverManager/PingDevice
02.09.2026 20:24:12	Information:	{
"Hash": "w9LjvpRCyoByGV3Lzv0iX9dSI0tLK0uV+pRojL1kufc=",
"Status": 0
}


02.09.2026 20:24:12	Information:	Ping ret is {"Status":0,"Comment":null}
02.09.2026 20:24:36	Information:	refresh tokens
02.09.2026 20:26:12	Information:	url https://lab-vko.dmed.kz/ /api/DriverManager/PingDevice
02.09.2026 20:26:12	Information:	{
"Hash": "w9LjvpRCyoByGV3Lzv0iX9dSI0tLK0uV+pRojL1kufc=",
"Status": 0
}


02.09.2026 20:26:12	Information:	Ping ret is {"Status":0,"Comment":null}
02.09.2026 20:28:13	Information:	url https://lab-vko.dmed.kz/ /api/DriverManager/PingDevice
02.09.2026 20:28:13	Information:	{
"Hash": "w9LjvpRCyoByGV3Lzv0iX9dSI0tLK0uV+pRojL1kufc=",
"Status": 0
}


02.09.2026 20:28:13	Information:	Ping ret is {"Status":0,"Comment":null}
02.09.2026 20:30:13	Information:	url https://lab-vko.dmed.kz/ /api/DriverManager/PingDevice
02.09.2026 20:30:13	Information:	{
"Hash": "w9LjvpRCyoByGV3Lzv0iX9dSI0tLK0uV+pRojL1kufc=",
"Status": 0
}


02.09.2026 20:30:13	Information:	Ping ret is {"Status":0,"Comment":null}
02.09.2026 20:32:14	Information:	url https://lab-vko.dmed.kz/ /api/DriverManager/PingDevice
02.09.2026 20:32:14	Information:	{
"Hash": "w9LjvpRCyoByGV3Lzv0iX9dSI0tLK0uV+pRojL1kufc=",
"Status": 0
}


02.09.2026 20:32:14	Information:	Ping ret is {"Status":0,"Comment":null}
02.09.2026 20:34:15	Information:	url https://lab-vko.dmed.kz/ /api/DriverManager/PingDevice
02.09.2026 20:34:15	Information:	{
"Hash": "w9LjvpRCyoByGV3Lzv0iX9dSI0tLK0uV+pRojL1kufc=",
"Status": 0
}


02.09.2026 20:34:15	Information:	Ping ret is {"Status":0,"Comment":null}
02.09.2026 20:34:36	Information:	refresh tokens
02.09.2026 20:36:15	Information:	url https://lab-vko.dmed.kz/ /api/DriverManager/PingDevice
02.09.2026 20:36:15	Information:	{
"Hash": "w9LjvpRCyoByGV3Lzv0iX9dSI0tLK0uV+pRojL1kufc=",
"Status": 0
}


02.09.2026 20:36:15	Information:	Ping ret is {"Status":0,"Comment":null}
02.09.2026 20:38:16	Information:	url https://lab-vko.dmed.kz/ /api/DriverManager/PingDevice
02.09.2026 20:38:16	Information:	{
"Hash": "w9LjvpRCyoByGV3Lzv0iX9dSI0tLK0uV+pRojL1kufc=",
"Status": 0
}


02.09.2026 20:38:16	Information:	Ping ret is {"Status":0,"Comment":null}
02.09.2026 20:40:16	Information:	url https://lab-vko.dmed.kz/ /api/DriverManager/PingDevice
02.09.2026 20:40:16	Information:	{
"Hash": "w9LjvpRCyoByGV3Lzv0iX9dSI0tLK0uV+pRojL1kufc=",
"Status": 0
}


02.09.2026 20:40:16	Information:	Ping ret is {"Status":0,"Comment":null}
02.09.2026 20:42:17	Information:	url https://lab-vko.dmed.kz/ /api/DriverManager/PingDevice
02.09.2026 20:42:17	Information:	{
"Hash": "w9LjvpRCyoByGV3Lzv0iX9dSI0tLK0uV+pRojL1kufc=",
"Status": 0
}


02.09.2026 20:42:17	Information:	Ping ret is {"Status":0,"Comment":null}
02.09.2026 20:44:17	Information:	url https://lab-vko.dmed.kz/ /api/DriverManager/PingDevice
02.09.2026 20:44:17	Information:	{
"Hash": "w9LjvpRCyoByGV3Lzv0iX9dSI0tLK0uV+pRojL1kufc=",
"Status": 0
}


02.09.2026 20:44:17	Information:	Ping ret is {"Status":0,"Comment":null}
02.09.2026 20:44:36	Information:	refresh tokens
02.09.2026 20:46:18	Information:	url https://lab-vko.dmed.kz/ /api/DriverManager/PingDevice
02.09.2026 20:46:18	Information:	{
"Hash": "w9LjvpRCyoByGV3Lzv0iX9dSI0tLK0uV+pRojL1kufc=",
"Status": 0
}


02.09.2026 20:46:18	Information:	Ping ret is {"Status":0,"Comment":null}
02.09.2026 20:48:19	Information:	url https://lab-vko.dmed.kz/ /api/DriverManager/PingDevice
02.09.2026 20:48:19	Information:	{
"Hash": "w9LjvpRCyoByGV3Lzv0iX9dSI0tLK0uV+pRojL1kufc=",
"Status": 0
}


02.09.2026 20:48:19	Information:	Ping ret is {"Status":0,"Comment":null}
02.09.2026 20:50:19	Information:	url https://lab-vko.dmed.kz/ /api/DriverManager/PingDevice
02.09.2026 20:50:19	Information:	{
"Hash": "w9LjvpRCyoByGV3Lzv0iX9dSI0tLK0uV+pRojL1kufc=",
"Status": 0
}


02.09.2026 20:50:19	Information:	Ping ret is {"Status":0,"Comment":null}
02.09.2026 20:52:20	Information:	url https://lab-vko.dmed.kz/ /api/DriverManager/PingDevice
02.09.2026 20:52:20	Information:	{
"Hash": "w9LjvpRCyoByGV3Lzv0iX9dSI0tLK0uV+pRojL1kufc=",
"Status": 0
}


02.09.2026 20:52:20	Information:	Ping ret is {"Status":0,"Comment":null}
02.09.2026 20:54:20	Information:	url https://lab-vko.dmed.kz/ /api/DriverManager/PingDevice
02.09.2026 20:54:20	Information:	{
"Hash": "w9LjvpRCyoByGV3Lzv0iX9dSI0tLK0uV+pRojL1kufc=",
"Status": 0
}


02.09.2026 20:54:20	Information:	Ping ret is {"Status":0,"Comment":null}
02.09.2026 20:54:36	Information:	refresh tokens
02.09.2026 20:56:21	Information:	url https://lab-vko.dmed.kz/ /api/DriverManager/PingDevice
02.09.2026 20:56:21	Information:	{
"Hash": "w9LjvpRCyoByGV3Lzv0iX9dSI0tLK0uV+pRojL1kufc=",
"Status": 0
}


02.09.2026 20:56:21	Information:	Ping ret is {"Status":0,"Comment":null}
02.09.2026 20:58:21	Information:	url https://lab-vko.dmed.kz/ /api/DriverManager/PingDevice
02.09.2026 20:58:21	Information:	{
"Hash": "w9LjvpRCyoByGV3Lzv0iX9dSI0tLK0uV+pRojL1kufc=",
"Status": 0
}


02.09.2026 20:58:21	Information:	Ping ret is {"Status":0,"Comment":null}
02.09.2026 21:00:22	Information:	url https://lab-vko.dmed.kz/ /api/DriverManager/PingDevice
02.09.2026 21:00:22	Information:	{
"Hash": "w9LjvpRCyoByGV3Lzv0iX9dSI0tLK0uV+pRojL1kufc=",
"Status": 0
}


02.09.2026 21:00:22	Information:	Ping ret is {"Status":0,"Comment":null}
02.09.2026 21:02:22	Information:	url https://lab-vko.dmed.kz/ /api/DriverManager/PingDevice
02.09.2026 21:02:22	Information:	{
"Hash": "w9LjvpRCyoByGV3Lzv0iX9dSI0tLK0uV+pRojL1kufc=",
"Status": 0
}


02.09.2026 21:02:22	Information:	Ping ret is {"Status":0,"Comment":null}
02.09.2026 21:04:23	Information:	url https://lab-vko.dmed.kz/ /api/DriverManager/PingDevice
02.09.2026 21:04:23	Information:	{
"Hash": "w9LjvpRCyoByGV3Lzv0iX9dSI0tLK0uV+pRojL1kufc=",
"Status": 0
}


02.09.2026 21:04:23	Information:	Ping ret is {"Status":0,"Comment":null}
02.09.2026 21:04:36	Information:	refresh tokens
02.09.2026 21:06:24	Information:	url https://lab-vko.dmed.kz/ /api/DriverManager/PingDevice
02.09.2026 21:06:24	Information:	{
"Hash": "w9LjvpRCyoByGV3Lzv0iX9dSI0tLK0uV+pRojL1kufc=",
"Status": 0
}


02.09.2026 21:06:24	Information:	Ping ret is {"Status":0,"Comment":null}
02.09.2026 21:08:24	Information:	url https://lab-vko.dmed.kz/ /api/DriverManager/PingDevice
02.09.2026 21:08:24	Information:	{
"Hash": "w9LjvpRCyoByGV3Lzv0iX9dSI0tLK0uV+pRojL1kufc=",
"Status": 0
}


02.09.2026 21:08:24	Information:	Ping ret is {"Status":0,"Comment":null}
02.09.2026 21:10:24	Information:	url https://lab-vko.dmed.kz/ /api/DriverManager/PingDevice
02.09.2026 21:10:24	Information:	{
"Hash": "w9LjvpRCyoByGV3Lzv0iX9dSI0tLK0uV+pRojL1kufc=",
"Status": 0
}


02.09.2026 21:10:24	Information:	Ping ret is {"Status":0,"Comment":null}
02.09.2026 21:12:25	Information:	url https://lab-vko.dmed.kz/ /api/DriverManager/PingDevice
02.09.2026 21:12:25	Information:	{
"Hash": "w9LjvpRCyoByGV3Lzv0iX9dSI0tLK0uV+pRojL1kufc=",
"Status": 0
}


02.09.2026 21:12:25	Information:	Ping ret is {"Status":0,"Comment":null}
02.09.2026 21:14:25	Information:	url https://lab-vko.dmed.kz/ /api/DriverManager/PingDevice
02.09.2026 21:14:25	Information:	{
"Hash": "w9LjvpRCyoByGV3Lzv0iX9dSI0tLK0uV+pRojL1kufc=",
"Status": 0
}


02.09.2026 21:14:25	Information:	Ping ret is {"Status":0,"Comment":null}
02.09.2026 21:14:36	Information:	refresh tokens
02.09.2026 21:16:26	Information:	url https://lab-vko.dmed.kz/ /api/DriverManager/PingDevice
02.09.2026 21:16:26	Information:	{
"Hash": "w9LjvpRCyoByGV3Lzv0iX9dSI0tLK0uV+pRojL1kufc=",
"Status": 0
}


02.09.2026 21:16:26	Information:	Ping ret is {"Status":0,"Comment":null}
02.09.2026 21:18:26	Information:	url https://lab-vko.dmed.kz/ /api/DriverManager/PingDevice
02.09.2026 21:18:26	Information:	{
"Hash": "w9LjvpRCyoByGV3Lzv0iX9dSI0tLK0uV+pRojL1kufc=",
"Status": 0
}


02.09.2026 21:18:26	Information:	Ping ret is {"Status":0,"Comment":null}
02.09.2026 21:20:27	Information:	url https://lab-vko.dmed.kz/ /api/DriverManager/PingDevice
02.09.2026 21:20:27	Information:	{
"Hash": "w9LjvpRCyoByGV3Lzv0iX9dSI0tLK0uV+pRojL1kufc=",
"Status": 0
}


02.09.2026 21:20:27	Information:	Ping ret is {"Status":0,"Comment":null}
02.09.2026 21:22:27	Information:	url https://lab-vko.dmed.kz/ /api/DriverManager/PingDevice
02.09.2026 21:22:27	Information:	{
"Hash": "w9LjvpRCyoByGV3Lzv0iX9dSI0tLK0uV+pRojL1kufc=",
"Status": 0
}


02.09.2026 21:22:27	Information:	Ping ret is {"Status":0,"Comment":null}
02.09.2026 21:24:28	Information:	url https://lab-vko.dmed.kz/ /api/DriverManager/PingDevice
02.09.2026 21:24:28	Information:	{
"Hash": "w9LjvpRCyoByGV3Lzv0iX9dSI0tLK0uV+pRojL1kufc=",
"Status": 0
}


02.09.2026 21:24:28	Information:	Ping ret is {"Status":0,"Comment":null}
02.09.2026 21:24:36	Information:	refresh tokens
02.09.2026 21:26:28	Information:	url https://lab-vko.dmed.kz/ /api/DriverManager/PingDevice
02.09.2026 21:26:28	Information:	{
"Hash": "w9LjvpRCyoByGV3Lzv0iX9dSI0tLK0uV+pRojL1kufc=",
"Status": 0
}


02.09.2026 21:26:28	Information:	Ping ret is {"Status":0,"Comment":null}
02.09.2026 21:28:29	Information:	url https://lab-vko.dmed.kz/ /api/DriverManager/PingDevice
02.09.2026 21:28:29	Information:	{
"Hash": "w9LjvpRCyoByGV3Lzv0iX9dSI0tLK0uV+pRojL1kufc=",
"Status": 0
}


02.09.2026 21:28:29	Information:	Ping ret is {"Status":0,"Comment":null}
02.09.2026 21:30:29	Information:	url https://lab-vko.dmed.kz/ /api/DriverManager/PingDevice
02.09.2026 21:30:29	Information:	{
"Hash": "w9LjvpRCyoByGV3Lzv0iX9dSI0tLK0uV+pRojL1kufc=",
"Status": 0
}


02.09.2026 21:30:29	Information:	Ping ret is {"Status":0,"Comment":null}
02.09.2026 21:32:30	Information:	url https://lab-vko.dmed.kz/ /api/DriverManager/PingDevice
02.09.2026 21:32:30	Information:	{
"Hash": "w9LjvpRCyoByGV3Lzv0iX9dSI0tLK0uV+pRojL1kufc=",
"Status": 0
}


02.09.2026 21:32:30	Information:	Ping ret is {"Status":0,"Comment":null}
02.09.2026 21:34:30	Information:	url https://lab-vko.dmed.kz/ /api/DriverManager/PingDevice
02.09.2026 21:34:30	Information:	{
"Hash": "w9LjvpRCyoByGV3Lzv0iX9dSI0tLK0uV+pRojL1kufc=",
"Status": 0
}


02.09.2026 21:34:30	Information:	Ping ret is {"Status":0,"Comment":null}
02.09.2026 21:34:36	Information:	refresh tokens
02.09.2026 21:36:31	Information:	url https://lab-vko.dmed.kz/ /api/DriverManager/PingDevice
02.09.2026 21:36:31	Information:	{
"Hash": "w9LjvpRCyoByGV3Lzv0iX9dSI0tLK0uV+pRojL1kufc=",
"Status": 0
}


02.09.2026 21:36:31	Information:	Ping ret is {"Status":0,"Comment":null}
02.09.2026 21:38:32	Information:	url https://lab-vko.dmed.kz/ /api/DriverManager/PingDevice
02.09.2026 21:38:32	Information:	{
"Hash": "w9LjvpRCyoByGV3Lzv0iX9dSI0tLK0uV+pRojL1kufc=",
"Status": 0
}


02.09.2026 21:38:32	Information:	Ping ret is {"Status":0,"Comment":null}
02.09.2026 21:40:32	Information:	url https://lab-vko.dmed.kz/ /api/DriverManager/PingDevice
02.09.2026 21:40:32	Information:	{
"Hash": "w9LjvpRCyoByGV3Lzv0iX9dSI0tLK0uV+pRojL1kufc=",
"Status": 0
}


02.09.2026 21:40:32	Information:	Ping ret is {"Status":0,"Comment":null}
02.09.2026 21:42:32	Information:	url https://lab-vko.dmed.kz/ /api/DriverManager/PingDevice
02.09.2026 21:42:32	Information:	{
"Hash": "w9LjvpRCyoByGV3Lzv0iX9dSI0tLK0uV+pRojL1kufc=",
"Status": 0
}


02.09.2026 21:42:32	Information:	Ping ret is {"Status":0,"Comment":null}
02.09.2026 21:44:33	Information:	url https://lab-vko.dmed.kz/ /api/DriverManager/PingDevice
02.09.2026 21:44:33	Information:	{
"Hash": "w9LjvpRCyoByGV3Lzv0iX9dSI0tLK0uV+pRojL1kufc=",
"Status": 0
}


02.09.2026 21:44:33	Information:	Ping ret is {"Status":0,"Comment":null}
02.09.2026 21:44:36	Information:	refresh tokens
02.09.2026 21:46:34	Information:	url https://lab-vko.dmed.kz/ /api/DriverManager/PingDevice
02.09.2026 21:46:34	Information:	{
"Hash": "w9LjvpRCyoByGV3Lzv0iX9dSI0tLK0uV+pRojL1kufc=",
"Status": 0
}


02.09.2026 21:46:34	Information:	Ping ret is {"Status":0,"Comment":null}
02.09.2026 21:48:34	Information:	url https://lab-vko.dmed.kz/ /api/DriverManager/PingDevice
02.09.2026 21:48:34	Information:	{
"Hash": "w9LjvpRCyoByGV3Lzv0iX9dSI0tLK0uV+pRojL1kufc=",
"Status": 0
}


02.09.2026 21:48:34	Information:	Ping ret is {"Status":0,"Comment":null}
02.09.2026 21:50:35	Information:	url https://lab-vko.dmed.kz/ /api/DriverManager/PingDevice
02.09.2026 21:50:35	Information:	{
"Hash": "w9LjvpRCyoByGV3Lzv0iX9dSI0tLK0uV+pRojL1kufc=",
"Status": 0
}


02.09.2026 21:50:35	Information:	Ping ret is {"Status":0,"Comment":null}
02.09.2026 21:52:35	Information:	url https://lab-vko.dmed.kz/ /api/DriverManager/PingDevice
02.09.2026 21:52:35	Information:	{
"Hash": "w9LjvpRCyoByGV3Lzv0iX9dSI0tLK0uV+pRojL1kufc=",
"Status": 0
}


02.09.2026 21:52:35	Information:	Ping ret is {"Status":0,"Comment":null}
02.09.2026 21:54:36	Information:	url https://lab-vko.dmed.kz/ /api/DriverManager/PingDevice
02.09.2026 21:54:36	Information:	{
"Hash": "w9LjvpRCyoByGV3Lzv0iX9dSI0tLK0uV+pRojL1kufc=",
"Status": 0
}


02.09.2026 21:54:36	Information:	Ping ret is {"Status":0,"Comment":null}
02.09.2026 21:54:36	Information:	refresh tokens
02.09.2026 21:56:36	Information:	url https://lab-vko.dmed.kz/ /api/DriverManager/PingDevice
02.09.2026 21:56:36	Information:	{
"Hash": "w9LjvpRCyoByGV3Lzv0iX9dSI0tLK0uV+pRojL1kufc=",
"Status": 0
}


02.09.2026 21:56:36	Information:	Ping ret is {"Status":0,"Comment":null}
02.09.2026 21:58:37	Information:	url https://lab-vko.dmed.kz/ /api/DriverManager/PingDevice
02.09.2026 21:58:37	Information:	{
"Hash": "w9LjvpRCyoByGV3Lzv0iX9dSI0tLK0uV+pRojL1kufc=",
"Status": 0
}


02.09.2026 21:58:37	Information:	Ping ret is {"Status":0,"Comment":null}
02.09.2026 22:00:37	Information:	url https://lab-vko.dmed.kz/ /api/DriverManager/PingDevice
02.09.2026 22:00:37	Information:	{
"Hash": "w9LjvpRCyoByGV3Lzv0iX9dSI0tLK0uV+pRojL1kufc=",
"Status": 0
}


02.09.2026 22:00:37	Information:	Ping ret is {"Status":0,"Comment":null}
02.09.2026 22:02:38	Information:	url https://lab-vko.dmed.kz/ /api/DriverManager/PingDevice
02.09.2026 22:02:38	Information:	{
"Hash": "w9LjvpRCyoByGV3Lzv0iX9dSI0tLK0uV+pRojL1kufc=",
"Status": 0
}


02.09.2026 22:02:38	Information:	Ping ret is {"Status":0,"Comment":null}
02.09.2026 22:04:36	Information:	refresh tokens
02.09.2026 22:04:38	Information:	url https://lab-vko.dmed.kz/ /api/DriverManager/PingDevice
02.09.2026 22:04:38	Information:	{
"Hash": "w9LjvpRCyoByGV3Lzv0iX9dSI0tLK0uV+pRojL1kufc=",
"Status": 0
}


02.09.2026 22:04:38	Information:	Ping ret is {"Status":0,"Comment":null}
02.09.2026 22:06:39	Information:	url https://lab-vko.dmed.kz/ /api/DriverManager/PingDevice
02.09.2026 22:06:39	Information:	{
"Hash": "w9LjvpRCyoByGV3Lzv0iX9dSI0tLK0uV+pRojL1kufc=",
"Status": 0
}


02.09.2026 22:06:39	Information:	Ping ret is {"Status":0,"Comment":null}
02.09.2026 22:08:39	Information:	url https://lab-vko.dmed.kz/ /api/DriverManager/PingDevice
02.09.2026 22:08:39	Information:	{
"Hash": "w9LjvpRCyoByGV3Lzv0iX9dSI0tLK0uV+pRojL1kufc=",
"Status": 0
}


02.09.2026 22:08:39	Information:	Ping ret is {"Status":0,"Comment":null}
02.09.2026 22:10:40	Information:	url https://lab-vko.dmed.kz/ /api/DriverManager/PingDevice
02.09.2026 22:10:40	Information:	{
"Hash": "w9LjvpRCyoByGV3Lzv0iX9dSI0tLK0uV+pRojL1kufc=",
"Status": 0
}


02.09.2026 22:10:40	Information:	Ping ret is {"Status":0,"Comment":null}
02.09.2026 22:12:40	Information:	url https://lab-vko.dmed.kz/ /api/DriverManager/PingDevice
02.09.2026 22:12:40	Information:	{
"Hash": "w9LjvpRCyoByGV3Lzv0iX9dSI0tLK0uV+pRojL1kufc=",
"Status": 0
}


02.09.2026 22:12:40	Information:	Ping ret is {"Status":0,"Comment":null}
02.09.2026 22:14:36	Information:	refresh tokens
02.09.2026 22:14:41	Information:	url https://lab-vko.dmed.kz/ /api/DriverManager/PingDevice
02.09.2026 22:14:41	Information:	{
"Hash": "w9LjvpRCyoByGV3Lzv0iX9dSI0tLK0uV+pRojL1kufc=",
"Status": 0
}


02.09.2026 22:14:41	Information:	Ping ret is {"Status":0,"Comment":null}
02.09.2026 22:16:41	Information:	url https://lab-vko.dmed.kz/ /api/DriverManager/PingDevice
02.09.2026 22:16:41	Information:	{
"Hash": "w9LjvpRCyoByGV3Lzv0iX9dSI0tLK0uV+pRojL1kufc=",
"Status": 0
}


02.09.2026 22:16:41	Information:	Ping ret is {"Status":0,"Comment":null}
02.09.2026 22:18:42	Information:	url https://lab-vko.dmed.kz/ /api/DriverManager/PingDevice
02.09.2026 22:18:42	Information:	{
"Hash": "w9LjvpRCyoByGV3Lzv0iX9dSI0tLK0uV+pRojL1kufc=",
"Status": 0
}


02.09.2026 22:18:42	Information:	Ping ret is {"Status":0,"Comment":null}
02.09.2026 22:20:42	Information:	url https://lab-vko.dmed.kz/ /api/DriverManager/PingDevice
02.09.2026 22:20:42	Information:	{
"Hash": "w9LjvpRCyoByGV3Lzv0iX9dSI0tLK0uV+pRojL1kufc=",
"Status": 0
}


02.09.2026 22:20:42	Information:	Ping ret is {"Status":0,"Comment":null}
02.09.2026 22:22:43	Information:	url https://lab-vko.dmed.kz/ /api/DriverManager/PingDevice
02.09.2026 22:22:43	Information:	{
"Hash": "w9LjvpRCyoByGV3Lzv0iX9dSI0tLK0uV+pRojL1kufc=",
"Status": 0
}


02.09.2026 22:22:43	Information:	Ping ret is {"Status":0,"Comment":null}
02.09.2026 22:24:36	Information:	refresh tokens
02.09.2026 22:24:43	Information:	url https://lab-vko.dmed.kz/ /api/DriverManager/PingDevice
02.09.2026 22:24:43	Information:	{
"Hash": "w9LjvpRCyoByGV3Lzv0iX9dSI0tLK0uV+pRojL1kufc=",
"Status": 0
}


02.09.2026 22:24:43	Information:	Ping ret is {"Status":0,"Comment":null}
02.09.2026 22:26:44	Information:	url https://lab-vko.dmed.kz/ /api/DriverManager/PingDevice
02.09.2026 22:26:44	Information:	{
"Hash": "w9LjvpRCyoByGV3Lzv0iX9dSI0tLK0uV+pRojL1kufc=",
"Status": 0
}


02.09.2026 22:26:44	Information:	Ping ret is {"Status":0,"Comment":null}
02.09.2026 22:28:46	Information:	url https://lab-vko.dmed.kz/ /api/DriverManager/PingDevice
02.09.2026 22:28:46	Information:	{
"Hash": "w9LjvpRCyoByGV3Lzv0iX9dSI0tLK0uV+pRojL1kufc=",
"Status": 0
}


02.09.2026 22:28:46	Information:	Ping ret is {"Status":0,"Comment":null}
02.09.2026 22:30:46	Information:	url https://lab-vko.dmed.kz/ /api/DriverManager/PingDevice
02.09.2026 22:30:46	Information:	{
"Hash": "w9LjvpRCyoByGV3Lzv0iX9dSI0tLK0uV+pRojL1kufc=",
"Status": 0
}


02.09.2026 22:30:46	Information:	Ping ret is {"Status":0,"Comment":null}
02.09.2026 22:32:47	Information:	url https://lab-vko.dmed.kz/ /api/DriverManager/PingDevice
02.09.2026 22:32:47	Information:	{
"Hash": "w9LjvpRCyoByGV3Lzv0iX9dSI0tLK0uV+pRojL1kufc=",
"Status": 0
}


02.09.2026 22:32:47	Information:	Ping ret is {"Status":0,"Comment":null}
02.09.2026 22:34:37	Information:	refresh tokens
02.09.2026 22:34:47	Information:	url https://lab-vko.dmed.kz/ /api/DriverManager/PingDevice
02.09.2026 22:34:47	Information:	{
"Hash": "w9LjvpRCyoByGV3Lzv0iX9dSI0tLK0uV+pRojL1kufc=",
"Status": 0
}


02.09.2026 22:34:47	Information:	Ping ret is {"Status":0,"Comment":null}
02.09.2026 22:36:48	Information:	url https://lab-vko.dmed.kz/ /api/DriverManager/PingDevice
02.09.2026 22:36:48	Information:	{
"Hash": "w9LjvpRCyoByGV3Lzv0iX9dSI0tLK0uV+pRojL1kufc=",
"Status": 0
}


02.09.2026 22:36:48	Information:	Ping ret is {"Status":0,"Comment":null}
02.09.2026 22:38:48	Information:	url https://lab-vko.dmed.kz/ /api/DriverManager/PingDevice
02.09.2026 22:38:48	Information:	{
"Hash": "w9LjvpRCyoByGV3Lzv0iX9dSI0tLK0uV+pRojL1kufc=",
"Status": 0
}


02.09.2026 22:38:48	Information:	Ping ret is {"Status":0,"Comment":null}
02.09.2026 22:40:49	Information:	url https://lab-vko.dmed.kz/ /api/DriverManager/PingDevice
02.09.2026 22:40:49	Information:	{
"Hash": "w9LjvpRCyoByGV3Lzv0iX9dSI0tLK0uV+pRojL1kufc=",
"Status": 0
}


02.09.2026 22:40:49	Information:	Ping ret is {"Status":0,"Comment":null}
02.09.2026 22:42:50	Information:	url https://lab-vko.dmed.kz/ /api/DriverManager/PingDevice
02.09.2026 22:42:50	Information:	{
"Hash": "w9LjvpRCyoByGV3Lzv0iX9dSI0tLK0uV+pRojL1kufc=",
"Status": 0
}


02.09.2026 22:42:50	Information:	Ping ret is {"Status":0,"Comment":null}
02.09.2026 22:44:37	Information:	refresh tokens
02.09.2026 22:44:50	Information:	url https://lab-vko.dmed.kz/ /api/DriverManager/PingDevice
02.09.2026 22:44:50	Information:	{
"Hash": "w9LjvpRCyoByGV3Lzv0iX9dSI0tLK0uV+pRojL1kufc=",
"Status": 0
}


02.09.2026 22:44:50	Information:	Ping ret is {"Status":0,"Comment":null}
02.09.2026 22:46:51	Information:	url https://lab-vko.dmed.kz/ /api/DriverManager/PingDevice
02.09.2026 22:46:51	Information:	{
"Hash": "w9LjvpRCyoByGV3Lzv0iX9dSI0tLK0uV+pRojL1kufc=",
"Status": 0
}


02.09.2026 22:46:51	Information:	Ping ret is {"Status":0,"Comment":null}
02.09.2026 22:48:51	Information:	url https://lab-vko.dmed.kz/ /api/DriverManager/PingDevice
02.09.2026 22:48:51	Information:	{
"Hash": "w9LjvpRCyoByGV3Lzv0iX9dSI0tLK0uV+pRojL1kufc=",
"Status": 0
}


02.09.2026 22:48:51	Information:	Ping ret is {"Status":0,"Comment":null}
02.09.2026 22:50:52	Information:	url https://lab-vko.dmed.kz/ /api/DriverManager/PingDevice
02.09.2026 22:50:52	Information:	{
"Hash": "w9LjvpRCyoByGV3Lzv0iX9dSI0tLK0uV+pRojL1kufc=",
"Status": 0
}


02.09.2026 22:50:52	Information:	Ping ret is {"Status":0,"Comment":null}
02.09.2026 22:52:52	Information:	url https://lab-vko.dmed.kz/ /api/DriverManager/PingDevice
02.09.2026 22:52:52	Information:	{
"Hash": "w9LjvpRCyoByGV3Lzv0iX9dSI0tLK0uV+pRojL1kufc=",
"Status": 0
}


02.09.2026 22:52:52	Information:	Ping ret is {"Status":0,"Comment":null}
02.09.2026 22:54:37	Information:	refresh tokens
02.09.2026 22:54:53	Information:	url https://lab-vko.dmed.kz/ /api/DriverManager/PingDevice
02.09.2026 22:54:53	Information:	{
"Hash": "w9LjvpRCyoByGV3Lzv0iX9dSI0tLK0uV+pRojL1kufc=",
"Status": 0
}


02.09.2026 22:54:53	Information:	Ping ret is {"Status":0,"Comment":null}
02.09.2026 22:56:53	Information:	url https://lab-vko.dmed.kz/ /api/DriverManager/PingDevice
02.09.2026 22:56:53	Information:	{
"Hash": "w9LjvpRCyoByGV3Lzv0iX9dSI0tLK0uV+pRojL1kufc=",
"Status": 0
}


02.09.2026 22:56:53	Information:	Ping ret is {"Status":0,"Comment":null}
02.09.2026 22:58:54	Information:	url https://lab-vko.dmed.kz/ /api/DriverManager/PingDevice
02.09.2026 22:58:54	Information:	{
"Hash": "w9LjvpRCyoByGV3Lzv0iX9dSI0tLK0uV+pRojL1kufc=",
"Status": 0
}


02.09.2026 22:58:54	Information:	Ping ret is {"Status":0,"Comment":null}
02.09.2026 23:00:54	Information:	url https://lab-vko.dmed.kz/ /api/DriverManager/PingDevice
02.09.2026 23:00:54	Information:	{
"Hash": "w9LjvpRCyoByGV3Lzv0iX9dSI0tLK0uV+pRojL1kufc=",
"Status": 0
}


02.09.2026 23:00:54	Information:	Ping ret is {"Status":0,"Comment":null}
02.09.2026 23:02:55	Information:	url https://lab-vko.dmed.kz/ /api/DriverManager/PingDevice
02.09.2026 23:02:55	Information:	{
"Hash": "w9LjvpRCyoByGV3Lzv0iX9dSI0tLK0uV+pRojL1kufc=",
"Status": 0
}


02.09.2026 23:02:55	Information:	Ping ret is {"Status":0,"Comment":null}
02.09.2026 23:04:37	Information:	refresh tokens
02.09.2026 23:04:56	Information:	url https://lab-vko.dmed.kz/ /api/DriverManager/PingDevice
02.09.2026 23:04:56	Information:	{
"Hash": "w9LjvpRCyoByGV3Lzv0iX9dSI0tLK0uV+pRojL1kufc=",
"Status": 0
}


02.09.2026 23:04:56	Information:	Ping ret is {"Status":0,"Comment":null}
02.09.2026 23:06:56	Information:	url https://lab-vko.dmed.kz/ /api/DriverManager/PingDevice
02.09.2026 23:06:56	Information:	{
"Hash": "w9LjvpRCyoByGV3Lzv0iX9dSI0tLK0uV+pRojL1kufc=",
"Status": 0
}


02.09.2026 23:06:56	Information:	Ping ret is {"Status":0,"Comment":null}
02.09.2026 23:08:57	Information:	url https://lab-vko.dmed.kz/ /api/DriverManager/PingDevice
02.09.2026 23:08:57	Information:	{
"Hash": "w9LjvpRCyoByGV3Lzv0iX9dSI0tLK0uV+pRojL1kufc=",
"Status": 0
}


02.09.2026 23:08:57	Information:	Ping ret is {"Status":0,"Comment":null}
02.09.2026 23:10:57	Information:	url https://lab-vko.dmed.kz/ /api/DriverManager/PingDevice
02.09.2026 23:10:57	Information:	{
"Hash": "w9LjvpRCyoByGV3Lzv0iX9dSI0tLK0uV+pRojL1kufc=",
"Status": 0
}


02.09.2026 23:10:57	Information:	Ping ret is {"Status":0,"Comment":null}
02.09.2026 23:12:58	Information:	url https://lab-vko.dmed.kz/ /api/DriverManager/PingDevice
02.09.2026 23:12:58	Information:	{
"Hash": "w9LjvpRCyoByGV3Lzv0iX9dSI0tLK0uV+pRojL1kufc=",
"Status": 0
}


02.09.2026 23:12:58	Information:	Ping ret is {"Status":0,"Comment":null}
02.09.2026 23:14:37	Information:	refresh tokens
02.09.2026 23:14:58	Information:	url https://lab-vko.dmed.kz/ /api/DriverManager/PingDevice
02.09.2026 23:14:58	Information:	{
"Hash": "w9LjvpRCyoByGV3Lzv0iX9dSI0tLK0uV+pRojL1kufc=",
"Status": 0
}


02.09.2026 23:14:58	Information:	Ping ret is {"Status":0,"Comment":null}
02.09.2026 23:16:59	Information:	url https://lab-vko.dmed.kz/ /api/DriverManager/PingDevice
02.09.2026 23:16:59	Information:	{
"Hash": "w9LjvpRCyoByGV3Lzv0iX9dSI0tLK0uV+pRojL1kufc=",
"Status": 0
}


02.09.2026 23:16:59	Information:	Ping ret is {"Status":0,"Comment":null}
02.09.2026 23:18:59	Information:	url https://lab-vko.dmed.kz/ /api/DriverManager/PingDevice
02.09.2026 23:18:59	Information:	{
"Hash": "w9LjvpRCyoByGV3Lzv0iX9dSI0tLK0uV+pRojL1kufc=",
"Status": 0
}


02.09.2026 23:18:59	Information:	Ping ret is {"Status":0,"Comment":null}
02.09.2026 23:21:00	Information:	url https://lab-vko.dmed.kz/ /api/DriverManager/PingDevice
02.09.2026 23:21:00	Information:	{
"Hash": "w9LjvpRCyoByGV3Lzv0iX9dSI0tLK0uV+pRojL1kufc=",
"Status": 0
}


02.09.2026 23:21:00	Information:	Ping ret is {"Status":0,"Comment":null}
02.09.2026 23:23:00	Information:	url https://lab-vko.dmed.kz/ /api/DriverManager/PingDevice
02.09.2026 23:23:00	Information:	{
"Hash": "w9LjvpRCyoByGV3Lzv0iX9dSI0tLK0uV+pRojL1kufc=",
"Status": 0
}


02.09.2026 23:23:00	Information:	Ping ret is {"Status":0,"Comment":null}
02.09.2026 23:24:37	Information:	refresh tokens
02.09.2026 23:25:01	Information:	url https://lab-vko.dmed.kz/ /api/DriverManager/PingDevice
02.09.2026 23:25:01	Information:	{
"Hash": "w9LjvpRCyoByGV3Lzv0iX9dSI0tLK0uV+pRojL1kufc=",
"Status": 0
}


02.09.2026 23:25:01	Information:	Ping ret is {"Status":0,"Comment":null}
02.09.2026 23:27:02	Information:	url https://lab-vko.dmed.kz/ /api/DriverManager/PingDevice
02.09.2026 23:27:02	Information:	{
"Hash": "w9LjvpRCyoByGV3Lzv0iX9dSI0tLK0uV+pRojL1kufc=",
"Status": 0
}


02.09.2026 23:27:02	Information:	Ping ret is {"Status":0,"Comment":null}
02.09.2026 23:29:02	Information:	url https://lab-vko.dmed.kz/ /api/DriverManager/PingDevice
02.09.2026 23:29:02	Information:	{
"Hash": "w9LjvpRCyoByGV3Lzv0iX9dSI0tLK0uV+pRojL1kufc=",
"Status": 0
}


02.09.2026 23:29:02	Information:	Ping ret is {"Status":0,"Comment":null}
02.09.2026 23:31:03	Information:	url https://lab-vko.dmed.kz/ /api/DriverManager/PingDevice
02.09.2026 23:31:03	Information:	{
"Hash": "w9LjvpRCyoByGV3Lzv0iX9dSI0tLK0uV+pRojL1kufc=",
"Status": 0
}


02.09.2026 23:31:03	Information:	Ping ret is {"Status":0,"Comment":null}
02.09.2026 23:33:03	Information:	url https://lab-vko.dmed.kz/ /api/DriverManager/PingDevice
02.09.2026 23:33:03	Information:	{
"Hash": "w9LjvpRCyoByGV3Lzv0iX9dSI0tLK0uV+pRojL1kufc=",
"Status": 0
}


02.09.2026 23:33:03	Information:	Ping ret is {"Status":0,"Comment":null}
02.09.2026 23:34:37	Information:	refresh tokens
02.09.2026 23:35:04	Information:	url https://lab-vko.dmed.kz/ /api/DriverManager/PingDevice
02.09.2026 23:35:04	Information:	{
"Hash": "w9LjvpRCyoByGV3Lzv0iX9dSI0tLK0uV+pRojL1kufc=",
"Status": 0
}


02.09.2026 23:35:04	Information:	Ping ret is {"Status":0,"Comment":null}
02.09.2026 23:37:04	Information:	url https://lab-vko.dmed.kz/ /api/DriverManager/PingDevice
02.09.2026 23:37:04	Information:	{
"Hash": "w9LjvpRCyoByGV3Lzv0iX9dSI0tLK0uV+pRojL1kufc=",
"Status": 0
}


02.09.2026 23:37:04	Information:	Ping ret is {"Status":0,"Comment":null}
02.09.2026 23:39:05	Information:	url https://lab-vko.dmed.kz/ /api/DriverManager/PingDevice
02.09.2026 23:39:05	Information:	{
"Hash": "w9LjvpRCyoByGV3Lzv0iX9dSI0tLK0uV+pRojL1kufc=",
"Status": 0
}


02.09.2026 23:39:05	Information:	Ping ret is {"Status":0,"Comment":null}
02.09.2026 23:41:05	Information:	url https://lab-vko.dmed.kz/ /api/DriverManager/PingDevice
02.09.2026 23:41:05	Information:	{
"Hash": "w9LjvpRCyoByGV3Lzv0iX9dSI0tLK0uV+pRojL1kufc=",
"Status": 0
}


02.09.2026 23:41:05	Information:	Ping ret is {"Status":0,"Comment":null}
02.09.2026 23:43:06	Information:	url https://lab-vko.dmed.kz/ /api/DriverManager/PingDevice
02.09.2026 23:43:06	Information:	{
"Hash": "w9LjvpRCyoByGV3Lzv0iX9dSI0tLK0uV+pRojL1kufc=",
"Status": 0
}


02.09.2026 23:43:06	Information:	Ping ret is {"Status":0,"Comment":null}
02.09.2026 23:44:37	Information:	refresh tokens
02.09.2026 23:45:06	Information:	url https://lab-vko.dmed.kz/ /api/DriverManager/PingDevice
02.09.2026 23:45:06	Information:	{
"Hash": "w9LjvpRCyoByGV3Lzv0iX9dSI0tLK0uV+pRojL1kufc=",
"Status": 0
}


02.09.2026 23:45:06	Information:	Ping ret is {"Status":0,"Comment":null}
02.09.2026 23:47:07	Information:	url https://lab-vko.dmed.kz/ /api/DriverManager/PingDevice
02.09.2026 23:47:07	Information:	{
"Hash": "w9LjvpRCyoByGV3Lzv0iX9dSI0tLK0uV+pRojL1kufc=",
"Status": 0
}


02.09.2026 23:47:07	Information:	Ping ret is {"Status":0,"Comment":null}
02.09.2026 23:49:07	Information:	url https://lab-vko.dmed.kz/ /api/DriverManager/PingDevice
02.09.2026 23:49:07	Information:	{
"Hash": "w9LjvpRCyoByGV3Lzv0iX9dSI0tLK0uV+pRojL1kufc=",
"Status": 0
}


02.09.2026 23:49:07	Information:	Ping ret is {"Status":0,"Comment":null}
02.09.2026 23:51:08	Information:	url https://lab-vko.dmed.kz/ /api/DriverManager/PingDevice
02.09.2026 23:51:08	Information:	{
"Hash": "w9LjvpRCyoByGV3Lzv0iX9dSI0tLK0uV+pRojL1kufc=",
"Status": 0
}


02.09.2026 23:51:08	Information:	Ping ret is {"Status":0,"Comment":null}
02.09.2026 23:53:08	Information:	url https://lab-vko.dmed.kz/ /api/DriverManager/PingDevice
02.09.2026 23:53:08	Information:	{
"Hash": "w9LjvpRCyoByGV3Lzv0iX9dSI0tLK0uV+pRojL1kufc=",
"Status": 0
}


02.09.2026 23:53:08	Information:	Ping ret is {"Status":0,"Comment":null}
02.09.2026 23:54:37	Information:	refresh tokens
02.09.2026 23:55:09	Information:	url https://lab-vko.dmed.kz/ /api/DriverManager/PingDevice
02.09.2026 23:55:09	Information:	{
"Hash": "w9LjvpRCyoByGV3Lzv0iX9dSI0tLK0uV+pRojL1kufc=",
"Status": 0
}


02.09.2026 23:55:09	Information:	Ping ret is {"Status":0,"Comment":null}
02.09.2026 23:57:10	Information:	url https://lab-vko.dmed.kz/ /api/DriverManager/PingDevice
02.09.2026 23:57:10	Information:	{
"Hash": "w9LjvpRCyoByGV3Lzv0iX9dSI0tLK0uV+pRojL1kufc=",
"Status": 0
}


02.09.2026 23:57:10	Information:	Ping ret is {"Status":0,"Comment":null}
02.09.2026 23:59:10	Information:	url https://lab-vko.dmed.kz/ /api/DriverManager/PingDevice
02.09.2026 23:59:10	Information:	{
"Hash": "w9LjvpRCyoByGV3Lzv0iX9dSI0tLK0uV+pRojL1kufc=",
"Status": 0
}


02.09.2026 23:59:10	Information:	Ping ret is {"Status":0,"Comment":null}
03.09.2026 0:01:11	Information:	url https://lab-vko.dmed.kz/ /api/DriverManager/PingDevice
03.09.2026 0:01:11	Information:	{
"Hash": "w9LjvpRCyoByGV3Lzv0iX9dSI0tLK0uV+pRojL1kufc=",
"Status": 0
}


03.09.2026 0:01:11	Information:	Ping ret is {"Status":0,"Comment":null}
03.09.2026 0:03:11	Information:	url https://lab-vko.dmed.kz/ /api/DriverManager/PingDevice
03.09.2026 0:03:11	Information:	{
"Hash": "w9LjvpRCyoByGV3Lzv0iX9dSI0tLK0uV+pRojL1kufc=",
"Status": 0
}


03.09.2026 0:03:11	Information:	Ping ret is {"Status":0,"Comment":null}
03.09.2026 0:04:37	Information:	refresh tokens
03.09.2026 0:05:12	Information:	url https://lab-vko.dmed.kz/ /api/DriverManager/PingDevice
03.09.2026 0:05:12	Information:	{
"Hash": "w9LjvpRCyoByGV3Lzv0iX9dSI0tLK0uV+pRojL1kufc=",
"Status": 0
}


03.09.2026 0:05:12	Information:	Ping ret is {"Status":0,"Comment":null}
03.09.2026 0:07:12	Information:	url https://lab-vko.dmed.kz/ /api/DriverManager/PingDevice
03.09.2026 0:07:12	Information:	{
"Hash": "w9LjvpRCyoByGV3Lzv0iX9dSI0tLK0uV+pRojL1kufc=",
"Status": 0
}


03.09.2026 0:07:12	Information:	Ping ret is {"Status":0,"Comment":null}
03.09.2026 0:09:13	Information:	url https://lab-vko.dmed.kz/ /api/DriverManager/PingDevice
03.09.2026 0:09:13	Information:	{
"Hash": "w9LjvpRCyoByGV3Lzv0iX9dSI0tLK0uV+pRojL1kufc=",
"Status": 0
}


03.09.2026 0:09:13	Information:	Ping ret is {"Status":0,"Comment":null}
03.09.2026 0:11:13	Information:	url https://lab-vko.dmed.kz/ /api/DriverManager/PingDevice
03.09.2026 0:11:13	Information:	{
"Hash": "w9LjvpRCyoByGV3Lzv0iX9dSI0tLK0uV+pRojL1kufc=",
"Status": 0
}


03.09.2026 0:11:13	Information:	Ping ret is {"Status":0,"Comment":null}
03.09.2026 0:13:14	Information:	url https://lab-vko.dmed.kz/ /api/DriverManager/PingDevice
03.09.2026 0:13:14	Information:	{
"Hash": "w9LjvpRCyoByGV3Lzv0iX9dSI0tLK0uV+pRojL1kufc=",
"Status": 0
}


03.09.2026 0:13:14	Information:	Ping ret is {"Status":0,"Comment":null}
03.09.2026 0:14:37	Information:	refresh tokens
03.09.2026 0:15:14	Information:	url https://lab-vko.dmed.kz/ /api/DriverManager/PingDevice
03.09.2026 0:15:14	Information:	{
"Hash": "w9LjvpRCyoByGV3Lzv0iX9dSI0tLK0uV+pRojL1kufc=",
"Status": 0
}


03.09.2026 0:15:14	Information:	Ping ret is {"Status":0,"Comment":null}
03.09.2026 0:17:15	Information:	url https://lab-vko.dmed.kz/ /api/DriverManager/PingDevice
03.09.2026 0:17:15	Information:	{
"Hash": "w9LjvpRCyoByGV3Lzv0iX9dSI0tLK0uV+pRojL1kufc=",
"Status": 0
}


03.09.2026 0:17:15	Information:	Ping ret is {"Status":0,"Comment":null}
03.09.2026 0:19:15	Information:	url https://lab-vko.dmed.kz/ /api/DriverManager/PingDevice
03.09.2026 0:19:15	Information:	{
"Hash": "w9LjvpRCyoByGV3Lzv0iX9dSI0tLK0uV+pRojL1kufc=",
"Status": 0
}


03.09.2026 0:19:15	Information:	Ping ret is {"Status":0,"Comment":null}
03.09.2026 0:21:16	Information:	url https://lab-vko.dmed.kz/ /api/DriverManager/PingDevice
03.09.2026 0:21:16	Information:	{
"Hash": "w9LjvpRCyoByGV3Lzv0iX9dSI0tLK0uV+pRojL1kufc=",
"Status": 0
}


03.09.2026 0:21:16	Information:	Ping ret is {"Status":0,"Comment":null}
03.09.2026 0:23:16	Information:	url https://lab-vko.dmed.kz/ /api/DriverManager/PingDevice
03.09.2026 0:23:16	Information:	{
"Hash": "w9LjvpRCyoByGV3Lzv0iX9dSI0tLK0uV+pRojL1kufc=",
"Status": 0
}


03.09.2026 0:23:16	Information:	Ping ret is {"Status":0,"Comment":null}
03.09.2026 0:24:38	Information:	refresh tokens
03.09.2026 0:25:17	Information:	url https://lab-vko.dmed.kz/ /api/DriverManager/PingDevice
03.09.2026 0:25:17	Information:	{
"Hash": "w9LjvpRCyoByGV3Lzv0iX9dSI0tLK0uV+pRojL1kufc=",
"Status": 0
}


03.09.2026 0:25:17	Information:	Ping ret is {"Status":0,"Comment":null}
03.09.2026 0:27:18	Information:	url https://lab-vko.dmed.kz/ /api/DriverManager/PingDevice
03.09.2026 0:27:18	Information:	{
"Hash": "w9LjvpRCyoByGV3Lzv0iX9dSI0tLK0uV+pRojL1kufc=",
"Status": 0
}


03.09.2026 0:27:18	Information:	Ping ret is {"Status":0,"Comment":null}
03.09.2026 0:29:18	Information:	url https://lab-vko.dmed.kz/ /api/DriverManager/PingDevice
03.09.2026 0:29:18	Information:	{
"Hash": "w9LjvpRCyoByGV3Lzv0iX9dSI0tLK0uV+pRojL1kufc=",
"Status": 0
}


03.09.2026 0:29:18	Information:	Ping ret is {"Status":0,"Comment":null}
03.09.2026 0:31:19	Information:	url https://lab-vko.dmed.kz/ /api/DriverManager/PingDevice
03.09.2026 0:31:19	Information:	{
"Hash": "w9LjvpRCyoByGV3Lzv0iX9dSI0tLK0uV+pRojL1kufc=",
"Status": 0
}


03.09.2026 0:31:19	Information:	Ping ret is {"Status":0,"Comment":null}
03.09.2026 0:33:19	Information:	url https://lab-vko.dmed.kz/ /api/DriverManager/PingDevice
03.09.2026 0:33:19	Information:	{
"Hash": "w9LjvpRCyoByGV3Lzv0iX9dSI0tLK0uV+pRojL1kufc=",
"Status": 0
}


03.09.2026 0:33:19	Information:	Ping ret is {"Status":0,"Comment":null}
03.09.2026 0:34:38	Information:	refresh tokens
03.09.2026 0:35:19	Information:	url https://lab-vko.dmed.kz/ /api/DriverManager/PingDevice
03.09.2026 0:35:19	Information:	{
"Hash": "w9LjvpRCyoByGV3Lzv0iX9dSI0tLK0uV+pRojL1kufc=",
"Status": 0
}


03.09.2026 0:35:19	Information:	Ping ret is {"Status":0,"Comment":null}
03.09.2026 0:37:20	Information:	url https://lab-vko.dmed.kz/ /api/DriverManager/PingDevice
03.09.2026 0:37:20	Information:	{
"Hash": "w9LjvpRCyoByGV3Lzv0iX9dSI0tLK0uV+pRojL1kufc=",
"Status": 0
}


03.09.2026 0:37:20	Information:	Ping ret is {"Status":0,"Comment":null}
03.09.2026 0:39:21	Information:	url https://lab-vko.dmed.kz/ /api/DriverManager/PingDevice
03.09.2026 0:39:21	Information:	{
"Hash": "w9LjvpRCyoByGV3Lzv0iX9dSI0tLK0uV+pRojL1kufc=",
"Status": 0
}


03.09.2026 0:39:21	Information:	Ping ret is {"Status":0,"Comment":null}
03.09.2026 0:41:21	Information:	url https://lab-vko.dmed.kz/ /api/DriverManager/PingDevice
03.09.2026 0:41:21	Information:	{
"Hash": "w9LjvpRCyoByGV3Lzv0iX9dSI0tLK0uV+pRojL1kufc=",
"Status": 0
}


03.09.2026 0:41:21	Information:	Ping ret is {"Status":0,"Comment":null}
03.09.2026 0:43:22	Information:	url https://lab-vko.dmed.kz/ /api/DriverManager/PingDevice
03.09.2026 0:43:22	Information:	{
"Hash": "w9LjvpRCyoByGV3Lzv0iX9dSI0tLK0uV+pRojL1kufc=",
"Status": 0
}


03.09.2026 0:43:22	Information:	Ping ret is {"Status":0,"Comment":null}
03.09.2026 0:44:38	Information:	refresh tokens
03.09.2026 0:45:22	Information:	url https://lab-vko.dmed.kz/ /api/DriverManager/PingDevice
03.09.2026 0:45:22	Information:	{
"Hash": "w9LjvpRCyoByGV3Lzv0iX9dSI0tLK0uV+pRojL1kufc=",
"Status": 0
}


03.09.2026 0:45:22	Information:	Ping ret is {"Status":0,"Comment":null}
03.09.2026 0:47:23	Information:	url https://lab-vko.dmed.kz/ /api/DriverManager/PingDevice
03.09.2026 0:47:23	Information:	{
"Hash": "w9LjvpRCyoByGV3Lzv0iX9dSI0tLK0uV+pRojL1kufc=",
"Status": 0
}


03.09.2026 0:47:23	Information:	Ping ret is {"Status":0,"Comment":null}
03.09.2026 0:49:23	Information:	url https://lab-vko.dmed.kz/ /api/DriverManager/PingDevice
03.09.2026 0:49:23	Information:	{
"Hash": "w9LjvpRCyoByGV3Lzv0iX9dSI0tLK0uV+pRojL1kufc=",
"Status": 0
}


03.09.2026 0:49:23	Information:	Ping ret is {"Status":0,"Comment":null}
03.09.2026 0:51:24	Information:	url https://lab-vko.dmed.kz/ /api/DriverManager/PingDevice
03.09.2026 0:51:24	Information:	{
"Hash": "w9LjvpRCyoByGV3Lzv0iX9dSI0tLK0uV+pRojL1kufc=",
"Status": 0
}


03.09.2026 0:51:24	Information:	Ping ret is {"Status":0,"Comment":null}
03.09.2026 0:53:24	Information:	url https://lab-vko.dmed.kz/ /api/DriverManager/PingDevice
03.09.2026 0:53:24	Information:	{
"Hash": "w9LjvpRCyoByGV3Lzv0iX9dSI0tLK0uV+pRojL1kufc=",
"Status": 0
}


03.09.2026 0:53:24	Information:	Ping ret is {"Status":0,"Comment":null}
03.09.2026 0:54:38	Information:	refresh tokens
03.09.2026 0:55:25	Information:	url https://lab-vko.dmed.kz/ /api/DriverManager/PingDevice
03.09.2026 0:55:25	Information:	{
"Hash": "w9LjvpRCyoByGV3Lzv0iX9dSI0tLK0uV+pRojL1kufc=",
"Status": 0
}


03.09.2026 0:55:25	Information:	Ping ret is {"Status":0,"Comment":null}
03.09.2026 0:57:26	Information:	url https://lab-vko.dmed.kz/ /api/DriverManager/PingDevice
03.09.2026 0:57:26	Information:	{
"Hash": "w9LjvpRCyoByGV3Lzv0iX9dSI0tLK0uV+pRojL1kufc=",
"Status": 0
}


03.09.2026 0:57:26	Information:	Ping ret is {"Status":0,"Comment":null}
03.09.2026 0:59:26	Information:	url https://lab-vko.dmed.kz/ /api/DriverManager/PingDevice
03.09.2026 0:59:26	Information:	{
"Hash": "w9LjvpRCyoByGV3Lzv0iX9dSI0tLK0uV+pRojL1kufc=",
"Status": 0
}


03.09.2026 0:59:26	Information:	Ping ret is {"Status":0,"Comment":null}
03.09.2026 1:01:27	Information:	url https://lab-vko.dmed.kz/ /api/DriverManager/PingDevice
03.09.2026 1:01:27	Information:	{
"Hash": "w9LjvpRCyoByGV3Lzv0iX9dSI0tLK0uV+pRojL1kufc=",
"Status": 0
}


03.09.2026 1:01:27	Information:	Ping ret is {"Status":0,"Comment":null}
03.09.2026 1:03:27	Information:	url https://lab-vko.dmed.kz/ /api/DriverManager/PingDevice
03.09.2026 1:03:27	Information:	{
"Hash": "w9LjvpRCyoByGV3Lzv0iX9dSI0tLK0uV+pRojL1kufc=",
"Status": 0
}


03.09.2026 1:03:27	Information:	Ping ret is {"Status":0,"Comment":null}
03.09.2026 1:04:38	Information:	refresh tokens
03.09.2026 1:05:28	Information:	url https://lab-vko.dmed.kz/ /api/DriverManager/PingDevice
03.09.2026 1:05:28	Information:	{
"Hash": "w9LjvpRCyoByGV3Lzv0iX9dSI0tLK0uV+pRojL1kufc=",
"Status": 0
}


03.09.2026 1:05:28	Information:	Ping ret is {"Status":0,"Comment":null}
03.09.2026 1:07:28	Information:	url https://lab-vko.dmed.kz/ /api/DriverManager/PingDevice
03.09.2026 1:07:28	Information:	{
"Hash": "w9LjvpRCyoByGV3Lzv0iX9dSI0tLK0uV+pRojL1kufc=",
"Status": 0
}


03.09.2026 1:07:28	Information:	Ping ret is {"Status":0,"Comment":null}
03.09.2026 1:09:29	Information:	url https://lab-vko.dmed.kz/ /api/DriverManager/PingDevice
03.09.2026 1:09:29	Information:	{
"Hash": "w9LjvpRCyoByGV3Lzv0iX9dSI0tLK0uV+pRojL1kufc=",
"Status": 0
}


03.09.2026 1:09:29	Information:	Ping ret is {"Status":0,"Comment":null}
03.09.2026 1:11:29	Information:	url https://lab-vko.dmed.kz/ /api/DriverManager/PingDevice
03.09.2026 1:11:29	Information:	{
"Hash": "w9LjvpRCyoByGV3Lzv0iX9dSI0tLK0uV+pRojL1kufc=",
"Status": 0
}


03.09.2026 1:11:29	Information:	Ping ret is {"Status":0,"Comment":null}
03.09.2026 1:13:30	Information:	url https://lab-vko.dmed.kz/ /api/DriverManager/PingDevice
03.09.2026 1:13:30	Information:	{
"Hash": "w9LjvpRCyoByGV3Lzv0iX9dSI0tLK0uV+pRojL1kufc=",
"Status": 0
}


03.09.2026 1:13:30	Information:	Ping ret is {"Status":0,"Comment":null}
03.09.2026 1:14:38	Information:	refresh tokens
03.09.2026 1:15:30	Information:	url https://lab-vko.dmed.kz/ /api/DriverManager/PingDevice
03.09.2026 1:15:30	Information:	{
"Hash": "w9LjvpRCyoByGV3Lzv0iX9dSI0tLK0uV+pRojL1kufc=",
"Status": 0
}


03.09.2026 1:15:30	Information:	Ping ret is {"Status":0,"Comment":null}
03.09.2026 1:17:31	Information:	url https://lab-vko.dmed.kz/ /api/DriverManager/PingDevice
03.09.2026 1:17:31	Information:	{
"Hash": "w9LjvpRCyoByGV3Lzv0iX9dSI0tLK0uV+pRojL1kufc=",
"Status": 0
}


03.09.2026 1:17:31	Information:	Ping ret is {"Status":0,"Comment":null}
03.09.2026 1:19:31	Information:	url https://lab-vko.dmed.kz/ /api/DriverManager/PingDevice
03.09.2026 1:19:31	Information:	{
"Hash": "w9LjvpRCyoByGV3Lzv0iX9dSI0tLK0uV+pRojL1kufc=",
"Status": 0
}


03.09.2026 1:19:31	Information:	Ping ret is {"Status":0,"Comment":null}
03.09.2026 1:21:32	Information:	url https://lab-vko.dmed.kz/ /api/DriverManager/PingDevice
03.09.2026 1:21:32	Information:	{
"Hash": "w9LjvpRCyoByGV3Lzv0iX9dSI0tLK0uV+pRojL1kufc=",
"Status": 0
}


03.09.2026 1:21:32	Information:	Ping ret is {"Status":0,"Comment":null}
03.09.2026 1:23:32	Information:	url https://lab-vko.dmed.kz/ /api/DriverManager/PingDevice
03.09.2026 1:23:32	Information:	{
"Hash": "w9LjvpRCyoByGV3Lzv0iX9dSI0tLK0uV+pRojL1kufc=",
"Status": 0
}


03.09.2026 1:23:32	Information:	Ping ret is {"Status":0,"Comment":null}
03.09.2026 1:24:38	Information:	refresh tokens
03.09.2026 1:25:33	Information:	url https://lab-vko.dmed.kz/ /api/DriverManager/PingDevice
03.09.2026 1:25:33	Information:	{
"Hash": "w9LjvpRCyoByGV3Lzv0iX9dSI0tLK0uV+pRojL1kufc=",
"Status": 0
}


03.09.2026 1:25:33	Information:	Ping ret is {"Status":0,"Comment":null}
03.09.2026 1:27:34	Information:	url https://lab-vko.dmed.kz/ /api/DriverManager/PingDevice
03.09.2026 1:27:34	Information:	{
"Hash": "w9LjvpRCyoByGV3Lzv0iX9dSI0tLK0uV+pRojL1kufc=",
"Status": 0
}


03.09.2026 1:27:34	Information:	Ping ret is {"Status":0,"Comment":null}
03.09.2026 1:29:34	Information:	url https://lab-vko.dmed.kz/ /api/DriverManager/PingDevice
03.09.2026 1:29:34	Information:	{
"Hash": "w9LjvpRCyoByGV3Lzv0iX9dSI0tLK0uV+pRojL1kufc=",
"Status": 0
}


03.09.2026 1:29:34	Information:	Ping ret is {"Status":0,"Comment":null}
03.09.2026 1:31:34	Information:	url https://lab-vko.dmed.kz/ /api/DriverManager/PingDevice
03.09.2026 1:31:34	Information:	{
"Hash": "w9LjvpRCyoByGV3Lzv0iX9dSI0tLK0uV+pRojL1kufc=",
"Status": 0
}


03.09.2026 1:31:34	Information:	Ping ret is {"Status":0,"Comment":null}
03.09.2026 1:33:35	Information:	url https://lab-vko.dmed.kz/ /api/DriverManager/PingDevice
03.09.2026 1:33:35	Information:	{
"Hash": "w9LjvpRCyoByGV3Lzv0iX9dSI0tLK0uV+pRojL1kufc=",
"Status": 0
}


03.09.2026 1:33:35	Information:	Ping ret is {"Status":0,"Comment":null}
03.09.2026 1:34:38	Information:	refresh tokens
03.09.2026 1:35:35	Information:	url https://lab-vko.dmed.kz/ /api/DriverManager/PingDevice
03.09.2026 1:35:35	Information:	{
"Hash": "w9LjvpRCyoByGV3Lzv0iX9dSI0tLK0uV+pRojL1kufc=",
"Status": 0
}


03.09.2026 1:35:35	Information:	Ping ret is {"Status":0,"Comment":null}
03.09.2026 1:37:36	Information:	url https://lab-vko.dmed.kz/ /api/DriverManager/PingDevice
03.09.2026 1:37:36	Information:	{
"Hash": "w9LjvpRCyoByGV3Lzv0iX9dSI0tLK0uV+pRojL1kufc=",
"Status": 0
}


03.09.2026 1:37:36	Information:	Ping ret is {"Status":0,"Comment":null}
03.09.2026 1:39:36	Information:	url https://lab-vko.dmed.kz/ /api/DriverManager/PingDevice
03.09.2026 1:39:36	Information:	{
"Hash": "w9LjvpRCyoByGV3Lzv0iX9dSI0tLK0uV+pRojL1kufc=",
"Status": 0
}


03.09.2026 1:39:36	Information:	Ping ret is {"Status":0,"Comment":null}
03.09.2026 1:41:37	Information:	url https://lab-vko.dmed.kz/ /api/DriverManager/PingDevice
03.09.2026 1:41:37	Information:	{
"Hash": "w9LjvpRCyoByGV3Lzv0iX9dSI0tLK0uV+pRojL1kufc=",
"Status": 0
}


03.09.2026 1:41:37	Information:	Ping ret is {"Status":0,"Comment":null}
03.09.2026 1:43:37	Information:	url https://lab-vko.dmed.kz/ /api/DriverManager/PingDevice
03.09.2026 1:43:37	Information:	{
"Hash": "w9LjvpRCyoByGV3Lzv0iX9dSI0tLK0uV+pRojL1kufc=",
"Status": 0
}


03.09.2026 1:43:37	Information:	Ping ret is {"Status":0,"Comment":null}
03.09.2026 1:44:38	Information:	refresh tokens
03.09.2026 1:45:38	Information:	url https://lab-vko.dmed.kz/ /api/DriverManager/PingDevice
03.09.2026 1:45:38	Information:	{
"Hash": "w9LjvpRCyoByGV3Lzv0iX9dSI0tLK0uV+pRojL1kufc=",
"Status": 0
}


03.09.2026 1:45:38	Information:	Ping ret is {"Status":0,"Comment":null}
03.09.2026 1:47:39	Information:	url https://lab-vko.dmed.kz/ /api/DriverManager/PingDevice
03.09.2026 1:47:39	Information:	{
"Hash": "w9LjvpRCyoByGV3Lzv0iX9dSI0tLK0uV+pRojL1kufc=",
"Status": 0
}


03.09.2026 1:47:39	Information:	Ping ret is {"Status":0,"Comment":null}
03.09.2026 1:49:39	Information:	url https://lab-vko.dmed.kz/ /api/DriverManager/PingDevice
03.09.2026 1:49:39	Information:	{
"Hash": "w9LjvpRCyoByGV3Lzv0iX9dSI0tLK0uV+pRojL1kufc=",
"Status": 0
}


03.09.2026 1:49:39	Information:	Ping ret is {"Status":0,"Comment":null}
03.09.2026 1:51:40	Information:	url https://lab-vko.dmed.kz/ /api/DriverManager/PingDevice
03.09.2026 1:51:40	Information:	{
"Hash": "w9LjvpRCyoByGV3Lzv0iX9dSI0tLK0uV+pRojL1kufc=",
"Status": 0
}


03.09.2026 1:51:40	Information:	Ping ret is {"Status":0,"Comment":null}
03.09.2026 1:53:40	Information:	url https://lab-vko.dmed.kz/ /api/DriverManager/PingDevice
03.09.2026 1:53:40	Information:	{
"Hash": "w9LjvpRCyoByGV3Lzv0iX9dSI0tLK0uV+pRojL1kufc=",
"Status": 0
}


03.09.2026 1:53:40	Information:	Ping ret is {"Status":0,"Comment":null}
03.09.2026 1:54:38	Information:	refresh tokens
03.09.2026 1:55:41	Information:	url https://lab-vko.dmed.kz/ /api/DriverManager/PingDevice
03.09.2026 1:55:41	Information:	{
"Hash": "w9LjvpRCyoByGV3Lzv0iX9dSI0tLK0uV+pRojL1kufc=",
"Status": 0
}


03.09.2026 1:55:41	Information:	Ping ret is {"Status":0,"Comment":null}
03.09.2026 1:57:41	Information:	url https://lab-vko.dmed.kz/ /api/DriverManager/PingDevice
03.09.2026 1:57:41	Information:	{
"Hash": "w9LjvpRCyoByGV3Lzv0iX9dSI0tLK0uV+pRojL1kufc=",
"Status": 0
}


03.09.2026 1:57:41	Information:	Ping ret is {"Status":0,"Comment":null}
03.09.2026 1:59:42	Information:	url https://lab-vko.dmed.kz/ /api/DriverManager/PingDevice
03.09.2026 1:59:42	Information:	{
"Hash": "w9LjvpRCyoByGV3Lzv0iX9dSI0tLK0uV+pRojL1kufc=",
"Status": 0
}


03.09.2026 1:59:42	Information:	Ping ret is {"Status":0,"Comment":null}
03.09.2026 2:01:42	Information:	url https://lab-vko.dmed.kz/ /api/DriverManager/PingDevice
03.09.2026 2:01:42	Information:	{
"Hash": "w9LjvpRCyoByGV3Lzv0iX9dSI0tLK0uV+pRojL1kufc=",
"Status": 0
}


03.09.2026 2:01:42	Information:	Ping ret is {"Status":0,"Comment":null}
03.09.2026 2:03:43	Information:	url https://lab-vko.dmed.kz/ /api/DriverManager/PingDevice
03.09.2026 2:03:43	Information:	{
"Hash": "w9LjvpRCyoByGV3Lzv0iX9dSI0tLK0uV+pRojL1kufc=",
"Status": 0
}


03.09.2026 2:03:43	Information:	Ping ret is {"Status":0,"Comment":null}
03.09.2026 2:04:38	Information:	refresh tokens
03.09.2026 2:05:43	Information:	url https://lab-vko.dmed.kz/ /api/DriverManager/PingDevice
03.09.2026 2:05:43	Information:	{
"Hash": "w9LjvpRCyoByGV3Lzv0iX9dSI0tLK0uV+pRojL1kufc=",
"Status": 0
}


03.09.2026 2:05:43	Information:	Ping ret is {"Status":0,"Comment":null}
03.09.2026 2:07:44	Information:	url https://lab-vko.dmed.kz/ /api/DriverManager/PingDevice
03.09.2026 2:07:44	Information:	{
"Hash": "w9LjvpRCyoByGV3Lzv0iX9dSI0tLK0uV+pRojL1kufc=",
"Status": 0
}


03.09.2026 2:07:44	Information:	Ping ret is {"Status":0,"Comment":null}
03.09.2026 2:09:44	Information:	url https://lab-vko.dmed.kz/ /api/DriverManager/PingDevice
03.09.2026 2:09:44	Information:	{
"Hash": "w9LjvpRCyoByGV3Lzv0iX9dSI0tLK0uV+pRojL1kufc=",
"Status": 0
}


03.09.2026 2:09:44	Information:	Ping ret is {"Status":0,"Comment":null}
03.09.2026 2:11:45	Information:	url https://lab-vko.dmed.kz/ /api/DriverManager/PingDevice
03.09.2026 2:11:45	Information:	{
"Hash": "w9LjvpRCyoByGV3Lzv0iX9dSI0tLK0uV+pRojL1kufc=",
"Status": 0
}


03.09.2026 2:11:45	Information:	Ping ret is {"Status":0,"Comment":null}
03.09.2026 2:13:45	Information:	url https://lab-vko.dmed.kz/ /api/DriverManager/PingDevice
03.09.2026 2:13:45	Information:	{
"Hash": "w9LjvpRCyoByGV3Lzv0iX9dSI0tLK0uV+pRojL1kufc=",
"Status": 0
}


03.09.2026 2:13:45	Information:	Ping ret is {"Status":0,"Comment":null}
03.09.2026 2:14:38	Information:	refresh tokens
03.09.2026 2:15:46	Information:	url https://lab-vko.dmed.kz/ /api/DriverManager/PingDevice
03.09.2026 2:15:46	Information:	{
"Hash": "w9LjvpRCyoByGV3Lzv0iX9dSI0tLK0uV+pRojL1kufc=",
"Status": 0
}


03.09.2026 2:15:46	Information:	Ping ret is {"Status":0,"Comment":null}
03.09.2026 2:17:46	Information:	url https://lab-vko.dmed.kz/ /api/DriverManager/PingDevice
03.09.2026 2:17:46	Information:	{
"Hash": "w9LjvpRCyoByGV3Lzv0iX9dSI0tLK0uV+pRojL1kufc=",
"Status": 0
}


03.09.2026 2:17:46	Information:	Ping ret is {"Status":0,"Comment":null}
03.09.2026 2:19:47	Information:	url https://lab-vko.dmed.kz/ /api/DriverManager/PingDevice
03.09.2026 2:19:47	Information:	{
"Hash": "w9LjvpRCyoByGV3Lzv0iX9dSI0tLK0uV+pRojL1kufc=",
"Status": 0
}


03.09.2026 2:19:47	Information:	Ping ret is {"Status":0,"Comment":null}
03.09.2026 2:21:47	Information:	url https://lab-vko.dmed.kz/ /api/DriverManager/PingDevice
03.09.2026 2:21:47	Information:	{
"Hash": "w9LjvpRCyoByGV3Lzv0iX9dSI0tLK0uV+pRojL1kufc=",
"Status": 0
}


03.09.2026 2:21:47	Information:	Ping ret is {"Status":0,"Comment":null}
03.09.2026 2:23:48	Information:	url https://lab-vko.dmed.kz/ /api/DriverManager/PingDevice
03.09.2026 2:23:48	Information:	{
"Hash": "w9LjvpRCyoByGV3Lzv0iX9dSI0tLK0uV+pRojL1kufc=",
"Status": 0
}


03.09.2026 2:23:48	Information:	Ping ret is {"Status":0,"Comment":null}
03.09.2026 2:24:38	Information:	refresh tokens
03.09.2026 2:25:49	Information:	url https://lab-vko.dmed.kz/ /api/DriverManager/PingDevice
03.09.2026 2:25:49	Information:	{
"Hash": "w9LjvpRCyoByGV3Lzv0iX9dSI0tLK0uV+pRojL1kufc=",
"Status": 0
}


03.09.2026 2:25:49	Information:	Ping ret is {"Status":0,"Comment":null}
03.09.2026 2:27:49	Information:	url https://lab-vko.dmed.kz/ /api/DriverManager/PingDevice
03.09.2026 2:27:49	Information:	{
"Hash": "w9LjvpRCyoByGV3Lzv0iX9dSI0tLK0uV+pRojL1kufc=",
"Status": 0
}


03.09.2026 2:27:49	Information:	Ping ret is {"Status":0,"Comment":null}
03.09.2026 2:29:50	Information:	url https://lab-vko.dmed.kz/ /api/DriverManager/PingDevice
03.09.2026 2:29:50	Information:	{
"Hash": "w9LjvpRCyoByGV3Lzv0iX9dSI0tLK0uV+pRojL1kufc=",
"Status": 0
}


03.09.2026 2:29:50	Information:	Ping ret is {"Status":0,"Comment":null}
03.09.2026 2:31:50	Information:	url https://lab-vko.dmed.kz/ /api/DriverManager/PingDevice
03.09.2026 2:31:50	Information:	{
"Hash": "w9LjvpRCyoByGV3Lzv0iX9dSI0tLK0uV+pRojL1kufc=",
"Status": 0
}


03.09.2026 2:31:50	Information:	Ping ret is {"Status":0,"Comment":null}
03.09.2026 2:33:51	Information:	url https://lab-vko.dmed.kz/ /api/DriverManager/PingDevice
03.09.2026 2:33:51	Information:	{
"Hash": "w9LjvpRCyoByGV3Lzv0iX9dSI0tLK0uV+pRojL1kufc=",
"Status": 0
}


03.09.2026 2:33:51	Information:	Ping ret is {"Status":0,"Comment":null}
03.09.2026 2:34:38	Information:	refresh tokens
03.09.2026 2:35:51	Information:	url https://lab-vko.dmed.kz/ /api/DriverManager/PingDevice
03.09.2026 2:35:51	Information:	{
"Hash": "w9LjvpRCyoByGV3Lzv0iX9dSI0tLK0uV+pRojL1kufc=",
"Status": 0
}


03.09.2026 2:35:51	Information:	Ping ret is {"Status":0,"Comment":null}
03.09.2026 2:37:52	Information:	url https://lab-vko.dmed.kz/ /api/DriverManager/PingDevice
03.09.2026 2:37:52	Information:	{
"Hash": "w9LjvpRCyoByGV3Lzv0iX9dSI0tLK0uV+pRojL1kufc=",
"Status": 0
}


03.09.2026 2:37:52	Information:	Ping ret is {"Status":0,"Comment":null}
03.09.2026 2:39:52	Information:	url https://lab-vko.dmed.kz/ /api/DriverManager/PingDevice
03.09.2026 2:39:52	Information:	{
"Hash": "w9LjvpRCyoByGV3Lzv0iX9dSI0tLK0uV+pRojL1kufc=",
"Status": 0
}


03.09.2026 2:39:52	Information:	Ping ret is {"Status":0,"Comment":null}
03.09.2026 2:41:53	Information:	url https://lab-vko.dmed.kz/ /api/DriverManager/PingDevice
03.09.2026 2:41:53	Information:	{
"Hash": "w9LjvpRCyoByGV3Lzv0iX9dSI0tLK0uV+pRojL1kufc=",
"Status": 0
}


03.09.2026 2:41:53	Information:	Ping ret is {"Status":0,"Comment":null}
03.09.2026 2:43:53	Information:	url https://lab-vko.dmed.kz/ /api/DriverManager/PingDevice
03.09.2026 2:43:53	Information:	{
"Hash": "w9LjvpRCyoByGV3Lzv0iX9dSI0tLK0uV+pRojL1kufc=",
"Status": 0
}


03.09.2026 2:43:53	Information:	Ping ret is {"Status":0,"Comment":null}
03.09.2026 2:44:38	Information:	refresh tokens
03.09.2026 2:45:54	Information:	url https://lab-vko.dmed.kz/ /api/DriverManager/PingDevice
03.09.2026 2:45:54	Information:	{
"Hash": "w9LjvpRCyoByGV3Lzv0iX9dSI0tLK0uV+pRojL1kufc=",
"Status": 0
}


03.09.2026 2:45:54	Information:	Ping ret is {"Status":0,"Comment":null}
03.09.2026 2:47:54	Information:	url https://lab-vko.dmed.kz/ /api/DriverManager/PingDevice
03.09.2026 2:47:54	Information:	{
"Hash": "w9LjvpRCyoByGV3Lzv0iX9dSI0tLK0uV+pRojL1kufc=",
"Status": 0
}


03.09.2026 2:47:54	Information:	Ping ret is {"Status":0,"Comment":null}
03.09.2026 2:49:55	Information:	url https://lab-vko.dmed.kz/ /api/DriverManager/PingDevice
03.09.2026 2:49:55	Information:	{
"Hash": "w9LjvpRCyoByGV3Lzv0iX9dSI0tLK0uV+pRojL1kufc=",
"Status": 0
}


03.09.2026 2:49:55	Information:	Ping ret is {"Status":0,"Comment":null}
03.09.2026 2:51:55	Information:	url https://lab-vko.dmed.kz/ /api/DriverManager/PingDevice
03.09.2026 2:51:55	Information:	{
"Hash": "w9LjvpRCyoByGV3Lzv0iX9dSI0tLK0uV+pRojL1kufc=",
"Status": 0
}


03.09.2026 2:51:55	Information:	Ping ret is {"Status":0,"Comment":null}
03.09.2026 2:53:56	Information:	url https://lab-vko.dmed.kz/ /api/DriverManager/PingDevice
03.09.2026 2:53:56	Information:	{
"Hash": "w9LjvpRCyoByGV3Lzv0iX9dSI0tLK0uV+pRojL1kufc=",
"Status": 0
}


03.09.2026 2:53:56	Information:	Ping ret is {"Status":0,"Comment":null}
03.09.2026 2:54:38	Information:	refresh tokens
03.09.2026 2:55:56	Information:	url https://lab-vko.dmed.kz/ /api/DriverManager/PingDevice
03.09.2026 2:55:56	Information:	{
"Hash": "w9LjvpRCyoByGV3Lzv0iX9dSI0tLK0uV+pRojL1kufc=",
"Status": 0
}


03.09.2026 2:55:56	Information:	Ping ret is {"Status":0,"Comment":null}
03.09.2026 2:57:57	Information:	url https://lab-vko.dmed.kz/ /api/DriverManager/PingDevice
03.09.2026 2:57:57	Information:	{
"Hash": "w9LjvpRCyoByGV3Lzv0iX9dSI0tLK0uV+pRojL1kufc=",
"Status": 0
}


03.09.2026 2:57:57	Information:	Ping ret is {"Status":0,"Comment":null}
03.09.2026 2:59:57	Information:	url https://lab-vko.dmed.kz/ /api/DriverManager/PingDevice
03.09.2026 2:59:57	Information:	{
"Hash": "w9LjvpRCyoByGV3Lzv0iX9dSI0tLK0uV+pRojL1kufc=",
"Status": 0
}


03.09.2026 2:59:57	Information:	Ping ret is {"Status":0,"Comment":null}
03.09.2026 3:01:58	Information:	url https://lab-vko.dmed.kz/ /api/DriverManager/PingDevice
03.09.2026 3:01:58	Information:	{
"Hash": "w9LjvpRCyoByGV3Lzv0iX9dSI0tLK0uV+pRojL1kufc=",
"Status": 0
}


03.09.2026 3:01:58	Information:	Ping ret is {"Status":0,"Comment":null}
03.09.2026 3:03:58	Information:	url https://lab-vko.dmed.kz/ /api/DriverManager/PingDevice
03.09.2026 3:03:58	Information:	{
"Hash": "w9LjvpRCyoByGV3Lzv0iX9dSI0tLK0uV+pRojL1kufc=",
"Status": 0
}


03.09.2026 3:03:58	Information:	Ping ret is {"Status":0,"Comment":null}
03.09.2026 3:04:38	Information:	refresh tokens
03.09.2026 3:05:59	Information:	url https://lab-vko.dmed.kz/ /api/DriverManager/PingDevice
03.09.2026 3:05:59	Information:	{
"Hash": "w9LjvpRCyoByGV3Lzv0iX9dSI0tLK0uV+pRojL1kufc=",
"Status": 0
}


03.09.2026 3:05:59	Information:	Ping ret is {"Status":0,"Comment":null}
03.09.2026 3:07:59	Information:	url https://lab-vko.dmed.kz/ /api/DriverManager/PingDevice
03.09.2026 3:07:59	Information:	{
"Hash": "w9LjvpRCyoByGV3Lzv0iX9dSI0tLK0uV+pRojL1kufc=",
"Status": 0
}


03.09.2026 3:07:59	Information:	Ping ret is {"Status":0,"Comment":null}
03.09.2026 3:10:00	Information:	url https://lab-vko.dmed.kz/ /api/DriverManager/PingDevice
03.09.2026 3:10:00	Information:	{
"Hash": "w9LjvpRCyoByGV3Lzv0iX9dSI0tLK0uV+pRojL1kufc=",
"Status": 0
}


03.09.2026 3:10:00	Information:	Ping ret is {"Status":0,"Comment":null}
03.09.2026 3:12:00	Information:	url https://lab-vko.dmed.kz/ /api/DriverManager/PingDevice
03.09.2026 3:12:00	Information:	{
"Hash": "w9LjvpRCyoByGV3Lzv0iX9dSI0tLK0uV+pRojL1kufc=",
"Status": 0
}


03.09.2026 3:12:00	Information:	Ping ret is {"Status":0,"Comment":null}
03.09.2026 3:14:01	Information:	url https://lab-vko.dmed.kz/ /api/DriverManager/PingDevice
03.09.2026 3:14:01	Information:	{
"Hash": "w9LjvpRCyoByGV3Lzv0iX9dSI0tLK0uV+pRojL1kufc=",
"Status": 0
}


03.09.2026 3:14:01	Information:	Ping ret is {"Status":0,"Comment":null}
03.09.2026 3:14:38	Information:	refresh tokens
03.09.2026 3:16:01	Information:	url https://lab-vko.dmed.kz/ /api/DriverManager/PingDevice
03.09.2026 3:16:01	Information:	{
"Hash": "w9LjvpRCyoByGV3Lzv0iX9dSI0tLK0uV+pRojL1kufc=",
"Status": 0
}


03.09.2026 3:16:01	Information:	Ping ret is {"Status":0,"Comment":null}
03.09.2026 3:18:02	Information:	url https://lab-vko.dmed.kz/ /api/DriverManager/PingDevice
03.09.2026 3:18:02	Information:	{
"Hash": "w9LjvpRCyoByGV3Lzv0iX9dSI0tLK0uV+pRojL1kufc=",
"Status": 0
}


03.09.2026 3:18:02	Information:	Ping ret is {"Status":0,"Comment":null}
03.09.2026 3:20:02	Information:	url https://lab-vko.dmed.kz/ /api/DriverManager/PingDevice
03.09.2026 3:20:02	Information:	{
"Hash": "w9LjvpRCyoByGV3Lzv0iX9dSI0tLK0uV+pRojL1kufc=",
"Status": 0
}


03.09.2026 3:20:02	Information:	Ping ret is {"Status":0,"Comment":null}
03.09.2026 3:22:03	Information:	url https://lab-vko.dmed.kz/ /api/DriverManager/PingDevice
03.09.2026 3:22:03	Information:	{
"Hash": "w9LjvpRCyoByGV3Lzv0iX9dSI0tLK0uV+pRojL1kufc=",
"Status": 0
}


03.09.2026 3:22:03	Information:	Ping ret is {"Status":0,"Comment":null}
03.09.2026 3:24:03	Information:	url https://lab-vko.dmed.kz/ /api/DriverManager/PingDevice
03.09.2026 3:24:03	Information:	{
"Hash": "w9LjvpRCyoByGV3Lzv0iX9dSI0tLK0uV+pRojL1kufc=",
"Status": 0
}


03.09.2026 3:24:03	Information:	Ping ret is {"Status":0,"Comment":null}
03.09.2026 3:24:38	Information:	refresh tokens
03.09.2026 3:26:04	Information:	url https://lab-vko.dmed.kz/ /api/DriverManager/PingDevice
03.09.2026 3:26:04	Information:	{
"Hash": "w9LjvpRCyoByGV3Lzv0iX9dSI0tLK0uV+pRojL1kufc=",
"Status": 0
}


03.09.2026 3:26:04	Information:	Ping ret is {"Status":0,"Comment":null}
03.09.2026 3:28:04	Information:	url https://lab-vko.dmed.kz/ /api/DriverManager/PingDevice
03.09.2026 3:28:04	Information:	{
"Hash": "w9LjvpRCyoByGV3Lzv0iX9dSI0tLK0uV+pRojL1kufc=",
"Status": 0
}


03.09.2026 3:28:04	Information:	Ping ret is {"Status":0,"Comment":null}
03.09.2026 3:30:05	Information:	url https://lab-vko.dmed.kz/ /api/DriverManager/PingDevice
03.09.2026 3:30:05	Information:	{
"Hash": "w9LjvpRCyoByGV3Lzv0iX9dSI0tLK0uV+pRojL1kufc=",
"Status": 0
}


03.09.2026 3:30:05	Information:	Ping ret is {"Status":0,"Comment":null}
03.09.2026 3:32:05	Information:	url https://lab-vko.dmed.kz/ /api/DriverManager/PingDevice
03.09.2026 3:32:05	Information:	{
"Hash": "w9LjvpRCyoByGV3Lzv0iX9dSI0tLK0uV+pRojL1kufc=",
"Status": 0
}


03.09.2026 3:32:05	Information:	Ping ret is {"Status":0,"Comment":null}
03.09.2026 3:34:06	Information:	url https://lab-vko.dmed.kz/ /api/DriverManager/PingDevice
03.09.2026 3:34:06	Information:	{
"Hash": "w9LjvpRCyoByGV3Lzv0iX9dSI0tLK0uV+pRojL1kufc=",
"Status": 0
}


03.09.2026 3:34:06	Information:	Ping ret is {"Status":0,"Comment":null}
03.09.2026 3:34:38	Information:	refresh tokens
03.09.2026 3:36:06	Information:	url https://lab-vko.dmed.kz/ /api/DriverManager/PingDevice
03.09.2026 3:36:06	Information:	{
"Hash": "w9LjvpRCyoByGV3Lzv0iX9dSI0tLK0uV+pRojL1kufc=",
"Status": 0
}


03.09.2026 3:36:06	Information:	Ping ret is {"Status":0,"Comment":null}
03.09.2026 3:38:07	Information:	url https://lab-vko.dmed.kz/ /api/DriverManager/PingDevice
03.09.2026 3:38:07	Information:	{
"Hash": "w9LjvpRCyoByGV3Lzv0iX9dSI0tLK0uV+pRojL1kufc=",
"Status": 0
}


03.09.2026 3:38:07	Information:	Ping ret is {"Status":0,"Comment":null}
03.09.2026 3:40:07	Information:	url https://lab-vko.dmed.kz/ /api/DriverManager/PingDevice
03.09.2026 3:40:07	Information:	{
"Hash": "w9LjvpRCyoByGV3Lzv0iX9dSI0tLK0uV+pRojL1kufc=",
"Status": 0
}


03.09.2026 3:40:07	Information:	Ping ret is {"Status":0,"Comment":null}
03.09.2026 3:42:08	Information:	url https://lab-vko.dmed.kz/ /api/DriverManager/PingDevice
03.09.2026 3:42:08	Information:	{
"Hash": "w9LjvpRCyoByGV3Lzv0iX9dSI0tLK0uV+pRojL1kufc=",
"Status": 0
}


03.09.2026 3:42:08	Information:	Ping ret is {"Status":0,"Comment":null}
03.09.2026 3:44:09	Information:	url https://lab-vko.dmed.kz/ /api/DriverManager/PingDevice
03.09.2026 3:44:09	Information:	{
"Hash": "w9LjvpRCyoByGV3Lzv0iX9dSI0tLK0uV+pRojL1kufc=",
"Status": 0
}


03.09.2026 3:44:09	Information:	Ping ret is {"Status":0,"Comment":null}
03.09.2026 3:44:38	Information:	refresh tokens
03.09.2026 3:46:09	Information:	url https://lab-vko.dmed.kz/ /api/DriverManager/PingDevice
03.09.2026 3:46:09	Information:	{
"Hash": "w9LjvpRCyoByGV3Lzv0iX9dSI0tLK0uV+pRojL1kufc=",
"Status": 0
}


03.09.2026 3:46:09	Information:	Ping ret is {"Status":0,"Comment":null}
03.09.2026 3:48:10	Information:	url https://lab-vko.dmed.kz/ /api/DriverManager/PingDevice
03.09.2026 3:48:10	Information:	{
"Hash": "w9LjvpRCyoByGV3Lzv0iX9dSI0tLK0uV+pRojL1kufc=",
"Status": 0
}


03.09.2026 3:48:10	Information:	Ping ret is {"Status":0,"Comment":null}
03.09.2026 3:50:10	Information:	url https://lab-vko.dmed.kz/ /api/DriverManager/PingDevice
03.09.2026 3:50:10	Information:	{
"Hash": "w9LjvpRCyoByGV3Lzv0iX9dSI0tLK0uV+pRojL1kufc=",
"Status": 0
}


03.09.2026 3:50:10	Information:	Ping ret is {"Status":0,"Comment":null}
03.09.2026 3:52:11	Information:	url https://lab-vko.dmed.kz/ /api/DriverManager/PingDevice
03.09.2026 3:52:11	Information:	{
"Hash": "w9LjvpRCyoByGV3Lzv0iX9dSI0tLK0uV+pRojL1kufc=",
"Status": 0
}


03.09.2026 3:52:11	Information:	Ping ret is {"Status":0,"Comment":null}
03.09.2026 3:54:11	Information:	url https://lab-vko.dmed.kz/ /api/DriverManager/PingDevice
03.09.2026 3:54:11	Information:	{
"Hash": "w9LjvpRCyoByGV3Lzv0iX9dSI0tLK0uV+pRojL1kufc=",
"Status": 0
}


03.09.2026 3:54:11	Information:	Ping ret is {"Status":0,"Comment":null}
03.09.2026 3:54:38	Information:	refresh tokens
03.09.2026 3:56:12	Information:	url https://lab-vko.dmed.kz/ /api/DriverManager/PingDevice
03.09.2026 3:56:12	Information:	{
"Hash": "w9LjvpRCyoByGV3Lzv0iX9dSI0tLK0uV+pRojL1kufc=",
"Status": 0
}


03.09.2026 3:56:12	Information:	Ping ret is {"Status":0,"Comment":null}
03.09.2026 3:58:12	Information:	url https://lab-vko.dmed.kz/ /api/DriverManager/PingDevice
03.09.2026 3:58:12	Information:	{
"Hash": "w9LjvpRCyoByGV3Lzv0iX9dSI0tLK0uV+pRojL1kufc=",
"Status": 0
}


03.09.2026 3:58:13	Information:	Ping ret is {"Status":0,"Comment":null}
03.09.2026 4:00:13	Information:	url https://lab-vko.dmed.kz/ /api/DriverManager/PingDevice
03.09.2026 4:00:13	Information:	{
"Hash": "w9LjvpRCyoByGV3Lzv0iX9dSI0tLK0uV+pRojL1kufc=",
"Status": 0
}


03.09.2026 4:00:13	Information:	Ping ret is {"Status":0,"Comment":null}
03.09.2026 4:00:47	Information:	Received bytes(encoded):MSH|^~\&|||||20260903035947||ORU^R01|129|P|2.3.1||||0||ASCII|||PID|91|||||||O|||||||||||||||||||||||OBR|91|51563075|1|^|N|20260903033726|20260903033639|20260903033639||1^1||||20260903033639|?????|||||||||||||||||||||||||||||||||OBX|1|NM|Glu-G|Glucose (GOD-POD Method)|5.118944|mmol/L|-|N|||F||5.118944|20260903035846|||0||OBX|2|NM|T-Bil-V|Bilirubin Total (VOX Method)|11.959409|?mol/L|-|N|||F||11.959409|20260903035848|||0||OBX|3|NM|D-Bil-V|Bilirubin Direct (VOX Method)|3.647885|?mol/L|-|N|||F||3.647885|20260903035903|||0||OBX|4|NM|ALT|Alanine Aminotransferase|10.672402|U/L|-|N|||F||10.672402|20260903035716|||0||OBX|5|NM|AST|Aspartate Aminotransferase|23.941047|U/L|-|N|||F||23.941047|20260903035731|||0||OBX|6|NM|CRP|C-Reactive Protein|19.096185|mg/L|-|N|||F||19.096185|20260903035946|||0||OBX|7|NM|TP|Total Protein|70.757387|g/L|-|N|||F||70.757387|20260903035918|||0||OBX|8|NM|AMY|?-Amylase|65.319095|U/L|-|N|||F||65.319095|20260903035916|||0||OBX|9|NM|CREA-S|Creatinine (Sarcosine Oxidase Method)|28.21675
03.09.2026 4:00:47	Information:	Add Frame:
03.09.2026 4:00:47	Information:	MSH|^~\&|||||20260903035947||ORU^R01|129|P|2.3.1||||0||ASCII|||
03.09.2026 4:00:47	Information:	In Header
03.09.2026 4:00:47	Information:	MessageType: ORU
03.09.2026 4:00:47	Information:	After message type
03.09.2026 4:00:47	Information:	After ask
03.09.2026 4:00:47	Information:	After version
03.09.2026 4:00:47	Information:	Add Frame:
03.09.2026 4:00:47	Information:	PID|91|||||||O|||||||||||||||||||||||
03.09.2026 4:00:47	Information:	Add Frame:
03.09.2026 4:00:47	Information:	OBR|91|51563075|1|^|N|20260903033726|20260903033639|20260903033639||1^1||||20260903033639|?????|||||||||||||||||||||||||||||||||
03.09.2026 4:00:47	Information:	Add Frame:
03.09.2026 4:00:47	Information:	OBX|1|NM|Glu-G|Glucose (GOD-POD Method)|5.118944|mmol/L|-|N|||F||5.118944|20260903035846|||0||
03.09.2026 4:00:47	Information:	Add Frame:
03.09.2026 4:00:47	Information:	OBX|2|NM|T-Bil-V|Bilirubin Total (VOX Method)|11.959409|?mol/L|-|N|||F||11.959409|20260903035848|||0||
03.09.2026 4:00:47	Information:	Add Frame:
03.09.2026 4:00:47	Information:	OBX|3|NM|D-Bil-V|Bilirubin Direct (VOX Method)|3.647885|?mol/L|-|N|||F||3.647885|20260903035903|||0||
03.09.2026 4:00:47	Information:	Add Frame:
03.09.2026 4:00:47	Information:	OBX|4|NM|ALT|Alanine Aminotransferase|10.672402|U/L|-|N|||F||10.672402|20260903035716|||0||
03.09.2026 4:00:47	Information:	Add Frame:
03.09.2026 4:00:47	Information:	OBX|5|NM|AST|Aspartate Aminotransferase|23.941047|U/L|-|N|||F||23.941047|20260903035731|||0||
03.09.2026 4:00:47	Information:	Add Frame:
03.09.2026 4:00:47	Information:	OBX|6|NM|CRP|C-Reactive Protein|19.096185|mg/L|-|N|||F||19.096185|20260903035946|||0||
03.09.2026 4:00:47	Information:	Add Frame:
03.09.2026 4:00:47	Information:	OBX|7|NM|TP|Total Protein|70.757387|g/L|-|N|||F||70.757387|20260903035918|||0||
03.09.2026 4:00:47	Information:	Add Frame:
03.09.2026 4:00:47	Information:	OBX|8|NM|AMY|?-Amylase|65.319095|U/L|-|N|||F||65.319095|20260903035916|||0||
03.09.2026 4:00:47	Information:	Received bytes(encoded):0|?mol/L|-|N|||F||28.216750|20260903035916|||0||OBX|10|NM|UREA|Urea|3.741306|mmol/L|-|N|||F||3.741306|20260903035801|||0||OBX|11|NM||AST/ALT|2.233645||-|N|||F||2.233645||||||
03.09.2026 4:00:47	Information:	Add Frame:
03.09.2026 4:00:47	Information:	OBX|9|NM|CREA-S|Creatinine (Sarcosine Oxidase Method)|28.216750|?mol/L|-|N|||F||28.216750|20260903035916|||0||
03.09.2026 4:00:47	Information:	Add Frame:
03.09.2026 4:00:47	Information:	OBX|10|NM|UREA|Urea|3.741306|mmol/L|-|N|||F||3.741306|20260903035801|||0||
03.09.2026 4:00:47	Information:	Add Frame:
03.09.2026 4:00:47	Information:	OBX|11|NM||AST/ALT|2.233645||-|N|||F||2.233645||||||
03.09.2026 4:00:47	Information:	Add Frame:
03.09.2026 4:00:47	Information:	
03.09.2026 4:00:47	Debug:	read message: 3ms
03.09.2026 4:00:47	Information:	The answer message is created successfully
03.09.2026 4:00:47	Information:	Sending answer...
03.09.2026 4:00:47	Information:	We are in ORU Message
03.09.2026 4:00:47	Information:	MSH MSH|^~\&|||||20260903035947||ORU^R01|129|P|2.3.1||||0||ASCII||||
03.09.2026 4:00:47	Information:	PID PID|91|||||||O||||||||||||||||||||||||
03.09.2026 4:00:47	Information:	PatientRecord in message is successfully  processed
03.09.2026 4:00:47	Information:	The patient order is successfully processed
03.09.2026 4:00:47	Information:	The order record is successfully processed
03.09.2026 4:00:47	Information:	The order record is successfully processed
03.09.2026 4:00:47	Information:	The order record is successfully processed
03.09.2026 4:00:47	Information:	The order record is successfully processed
03.09.2026 4:00:47	Information:	The order record is successfully processed
03.09.2026 4:00:47	Information:	The order record is successfully processed
03.09.2026 4:00:47	Information:	The order record is successfully processed
03.09.2026 4:00:47	Information:	The order record is successfully processed
03.09.2026 4:00:47	Information:	The order record is successfully processed
03.09.2026 4:00:47	Information:	The order record is successfully processed
03.09.2026 4:00:47	Information:	The order record is successfully processed
03.09.2026 4:00:47	Information:	The ORU message is successfully processed
03.09.2026 4:00:47	Debug:	Process message: 8ms
03.09.2026 4:00:47	Debug:	Total time : 12ms
03.09.2026 4:00:47	Information:	Sended bytes:  11 77 83 72 124 94 126 92 38 124 77 105 110 100 114 97 121 124 124 124 124 50 48 50 54 48 57 48 51 48 52 48 48 52 55 124 124 65 67 75 94 82 48 49 124 49 50 57 124 80 124 50 46 51 46 49 124 124 124 124 48 124 124 117 115 45 97 115 99 105 105 124 124 124 13 77 83 65 124 65 65 124 49 50 57 124 77 101 115 115 97 103 101 32 97 99 99 101 112 116 101 100 124 124 124 48 124 13 28 13
03.09.2026 4:00:47	Information:	Sended string MSH|^~\&|Mindray||||20260903040047||ACK^R01|129|P|2.3.1||||0||us-ascii|||MSA|AA|129|Message accepted|||0|
03.09.2026 4:00:49	Debug:	SendResults:	check DriverRequests=	0	ms
03.09.2026 4:00:49	Information:	ByBarcode 51563075
03.09.2026 4:00:49	Information:	GetLinesByBarcodes
03.09.2026 4:00:49	Information:	{
"WorkPlaceID": 20747,
"BeginDate": "2026-06-04",
"EndDate": "2026-09-04",
"OrderNumber": "51563075",
"Offset": 0,
"Limit": 1
}


03.09.2026 4:00:49	Information:	GetByBarcodeReturn: 
03.09.2026 4:00:49	Information:	{"Data":[{"ID":31168583,"StrID":"31168583","OrderNumber":"51563075","OrderRegDate":"2026-09-03T03:33:25.21","PlanExecutionDate":"2026-09-03T03:33:00","SenderMoID":45500000000000909,"SenderMo":{"NameRU":"Некоммерческое акционерное общество \"Медицинский университет Семей\"","NameKZ":"\"Семей медицина университеті\" коммерциялық емес акционерлік қоғамы","Name":"Некоммерческое акционерное общество \"Медицинский университет Семей\"","ShortNameRU":"НАО \"МУС\"","ShortNameKZ":"\"СМУ\" КеАҚ","ShortName":"НАО \"МУС\"","PublicCode":"237J","AddressRU":"ВКО, г. Семей, ул. Абая Кунанбаева 103","AddressKZ":"ВКО, г. Семей, ул. Абая Кунанбаева 103","Address":"ВКО, г. Семей, ул. Абая Кунанбаева 103","OriginalID":"45500000000000909","IsWork":true,"RegionID":20,"BIN":"190240004938","MasterDataID":4911,"PhonesData":{"OrgHealthCarePhones":[]},"IsPostmortem":false,"IsHospital":true,"Code":null,"ID":"45500000000000909","StrID":"45500000000000909"},"ReceiverMoID":45500000000000909,"ReceiverMo":null,"PatientDetailID":41097136,"PatientDetail":{"PersonID":"2416878","Person":{"IIN":"160510502231","LastName":"ХАСАНОВ","FirstName":"БЕКЖАН","SecondName":"РИНАТҰЛЫ","FullName":"ХАСАНОВ БЕКЖАН РИНАТҰЛЫ","FullNameIOF":"БЕКЖАН РИНАТҰЛЫ ХАСАНОВ","DisplayText":"160510502231 БЕКЖАН РИНАТҰЛЫ ХАСАНОВ 10.05.2016","IinFullName":"160510502231 - ХАСАНОВ БЕКЖАН РИНАТҰЛЫ","BirthDate":"2016-05-10T00:00:00","BirthDateStr":"10.05.2016","DeathDate":null,"DeathDateStr":"","BioSexID":3,"BioSex":null,"NationalityID":null,"Nationality":null,"CitizenshipID":85,"Citizenship":null,"MasterDataID":137211082,"RpnID":"15300000034713413","KmisID":"60300000000472225","Type":1,"Age":0,"IsStillborn":false,"IsEarlyNeonatalDeathUp28days":false,"IsDeadPerson":false,"ID":"2416878","StrID":"2416878"},"AddressRU":" РЕСПУБЛИКА: Казахстан , ОБЛАСТЬ: Абайская , РАЙОН: БЕСКАРАГАЙСКИЙ, СЕЛЬСКИЙ ОКРУГ: МАЛОВЛАДИМИРОВСКИЙ, АУЛ(СЕЛО): БОЗТАЛ, УЛИЦА: НЕТ, ДОМ: 2у","AddressKZ":" : Қазақстан , Абай облысы, БЕСҚАРАҒАЙ ауданы, МАЛАЯ ВЛАДИМИРОВКА ауылды округы, БОЗТАЛ ауылы, ЖОҚ көшесі, ҮЙ: 2у","Address":" РЕСПУБЛИКА: Казахстан , ОБЛАСТЬ: Абайская , РАЙОН: БЕСКАРАГАЙСКИЙ, СЕЛЬСКИЙ ОКРУГ: МАЛОВЛАДИМИРОВСКИЙ, АУЛ(СЕЛО): БОЗТАЛ, УЛИЦА: НЕТ, ДОМ: 2у","MasterDataAddressID":2654490,"WorkPlace":null,"WorkPosition":null,"DocumentNumber":null,"DocumentTypeID":null,"DocumentType":null,"NationalityID":null,"DocumentTypeName":null,"Phones":"+77223696209","ExternalCardID":"5976458","CardType":1,"CardNumber":"67809","CitizenshipCategoryID":1,"CitizenshipCategory":null,"ResidenceTypeID":4,"ResidenceType":null,"MotherPersonID":null,"MotherPerson":null,"IsForeigner":false,"IsHomeless":false,"IsDeadPerson":false,"IsResident":true,"ID":"41097136","StrID":"41097136"},"Person":{"IIN":"160510502231","LastName":"ХАСАНОВ","FirstName":"БЕКЖАН","SecondName":"РИНАТҰЛЫ","FullName":"ХАСАНОВ БЕКЖАН РИНАТҰЛЫ","FullNameIOF":"БЕКЖАН РИНАТҰЛЫ ХАСАНОВ","DisplayText":"160510502231 БЕКЖАН РИНАТҰЛЫ ХАСАНОВ 10.05.2016","IinFullName":"160510502231 - ХАСАНОВ БЕКЖАН РИНАТҰЛЫ","BirthDate":"2016-05-10T00:00:00","BirthDateStr":"10.05.2016","DeathDate":null,"DeathDateStr":"","BioSexID":3,"BioSex":null,"NationalityID":null,"Nationality":null,"CitizenshipID":85,"Citizenship":null,"MasterDataID":137211082,"RpnID":"15300000034713413","KmisID":"60300000000472225","Type":1,"Age":0,"IsStillborn":false,"IsEarlyNeonatalDeathUp28days":false,"IsDeadPerson":false,"ID":"2416878","StrID":"2416878"},"IsCito":false,"ExternalSystem":1,"OrderResultFileID":null,"OrderResultFileStorageID":null,"OrderResultDate":null,"Status":1,"DeleteDate":null,"ResultNotes":null,"Comment":"","ExternalOrderNumber":"51563075","ExaminationTypeID":null,"ExaminationType":null,"ExaminationIndicationID":null,"ExaminationIndication":null,"Uid":"85405A0E-C690-4C93-8ED7-91D1EB2559D4","SenderPostFullName":"ТӨЛЕУҒАЗИНОВ НҰРАЙДАР БАҚЫТБЕКҰЛЫ","SenderFuncStructureNameRU":"Отделение детской хирургии ","SenderFuncStructureNameKZ":"Хирургия бөлімі","IsSamplingOfMaterialsAtReceiver":false,"MisID":42194582,"Materials":[{"OrderID":31168583,"Uid":"d67854ca-17bb-49e6-8d57-810f8d00c034","MaterialNumber":"51563075","MaterialTypeID":363,"MaterialType":{"OrderBy":0,"ParentID":202,"HasChildren":false,"MasterDataID":489,"Parent":null,"NameRU":"Кровь венозная","NameKZ":"Кровь венозная","Name":"Кровь венозная","PublicCode":"36300","EndDate":null,"ID":"363","StrID":"363"},"TakeDate":"2026-09-03T03:33:00","TakeDateStr":"03.09.2026 03:33","TakePlace":"де,хир","RejectionReason":null,"RejectionTakenMeasures":null,"ReceiptDate":null,"ReceiptDateStr":null,"RejectionCreatePostID":null,"RejectionCreatePost":null,"SampleCollectorPostIIN":"730813401452","SampleCollectorPostID":null,"Researches":[],"RejectedMaterialImageID":null,"File":null,"ID":"31455502","StrID":"31455502"}],"Researches":[]}],"Total":1}
03.09.2026 4:00:49	Information:	OrderedWW 51563075 Biomat 0 Device 20747
03.09.2026 4:00:50	Information:	ResearchResult
03.09.2026 4:00:50	Information:	{
"OrderID": "31168583",
"WorkPlaceID": 20747
}


03.09.2026 4:00:50	Information:	[{"OrderResearchID":67171537,"OrderResearch":null,"ParameterID":200918,"Parameter":{"ShortNameRU":"общий белок в сыворотке крови","ShortNameKZ":"қан сарысуындағы жалпы ақуыз","ShortName":"общий белок в сыворотке крови","DataType":0,"DataTypeName":"Число","UnitTypeID":100012,"UnitType":{"OrderBy":13,"MasterDataID":null,"CDD_ID":null,"NameRU":"г/л","NameKZ":"г/л","Name":"г/л","PublicCode":"10001200","EndDate":null,"ID":"100012","StrID":"100012"},"MedicalFormID":null,"MasterDataID":0,"MedicalForm":null,"NameWithDataType":"общий белок в сыворотке крови  (Число)","NameRU":"общий белок в сыворотке крови","NameKZ":"қан сарысуындағы жалпы ақуыз","Name":"общий белок в сыворотке крови","PublicCode":"20091800","EndDate":null,"ID":"200918","StrID":"200918"},"ParameterValues":null,"ParameterValueID":null,"ParameterValue":null,"ResultText":null,"ResultValue":null,"ResultDate":"2026-09-03T04:00:50.2482764+05:00","PostID":"0","Post":null,"ExecuteMethod":2,"SourceResultText":null,"SourceResultValue":null,"SourceResultExpression":null,"SourceUnitTypeID":100012,"SourceUnitType":{"OrderBy":13,"MasterDataID":null,"CDD_ID":null,"NameRU":"г/л","NameKZ":"г/л","Name":"г/л","PublicCode":"10001200","EndDate":null,"ID":"100012","StrID":"100012"},"MultiplierID":null,"IsApproved":false,"IsValidated":false,"StandardMatchType":0,"ApproveDate":null,"ApprovePostID":null,"ApprovePost":null,"OrderNum":1,"WorkPlaceID":20747,"OrderID":null,"BacteriologyResult":null,"AnalyzerId":null,"IsOrderProductionControl":false,"ID":"0","StrID":"0"},{"OrderResearchID":67171539,"OrderResearch":null,"ParameterID":200357,"Parameter":{"ShortNameRU":"АЛаТ","ShortNameKZ":"АЛаТ","ShortName":"АЛаТ","DataType":0,"DataTypeName":"Число","UnitTypeID":100030,"UnitType":{"OrderBy":31,"MasterDataID":null,"CDD_ID":null,"NameRU":"МЕ/л","NameKZ":"ХБ/л","Name":"МЕ/л","PublicCode":"10003000","EndDate":null,"ID":"100030","StrID":"100030"},"MedicalFormID":null,"MasterDataID":0,"MedicalForm":null,"NameWithDataType":"АЛаТ  (Число)","NameRU":"АЛаТ","NameKZ":"АЛаТ","Name":"АЛаТ","PublicCode":"20035700","EndDate":null,"ID":"200357","StrID":"200357"},"ParameterValues":null,"ParameterValueID":null,"ParameterValue":null,"ResultText":null,"ResultValue":null,"ResultDate":"2026-09-03T04:00:50.2482764+05:00","PostID":"0","Post":null,"ExecuteMethod":2,"SourceResultText":null,"SourceResultValue":null,"SourceResultExpression":null,"SourceUnitTypeID":100030,"SourceUnitType":{"OrderBy":31,"MasterDataID":null,"CDD_ID":null,"NameRU":"МЕ/л","NameKZ":"ХБ/л","Name":"МЕ/л","PublicCode":"10003000","EndDate":null,"ID":"100030","StrID":"100030"},"MultiplierID":null,"IsApproved":false,"IsValidated":false,"StandardMatchType":0,"ApproveDate":null,"ApprovePostID":null,"ApprovePost":null,"OrderNum":1,"WorkPlaceID":20747,"OrderID":null,"BacteriologyResult":null,"AnalyzerId":null,"IsOrderProductionControl":false,"ID":"0","StrID":"0"},{"OrderResearchID":67171542,"OrderResearch":null,"ParameterID":201032,"Parameter":{"ShortNameRU":"прямой билирубин в сыворотке крови","ShortNameKZ":"қан сарысуындағы тікелей билирубин","ShortName":"прямой билирубин в сыворотке крови","DataType":0,"DataTypeName":"Число","UnitTypeID":100041,"UnitType":{"OrderBy":42,"MasterDataID":null,"CDD_ID":null,"NameRU":"мкмоль/л","NameKZ":"мкмоль/л","Name":"мкмоль/л","PublicCode":"10004100","EndDate":null,"ID":"100041","StrID":"100041"},"MedicalFormID":null,"MasterDataID":0,"MedicalForm":null,"NameWithDataType":"прямой билирубин в сыворотке крови  (Число)","NameRU":"прямой билирубин в сыворотке крови","NameKZ":"қан сарысуындағы тікелей билирубин","Name":"прямой билирубин в сыворотке крови","PublicCode":"20103200","EndDate":null,"ID":"201032","StrID":"201032"},"ParameterValues":null,"ParameterValueID":null,"ParameterValue":null,"ResultText":null,"ResultValue":null,"ResultDate":"2026-09-03T04:00:50.2537832+05:00","PostID":"0","Post":null,"ExecuteMethod":2,"SourceResultText":null,"SourceResultValue":null,"SourceResultExpression":null,"SourceUnitTypeID":100041,"SourceUnitType":{"OrderBy":42,"MasterDataID":null,"CDD_ID":null,"NameRU":"мкмоль/л","NameKZ":"мкмоль/л","Name":"мкмоль/л","PublicCode":"10004100","EndDate":null,"ID":"100041","StrID":"100041"},"MultiplierID":null,"IsApproved":false,"IsValidated":false,"StandardMatchType":0,"ApproveDate":null,"ApprovePostID":null,"ApprovePost":null,"OrderNum":1,"WorkPlaceID":20747,"OrderID":null,"BacteriologyResult":null,"AnalyzerId":null,"IsOrderProductionControl":false,"ID":"0","StrID":"0"},{"OrderResearchID":67171540,"OrderResearch":null,"ParameterID":200919,"Parameter":{"ShortNameRU":"общий билирубин в сыворотке крови","ShortNameKZ":"қан сарысуындағы жалпы билирубин","ShortName":"общий билирубин в сыворотке крови","DataType":0,"DataTypeName":"Число","UnitTypeID":100041,"UnitType":{"OrderBy":42,"MasterDataID":null,"CDD_ID":null,"NameRU":"мкмоль/л","NameKZ":"мкмоль/л","Name":"мкмоль/л","PublicCode":"10004100","EndDate":null,"ID":"100041","StrID":"100041"},"MedicalFormID":null,"MasterDataID":0,"MedicalForm":null,"NameWithDataType":"общий билирубин в сыворотке крови  (Число)","NameRU":"общий билирубин в сыворотке крови","NameKZ":"қан сарысуындағы жалпы билирубин","Name":"общий билирубин в сыворотке крови","PublicCode":"20091900","EndDate":null,"ID":"200919","StrID":"200919"},"ParameterValues":null,"ParameterValueID":null,"ParameterValue":null,"ResultText":null,"ResultValue":null,"ResultDate":"2026-09-03T04:00:50.2537832+05:00","PostID":"0","Post":null,"ExecuteMethod":2,"SourceResultText":null,"SourceResultValue":null,"SourceResultExpression":null,"SourceUnitTypeID":100041,"SourceUnitType":{"OrderBy":42,"MasterDataID":null,"CDD_ID":null,"NameRU":"мкмоль/л","NameKZ":"мкмоль/л","Name":"мкмоль/л","PublicCode":"10004100","EndDate":null,"ID":"100041","StrID":"100041"},"MultiplierID":null,"IsApproved":false,"IsValidated":false,"StandardMatchType":0,"ApproveDate":null,"ApprovePostID":null,"ApprovePost":null,"OrderNum":1,"WorkPlaceID":20747,"OrderID":null,"BacteriologyResult":null,"AnalyzerId":null,"IsOrderProductionControl":false,"ID":"0","StrID":"0"},{"OrderResearchID":67171543,"OrderResearch":null,"ParameterID":200408,"Parameter":{"ShortNameRU":"АСаТ","ShortNameKZ":"АСаТ","ShortName":"АСаТ","DataType":0,"DataTypeName":"Число","UnitTypeID":100030,"UnitType":{"OrderBy":31,"MasterDataID":null,"CDD_ID":null,"NameRU":"МЕ/л","NameKZ":"ХБ/л","Name":"МЕ/л","PublicCode":"10003000","EndDate":null,"ID":"100030","StrID":"100030"},"MedicalFormID":null,"MasterDataID":0,"MedicalForm":null,"NameWithDataType":"АСаТ  (Число)","NameRU":"АСаТ","NameKZ":"АСаТ","Name":"АСаТ","PublicCode":"20040800","EndDate":null,"ID":"200408","StrID":"200408"},"ParameterValues":null,"ParameterValueID":null,"ParameterValue":null,"ResultText":null,"ResultValue":null,"ResultDate":"2026-09-03T04:00:50.2582905+05:00","PostID":"0","Post":null,"ExecuteMethod":2,"SourceResultText":null,"SourceResultValue":null,"SourceResultExpression":null,"SourceUnitTypeID":100030,"SourceUnitType":{"OrderBy":31,"MasterDataID":null,"CDD_ID":null,"NameRU":"МЕ/л","NameKZ":"ХБ/л","Name":"МЕ/л","PublicCode":"10003000","EndDate":null,"ID":"100030","StrID":"100030"},"MultiplierID":null,"IsApproved":false,"IsValidated":false,"StandardMatchType":0,"ApproveDate":null,"ApprovePostID":null,"ApprovePost":null,"OrderNum":1,"WorkPlaceID":20747,"OrderID":null,"BacteriologyResult":null,"AnalyzerId":null,"IsOrderProductionControl":false,"ID":"0","StrID":"0"},{"OrderResearchID":67171544,"OrderResearch":null,"ParameterID":200549,"Parameter":{"ShortNameRU":"глюкоза в сыворотке крови","ShortNameKZ":"қан сарысуындағы глюкоза","ShortName":"глюкоза в сыворотке крови","DataType":0,"DataTypeName":"Число","UnitTypeID":100051,"UnitType":{"OrderBy":52,"MasterDataID":null,"CDD_ID":null,"NameRU":"ммоль/л","NameKZ":"ммоль/л","Name":"ммоль/л","PublicCode":"10005100","EndDate":null,"ID":"100051","StrID":"100051"},"MedicalFormID":null,"MasterDataID":0,"MedicalForm":null,"NameWithDataType":"глюкоза в сыворотке крови  (Число)","NameRU":"глюкоза в сыворотке крови","NameKZ":"қан сарысуындағы глюкоза","Name":"глюкоза в сыворотке крови","PublicCode":"20054900","EndDate":null,"ID":"200549","StrID":"200549"},"ParameterValues":null,"ParameterValueID":null,"ParameterValue":null,"ResultText":null,"ResultValue":null,"ResultDate":"2026-09-03T04:00:50.2622937+05:00","PostID":"0","Post":null,"ExecuteMethod":2,"SourceResultText":null,"SourceResultValue":null,"SourceResultExpression":null,"SourceUnitTypeID":100051,"SourceUnitType":{"OrderBy":52,"MasterDataID":null,"CDD_ID":null,"NameRU":"ммоль/л","NameKZ":"ммоль/л","Name":"ммоль/л","PublicCode":"10005100","EndDate":null,"ID":"100051","StrID":"100051"},"MultiplierID":null,"IsApproved":false,"IsValidated":false,"StandardMatchType":0,"ApproveDate":null,"ApprovePostID":null,"ApprovePost":null,"OrderNum":1,"WorkPlaceID":20747,"OrderID":null,"BacteriologyResult":null,"AnalyzerId":null,"IsOrderProductionControl":false,"ID":"0","StrID":"0"},{"OrderResearchID":67171545,"OrderResearch":null,"ParameterID":200852,"Parameter":{"ShortNameRU":"мочевина в сыворотке крови","ShortNameKZ":"қан сарысуындағы несепнәр","ShortName":"мочевина в сыворотке крови","DataType":0,"DataTypeName":"Число","UnitTypeID":100051,"UnitType":{"OrderBy":52,"MasterDataID":null,"CDD_ID":null,"NameRU":"ммоль/л","NameKZ":"ммоль/л","Name":"ммоль/л","PublicCode":"10005100","EndDate":null,"ID":"100051","StrID":"100051"},"MedicalFormID":null,"MasterDataID":0,"MedicalForm":null,"NameWithDataType":"мочевина в сыворотке крови  (Число)","NameRU":"мочевина в сыворотке крови","NameKZ":"қан сарысуындағы несепнәр","Name":"мочевина в сыворотке крови","PublicCode":"20085200","EndDate":null,"ID":"200852","StrID":"200852"},"ParameterValues":null,"ParameterValueID":null,"ParameterValue":null,"ResultText":null,"ResultValue":null,"ResultDate":"2026-09-03T04:00:50.2649346+05:00","PostID":"0","Post":null,"ExecuteMethod":2,"SourceResultText":null,"SourceResultValue":null,"SourceResultExpression":null,"SourceUnitTypeID":100051,"SourceUnitType":{"OrderBy":52,"MasterDataID":null,"CDD_ID":null,"NameRU":"ммоль/л","NameKZ":"ммоль/л","Name":"ммоль/л","PublicCode":"10005100","EndDate":null,"ID":"100051","StrID":"100051"},"MultiplierID":null,"IsApproved":false,"IsValidated":false,"StandardMatchType":0,"ApproveDate":null,"ApprovePostID":null,"ApprovePost":null,"OrderNum":1,"WorkPlaceID":20747,"OrderID":null,"BacteriologyResult":null,"AnalyzerId":null,"IsOrderProductionControl":false,"ID":"0","StrID":"0"},{"OrderResearchID":67171538,"OrderResearch":null,"ParameterID":200744,"Parameter":{"ShortNameRU":"креатинин в крови","ShortNameKZ":"қандағы креатинин","ShortName":"креатинин в крови","DataType":0,"DataTypeName":"Число","UnitTypeID":100041,"UnitType":{"OrderBy":42,"MasterDataID":null,"CDD_ID":null,"NameRU":"мкмоль/л","NameKZ":"мкмоль/л","Name":"мкмоль/л","PublicCode":"10004100","EndDate":null,"ID":"100041","StrID":"100041"},"MedicalFormID":null,"MasterDataID":0,"MedicalForm":null,"NameWithDataType":"креатинин в крови  (Число)","NameRU":"креатинин в крови","NameKZ":"қандағы креатинин","Name":"креатинин в крови","PublicCode":"20074400","EndDate":null,"ID":"200744","StrID":"200744"},"ParameterValues":null,"ParameterValueID":null,"ParameterValue":null,"ResultText":null,"ResultValue":null,"ResultDate":"2026-09-03T04:00:50.2678187+05:00","PostID":"0","Post":null,"ExecuteMethod":2,"SourceResultText":null,"SourceResultValue":null,"SourceResultExpression":null,"SourceUnitTypeID":100041,"SourceUnitType":{"OrderBy":42,"MasterDataID":null,"CDD_ID":null,"NameRU":"мкмоль/л","NameKZ":"мкмоль/л","Name":"мкмоль/л","PublicCode":"10004100","EndDate":null,"ID":"100041","StrID":"100041"},"MultiplierID":null,"IsApproved":false,"IsValidated":false,"StandardMatchType":0,"ApproveDate":null,"ApprovePostID":null,"ApprovePost":null,"OrderNum":1,"WorkPlaceID":20747,"OrderID":null,"BacteriologyResult":null,"AnalyzerId":null,"IsOrderProductionControl":false,"ID":"0","StrID":"0"}]
03.09.2026 4:00:50	Information:	TestsWW spec 200918, spec 200357, spec 201032, spec 200919, spec 200408, spec 200549, spec 200852, spec 200744, 
03.09.2026 4:00:50	Information:	Querry lines count: 1
03.09.2026 4:00:50	Debug:	SendResults:	fix DriverRequests=	552	ms
03.09.2026 4:00:50	Information:	SAMPLE! 51563075 DeviceDriverResult Sample: 51563075 Suggest: . Do Request True
03.09.2026 4:00:50	Information:	Sample request count: 1
03.09.2026 4:00:50	Information:	MU is mmol/L
03.09.2026 4:00:50	Information:	Driver Collations count 0
03.09.2026 4:00:50	Information:	MU collations count=0
03.09.2026 4:00:50	Information:	MU is ?mol/L
03.09.2026 4:00:50	Information:	Driver Collations count 0
03.09.2026 4:00:50	Information:	MU collations count=0
03.09.2026 4:00:50	Information:	MU is ?mol/L
03.09.2026 4:00:50	Information:	Driver Collations count 0
03.09.2026 4:00:50	Information:	MU collations count=0
03.09.2026 4:00:50	Information:	MU is U/L
03.09.2026 4:00:50	Information:	Driver Collations count 0
03.09.2026 4:00:50	Information:	MU collations count=0
03.09.2026 4:00:50	Information:	MU is U/L
03.09.2026 4:00:50	Information:	Driver Collations count 0
03.09.2026 4:00:50	Information:	MU collations count=0
03.09.2026 4:00:50	Information:	MU is g/L
03.09.2026 4:00:50	Information:	Driver Collations count 0
03.09.2026 4:00:50	Information:	MU collations count=0
03.09.2026 4:00:50	Information:	MU is ?mol/L
03.09.2026 4:00:50	Information:	Driver Collations count 0
03.09.2026 4:00:50	Information:	MU collations count=0
03.09.2026 4:00:50	Information:	MU is mmol/L
03.09.2026 4:00:50	Information:	Driver Collations count 0
03.09.2026 4:00:50	Information:	MU collations count=0
03.09.2026 4:00:50	Debug:	SendResults:	SetTestsValues first SetTestsValues=	71	ms
03.09.2026 4:00:50	Debug:	SendResults:	Device Total = 627 ms
03.09.2026 4:00:50	Information:	Saving 51563075
03.09.2026 4:00:50	Information:	Start test result saving
03.09.2026 4:00:50	Information:	Result object to save: 
03.09.2026 4:00:50	Information:	{"OrderResearchID":67171537,"OrderResearch":null,"ParameterID":200918,"Parameter":{"ShortNameRU":"общий белок в сыворотке крови","ShortNameKZ":"қан сарысуындағы жалпы ақуыз","ShortName":"общий белок в сыворотке крови","DataType":0,"DataTypeName":"Число","UnitTypeID":100012,"UnitType":{"NameRU":"г/л","NameKZ":"г/л","Name":"г/л","PublicCode":"10001200","OrderBy":13,"ID":100012,"StrID":"100012"},"MedicalFormID":null,"MedicalForm":null,"NameRU":"общий белок в сыворотке крови","NameKZ":"қан сарысуындағы жалпы ақуыз","Name":"общий белок в сыворотке крови","PublicCode":"20091800","OrderBy":null,"ID":200918,"StrID":"200918"},"ParameterValueID":null,"ParameterValue":null,"ResultText":"70.76","ResultValue":null,"ResultDate":"2026-09-03T04:00:50.2482764+05:00","PostID":0,"Post":null,"ExecuteMethod":2,"SourceResultText":"70.76","SourceResultValue":null,"SourceResultExpression":null,"SourceUnitTypeID":100012,"SourceUnitType":{"NameRU":"г/л","NameKZ":"г/л","Name":"г/л","PublicCode":"10001200","OrderBy":13,"ID":100012,"StrID":"100012"},"IsApproved":false,"ApproveDate":null,"ApprovePostID":null,"ApprovePost":null,"OrderNum":1,"WorkPlaceID":20747,"DriverManagerID":150,"BacteriologyResult":null,"AnalyzerId":38,"IsOrderProductionControl":false,"ID":0,"StrID":"0"}
03.09.2026 4:00:50	Information:	Save string: 
03.09.2026 4:00:50	Information:	{"OrderResearchID":67171537,"OrderResearch":{"OrderID":31168583,"ServiceMoID":2163201,"ServiceMoMasterDataID":8269447,"ServiceMo":{"OrgHealthCareID":"45500000000000909","ServiceID":236,"NameRU":"Определение общего белка в сыворотке крови на анализаторе","NameKZ":"Қан сарысуындағы жалпы нәруызды талдауышта анықтау ","Name":"Определение общего белка в сыворотке крови на анализаторе","ShortNameRU":"Определение общего белка в сыворотке крови на анализаторе","ShortNameKZ":"Қан сарысуындағы жалпы нәруызды талдауышта анықтау ","ShortName":"Определение общего белка в сыворотке крови на анализаторе","FullName":"B03.397.002 - Определение общего белка в сыворотке крови на анализаторе","Code":"B03.397.002","ExternalCode":null,"ServiceClassID":5,"ServiceClass":{"ServiceTypeID":2,"OrderBy":5,"MasterDataID":5,"NameRU":"Клиническая химия (биохимия)","NameKZ":"Клиникалық химия (биохимия)","Name":"Клиническая химия (биохимия)","PublicCode":"500","EndDate":null,"ID":"5","StrID":"5"},"Service":{"NameRU":"Определение общего белка в сыворотке крови на анализаторе","NameKZ":"Қан сарысуындағы жалпы нәруызды талдауышта анықтау","Name":"Определение общего белка в сыворотке крови на анализаторе","ShortNameRU":"Общий белок на анализаторе","ShortNameKZ":"Общий белок на анализаторе","ShortName":"Общий белок на анализаторе","FullName":"B03.397.002 - Определение общего белка в сыворотке крови на анализаторе","Code":"B03.397.002","ServiceClassID":5,"ServiceClass":null,"ServiceSubClassID":6,"ServiceSubClass":null,"MaterialTypeID":202,"MaterialType":null,"MasterDataID":3079,"ID":"236","StrID":"236"},"MasterDataID":8269447,"ServiceSubClassID":6,"PayType":1,"ServiceSubClass":null,"ID":"2163201","StrID":"2163201"},"FullName":"B03.397.002 - Определение общего белка в сыворотке крови на анализаторе  () ","IsMain":true,"SourceID":"145167071_34028035","WorkPlaceID":20747,"WorkPlace":null,"DriverManager":null,"ParameterID":null,"Parameter":null,"AdditionalInfo":null,"Status":1,"PerformetServiceCount":7,"ResearchResultCount":0,"ApproveResearchResultCount":0,"NotSaveResearchResultCount":0,"ParentID":null,"ScreeningCandidatePlanGuid":null,"ScreeningUrl":null,"TakePlace":null,"MaterialTypeID":null,"MaterialType":null,"PartCount":0,"IsOrderProductionControl":false,"Uid":"8bcc9e82-af43-4657-b5f0-f8f9c41203b9","OrderPerformerServices":[],"OrderResearchAllergens":[],"Results":[],"IsResumed":false,"ExecutionType":0,"ID":"67171537","StrID":"67171537"},"ParameterID":200918,"Parameter":{"ShortNameRU":"общий белок в сыворотке крови","ShortNameKZ":"қан сарысуындағы жалпы ақуыз","ShortName":"общий белок в сыворотке крови","DataType":0,"DataTypeName":"Число","UnitTypeID":100012,"UnitType":null,"MedicalFormID":null,"MasterDataID":0,"MedicalForm":null,"NameWithDataType":"общий белок в сыворотке крови  (Число)","NameRU":"общий белок в сыворотке крови","NameKZ":"қан сарысуындағы жалпы ақуыз","Name":"общий белок в сыворотке крови","PublicCode":"20091800","EndDate":null,"ID":"200918","StrID":"200918"},"ParameterValues":null,"ParameterValueID":null,"ParameterValue":null,"ResultText":"70.76","ResultValue":"70.76","ResultDate":"2026-09-03T04:00:50.4799678+05:00","PostID":"189416","Post":null,"ExecuteMethod":2,"SourceResultText":"70.76","SourceResultValue":"70.76","SourceResultExpression":null,"SourceUnitTypeID":100012,"SourceUnitType":{"OrderBy":13,"MasterDataID":null,"CDD_ID":null,"NameRU":"г/л","NameKZ":"г/л","Name":"г/л","PublicCode":"10001200","EndDate":null,"ID":"100012","StrID":"100012"},"MultiplierID":null,"IsApproved":false,"IsValidated":false,"StandardMatchType":0,"ApproveDate":null,"ApprovePostID":null,"ApprovePost":null,"OrderNum":1,"WorkPlaceID":20747,"OrderID":null,"BacteriologyResult":null,"AnalyzerId":38,"IsOrderProductionControl":false,"ID":"207450893","StrID":"207450893"}
03.09.2026 4:00:50	Information:	Result object to save: 
03.09.2026 4:00:50	Information:	{"OrderResearchID":67171539,"OrderResearch":null,"ParameterID":200357,"Parameter":{"ShortNameRU":"АЛаТ","ShortNameKZ":"АЛаТ","ShortName":"АЛаТ","DataType":0,"DataTypeName":"Число","UnitTypeID":100030,"UnitType":{"NameRU":"МЕ/л","NameKZ":"ХБ/л","Name":"МЕ/л","PublicCode":"10003000","OrderBy":31,"ID":100030,"StrID":"100030"},"MedicalFormID":null,"MedicalForm":null,"NameRU":"АЛаТ","NameKZ":"АЛаТ","Name":"АЛаТ","PublicCode":"20035700","OrderBy":null,"ID":200357,"StrID":"200357"},"ParameterValueID":null,"ParameterValue":null,"ResultText":"10.67","ResultValue":null,"ResultDate":"2026-09-03T04:00:50.2482764+05:00","PostID":0,"Post":null,"ExecuteMethod":2,"SourceResultText":"10.67","SourceResultValue":null,"SourceResultExpression":null,"SourceUnitTypeID":100030,"SourceUnitType":{"NameRU":"МЕ/л","NameKZ":"ХБ/л","Name":"МЕ/л","PublicCode":"10003000","OrderBy":31,"ID":100030,"StrID":"100030"},"IsApproved":false,"ApproveDate":null,"ApprovePostID":null,"ApprovePost":null,"OrderNum":1,"WorkPlaceID":20747,"DriverManagerID":150,"BacteriologyResult":null,"AnalyzerId":38,"IsOrderProductionControl":false,"ID":0,"StrID":"0"}
03.09.2026 4:00:50	Information:	Save string: 
03.09.2026 4:00:50	Information:	{"OrderResearchID":67171539,"OrderResearch":{"OrderID":31168583,"ServiceMoID":2163576,"ServiceMoMasterDataID":8269462,"ServiceMo":{"OrgHealthCareID":"45500000000000909","ServiceID":253,"NameRU":"Определение аланинаминотрансферазы (АЛаТ) в сыворотке крови на анализаторе","NameKZ":"Қан сарысуындағы аланинаминотрансферазды (АЛаТ) талдауышта анықтау ","Name":"Определение аланинаминотрансферазы (АЛаТ) в сыворотке крови на анализаторе","ShortNameRU":"Определение аланинаминотрансферазы (АЛаТ) в сыворотке крови на анализаторе","ShortNameKZ":"Қан сарысуындағы аланинаминотрансферазды (АЛаТ) талдауышта анықтау ","ShortName":"Определение аланинаминотрансферазы (АЛаТ) в сыворотке крови на анализаторе","FullName":"B03.155.002 - Определение аланинаминотрансферазы (АЛаТ) в сыворотке крови на анализаторе","Code":"B03.155.002","ExternalCode":null,"ServiceClassID":5,"ServiceClass":{"ServiceTypeID":2,"OrderBy":5,"MasterDataID":5,"NameRU":"Клиническая химия (биохимия)","NameKZ":"Клиникалық химия (биохимия)","Name":"Клиническая химия (биохимия)","PublicCode":"500","EndDate":null,"ID":"5","StrID":"5"},"Service":{"NameRU":"Определение аланинаминотрансферазы (АЛаТ) в сыворотке крови на анализаторе","NameKZ":"Қан сарысуындағы аланинаминотрансферазды (АЛаТ) талдауышта анықтау","Name":"Определение аланинаминотрансферазы (АЛаТ) в сыворотке крови на анализаторе","ShortNameRU":"АЛаТ на анализаторе","ShortNameKZ":"АЛаТ на анализаторе","ShortName":"АЛаТ на анализаторе","FullName":"B03.155.002 - Определение аланинаминотрансферазы (АЛаТ) в сыворотке крови на анализаторе","Code":"B03.155.002","ServiceClassID":5,"ServiceClass":null,"ServiceSubClassID":6,"ServiceSubClass":null,"MaterialTypeID":202,"MaterialType":null,"MasterDataID":3094,"ID":"253","StrID":"253"},"MasterDataID":8269462,"ServiceSubClassID":6,"PayType":1,"ServiceSubClass":null,"ID":"2163576","StrID":"2163576"},"FullName":"B03.155.002 - Определение аланинаминотрансферазы (АЛаТ) в сыворотке крови на анализаторе  () ","IsMain":true,"SourceID":"145167071_34028039","WorkPlaceID":20747,"WorkPlace":null,"DriverManager":null,"ParameterID":null,"Parameter":null,"AdditionalInfo":null,"Status":1,"PerformetServiceCount":9,"ResearchResultCount":0,"ApproveResearchResultCount":0,"NotSaveResearchResultCount":0,"ParentID":null,"ScreeningCandidatePlanGuid":null,"ScreeningUrl":null,"TakePlace":null,"MaterialTypeID":null,"MaterialType":null,"PartCount":0,"IsOrderProductionControl":false,"Uid":"d91c9699-7202-418c-987a-dccc372f6a5c","OrderPerformerServices":[],"OrderResearchAllergens":[],"Results":[],"IsResumed":false,"ExecutionType":0,"ID":"67171539","StrID":"67171539"},"ParameterID":200357,"Parameter":{"ShortNameRU":"АЛаТ","ShortNameKZ":"АЛаТ","ShortName":"АЛаТ","DataType":0,"DataTypeName":"Число","UnitTypeID":100030,"UnitType":null,"MedicalFormID":null,"MasterDataID":0,"MedicalForm":null,"NameWithDataType":"АЛаТ  (Число)","NameRU":"АЛаТ","NameKZ":"АЛаТ","Name":"АЛаТ","PublicCode":"20035700","EndDate":null,"ID":"200357","StrID":"200357"},"ParameterValues":null,"ParameterValueID":null,"ParameterValue":null,"ResultText":"10.67","ResultValue":"10.67","ResultDate":"2026-09-03T04:00:50.7151375+05:00","PostID":"189416","Post":null,"ExecuteMethod":2,"SourceResultText":"10.67","SourceResultValue":"10.67","SourceResultExpression":null,"SourceUnitTypeID":100030,"SourceUnitType":{"OrderBy":31,"MasterDataID":null,"CDD_ID":null,"NameRU":"МЕ/л","NameKZ":"ХБ/л","Name":"МЕ/л","PublicCode":"10003000","EndDate":null,"ID":"100030","StrID":"100030"},"MultiplierID":null,"IsApproved":false,"IsValidated":false,"StandardMatchType":0,"ApproveDate":null,"ApprovePostID":null,"ApprovePost":null,"OrderNum":1,"WorkPlaceID":20747,"OrderID":null,"BacteriologyResult":null,"AnalyzerId":38,"IsOrderProductionControl":false,"ID":"207450894","StrID":"207450894"}
03.09.2026 4:00:50	Information:	Result object to save: 
03.09.2026 4:00:50	Information:	{"OrderResearchID":67171542,"OrderResearch":null,"ParameterID":201032,"Parameter":{"ShortNameRU":"прямой билирубин в сыворотке крови","ShortNameKZ":"қан сарысуындағы тікелей билирубин","ShortName":"прямой билирубин в сыворотке крови","DataType":0,"DataTypeName":"Число","UnitTypeID":100041,"UnitType":{"NameRU":"мкмоль/л","NameKZ":"мкмоль/л","Name":"мкмоль/л","PublicCode":"10004100","OrderBy":42,"ID":100041,"StrID":"100041"},"MedicalFormID":null,"MedicalForm":null,"NameRU":"прямой билирубин в сыворотке крови","NameKZ":"қан сарысуындағы тікелей билирубин","Name":"прямой билирубин в сыворотке крови","PublicCode":"20103200","OrderBy":null,"ID":201032,"StrID":"201032"},"ParameterValueID":null,"ParameterValue":null,"ResultText":"3.65","ResultValue":null,"ResultDate":"2026-09-03T04:00:50.2537832+05:00","PostID":0,"Post":null,"ExecuteMethod":2,"SourceResultText":"3.65","SourceResultValue":null,"SourceResultExpression":null,"SourceUnitTypeID":100041,"SourceUnitType":{"NameRU":"мкмоль/л","NameKZ":"мкмоль/л","Name":"мкмоль/л","PublicCode":"10004100","OrderBy":42,"ID":100041,"StrID":"100041"},"IsApproved":false,"ApproveDate":null,"ApprovePostID":null,"ApprovePost":null,"OrderNum":1,"WorkPlaceID":20747,"DriverManagerID":150,"BacteriologyResult":null,"AnalyzerId":38,"IsOrderProductionControl":false,"ID":0,"StrID":"0"}
03.09.2026 4:00:50	Information:	Save string: 
03.09.2026 4:00:50	Information:	{"OrderResearchID":67171542,"OrderResearch":{"OrderID":31168583,"ServiceMoID":2163601,"ServiceMoMasterDataID":8269463,"ServiceMo":{"OrgHealthCareID":"45500000000000909","ServiceID":254,"NameRU":"Определение прямого билирубина в сыворотке крови на анализаторе","NameKZ":"Қан сарысуындағы тікелей  билирубинді талдауышта анықтау ","Name":"Определение прямого билирубина в сыворотке крови на анализаторе","ShortNameRU":"Определение прямого билирубина в сыворотке крови на анализаторе","ShortNameKZ":"Қан сарысуындағы тікелей  билирубинді талдауышта анықтау ","ShortName":"Определение прямого билирубина в сыворотке крови на анализаторе","FullName":"B03.435.002 - Определение прямого билирубина в сыворотке крови на анализаторе","Code":"B03.435.002","ExternalCode":null,"ServiceClassID":5,"ServiceClass":{"ServiceTypeID":2,"OrderBy":5,"MasterDataID":5,"NameRU":"Клиническая химия (биохимия)","NameKZ":"Клиникалық химия (биохимия)","Name":"Клиническая химия (биохимия)","PublicCode":"500","EndDate":null,"ID":"5","StrID":"5"},"Service":{"NameRU":"Определение прямого билирубина в сыворотке крови на анализаторе","NameKZ":"Қан сарысуындағы тікелей билирубинді талдауышта анықтау","Name":"Определение прямого билирубина в сыворотке крови на анализаторе","ShortNameRU":"Прямой Bi на анализаторе","ShortNameKZ":"Прямой Bi на анализаторе","ShortName":"Прямой Bi на анализаторе","FullName":"B03.435.002 - Определение прямого билирубина в сыворотке крови на анализаторе","Code":"B03.435.002","ServiceClassID":5,"ServiceClass":null,"ServiceSubClassID":6,"ServiceSubClass":null,"MaterialTypeID":202,"MaterialType":null,"MasterDataID":3095,"ID":"254","StrID":"254"},"MasterDataID":8269463,"ServiceSubClassID":6,"PayType":1,"ServiceSubClass":null,"ID":"2163601","StrID":"2163601"},"FullName":"B03.435.002 - Определение прямого билирубина в сыворотке крови на анализаторе  () ","IsMain":true,"SourceID":"145167071_34028042","WorkPlaceID":20747,"WorkPlace":null,"DriverManager":null,"ParameterID":null,"Parameter":null,"AdditionalInfo":null,"Status":1,"PerformetServiceCount":7,"ResearchResultCount":0,"ApproveResearchResultCount":0,"NotSaveResearchResultCount":0,"ParentID":null,"ScreeningCandidatePlanGuid":null,"ScreeningUrl":null,"TakePlace":null,"MaterialTypeID":null,"MaterialType":null,"PartCount":0,"IsOrderProductionControl":false,"Uid":"bf8ca29c-6cba-4a00-88b6-812498fb22ca","OrderPerformerServices":[],"OrderResearchAllergens":[],"Results":[],"IsResumed":false,"ExecutionType":0,"ID":"67171542","StrID":"67171542"},"ParameterID":201032,"Parameter":{"ShortNameRU":"прямой билирубин в сыворотке крови","ShortNameKZ":"қан сарысуындағы тікелей билирубин","ShortName":"прямой билирубин в сыворотке крови","DataType":0,"DataTypeName":"Число","UnitTypeID":100041,"UnitType":null,"MedicalFormID":null,"MasterDataID":0,"MedicalForm":null,"NameWithDataType":"прямой билирубин в сыворотке крови  (Число)","NameRU":"прямой билирубин в сыворотке крови","NameKZ":"қан сарысуындағы тікелей билирубин","Name":"прямой билирубин в сыворотке крови","PublicCode":"20103200","EndDate":null,"ID":"201032","StrID":"201032"},"ParameterValues":null,"ParameterValueID":null,"ParameterValue":null,"ResultText":"3.65","ResultValue":"3.65","ResultDate":"2026-09-03T04:00:50.7784346+05:00","PostID":"189416","Post":null,"ExecuteMethod":2,"SourceResultText":"3.65","SourceResultValue":"3.65","SourceResultExpression":null,"SourceUnitTypeID":100041,"SourceUnitType":{"OrderBy":42,"MasterDataID":null,"CDD_ID":null,"NameRU":"мкмоль/л","NameKZ":"мкмоль/л","Name":"мкмоль/л","PublicCode":"10004100","EndDate":null,"ID":"100041","StrID":"100041"},"MultiplierID":null,"IsApproved":false,"IsValidated":false,"StandardMatchType":0,"ApproveDate":null,"ApprovePostID":null,"ApprovePost":null,"OrderNum":1,"WorkPlaceID":20747,"OrderID":null,"BacteriologyResult":null,"AnalyzerId":38,"IsOrderProductionControl":false,"ID":"207450895","StrID":"207450895"}
03.09.2026 4:00:50	Information:	Result object to save: 
03.09.2026 4:00:50	Information:	{"OrderResearchID":67171540,"OrderResearch":null,"ParameterID":200919,"Parameter":{"ShortNameRU":"общий билирубин в сыворотке крови","ShortNameKZ":"қан сарысуындағы жалпы билирубин","ShortName":"общий билирубин в сыворотке крови","DataType":0,"DataTypeName":"Число","UnitTypeID":100041,"UnitType":{"NameRU":"мкмоль/л","NameKZ":"мкмоль/л","Name":"мкмоль/л","PublicCode":"10004100","OrderBy":42,"ID":100041,"StrID":"100041"},"MedicalFormID":null,"MedicalForm":null,"NameRU":"общий билирубин в сыворотке крови","NameKZ":"қан сарысуындағы жалпы билирубин","Name":"общий билирубин в сыворотке крови","PublicCode":"20091900","OrderBy":null,"ID":200919,"StrID":"200919"},"ParameterValueID":null,"ParameterValue":null,"ResultText":"11.96","ResultValue":null,"ResultDate":"2026-09-03T04:00:50.2537832+05:00","PostID":0,"Post":null,"ExecuteMethod":2,"SourceResultText":"11.96","SourceResultValue":null,"SourceResultExpression":null,"SourceUnitTypeID":100041,"SourceUnitType":{"NameRU":"мкмоль/л","NameKZ":"мкмоль/л","Name":"мкмоль/л","PublicCode":"10004100","OrderBy":42,"ID":100041,"StrID":"100041"},"IsApproved":false,"ApproveDate":null,"ApprovePostID":null,"ApprovePost":null,"OrderNum":1,"WorkPlaceID":20747,"DriverManagerID":150,"BacteriologyResult":null,"AnalyzerId":38,"IsOrderProductionControl":false,"ID":0,"StrID":"0"}
03.09.2026 4:00:50	Information:	Save string: 
03.09.2026 4:00:50	Information:	{"OrderResearchID":67171540,"OrderResearch":{"OrderID":31168583,"ServiceMoID":2163626,"ServiceMoMasterDataID":8269464,"ServiceMo":{"OrgHealthCareID":"45500000000000909","ServiceID":255,"NameRU":"Определение общего билирубина в сыворотке крови на анализаторе","NameKZ":"Қан сарысуындағы жалпы  билирубинді талдауышта анықтау в сыворотке крови на анализаторе","Name":"Определение общего билирубина в сыворотке крови на анализаторе","ShortNameRU":"Определение общего билирубина в сыворотке крови на анализаторе","ShortNameKZ":"Қан сарысуындағы жалпы  билирубинді талдауышта анықтау в сыворотке крови на анализаторе","ShortName":"Определение общего билирубина в сыворотке крови на анализаторе","FullName":"B03.398.002 - Определение общего билирубина в сыворотке крови на анализаторе","Code":"B03.398.002","ExternalCode":null,"ServiceClassID":5,"ServiceClass":{"ServiceTypeID":2,"OrderBy":5,"MasterDataID":5,"NameRU":"Клиническая химия (биохимия)","NameKZ":"Клиникалық химия (биохимия)","Name":"Клиническая химия (биохимия)","PublicCode":"500","EndDate":null,"ID":"5","StrID":"5"},"Service":{"NameRU":"Определение общего билирубина в сыворотке крови на анализаторе","NameKZ":"Қан сарысуындағы жалпы билирубинді талдауышта анықтау в сыворотке крови на анализаторе","Name":"Определение общего билирубина в сыворотке крови на анализаторе","ShortNameRU":"Общий Bi на анализаторе","ShortNameKZ":"Общий Bi на анализаторе","ShortName":"Общий Bi на анализаторе","FullName":"B03.398.002 - Определение общего билирубина в сыворотке крови на анализаторе","Code":"B03.398.002","ServiceClassID":5,"ServiceClass":null,"ServiceSubClassID":6,"ServiceSubClass":null,"MaterialTypeID":202,"MaterialType":null,"MasterDataID":3096,"ID":"255","StrID":"255"},"MasterDataID":8269464,"ServiceSubClassID":6,"PayType":1,"ServiceSubClass":null,"ID":"2163626","StrID":"2163626"},"FullName":"B03.398.002 - Определение общего билирубина в сыворотке крови на анализаторе  () ","IsMain":true,"SourceID":"145167071_34028038","WorkPlaceID":20747,"WorkPlace":null,"DriverManager":null,"ParameterID":null,"Parameter":null,"AdditionalInfo":null,"Status":1,"PerformetServiceCount":7,"ResearchResultCount":0,"ApproveResearchResultCount":0,"NotSaveResearchResultCount":0,"ParentID":null,"ScreeningCandidatePlanGuid":null,"ScreeningUrl":null,"TakePlace":null,"MaterialTypeID":null,"MaterialType":null,"PartCount":0,"IsOrderProductionControl":false,"Uid":"28b5fb5c-d88d-4757-a6b6-b68f1f989852","OrderPerformerServices":[],"OrderResearchAllergens":[],"Results":[],"IsResumed":false,"ExecutionType":0,"ID":"67171540","StrID":"67171540"},"ParameterID":200919,"Parameter":{"ShortNameRU":"общий билирубин в сыворотке крови","ShortNameKZ":"қан сарысуындағы жалпы билирубин","ShortName":"общий билирубин в сыворотке крови","DataType":0,"DataTypeName":"Число","UnitTypeID":100041,"UnitType":null,"MedicalFormID":null,"MasterDataID":0,"MedicalForm":null,"NameWithDataType":"общий билирубин в сыворотке крови  (Число)","NameRU":"общий билирубин в сыворотке крови","NameKZ":"қан сарысуындағы жалпы билирубин","Name":"общий билирубин в сыворотке крови","PublicCode":"20091900","EndDate":null,"ID":"200919","StrID":"200919"},"ParameterValues":null,"ParameterValueID":null,"ParameterValue":null,"ResultText":"11.96","ResultValue":"11.96","ResultDate":"2026-09-03T04:00:50.8257156+05:00","PostID":"189416","Post":null,"ExecuteMethod":2,"SourceResultText":"11.96","SourceResultValue":"11.96","SourceResultExpression":null,"SourceUnitTypeID":100041,"SourceUnitType":{"OrderBy":42,"MasterDataID":null,"CDD_ID":null,"NameRU":"мкмоль/л","NameKZ":"мкмоль/л","Name":"мкмоль/л","PublicCode":"10004100","EndDate":null,"ID":"100041","StrID":"100041"},"MultiplierID":null,"IsApproved":false,"IsValidated":false,"StandardMatchType":0,"ApproveDate":null,"ApprovePostID":null,"ApprovePost":null,"OrderNum":1,"WorkPlaceID":20747,"OrderID":null,"BacteriologyResult":null,"AnalyzerId":38,"IsOrderProductionControl":false,"ID":"207450896","StrID":"207450896"}
03.09.2026 4:00:50	Information:	Result object to save: 
03.09.2026 4:00:50	Information:	{"OrderResearchID":67171543,"OrderResearch":null,"ParameterID":200408,"Parameter":{"ShortNameRU":"АСаТ","ShortNameKZ":"АСаТ","ShortName":"АСаТ","DataType":0,"DataTypeName":"Число","UnitTypeID":100030,"UnitType":{"NameRU":"МЕ/л","NameKZ":"ХБ/л","Name":"МЕ/л","PublicCode":"10003000","OrderBy":31,"ID":100030,"StrID":"100030"},"MedicalFormID":null,"MedicalForm":null,"NameRU":"АСаТ","NameKZ":"АСаТ","Name":"АСаТ","PublicCode":"20040800","OrderBy":null,"ID":200408,"StrID":"200408"},"ParameterValueID":null,"ParameterValue":null,"ResultText":"23.94","ResultValue":null,"ResultDate":"2026-09-03T04:00:50.2582905+05:00","PostID":0,"Post":null,"ExecuteMethod":2,"SourceResultText":"23.94","SourceResultValue":null,"SourceResultExpression":null,"SourceUnitTypeID":100030,"SourceUnitType":{"NameRU":"МЕ/л","NameKZ":"ХБ/л","Name":"МЕ/л","PublicCode":"10003000","OrderBy":31,"ID":100030,"StrID":"100030"},"IsApproved":false,"ApproveDate":null,"ApprovePostID":null,"ApprovePost":null,"OrderNum":1,"WorkPlaceID":20747,"DriverManagerID":150,"BacteriologyResult":null,"AnalyzerId":38,"IsOrderProductionControl":false,"ID":0,"StrID":"0"}
03.09.2026 4:00:50	Information:	Save string: 
03.09.2026 4:00:50	Information:	{"OrderResearchID":67171543,"OrderResearch":{"OrderID":31168583,"ServiceMoID":2163651,"ServiceMoMasterDataID":8269465,"ServiceMo":{"OrgHealthCareID":"45500000000000909","ServiceID":256,"NameRU":"Определение аспартатаминотрансферазы (АСаТ) в сыворотке крови на анализаторе","NameKZ":"Қан сарысуындағы  аспартатаминотрансферазды  (АСаТ) талдауышта анықтау  ","Name":"Определение аспартатаминотрансферазы (АСаТ) в сыворотке крови на анализаторе","ShortNameRU":"Определение аспартатаминотрансферазы (АСаТ) в сыворотке крови на анализаторе","ShortNameKZ":"Қан сарысуындағы  аспартатаминотрансферазды  (АСаТ) талдауышта анықтау  ","ShortName":"Определение аспартатаминотрансферазы (АСаТ) в сыворотке крови на анализаторе","FullName":"B03.293.002 - Определение аспартатаминотрансферазы (АСаТ) в сыворотке крови на анализаторе","Code":"B03.293.002","ExternalCode":null,"ServiceClassID":5,"ServiceClass":{"ServiceTypeID":2,"OrderBy":5,"MasterDataID":5,"NameRU":"Клиническая химия (биохимия)","NameKZ":"Клиникалық химия (биохимия)","Name":"Клиническая химия (биохимия)","PublicCode":"500","EndDate":null,"ID":"5","StrID":"5"},"Service":{"NameRU":"Определение аспартатаминотрансферазы (АСаТ) в сыворотке крови на анализаторе","NameKZ":"Қан сарысуындағы аспартатаминотрансферазды (АСаТ) талдауышта анықтау","Name":"Определение аспартатаминотрансферазы (АСаТ) в сыворотке крови на анализаторе","ShortNameRU":"АСаТ на анализаторе","ShortNameKZ":"АСаТ на анализаторе","ShortName":"АСаТ на анализаторе","FullName":"B03.293.002 - Определение аспартатаминотрансферазы (АСаТ) в сыворотке крови на анализаторе","Code":"B03.293.002","ServiceClassID":5,"ServiceClass":null,"ServiceSubClassID":6,"ServiceSubClass":null,"MaterialTypeID":202,"MaterialType":null,"MasterDataID":3097,"ID":"256","StrID":"256"},"MasterDataID":8269465,"ServiceSubClassID":6,"PayType":1,"ServiceSubClass":null,"ID":"2163651","StrID":"2163651"},"FullName":"B03.293.002 - Определение аспартатаминотрансферазы (АСаТ) в сыворотке крови на анализаторе  () ","IsMain":true,"SourceID":"145167071_34028040","WorkPlaceID":20747,"WorkPlace":null,"DriverManager":null,"ParameterID":null,"Parameter":null,"AdditionalInfo":null,"Status":1,"PerformetServiceCount":7,"ResearchResultCount":0,"ApproveResearchResultCount":0,"NotSaveResearchResultCount":0,"ParentID":null,"ScreeningCandidatePlanGuid":null,"ScreeningUrl":null,"TakePlace":null,"MaterialTypeID":null,"MaterialType":null,"PartCount":0,"IsOrderProductionControl":false,"Uid":"b796e9f7-6f68-4160-9fe4-f64724793d85","OrderPerformerServices":[],"OrderResearchAllergens":[],"Results":[],"IsResumed":false,"ExecutionType":0,"ID":"67171543","StrID":"67171543"},"ParameterID":200408,"Parameter":{"ShortNameRU":"АСаТ","ShortNameKZ":"АСаТ","ShortName":"АСаТ","DataType":0,"DataTypeName":"Число","UnitTypeID":100030,"UnitType":null,"MedicalFormID":null,"MasterDataID":0,"MedicalForm":null,"NameWithDataType":"АСаТ  (Число)","NameRU":"АСаТ","NameKZ":"АСаТ","Name":"АСаТ","PublicCode":"20040800","EndDate":null,"ID":"200408","StrID":"200408"},"ParameterValues":null,"ParameterValueID":null,"ParameterValue":null,"ResultText":"23.94","ResultValue":"23.94","ResultDate":"2026-09-03T04:00:50.8733991+05:00","PostID":"189416","Post":null,"ExecuteMethod":2,"SourceResultText":"23.94","SourceResultValue":"23.94","SourceResultExpression":null,"SourceUnitTypeID":100030,"SourceUnitType":{"OrderBy":31,"MasterDataID":null,"CDD_ID":null,"NameRU":"МЕ/л","NameKZ":"ХБ/л","Name":"МЕ/л","PublicCode":"10003000","EndDate":null,"ID":"100030","StrID":"100030"},"MultiplierID":null,"IsApproved":false,"IsValidated":false,"StandardMatchType":0,"ApproveDate":null,"ApprovePostID":null,"ApprovePost":null,"OrderNum":1,"WorkPlaceID":20747,"OrderID":null,"BacteriologyResult":null,"AnalyzerId":38,"IsOrderProductionControl":false,"ID":"207450897","StrID":"207450897"}
03.09.2026 4:00:50	Information:	Result object to save: 
03.09.2026 4:00:50	Information:	{"OrderResearchID":67171544,"OrderResearch":null,"ParameterID":200549,"Parameter":{"ShortNameRU":"глюкоза в сыворотке крови","ShortNameKZ":"қан сарысуындағы глюкоза","ShortName":"глюкоза в сыворотке крови","DataType":0,"DataTypeName":"Число","UnitTypeID":100051,"UnitType":{"NameRU":"ммоль/л","NameKZ":"ммоль/л","Name":"ммоль/л","PublicCode":"10005100","OrderBy":52,"ID":100051,"StrID":"100051"},"MedicalFormID":null,"MedicalForm":null,"NameRU":"глюкоза в сыворотке крови","NameKZ":"қан сарысуындағы глюкоза","Name":"глюкоза в сыворотке крови","PublicCode":"20054900","OrderBy":null,"ID":200549,"StrID":"200549"},"ParameterValueID":null,"ParameterValue":null,"ResultText":"5.12","ResultValue":null,"ResultDate":"2026-09-03T04:00:50.2622937+05:00","PostID":0,"Post":null,"ExecuteMethod":2,"SourceResultText":"5.12","SourceResultValue":null,"SourceResultExpression":null,"SourceUnitTypeID":100051,"SourceUnitType":{"NameRU":"ммоль/л","NameKZ":"ммоль/л","Name":"ммоль/л","PublicCode":"10005100","OrderBy":52,"ID":100051,"StrID":"100051"},"IsApproved":false,"ApproveDate":null,"ApprovePostID":null,"ApprovePost":null,"OrderNum":1,"WorkPlaceID":20747,"DriverManagerID":150,"BacteriologyResult":null,"AnalyzerId":38,"IsOrderProductionControl":false,"ID":0,"StrID":"0"}
03.09.2026 4:00:50	Information:	Save string: 
03.09.2026 4:00:50	Information:	{"OrderResearchID":67171544,"OrderResearch":{"OrderID":31168583,"ServiceMoID":2164501,"ServiceMoMasterDataID":8269499,"ServiceMo":{"OrgHealthCareID":"45500000000000909","ServiceID":290,"NameRU":"Определение глюкозы в сыворотке крови на анализаторе","NameKZ":"Қан сарысуындағы глюкозаны талдауышта анықтау ","Name":"Определение глюкозы в сыворотке крови на анализаторе","ShortNameRU":"Определение глюкозы в сыворотке крови на анализаторе","ShortNameKZ":"Қан сарысуындағы глюкозаны талдауышта анықтау ","ShortName":"Определение глюкозы в сыворотке крови на анализаторе","FullName":"B03.335.002 - Определение глюкозы в сыворотке крови на анализаторе","Code":"B03.335.002","ExternalCode":null,"ServiceClassID":5,"ServiceClass":{"ServiceTypeID":2,"OrderBy":5,"MasterDataID":5,"NameRU":"Клиническая химия (биохимия)","NameKZ":"Клиникалық химия (биохимия)","Name":"Клиническая химия (биохимия)","PublicCode":"500","EndDate":null,"ID":"5","StrID":"5"},"Service":{"NameRU":"Определение глюкозы в сыворотке крови на анализаторе","NameKZ":"Қан сарысуындағы глюкозаны талдауышта анықтау","Name":"Определение глюкозы в сыворотке крови на анализаторе","ShortNameRU":"Глюкоза в сыворотке крови на анализаторе","ShortNameKZ":"Глюкоза в сыворотке крови на анализаторе","ShortName":"Глюкоза в сыворотке крови на анализаторе","FullName":"B03.335.002 - Определение глюкозы в сыворотке крови на анализаторе","Code":"B03.335.002","ServiceClassID":5,"ServiceClass":null,"ServiceSubClassID":6,"ServiceSubClass":null,"MaterialTypeID":202,"MaterialType":null,"MasterDataID":3131,"ID":"290","StrID":"290"},"MasterDataID":8269499,"ServiceSubClassID":6,"PayType":1,"ServiceSubClass":null,"ID":"2164501","StrID":"2164501"},"FullName":"B03.335.002 - Определение глюкозы в сыворотке крови на анализаторе  () ","IsMain":true,"SourceID":"145167071_34028041","WorkPlaceID":20747,"WorkPlace":null,"DriverManager":null,"ParameterID":null,"Parameter":null,"AdditionalInfo":null,"Status":1,"PerformetServiceCount":7,"ResearchResultCount":0,"ApproveResearchResultCount":0,"NotSaveResearchResultCount":0,"ParentID":null,"ScreeningCandidatePlanGuid":null,"ScreeningUrl":null,"TakePlace":null,"MaterialTypeID":null,"MaterialType":null,"PartCount":0,"IsOrderProductionControl":false,"Uid":"702528a7-adfe-4360-8115-e35ecb543ca1","OrderPerformerServices":[],"OrderResearchAllergens":[],"Results":[],"IsResumed":false,"ExecutionType":0,"ID":"67171544","StrID":"67171544"},"ParameterID":200549,"Parameter":{"ShortNameRU":"глюкоза в сыворотке крови","ShortNameKZ":"қан сарысуындағы глюкоза","ShortName":"глюкоза в сыворотке крови","DataType":0,"DataTypeName":"Число","UnitTypeID":100051,"UnitType":null,"MedicalFormID":null,"MasterDataID":0,"MedicalForm":null,"NameWithDataType":"глюкоза в сыворотке крови  (Число)","NameRU":"глюкоза в сыворотке крови","NameKZ":"қан сарысуындағы глюкоза","Name":"глюкоза в сыворотке крови","PublicCode":"20054900","EndDate":null,"ID":"200549","StrID":"200549"},"ParameterValues":null,"ParameterValueID":null,"ParameterValue":null,"ResultText":"5.12","ResultValue":"5.12","ResultDate":"2026-09-03T04:00:50.9212043+05:00","PostID":"189416","Post":null,"ExecuteMethod":2,"SourceResultText":"5.12","SourceResultValue":"5.12","SourceResultExpression":null,"SourceUnitTypeID":100051,"SourceUnitType":{"OrderBy":52,"MasterDataID":null,"CDD_ID":null,"NameRU":"ммоль/л","NameKZ":"ммоль/л","Name":"ммоль/л","PublicCode":"10005100","EndDate":null,"ID":"100051","StrID":"100051"},"MultiplierID":null,"IsApproved":false,"IsValidated":false,"StandardMatchType":0,"ApproveDate":null,"ApprovePostID":null,"ApprovePost":null,"OrderNum":1,"WorkPlaceID":20747,"OrderID":null,"BacteriologyResult":null,"AnalyzerId":38,"IsOrderProductionControl":false,"ID":"207450898","StrID":"207450898"}
03.09.2026 4:00:50	Information:	Result object to save: 
03.09.2026 4:00:50	Information:	{"OrderResearchID":67171545,"OrderResearch":null,"ParameterID":200852,"Parameter":{"ShortNameRU":"мочевина в сыворотке крови","ShortNameKZ":"қан сарысуындағы несепнәр","ShortName":"мочевина в сыворотке крови","DataType":0,"DataTypeName":"Число","UnitTypeID":100051,"UnitType":{"NameRU":"ммоль/л","NameKZ":"ммоль/л","Name":"ммоль/л","PublicCode":"10005100","OrderBy":52,"ID":100051,"StrID":"100051"},"MedicalFormID":null,"MedicalForm":null,"NameRU":"мочевина в сыворотке крови","NameKZ":"қан сарысуындағы несепнәр","Name":"мочевина в сыворотке крови","PublicCode":"20085200","OrderBy":null,"ID":200852,"StrID":"200852"},"ParameterValueID":null,"ParameterValue":null,"ResultText":"3.74","ResultValue":null,"ResultDate":"2026-09-03T04:00:50.2649346+05:00","PostID":0,"Post":null,"ExecuteMethod":2,"SourceResultText":"3.74","SourceResultValue":null,"SourceResultExpression":null,"SourceUnitTypeID":100051,"SourceUnitType":{"NameRU":"ммоль/л","NameKZ":"ммоль/л","Name":"ммоль/л","PublicCode":"10005100","OrderBy":52,"ID":100051,"StrID":"100051"},"IsApproved":false,"ApproveDate":null,"ApprovePostID":null,"ApprovePost":null,"OrderNum":1,"WorkPlaceID":20747,"DriverManagerID":150,"BacteriologyResult":null,"AnalyzerId":38,"IsOrderProductionControl":false,"ID":0,"StrID":"0"}
03.09.2026 4:00:50	Information:	Save string: 
03.09.2026 4:00:50	Information:	{"OrderResearchID":67171545,"OrderResearch":{"OrderID":31168583,"ServiceMoID":2164626,"ServiceMoMasterDataID":8269504,"ServiceMo":{"OrgHealthCareID":"45500000000000909","ServiceID":295,"NameRU":"Определение мочевины в сыворотке крови на анализаторе","NameKZ":"Қан сарысуындағы несепнәрді  талдауышта анықтау ","Name":"Определение мочевины в сыворотке крови на анализаторе","ShortNameRU":"Определение мочевины в сыворотке крови на анализаторе","ShortNameKZ":"Қан сарысуындағы несепнәрді  талдауышта анықтау ","ShortName":"Определение мочевины в сыворотке крови на анализаторе","FullName":"B03.386.002 - Определение мочевины в сыворотке крови на анализаторе","Code":"B03.386.002","ExternalCode":null,"ServiceClassID":5,"ServiceClass":{"ServiceTypeID":2,"OrderBy":5,"MasterDataID":5,"NameRU":"Клиническая химия (биохимия)","NameKZ":"Клиникалық химия (биохимия)","Name":"Клиническая химия (биохимия)","PublicCode":"500","EndDate":null,"ID":"5","StrID":"5"},"Service":{"NameRU":"Определение мочевины в сыворотке крови на анализаторе","NameKZ":"Қан сарысуындағы несепнәрді талдауышта анықтау","Name":"Определение мочевины в сыворотке крови на анализаторе","ShortNameRU":"Мочевина на анализаторе","ShortNameKZ":"Мочевина на анализаторе","ShortName":"Мочевина на анализаторе","FullName":"B03.386.002 - Определение мочевины в сыворотке крови на анализаторе","Code":"B03.386.002","ServiceClassID":5,"ServiceClass":null,"ServiceSubClassID":6,"ServiceSubClass":null,"MaterialTypeID":202,"MaterialType":null,"MasterDataID":3136,"ID":"295","StrID":"295"},"MasterDataID":8269504,"ServiceSubClassID":6,"PayType":1,"ServiceSubClass":null,"ID":"2164626","StrID":"2164626"},"FullName":"B03.386.002 - Определение мочевины в сыворотке крови на анализаторе  () ","IsMain":true,"SourceID":"145167071_34028037","WorkPlaceID":20747,"WorkPlace":null,"DriverManager":null,"ParameterID":null,"Parameter":null,"AdditionalInfo":null,"Status":1,"PerformetServiceCount":7,"ResearchResultCount":0,"ApproveResearchResultCount":0,"NotSaveResearchResultCount":0,"ParentID":null,"ScreeningCandidatePlanGuid":null,"ScreeningUrl":null,"TakePlace":null,"MaterialTypeID":null,"MaterialType":null,"PartCount":0,"IsOrderProductionControl":false,"Uid":"961d26a2-35fe-4d6d-8dcf-aa40bbb5a237","OrderPerformerServices":[],"OrderResearchAllergens":[],"Results":[],"IsResumed":false,"ExecutionType":0,"ID":"67171545","StrID":"67171545"},"ParameterID":200852,"Parameter":{"ShortNameRU":"мочевина в сыворотке крови","ShortNameKZ":"қан сарысуындағы несепнәр","ShortName":"мочевина в сыворотке крови","DataType":0,"DataTypeName":"Число","UnitTypeID":100051,"UnitType":null,"MedicalFormID":null,"MasterDataID":0,"MedicalForm":null,"NameWithDataType":"мочевина в сыворотке крови  (Число)","NameRU":"мочевина в сыворотке крови","NameKZ":"қан сарысуындағы несепнәр","Name":"мочевина в сыворотке крови","PublicCode":"20085200","EndDate":null,"ID":"200852","StrID":"200852"},"ParameterValues":null,"ParameterValueID":null,"ParameterValue":null,"ResultText":"3.74","ResultValue":"3.74","ResultDate":"2026-09-03T04:00:50.969015+05:00","PostID":"189416","Post":null,"ExecuteMethod":2,"SourceResultText":"3.74","SourceResultValue":"3.74","SourceResultExpression":null,"SourceUnitTypeID":100051,"SourceUnitType":{"OrderBy":52,"MasterDataID":null,"CDD_ID":null,"NameRU":"ммоль/л","NameKZ":"ммоль/л","Name":"ммоль/л","PublicCode":"10005100","EndDate":null,"ID":"100051","StrID":"100051"},"MultiplierID":null,"IsApproved":false,"IsValidated":false,"StandardMatchType":0,"ApproveDate":null,"ApprovePostID":null,"ApprovePost":null,"OrderNum":1,"WorkPlaceID":20747,"OrderID":null,"BacteriologyResult":null,"AnalyzerId":38,"IsOrderProductionControl":false,"ID":"207450899","StrID":"207450899"}
03.09.2026 4:00:50	Information:	Result object to save: 
03.09.2026 4:00:50	Information:	{"OrderResearchID":67171538,"OrderResearch":null,"ParameterID":200744,"Parameter":{"ShortNameRU":"креатинин в крови","ShortNameKZ":"қандағы креатинин","ShortName":"креатинин в крови","DataType":0,"DataTypeName":"Число","UnitTypeID":100041,"UnitType":{"NameRU":"мкмоль/л","NameKZ":"мкмоль/л","Name":"мкмоль/л","PublicCode":"10004100","OrderBy":42,"ID":100041,"StrID":"100041"},"MedicalFormID":null,"MedicalForm":null,"NameRU":"креатинин в крови","NameKZ":"қандағы креатинин","Name":"креатинин в крови","PublicCode":"20074400","OrderBy":null,"ID":200744,"StrID":"200744"},"ParameterValueID":null,"ParameterValue":null,"ResultText":"28.22","ResultValue":null,"ResultDate":"2026-09-03T04:00:50.2678187+05:00","PostID":0,"Post":null,"ExecuteMethod":2,"SourceResultText":"28.22","SourceResultValue":null,"SourceResultExpression":null,"SourceUnitTypeID":100041,"SourceUnitType":{"NameRU":"мкмоль/л","NameKZ":"мкмоль/л","Name":"мкмоль/л","PublicCode":"10004100","OrderBy":42,"ID":100041,"StrID":"100041"},"IsApproved":false,"ApproveDate":null,"ApprovePostID":null,"ApprovePost":null,"OrderNum":1,"WorkPlaceID":20747,"DriverManagerID":150,"BacteriologyResult":null,"AnalyzerId":38,"IsOrderProductionControl":false,"ID":0,"StrID":"0"}
03.09.2026 4:00:50	Information:	Save string: 
03.09.2026 4:00:50	Information:	{"OrderResearchID":67171538,"OrderResearch":{"OrderID":31168583,"ServiceMoID":2164651,"ServiceMoMasterDataID":8269505,"ServiceMo":{"OrgHealthCareID":"45500000000000909","ServiceID":296,"NameRU":"Определение креатинина в сыворотке крови на анализаторе","NameKZ":"Қан сарысуындағы  креатининді талдауышта анықтау ","Name":"Определение креатинина в сыворотке крови на анализаторе","ShortNameRU":"Определение креатинина в сыворотке крови на анализаторе","ShortNameKZ":"Қан сарысуындағы  креатининді талдауышта анықтау ","ShortName":"Определение креатинина в сыворотке крови на анализаторе","FullName":"B03.363.002 - Определение креатинина в сыворотке крови на анализаторе","Code":"B03.363.002","ExternalCode":null,"ServiceClassID":5,"ServiceClass":{"ServiceTypeID":2,"OrderBy":5,"MasterDataID":5,"NameRU":"Клиническая химия (биохимия)","NameKZ":"Клиникалық химия (биохимия)","Name":"Клиническая химия (биохимия)","PublicCode":"500","EndDate":null,"ID":"5","StrID":"5"},"Service":{"NameRU":"Определение креатинина в сыворотке крови на анализаторе","NameKZ":"Қан сарысуындағы креатининді талдауышта анықтау","Name":"Определение креатинина в сыворотке крови на анализаторе","ShortNameRU":"Креатинин на анализаторе","ShortNameKZ":"Креатинин на анализаторе","ShortName":"Креатинин на анализаторе","FullName":"B03.363.002 - Определение креатинина в сыворотке крови на анализаторе","Code":"B03.363.002","ServiceClassID":5,"ServiceClass":null,"ServiceSubClassID":6,"ServiceSubClass":null,"MaterialTypeID":202,"MaterialType":null,"MasterDataID":3137,"ID":"296","StrID":"296"},"MasterDataID":8269505,"ServiceSubClassID":6,"PayType":1,"ServiceSubClass":null,"ID":"2164651","StrID":"2164651"},"FullName":"B03.363.002 - Определение креатинина в сыворотке крови на анализаторе  () ","IsMain":true,"SourceID":"145167071_34028036","WorkPlaceID":20747,"WorkPlace":null,"DriverManager":null,"ParameterID":null,"Parameter":null,"AdditionalInfo":null,"Status":1,"PerformetServiceCount":7,"ResearchResultCount":0,"ApproveResearchResultCount":0,"NotSaveResearchResultCount":0,"ParentID":null,"ScreeningCandidatePlanGuid":null,"ScreeningUrl":null,"TakePlace":null,"MaterialTypeID":null,"MaterialType":null,"PartCount":0,"IsOrderProductionControl":false,"Uid":"1f48d906-d6aa-468b-8c18-b3c1a0f9a68f","OrderPerformerServices":[],"OrderResearchAllergens":[],"Results":[],"IsResumed":false,"ExecutionType":0,"ID":"67171538","StrID":"67171538"},"ParameterID":200744,"Parameter":{"ShortNameRU":"креатинин в крови","ShortNameKZ":"қандағы креатинин","ShortName":"креатинин в крови","DataType":0,"DataTypeName":"Число","UnitTypeID":100041,"UnitType":null,"MedicalFormID":null,"MasterDataID":0,"MedicalForm":null,"NameWithDataType":"креатинин в крови  (Число)","NameRU":"креатинин в крови","NameKZ":"қандағы креатинин","Name":"креатинин в крови","PublicCode":"20074400","EndDate":null,"ID":"200744","StrID":"200744"},"ParameterValues":null,"ParameterValueID":null,"ParameterValue":null,"ResultText":"28.22","ResultValue":"28.22","ResultDate":"2026-09-03T04:00:51.0159105+05:00","PostID":"189416","Post":null,"ExecuteMethod":2,"SourceResultText":"28.22","SourceResultValue":"28.22","SourceResultExpression":null,"SourceUnitTypeID":100041,"SourceUnitType":{"OrderBy":42,"MasterDataID":null,"CDD_ID":null,"NameRU":"мкмоль/л","NameKZ":"мкмоль/л","Name":"мкмоль/л","PublicCode":"10004100","EndDate":null,"ID":"100041","StrID":"100041"},"MultiplierID":null,"IsApproved":false,"IsValidated":false,"StandardMatchType":0,"ApproveDate":null,"ApprovePostID":null,"ApprovePost":null,"OrderNum":1,"WorkPlaceID":20747,"OrderID":null,"BacteriologyResult":null,"AnalyzerId":38,"IsOrderProductionControl":false,"ID":"207450900","StrID":"207450900"}
03.09.2026 4:00:50	Debug:	 SendResults SaveDeviceResults = 656 ms
03.09.2026 4:00:50	Debug:	 total for SendResults = 1285 ms
03.09.2026 4:02:15	Information:	url https://lab-vko.dmed.kz/ /api/DriverManager/PingDevice
03.09.2026 4:02:15	Information:	{
"Hash": "w9LjvpRCyoByGV3Lzv0iX9dSI0tLK0uV+pRojL1kufc=",
"Status": 0
}


03.09.2026 4:02:15	Information:	Ping ret is {"Status":0,"Comment":null}
03.09.2026 4:04:15	Information:	url https://lab-vko.dmed.kz/ /api/DriverManager/PingDevice
03.09.2026 4:04:15	Information:	{
"Hash": "w9LjvpRCyoByGV3Lzv0iX9dSI0tLK0uV+pRojL1kufc=",
"Status": 0
}


03.09.2026 4:04:15	Information:	Ping ret is {"Status":0,"Comment":null}
03.09.2026 4:04:38	Information:	refresh tokens
03.09.2026 4:05:32	Information:	Received bytes(encoded):MSH|^~\&|||||20260903040431||ORU^R01|130|P|2.3.1||||0||ASCII|||PID|92|||||||O|||||||||||||||||||||||OBR|92|51563074|2|^|N|20260903033750|20260903033726|20260903033726||1^2||||20260903033726|?????|||||||||||||||||||||||||||||||||OBX|1|NM|Glu-G|Glucose (GOD-POD Method)|4.841353|mmol/L|-|N|||F||4.841353|20260903040216|||0||OBX|2|NM|T-Bil-V|Bilirubin Total (VOX Method)|9.881177|?mol/L|-|N|||F||9.881177|20260903040218|||0||OBX|3|NM|D-Bil-V|Bilirubin Direct (VOX Method)|3.011477|?mol/L|-|N|||F||3.011477|20260903040233|||0||OBX|4|NM|ALT|Alanine Aminotransferase|14.295169|U/L|-|N|||F||14.295169|20260903040046|||0||OBX|5|NM|AST|Aspartate Aminotransferase|57.983012|U/L|-|N|||F||57.983012|20260903040101|||0||OBX|6|NM|CRP|C-Reactive Protein|15.610633|mg/L|-|N|||F||15.610633|20260903040431|||0||OBX|7|NM|TP|Total Protein|65.586870|g/L|-|N|||F||65.586870|20260903040248|||0||OBX|8|NM|AMY|?-Amylase|55.127347|U/L|-|N|||F||55.127347|20260903040146|||0||OBX|9|NM|CREA-S|Creatinine (Sarcosine Oxidase Method)|37.232868|
03.09.2026 4:05:32	Information:	Add Frame:
03.09.2026 4:05:32	Information:	MSH|^~\&|||||20260903040431||ORU^R01|130|P|2.3.1||||0||ASCII|||
03.09.2026 4:05:32	Information:	In Header
03.09.2026 4:05:32	Information:	MessageType: ORU
03.09.2026 4:05:32	Information:	After message type
03.09.2026 4:05:32	Information:	After ask
03.09.2026 4:05:32	Information:	After version
03.09.2026 4:05:32	Information:	Add Frame:
03.09.2026 4:05:32	Information:	PID|92|||||||O|||||||||||||||||||||||
03.09.2026 4:05:32	Information:	Add Frame:
03.09.2026 4:05:32	Information:	OBR|92|51563074|2|^|N|20260903033750|20260903033726|20260903033726||1^2||||20260903033726|?????|||||||||||||||||||||||||||||||||
03.09.2026 4:05:32	Information:	Add Frame:
03.09.2026 4:05:32	Information:	OBX|1|NM|Glu-G|Glucose (GOD-POD Method)|4.841353|mmol/L|-|N|||F||4.841353|20260903040216|||0||
03.09.2026 4:05:32	Information:	Add Frame:
03.09.2026 4:05:32	Information:	OBX|2|NM|T-Bil-V|Bilirubin Total (VOX Method)|9.881177|?mol/L|-|N|||F||9.881177|20260903040218|||0||
03.09.2026 4:05:32	Information:	Add Frame:
03.09.2026 4:05:32	Information:	OBX|3|NM|D-Bil-V|Bilirubin Direct (VOX Method)|3.011477|?mol/L|-|N|||F||3.011477|20260903040233|||0||
03.09.2026 4:05:32	Information:	Add Frame:
03.09.2026 4:05:32	Information:	OBX|4|NM|ALT|Alanine Aminotransferase|14.295169|U/L|-|N|||F||14.295169|20260903040046|||0||
03.09.2026 4:05:32	Information:	Add Frame:
03.09.2026 4:05:32	Information:	OBX|5|NM|AST|Aspartate Aminotransferase|57.983012|U/L|-|N|||F||57.983012|20260903040101|||0||
03.09.2026 4:05:32	Information:	Add Frame:
03.09.2026 4:05:32	Information:	OBX|6|NM|CRP|C-Reactive Protein|15.610633|mg/L|-|N|||F||15.610633|20260903040431|||0||
03.09.2026 4:05:32	Information:	Add Frame:
03.09.2026 4:05:32	Information:	OBX|7|NM|TP|Total Protein|65.586870|g/L|-|N|||F||65.586870|20260903040248|||0||
03.09.2026 4:05:32	Information:	Add Frame:
03.09.2026 4:05:32	Information:	OBX|8|NM|AMY|?-Amylase|55.127347|U/L|-|N|||F||55.127347|20260903040146|||0||
03.09.2026 4:05:32	Information:	Received bytes(encoded):?mol/L|-|N|||F||37.232868|20260903040246|||0||OBX|10|NM|UREA|Urea|3.242745|mmol/L|-|N|||F||3.242745|20260903040131|||0||OBX|11|NM||AST/ALT|4.055944||-|N|||F||4.055944||||||
03.09.2026 4:05:32	Information:	Add Frame:
03.09.2026 4:05:32	Information:	OBX|9|NM|CREA-S|Creatinine (Sarcosine Oxidase Method)|37.232868|?mol/L|-|N|||F||37.232868|20260903040246|||0||
03.09.2026 4:05:32	Information:	Add Frame:
03.09.2026 4:05:32	Information:	OBX|10|NM|UREA|Urea|3.242745|mmol/L|-|N|||F||3.242745|20260903040131|||0||
03.09.2026 4:05:32	Information:	Add Frame:
03.09.2026 4:05:32	Information:	OBX|11|NM||AST/ALT|4.055944||-|N|||F||4.055944||||||
03.09.2026 4:05:32	Information:	Add Frame:
03.09.2026 4:05:32	Information:	
03.09.2026 4:05:32	Debug:	read message: 3ms
03.09.2026 4:05:32	Information:	The answer message is created successfully
03.09.2026 4:05:32	Information:	Sending answer...
03.09.2026 4:05:32	Information:	We are in ORU Message
03.09.2026 4:05:32	Information:	MSH MSH|^~\&|||||20260903040431||ORU^R01|130|P|2.3.1||||0||ASCII||||
03.09.2026 4:05:32	Information:	PID PID|92|||||||O||||||||||||||||||||||||
03.09.2026 4:05:32	Information:	PatientRecord in message is successfully  processed
03.09.2026 4:05:32	Information:	The patient order is successfully processed
03.09.2026 4:05:32	Information:	The order record is successfully processed
03.09.2026 4:05:32	Information:	The order record is successfully processed
03.09.2026 4:05:32	Information:	The order record is successfully processed
03.09.2026 4:05:32	Information:	The order record is successfully processed
03.09.2026 4:05:32	Information:	The order record is successfully processed
03.09.2026 4:05:32	Information:	The order record is successfully processed
03.09.2026 4:05:32	Information:	The order record is successfully processed
03.09.2026 4:05:32	Information:	The order record is successfully processed
03.09.2026 4:05:32	Information:	The order record is successfully processed
03.09.2026 4:05:32	Information:	The order record is successfully processed
03.09.2026 4:05:32	Information:	The order record is successfully processed
03.09.2026 4:05:32	Information:	The ORU message is successfully processed
03.09.2026 4:05:32	Debug:	Process message: 8ms
03.09.2026 4:05:32	Debug:	Total time : 12ms
03.09.2026 4:05:32	Information:	Sended bytes:  11 77 83 72 124 94 126 92 38 124 77 105 110 100 114 97 121 124 124 124 124 50 48 50 54 48 57 48 51 48 52 48 53 51 50 124 124 65 67 75 94 82 48 49 124 49 51 48 124 80 124 50 46 51 46 49 124 124 124 124 48 124 124 117 115 45 97 115 99 105 105 124 124 124 13 77 83 65 124 65 65 124 49 51 48 124 77 101 115 115 97 103 101 32 97 99 99 101 112 116 101 100 124 124 124 48 124 13 28 13
03.09.2026 4:05:32	Information:	Sended string MSH|^~\&|Mindray||||20260903040532||ACK^R01|130|P|2.3.1||||0||us-ascii|||MSA|AA|130|Message accepted|||0|
03.09.2026 4:05:33	Debug:	SendResults:	check DriverRequests=	0	ms
03.09.2026 4:05:33	Information:	ByBarcode 51563074
03.09.2026 4:05:34	Information:	GetLinesByBarcodes
03.09.2026 4:05:34	Information:	{
"WorkPlaceID": 20747,
"BeginDate": "2026-06-04",
"EndDate": "2026-09-04",
"OrderNumber": "51563074",
"Offset": 0,
"Limit": 1
}


03.09.2026 4:05:34	Information:	GetByBarcodeReturn: 
03.09.2026 4:05:34	Information:	{"Data":[{"ID":31168581,"StrID":"31168581","OrderNumber":"51563074","OrderRegDate":"2026-09-03T03:32:22.613","PlanExecutionDate":"2026-09-03T03:32:00","SenderMoID":45500000000000909,"SenderMo":{"NameRU":"Некоммерческое акционерное общество \"Медицинский университет Семей\"","NameKZ":"\"Семей медицина университеті\" коммерциялық емес акционерлік қоғамы","Name":"Некоммерческое акционерное общество \"Медицинский университет Семей\"","ShortNameRU":"НАО \"МУС\"","ShortNameKZ":"\"СМУ\" КеАҚ","ShortName":"НАО \"МУС\"","PublicCode":"237J","AddressRU":"ВКО, г. Семей, ул. Абая Кунанбаева 103","AddressKZ":"ВКО, г. Семей, ул. Абая Кунанбаева 103","Address":"ВКО, г. Семей, ул. Абая Кунанбаева 103","OriginalID":"45500000000000909","IsWork":true,"RegionID":20,"BIN":"190240004938","MasterDataID":4911,"PhonesData":{"OrgHealthCarePhones":[]},"IsPostmortem":false,"IsHospital":true,"Code":null,"ID":"45500000000000909","StrID":"45500000000000909"},"ReceiverMoID":45500000000000909,"ReceiverMo":null,"PatientDetailID":41097128,"PatientDetail":{"PersonID":"1574116","Person":{"IIN":"160922505870","LastName":"БЕКМҰХАМБЕТОВ","FirstName":"АЙҚЫН","SecondName":"ЕРЛАНҰЛЫ","FullName":"БЕКМҰХАМБЕТОВ АЙҚЫН ЕРЛАНҰЛЫ","FullNameIOF":"АЙҚЫН ЕРЛАНҰЛЫ БЕКМҰХАМБЕТОВ","DisplayText":"160922505870 АЙҚЫН ЕРЛАНҰЛЫ БЕКМҰХАМБЕТОВ 22.09.2016","IinFullName":"160922505870 - БЕКМҰХАМБЕТОВ АЙҚЫН ЕРЛАНҰЛЫ","BirthDate":"2016-09-22T00:00:00","BirthDateStr":"22.09.2016","DeathDate":null,"DeathDateStr":"","BioSexID":3,"BioSex":null,"NationalityID":null,"Nationality":null,"CitizenshipID":null,"Citizenship":null,"MasterDataID":137911710,"RpnID":"15300000035381258","KmisID":"60300000000515482","Type":1,"Age":0,"IsStillborn":false,"IsEarlyNeonatalDeathUp28days":false,"IsDeadPerson":false,"ID":"1574116","StrID":"1574116"},"AddressRU":" РЕСПУБЛИКА: Казахстан , ОБЛАСТЬ: Абайская , РАЙОН: КОКПЕКТИНСКИЙ, СЕЛЬСКИЙ ОКРУГ: УЛЬГУЛИМАЛШИНСКИЙ, АУЛ(СЕЛО): УЛЬГУЛИ-МАЛШИ, УЛИЦА: ЛЕНИНА, ДОМ: 10 ","AddressKZ":" : Қазақстан , Абай облысы, КӨКПЕКТІ ауданы, ҮЛГІЛІМАЛШЫ ауылды округы, ҮЛГІЛІМАЛШЫ ауылы, ЛЕНИНА көшесі, ҮЙ: 10 ","Address":" РЕСПУБЛИКА: Казахстан , ОБЛАСТЬ: Абайская , РАЙОН: КОКПЕКТИНСКИЙ, СЕЛЬСКИЙ ОКРУГ: УЛЬГУЛИМАЛШИНСКИЙ, АУЛ(СЕЛО): УЛЬГУЛИ-МАЛШИ, УЛИЦА: ЛЕНИНА, ДОМ: 10 ","MasterDataAddressID":6387670,"WorkPlace":"СОШ Абай мектеби класс 5","WorkPosition":null,"DocumentNumber":"5215941","DocumentTypeID":3,"DocumentType":null,"NationalityID":null,"DocumentTypeName":null,"Phones":"+7 (777) 128-55-18","ExternalCardID":"5976445","CardType":1,"CardNumber":"67804","CitizenshipCategoryID":1,"CitizenshipCategory":null,"ResidenceTypeID":4,"ResidenceType":null,"MotherPersonID":null,"MotherPerson":null,"IsForeigner":false,"IsHomeless":false,"IsDeadPerson":false,"IsResident":true,"ID":"41097128","StrID":"41097128"},"Person":{"IIN":"160922505870","LastName":"БЕКМҰХАМБЕТОВ","FirstName":"АЙҚЫН","SecondName":"ЕРЛАНҰЛЫ","FullName":"БЕКМҰХАМБЕТОВ АЙҚЫН ЕРЛАНҰЛЫ","FullNameIOF":"АЙҚЫН ЕРЛАНҰЛЫ БЕКМҰХАМБЕТОВ","DisplayText":"160922505870 АЙҚЫН ЕРЛАНҰЛЫ БЕКМҰХАМБЕТОВ 22.09.2016","IinFullName":"160922505870 - БЕКМҰХАМБЕТОВ АЙҚЫН ЕРЛАНҰЛЫ","BirthDate":"2016-09-22T00:00:00","BirthDateStr":"22.09.2016","DeathDate":null,"DeathDateStr":"","BioSexID":3,"BioSex":null,"NationalityID":null,"Nationality":null,"CitizenshipID":null,"Citizenship":null,"MasterDataID":137911710,"RpnID":"15300000035381258","KmisID":"60300000000515482","Type":1,"Age":0,"IsStillborn":false,"IsEarlyNeonatalDeathUp28days":false,"IsDeadPerson":false,"ID":"1574116","StrID":"1574116"},"IsCito":false,"ExternalSystem":1,"OrderResultFileID":null,"OrderResultFileStorageID":null,"OrderResultDate":null,"Status":1,"DeleteDate":null,"ResultNotes":null,"Comment":"","ExternalOrderNumber":"51563074","ExaminationTypeID":null,"ExaminationType":null,"ExaminationIndicationID":null,"ExaminationIndication":null,"Uid":"190D491F-2470-4093-B961-A7AB21C72470","SenderPostFullName":"ТӨЛЕУҒАЗИНОВ НҰРАЙДАР БАҚЫТБЕКҰЛЫ","SenderFuncStructureNameRU":"Отделение детской хирургии ","SenderFuncStructureNameKZ":"Хирургия бөлімі","IsSamplingOfMaterialsAtReceiver":false,"MisID":42194578,"Materials":[{"OrderID":31168581,"Uid":"4026444c-9d75-4a38-a4c6-7a48f714a812","MaterialNumber":"51563074","MaterialTypeID":363,"MaterialType":{"OrderBy":0,"ParentID":202,"HasChildren":false,"MasterDataID":489,"Parent":null,"NameRU":"Кровь венозная","NameKZ":"Кровь венозная","Name":"Кровь венозная","PublicCode":"36300","EndDate":null,"ID":"363","StrID":"363"},"TakeDate":"2026-09-03T03:32:00","TakeDateStr":"03.09.2026 03:32","TakePlace":"де,хир","RejectionReason":null,"RejectionTakenMeasures":null,"ReceiptDate":null,"ReceiptDateStr":null,"RejectionCreatePostID":null,"RejectionCreatePost":null,"SampleCollectorPostIIN":"730813401452","SampleCollectorPostID":null,"Researches":[],"RejectedMaterialImageID":null,"File":null,"ID":"31455500","StrID":"31455500"}],"Researches":[]}],"Total":1}
03.09.2026 4:05:34	Information:	OrderedWW 51563074 Biomat 0 Device 20747
03.09.2026 4:05:34	Information:	ResearchResult
03.09.2026 4:05:34	Information:	{
"OrderID": "31168581",
"WorkPlaceID": 20747
}


03.09.2026 4:05:34	Information:	[{"OrderResearchID":67171526,"OrderResearch":null,"ParameterID":200918,"Parameter":{"ShortNameRU":"общий белок в сыворотке крови","ShortNameKZ":"қан сарысуындағы жалпы ақуыз","ShortName":"общий белок в сыворотке крови","DataType":0,"DataTypeName":"Число","UnitTypeID":100012,"UnitType":{"OrderBy":13,"MasterDataID":null,"CDD_ID":null,"NameRU":"г/л","NameKZ":"г/л","Name":"г/л","PublicCode":"10001200","EndDate":null,"ID":"100012","StrID":"100012"},"MedicalFormID":null,"MasterDataID":0,"MedicalForm":null,"NameWithDataType":"общий белок в сыворотке крови  (Число)","NameRU":"общий белок в сыворотке крови","NameKZ":"қан сарысуындағы жалпы ақуыз","Name":"общий белок в сыворотке крови","PublicCode":"20091800","EndDate":null,"ID":"200918","StrID":"200918"},"ParameterValues":null,"ParameterValueID":null,"ParameterValue":null,"ResultText":null,"ResultValue":null,"ResultDate":"2026-09-03T04:05:34.3097775+05:00","PostID":"0","Post":null,"ExecuteMethod":2,"SourceResultText":null,"SourceResultValue":null,"SourceResultExpression":null,"SourceUnitTypeID":100012,"SourceUnitType":{"OrderBy":13,"MasterDataID":null,"CDD_ID":null,"NameRU":"г/л","NameKZ":"г/л","Name":"г/л","PublicCode":"10001200","EndDate":null,"ID":"100012","StrID":"100012"},"MultiplierID":null,"IsApproved":false,"IsValidated":false,"StandardMatchType":0,"ApproveDate":null,"ApprovePostID":null,"ApprovePost":null,"OrderNum":1,"WorkPlaceID":20747,"OrderID":null,"BacteriologyResult":null,"AnalyzerId":null,"IsOrderProductionControl":false,"ID":"0","StrID":"0"},{"OrderResearchID":67171528,"OrderResearch":null,"ParameterID":200357,"Parameter":{"ShortNameRU":"АЛаТ","ShortNameKZ":"АЛаТ","ShortName":"АЛаТ","DataType":0,"DataTypeName":"Число","UnitTypeID":100030,"UnitType":{"OrderBy":31,"MasterDataID":null,"CDD_ID":null,"NameRU":"МЕ/л","NameKZ":"ХБ/л","Name":"МЕ/л","PublicCode":"10003000","EndDate":null,"ID":"100030","StrID":"100030"},"MedicalFormID":null,"MasterDataID":0,"MedicalForm":null,"NameWithDataType":"АЛаТ  (Число)","NameRU":"АЛаТ","NameKZ":"АЛаТ","Name":"АЛаТ","PublicCode":"20035700","EndDate":null,"ID":"200357","StrID":"200357"},"ParameterValues":null,"ParameterValueID":null,"ParameterValue":null,"ResultText":null,"ResultValue":null,"ResultDate":"2026-09-03T04:05:34.3097775+05:00","PostID":"0","Post":null,"ExecuteMethod":2,"SourceResultText":null,"SourceResultValue":null,"SourceResultExpression":null,"SourceUnitTypeID":100030,"SourceUnitType":{"OrderBy":31,"MasterDataID":null,"CDD_ID":null,"NameRU":"МЕ/л","NameKZ":"ХБ/л","Name":"МЕ/л","PublicCode":"10003000","EndDate":null,"ID":"100030","StrID":"100030"},"MultiplierID":null,"IsApproved":false,"IsValidated":false,"StandardMatchType":0,"ApproveDate":null,"ApprovePostID":null,"ApprovePost":null,"OrderNum":1,"WorkPlaceID":20747,"OrderID":null,"BacteriologyResult":null,"AnalyzerId":null,"IsOrderProductionControl":false,"ID":"0","StrID":"0"},{"OrderResearchID":67171531,"OrderResearch":null,"ParameterID":201032,"Parameter":{"ShortNameRU":"прямой билирубин в сыворотке крови","ShortNameKZ":"қан сарысуындағы тікелей билирубин","ShortName":"прямой билирубин в сыворотке крови","DataType":0,"DataTypeName":"Число","UnitTypeID":100041,"UnitType":{"OrderBy":42,"MasterDataID":null,"CDD_ID":null,"NameRU":"мкмоль/л","NameKZ":"мкмоль/л","Name":"мкмоль/л","PublicCode":"10004100","EndDate":null,"ID":"100041","StrID":"100041"},"MedicalFormID":null,"MasterDataID":0,"MedicalForm":null,"NameWithDataType":"прямой билирубин в сыворотке крови  (Число)","NameRU":"прямой билирубин в сыворотке крови","NameKZ":"қан сарысуындағы тікелей билирубин","Name":"прямой билирубин в сыворотке крови","PublicCode":"20103200","EndDate":null,"ID":"201032","StrID":"201032"},"ParameterValues":null,"ParameterValueID":null,"ParameterValue":null,"ResultText":null,"ResultValue":null,"ResultDate":"2026-09-03T04:05:34.3254042+05:00","PostID":"0","Post":null,"ExecuteMethod":2,"SourceResultText":null,"SourceResultValue":null,"SourceResultExpression":null,"SourceUnitTypeID":100041,"SourceUnitType":{"OrderBy":42,"MasterDataID":null,"CDD_ID":null,"NameRU":"мкмоль/л","NameKZ":"мкмоль/л","Name":"мкмоль/л","PublicCode":"10004100","EndDate":null,"ID":"100041","StrID":"100041"},"MultiplierID":null,"IsApproved":false,"IsValidated":false,"StandardMatchType":0,"ApproveDate":null,"ApprovePostID":null,"ApprovePost":null,"OrderNum":1,"WorkPlaceID":20747,"OrderID":null,"BacteriologyResult":null,"AnalyzerId":null,"IsOrderProductionControl":false,"ID":"0","StrID":"0"},{"OrderResearchID":67171529,"OrderResearch":null,"ParameterID":200919,"Parameter":{"ShortNameRU":"общий билирубин в сыворотке крови","ShortNameKZ":"қан сарысуындағы жалпы билирубин","ShortName":"общий билирубин в сыворотке крови","DataType":0,"DataTypeName":"Число","UnitTypeID":100041,"UnitType":{"OrderBy":42,"MasterDataID":null,"CDD_ID":null,"NameRU":"мкмоль/л","NameKZ":"мкмоль/л","Name":"мкмоль/л","PublicCode":"10004100","EndDate":null,"ID":"100041","StrID":"100041"},"MedicalFormID":null,"MasterDataID":0,"MedicalForm":null,"NameWithDataType":"общий билирубин в сыворотке крови  (Число)","NameRU":"общий билирубин в сыворотке крови","NameKZ":"қан сарысуындағы жалпы билирубин","Name":"общий билирубин в сыворотке крови","PublicCode":"20091900","EndDate":null,"ID":"200919","StrID":"200919"},"ParameterValues":null,"ParameterValueID":null,"ParameterValue":null,"ResultText":null,"ResultValue":null,"ResultDate":"2026-09-03T04:05:34.3254042+05:00","PostID":"0","Post":null,"ExecuteMethod":2,"SourceResultText":null,"SourceResultValue":null,"SourceResultExpression":null,"SourceUnitTypeID":100041,"SourceUnitType":{"OrderBy":42,"MasterDataID":null,"CDD_ID":null,"NameRU":"мкмоль/л","NameKZ":"мкмоль/л","Name":"мкмоль/л","PublicCode":"10004100","EndDate":null,"ID":"100041","StrID":"100041"},"MultiplierID":null,"IsApproved":false,"IsValidated":false,"StandardMatchType":0,"ApproveDate":null,"ApprovePostID":null,"ApprovePost":null,"OrderNum":1,"WorkPlaceID":20747,"OrderID":null,"BacteriologyResult":null,"AnalyzerId":null,"IsOrderProductionControl":false,"ID":"0","StrID":"0"},{"OrderResearchID":67171532,"OrderResearch":null,"ParameterID":200408,"Parameter":{"ShortNameRU":"АСаТ","ShortNameKZ":"АСаТ","ShortName":"АСаТ","DataType":0,"DataTypeName":"Число","UnitTypeID":100030,"UnitType":{"OrderBy":31,"MasterDataID":null,"CDD_ID":null,"NameRU":"МЕ/л","NameKZ":"ХБ/л","Name":"МЕ/л","PublicCode":"10003000","EndDate":null,"ID":"100030","StrID":"100030"},"MedicalFormID":null,"MasterDataID":0,"MedicalForm":null,"NameWithDataType":"АСаТ  (Число)","NameRU":"АСаТ","NameKZ":"АСаТ","Name":"АСаТ","PublicCode":"20040800","EndDate":null,"ID":"200408","StrID":"200408"},"ParameterValues":null,"ParameterValueID":null,"ParameterValue":null,"ResultText":null,"ResultValue":null,"ResultDate":"2026-09-03T04:05:34.3254042+05:00","PostID":"0","Post":null,"ExecuteMethod":2,"SourceResultText":null,"SourceResultValue":null,"SourceResultExpression":null,"SourceUnitTypeID":100030,"SourceUnitType":{"OrderBy":31,"MasterDataID":null,"CDD_ID":null,"NameRU":"МЕ/л","NameKZ":"ХБ/л","Name":"МЕ/л","PublicCode":"10003000","EndDate":null,"ID":"100030","StrID":"100030"},"MultiplierID":null,"IsApproved":false,"IsValidated":false,"StandardMatchType":0,"ApproveDate":null,"ApprovePostID":null,"ApprovePost":null,"OrderNum":1,"WorkPlaceID":20747,"OrderID":null,"BacteriologyResult":null,"AnalyzerId":null,"IsOrderProductionControl":false,"ID":"0","StrID":"0"},{"OrderResearchID":67171533,"OrderResearch":null,"ParameterID":200549,"Parameter":{"ShortNameRU":"глюкоза в сыворотке крови","ShortNameKZ":"қан сарысуындағы глюкоза","ShortName":"глюкоза в сыворотке крови","DataType":0,"DataTypeName":"Число","UnitTypeID":100051,"UnitType":{"OrderBy":52,"MasterDataID":null,"CDD_ID":null,"NameRU":"ммоль/л","NameKZ":"ммоль/л","Name":"ммоль/л","PublicCode":"10005100","EndDate":null,"ID":"100051","StrID":"100051"},"MedicalFormID":null,"MasterDataID":0,"MedicalForm":null,"NameWithDataType":"глюкоза в сыворотке крови  (Число)","NameRU":"глюкоза в сыворотке крови","NameKZ":"қан сарысуындағы глюкоза","Name":"глюкоза в сыворотке крови","PublicCode":"20054900","EndDate":null,"ID":"200549","StrID":"200549"},"ParameterValues":null,"ParameterValueID":null,"ParameterValue":null,"ResultText":null,"ResultValue":null,"ResultDate":"2026-09-03T04:05:34.3254042+05:00","PostID":"0","Post":null,"ExecuteMethod":2,"SourceResultText":null,"SourceResultValue":null,"SourceResultExpression":null,"SourceUnitTypeID":100051,"SourceUnitType":{"OrderBy":52,"MasterDataID":null,"CDD_ID":null,"NameRU":"ммоль/л","NameKZ":"ммоль/л","Name":"ммоль/л","PublicCode":"10005100","EndDate":null,"ID":"100051","StrID":"100051"},"MultiplierID":null,"IsApproved":false,"IsValidated":false,"StandardMatchType":0,"ApproveDate":null,"ApprovePostID":null,"ApprovePost":null,"OrderNum":1,"WorkPlaceID":20747,"OrderID":null,"BacteriologyResult":null,"AnalyzerId":null,"IsOrderProductionControl":false,"ID":"0","StrID":"0"},{"OrderResearchID":67171534,"OrderResearch":null,"ParameterID":200852,"Parameter":{"ShortNameRU":"мочевина в сыворотке крови","ShortNameKZ":"қан сарысуындағы несепнәр","ShortName":"мочевина в сыворотке крови","DataType":0,"DataTypeName":"Число","UnitTypeID":100051,"UnitType":{"OrderBy":52,"MasterDataID":null,"CDD_ID":null,"NameRU":"ммоль/л","NameKZ":"ммоль/л","Name":"ммоль/л","PublicCode":"10005100","EndDate":null,"ID":"100051","StrID":"100051"},"MedicalFormID":null,"MasterDataID":0,"MedicalForm":null,"NameWithDataType":"мочевина в сыворотке крови  (Число)","NameRU":"мочевина в сыворотке крови","NameKZ":"қан сарысуындағы несепнәр","Name":"мочевина в сыворотке крови","PublicCode":"20085200","EndDate":null,"ID":"200852","StrID":"200852"},"ParameterValues":null,"ParameterValueID":null,"ParameterValue":null,"ResultText":null,"ResultValue":null,"ResultDate":"2026-09-03T04:05:34.3254042+05:00","PostID":"0","Post":null,"ExecuteMethod":2,"SourceResultText":null,"SourceResultValue":null,"SourceResultExpression":null,"SourceUnitTypeID":100051,"SourceUnitType":{"OrderBy":52,"MasterDataID":null,"CDD_ID":null,"NameRU":"ммоль/л","NameKZ":"ммоль/л","Name":"ммоль/л","PublicCode":"10005100","EndDate":null,"ID":"100051","StrID":"100051"},"MultiplierID":null,"IsApproved":false,"IsValidated":false,"StandardMatchType":0,"ApproveDate":null,"ApprovePostID":null,"ApprovePost":null,"OrderNum":1,"WorkPlaceID":20747,"OrderID":null,"BacteriologyResult":null,"AnalyzerId":null,"IsOrderProductionControl":false,"ID":"0","StrID":"0"},{"OrderResearchID":67171527,"OrderResearch":null,"ParameterID":200744,"Parameter":{"ShortNameRU":"креатинин в крови","ShortNameKZ":"қандағы креатинин","ShortName":"креатинин в крови","DataType":0,"DataTypeName":"Число","UnitTypeID":100041,"UnitType":{"OrderBy":42,"MasterDataID":null,"CDD_ID":null,"NameRU":"мкмоль/л","NameKZ":"мкмоль/л","Name":"мкмоль/л","PublicCode":"10004100","EndDate":null,"ID":"100041","StrID":"100041"},"MedicalFormID":null,"MasterDataID":0,"MedicalForm":null,"NameWithDataType":"креатинин в крови  (Число)","NameRU":"креатинин в крови","NameKZ":"қандағы креатинин","Name":"креатинин в крови","PublicCode":"20074400","EndDate":null,"ID":"200744","StrID":"200744"},"ParameterValues":null,"ParameterValueID":null,"ParameterValue":null,"ResultText":null,"ResultValue":null,"ResultDate":"2026-09-03T04:05:34.3254042+05:00","PostID":"0","Post":null,"ExecuteMethod":2,"SourceResultText":null,"SourceResultValue":null,"SourceResultExpression":null,"SourceUnitTypeID":100041,"SourceUnitType":{"OrderBy":42,"MasterDataID":null,"CDD_ID":null,"NameRU":"мкмоль/л","NameKZ":"мкмоль/л","Name":"мкмоль/л","PublicCode":"10004100","EndDate":null,"ID":"100041","StrID":"100041"},"MultiplierID":null,"IsApproved":false,"IsValidated":false,"StandardMatchType":0,"ApproveDate":null,"ApprovePostID":null,"ApprovePost":null,"OrderNum":1,"WorkPlaceID":20747,"OrderID":null,"BacteriologyResult":null,"AnalyzerId":null,"IsOrderProductionControl":false,"ID":"0","StrID":"0"}]
03.09.2026 4:05:34	Information:	TestsWW spec 200918, spec 200357, spec 201032, spec 200919, spec 200408, spec 200549, spec 200852, spec 200744, 
03.09.2026 4:05:34	Information:	Querry lines count: 1
03.09.2026 4:05:34	Debug:	SendResults:	fix DriverRequests=	263	ms
03.09.2026 4:05:34	Information:	SAMPLE! 51563074 DeviceDriverResult Sample: 51563074 Suggest: . Do Request True
03.09.2026 4:05:34	Information:	Sample request count: 1
03.09.2026 4:05:34	Information:	MU is mmol/L
03.09.2026 4:05:34	Information:	Driver Collations count 0
03.09.2026 4:05:34	Information:	MU collations count=0
03.09.2026 4:05:34	Information:	MU is ?mol/L
03.09.2026 4:05:34	Information:	Driver Collations count 0
03.09.2026 4:05:34	Information:	MU collations count=0
03.09.2026 4:05:34	Information:	MU is ?mol/L
03.09.2026 4:05:34	Information:	Driver Collations count 0
03.09.2026 4:05:34	Information:	MU collations count=0
03.09.2026 4:05:34	Information:	MU is U/L
03.09.2026 4:05:34	Information:	Driver Collations count 0
03.09.2026 4:05:34	Information:	MU collations count=0
03.09.2026 4:05:34	Information:	MU is U/L
03.09.2026 4:05:34	Information:	Driver Collations count 0
03.09.2026 4:05:34	Information:	MU collations count=0
03.09.2026 4:05:34	Information:	MU is g/L
03.09.2026 4:05:34	Information:	Driver Collations count 0
03.09.2026 4:05:34	Information:	MU collations count=0
03.09.2026 4:05:34	Information:	MU is ?mol/L
03.09.2026 4:05:34	Information:	Driver Collations count 0
03.09.2026 4:05:34	Information:	MU collations count=0
03.09.2026 4:05:34	Information:	MU is mmol/L
03.09.2026 4:05:34	Information:	Driver Collations count 0
03.09.2026 4:05:34	Information:	MU collations count=0
03.09.2026 4:05:34	Debug:	SendResults:	SetTestsValues first SetTestsValues=	92	ms
03.09.2026 4:05:34	Debug:	SendResults:	Device Total = 359 ms
03.09.2026 4:05:34	Information:	Saving 51563074
03.09.2026 4:05:34	Information:	Start test result saving
03.09.2026 4:05:34	Information:	Result object to save: 
03.09.2026 4:05:34	Information:	{"OrderResearchID":67171526,"OrderResearch":null,"ParameterID":200918,"Parameter":{"ShortNameRU":"общий белок в сыворотке крови","ShortNameKZ":"қан сарысуындағы жалпы ақуыз","ShortName":"общий белок в сыворотке крови","DataType":0,"DataTypeName":"Число","UnitTypeID":100012,"UnitType":{"NameRU":"г/л","NameKZ":"г/л","Name":"г/л","PublicCode":"10001200","OrderBy":13,"ID":100012,"StrID":"100012"},"MedicalFormID":null,"MedicalForm":null,"NameRU":"общий белок в сыворотке крови","NameKZ":"қан сарысуындағы жалпы ақуыз","Name":"общий белок в сыворотке крови","PublicCode":"20091800","OrderBy":null,"ID":200918,"StrID":"200918"},"ParameterValueID":null,"ParameterValue":null,"ResultText":"65.59","ResultValue":null,"ResultDate":"2026-09-03T04:05:34.3097775+05:00","PostID":0,"Post":null,"ExecuteMethod":2,"SourceResultText":"65.59","SourceResultValue":null,"SourceResultExpression":null,"SourceUnitTypeID":100012,"SourceUnitType":{"NameRU":"г/л","NameKZ":"г/л","Name":"г/л","PublicCode":"10001200","OrderBy":13,"ID":100012,"StrID":"100012"},"IsApproved":false,"ApproveDate":null,"ApprovePostID":null,"ApprovePost":null,"OrderNum":1,"WorkPlaceID":20747,"DriverManagerID":150,"BacteriologyResult":null,"AnalyzerId":38,"IsOrderProductionControl":false,"ID":0,"StrID":"0"}
03.09.2026 4:05:34	Information:	Save string: 
03.09.2026 4:05:34	Information:	{"OrderResearchID":67171526,"OrderResearch":{"OrderID":31168581,"ServiceMoID":2163201,"ServiceMoMasterDataID":8269447,"ServiceMo":{"OrgHealthCareID":"45500000000000909","ServiceID":236,"NameRU":"Определение общего белка в сыворотке крови на анализаторе","NameKZ":"Қан сарысуындағы жалпы нәруызды талдауышта анықтау ","Name":"Определение общего белка в сыворотке крови на анализаторе","ShortNameRU":"Определение общего белка в сыворотке крови на анализаторе","ShortNameKZ":"Қан сарысуындағы жалпы нәруызды талдауышта анықтау ","ShortName":"Определение общего белка в сыворотке крови на анализаторе","FullName":"B03.397.002 - Определение общего белка в сыворотке крови на анализаторе","Code":"B03.397.002","ExternalCode":null,"ServiceClassID":5,"ServiceClass":{"ServiceTypeID":2,"OrderBy":5,"MasterDataID":5,"NameRU":"Клиническая химия (биохимия)","NameKZ":"Клиникалық химия (биохимия)","Name":"Клиническая химия (биохимия)","PublicCode":"500","EndDate":null,"ID":"5","StrID":"5"},"Service":{"NameRU":"Определение общего белка в сыворотке крови на анализаторе","NameKZ":"Қан сарысуындағы жалпы нәруызды талдауышта анықтау","Name":"Определение общего белка в сыворотке крови на анализаторе","ShortNameRU":"Общий белок на анализаторе","ShortNameKZ":"Общий белок на анализаторе","ShortName":"Общий белок на анализаторе","FullName":"B03.397.002 - Определение общего белка в сыворотке крови на анализаторе","Code":"B03.397.002","ServiceClassID":5,"ServiceClass":null,"ServiceSubClassID":6,"ServiceSubClass":null,"MaterialTypeID":202,"MaterialType":null,"MasterDataID":3079,"ID":"236","StrID":"236"},"MasterDataID":8269447,"ServiceSubClassID":6,"PayType":1,"ServiceSubClass":null,"ID":"2163201","StrID":"2163201"},"FullName":"B03.397.002 - Определение общего белка в сыворотке крови на анализаторе  () ","IsMain":true,"SourceID":"145167075_34028054","WorkPlaceID":20747,"WorkPlace":null,"DriverManager":null,"ParameterID":null,"Parameter":null,"AdditionalInfo":null,"Status":1,"PerformetServiceCount":7,"ResearchResultCount":0,"ApproveResearchResultCount":0,"NotSaveResearchResultCount":0,"ParentID":null,"ScreeningCandidatePlanGuid":null,"ScreeningUrl":null,"TakePlace":null,"MaterialTypeID":null,"MaterialType":null,"PartCount":0,"IsOrderProductionControl":false,"Uid":"9db662fb-ee5e-4c48-aed8-df5b926b3307","OrderPerformerServices":[],"OrderResearchAllergens":[],"Results":[],"IsResumed":false,"ExecutionType":0,"ID":"67171526","StrID":"67171526"},"ParameterID":200918,"Parameter":{"ShortNameRU":"общий белок в сыворотке крови","ShortNameKZ":"қан сарысуындағы жалпы ақуыз","ShortName":"общий белок в сыворотке крови","DataType":0,"DataTypeName":"Число","UnitTypeID":100012,"UnitType":null,"MedicalFormID":null,"MasterDataID":0,"MedicalForm":null,"NameWithDataType":"общий белок в сыворотке крови  (Число)","NameRU":"общий белок в сыворотке крови","NameKZ":"қан сарысуындағы жалпы ақуыз","Name":"общий белок в сыворотке крови","PublicCode":"20091800","EndDate":null,"ID":"200918","StrID":"200918"},"ParameterValues":null,"ParameterValueID":null,"ParameterValue":null,"ResultText":"65.59","ResultValue":"65.59","ResultDate":"2026-09-03T04:05:34.5289203+05:00","PostID":"189416","Post":null,"ExecuteMethod":2,"SourceResultText":"65.59","SourceResultValue":"65.59","SourceResultExpression":null,"SourceUnitTypeID":100012,"SourceUnitType":{"OrderBy":13,"MasterDataID":null,"CDD_ID":null,"NameRU":"г/л","NameKZ":"г/л","Name":"г/л","PublicCode":"10001200","EndDate":null,"ID":"100012","StrID":"100012"},"MultiplierID":null,"IsApproved":false,"IsValidated":false,"StandardMatchType":0,"ApproveDate":null,"ApprovePostID":null,"ApprovePost":null,"OrderNum":1,"WorkPlaceID":20747,"OrderID":null,"BacteriologyResult":null,"AnalyzerId":38,"IsOrderProductionControl":false,"ID":"207450901","StrID":"207450901"}
03.09.2026 4:05:34	Information:	Result object to save: 
03.09.2026 4:05:34	Information:	{"OrderResearchID":67171528,"OrderResearch":null,"ParameterID":200357,"Parameter":{"ShortNameRU":"АЛаТ","ShortNameKZ":"АЛаТ","ShortName":"АЛаТ","DataType":0,"DataTypeName":"Число","UnitTypeID":100030,"UnitType":{"NameRU":"МЕ/л","NameKZ":"ХБ/л","Name":"МЕ/л","PublicCode":"10003000","OrderBy":31,"ID":100030,"StrID":"100030"},"MedicalFormID":null,"MedicalForm":null,"NameRU":"АЛаТ","NameKZ":"АЛаТ","Name":"АЛаТ","PublicCode":"20035700","OrderBy":null,"ID":200357,"StrID":"200357"},"ParameterValueID":null,"ParameterValue":null,"ResultText":"14.30","ResultValue":null,"ResultDate":"2026-09-03T04:05:34.3097775+05:00","PostID":0,"Post":null,"ExecuteMethod":2,"SourceResultText":"14.30","SourceResultValue":null,"SourceResultExpression":null,"SourceUnitTypeID":100030,"SourceUnitType":{"NameRU":"МЕ/л","NameKZ":"ХБ/л","Name":"МЕ/л","PublicCode":"10003000","OrderBy":31,"ID":100030,"StrID":"100030"},"IsApproved":false,"ApproveDate":null,"ApprovePostID":null,"ApprovePost":null,"OrderNum":1,"WorkPlaceID":20747,"DriverManagerID":150,"BacteriologyResult":null,"AnalyzerId":38,"IsOrderProductionControl":false,"ID":0,"StrID":"0"}
03.09.2026 4:05:34	Information:	Save string: 
03.09.2026 4:05:34	Information:	{"OrderResearchID":67171528,"OrderResearch":{"OrderID":31168581,"ServiceMoID":2163576,"ServiceMoMasterDataID":8269462,"ServiceMo":{"OrgHealthCareID":"45500000000000909","ServiceID":253,"NameRU":"Определение аланинаминотрансферазы (АЛаТ) в сыворотке крови на анализаторе","NameKZ":"Қан сарысуындағы аланинаминотрансферазды (АЛаТ) талдауышта анықтау ","Name":"Определение аланинаминотрансферазы (АЛаТ) в сыворотке крови на анализаторе","ShortNameRU":"Определение аланинаминотрансферазы (АЛаТ) в сыворотке крови на анализаторе","ShortNameKZ":"Қан сарысуындағы аланинаминотрансферазды (АЛаТ) талдауышта анықтау ","ShortName":"Определение аланинаминотрансферазы (АЛаТ) в сыворотке крови на анализаторе","FullName":"B03.155.002 - Определение аланинаминотрансферазы (АЛаТ) в сыворотке крови на анализаторе","Code":"B03.155.002","ExternalCode":null,"ServiceClassID":5,"ServiceClass":{"ServiceTypeID":2,"OrderBy":5,"MasterDataID":5,"NameRU":"Клиническая химия (биохимия)","NameKZ":"Клиникалық химия (биохимия)","Name":"Клиническая химия (биохимия)","PublicCode":"500","EndDate":null,"ID":"5","StrID":"5"},"Service":{"NameRU":"Определение аланинаминотрансферазы (АЛаТ) в сыворотке крови на анализаторе","NameKZ":"Қан сарысуындағы аланинаминотрансферазды (АЛаТ) талдауышта анықтау","Name":"Определение аланинаминотрансферазы (АЛаТ) в сыворотке крови на анализаторе","ShortNameRU":"АЛаТ на анализаторе","ShortNameKZ":"АЛаТ на анализаторе","ShortName":"АЛаТ на анализаторе","FullName":"B03.155.002 - Определение аланинаминотрансферазы (АЛаТ) в сыворотке крови на анализаторе","Code":"B03.155.002","ServiceClassID":5,"ServiceClass":null,"ServiceSubClassID":6,"ServiceSubClass":null,"MaterialTypeID":202,"MaterialType":null,"MasterDataID":3094,"ID":"253","StrID":"253"},"MasterDataID":8269462,"ServiceSubClassID":6,"PayType":1,"ServiceSubClass":null,"ID":"2163576","StrID":"2163576"},"FullName":"B03.155.002 - Определение аланинаминотрансферазы (АЛаТ) в сыворотке крови на анализаторе  () ","IsMain":true,"SourceID":"145167075_34028058","WorkPlaceID":20747,"WorkPlace":null,"DriverManager":null,"ParameterID":null,"Parameter":null,"AdditionalInfo":null,"Status":1,"PerformetServiceCount":9,"ResearchResultCount":0,"ApproveResearchResultCount":0,"NotSaveResearchResultCount":0,"ParentID":null,"ScreeningCandidatePlanGuid":null,"ScreeningUrl":null,"TakePlace":null,"MaterialTypeID":null,"MaterialType":null,"PartCount":0,"IsOrderProductionControl":false,"Uid":"f6416f76-4c44-4354-ab93-36c657984049","OrderPerformerServices":[],"OrderResearchAllergens":[],"Results":[],"IsResumed":false,"ExecutionType":0,"ID":"67171528","StrID":"67171528"},"ParameterID":200357,"Parameter":{"ShortNameRU":"АЛаТ","ShortNameKZ":"АЛаТ","ShortName":"АЛаТ","DataType":0,"DataTypeName":"Число","UnitTypeID":100030,"UnitType":null,"MedicalFormID":null,"MasterDataID":0,"MedicalForm":null,"NameWithDataType":"АЛаТ  (Число)","NameRU":"АЛаТ","NameKZ":"АЛаТ","Name":"АЛаТ","PublicCode":"20035700","EndDate":null,"ID":"200357","StrID":"200357"},"ParameterValues":null,"ParameterValueID":null,"ParameterValue":null,"ResultText":"14.30","ResultValue":"14.30","ResultDate":"2026-09-03T04:05:34.6234821+05:00","PostID":"189416","Post":null,"ExecuteMethod":2,"SourceResultText":"14.30","SourceResultValue":"14.30","SourceResultExpression":null,"SourceUnitTypeID":100030,"SourceUnitType":{"OrderBy":31,"MasterDataID":null,"CDD_ID":null,"NameRU":"МЕ/л","NameKZ":"ХБ/л","Name":"МЕ/л","PublicCode":"10003000","EndDate":null,"ID":"100030","StrID":"100030"},"MultiplierID":null,"IsApproved":false,"IsValidated":false,"StandardMatchType":0,"ApproveDate":null,"ApprovePostID":null,"ApprovePost":null,"OrderNum":1,"WorkPlaceID":20747,"OrderID":null,"BacteriologyResult":null,"AnalyzerId":38,"IsOrderProductionControl":false,"ID":"207450902","StrID":"207450902"}
03.09.2026 4:05:34	Information:	Result object to save: 
03.09.2026 4:05:34	Information:	{"OrderResearchID":67171531,"OrderResearch":null,"ParameterID":201032,"Parameter":{"ShortNameRU":"прямой билирубин в сыворотке крови","ShortNameKZ":"қан сарысуындағы тікелей билирубин","ShortName":"прямой билирубин в сыворотке крови","DataType":0,"DataTypeName":"Число","UnitTypeID":100041,"UnitType":{"NameRU":"мкмоль/л","NameKZ":"мкмоль/л","Name":"мкмоль/л","PublicCode":"10004100","OrderBy":42,"ID":100041,"StrID":"100041"},"MedicalFormID":null,"MedicalForm":null,"NameRU":"прямой билирубин в сыворотке крови","NameKZ":"қан сарысуындағы тікелей билирубин","Name":"прямой билирубин в сыворотке крови","PublicCode":"20103200","OrderBy":null,"ID":201032,"StrID":"201032"},"ParameterValueID":null,"ParameterValue":null,"ResultText":"3.01","ResultValue":null,"ResultDate":"2026-09-03T04:05:34.3254042+05:00","PostID":0,"Post":null,"ExecuteMethod":2,"SourceResultText":"3.01","SourceResultValue":null,"SourceResultExpression":null,"SourceUnitTypeID":100041,"SourceUnitType":{"NameRU":"мкмоль/л","NameKZ":"мкмоль/л","Name":"мкмоль/л","PublicCode":"10004100","OrderBy":42,"ID":100041,"StrID":"100041"},"IsApproved":false,"ApproveDate":null,"ApprovePostID":null,"ApprovePost":null,"OrderNum":1,"WorkPlaceID":20747,"DriverManagerID":150,"BacteriologyResult":null,"AnalyzerId":38,"IsOrderProductionControl":false,"ID":0,"StrID":"0"}
03.09.2026 4:05:34	Information:	Save string: 
03.09.2026 4:05:34	Information:	{"OrderResearchID":67171531,"OrderResearch":{"OrderID":31168581,"ServiceMoID":2163601,"ServiceMoMasterDataID":8269463,"ServiceMo":{"OrgHealthCareID":"45500000000000909","ServiceID":254,"NameRU":"Определение прямого билирубина в сыворотке крови на анализаторе","NameKZ":"Қан сарысуындағы тікелей  билирубинді талдауышта анықтау ","Name":"Определение прямого билирубина в сыворотке крови на анализаторе","ShortNameRU":"Определение прямого билирубина в сыворотке крови на анализаторе","ShortNameKZ":"Қан сарысуындағы тікелей  билирубинді талдауышта анықтау ","ShortName":"Определение прямого билирубина в сыворотке крови на анализаторе","FullName":"B03.435.002 - Определение прямого билирубина в сыворотке крови на анализаторе","Code":"B03.435.002","ExternalCode":null,"ServiceClassID":5,"ServiceClass":{"ServiceTypeID":2,"OrderBy":5,"MasterDataID":5,"NameRU":"Клиническая химия (биохимия)","NameKZ":"Клиникалық химия (биохимия)","Name":"Клиническая химия (биохимия)","PublicCode":"500","EndDate":null,"ID":"5","StrID":"5"},"Service":{"NameRU":"Определение прямого билирубина в сыворотке крови на анализаторе","NameKZ":"Қан сарысуындағы тікелей билирубинді талдауышта анықтау","Name":"Определение прямого билирубина в сыворотке крови на анализаторе","ShortNameRU":"Прямой Bi на анализаторе","ShortNameKZ":"Прямой Bi на анализаторе","ShortName":"Прямой Bi на анализаторе","FullName":"B03.435.002 - Определение прямого билирубина в сыворотке крови на анализаторе","Code":"B03.435.002","ServiceClassID":5,"ServiceClass":null,"ServiceSubClassID":6,"ServiceSubClass":null,"MaterialTypeID":202,"MaterialType":null,"MasterDataID":3095,"ID":"254","StrID":"254"},"MasterDataID":8269463,"ServiceSubClassID":6,"PayType":1,"ServiceSubClass":null,"ID":"2163601","StrID":"2163601"},"FullName":"B03.435.002 - Определение прямого билирубина в сыворотке крови на анализаторе  () ","IsMain":true,"SourceID":"145167075_34028061","WorkPlaceID":20747,"WorkPlace":null,"DriverManager":null,"ParameterID":null,"Parameter":null,"AdditionalInfo":null,"Status":1,"PerformetServiceCount":7,"ResearchResultCount":0,"ApproveResearchResultCount":0,"NotSaveResearchResultCount":0,"ParentID":null,"ScreeningCandidatePlanGuid":null,"ScreeningUrl":null,"TakePlace":null,"MaterialTypeID":null,"MaterialType":null,"PartCount":0,"IsOrderProductionControl":false,"Uid":"48ec781c-1559-4c42-9944-5bbc0009b9c9","OrderPerformerServices":[],"OrderResearchAllergens":[],"Results":[],"IsResumed":false,"ExecutionType":0,"ID":"67171531","StrID":"67171531"},"ParameterID":201032,"Parameter":{"ShortNameRU":"прямой билирубин в сыворотке крови","ShortNameKZ":"қан сарысуындағы тікелей билирубин","ShortName":"прямой билирубин в сыворотке крови","DataType":0,"DataTypeName":"Число","UnitTypeID":100041,"UnitType":null,"MedicalFormID":null,"MasterDataID":0,"MedicalForm":null,"NameWithDataType":"прямой билирубин в сыворотке крови  (Число)","NameRU":"прямой билирубин в сыворотке крови","NameKZ":"қан сарысуындағы тікелей билирубин","Name":"прямой билирубин в сыворотке крови","PublicCode":"20103200","EndDate":null,"ID":"201032","StrID":"201032"},"ParameterValues":null,"ParameterValueID":null,"ParameterValue":null,"ResultText":"3.01","ResultValue":"3.01","ResultDate":"2026-09-03T04:05:34.6703527+05:00","PostID":"189416","Post":null,"ExecuteMethod":2,"SourceResultText":"3.01","SourceResultValue":"3.01","SourceResultExpression":null,"SourceUnitTypeID":100041,"SourceUnitType":{"OrderBy":42,"MasterDataID":null,"CDD_ID":null,"NameRU":"мкмоль/л","NameKZ":"мкмоль/л","Name":"мкмоль/л","PublicCode":"10004100","EndDate":null,"ID":"100041","StrID":"100041"},"MultiplierID":null,"IsApproved":false,"IsValidated":false,"StandardMatchType":0,"ApproveDate":null,"ApprovePostID":null,"ApprovePost":null,"OrderNum":1,"WorkPlaceID":20747,"OrderID":null,"BacteriologyResult":null,"AnalyzerId":38,"IsOrderProductionControl":false,"ID":"207450903","StrID":"207450903"}
03.09.2026 4:05:34	Information:	Result object to save: 
03.09.2026 4:05:34	Information:	{"OrderResearchID":67171529,"OrderResearch":null,"ParameterID":200919,"Parameter":{"ShortNameRU":"общий билирубин в сыворотке крови","ShortNameKZ":"қан сарысуындағы жалпы билирубин","ShortName":"общий билирубин в сыворотке крови","DataType":0,"DataTypeName":"Число","UnitTypeID":100041,"UnitType":{"NameRU":"мкмоль/л","NameKZ":"мкмоль/л","Name":"мкмоль/л","PublicCode":"10004100","OrderBy":42,"ID":100041,"StrID":"100041"},"MedicalFormID":null,"MedicalForm":null,"NameRU":"общий билирубин в сыворотке крови","NameKZ":"қан сарысуындағы жалпы билирубин","Name":"общий билирубин в сыворотке крови","PublicCode":"20091900","OrderBy":null,"ID":200919,"StrID":"200919"},"ParameterValueID":null,"ParameterValue":null,"ResultText":"9.88","ResultValue":null,"ResultDate":"2026-09-03T04:05:34.3254042+05:00","PostID":0,"Post":null,"ExecuteMethod":2,"SourceResultText":"9.88","SourceResultValue":null,"SourceResultExpression":null,"SourceUnitTypeID":100041,"SourceUnitType":{"NameRU":"мкмоль/л","NameKZ":"мкмоль/л","Name":"мкмоль/л","PublicCode":"10004100","OrderBy":42,"ID":100041,"StrID":"100041"},"IsApproved":false,"ApproveDate":null,"ApprovePostID":null,"ApprovePost":null,"OrderNum":1,"WorkPlaceID":20747,"DriverManagerID":150,"BacteriologyResult":null,"AnalyzerId":38,"IsOrderProductionControl":false,"ID":0,"StrID":"0"}
03.09.2026 4:05:34	Information:	Save string: 
03.09.2026 4:05:34	Information:	{"OrderResearchID":67171529,"OrderResearch":{"OrderID":31168581,"ServiceMoID":2163626,"ServiceMoMasterDataID":8269464,"ServiceMo":{"OrgHealthCareID":"45500000000000909","ServiceID":255,"NameRU":"Определение общего билирубина в сыворотке крови на анализаторе","NameKZ":"Қан сарысуындағы жалпы  билирубинді талдауышта анықтау в сыворотке крови на анализаторе","Name":"Определение общего билирубина в сыворотке крови на анализаторе","ShortNameRU":"Определение общего билирубина в сыворотке крови на анализаторе","ShortNameKZ":"Қан сарысуындағы жалпы  билирубинді талдауышта анықтау в сыворотке крови на анализаторе","ShortName":"Определение общего билирубина в сыворотке крови на анализаторе","FullName":"B03.398.002 - Определение общего билирубина в сыворотке крови на анализаторе","Code":"B03.398.002","ExternalCode":null,"ServiceClassID":5,"ServiceClass":{"ServiceTypeID":2,"OrderBy":5,"MasterDataID":5,"NameRU":"Клиническая химия (биохимия)","NameKZ":"Клиникалық химия (биохимия)","Name":"Клиническая химия (биохимия)","PublicCode":"500","EndDate":null,"ID":"5","StrID":"5"},"Service":{"NameRU":"Определение общего билирубина в сыворотке крови на анализаторе","NameKZ":"Қан сарысуындағы жалпы билирубинді талдауышта анықтау в сыворотке крови на анализаторе","Name":"Определение общего билирубина в сыворотке крови на анализаторе","ShortNameRU":"Общий Bi на анализаторе","ShortNameKZ":"Общий Bi на анализаторе","ShortName":"Общий Bi на анализаторе","FullName":"B03.398.002 - Определение общего билирубина в сыворотке крови на анализаторе","Code":"B03.398.002","ServiceClassID":5,"ServiceClass":null,"ServiceSubClassID":6,"ServiceSubClass":null,"MaterialTypeID":202,"MaterialType":null,"MasterDataID":3096,"ID":"255","StrID":"255"},"MasterDataID":8269464,"ServiceSubClassID":6,"PayType":1,"ServiceSubClass":null,"ID":"2163626","StrID":"2163626"},"FullName":"B03.398.002 - Определение общего билирубина в сыворотке крови на анализаторе  () ","IsMain":true,"SourceID":"145167075_34028057","WorkPlaceID":20747,"WorkPlace":null,"DriverManager":null,"ParameterID":null,"Parameter":null,"AdditionalInfo":null,"Status":1,"PerformetServiceCount":7,"ResearchResultCount":0,"ApproveResearchResultCount":0,"NotSaveResearchResultCount":0,"ParentID":null,"ScreeningCandidatePlanGuid":null,"ScreeningUrl":null,"TakePlace":null,"MaterialTypeID":null,"MaterialType":null,"PartCount":0,"IsOrderProductionControl":false,"Uid":"565cda1f-07a5-49d1-974c-711a32db7282","OrderPerformerServices":[],"OrderResearchAllergens":[],"Results":[],"IsResumed":false,"ExecutionType":0,"ID":"67171529","StrID":"67171529"},"ParameterID":200919,"Parameter":{"ShortNameRU":"общий билирубин в сыворотке крови","ShortNameKZ":"қан сарысуындағы жалпы билирубин","ShortName":"общий билирубин в сыворотке крови","DataType":0,"DataTypeName":"Число","UnitTypeID":100041,"UnitType":null,"MedicalFormID":null,"MasterDataID":0,"MedicalForm":null,"NameWithDataType":"общий билирубин в сыворотке крови  (Число)","NameRU":"общий билирубин в сыворотке крови","NameKZ":"қан сарысуындағы жалпы билирубин","Name":"общий билирубин в сыворотке крови","PublicCode":"20091900","EndDate":null,"ID":"200919","StrID":"200919"},"ParameterValues":null,"ParameterValueID":null,"ParameterValue":null,"ResultText":"9.88","ResultValue":"9.88","ResultDate":"2026-09-03T04:05:34.7172239+05:00","PostID":"189416","Post":null,"ExecuteMethod":2,"SourceResultText":"9.88","SourceResultValue":"9.88","SourceResultExpression":null,"SourceUnitTypeID":100041,"SourceUnitType":{"OrderBy":42,"MasterDataID":null,"CDD_ID":null,"NameRU":"мкмоль/л","NameKZ":"мкмоль/л","Name":"мкмоль/л","PublicCode":"10004100","EndDate":null,"ID":"100041","StrID":"100041"},"MultiplierID":null,"IsApproved":false,"IsValidated":false,"StandardMatchType":0,"ApproveDate":null,"ApprovePostID":null,"ApprovePost":null,"OrderNum":1,"WorkPlaceID":20747,"OrderID":null,"BacteriologyResult":null,"AnalyzerId":38,"IsOrderProductionControl":false,"ID":"207450904","StrID":"207450904"}
03.09.2026 4:05:34	Information:	Result object to save: 
03.09.2026 4:05:34	Information:	{"OrderResearchID":67171532,"OrderResearch":null,"ParameterID":200408,"Parameter":{"ShortNameRU":"АСаТ","ShortNameKZ":"АСаТ","ShortName":"АСаТ","DataType":0,"DataTypeName":"Число","UnitTypeID":100030,"UnitType":{"NameRU":"МЕ/л","NameKZ":"ХБ/л","Name":"МЕ/л","PublicCode":"10003000","OrderBy":31,"ID":100030,"StrID":"100030"},"MedicalFormID":null,"MedicalForm":null,"NameRU":"АСаТ","NameKZ":"АСаТ","Name":"АСаТ","PublicCode":"20040800","OrderBy":null,"ID":200408,"StrID":"200408"},"ParameterValueID":null,"ParameterValue":null,"ResultText":"57.98","ResultValue":null,"ResultDate":"2026-09-03T04:05:34.3254042+05:00","PostID":0,"Post":null,"ExecuteMethod":2,"SourceResultText":"57.98","SourceResultValue":null,"SourceResultExpression":null,"SourceUnitTypeID":100030,"SourceUnitType":{"NameRU":"МЕ/л","NameKZ":"ХБ/л","Name":"МЕ/л","PublicCode":"10003000","OrderBy":31,"ID":100030,"StrID":"100030"},"IsApproved":false,"ApproveDate":null,"ApprovePostID":null,"ApprovePost":null,"OrderNum":1,"WorkPlaceID":20747,"DriverManagerID":150,"BacteriologyResult":null,"AnalyzerId":38,"IsOrderProductionControl":false,"ID":0,"StrID":"0"}
03.09.2026 4:05:34	Information:	Save string: 
03.09.2026 4:05:34	Information:	{"OrderResearchID":67171532,"OrderResearch":{"OrderID":31168581,"ServiceMoID":2163651,"ServiceMoMasterDataID":8269465,"ServiceMo":{"OrgHealthCareID":"45500000000000909","ServiceID":256,"NameRU":"Определение аспартатаминотрансферазы (АСаТ) в сыворотке крови на анализаторе","NameKZ":"Қан сарысуындағы  аспартатаминотрансферазды  (АСаТ) талдауышта анықтау  ","Name":"Определение аспартатаминотрансферазы (АСаТ) в сыворотке крови на анализаторе","ShortNameRU":"Определение аспартатаминотрансферазы (АСаТ) в сыворотке крови на анализаторе","ShortNameKZ":"Қан сарысуындағы  аспартатаминотрансферазды  (АСаТ) талдауышта анықтау  ","ShortName":"Определение аспартатаминотрансферазы (АСаТ) в сыворотке крови на анализаторе","FullName":"B03.293.002 - Определение аспартатаминотрансферазы (АСаТ) в сыворотке крови на анализаторе","Code":"B03.293.002","ExternalCode":null,"ServiceClassID":5,"ServiceClass":{"ServiceTypeID":2,"OrderBy":5,"MasterDataID":5,"NameRU":"Клиническая химия (биохимия)","NameKZ":"Клиникалық химия (биохимия)","Name":"Клиническая химия (биохимия)","PublicCode":"500","EndDate":null,"ID":"5","StrID":"5"},"Service":{"NameRU":"Определение аспартатаминотрансферазы (АСаТ) в сыворотке крови на анализаторе","NameKZ":"Қан сарысуындағы аспартатаминотрансферазды (АСаТ) талдауышта анықтау","Name":"Определение аспартатаминотрансферазы (АСаТ) в сыворотке крови на анализаторе","ShortNameRU":"АСаТ на анализаторе","ShortNameKZ":"АСаТ на анализаторе","ShortName":"АСаТ на анализаторе","FullName":"B03.293.002 - Определение аспартатаминотрансферазы (АСаТ) в сыворотке крови на анализаторе","Code":"B03.293.002","ServiceClassID":5,"ServiceClass":null,"ServiceSubClassID":6,"ServiceSubClass":null,"MaterialTypeID":202,"MaterialType":null,"MasterDataID":3097,"ID":"256","StrID":"256"},"MasterDataID":8269465,"ServiceSubClassID":6,"PayType":1,"ServiceSubClass":null,"ID":"2163651","StrID":"2163651"},"FullName":"B03.293.002 - Определение аспартатаминотрансферазы (АСаТ) в сыворотке крови на анализаторе  () ","IsMain":true,"SourceID":"145167075_34028059","WorkPlaceID":20747,"WorkPlace":null,"DriverManager":null,"ParameterID":null,"Parameter":null,"AdditionalInfo":null,"Status":1,"PerformetServiceCount":7,"ResearchResultCount":0,"ApproveResearchResultCount":0,"NotSaveResearchResultCount":0,"ParentID":null,"ScreeningCandidatePlanGuid":null,"ScreeningUrl":null,"TakePlace":null,"MaterialTypeID":null,"MaterialType":null,"PartCount":0,"IsOrderProductionControl":false,"Uid":"e6bfdb69-e0bb-4645-9c69-608039f1c59c","OrderPerformerServices":[],"OrderResearchAllergens":[],"Results":[],"IsResumed":false,"ExecutionType":0,"ID":"67171532","StrID":"67171532"},"ParameterID":200408,"Parameter":{"ShortNameRU":"АСаТ","ShortNameKZ":"АСаТ","ShortName":"АСаТ","DataType":0,"DataTypeName":"Число","UnitTypeID":100030,"UnitType":null,"MedicalFormID":null,"MasterDataID":0,"MedicalForm":null,"NameWithDataType":"АСаТ  (Число)","NameRU":"АСаТ","NameKZ":"АСаТ","Name":"АСаТ","PublicCode":"20040800","EndDate":null,"ID":"200408","StrID":"200408"},"ParameterValues":null,"ParameterValueID":null,"ParameterValue":null,"ResultText":"57.98","ResultValue":"57.98","ResultDate":"2026-09-03T04:05:34.7640952+05:00","PostID":"189416","Post":null,"ExecuteMethod":2,"SourceResultText":"57.98","SourceResultValue":"57.98","SourceResultExpression":null,"SourceUnitTypeID":100030,"SourceUnitType":{"OrderBy":31,"MasterDataID":null,"CDD_ID":null,"NameRU":"МЕ/л","NameKZ":"ХБ/л","Name":"МЕ/л","PublicCode":"10003000","EndDate":null,"ID":"100030","StrID":"100030"},"MultiplierID":null,"IsApproved":false,"IsValidated":false,"StandardMatchType":0,"ApproveDate":null,"ApprovePostID":null,"ApprovePost":null,"OrderNum":1,"WorkPlaceID":20747,"OrderID":null,"BacteriologyResult":null,"AnalyzerId":38,"IsOrderProductionControl":false,"ID":"207450905","StrID":"207450905"}
03.09.2026 4:05:34	Information:	Result object to save: 
03.09.2026 4:05:34	Information:	{"OrderResearchID":67171533,"OrderResearch":null,"ParameterID":200549,"Parameter":{"ShortNameRU":"глюкоза в сыворотке крови","ShortNameKZ":"қан сарысуындағы глюкоза","ShortName":"глюкоза в сыворотке крови","DataType":0,"DataTypeName":"Число","UnitTypeID":100051,"UnitType":{"NameRU":"ммоль/л","NameKZ":"ммоль/л","Name":"ммоль/л","PublicCode":"10005100","OrderBy":52,"ID":100051,"StrID":"100051"},"MedicalFormID":null,"MedicalForm":null,"NameRU":"глюкоза в сыворотке крови","NameKZ":"қан сарысуындағы глюкоза","Name":"глюкоза в сыворотке крови","PublicCode":"20054900","OrderBy":null,"ID":200549,"StrID":"200549"},"ParameterValueID":null,"ParameterValue":null,"ResultText":"4.84","ResultValue":null,"ResultDate":"2026-09-03T04:05:34.3254042+05:00","PostID":0,"Post":null,"ExecuteMethod":2,"SourceResultText":"4.84","SourceResultValue":null,"SourceResultExpression":null,"SourceUnitTypeID":100051,"SourceUnitType":{"NameRU":"ммоль/л","NameKZ":"ммоль/л","Name":"ммоль/л","PublicCode":"10005100","OrderBy":52,"ID":100051,"StrID":"100051"},"IsApproved":false,"ApproveDate":null,"ApprovePostID":null,"ApprovePost":null,"OrderNum":1,"WorkPlaceID":20747,"DriverManagerID":150,"BacteriologyResult":null,"AnalyzerId":38,"IsOrderProductionControl":false,"ID":0,"StrID":"0"}
03.09.2026 4:05:34	Information:	Save string: 
03.09.2026 4:05:34	Information:	{"OrderResearchID":67171533,"OrderResearch":{"OrderID":31168581,"ServiceMoID":2164501,"ServiceMoMasterDataID":8269499,"ServiceMo":{"OrgHealthCareID":"45500000000000909","ServiceID":290,"NameRU":"Определение глюкозы в сыворотке крови на анализаторе","NameKZ":"Қан сарысуындағы глюкозаны талдауышта анықтау ","Name":"Определение глюкозы в сыворотке крови на анализаторе","ShortNameRU":"Определение глюкозы в сыворотке крови на анализаторе","ShortNameKZ":"Қан сарысуындағы глюкозаны талдауышта анықтау ","ShortName":"Определение глюкозы в сыворотке крови на анализаторе","FullName":"B03.335.002 - Определение глюкозы в сыворотке крови на анализаторе","Code":"B03.335.002","ExternalCode":null,"ServiceClassID":5,"ServiceClass":{"ServiceTypeID":2,"OrderBy":5,"MasterDataID":5,"NameRU":"Клиническая химия (биохимия)","NameKZ":"Клиникалық химия (биохимия)","Name":"Клиническая химия (биохимия)","PublicCode":"500","EndDate":null,"ID":"5","StrID":"5"},"Service":{"NameRU":"Определение глюкозы в сыворотке крови на анализаторе","NameKZ":"Қан сарысуындағы глюкозаны талдауышта анықтау","Name":"Определение глюкозы в сыворотке крови на анализаторе","ShortNameRU":"Глюкоза в сыворотке крови на анализаторе","ShortNameKZ":"Глюкоза в сыворотке крови на анализаторе","ShortName":"Глюкоза в сыворотке крови на анализаторе","FullName":"B03.335.002 - Определение глюкозы в сыворотке крови на анализаторе","Code":"B03.335.002","ServiceClassID":5,"ServiceClass":null,"ServiceSubClassID":6,"ServiceSubClass":null,"MaterialTypeID":202,"MaterialType":null,"MasterDataID":3131,"ID":"290","StrID":"290"},"MasterDataID":8269499,"ServiceSubClassID":6,"PayType":1,"ServiceSubClass":null,"ID":"2164501","StrID":"2164501"},"FullName":"B03.335.002 - Определение глюкозы в сыворотке крови на анализаторе  () ","IsMain":true,"SourceID":"145167075_34028060","WorkPlaceID":20747,"WorkPlace":null,"DriverManager":null,"ParameterID":null,"Parameter":null,"AdditionalInfo":null,"Status":1,"PerformetServiceCount":7,"ResearchResultCount":0,"ApproveResearchResultCount":0,"NotSaveResearchResultCount":0,"ParentID":null,"ScreeningCandidatePlanGuid":null,"ScreeningUrl":null,"TakePlace":null,"MaterialTypeID":null,"MaterialType":null,"PartCount":0,"IsOrderProductionControl":false,"Uid":"f28f62f3-de49-4b33-950b-ebe5cf2d6584","OrderPerformerServices":[],"OrderResearchAllergens":[],"Results":[],"IsResumed":false,"ExecutionType":0,"ID":"67171533","StrID":"67171533"},"ParameterID":200549,"Parameter":{"ShortNameRU":"глюкоза в сыворотке крови","ShortNameKZ":"қан сарысуындағы глюкоза","ShortName":"глюкоза в сыворотке крови","DataType":0,"DataTypeName":"Число","UnitTypeID":100051,"UnitType":null,"MedicalFormID":null,"MasterDataID":0,"MedicalForm":null,"NameWithDataType":"глюкоза в сыворотке крови  (Число)","NameRU":"глюкоза в сыворотке крови","NameKZ":"қан сарысуындағы глюкоза","Name":"глюкоза в сыворотке крови","PublicCode":"20054900","EndDate":null,"ID":"200549","StrID":"200549"},"ParameterValues":null,"ParameterValueID":null,"ParameterValue":null,"ResultText":"4.84","ResultValue":"4.84","ResultDate":"2026-09-03T04:05:34.8109663+05:00","PostID":"189416","Post":null,"ExecuteMethod":2,"SourceResultText":"4.84","SourceResultValue":"4.84","SourceResultExpression":null,"SourceUnitTypeID":100051,"SourceUnitType":{"OrderBy":52,"MasterDataID":null,"CDD_ID":null,"NameRU":"ммоль/л","NameKZ":"ммоль/л","Name":"ммоль/л","PublicCode":"10005100","EndDate":null,"ID":"100051","StrID":"100051"},"MultiplierID":null,"IsApproved":false,"IsValidated":false,"StandardMatchType":0,"ApproveDate":null,"ApprovePostID":null,"ApprovePost":null,"OrderNum":1,"WorkPlaceID":20747,"OrderID":null,"BacteriologyResult":null,"AnalyzerId":38,"IsOrderProductionControl":false,"ID":"207450906","StrID":"207450906"}
03.09.2026 4:05:34	Information:	Result object to save: 
03.09.2026 4:05:34	Information:	{"OrderResearchID":67171534,"OrderResearch":null,"ParameterID":200852,"Parameter":{"ShortNameRU":"мочевина в сыворотке крови","ShortNameKZ":"қан сарысуындағы несепнәр","ShortName":"мочевина в сыворотке крови","DataType":0,"DataTypeName":"Число","UnitTypeID":100051,"UnitType":{"NameRU":"ммоль/л","NameKZ":"ммоль/л","Name":"ммоль/л","PublicCode":"10005100","OrderBy":52,"ID":100051,"StrID":"100051"},"MedicalFormID":null,"MedicalForm":null,"NameRU":"мочевина в сыворотке крови","NameKZ":"қан сарысуындағы несепнәр","Name":"мочевина в сыворотке крови","PublicCode":"20085200","OrderBy":null,"ID":200852,"StrID":"200852"},"ParameterValueID":null,"ParameterValue":null,"ResultText":"3.24","ResultValue":null,"ResultDate":"2026-09-03T04:05:34.3254042+05:00","PostID":0,"Post":null,"ExecuteMethod":2,"SourceResultText":"3.24","SourceResultValue":null,"SourceResultExpression":null,"SourceUnitTypeID":100051,"SourceUnitType":{"NameRU":"ммоль/л","NameKZ":"ммоль/л","Name":"ммоль/л","PublicCode":"10005100","OrderBy":52,"ID":100051,"StrID":"100051"},"IsApproved":false,"ApproveDate":null,"ApprovePostID":null,"ApprovePost":null,"OrderNum":1,"WorkPlaceID":20747,"DriverManagerID":150,"BacteriologyResult":null,"AnalyzerId":38,"IsOrderProductionControl":false,"ID":0,"StrID":"0"}
03.09.2026 4:05:34	Information:	Save string: 
03.09.2026 4:05:34	Information:	{"OrderResearchID":67171534,"OrderResearch":{"OrderID":31168581,"ServiceMoID":2164626,"ServiceMoMasterDataID":8269504,"ServiceMo":{"OrgHealthCareID":"45500000000000909","ServiceID":295,"NameRU":"Определение мочевины в сыворотке крови на анализаторе","NameKZ":"Қан сарысуындағы несепнәрді  талдауышта анықтау ","Name":"Определение мочевины в сыворотке крови на анализаторе","ShortNameRU":"Определение мочевины в сыворотке крови на анализаторе","ShortNameKZ":"Қан сарысуындағы несепнәрді  талдауышта анықтау ","ShortName":"Определение мочевины в сыворотке крови на анализаторе","FullName":"B03.386.002 - Определение мочевины в сыворотке крови на анализаторе","Code":"B03.386.002","ExternalCode":null,"ServiceClassID":5,"ServiceClass":{"ServiceTypeID":2,"OrderBy":5,"MasterDataID":5,"NameRU":"Клиническая химия (биохимия)","NameKZ":"Клиникалық химия (биохимия)","Name":"Клиническая химия (биохимия)","PublicCode":"500","EndDate":null,"ID":"5","StrID":"5"},"Service":{"NameRU":"Определение мочевины в сыворотке крови на анализаторе","NameKZ":"Қан сарысуындағы несепнәрді талдауышта анықтау","Name":"Определение мочевины в сыворотке крови на анализаторе","ShortNameRU":"Мочевина на анализаторе","ShortNameKZ":"Мочевина на анализаторе","ShortName":"Мочевина на анализаторе","FullName":"B03.386.002 - Определение мочевины в сыворотке крови на анализаторе","Code":"B03.386.002","ServiceClassID":5,"ServiceClass":null,"ServiceSubClassID":6,"ServiceSubClass":null,"MaterialTypeID":202,"MaterialType":null,"MasterDataID":3136,"ID":"295","StrID":"295"},"MasterDataID":8269504,"ServiceSubClassID":6,"PayType":1,"ServiceSubClass":null,"ID":"2164626","StrID":"2164626"},"FullName":"B03.386.002 - Определение мочевины в сыворотке крови на анализаторе  () ","IsMain":true,"SourceID":"145167075_34028056","WorkPlaceID":20747,"WorkPlace":null,"DriverManager":null,"ParameterID":null,"Parameter":null,"AdditionalInfo":null,"Status":1,"PerformetServiceCount":7,"ResearchResultCount":0,"ApproveResearchResultCount":0,"NotSaveResearchResultCount":0,"ParentID":null,"ScreeningCandidatePlanGuid":null,"ScreeningUrl":null,"TakePlace":null,"MaterialTypeID":null,"MaterialType":null,"PartCount":0,"IsOrderProductionControl":false,"Uid":"e5ff4b1a-9ff3-4a1c-9089-871c66684a10","OrderPerformerServices":[],"OrderResearchAllergens":[],"Results":[],"IsResumed":false,"ExecutionType":0,"ID":"67171534","StrID":"67171534"},"ParameterID":200852,"Parameter":{"ShortNameRU":"мочевина в сыворотке крови","ShortNameKZ":"қан сарысуындағы несепнәр","ShortName":"мочевина в сыворотке крови","DataType":0,"DataTypeName":"Число","UnitTypeID":100051,"UnitType":null,"MedicalFormID":null,"MasterDataID":0,"MedicalForm":null,"NameWithDataType":"мочевина в сыворотке крови  (Число)","NameRU":"мочевина в сыворотке крови","NameKZ":"қан сарысуындағы несепнәр","Name":"мочевина в сыворотке крови","PublicCode":"20085200","EndDate":null,"ID":"200852","StrID":"200852"},"ParameterValues":null,"ParameterValueID":null,"ParameterValue":null,"ResultText":"3.24","ResultValue":"3.24","ResultDate":"2026-09-03T04:05:34.8630074+05:00","PostID":"189416","Post":null,"ExecuteMethod":2,"SourceResultText":"3.24","SourceResultValue":"3.24","SourceResultExpression":null,"SourceUnitTypeID":100051,"SourceUnitType":{"OrderBy":52,"MasterDataID":null,"CDD_ID":null,"NameRU":"ммоль/л","NameKZ":"ммоль/л","Name":"ммоль/л","PublicCode":"10005100","EndDate":null,"ID":"100051","StrID":"100051"},"MultiplierID":null,"IsApproved":false,"IsValidated":false,"StandardMatchType":0,"ApproveDate":null,"ApprovePostID":null,"ApprovePost":null,"OrderNum":1,"WorkPlaceID":20747,"OrderID":null,"BacteriologyResult":null,"AnalyzerId":38,"IsOrderProductionControl":false,"ID":"207450907","StrID":"207450907"}
03.09.2026 4:05:34	Information:	Result object to save: 
03.09.2026 4:05:34	Information:	{"OrderResearchID":67171527,"OrderResearch":null,"ParameterID":200744,"Parameter":{"ShortNameRU":"креатинин в крови","ShortNameKZ":"қандағы креатинин","ShortName":"креатинин в крови","DataType":0,"DataTypeName":"Число","UnitTypeID":100041,"UnitType":{"NameRU":"мкмоль/л","NameKZ":"мкмоль/л","Name":"мкмоль/л","PublicCode":"10004100","OrderBy":42,"ID":100041,"StrID":"100041"},"MedicalFormID":null,"MedicalForm":null,"NameRU":"креатинин в крови","NameKZ":"қандағы креатинин","Name":"креатинин в крови","PublicCode":"20074400","OrderBy":null,"ID":200744,"StrID":"200744"},"ParameterValueID":null,"ParameterValue":null,"ResultText":"37.23","ResultValue":null,"ResultDate":"2026-09-03T04:05:34.3254042+05:00","PostID":0,"Post":null,"ExecuteMethod":2,"SourceResultText":"37.23","SourceResultValue":null,"SourceResultExpression":null,"SourceUnitTypeID":100041,"SourceUnitType":{"NameRU":"мкмоль/л","NameKZ":"мкмоль/л","Name":"мкмоль/л","PublicCode":"10004100","OrderBy":42,"ID":100041,"StrID":"100041"},"IsApproved":false,"ApproveDate":null,"ApprovePostID":null,"ApprovePost":null,"OrderNum":1,"WorkPlaceID":20747,"DriverManagerID":150,"BacteriologyResult":null,"AnalyzerId":38,"IsOrderProductionControl":false,"ID":0,"StrID":"0"}
03.09.2026 4:05:34	Information:	Save string: 
03.09.2026 4:05:34	Information:	{"OrderResearchID":67171527,"OrderResearch":{"OrderID":31168581,"ServiceMoID":2164651,"ServiceMoMasterDataID":8269505,"ServiceMo":{"OrgHealthCareID":"45500000000000909","ServiceID":296,"NameRU":"Определение креатинина в сыворотке крови на анализаторе","NameKZ":"Қан сарысуындағы  креатининді талдауышта анықтау ","Name":"Определение креатинина в сыворотке крови на анализаторе","ShortNameRU":"Определение креатинина в сыворотке крови на анализаторе","ShortNameKZ":"Қан сарысуындағы  креатининді талдауышта анықтау ","ShortName":"Определение креатинина в сыворотке крови на анализаторе","FullName":"B03.363.002 - Определение креатинина в сыворотке крови на анализаторе","Code":"B03.363.002","ExternalCode":null,"ServiceClassID":5,"ServiceClass":{"ServiceTypeID":2,"OrderBy":5,"MasterDataID":5,"NameRU":"Клиническая химия (биохимия)","NameKZ":"Клиникалық химия (биохимия)","Name":"Клиническая химия (биохимия)","PublicCode":"500","EndDate":null,"ID":"5","StrID":"5"},"Service":{"NameRU":"Определение креатинина в сыворотке крови на анализаторе","NameKZ":"Қан сарысуындағы креатининді талдауышта анықтау","Name":"Определение креатинина в сыворотке крови на анализаторе","ShortNameRU":"Креатинин на анализаторе","ShortNameKZ":"Креатинин на анализаторе","ShortName":"Креатинин на анализаторе","FullName":"B03.363.002 - Определение креатинина в сыворотке крови на анализаторе","Code":"B03.363.002","ServiceClassID":5,"ServiceClass":null,"ServiceSubClassID":6,"ServiceSubClass":null,"MaterialTypeID":202,"MaterialType":null,"MasterDataID":3137,"ID":"296","StrID":"296"},"MasterDataID":8269505,"ServiceSubClassID":6,"PayType":1,"ServiceSubClass":null,"ID":"2164651","StrID":"2164651"},"FullName":"B03.363.002 - Определение креатинина в сыворотке крови на анализаторе  () ","IsMain":true,"SourceID":"145167075_34028055","WorkPlaceID":20747,"WorkPlace":null,"DriverManager":null,"ParameterID":null,"Parameter":null,"AdditionalInfo":null,"Status":1,"PerformetServiceCount":7,"ResearchResultCount":0,"ApproveResearchResultCount":0,"NotSaveResearchResultCount":0,"ParentID":null,"ScreeningCandidatePlanGuid":null,"ScreeningUrl":null,"TakePlace":null,"MaterialTypeID":null,"MaterialType":null,"PartCount":0,"IsOrderProductionControl":false,"Uid":"18849d6d-1c01-4163-9b71-f15d62356059","OrderPerformerServices":[],"OrderResearchAllergens":[],"Results":[],"IsResumed":false,"ExecutionType":0,"ID":"67171527","StrID":"67171527"},"ParameterID":200744,"Parameter":{"ShortNameRU":"креатинин в крови","ShortNameKZ":"қандағы креатинин","ShortName":"креатинин в крови","DataType":0,"DataTypeName":"Число","UnitTypeID":100041,"UnitType":null,"MedicalFormID":null,"MasterDataID":0,"MedicalForm":null,"NameWithDataType":"креатинин в крови  (Число)","NameRU":"креатинин в крови","NameKZ":"қандағы креатинин","Name":"креатинин в крови","PublicCode":"20074400","EndDate":null,"ID":"200744","StrID":"200744"},"ParameterValues":null,"ParameterValueID":null,"ParameterValue":null,"ResultText":"37.23","ResultValue":"37.23","ResultDate":"2026-09-03T04:05:34.9047607+05:00","PostID":"189416","Post":null,"ExecuteMethod":2,"SourceResultText":"37.23","SourceResultValue":"37.23","SourceResultExpression":null,"SourceUnitTypeID":100041,"SourceUnitType":{"OrderBy":42,"MasterDataID":null,"CDD_ID":null,"NameRU":"мкмоль/л","NameKZ":"мкмоль/л","Name":"мкмоль/л","PublicCode":"10004100","EndDate":null,"ID":"100041","StrID":"100041"},"MultiplierID":null,"IsApproved":false,"IsValidated":false,"StandardMatchType":0,"ApproveDate":null,"ApprovePostID":null,"ApprovePost":null,"OrderNum":1,"WorkPlaceID":20747,"OrderID":null,"BacteriologyResult":null,"AnalyzerId":38,"IsOrderProductionControl":false,"ID":"207450908","StrID":"207450908"}
03.09.2026 4:05:34	Debug:	 SendResults SaveDeviceResults = 483 ms
03.09.2026 4:05:34	Debug:	 total for SendResults = 844 ms
03.09.2026 4:06:16	Information:	url https://lab-vko.dmed.kz/ /api/DriverManager/PingDevice
03.09.2026 4:06:16	Information:	{
"Hash": "w9LjvpRCyoByGV3Lzv0iX9dSI0tLK0uV+pRojL1kufc=",
"Status": 0
}


03.09.2026 4:06:16	Information:	Ping ret is {"Status":0,"Comment":null}
03.09.2026 4:08:17	Information:	url https://lab-vko.dmed.kz/ /api/DriverManager/PingDevice
03.09.2026 4:08:17	Information:	{
"Hash": "w9LjvpRCyoByGV3Lzv0iX9dSI0tLK0uV+pRojL1kufc=",
"Status": 0
}


03.09.2026 4:08:17	Information:	Ping ret is {"Status":0,"Comment":null}
03.09.2026 4:10:17	Information:	url https://lab-vko.dmed.kz/ /api/DriverManager/PingDevice
03.09.2026 4:10:17	Information:	{
"Hash": "w9LjvpRCyoByGV3Lzv0iX9dSI0tLK0uV+pRojL1kufc=",
"Status": 0
}


03.09.2026 4:10:17	Information:	Ping ret is {"Status":0,"Comment":null}
03.09.2026 4:12:18	Information:	url https://lab-vko.dmed.kz/ /api/DriverManager/PingDevice
03.09.2026 4:12:18	Information:	{
"Hash": "w9LjvpRCyoByGV3Lzv0iX9dSI0tLK0uV+pRojL1kufc=",
"Status": 0
}


03.09.2026 4:12:18	Information:	Ping ret is {"Status":0,"Comment":null}
03.09.2026 4:14:19	Information:	url https://lab-vko.dmed.kz/ /api/DriverManager/PingDevice
03.09.2026 4:14:19	Information:	{
"Hash": "w9LjvpRCyoByGV3Lzv0iX9dSI0tLK0uV+pRojL1kufc=",
"Status": 0
}


03.09.2026 4:14:19	Information:	Ping ret is {"Status":0,"Comment":null}
03.09.2026 4:14:38	Information:	refresh tokens
03.09.2026 4:16:19	Information:	url https://lab-vko.dmed.kz/ /api/DriverManager/PingDevice
03.09.2026 4:16:19	Information:	{
"Hash": "w9LjvpRCyoByGV3Lzv0iX9dSI0tLK0uV+pRojL1kufc=",
"Status": 0
}


03.09.2026 4:16:19	Information:	Ping ret is {"Status":0,"Comment":null}
03.09.2026 4:18:20	Information:	url https://lab-vko.dmed.kz/ /api/DriverManager/PingDevice
03.09.2026 4:18:20	Information:	{
"Hash": "w9LjvpRCyoByGV3Lzv0iX9dSI0tLK0uV+pRojL1kufc=",
"Status": 0
}


03.09.2026 4:18:20	Information:	Ping ret is {"Status":0,"Comment":null}
03.09.2026 4:20:20	Information:	url https://lab-vko.dmed.kz/ /api/DriverManager/PingDevice
03.09.2026 4:20:20	Information:	{
"Hash": "w9LjvpRCyoByGV3Lzv0iX9dSI0tLK0uV+pRojL1kufc=",
"Status": 0
}


03.09.2026 4:20:20	Information:	Ping ret is {"Status":0,"Comment":null}
03.09.2026 4:22:21	Information:	url https://lab-vko.dmed.kz/ /api/DriverManager/PingDevice
03.09.2026 4:22:21	Information:	{
"Hash": "w9LjvpRCyoByGV3Lzv0iX9dSI0tLK0uV+pRojL1kufc=",
"Status": 0
}


03.09.2026 4:22:21	Information:	Ping ret is {"Status":0,"Comment":null}
03.09.2026 4:24:21	Information:	url https://lab-vko.dmed.kz/ /api/DriverManager/PingDevice
03.09.2026 4:24:21	Information:	{
"Hash": "w9LjvpRCyoByGV3Lzv0iX9dSI0tLK0uV+pRojL1kufc=",
"Status": 0
}


03.09.2026 4:24:21	Information:	Ping ret is {"Status":0,"Comment":null}
03.09.2026 4:24:38	Information:	refresh tokens
03.09.2026 4:26:22	Information:	url https://lab-vko.dmed.kz/ /api/DriverManager/PingDevice
03.09.2026 4:26:22	Information:	{
"Hash": "w9LjvpRCyoByGV3Lzv0iX9dSI0tLK0uV+pRojL1kufc=",
"Status": 0
}


03.09.2026 4:26:22	Information:	Ping ret is {"Status":0,"Comment":null}
03.09.2026 4:28:22	Information:	url https://lab-vko.dmed.kz/ /api/DriverManager/PingDevice
03.09.2026 4:28:22	Information:	{
"Hash": "w9LjvpRCyoByGV3Lzv0iX9dSI0tLK0uV+pRojL1kufc=",
"Status": 0
}


03.09.2026 4:28:22	Information:	Ping ret is {"Status":0,"Comment":null}
03.09.2026 4:30:23	Information:	url https://lab-vko.dmed.kz/ /api/DriverManager/PingDevice
03.09.2026 4:30:23	Information:	{
"Hash": "w9LjvpRCyoByGV3Lzv0iX9dSI0tLK0uV+pRojL1kufc=",
"Status": 0
}


03.09.2026 4:30:23	Information:	Ping ret is {"Status":0,"Comment":null}
03.09.2026 4:32:23	Information:	url https://lab-vko.dmed.kz/ /api/DriverManager/PingDevice
03.09.2026 4:32:23	Information:	{
"Hash": "w9LjvpRCyoByGV3Lzv0iX9dSI0tLK0uV+pRojL1kufc=",
"Status": 0
}


03.09.2026 4:32:23	Information:	Ping ret is {"Status":0,"Comment":null}
03.09.2026 4:34:24	Information:	url https://lab-vko.dmed.kz/ /api/DriverManager/PingDevice
03.09.2026 4:34:24	Information:	{
"Hash": "w9LjvpRCyoByGV3Lzv0iX9dSI0tLK0uV+pRojL1kufc=",
"Status": 0
}


03.09.2026 4:34:24	Information:	Ping ret is {"Status":0,"Comment":null}
03.09.2026 4:34:38	Information:	refresh tokens
03.09.2026 4:36:25	Information:	url https://lab-vko.dmed.kz/ /api/DriverManager/PingDevice
03.09.2026 4:36:25	Information:	{
"Hash": "w9LjvpRCyoByGV3Lzv0iX9dSI0tLK0uV+pRojL1kufc=",
"Status": 0
}


03.09.2026 4:36:25	Information:	Ping ret is {"Status":0,"Comment":null}
03.09.2026 4:38:25	Information:	url https://lab-vko.dmed.kz/ /api/DriverManager/PingDevice
03.09.2026 4:38:25	Information:	{
"Hash": "w9LjvpRCyoByGV3Lzv0iX9dSI0tLK0uV+pRojL1kufc=",
"Status": 0
}


03.09.2026 4:38:25	Information:	Ping ret is {"Status":0,"Comment":null}
03.09.2026 4:40:26	Information:	url https://lab-vko.dmed.kz/ /api/DriverManager/PingDevice
03.09.2026 4:40:26	Information:	{
"Hash": "w9LjvpRCyoByGV3Lzv0iX9dSI0tLK0uV+pRojL1kufc=",
"Status": 0
}


03.09.2026 4:40:26	Information:	Ping ret is {"Status":0,"Comment":null}
03.09.2026 4:42:26	Information:	url https://lab-vko.dmed.kz/ /api/DriverManager/PingDevice
03.09.2026 4:42:26	Information:	{
"Hash": "w9LjvpRCyoByGV3Lzv0iX9dSI0tLK0uV+pRojL1kufc=",
"Status": 0
}


03.09.2026 4:42:26	Information:	Ping ret is {"Status":0,"Comment":null}
03.09.2026 4:44:27	Information:	url https://lab-vko.dmed.kz/ /api/DriverManager/PingDevice
03.09.2026 4:44:27	Information:	{
"Hash": "w9LjvpRCyoByGV3Lzv0iX9dSI0tLK0uV+pRojL1kufc=",
"Status": 0
}


03.09.2026 4:44:27	Information:	Ping ret is {"Status":0,"Comment":null}
03.09.2026 4:44:38	Information:	refresh tokens
03.09.2026 4:46:27	Information:	url https://lab-vko.dmed.kz/ /api/DriverManager/PingDevice
03.09.2026 4:46:27	Information:	{
"Hash": "w9LjvpRCyoByGV3Lzv0iX9dSI0tLK0uV+pRojL1kufc=",
"Status": 0
}


03.09.2026 4:46:27	Information:	Ping ret is {"Status":0,"Comment":null}
03.09.2026 4:48:28	Information:	url https://lab-vko.dmed.kz/ /api/DriverManager/PingDevice
03.09.2026 4:48:28	Information:	{
"Hash": "w9LjvpRCyoByGV3Lzv0iX9dSI0tLK0uV+pRojL1kufc=",
"Status": 0
}


03.09.2026 4:48:28	Information:	Ping ret is {"Status":0,"Comment":null}
03.09.2026 4:50:28	Information:	url https://lab-vko.dmed.kz/ /api/DriverManager/PingDevice
03.09.2026 4:50:28	Information:	{
"Hash": "w9LjvpRCyoByGV3Lzv0iX9dSI0tLK0uV+pRojL1kufc=",
"Status": 0
}


03.09.2026 4:50:28	Information:	Ping ret is {"Status":0,"Comment":null}
03.09.2026 4:52:29	Information:	url https://lab-vko.dmed.kz/ /api/DriverManager/PingDevice
03.09.2026 4:52:29	Information:	{
"Hash": "w9LjvpRCyoByGV3Lzv0iX9dSI0tLK0uV+pRojL1kufc=",
"Status": 0
}


03.09.2026 4:52:29	Information:	Ping ret is {"Status":0,"Comment":null}
03.09.2026 4:54:29	Information:	url https://lab-vko.dmed.kz/ /api/DriverManager/PingDevice
03.09.2026 4:54:29	Information:	{
"Hash": "w9LjvpRCyoByGV3Lzv0iX9dSI0tLK0uV+pRojL1kufc=",
"Status": 0
}


03.09.2026 4:54:29	Information:	Ping ret is {"Status":0,"Comment":null}
03.09.2026 4:54:38	Information:	refresh tokens
03.09.2026 4:56:30	Information:	url https://lab-vko.dmed.kz/ /api/DriverManager/PingDevice
03.09.2026 4:56:30	Information:	{
"Hash": "w9LjvpRCyoByGV3Lzv0iX9dSI0tLK0uV+pRojL1kufc=",
"Status": 0
}


03.09.2026 4:56:30	Information:	Ping ret is {"Status":0,"Comment":null}
03.09.2026 4:58:31	Information:	url https://lab-vko.dmed.kz/ /api/DriverManager/PingDevice
03.09.2026 4:58:31	Information:	{
"Hash": "w9LjvpRCyoByGV3Lzv0iX9dSI0tLK0uV+pRojL1kufc=",
"Status": 0
}


03.09.2026 4:58:31	Information:	Ping ret is {"Status":0,"Comment":null}
03.09.2026 5:00:31	Information:	url https://lab-vko.dmed.kz/ /api/DriverManager/PingDevice
03.09.2026 5:00:31	Information:	{
"Hash": "w9LjvpRCyoByGV3Lzv0iX9dSI0tLK0uV+pRojL1kufc=",
"Status": 0
}


03.09.2026 5:00:31	Information:	Ping ret is {"Status":0,"Comment":null}
03.09.2026 5:02:31	Information:	url https://lab-vko.dmed.kz/ /api/DriverManager/PingDevice
03.09.2026 5:02:31	Information:	{
"Hash": "w9LjvpRCyoByGV3Lzv0iX9dSI0tLK0uV+pRojL1kufc=",
"Status": 0
}


03.09.2026 5:02:31	Information:	Ping ret is {"Status":0,"Comment":null}
03.09.2026 5:04:32	Information:	url https://lab-vko.dmed.kz/ /api/DriverManager/PingDevice
03.09.2026 5:04:32	Information:	{
"Hash": "w9LjvpRCyoByGV3Lzv0iX9dSI0tLK0uV+pRojL1kufc=",
"Status": 0
}


03.09.2026 5:04:32	Information:	Ping ret is {"Status":0,"Comment":null}
03.09.2026 5:04:38	Information:	refresh tokens
03.09.2026 5:06:33	Information:	url https://lab-vko.dmed.kz/ /api/DriverManager/PingDevice
03.09.2026 5:06:33	Information:	{
"Hash": "w9LjvpRCyoByGV3Lzv0iX9dSI0tLK0uV+pRojL1kufc=",
"Status": 0
}


03.09.2026 5:06:33	Information:	Ping ret is {"Status":0,"Comment":null}
03.09.2026 5:08:33	Information:	url https://lab-vko.dmed.kz/ /api/DriverManager/PingDevice
03.09.2026 5:08:33	Information:	{
"Hash": "w9LjvpRCyoByGV3Lzv0iX9dSI0tLK0uV+pRojL1kufc=",
"Status": 0
}


03.09.2026 5:08:33	Information:	Ping ret is {"Status":0,"Comment":null}
03.09.2026 5:10:34	Information:	url https://lab-vko.dmed.kz/ /api/DriverManager/PingDevice
03.09.2026 5:10:34	Information:	{
"Hash": "w9LjvpRCyoByGV3Lzv0iX9dSI0tLK0uV+pRojL1kufc=",
"Status": 0
}


03.09.2026 5:10:34	Information:	Ping ret is {"Status":0,"Comment":null}
03.09.2026 5:12:34	Information:	url https://lab-vko.dmed.kz/ /api/DriverManager/PingDevice
03.09.2026 5:12:34	Information:	{
"Hash": "w9LjvpRCyoByGV3Lzv0iX9dSI0tLK0uV+pRojL1kufc=",
"Status": 0
}


03.09.2026 5:12:34	Information:	Ping ret is {"Status":0,"Comment":null}
03.09.2026 5:14:34	Information:	url https://lab-vko.dmed.kz/ /api/DriverManager/PingDevice
03.09.2026 5:14:34	Information:	{
"Hash": "w9LjvpRCyoByGV3Lzv0iX9dSI0tLK0uV+pRojL1kufc=",
"Status": 0
}


03.09.2026 5:14:34	Information:	Ping ret is {"Status":0,"Comment":null}
03.09.2026 5:14:38	Information:	refresh tokens
03.09.2026 5:16:35	Information:	url https://lab-vko.dmed.kz/ /api/DriverManager/PingDevice
03.09.2026 5:16:35	Information:	{
"Hash": "w9LjvpRCyoByGV3Lzv0iX9dSI0tLK0uV+pRojL1kufc=",
"Status": 0
}


03.09.2026 5:16:35	Information:	Ping ret is {"Status":0,"Comment":null}
03.09.2026 5:18:36	Information:	url https://lab-vko.dmed.kz/ /api/DriverManager/PingDevice
03.09.2026 5:18:36	Information:	{
"Hash": "w9LjvpRCyoByGV3Lzv0iX9dSI0tLK0uV+pRojL1kufc=",
"Status": 0
}


03.09.2026 5:18:36	Information:	Ping ret is {"Status":0,"Comment":null}
03.09.2026 5:20:36	Information:	url https://lab-vko.dmed.kz/ /api/DriverManager/PingDevice
03.09.2026 5:20:36	Information:	{
"Hash": "w9LjvpRCyoByGV3Lzv0iX9dSI0tLK0uV+pRojL1kufc=",
"Status": 0
}


03.09.2026 5:20:36	Information:	Ping ret is {"Status":0,"Comment":null}
03.09.2026 5:22:37	Information:	url https://lab-vko.dmed.kz/ /api/DriverManager/PingDevice
03.09.2026 5:22:37	Information:	{
"Hash": "w9LjvpRCyoByGV3Lzv0iX9dSI0tLK0uV+pRojL1kufc=",
"Status": 0
}


03.09.2026 5:22:37	Information:	Ping ret is {"Status":0,"Comment":null}
03.09.2026 5:24:37	Information:	url https://lab-vko.dmed.kz/ /api/DriverManager/PingDevice
03.09.2026 5:24:37	Information:	{
"Hash": "w9LjvpRCyoByGV3Lzv0iX9dSI0tLK0uV+pRojL1kufc=",
"Status": 0
}


03.09.2026 5:24:37	Information:	Ping ret is {"Status":0,"Comment":null}
03.09.2026 5:24:38	Information:	refresh tokens
03.09.2026 5:26:38	Information:	url https://lab-vko.dmed.kz/ /api/DriverManager/PingDevice
03.09.2026 5:26:38	Information:	{
"Hash": "w9LjvpRCyoByGV3Lzv0iX9dSI0tLK0uV+pRojL1kufc=",
"Status": 0
}


03.09.2026 5:26:38	Information:	Ping ret is {"Status":0,"Comment":null}
03.09.2026 5:28:38	Information:	url https://lab-vko.dmed.kz/ /api/DriverManager/PingDevice
03.09.2026 5:28:38	Information:	{
"Hash": "w9LjvpRCyoByGV3Lzv0iX9dSI0tLK0uV+pRojL1kufc=",
"Status": 0
}


03.09.2026 5:28:38	Information:	Ping ret is {"Status":0,"Comment":null}
03.09.2026 5:30:39	Information:	url https://lab-vko.dmed.kz/ /api/DriverManager/PingDevice
03.09.2026 5:30:39	Information:	{
"Hash": "w9LjvpRCyoByGV3Lzv0iX9dSI0tLK0uV+pRojL1kufc=",
"Status": 0
}


03.09.2026 5:30:39	Information:	Ping ret is {"Status":0,"Comment":null}
03.09.2026 5:32:39	Information:	url https://lab-vko.dmed.kz/ /api/DriverManager/PingDevice
03.09.2026 5:32:39	Information:	{
"Hash": "w9LjvpRCyoByGV3Lzv0iX9dSI0tLK0uV+pRojL1kufc=",
"Status": 0
}


03.09.2026 5:32:39	Information:	Ping ret is {"Status":0,"Comment":null}
03.09.2026 5:34:38	Information:	refresh tokens
03.09.2026 5:34:40	Information:	url https://lab-vko.dmed.kz/ /api/DriverManager/PingDevice
03.09.2026 5:34:40	Information:	{
"Hash": "w9LjvpRCyoByGV3Lzv0iX9dSI0tLK0uV+pRojL1kufc=",
"Status": 0
}


03.09.2026 5:34:40	Information:	Ping ret is {"Status":0,"Comment":null}
03.09.2026 5:36:40	Information:	url https://lab-vko.dmed.kz/ /api/DriverManager/PingDevice
03.09.2026 5:36:40	Information:	{
"Hash": "w9LjvpRCyoByGV3Lzv0iX9dSI0tLK0uV+pRojL1kufc=",
"Status": 0
}


03.09.2026 5:36:40	Information:	Ping ret is {"Status":0,"Comment":null}
03.09.2026 5:38:41	Information:	url https://lab-vko.dmed.kz/ /api/DriverManager/PingDevice
03.09.2026 5:38:41	Information:	{
"Hash": "w9LjvpRCyoByGV3Lzv0iX9dSI0tLK0uV+pRojL1kufc=",
"Status": 0
}


03.09.2026 5:38:41	Information:	Ping ret is {"Status":0,"Comment":null}
03.09.2026 5:40:41	Information:	url https://lab-vko.dmed.kz/ /api/DriverManager/PingDevice
03.09.2026 5:40:41	Information:	{
"Hash": "w9LjvpRCyoByGV3Lzv0iX9dSI0tLK0uV+pRojL1kufc=",
"Status": 0
}


03.09.2026 5:40:41	Information:	Ping ret is {"Status":0,"Comment":null}
03.09.2026 5:42:42	Information:	url https://lab-vko.dmed.kz/ /api/DriverManager/PingDevice
03.09.2026 5:42:42	Information:	{
"Hash": "w9LjvpRCyoByGV3Lzv0iX9dSI0tLK0uV+pRojL1kufc=",
"Status": 0
}


03.09.2026 5:42:42	Information:	Ping ret is {"Status":0,"Comment":null}
03.09.2026 5:44:38	Information:	refresh tokens
03.09.2026 5:44:42	Information:	url https://lab-vko.dmed.kz/ /api/DriverManager/PingDevice
03.09.2026 5:44:42	Information:	{
"Hash": "w9LjvpRCyoByGV3Lzv0iX9dSI0tLK0uV+pRojL1kufc=",
"Status": 0
}


03.09.2026 5:44:42	Information:	Ping ret is {"Status":0,"Comment":null}
03.09.2026 5:46:43	Information:	url https://lab-vko.dmed.kz/ /api/DriverManager/PingDevice
03.09.2026 5:46:43	Information:	{
"Hash": "w9LjvpRCyoByGV3Lzv0iX9dSI0tLK0uV+pRojL1kufc=",
"Status": 0
}


03.09.2026 5:46:43	Information:	Ping ret is {"Status":0,"Comment":null}
03.09.2026 5:48:44	Information:	url https://lab-vko.dmed.kz/ /api/DriverManager/PingDevice
03.09.2026 5:48:44	Information:	{
"Hash": "w9LjvpRCyoByGV3Lzv0iX9dSI0tLK0uV+pRojL1kufc=",
"Status": 0
}


03.09.2026 5:48:44	Information:	Ping ret is {"Status":0,"Comment":null}
03.09.2026 5:50:44	Information:	url https://lab-vko.dmed.kz/ /api/DriverManager/PingDevice
03.09.2026 5:50:44	Information:	{
"Hash": "w9LjvpRCyoByGV3Lzv0iX9dSI0tLK0uV+pRojL1kufc=",
"Status": 0
}


03.09.2026 5:50:44	Information:	Ping ret is {"Status":0,"Comment":null}
03.09.2026 5:52:45	Information:	url https://lab-vko.dmed.kz/ /api/DriverManager/PingDevice
03.09.2026 5:52:45	Information:	{
"Hash": "w9LjvpRCyoByGV3Lzv0iX9dSI0tLK0uV+pRojL1kufc=",
"Status": 0
}


03.09.2026 5:52:45	Information:	Ping ret is {"Status":0,"Comment":null}
03.09.2026 5:54:38	Information:	refresh tokens
03.09.2026 5:54:45	Information:	url https://lab-vko.dmed.kz/ /api/DriverManager/PingDevice
03.09.2026 5:54:45	Information:	{
"Hash": "w9LjvpRCyoByGV3Lzv0iX9dSI0tLK0uV+pRojL1kufc=",
"Status": 0
}


03.09.2026 5:54:45	Information:	Ping ret is {"Status":0,"Comment":null}
03.09.2026 5:56:46	Information:	url https://lab-vko.dmed.kz/ /api/DriverManager/PingDevice
03.09.2026 5:56:46	Information:	{
"Hash": "w9LjvpRCyoByGV3Lzv0iX9dSI0tLK0uV+pRojL1kufc=",
"Status": 0
}


03.09.2026 5:56:46	Information:	Ping ret is {"Status":0,"Comment":null}
03.09.2026 5:58:46	Information:	url https://lab-vko.dmed.kz/ /api/DriverManager/PingDevice
03.09.2026 5:58:46	Information:	{
"Hash": "w9LjvpRCyoByGV3Lzv0iX9dSI0tLK0uV+pRojL1kufc=",
"Status": 0
}


03.09.2026 5:58:46	Information:	Ping ret is {"Status":0,"Comment":null}
03.09.2026 6:00:47	Information:	url https://lab-vko.dmed.kz/ /api/DriverManager/PingDevice
03.09.2026 6:00:47	Information:	{
"Hash": "w9LjvpRCyoByGV3Lzv0iX9dSI0tLK0uV+pRojL1kufc=",
"Status": 0
}


03.09.2026 6:00:47	Information:	Ping ret is {"Status":0,"Comment":null}
03.09.2026 6:02:47	Information:	url https://lab-vko.dmed.kz/ /api/DriverManager/PingDevice
03.09.2026 6:02:47	Information:	{
"Hash": "w9LjvpRCyoByGV3Lzv0iX9dSI0tLK0uV+pRojL1kufc=",
"Status": 0
}


03.09.2026 6:02:47	Information:	Ping ret is {"Status":0,"Comment":null}
03.09.2026 6:04:38	Information:	refresh tokens
03.09.2026 6:04:48	Information:	url https://lab-vko.dmed.kz/ /api/DriverManager/PingDevice
03.09.2026 6:04:48	Information:	{
"Hash": "w9LjvpRCyoByGV3Lzv0iX9dSI0tLK0uV+pRojL1kufc=",
"Status": 0
}


03.09.2026 6:04:48	Information:	Ping ret is {"Status":0,"Comment":null}
03.09.2026 6:06:48	Information:	url https://lab-vko.dmed.kz/ /api/DriverManager/PingDevice
03.09.2026 6:06:48	Information:	{
"Hash": "w9LjvpRCyoByGV3Lzv0iX9dSI0tLK0uV+pRojL1kufc=",
"Status": 0
}


03.09.2026 6:06:48	Information:	Ping ret is {"Status":0,"Comment":null}
03.09.2026 6:08:49	Information:	url https://lab-vko.dmed.kz/ /api/DriverManager/PingDevice
03.09.2026 6:08:49	Information:	{
"Hash": "w9LjvpRCyoByGV3Lzv0iX9dSI0tLK0uV+pRojL1kufc=",
"Status": 0
}


03.09.2026 6:08:49	Information:	Ping ret is {"Status":0,"Comment":null}
03.09.2026 6:10:49	Information:	url https://lab-vko.dmed.kz/ /api/DriverManager/PingDevice
03.09.2026 6:10:49	Information:	{
"Hash": "w9LjvpRCyoByGV3Lzv0iX9dSI0tLK0uV+pRojL1kufc=",
"Status": 0
}


03.09.2026 6:10:49	Information:	Ping ret is {"Status":0,"Comment":null}
03.09.2026 6:12:50	Information:	url https://lab-vko.dmed.kz/ /api/DriverManager/PingDevice
03.09.2026 6:12:50	Information:	{
"Hash": "w9LjvpRCyoByGV3Lzv0iX9dSI0tLK0uV+pRojL1kufc=",
"Status": 0
}


03.09.2026 6:12:50	Information:	Ping ret is {"Status":0,"Comment":null}
03.09.2026 6:14:38	Information:	refresh tokens
03.09.2026 6:14:50	Information:	url https://lab-vko.dmed.kz/ /api/DriverManager/PingDevice
03.09.2026 6:14:50	Information:	{
"Hash": "w9LjvpRCyoByGV3Lzv0iX9dSI0tLK0uV+pRojL1kufc=",
"Status": 0
}


03.09.2026 6:14:50	Information:	Ping ret is {"Status":0,"Comment":null}
03.09.2026 6:16:51	Information:	url https://lab-vko.dmed.kz/ /api/DriverManager/PingDevice
03.09.2026 6:16:51	Information:	{
"Hash": "w9LjvpRCyoByGV3Lzv0iX9dSI0tLK0uV+pRojL1kufc=",
"Status": 0
}


03.09.2026 6:16:51	Information:	Ping ret is {"Status":0,"Comment":null}
03.09.2026 6:18:51	Information:	url https://lab-vko.dmed.kz/ /api/DriverManager/PingDevice
03.09.2026 6:18:51	Information:	{
"Hash": "w9LjvpRCyoByGV3Lzv0iX9dSI0tLK0uV+pRojL1kufc=",
"Status": 0
}


03.09.2026 6:18:51	Information:	Ping ret is {"Status":0,"Comment":null}
03.09.2026 6:20:52	Information:	url https://lab-vko.dmed.kz/ /api/DriverManager/PingDevice
03.09.2026 6:20:52	Information:	{
"Hash": "w9LjvpRCyoByGV3Lzv0iX9dSI0tLK0uV+pRojL1kufc=",
"Status": 0
}


03.09.2026 6:20:52	Information:	Ping ret is {"Status":0,"Comment":null}
03.09.2026 6:22:53	Information:	url https://lab-vko.dmed.kz/ /api/DriverManager/PingDevice
03.09.2026 6:22:53	Information:	{
"Hash": "w9LjvpRCyoByGV3Lzv0iX9dSI0tLK0uV+pRojL1kufc=",
"Status": 0
}


03.09.2026 6:22:53	Information:	Ping ret is {"Status":0,"Comment":null}
03.09.2026 6:24:38	Information:	refresh tokens
03.09.2026 6:24:53	Information:	url https://lab-vko.dmed.kz/ /api/DriverManager/PingDevice
03.09.2026 6:24:53	Information:	{
"Hash": "w9LjvpRCyoByGV3Lzv0iX9dSI0tLK0uV+pRojL1kufc=",
"Status": 0
}


03.09.2026 6:24:53	Information:	Ping ret is {"Status":0,"Comment":null}
03.09.2026 6:26:54	Information:	url https://lab-vko.dmed.kz/ /api/DriverManager/PingDevice
03.09.2026 6:26:54	Information:	{
"Hash": "w9LjvpRCyoByGV3Lzv0iX9dSI0tLK0uV+pRojL1kufc=",
"Status": 0
}


03.09.2026 6:26:54	Information:	Ping ret is {"Status":0,"Comment":null}
03.09.2026 6:28:54	Information:	url https://lab-vko.dmed.kz/ /api/DriverManager/PingDevice
03.09.2026 6:28:54	Information:	{
"Hash": "w9LjvpRCyoByGV3Lzv0iX9dSI0tLK0uV+pRojL1kufc=",
"Status": 0
}


03.09.2026 6:28:54	Information:	Ping ret is {"Status":0,"Comment":null}
03.09.2026 6:30:55	Information:	url https://lab-vko.dmed.kz/ /api/DriverManager/PingDevice
03.09.2026 6:30:55	Information:	{
"Hash": "w9LjvpRCyoByGV3Lzv0iX9dSI0tLK0uV+pRojL1kufc=",
"Status": 0
}


03.09.2026 6:30:55	Information:	Ping ret is {"Status":0,"Comment":null}
03.09.2026 6:32:55	Information:	url https://lab-vko.dmed.kz/ /api/DriverManager/PingDevice
03.09.2026 6:32:55	Information:	{
"Hash": "w9LjvpRCyoByGV3Lzv0iX9dSI0tLK0uV+pRojL1kufc=",
"Status": 0
}


03.09.2026 6:32:55	Information:	Ping ret is {"Status":0,"Comment":null}
03.09.2026 6:34:38	Information:	refresh tokens
03.09.2026 6:34:56	Information:	url https://lab-vko.dmed.kz/ /api/DriverManager/PingDevice
03.09.2026 6:34:56	Information:	{
"Hash": "w9LjvpRCyoByGV3Lzv0iX9dSI0tLK0uV+pRojL1kufc=",
"Status": 0
}


03.09.2026 6:34:56	Information:	Ping ret is {"Status":0,"Comment":null}
03.09.2026 6:36:56	Information:	url https://lab-vko.dmed.kz/ /api/DriverManager/PingDevice
03.09.2026 6:36:56	Information:	{
"Hash": "w9LjvpRCyoByGV3Lzv0iX9dSI0tLK0uV+pRojL1kufc=",
"Status": 0
}


03.09.2026 6:36:56	Information:	Ping ret is {"Status":0,"Comment":null}
03.09.2026 6:38:57	Information:	url https://lab-vko.dmed.kz/ /api/DriverManager/PingDevice
03.09.2026 6:38:57	Information:	{
"Hash": "w9LjvpRCyoByGV3Lzv0iX9dSI0tLK0uV+pRojL1kufc=",
"Status": 0
}


03.09.2026 6:38:57	Information:	Ping ret is {"Status":0,"Comment":null}
03.09.2026 6:40:57	Information:	url https://lab-vko.dmed.kz/ /api/DriverManager/PingDevice
03.09.2026 6:40:57	Information:	{
"Hash": "w9LjvpRCyoByGV3Lzv0iX9dSI0tLK0uV+pRojL1kufc=",
"Status": 0
}


03.09.2026 6:40:57	Information:	Ping ret is {"Status":0,"Comment":null}
03.09.2026 6:42:58	Information:	url https://lab-vko.dmed.kz/ /api/DriverManager/PingDevice
03.09.2026 6:42:58	Information:	{
"Hash": "w9LjvpRCyoByGV3Lzv0iX9dSI0tLK0uV+pRojL1kufc=",
"Status": 0
}


03.09.2026 6:42:58	Information:	Ping ret is {"Status":0,"Comment":null}
03.09.2026 6:44:38	Information:	refresh tokens
03.09.2026 6:44:58	Information:	url https://lab-vko.dmed.kz/ /api/DriverManager/PingDevice
03.09.2026 6:44:58	Information:	{
"Hash": "w9LjvpRCyoByGV3Lzv0iX9dSI0tLK0uV+pRojL1kufc=",
"Status": 0
}


03.09.2026 6:44:58	Information:	Ping ret is {"Status":0,"Comment":null}
03.09.2026 6:46:59	Information:	url https://lab-vko.dmed.kz/ /api/DriverManager/PingDevice
03.09.2026 6:46:59	Information:	{
"Hash": "w9LjvpRCyoByGV3Lzv0iX9dSI0tLK0uV+pRojL1kufc=",
"Status": 0
}


03.09.2026 6:46:59	Information:	Ping ret is {"Status":0,"Comment":null}
03.09.2026 6:48:59	Information:	url https://lab-vko.dmed.kz/ /api/DriverManager/PingDevice
03.09.2026 6:48:59	Information:	{
"Hash": "w9LjvpRCyoByGV3Lzv0iX9dSI0tLK0uV+pRojL1kufc=",
"Status": 0
}


03.09.2026 6:48:59	Information:	Ping ret is {"Status":0,"Comment":null}
03.09.2026 6:51:00	Information:	url https://lab-vko.dmed.kz/ /api/DriverManager/PingDevice
03.09.2026 6:51:00	Information:	{
"Hash": "w9LjvpRCyoByGV3Lzv0iX9dSI0tLK0uV+pRojL1kufc=",
"Status": 0
}


03.09.2026 6:51:00	Information:	Ping ret is {"Status":0,"Comment":null}
03.09.2026 6:53:00	Information:	url https://lab-vko.dmed.kz/ /api/DriverManager/PingDevice
03.09.2026 6:53:00	Information:	{
"Hash": "w9LjvpRCyoByGV3Lzv0iX9dSI0tLK0uV+pRojL1kufc=",
"Status": 0
}


03.09.2026 6:53:00	Information:	Ping ret is {"Status":0,"Comment":null}
03.09.2026 6:54:38	Information:	refresh tokens
03.09.2026 6:55:01	Information:	url https://lab-vko.dmed.kz/ /api/DriverManager/PingDevice
03.09.2026 6:55:01	Information:	{
"Hash": "w9LjvpRCyoByGV3Lzv0iX9dSI0tLK0uV+pRojL1kufc=",
"Status": 0
}


03.09.2026 6:55:01	Information:	Ping ret is {"Status":0,"Comment":null}
03.09.2026 6:57:01	Information:	url https://lab-vko.dmed.kz/ /api/DriverManager/PingDevice
03.09.2026 6:57:01	Information:	{
"Hash": "w9LjvpRCyoByGV3Lzv0iX9dSI0tLK0uV+pRojL1kufc=",
"Status": 0
}


03.09.2026 6:57:01	Information:	Ping ret is {"Status":0,"Comment":null}
03.09.2026 6:59:02	Information:	url https://lab-vko.dmed.kz/ /api/DriverManager/PingDevice
03.09.2026 6:59:02	Information:	{
"Hash": "w9LjvpRCyoByGV3Lzv0iX9dSI0tLK0uV+pRojL1kufc=",
"Status": 0
}


03.09.2026 6:59:02	Information:	Ping ret is {"Status":0,"Comment":null}
03.09.2026 7:01:02	Information:	url https://lab-vko.dmed.kz/ /api/DriverManager/PingDevice
03.09.2026 7:01:02	Information:	{
"Hash": "w9LjvpRCyoByGV3Lzv0iX9dSI0tLK0uV+pRojL1kufc=",
"Status": 0
}


03.09.2026 7:01:02	Information:	Ping ret is {"Status":0,"Comment":null}
03.09.2026 7:03:03	Information:	url https://lab-vko.dmed.kz/ /api/DriverManager/PingDevice
03.09.2026 7:03:03	Information:	{
"Hash": "w9LjvpRCyoByGV3Lzv0iX9dSI0tLK0uV+pRojL1kufc=",
"Status": 0
}


03.09.2026 7:03:03	Information:	Ping ret is {"Status":0,"Comment":null}
03.09.2026 7:04:38	Information:	refresh tokens
03.09.2026 7:05:03	Information:	url https://lab-vko.dmed.kz/ /api/DriverManager/PingDevice
03.09.2026 7:05:03	Information:	{
"Hash": "w9LjvpRCyoByGV3Lzv0iX9dSI0tLK0uV+pRojL1kufc=",
"Status": 0
}


03.09.2026 7:05:03	Information:	Ping ret is {"Status":0,"Comment":null}
03.09.2026 7:07:04	Information:	url https://lab-vko.dmed.kz/ /api/DriverManager/PingDevice
03.09.2026 7:07:04	Information:	{
"Hash": "w9LjvpRCyoByGV3Lzv0iX9dSI0tLK0uV+pRojL1kufc=",
"Status": 0
}


03.09.2026 7:07:04	Information:	Ping ret is {"Status":0,"Comment":null}
03.09.2026 7:09:05	Information:	url https://lab-vko.dmed.kz/ /api/DriverManager/PingDevice
03.09.2026 7:09:05	Information:	{
"Hash": "w9LjvpRCyoByGV3Lzv0iX9dSI0tLK0uV+pRojL1kufc=",
"Status": 0
}


03.09.2026 7:09:05	Information:	Ping ret is {"Status":0,"Comment":null}
03.09.2026 7:11:05	Information:	url https://lab-vko.dmed.kz/ /api/DriverManager/PingDevice
03.09.2026 7:11:05	Information:	{
"Hash": "w9LjvpRCyoByGV3Lzv0iX9dSI0tLK0uV+pRojL1kufc=",
"Status": 0
}


03.09.2026 7:11:05	Information:	Ping ret is {"Status":0,"Comment":null}
03.09.2026 7:13:06	Information:	url https://lab-vko.dmed.kz/ /api/DriverManager/PingDevice
03.09.2026 7:13:06	Information:	{
"Hash": "w9LjvpRCyoByGV3Lzv0iX9dSI0tLK0uV+pRojL1kufc=",
"Status": 0
}


03.09.2026 7:13:06	Information:	Ping ret is {"Status":0,"Comment":null}
03.09.2026 7:14:38	Information:	refresh tokens
03.09.2026 7:15:06	Information:	url https://lab-vko.dmed.kz/ /api/DriverManager/PingDevice
03.09.2026 7:15:06	Information:	{
"Hash": "w9LjvpRCyoByGV3Lzv0iX9dSI0tLK0uV+pRojL1kufc=",
"Status": 0
}


03.09.2026 7:15:06	Information:	Ping ret is {"Status":0,"Comment":null}
03.09.2026 7:17:07	Information:	url https://lab-vko.dmed.kz/ /api/DriverManager/PingDevice
03.09.2026 7:17:07	Information:	{
"Hash": "w9LjvpRCyoByGV3Lzv0iX9dSI0tLK0uV+pRojL1kufc=",
"Status": 0
}


03.09.2026 7:17:07	Information:	Ping ret is {"Status":0,"Comment":null}
03.09.2026 7:19:07	Information:	url https://lab-vko.dmed.kz/ /api/DriverManager/PingDevice
03.09.2026 7:19:07	Information:	{
"Hash": "w9LjvpRCyoByGV3Lzv0iX9dSI0tLK0uV+pRojL1kufc=",
"Status": 0
}


03.09.2026 7:19:07	Information:	Ping ret is {"Status":0,"Comment":null}
03.09.2026 7:21:08	Information:	url https://lab-vko.dmed.kz/ /api/DriverManager/PingDevice
03.09.2026 7:21:08	Information:	{
"Hash": "w9LjvpRCyoByGV3Lzv0iX9dSI0tLK0uV+pRojL1kufc=",
"Status": 0
}


03.09.2026 7:21:08	Information:	Ping ret is {"Status":0,"Comment":null}
03.09.2026 7:23:08	Information:	url https://lab-vko.dmed.kz/ /api/DriverManager/PingDevice
03.09.2026 7:23:08	Information:	{
"Hash": "w9LjvpRCyoByGV3Lzv0iX9dSI0tLK0uV+pRojL1kufc=",
"Status": 0
}


03.09.2026 7:23:08	Information:	Ping ret is {"Status":0,"Comment":null}
03.09.2026 7:24:38	Information:	refresh tokens
03.09.2026 7:25:09	Information:	url https://lab-vko.dmed.kz/ /api/DriverManager/PingDevice
03.09.2026 7:25:09	Information:	{
"Hash": "w9LjvpRCyoByGV3Lzv0iX9dSI0tLK0uV+pRojL1kufc=",
"Status": 0
}


03.09.2026 7:25:09	Information:	Ping ret is {"Status":0,"Comment":null}
03.09.2026 7:27:09	Information:	url https://lab-vko.dmed.kz/ /api/DriverManager/PingDevice
03.09.2026 7:27:09	Information:	{
"Hash": "w9LjvpRCyoByGV3Lzv0iX9dSI0tLK0uV+pRojL1kufc=",
"Status": 0
}


03.09.2026 7:27:09	Information:	Ping ret is {"Status":0,"Comment":null}
03.09.2026 7:29:10	Information:	url https://lab-vko.dmed.kz/ /api/DriverManager/PingDevice
03.09.2026 7:29:10	Information:	{
"Hash": "w9LjvpRCyoByGV3Lzv0iX9dSI0tLK0uV+pRojL1kufc=",
"Status": 0
}


03.09.2026 7:29:10	Information:	Ping ret is {"Status":0,"Comment":null}
03.09.2026 7:31:10	Information:	url https://lab-vko.dmed.kz/ /api/DriverManager/PingDevice
03.09.2026 7:31:10	Information:	{
"Hash": "w9LjvpRCyoByGV3Lzv0iX9dSI0tLK0uV+pRojL1kufc=",
"Status": 0
}


03.09.2026 7:31:10	Information:	Ping ret is {"Status":0,"Comment":null}
03.09.2026 7:33:11	Information:	url https://lab-vko.dmed.kz/ /api/DriverManager/PingDevice
03.09.2026 7:33:11	Information:	{
"Hash": "w9LjvpRCyoByGV3Lzv0iX9dSI0tLK0uV+pRojL1kufc=",
"Status": 0
}


03.09.2026 7:33:11	Information:	Ping ret is {"Status":0,"Comment":null}
03.09.2026 7:34:38	Information:	refresh tokens
03.09.2026 7:35:11	Information:	url https://lab-vko.dmed.kz/ /api/DriverManager/PingDevice
03.09.2026 7:35:11	Information:	{
"Hash": "w9LjvpRCyoByGV3Lzv0iX9dSI0tLK0uV+pRojL1kufc=",
"Status": 0
}


03.09.2026 7:35:11	Information:	Ping ret is {"Status":0,"Comment":null}
03.09.2026 7:37:12	Information:	url https://lab-vko.dmed.kz/ /api/DriverManager/PingDevice
03.09.2026 7:37:12	Information:	{
"Hash": "w9LjvpRCyoByGV3Lzv0iX9dSI0tLK0uV+pRojL1kufc=",
"Status": 0
}


03.09.2026 7:37:12	Information:	Ping ret is {"Status":0,"Comment":null}
03.09.2026 7:39:13	Information:	url https://lab-vko.dmed.kz/ /api/DriverManager/PingDevice
03.09.2026 7:39:13	Information:	{
"Hash": "w9LjvpRCyoByGV3Lzv0iX9dSI0tLK0uV+pRojL1kufc=",
"Status": 0
}


03.09.2026 7:39:13	Information:	Ping ret is {"Status":0,"Comment":null}
03.09.2026 7:41:13	Information:	url https://lab-vko.dmed.kz/ /api/DriverManager/PingDevice
03.09.2026 7:41:13	Information:	{
"Hash": "w9LjvpRCyoByGV3Lzv0iX9dSI0tLK0uV+pRojL1kufc=",
"Status": 0
}


03.09.2026 7:41:13	Information:	Ping ret is {"Status":0,"Comment":null}
03.09.2026 7:43:14	Information:	url https://lab-vko.dmed.kz/ /api/DriverManager/PingDevice
03.09.2026 7:43:14	Information:	{
"Hash": "w9LjvpRCyoByGV3Lzv0iX9dSI0tLK0uV+pRojL1kufc=",
"Status": 0
}


03.09.2026 7:43:14	Information:	Ping ret is {"Status":0,"Comment":null}
03.09.2026 7:44:38	Information:	refresh tokens
03.09.2026 7:45:14	Information:	url https://lab-vko.dmed.kz/ /api/DriverManager/PingDevice
03.09.2026 7:45:14	Information:	{
"Hash": "w9LjvpRCyoByGV3Lzv0iX9dSI0tLK0uV+pRojL1kufc=",
"Status": 0
}


03.09.2026 7:45:14	Information:	Ping ret is {"Status":0,"Comment":null}
03.09.2026 7:47:15	Information:	url https://lab-vko.dmed.kz/ /api/DriverManager/PingDevice
03.09.2026 7:47:15	Information:	{
"Hash": "w9LjvpRCyoByGV3Lzv0iX9dSI0tLK0uV+pRojL1kufc=",
"Status": 0
}


03.09.2026 7:47:15	Information:	Ping ret is {"Status":0,"Comment":null}
03.09.2026 7:49:15	Information:	url https://lab-vko.dmed.kz/ /api/DriverManager/PingDevice
03.09.2026 7:49:15	Information:	{
"Hash": "w9LjvpRCyoByGV3Lzv0iX9dSI0tLK0uV+pRojL1kufc=",
"Status": 0
}


03.09.2026 7:49:15	Information:	Ping ret is {"Status":0,"Comment":null}
03.09.2026 7:51:16	Information:	url https://lab-vko.dmed.kz/ /api/DriverManager/PingDevice
03.09.2026 7:51:16	Information:	{
"Hash": "w9LjvpRCyoByGV3Lzv0iX9dSI0tLK0uV+pRojL1kufc=",
"Status": 0
}


03.09.2026 7:51:16	Information:	Ping ret is {"Status":0,"Comment":null}
03.09.2026 7:53:16	Information:	url https://lab-vko.dmed.kz/ /api/DriverManager/PingDevice
03.09.2026 7:53:16	Information:	{
"Hash": "w9LjvpRCyoByGV3Lzv0iX9dSI0tLK0uV+pRojL1kufc=",
"Status": 0
}


03.09.2026 7:53:16	Information:	Ping ret is {"Status":0,"Comment":null}
03.09.2026 7:54:38	Information:	refresh tokens
03.09.2026 7:55:17	Information:	url https://lab-vko.dmed.kz/ /api/DriverManager/PingDevice
03.09.2026 7:55:17	Information:	{
"Hash": "w9LjvpRCyoByGV3Lzv0iX9dSI0tLK0uV+pRojL1kufc=",
"Status": 0
}


03.09.2026 7:55:17	Information:	Ping ret is {"Status":0,"Comment":null}
03.09.2026 7:57:18	Information:	url https://lab-vko.dmed.kz/ /api/DriverManager/PingDevice
03.09.2026 7:57:18	Information:	{
"Hash": "w9LjvpRCyoByGV3Lzv0iX9dSI0tLK0uV+pRojL1kufc=",
"Status": 0
}


03.09.2026 7:57:18	Information:	Ping ret is {"Status":0,"Comment":null}
03.09.2026 7:59:18	Information:	url https://lab-vko.dmed.kz/ /api/DriverManager/PingDevice
03.09.2026 7:59:18	Information:	{
"Hash": "w9LjvpRCyoByGV3Lzv0iX9dSI0tLK0uV+pRojL1kufc=",
"Status": 0
}


03.09.2026 7:59:18	Information:	Ping ret is {"Status":0,"Comment":null}
03.09.2026 8:01:19	Information:	url https://lab-vko.dmed.kz/ /api/DriverManager/PingDevice
03.09.2026 8:01:19	Information:	{
"Hash": "w9LjvpRCyoByGV3Lzv0iX9dSI0tLK0uV+pRojL1kufc=",
"Status": 0
}


03.09.2026 8:01:19	Information:	Ping ret is {"Status":0,"Comment":null}
03.09.2026 8:03:19	Information:	url https://lab-vko.dmed.kz/ /api/DriverManager/PingDevice
03.09.2026 8:03:19	Information:	{
"Hash": "w9LjvpRCyoByGV3Lzv0iX9dSI0tLK0uV+pRojL1kufc=",
"Status": 0
}


03.09.2026 8:03:19	Information:	Ping ret is {"Status":0,"Comment":null}
03.09.2026 8:04:38	Information:	refresh tokens
03.09.2026 8:05:20	Information:	url https://lab-vko.dmed.kz/ /api/DriverManager/PingDevice
03.09.2026 8:05:20	Information:	{
"Hash": "w9LjvpRCyoByGV3Lzv0iX9dSI0tLK0uV+pRojL1kufc=",
"Status": 0
}


03.09.2026 8:05:20	Information:	Ping ret is {"Status":0,"Comment":null}
03.09.2026 8:07:20	Information:	url https://lab-vko.dmed.kz/ /api/DriverManager/PingDevice
03.09.2026 8:07:20	Information:	{
"Hash": "w9LjvpRCyoByGV3Lzv0iX9dSI0tLK0uV+pRojL1kufc=",
"Status": 0
}


03.09.2026 8:07:20	Information:	Ping ret is {"Status":0,"Comment":null}
03.09.2026 8:09:21	Information:	url https://lab-vko.dmed.kz/ /api/DriverManager/PingDevice
03.09.2026 8:09:21	Information:	{
"Hash": "w9LjvpRCyoByGV3Lzv0iX9dSI0tLK0uV+pRojL1kufc=",
"Status": 0
}


03.09.2026 8:09:21	Information:	Ping ret is {"Status":0,"Comment":null}
03.09.2026 8:11:21	Information:	url https://lab-vko.dmed.kz/ /api/DriverManager/PingDevice
03.09.2026 8:11:21	Information:	{
"Hash": "w9LjvpRCyoByGV3Lzv0iX9dSI0tLK0uV+pRojL1kufc=",
"Status": 0
}


03.09.2026 8:11:21	Information:	Ping ret is {"Status":0,"Comment":null}
03.09.2026 8:13:22	Information:	url https://lab-vko.dmed.kz/ /api/DriverManager/PingDevice
03.09.2026 8:13:22	Information:	{
"Hash": "w9LjvpRCyoByGV3Lzv0iX9dSI0tLK0uV+pRojL1kufc=",
"Status": 0
}


03.09.2026 8:13:22	Information:	Ping ret is {"Status":0,"Comment":null}
03.09.2026 8:14:38	Information:	refresh tokens
03.09.2026 8:15:22	Information:	url https://lab-vko.dmed.kz/ /api/DriverManager/PingDevice
03.09.2026 8:15:22	Information:	{
"Hash": "w9LjvpRCyoByGV3Lzv0iX9dSI0tLK0uV+pRojL1kufc=",
"Status": 0
}


03.09.2026 8:15:22	Information:	Ping ret is {"Status":0,"Comment":null}
03.09.2026 8:17:23	Information:	url https://lab-vko.dmed.kz/ /api/DriverManager/PingDevice
03.09.2026 8:17:23	Information:	{
"Hash": "w9LjvpRCyoByGV3Lzv0iX9dSI0tLK0uV+pRojL1kufc=",
"Status": 0
}


03.09.2026 8:17:23	Information:	Ping ret is {"Status":0,"Comment":null}
03.09.2026 8:19:24	Information:	url https://lab-vko.dmed.kz/ /api/DriverManager/PingDevice
03.09.2026 8:19:24	Information:	{
"Hash": "w9LjvpRCyoByGV3Lzv0iX9dSI0tLK0uV+pRojL1kufc=",
"Status": 0
}


03.09.2026 8:19:24	Information:	Ping ret is {"Status":0,"Comment":null}
03.09.2026 8:21:24	Information:	url https://lab-vko.dmed.kz/ /api/DriverManager/PingDevice
03.09.2026 8:21:24	Information:	{
"Hash": "w9LjvpRCyoByGV3Lzv0iX9dSI0tLK0uV+pRojL1kufc=",
"Status": 0
}


03.09.2026 8:21:24	Information:	Ping ret is {"Status":0,"Comment":null}
03.09.2026 8:23:25	Information:	url https://lab-vko.dmed.kz/ /api/DriverManager/PingDevice
03.09.2026 8:23:25	Information:	{
"Hash": "w9LjvpRCyoByGV3Lzv0iX9dSI0tLK0uV+pRojL1kufc=",
"Status": 0
}


03.09.2026 8:23:25	Information:	Ping ret is {"Status":0,"Comment":null}
03.09.2026 8:24:38	Information:	refresh tokens
03.09.2026 8:25:25	Information:	url https://lab-vko.dmed.kz/ /api/DriverManager/PingDevice
03.09.2026 8:25:25	Information:	{
"Hash": "w9LjvpRCyoByGV3Lzv0iX9dSI0tLK0uV+pRojL1kufc=",
"Status": 0
}


03.09.2026 8:25:25	Information:	Ping ret is {"Status":0,"Comment":null}
03.09.2026 8:27:26	Information:	url https://lab-vko.dmed.kz/ /api/DriverManager/PingDevice
03.09.2026 8:27:26	Information:	{
"Hash": "w9LjvpRCyoByGV3Lzv0iX9dSI0tLK0uV+pRojL1kufc=",
"Status": 0
}


03.09.2026 8:27:26	Information:	Ping ret is {"Status":0,"Comment":null}
03.09.2026 8:29:24	Information:	Received bytes(encoded):MSH|^~\&|||||20260903082823||ORU^R01|131|P|2.3.1||||2||ASCII|||OBR|39|Ca|Ca|^|?????|20260903080626|20260903080605|20260903081909|||1|1|CC-LEV1-|059325005|20270514||M|2.200000|0.080000|2.185010|mmol/L|||||||||||||||||||||||||||
03.09.2026 8:29:24	Information:	Add Frame:
03.09.2026 8:29:24	Information:	MSH|^~\&|||||20260903082823||ORU^R01|131|P|2.3.1||||2||ASCII|||
03.09.2026 8:29:24	Information:	In Header
03.09.2026 8:29:24	Information:	MessageType: ORU
03.09.2026 8:29:24	Information:	After message type
03.09.2026 8:29:24	Information:	After ask
03.09.2026 8:29:24	Information:	After version
03.09.2026 8:29:24	Information:	Add Frame:
03.09.2026 8:29:24	Information:	OBR|39|Ca|Ca|^|?????|20260903080626|20260903080605|20260903081909|||1|1|CC-LEV1-|059325005|20270514||M|2.200000|0.080000|2.185010|mmol/L|||||||||||||||||||||||||||
03.09.2026 8:29:24	Information:	Add Frame:
03.09.2026 8:29:24	Information:	
03.09.2026 8:29:24	Debug:	read message: 9ms
03.09.2026 8:29:24	Information:	The answer message is created successfully
03.09.2026 8:29:24	Information:	Sending answer...
03.09.2026 8:29:24	Information:	We are in ORU Message
03.09.2026 8:29:24	Information:	MSH MSH|^~\&|||||20260903082823||ORU^R01|131|P|2.3.1||||2||ASCII||||
03.09.2026 8:29:24	Information:	OBR OBR|39|Ca|Ca|^|?????|20260903080626|20260903080605|20260903081909|||1|1|CC-LEV1-|059325005|20270514||M|2.200000|0.080000|2.185010|mmol/L||||||||||||||||||||||||||||
03.09.2026 8:29:24	Information:	PatientRecord in message is successfully  processed
03.09.2026 8:29:24	Information:	The patient order is successfully processed
03.09.2026 8:29:24	Information:	The ORU message is successfully processed
03.09.2026 8:29:24	Information:	No results to save
03.09.2026 8:29:24	Debug:	Process message: 4ms
03.09.2026 8:29:24	Debug:	Total time : 14ms
03.09.2026 8:29:25	Information:	Sended bytes:  11 77 83 72 124 94 126 92 38 124 77 105 110 100 114 97 121 124 124 124 124 50 48 50 54 48 57 48 51 48 56 50 57 50 52 124 124 65 67 75 94 82 48 49 124 49 51 49 124 80 124 50 46 51 46 49 124 124 124 124 50 124 124 117 115 45 97 115 99 105 105 124 124 124 13 77 83 65 124 65 65 124 49 51 49 124 77 101 115 115 97 103 101 32 97 99 99 101 112 116 101 100 124 124 124 48 124 13 28 13
03.09.2026 8:29:25	Information:	Sended string MSH|^~\&|Mindray||||20260903082924||ACK^R01|131|P|2.3.1||||2||us-ascii|||MSA|AA|131|Message accepted|||0|
03.09.2026 8:29:25	Information:	Received bytes(encoded):MSH|^~\&|||||20260903082824||ORU^R01|132|P|2.3.1||||2||ASCII|||OBR|40|Glu-G|Glu-G|^|?????|20260903080626|20260903080605|20260903082408|||1|1|CC-LEV1-|059325005|20270514||M|5.630000|0.280000|5.433509|mmol/L|||||||||||||||||||||||||||
03.09.2026 8:29:25	Information:	Add Frame:
03.09.2026 8:29:25	Information:	MSH|^~\&|||||20260903082824||ORU^R01|132|P|2.3.1||||2||ASCII|||
03.09.2026 8:29:25	Information:	In Header
03.09.2026 8:29:25	Information:	MessageType: ORU
03.09.2026 8:29:25	Information:	After message type
03.09.2026 8:29:25	Information:	After ask
03.09.2026 8:29:25	Information:	After version
03.09.2026 8:29:25	Information:	Add Frame:
03.09.2026 8:29:25	Information:	OBR|40|Glu-G|Glu-G|^|?????|20260903080626|20260903080605|20260903082408|||1|1|CC-LEV1-|059325005|20270514||M|5.630000|0.280000|5.433509|mmol/L|||||||||||||||||||||||||||
03.09.2026 8:29:25	Information:	Add Frame:
03.09.2026 8:29:25	Information:	
03.09.2026 8:29:25	Debug:	read message: 4ms
03.09.2026 8:29:25	Information:	The answer message is created successfully
03.09.2026 8:29:25	Information:	Sending answer...
03.09.2026 8:29:25	Information:	We are in ORU Message
03.09.2026 8:29:25	Information:	MSH MSH|^~\&|||||20260903082824||ORU^R01|132|P|2.3.1||||2||ASCII||||
03.09.2026 8:29:25	Information:	OBR OBR|40|Glu-G|Glu-G|^|?????|20260903080626|20260903080605|20260903082408|||1|1|CC-LEV1-|059325005|20270514||M|5.630000|0.280000|5.433509|mmol/L||||||||||||||||||||||||||||
03.09.2026 8:29:25	Information:	PatientRecord in message is successfully  processed
03.09.2026 8:29:25	Information:	The patient order is successfully processed
03.09.2026 8:29:25	Information:	The ORU message is successfully processed
03.09.2026 8:29:25	Information:	No results to save
03.09.2026 8:29:25	Debug:	Process message: 5ms
03.09.2026 8:29:25	Debug:	Total time : 11ms
03.09.2026 8:29:26	Information:	Sended bytes:  11 77 83 72 124 94 126 92 38 124 77 105 110 100 114 97 121 124 124 124 124 50 48 50 54 48 57 48 51 48 56 50 57 50 53 124 124 65 67 75 94 82 48 49 124 49 51 50 124 80 124 50 46 51 46 49 124 124 124 124 50 124 124 117 115 45 97 115 99 105 105 124 124 124 13 77 83 65 124 65 65 124 49 51 50 124 77 101 115 115 97 103 101 32 97 99 99 101 112 116 101 100 124 124 124 48 124 13 28 13
03.09.2026 8:29:26	Information:	Sended string MSH|^~\&|Mindray||||20260903082925||ACK^R01|132|P|2.3.1||||2||us-ascii|||MSA|AA|132|Message accepted|||0|
03.09.2026 8:29:26	Information:	Received bytes(encoded):MSH|^~\&|||||20260903082825||ORU^R01|133|P|2.3.1||||2||ASCII|||OBR|41|T-Bil-V|T-Bil-V|^|?????|20260903080626|20260903080605|20260903082410|||1|1|CC-LEV1-|059325005|20270514||M|17.100000|1.300000|17.460828|?mol/L|||||||||||||||||||||||||||
03.09.2026 8:29:26	Information:	Add Frame:
03.09.2026 8:29:26	Information:	MSH|^~\&|||||20260903082825||ORU^R01|133|P|2.3.1||||2||ASCII|||
03.09.2026 8:29:26	Information:	In Header
03.09.2026 8:29:26	Information:	MessageType: ORU
03.09.2026 8:29:26	Information:	After message type
03.09.2026 8:29:26	Information:	After ask
03.09.2026 8:29:26	Information:	After version
03.09.2026 8:29:26	Information:	Add Frame:
03.09.2026 8:29:26	Information:	OBR|41|T-Bil-V|T-Bil-V|^|?????|20260903080626|20260903080605|20260903082410|||1|1|CC-LEV1-|059325005|20270514||M|17.100000|1.300000|17.460828|?mol/L|||||||||||||||||||||||||||
03.09.2026 8:29:26	Information:	Add Frame:
03.09.2026 8:29:26	Information:	
03.09.2026 8:29:26	Debug:	read message: 4ms
03.09.2026 8:29:26	Information:	The answer message is created successfully
03.09.2026 8:29:26	Information:	Sending answer...
03.09.2026 8:29:26	Information:	We are in ORU Message
03.09.2026 8:29:26	Information:	MSH MSH|^~\&|||||20260903082825||ORU^R01|133|P|2.3.1||||2||ASCII||||
03.09.2026 8:29:26	Information:	OBR OBR|41|T-Bil-V|T-Bil-V|^|?????|20260903080626|20260903080605|20260903082410|||1|1|CC-LEV1-|059325005|20270514||M|17.100000|1.300000|17.460828|?mol/L||||||||||||||||||||||||||||
03.09.2026 8:29:26	Information:	PatientRecord in message is successfully  processed
03.09.2026 8:29:26	Information:	The patient order is successfully processed
03.09.2026 8:29:26	Information:	The ORU message is successfully processed
03.09.2026 8:29:26	Information:	No results to save
03.09.2026 8:29:26	Debug:	Process message: 3ms
03.09.2026 8:29:26	Debug:	Total time : 9ms
03.09.2026 8:29:26	Information:	url https://lab-vko.dmed.kz/ /api/DriverManager/PingDevice
03.09.2026 8:29:26	Information:	{
"Hash": "w9LjvpRCyoByGV3Lzv0iX9dSI0tLK0uV+pRojL1kufc=",
"Status": 0
}


03.09.2026 8:29:26	Information:	Ping ret is {"Status":0,"Comment":null}
03.09.2026 8:29:27	Information:	Sended bytes:  11 77 83 72 124 94 126 92 38 124 77 105 110 100 114 97 121 124 124 124 124 50 48 50 54 48 57 48 51 48 56 50 57 50 54 124 124 65 67 75 94 82 48 49 124 49 51 51 124 80 124 50 46 51 46 49 124 124 124 124 50 124 124 117 115 45 97 115 99 105 105 124 124 124 13 77 83 65 124 65 65 124 49 51 51 124 77 101 115 115 97 103 101 32 97 99 99 101 112 116 101 100 124 124 124 48 124 13 28 13
03.09.2026 8:29:27	Information:	Sended string MSH|^~\&|Mindray||||20260903082926||ACK^R01|133|P|2.3.1||||2||us-ascii|||MSA|AA|133|Message accepted|||0|
03.09.2026 8:29:27	Information:	Received bytes(encoded):MSH|^~\&|||||20260903082826||ORU^R01|134|P|2.3.1||||2||ASCII|||OBR|42|D-Bil-V|D-Bil-V|^|?????|20260903080626|20260903080605|20260903082425|||1|1|CC-LEV1-|059325005|20270514||M|10.900000|0.800000|10.603255|?mol/L|||||||||||||||||||||||||||
03.09.2026 8:29:27	Information:	Add Frame:
03.09.2026 8:29:27	Information:	MSH|^~\&|||||20260903082826||ORU^R01|134|P|2.3.1||||2||ASCII|||
03.09.2026 8:29:27	Information:	In Header
03.09.2026 8:29:27	Information:	MessageType: ORU
03.09.2026 8:29:27	Information:	After message type
03.09.2026 8:29:27	Information:	After ask
03.09.2026 8:29:27	Information:	After version
03.09.2026 8:29:27	Information:	Add Frame:
03.09.2026 8:29:27	Information:	OBR|42|D-Bil-V|D-Bil-V|^|?????|20260903080626|20260903080605|20260903082425|||1|1|CC-LEV1-|059325005|20270514||M|10.900000|0.800000|10.603255|?mol/L|||||||||||||||||||||||||||
03.09.2026 8:29:27	Information:	Add Frame:
03.09.2026 8:29:27	Information:	
03.09.2026 8:29:27	Debug:	read message: 4ms
03.09.2026 8:29:27	Information:	The answer message is created successfully
03.09.2026 8:29:27	Information:	Sending answer...
03.09.2026 8:29:27	Information:	We are in ORU Message
03.09.2026 8:29:27	Information:	MSH MSH|^~\&|||||20260903082826||ORU^R01|134|P|2.3.1||||2||ASCII||||
03.09.2026 8:29:27	Information:	OBR OBR|42|D-Bil-V|D-Bil-V|^|?????|20260903080626|20260903080605|20260903082425|||1|1|CC-LEV1-|059325005|20270514||M|10.900000|0.800000|10.603255|?mol/L||||||||||||||||||||||||||||
03.09.2026 8:29:27	Information:	PatientRecord in message is successfully  processed
03.09.2026 8:29:27	Information:	The patient order is successfully processed
03.09.2026 8:29:27	Information:	The ORU message is successfully processed
03.09.2026 8:29:27	Information:	No results to save
03.09.2026 8:29:27	Debug:	Process message: 3ms
03.09.2026 8:29:27	Debug:	Total time : 8ms
03.09.2026 8:29:28	Information:	Sended bytes:  11 77 83 72 124 94 126 92 38 124 77 105 110 100 114 97 121 124 124 124 124 50 48 50 54 48 57 48 51 48 56 50 57 50 55 124 124 65 67 75 94 82 48 49 124 49 51 52 124 80 124 50 46 51 46 49 124 124 124 124 50 124 124 117 115 45 97 115 99 105 105 124 124 124 13 77 83 65 124 65 65 124 49 51 52 124 77 101 115 115 97 103 101 32 97 99 99 101 112 116 101 100 124 124 124 48 124 13 28 13
03.09.2026 8:29:28	Information:	Sended string MSH|^~\&|Mindray||||20260903082927||ACK^R01|134|P|2.3.1||||2||us-ascii|||MSA|AA|134|Message accepted|||0|
03.09.2026 8:29:28	Information:	Received bytes(encoded):MSH|^~\&|||||20260903082827||ORU^R01|135|P|2.3.1||||2||ASCII|||OBR|43|ALT|ALT|^|?????|20260903080626|20260903080605|20260903082238|||1|1|CC-LEV1-|059325005|20270514||M|56.900000|2.800000|58.529350|U/L|||||||||||||||||||||||||||
03.09.2026 8:29:28	Information:	Add Frame:
03.09.2026 8:29:28	Information:	MSH|^~\&|||||20260903082827||ORU^R01|135|P|2.3.1||||2||ASCII|||
03.09.2026 8:29:28	Information:	In Header
03.09.2026 8:29:28	Information:	MessageType: ORU
03.09.2026 8:29:28	Information:	After message type
03.09.2026 8:29:28	Information:	After ask
03.09.2026 8:29:28	Information:	After version
03.09.2026 8:29:28	Information:	Add Frame:
03.09.2026 8:29:28	Information:	OBR|43|ALT|ALT|^|?????|20260903080626|20260903080605|20260903082238|||1|1|CC-LEV1-|059325005|20270514||M|56.900000|2.800000|58.529350|U/L|||||||||||||||||||||||||||
03.09.2026 8:29:28	Information:	Add Frame:
03.09.2026 8:29:28	Information:	
03.09.2026 8:29:28	Debug:	read message: 4ms
03.09.2026 8:29:28	Information:	The answer message is created successfully
03.09.2026 8:29:28	Information:	Sending answer...
03.09.2026 8:29:28	Information:	We are in ORU Message
03.09.2026 8:29:28	Information:	MSH MSH|^~\&|||||20260903082827||ORU^R01|135|P|2.3.1||||2||ASCII||||
03.09.2026 8:29:28	Information:	OBR OBR|43|ALT|ALT|^|?????|20260903080626|20260903080605|20260903082238|||1|1|CC-LEV1-|059325005|20270514||M|56.900000|2.800000|58.529350|U/L||||||||||||||||||||||||||||
03.09.2026 8:29:28	Information:	PatientRecord in message is successfully  processed
03.09.2026 8:29:28	Information:	The patient order is successfully processed
03.09.2026 8:29:28	Information:	The ORU message is successfully processed
03.09.2026 8:29:28	Information:	No results to save
03.09.2026 8:29:28	Debug:	Process message: 3ms
03.09.2026 8:29:28	Debug:	Total time : 8ms
03.09.2026 8:29:29	Information:	Sended bytes:  11 77 83 72 124 94 126 92 38 124 77 105 110 100 114 97 121 124 124 124 124 50 48 50 54 48 57 48 51 48 56 50 57 50 56 124 124 65 67 75 94 82 48 49 124 49 51 53 124 80 124 50 46 51 46 49 124 124 124 124 50 124 124 117 115 45 97 115 99 105 105 124 124 124 13 77 83 65 124 65 65 124 49 51 53 124 77 101 115 115 97 103 101 32 97 99 99 101 112 116 101 100 124 124 124 48 124 13 28 13
03.09.2026 8:29:29	Information:	Sended string MSH|^~\&|Mindray||||20260903082928||ACK^R01|135|P|2.3.1||||2||us-ascii|||MSA|AA|135|Message accepted|||0|
03.09.2026 8:29:29	Information:	Received bytes(encoded):MSH|^~\&|||||20260903082828||ORU^R01|136|P|2.3.1||||2||ASCII|||OBR|44|AST|AST|^|?????|20260903080626|20260903080605|20260903082253|||1|1|CC-LEV1-|059325005|20270514||M|49.100000|2.500000|52.501349|U/L|||||||||||||||||||||||||||
03.09.2026 8:29:29	Information:	Add Frame:
03.09.2026 8:29:29	Information:	MSH|^~\&|||||20260903082828||ORU^R01|136|P|2.3.1||||2||ASCII|||
03.09.2026 8:29:29	Information:	In Header
03.09.2026 8:29:29	Information:	MessageType: ORU
03.09.2026 8:29:29	Information:	After message type
03.09.2026 8:29:29	Information:	After ask
03.09.2026 8:29:29	Information:	After version
03.09.2026 8:29:29	Information:	Add Frame:
03.09.2026 8:29:29	Information:	OBR|44|AST|AST|^|?????|20260903080626|20260903080605|20260903082253|||1|1|CC-LEV1-|059325005|20270514||M|49.100000|2.500000|52.501349|U/L|||||||||||||||||||||||||||
03.09.2026 8:29:29	Information:	Add Frame:
03.09.2026 8:29:29	Information:	
03.09.2026 8:29:29	Debug:	read message: 4ms
03.09.2026 8:29:29	Information:	The answer message is created successfully
03.09.2026 8:29:29	Information:	Sending answer...
03.09.2026 8:29:29	Information:	We are in ORU Message
03.09.2026 8:29:29	Information:	MSH MSH|^~\&|||||20260903082828||ORU^R01|136|P|2.3.1||||2||ASCII||||
03.09.2026 8:29:29	Information:	OBR OBR|44|AST|AST|^|?????|20260903080626|20260903080605|20260903082253|||1|1|CC-LEV1-|059325005|20270514||M|49.100000|2.500000|52.501349|U/L||||||||||||||||||||||||||||
03.09.2026 8:29:29	Information:	PatientRecord in message is successfully  processed
03.09.2026 8:29:29	Information:	The patient order is successfully processed
03.09.2026 8:29:29	Information:	The ORU message is successfully processed
03.09.2026 8:29:29	Information:	No results to save
03.09.2026 8:29:29	Debug:	Process message: 3ms
03.09.2026 8:29:29	Debug:	Total time : 9ms
03.09.2026 8:29:30	Information:	Sended bytes:  11 77 83 72 124 94 126 92 38 124 77 105 110 100 114 97 121 124 124 124 124 50 48 50 54 48 57 48 51 48 56 50 57 50 57 124 124 65 67 75 94 82 48 49 124 49 51 54 124 80 124 50 46 51 46 49 124 124 124 124 50 124 124 117 115 45 97 115 99 105 105 124 124 124 13 77 83 65 124 65 65 124 49 51 54 124 77 101 115 115 97 103 101 32 97 99 99 101 112 116 101 100 124 124 124 48 124 13 28 13
03.09.2026 8:29:30	Information:	Sended string MSH|^~\&|Mindray||||20260903082929||ACK^R01|136|P|2.3.1||||2||us-ascii|||MSA|AA|136|Message accepted|||0|
03.09.2026 8:29:30	Information:	Received bytes(encoded):MSH|^~\&|||||20260903082829||ORU^R01|137|P|2.3.1||||2||ASCII|||OBR|45|CRP|CRP ?|^|?????|20260903080626|20260903080605|20260903082508|||1|1|CC-LEV1-|059325005|20270514||M|5.930000|0.590000|8.921054|mg/L|||||||2.7s,1-3s||||||||||||||||||||
03.09.2026 8:29:30	Information:	Add Frame:
03.09.2026 8:29:30	Information:	MSH|^~\&|||||20260903082829||ORU^R01|137|P|2.3.1||||2||ASCII|||
03.09.2026 8:29:30	Information:	In Header
03.09.2026 8:29:30	Information:	MessageType: ORU
03.09.2026 8:29:30	Information:	After message type
03.09.2026 8:29:30	Information:	After ask
03.09.2026 8:29:30	Information:	After version
03.09.2026 8:29:30	Information:	Add Frame:
03.09.2026 8:29:30	Information:	OBR|45|CRP|CRP ?|^|?????|20260903080626|20260903080605|20260903082508|||1|1|CC-LEV1-|059325005|20270514||M|5.930000|0.590000|8.921054|mg/L|||||||2.7s,1-3s||||||||||||||||||||
03.09.2026 8:29:30	Information:	Add Frame:
03.09.2026 8:29:30	Information:	
03.09.2026 8:29:30	Debug:	read message: 4ms
03.09.2026 8:29:30	Information:	The answer message is created successfully
03.09.2026 8:29:30	Information:	Sending answer...
03.09.2026 8:29:30	Information:	We are in ORU Message
03.09.2026 8:29:30	Information:	MSH MSH|^~\&|||||20260903082829||ORU^R01|137|P|2.3.1||||2||ASCII||||
03.09.2026 8:29:30	Information:	OBR OBR|45|CRP|CRP ?|^|?????|20260903080626|20260903080605|20260903082508|||1|1|CC-LEV1-|059325005|20270514||M|5.930000|0.590000|8.921054|mg/L|||||||2.7s,1-3s|||||||||||||||||||||
03.09.2026 8:29:30	Information:	PatientRecord in message is successfully  processed
03.09.2026 8:29:30	Information:	The patient order is successfully processed
03.09.2026 8:29:30	Information:	The ORU message is successfully processed
03.09.2026 8:29:30	Information:	No results to save
03.09.2026 8:29:30	Debug:	Process message: 3ms
03.09.2026 8:29:30	Debug:	Total time : 9ms
03.09.2026 8:29:31	Information:	Sended bytes:  11 77 83 72 124 94 126 92 38 124 77 105 110 100 114 97 121 124 124 124 124 50 48 50 54 48 57 48 51 48 56 50 57 51 48 124 124 65 67 75 94 82 48 49 124 49 51 55 124 80 124 50 46 51 46 49 124 124 124 124 50 124 124 117 115 45 97 115 99 105 105 124 124 124 13 77 83 65 124 65 65 124 49 51 55 124 77 101 115 115 97 103 101 32 97 99 99 101 112 116 101 100 124 124 124 48 124 13 28 13
03.09.2026 8:29:31	Information:	Sended string MSH|^~\&|Mindray||||20260903082930||ACK^R01|137|P|2.3.1||||2||us-ascii|||MSA|AA|137|Message accepted|||0|
03.09.2026 8:29:31	Information:	Received bytes(encoded):MSH|^~\&|||||20260903082830||ORU^R01|138|P|2.3.1||||2||ASCII|||OBR|46|ALP|ALP|^|?????|20260903080626|20260903080605|20260903082638|||1|1|CC-LEV1-|059325005|20270514||M|103.000000|5.000000|88.239792|U/L|||||||RGTE||||||||||||||||||||
03.09.2026 8:29:31	Information:	Add Frame:
03.09.2026 8:29:31	Information:	MSH|^~\&|||||20260903082830||ORU^R01|138|P|2.3.1||||2||ASCII|||
03.09.2026 8:29:31	Information:	In Header
03.09.2026 8:29:31	Information:	MessageType: ORU
03.09.2026 8:29:31	Information:	After message type
03.09.2026 8:29:31	Information:	After ask
03.09.2026 8:29:31	Information:	After version
03.09.2026 8:29:31	Information:	Add Frame:
03.09.2026 8:29:31	Information:	OBR|46|ALP|ALP|^|?????|20260903080626|20260903080605|20260903082638|||1|1|CC-LEV1-|059325005|20270514||M|103.000000|5.000000|88.239792|U/L|||||||RGTE||||||||||||||||||||
03.09.2026 8:29:31	Information:	Add Frame:
03.09.2026 8:29:31	Information:	
03.09.2026 8:29:31	Debug:	read message: 4ms
03.09.2026 8:29:31	Information:	The answer message is created successfully
03.09.2026 8:29:31	Information:	Sending answer...
03.09.2026 8:29:31	Information:	We are in ORU Message
03.09.2026 8:29:31	Information:	MSH MSH|^~\&|||||20260903082830||ORU^R01|138|P|2.3.1||||2||ASCII||||
03.09.2026 8:29:31	Information:	OBR OBR|46|ALP|ALP|^|?????|20260903080626|20260903080605|20260903082638|||1|1|CC-LEV1-|059325005|20270514||M|103.000000|5.000000|88.239792|U/L|||||||RGTE|||||||||||||||||||||
03.09.2026 8:29:31	Information:	PatientRecord in message is successfully  processed
03.09.2026 8:29:31	Information:	The patient order is successfully processed
03.09.2026 8:29:31	Information:	The ORU message is successfully processed
03.09.2026 8:29:31	Information:	No results to save
03.09.2026 8:29:31	Debug:	Process message: 3ms
03.09.2026 8:29:31	Debug:	Total time : 8ms
03.09.2026 8:29:32	Information:	Sended bytes:  11 77 83 72 124 94 126 92 38 124 77 105 110 100 114 97 121 124 124 124 124 50 48 50 54 48 57 48 51 48 56 50 57 51 49 124 124 65 67 75 94 82 48 49 124 49 51 56 124 80 124 50 46 51 46 49 124 124 124 124 50 124 124 117 115 45 97 115 99 105 105 124 124 124 13 77 83 65 124 65 65 124 49 51 56 124 77 101 115 115 97 103 101 32 97 99 99 101 112 116 101 100 124 124 124 48 124 13 28 13
03.09.2026 8:29:32	Information:	Sended string MSH|^~\&|Mindray||||20260903082931||ACK^R01|138|P|2.3.1||||2||us-ascii|||MSA|AA|138|Message accepted|||0|
03.09.2026 8:29:32	Information:	Received bytes(encoded):MSH|^~\&|||||20260903082831||ORU^R01|139|P|2.3.1||||2||ASCII|||OBR|47|TP|TP|^|?????|20260903080626|20260903080605|20260903082440|||1|1|CC-LEV1-|059325005|20270514||M|50.400000|2.500000|49.746815|g/L|||||||||||||||||||||||||||
03.09.2026 8:29:32	Information:	Add Frame:
03.09.2026 8:29:32	Information:	MSH|^~\&|||||20260903082831||ORU^R01|139|P|2.3.1||||2||ASCII|||
03.09.2026 8:29:32	Information:	In Header
03.09.2026 8:29:32	Information:	MessageType: ORU
03.09.2026 8:29:32	Information:	After message type
03.09.2026 8:29:32	Information:	After ask
03.09.2026 8:29:32	Information:	After version
03.09.2026 8:29:32	Information:	Add Frame:
03.09.2026 8:29:32	Information:	OBR|47|TP|TP|^|?????|20260903080626|20260903080605|20260903082440|||1|1|CC-LEV1-|059325005|20270514||M|50.400000|2.500000|49.746815|g/L|||||||||||||||||||||||||||
03.09.2026 8:29:32	Information:	Add Frame:
03.09.2026 8:29:32	Information:	
03.09.2026 8:29:32	Debug:	read message: 4ms
03.09.2026 8:29:32	Information:	The answer message is created successfully
03.09.2026 8:29:32	Information:	Sending answer...
03.09.2026 8:29:32	Information:	We are in ORU Message
03.09.2026 8:29:32	Information:	MSH MSH|^~\&|||||20260903082831||ORU^R01|139|P|2.3.1||||2||ASCII||||
03.09.2026 8:29:32	Information:	OBR OBR|47|TP|TP|^|?????|20260903080626|20260903080605|20260903082440|||1|1|CC-LEV1-|059325005|20270514||M|50.400000|2.500000|49.746815|g/L||||||||||||||||||||||||||||
03.09.2026 8:29:32	Information:	PatientRecord in message is successfully  processed
03.09.2026 8:29:32	Information:	The patient order is successfully processed
03.09.2026 8:29:32	Information:	The ORU message is successfully processed
03.09.2026 8:29:32	Information:	No results to save
03.09.2026 8:29:32	Debug:	Process message: 3ms
03.09.2026 8:29:32	Debug:	Total time : 8ms
03.09.2026 8:29:33	Information:	Sended bytes:  11 77 83 72 124 94 126 92 38 124 77 105 110 100 114 97 121 124 124 124 124 50 48 50 54 48 57 48 51 48 56 50 57 51 50 124 124 65 67 75 94 82 48 49 124 49 51 57 124 80 124 50 46 51 46 49 124 124 124 124 50 124 124 117 115 45 97 115 99 105 105 124 124 124 13 77 83 65 124 65 65 124 49 51 57 124 77 101 115 115 97 103 101 32 97 99 99 101 112 116 101 100 124 124 124 48 124 13 28 13
03.09.2026 8:29:33	Information:	Sended string MSH|^~\&|Mindray||||20260903082932||ACK^R01|139|P|2.3.1||||2||us-ascii|||MSA|AA|139|Message accepted|||0|
03.09.2026 8:29:33	Information:	Received bytes(encoded):MSH|^~\&|||||20260903082832||ORU^R01|140|P|2.3.1||||2||ASCII|||OBR|48|AMY|?-AMY|^|?????|20260903080626|20260903080605|20260903082438|||1|1|CC-LEV1-|059325005|20270514||M|86.900000|4.300000|81.611108|U/L|||||||||||||||||||||||||||
03.09.2026 8:29:33	Information:	Add Frame:
03.09.2026 8:29:33	Information:	MSH|^~\&|||||20260903082832||ORU^R01|140|P|2.3.1||||2||ASCII|||
03.09.2026 8:29:33	Information:	In Header
03.09.2026 8:29:33	Information:	MessageType: ORU
03.09.2026 8:29:33	Information:	After message type
03.09.2026 8:29:33	Information:	After ask
03.09.2026 8:29:33	Information:	After version
03.09.2026 8:29:33	Information:	Add Frame:
03.09.2026 8:29:33	Information:	OBR|48|AMY|?-AMY|^|?????|20260903080626|20260903080605|20260903082438|||1|1|CC-LEV1-|059325005|20270514||M|86.900000|4.300000|81.611108|U/L|||||||||||||||||||||||||||
03.09.2026 8:29:33	Information:	Add Frame:
03.09.2026 8:29:33	Information:	
03.09.2026 8:29:33	Debug:	read message: 4ms
03.09.2026 8:29:33	Information:	The answer message is created successfully
03.09.2026 8:29:33	Information:	Sending answer...
03.09.2026 8:29:33	Information:	We are in ORU Message
03.09.2026 8:29:33	Information:	MSH MSH|^~\&|||||20260903082832||ORU^R01|140|P|2.3.1||||2||ASCII||||
03.09.2026 8:29:33	Information:	OBR OBR|48|AMY|?-AMY|^|?????|20260903080626|20260903080605|20260903082438|||1|1|CC-LEV1-|059325005|20270514||M|86.900000|4.300000|81.611108|U/L||||||||||||||||||||||||||||
03.09.2026 8:29:33	Information:	PatientRecord in message is successfully  processed
03.09.2026 8:29:33	Information:	The patient order is successfully processed
03.09.2026 8:29:33	Information:	The ORU message is successfully processed
03.09.2026 8:29:33	Information:	No results to save
03.09.2026 8:29:33	Debug:	Process message: 3ms
03.09.2026 8:29:33	Debug:	Total time : 8ms
03.09.2026 8:29:34	Information:	Sended bytes:  11 77 83 72 124 94 126 92 38 124 77 105 110 100 114 97 121 124 124 124 124 50 48 50 54 48 57 48 51 48 56 50 57 51 51 124 124 65 67 75 94 82 48 49 124 49 52 48 124 80 124 50 46 51 46 49 124 124 124 124 50 124 124 117 115 45 97 115 99 105 105 124 124 124 13 77 83 65 124 65 65 124 49 52 48 124 77 101 115 115 97 103 101 32 97 99 99 101 112 116 101 100 124 124 124 48 124 13 28 13
03.09.2026 8:29:34	Information:	Sended string MSH|^~\&|Mindray||||20260903082933||ACK^R01|140|P|2.3.1||||2||us-ascii|||MSA|AA|140|Message accepted|||0|
03.09.2026 8:29:34	Information:	Received bytes(encoded):MSH|^~\&|||||20260903082833||ORU^R01|141|P|2.3.1||||2||ASCII|||OBR|49|TC|TC|^|?????|20260903080626|20260903080605|20260903082239|||1|1|CC-LEV1-|059325005|20270514||M|2.620000|0.120000|2.631841|mmol/L|||||||||||||||||||||||||||
03.09.2026 8:29:34	Information:	Add Frame:
03.09.2026 8:29:34	Information:	MSH|^~\&|||||20260903082833||ORU^R01|141|P|2.3.1||||2||ASCII|||
03.09.2026 8:29:34	Information:	In Header
03.09.2026 8:29:34	Information:	MessageType: ORU
03.09.2026 8:29:34	Information:	After message type
03.09.2026 8:29:34	Information:	After ask
03.09.2026 8:29:34	Information:	After version
03.09.2026 8:29:34	Information:	Add Frame:
03.09.2026 8:29:34	Information:	OBR|49|TC|TC|^|?????|20260903080626|20260903080605|20260903082239|||1|1|CC-LEV1-|059325005|20270514||M|2.620000|0.120000|2.631841|mmol/L|||||||||||||||||||||||||||
03.09.2026 8:29:34	Information:	Add Frame:
03.09.2026 8:29:34	Information:	
03.09.2026 8:29:34	Debug:	read message: 4ms
03.09.2026 8:29:34	Information:	The answer message is created successfully
03.09.2026 8:29:34	Information:	Sending answer...
03.09.2026 8:29:34	Information:	We are in ORU Message
03.09.2026 8:29:34	Information:	MSH MSH|^~\&|||||20260903082833||ORU^R01|141|P|2.3.1||||2||ASCII||||
03.09.2026 8:29:34	Information:	OBR OBR|49|TC|TC|^|?????|20260903080626|20260903080605|20260903082239|||1|1|CC-LEV1-|059325005|20270514||M|2.620000|0.120000|2.631841|mmol/L||||||||||||||||||||||||||||
03.09.2026 8:29:34	Information:	PatientRecord in message is successfully  processed
03.09.2026 8:29:34	Information:	The patient order is successfully processed
03.09.2026 8:29:34	Information:	The ORU message is successfully processed
03.09.2026 8:29:34	Information:	No results to save
03.09.2026 8:29:34	Debug:	Process message: 3ms
03.09.2026 8:29:34	Debug:	Total time : 8ms
03.09.2026 8:29:35	Information:	Sended bytes:  11 77 83 72 124 94 126 92 38 124 77 105 110 100 114 97 121 124 124 124 124 50 48 50 54 48 57 48 51 48 56 50 57 51 52 124 124 65 67 75 94 82 48 49 124 49 52 49 124 80 124 50 46 51 46 49 124 124 124 124 50 124 124 117 115 45 97 115 99 105 105 124 124 124 13 77 83 65 124 65 65 124 49 52 49 124 77 101 115 115 97 103 101 32 97 99 99 101 112 116 101 100 124 124 124 48 124 13 28 13
03.09.2026 8:29:35	Information:	Sended string MSH|^~\&|Mindray||||20260903082934||ACK^R01|141|P|2.3.1||||2||us-ascii|||MSA|AA|141|Message accepted|||0|
03.09.2026 8:29:35	Information:	Received bytes(encoded):MSH|^~\&|||||20260903082834||ORU^R01|142|P|2.3.1||||2||ASCII|||OBR|50|CREA-S|CREA-S|^|?????|20260903080626|20260903080605|20260903082438|||1|1|CC-LEV1-|059325005|20270514||M|93.800000|4.700000|91.188106|?mol/L|||||||||||||||||||||||||||
03.09.2026 8:29:35	Information:	Add Frame:
03.09.2026 8:29:35	Information:	MSH|^~\&|||||20260903082834||ORU^R01|142|P|2.3.1||||2||ASCII|||
03.09.2026 8:29:35	Information:	In Header
03.09.2026 8:29:35	Information:	MessageType: ORU
03.09.2026 8:29:35	Information:	After message type
03.09.2026 8:29:35	Information:	After ask
03.09.2026 8:29:35	Information:	After version
03.09.2026 8:29:35	Information:	Add Frame:
03.09.2026 8:29:35	Information:	OBR|50|CREA-S|CREA-S|^|?????|20260903080626|20260903080605|20260903082438|||1|1|CC-LEV1-|059325005|20270514||M|93.800000|4.700000|91.188106|?mol/L|||||||||||||||||||||||||||
03.09.2026 8:29:35	Information:	Add Frame:
03.09.2026 8:29:35	Information:	
03.09.2026 8:29:35	Debug:	read message: 4ms
03.09.2026 8:29:35	Information:	The answer message is created successfully
03.09.2026 8:29:35	Information:	Sending answer...
03.09.2026 8:29:35	Information:	We are in ORU Message
03.09.2026 8:29:35	Information:	MSH MSH|^~\&|||||20260903082834||ORU^R01|142|P|2.3.1||||2||ASCII||||
03.09.2026 8:29:35	Information:	OBR OBR|50|CREA-S|CREA-S|^|?????|20260903080626|20260903080605|20260903082438|||1|1|CC-LEV1-|059325005|20270514||M|93.800000|4.700000|91.188106|?mol/L||||||||||||||||||||||||||||
03.09.2026 8:29:35	Information:	PatientRecord in message is successfully  processed
03.09.2026 8:29:35	Information:	The patient order is successfully processed
03.09.2026 8:29:35	Information:	The ORU message is successfully processed
03.09.2026 8:29:35	Information:	No results to save
03.09.2026 8:29:35	Debug:	Process message: 3ms
03.09.2026 8:29:35	Debug:	Total time : 9ms
03.09.2026 8:29:36	Information:	Sended bytes:  11 77 83 72 124 94 126 92 38 124 77 105 110 100 114 97 121 124 124 124 124 50 48 50 54 48 57 48 51 48 56 50 57 51 53 124 124 65 67 75 94 82 48 49 124 49 52 50 124 80 124 50 46 51 46 49 124 124 124 124 50 124 124 117 115 45 97 115 99 105 105 124 124 124 13 77 83 65 124 65 65 124 49 52 50 124 77 101 115 115 97 103 101 32 97 99 99 101 112 116 101 100 124 124 124 48 124 13 28 13
03.09.2026 8:29:36	Information:	Sended string MSH|^~\&|Mindray||||20260903082935||ACK^R01|142|P|2.3.1||||2||us-ascii|||MSA|AA|142|Message accepted|||0|
03.09.2026 8:29:36	Information:	Received bytes(encoded):MSH|^~\&|||||20260903082835||ORU^R01|143|P|2.3.1||||2||ASCII|||OBR|51|UREA|UREA|^|?????|20260903080626|20260903080605|20260903082324|||1|1|CC-LEV1-|059325005|20270514||M|6.830000|0.340000|7.076682|mmol/L|||||||||||||||||||||||||||
03.09.2026 8:29:36	Information:	Add Frame:
03.09.2026 8:29:36	Information:	MSH|^~\&|||||20260903082835||ORU^R01|143|P|2.3.1||||2||ASCII|||
03.09.2026 8:29:36	Information:	In Header
03.09.2026 8:29:36	Information:	MessageType: ORU
03.09.2026 8:29:36	Information:	After message type
03.09.2026 8:29:36	Information:	After ask
03.09.2026 8:29:36	Information:	After version
03.09.2026 8:29:36	Information:	Add Frame:
03.09.2026 8:29:36	Information:	OBR|51|UREA|UREA|^|?????|20260903080626|20260903080605|20260903082324|||1|1|CC-LEV1-|059325005|20270514||M|6.830000|0.340000|7.076682|mmol/L|||||||||||||||||||||||||||
03.09.2026 8:29:36	Information:	Add Frame:
03.09.2026 8:29:36	Information:	
03.09.2026 8:29:36	Debug:	read message: 4ms
03.09.2026 8:29:36	Information:	The answer message is created successfully
03.09.2026 8:29:36	Information:	Sending answer...
03.09.2026 8:29:36	Information:	We are in ORU Message
03.09.2026 8:29:36	Information:	MSH MSH|^~\&|||||20260903082835||ORU^R01|143|P|2.3.1||||2||ASCII||||
03.09.2026 8:29:36	Information:	OBR OBR|51|UREA|UREA|^|?????|20260903080626|20260903080605|20260903082324|||1|1|CC-LEV1-|059325005|20270514||M|6.830000|0.340000|7.076682|mmol/L||||||||||||||||||||||||||||
03.09.2026 8:29:36	Information:	PatientRecord in message is successfully  processed
03.09.2026 8:29:36	Information:	The patient order is successfully processed
03.09.2026 8:29:36	Information:	The ORU message is successfully processed
03.09.2026 8:29:36	Information:	No results to save
03.09.2026 8:29:36	Debug:	Process message: 3ms
03.09.2026 8:29:36	Debug:	Total time : 8ms
03.09.2026 8:29:37	Information:	Sended bytes:  11 77 83 72 124 94 126 92 38 124 77 105 110 100 114 97 121 124 124 124 124 50 48 50 54 48 57 48 51 48 56 50 57 51 54 124 124 65 67 75 94 82 48 49 124 49 52 51 124 80 124 50 46 51 46 49 124 124 124 124 50 124 124 117 115 45 97 115 99 105 105 124 124 124 13 77 83 65 124 65 65 124 49 52 51 124 77 101 115 115 97 103 101 32 97 99 99 101 112 116 101 100 124 124 124 48 124 13 28 13
03.09.2026 8:29:37	Information:	Sended string MSH|^~\&|Mindray||||20260903082936||ACK^R01|143|P|2.3.1||||2||us-ascii|||MSA|AA|143|Message accepted|||0|
03.09.2026 8:29:37	Information:	Received bytes(encoded):MSH|^~\&|||||20260903082836||ORU^R01|144|P|2.3.1||||2||ASCII|||OBR|52|Fe|Fe|^|?????|20260903080626|20260903080605|20260903082810|||1|1|CC-LEV1-|059325005|20270514||M|19.500000|1.300000|21.517156|?mol/L|||||||RGTE,2.7s||||||||||||||||||||
03.09.2026 8:29:37	Information:	Add Frame:
03.09.2026 8:29:37	Information:	MSH|^~\&|||||20260903082836||ORU^R01|144|P|2.3.1||||2||ASCII|||
03.09.2026 8:29:37	Information:	In Header
03.09.2026 8:29:37	Information:	MessageType: ORU
03.09.2026 8:29:37	Information:	After message type
03.09.2026 8:29:37	Information:	After ask
03.09.2026 8:29:37	Information:	After version
03.09.2026 8:29:37	Information:	Add Frame:
03.09.2026 8:29:37	Information:	OBR|52|Fe|Fe|^|?????|20260903080626|20260903080605|20260903082810|||1|1|CC-LEV1-|059325005|20270514||M|19.500000|1.300000|21.517156|?mol/L|||||||RGTE,2.7s||||||||||||||||||||
03.09.2026 8:29:37	Information:	Add Frame:
03.09.2026 8:29:37	Information:	
03.09.2026 8:29:37	Debug:	read message: 5ms
03.09.2026 8:29:37	Information:	The answer message is created successfully
03.09.2026 8:29:37	Information:	Sending answer...
03.09.2026 8:29:37	Information:	We are in ORU Message
03.09.2026 8:29:37	Information:	MSH MSH|^~\&|||||20260903082836||ORU^R01|144|P|2.3.1||||2||ASCII||||
03.09.2026 8:29:37	Information:	OBR OBR|52|Fe|Fe|^|?????|20260903080626|20260903080605|20260903082810|||1|1|CC-LEV1-|059325005|20270514||M|19.500000|1.300000|21.517156|?mol/L|||||||RGTE,2.7s|||||||||||||||||||||
03.09.2026 8:29:37	Information:	PatientRecord in message is successfully  processed
03.09.2026 8:29:37	Information:	The patient order is successfully processed
03.09.2026 8:29:37	Information:	The ORU message is successfully processed
03.09.2026 8:29:37	Information:	No results to save
03.09.2026 8:29:37	Debug:	Process message: 4ms
03.09.2026 8:29:37	Debug:	Total time : 10ms
03.09.2026 8:29:38	Information:	Sended bytes:  11 77 83 72 124 94 126 92 38 124 77 105 110 100 114 97 121 124 124 124 124 50 48 50 54 48 57 48 51 48 56 50 57 51 55 124 124 65 67 75 94 82 48 49 124 49 52 52 124 80 124 50 46 51 46 49 124 124 124 124 50 124 124 117 115 45 97 115 99 105 105 124 124 124 13 77 83 65 124 65 65 124 49 52 52 124 77 101 115 115 97 103 101 32 97 99 99 101 112 116 101 100 124 124 124 48 124 13 28 13
03.09.2026 8:29:38	Information:	Sended string MSH|^~\&|Mindray||||20260903082937||ACK^R01|144|P|2.3.1||||2||us-ascii|||MSA|AA|144|Message accepted|||0|
03.09.2026 8:29:38	Information:	Received bytes(encoded):MSH|^~\&|||||20260903082837||ORU^R01|145|P|2.3.1||||2||ASCII|||OBR|53|FER|FER|^|?????|20260903080626|20260903080605|20260903082553|||1|1|CC-LEV1-|059325005|20270514||M|88.900000|4.400000|84.626793|ng/mL|||||||||||||||||||||||||||
03.09.2026 8:29:38	Information:	Add Frame:
03.09.2026 8:29:38	Information:	MSH|^~\&|||||20260903082837||ORU^R01|145|P|2.3.1||||2||ASCII|||
03.09.2026 8:29:38	Information:	In Header
03.09.2026 8:29:38	Information:	MessageType: ORU
03.09.2026 8:29:38	Information:	After message type
03.09.2026 8:29:38	Information:	After ask
03.09.2026 8:29:38	Information:	After version
03.09.2026 8:29:38	Information:	Add Frame:
03.09.2026 8:29:38	Information:	OBR|53|FER|FER|^|?????|20260903080626|20260903080605|20260903082553|||1|1|CC-LEV1-|059325005|20270514||M|88.900000|4.400000|84.626793|ng/mL|||||||||||||||||||||||||||
03.09.2026 8:29:38	Information:	Add Frame:
03.09.2026 8:29:38	Information:	
03.09.2026 8:29:38	Debug:	read message: 4ms
03.09.2026 8:29:38	Information:	The answer message is created successfully
03.09.2026 8:29:38	Information:	Sending answer...
03.09.2026 8:29:38	Information:	We are in ORU Message
03.09.2026 8:29:38	Information:	MSH MSH|^~\&|||||20260903082837||ORU^R01|145|P|2.3.1||||2||ASCII||||
03.09.2026 8:29:38	Information:	OBR OBR|53|FER|FER|^|?????|20260903080626|20260903080605|20260903082553|||1|1|CC-LEV1-|059325005|20270514||M|88.900000|4.400000|84.626793|ng/mL||||||||||||||||||||||||||||
03.09.2026 8:29:38	Information:	PatientRecord in message is successfully  processed
03.09.2026 8:29:38	Information:	The patient order is successfully processed
03.09.2026 8:29:38	Information:	The ORU message is successfully processed
03.09.2026 8:29:38	Information:	No results to save
03.09.2026 8:29:38	Debug:	Process message: 3ms
03.09.2026 8:29:38	Debug:	Total time : 9ms
03.09.2026 8:29:39	Information:	Sended bytes:  11 77 83 72 124 94 126 92 38 124 77 105 110 100 114 97 121 124 124 124 124 50 48 50 54 48 57 48 51 48 56 50 57 51 56 124 124 65 67 75 94 82 48 49 124 49 52 53 124 80 124 50 46 51 46 49 124 124 124 124 50 124 124 117 115 45 97 115 99 105 105 124 124 124 13 77 83 65 124 65 65 124 49 52 53 124 77 101 115 115 97 103 101 32 97 99 99 101 112 116 101 100 124 124 124 48 124 13 28 13
03.09.2026 8:29:39	Information:	Sended string MSH|^~\&|Mindray||||20260903082938||ACK^R01|145|P|2.3.1||||2||us-ascii|||MSA|AA|145|Message accepted|||0|
03.09.2026 8:29:39	Information:	Received bytes(encoded):MSH|^~\&|||||20260903082838||ORU^R01|146|P|2.3.1||||2||ASCII|||OBR|54||ALB ?|^|?????|20260903080626|20260903080605|20260903082309|||1|1|CC-LEV1-|059325005|20270514||M|31.400000|1.600000|29.693578|g/L|||||||RGTE||||||||||||||||||||
03.09.2026 8:29:39	Information:	Add Frame:
03.09.2026 8:29:39	Information:	MSH|^~\&|||||20260903082838||ORU^R01|146|P|2.3.1||||2||ASCII|||
03.09.2026 8:29:39	Information:	In Header
03.09.2026 8:29:39	Information:	MessageType: ORU
03.09.2026 8:29:39	Information:	After message type
03.09.2026 8:29:39	Information:	After ask
03.09.2026 8:29:39	Information:	After version
03.09.2026 8:29:39	Information:	Add Frame:
03.09.2026 8:29:39	Information:	OBR|54||ALB ?|^|?????|20260903080626|20260903080605|20260903082309|||1|1|CC-LEV1-|059325005|20270514||M|31.400000|1.600000|29.693578|g/L|||||||RGTE||||||||||||||||||||
03.09.2026 8:29:39	Information:	Add Frame:
03.09.2026 8:29:39	Information:	
03.09.2026 8:29:39	Debug:	read message: 4ms
03.09.2026 8:29:39	Information:	The answer message is created successfully
03.09.2026 8:29:39	Information:	Sending answer...
03.09.2026 8:29:39	Information:	We are in ORU Message
03.09.2026 8:29:39	Information:	MSH MSH|^~\&|||||20260903082838||ORU^R01|146|P|2.3.1||||2||ASCII||||
03.09.2026 8:29:39	Information:	OBR OBR|54||ALB ?|^|?????|20260903080626|20260903080605|20260903082309|||1|1|CC-LEV1-|059325005|20270514||M|31.400000|1.600000|29.693578|g/L|||||||RGTE|||||||||||||||||||||
03.09.2026 8:29:39	Information:	PatientRecord in message is successfully  processed
03.09.2026 8:29:39	Information:	The patient order is successfully processed
03.09.2026 8:29:39	Information:	The ORU message is successfully processed
03.09.2026 8:29:39	Information:	No results to save
03.09.2026 8:29:39	Debug:	Process message: 3ms
03.09.2026 8:29:39	Debug:	Total time : 9ms
03.09.2026 8:29:40	Information:	Sended bytes:  11 77 83 72 124 94 126 92 38 124 77 105 110 100 114 97 121 124 124 124 124 50 48 50 54 48 57 48 51 48 56 50 57 51 57 124 124 65 67 75 94 82 48 49 124 49 52 54 124 80 124 50 46 51 46 49 124 124 124 124 50 124 124 117 115 45 97 115 99 105 105 124 124 124 13 77 83 65 124 65 65 124 49 52 54 124 77 101 115 115 97 103 101 32 97 99 99 101 112 116 101 100 124 124 124 48 124 13 28 13
03.09.2026 8:29:40	Information:	Sended string MSH|^~\&|Mindray||||20260903082939||ACK^R01|146|P|2.3.1||||2||us-ascii|||MSA|AA|146|Message accepted|||0|
03.09.2026 8:29:40	Information:	Received bytes(encoded):MSH|^~\&|||||20260903082839||ORU^R01|147|P|2.3.1||||2||ASCII|||OBR|55||C3|^|?????|20260903080626|20260903080605|20260903082808|||1|1|CC-LEV1-|059325005|20270514||M|1.000000|0.070000|1.098351|g/L|||||||RGTE||||||||||||||||||||
03.09.2026 8:29:40	Information:	Add Frame:
03.09.2026 8:29:40	Information:	MSH|^~\&|||||20260903082839||ORU^R01|147|P|2.3.1||||2||ASCII|||
03.09.2026 8:29:40	Information:	In Header
03.09.2026 8:29:40	Information:	MessageType: ORU
03.09.2026 8:29:40	Information:	After message type
03.09.2026 8:29:40	Information:	After ask
03.09.2026 8:29:40	Information:	After version
03.09.2026 8:29:40	Information:	Add Frame:
03.09.2026 8:29:40	Information:	OBR|55||C3|^|?????|20260903080626|20260903080605|20260903082808|||1|1|CC-LEV1-|059325005|20270514||M|1.000000|0.070000|1.098351|g/L|||||||RGTE||||||||||||||||||||
03.09.2026 8:29:40	Information:	Add Frame:
03.09.2026 8:29:40	Information:	
03.09.2026 8:29:40	Debug:	read message: 4ms
03.09.2026 8:29:40	Information:	The answer message is created successfully
03.09.2026 8:29:40	Information:	Sending answer...
03.09.2026 8:29:40	Information:	We are in ORU Message
03.09.2026 8:29:40	Information:	MSH MSH|^~\&|||||20260903082839||ORU^R01|147|P|2.3.1||||2||ASCII||||
03.09.2026 8:29:40	Information:	OBR OBR|55||C3|^|?????|20260903080626|20260903080605|20260903082808|||1|1|CC-LEV1-|059325005|20270514||M|1.000000|0.070000|1.098351|g/L|||||||RGTE|||||||||||||||||||||
03.09.2026 8:29:40	Information:	PatientRecord in message is successfully  processed
03.09.2026 8:29:40	Information:	The patient order is successfully processed
03.09.2026 8:29:40	Information:	The ORU message is successfully processed
03.09.2026 8:29:40	Information:	No results to save
03.09.2026 8:29:40	Debug:	Process message: 3ms
03.09.2026 8:29:40	Debug:	Total time : 9ms
03.09.2026 8:29:41	Information:	Sended bytes:  11 77 83 72 124 94 126 92 38 124 77 105 110 100 114 97 121 124 124 124 124 50 48 50 54 48 57 48 51 48 56 50 57 52 48 124 124 65 67 75 94 82 48 49 124 49 52 55 124 80 124 50 46 51 46 49 124 124 124 124 50 124 124 117 115 45 97 115 99 105 105 124 124 124 13 77 83 65 124 65 65 124 49 52 55 124 77 101 115 115 97 103 101 32 97 99 99 101 112 116 101 100 124 124 124 48 124 13 28 13
03.09.2026 8:29:41	Information:	Sended string MSH|^~\&|Mindray||||20260903082940||ACK^R01|147|P|2.3.1||||2||us-ascii|||MSA|AA|147|Message accepted|||0|
03.09.2026 8:29:41	Information:	Received bytes(encoded):MSH|^~\&|||||20260903082840||ORU^R01|148|P|2.3.1||||2||ASCII|||OBR|56||C4|^|?????|20260903080626|20260903080605|20260903082823|||1|1|CC-LEV1-|059325005|20270514||M|0.186000|0.013000|0.180627|g/L|||||||RGTE||||||||||||||||||||
03.09.2026 8:29:41	Information:	Add Frame:
03.09.2026 8:29:41	Information:	MSH|^~\&|||||20260903082840||ORU^R01|148|P|2.3.1||||2||ASCII|||
03.09.2026 8:29:41	Information:	In Header
03.09.2026 8:29:41	Information:	MessageType: ORU
03.09.2026 8:29:41	Information:	After message type
03.09.2026 8:29:41	Information:	After ask
03.09.2026 8:29:41	Information:	After version
03.09.2026 8:29:41	Information:	Add Frame:
03.09.2026 8:29:41	Information:	OBR|56||C4|^|?????|20260903080626|20260903080605|20260903082823|||1|1|CC-LEV1-|059325005|20270514||M|0.186000|0.013000|0.180627|g/L|||||||RGTE||||||||||||||||||||
03.09.2026 8:29:41	Information:	Add Frame:
03.09.2026 8:29:41	Information:	
03.09.2026 8:29:41	Debug:	read message: 4ms
03.09.2026 8:29:41	Information:	The answer message is created successfully
03.09.2026 8:29:41	Information:	Sending answer...
03.09.2026 8:29:41	Information:	We are in ORU Message
03.09.2026 8:29:41	Information:	MSH MSH|^~\&|||||20260903082840||ORU^R01|148|P|2.3.1||||2||ASCII||||
03.09.2026 8:29:41	Information:	OBR OBR|56||C4|^|?????|20260903080626|20260903080605|20260903082823|||1|1|CC-LEV1-|059325005|20270514||M|0.186000|0.013000|0.180627|g/L|||||||RGTE|||||||||||||||||||||
03.09.2026 8:29:41	Information:	PatientRecord in message is successfully  processed
03.09.2026 8:29:41	Information:	The patient order is successfully processed
03.09.2026 8:29:41	Information:	The ORU message is successfully processed
03.09.2026 8:29:41	Information:	No results to save
03.09.2026 8:29:41	Debug:	Process message: 3ms
03.09.2026 8:29:41	Debug:	Total time : 9ms
03.09.2026 8:29:42	Information:	Sended bytes:  11 77 83 72 124 94 126 92 38 124 77 105 110 100 114 97 121 124 124 124 124 50 48 50 54 48 57 48 51 48 56 50 57 52 49 124 124 65 67 75 94 82 48 49 124 49 52 56 124 80 124 50 46 51 46 49 124 124 124 124 50 124 124 117 115 45 97 115 99 105 105 124 124 124 13 77 83 65 124 65 65 124 49 52 56 124 77 101 115 115 97 103 101 32 97 99 99 101 112 116 101 100 124 124 124 48 124 13 28 13
03.09.2026 8:29:42	Information:	Sended string MSH|^~\&|Mindray||||20260903082941||ACK^R01|148|P|2.3.1||||2||us-ascii|||MSA|AA|148|Message accepted|||0|
03.09.2026 8:29:42	Information:	Received bytes(encoded):MSH|^~\&|||||20260903082841||ORU^R01|149|P|2.3.1||||2||ASCII|||OBR|57||P|^|?????|20260903080626|20260903080605|20260903082708|||1|1|CC-LEV1-|059325005|20270514||M|1.430000|0.070000|1.408606|mmol/L|||||||||||||||||||||||||||
03.09.2026 8:29:42	Information:	Add Frame:
03.09.2026 8:29:42	Information:	MSH|^~\&|||||20260903082841||ORU^R01|149|P|2.3.1||||2||ASCII|||
03.09.2026 8:29:42	Information:	In Header
03.09.2026 8:29:42	Information:	MessageType: ORU
03.09.2026 8:29:42	Information:	After message type
03.09.2026 8:29:42	Information:	After ask
03.09.2026 8:29:42	Information:	After version
03.09.2026 8:29:42	Information:	Add Frame:
03.09.2026 8:29:42	Information:	OBR|57||P|^|?????|20260903080626|20260903080605|20260903082708|||1|1|CC-LEV1-|059325005|20270514||M|1.430000|0.070000|1.408606|mmol/L|||||||||||||||||||||||||||
03.09.2026 8:29:42	Information:	Add Frame:
03.09.2026 8:29:42	Information:	
03.09.2026 8:29:42	Debug:	read message: 5ms
03.09.2026 8:29:42	Information:	The answer message is created successfully
03.09.2026 8:29:42	Information:	Sending answer...
03.09.2026 8:29:42	Information:	We are in ORU Message
03.09.2026 8:29:42	Information:	MSH MSH|^~\&|||||20260903082841||ORU^R01|149|P|2.3.1||||2||ASCII||||
03.09.2026 8:29:42	Information:	OBR OBR|57||P|^|?????|20260903080626|20260903080605|20260903082708|||1|1|CC-LEV1-|059325005|20270514||M|1.430000|0.070000|1.408606|mmol/L||||||||||||||||||||||||||||
03.09.2026 8:29:42	Information:	PatientRecord in message is successfully  processed
03.09.2026 8:29:42	Information:	The patient order is successfully processed
03.09.2026 8:29:42	Information:	The ORU message is successfully processed
03.09.2026 8:29:42	Information:	No results to save
03.09.2026 8:29:42	Debug:	Process message: 3ms
03.09.2026 8:29:42	Debug:	Total time : 9ms
03.09.2026 8:29:43	Information:	Sended bytes:  11 77 83 72 124 94 126 92 38 124 77 105 110 100 114 97 121 124 124 124 124 50 48 50 54 48 57 48 51 48 56 50 57 52 50 124 124 65 67 75 94 82 48 49 124 49 52 57 124 80 124 50 46 51 46 49 124 124 124 124 50 124 124 117 115 45 97 115 99 105 105 124 124 124 13 77 83 65 124 65 65 124 49 52 57 124 77 101 115 115 97 103 101 32 97 99 99 101 112 116 101 100 124 124 124 48 124 13 28 13
03.09.2026 8:29:43	Information:	Sended string MSH|^~\&|Mindray||||20260903082942||ACK^R01|149|P|2.3.1||||2||us-ascii|||MSA|AA|149|Message accepted|||0|
03.09.2026 8:31:27	Information:	url https://lab-vko.dmed.kz/ /api/DriverManager/PingDevice
03.09.2026 8:31:27	Information:	{
"Hash": "w9LjvpRCyoByGV3Lzv0iX9dSI0tLK0uV+pRojL1kufc=",
"Status": 0
}


03.09.2026 8:31:27	Information:	Ping ret is {"Status":0,"Comment":null}
03.09.2026 8:33:28	Information:	url https://lab-vko.dmed.kz/ /api/DriverManager/PingDevice
03.09.2026 8:33:28	Information:	{
"Hash": "w9LjvpRCyoByGV3Lzv0iX9dSI0tLK0uV+pRojL1kufc=",
"Status": 0
}


03.09.2026 8:33:28	Information:	Ping ret is {"Status":0,"Comment":null}
03.09.2026 8:34:09	Information:	Received bytes(encoded):MSH|^~\&|||||20260903083308||ORU^R01|150|P|2.3.1||||2||ASCII|||OBR|58|Ca|Ca|^|?????|20260903080626|20260903080614|20260903082354|||1|2|CC-LEV2-|059425004|20270331||M|3.170000|0.120000|3.369280|mmol/L|||||||||||||||||||||||||||
03.09.2026 8:34:09	Information:	Add Frame:
03.09.2026 8:34:09	Information:	MSH|^~\&|||||20260903083308||ORU^R01|150|P|2.3.1||||2||ASCII|||
03.09.2026 8:34:09	Information:	In Header
03.09.2026 8:34:09	Information:	MessageType: ORU
03.09.2026 8:34:09	Information:	After message type
03.09.2026 8:34:09	Information:	After ask
03.09.2026 8:34:09	Information:	After version
03.09.2026 8:34:09	Information:	Add Frame:
03.09.2026 8:34:09	Information:	OBR|58|Ca|Ca|^|?????|20260903080626|20260903080614|20260903082354|||1|2|CC-LEV2-|059425004|20270331||M|3.170000|0.120000|3.369280|mmol/L|||||||||||||||||||||||||||
03.09.2026 8:34:09	Information:	Add Frame:
03.09.2026 8:34:09	Information:	
03.09.2026 8:34:09	Debug:	read message: 10ms
03.09.2026 8:34:09	Information:	The answer message is created successfully
03.09.2026 8:34:09	Information:	Sending answer...
03.09.2026 8:34:09	Information:	We are in ORU Message
03.09.2026 8:34:09	Information:	MSH MSH|^~\&|||||20260903083308||ORU^R01|150|P|2.3.1||||2||ASCII||||
03.09.2026 8:34:09	Information:	OBR OBR|58|Ca|Ca|^|?????|20260903080626|20260903080614|20260903082354|||1|2|CC-LEV2-|059425004|20270331||M|3.170000|0.120000|3.369280|mmol/L||||||||||||||||||||||||||||
03.09.2026 8:34:09	Information:	PatientRecord in message is successfully  processed
03.09.2026 8:34:09	Information:	The patient order is successfully processed
03.09.2026 8:34:09	Information:	The ORU message is successfully processed
03.09.2026 8:34:09	Information:	No results to save
03.09.2026 8:34:09	Debug:	Process message: 4ms
03.09.2026 8:34:09	Debug:	Total time : 15ms
03.09.2026 8:34:10	Information:	Sended bytes:  11 77 83 72 124 94 126 92 38 124 77 105 110 100 114 97 121 124 124 124 124 50 48 50 54 48 57 48 51 48 56 51 52 48 57 124 124 65 67 75 94 82 48 49 124 49 53 48 124 80 124 50 46 51 46 49 124 124 124 124 50 124 124 117 115 45 97 115 99 105 105 124 124 124 13 77 83 65 124 65 65 124 49 53 48 124 77 101 115 115 97 103 101 32 97 99 99 101 112 116 101 100 124 124 124 48 124 13 28 13
03.09.2026 8:34:10	Information:	Sended string MSH|^~\&|Mindray||||20260903083409||ACK^R01|150|P|2.3.1||||2||us-ascii|||MSA|AA|150|Message accepted|||0|
03.09.2026 8:34:10	Information:	Received bytes(encoded):MSH|^~\&|||||20260903083309||ORU^R01|151|P|2.3.1||||2||ASCII|||OBR|59|Glu-G|Glu-G|^|?????|20260903080626|20260903080614|20260903082953|||1|2|CC-LEV2-|059425004|20270331||M|13.300000|0.700000|13.304437|mmol/L|||||||||||||||||||||||||||
03.09.2026 8:34:10	Information:	Add Frame:
03.09.2026 8:34:10	Information:	MSH|^~\&|||||20260903083309||ORU^R01|151|P|2.3.1||||2||ASCII|||
03.09.2026 8:34:10	Information:	In Header
03.09.2026 8:34:10	Information:	MessageType: ORU
03.09.2026 8:34:10	Information:	After message type
03.09.2026 8:34:10	Information:	After ask
03.09.2026 8:34:10	Information:	After version
03.09.2026 8:34:10	Information:	Add Frame:
03.09.2026 8:34:10	Information:	OBR|59|Glu-G|Glu-G|^|?????|20260903080626|20260903080614|20260903082953|||1|2|CC-LEV2-|059425004|20270331||M|13.300000|0.700000|13.304437|mmol/L|||||||||||||||||||||||||||
03.09.2026 8:34:10	Information:	Add Frame:
03.09.2026 8:34:10	Information:	
03.09.2026 8:34:10	Debug:	read message: 5ms
03.09.2026 8:34:10	Information:	The answer message is created successfully
03.09.2026 8:34:10	Information:	Sending answer...
03.09.2026 8:34:10	Information:	We are in ORU Message
03.09.2026 8:34:10	Information:	MSH MSH|^~\&|||||20260903083309||ORU^R01|151|P|2.3.1||||2||ASCII||||
03.09.2026 8:34:10	Information:	OBR OBR|59|Glu-G|Glu-G|^|?????|20260903080626|20260903080614|20260903082953|||1|2|CC-LEV2-|059425004|20270331||M|13.300000|0.700000|13.304437|mmol/L||||||||||||||||||||||||||||
03.09.2026 8:34:10	Information:	PatientRecord in message is successfully  processed
03.09.2026 8:34:10	Information:	The patient order is successfully processed
03.09.2026 8:34:10	Information:	The ORU message is successfully processed
03.09.2026 8:34:10	Information:	No results to save
03.09.2026 8:34:10	Debug:	Process message: 3ms
03.09.2026 8:34:10	Debug:	Total time : 9ms
03.09.2026 8:34:11	Information:	Sended bytes:  11 77 83 72 124 94 126 92 38 124 77 105 110 100 114 97 121 124 124 124 124 50 48 50 54 48 57 48 51 48 56 51 52 49 48 124 124 65 67 75 94 82 48 49 124 49 53 49 124 80 124 50 46 51 46 49 124 124 124 124 50 124 124 117 115 45 97 115 99 105 105 124 124 124 13 77 83 65 124 65 65 124 49 53 49 124 77 101 115 115 97 103 101 32 97 99 99 101 112 116 101 100 124 124 124 48 124 13 28 13
03.09.2026 8:34:11	Information:	Sended string MSH|^~\&|Mindray||||20260903083410||ACK^R01|151|P|2.3.1||||2||us-ascii|||MSA|AA|151|Message accepted|||0|
03.09.2026 8:34:11	Information:	Received bytes(encoded):MSH|^~\&|||||20260903083310||ORU^R01|152|P|2.3.1||||2||ASCII|||OBR|60|T-Bil-V|T-Bil-V|^|?????|20260903080626|20260903080614|20260903082955|||1|2|CC-LEV2-|059425004|20270331||M|64.000000|4.800000|63.849657|?mol/L|||||||||||||||||||||||||||
03.09.2026 8:34:11	Information:	Add Frame:
03.09.2026 8:34:11	Information:	MSH|^~\&|||||20260903083310||ORU^R01|152|P|2.3.1||||2||ASCII|||
03.09.2026 8:34:11	Information:	In Header
03.09.2026 8:34:11	Information:	MessageType: ORU
03.09.2026 8:34:11	Information:	After message type
03.09.2026 8:34:11	Information:	After ask
03.09.2026 8:34:11	Information:	After version
03.09.2026 8:34:11	Information:	Add Frame:
03.09.2026 8:34:11	Information:	OBR|60|T-Bil-V|T-Bil-V|^|?????|20260903080626|20260903080614|20260903082955|||1|2|CC-LEV2-|059425004|20270331||M|64.000000|4.800000|63.849657|?mol/L|||||||||||||||||||||||||||
03.09.2026 8:34:11	Information:	Add Frame:
03.09.2026 8:34:11	Information:	
03.09.2026 8:34:11	Debug:	read message: 5ms
03.09.2026 8:34:11	Information:	The answer message is created successfully
03.09.2026 8:34:11	Information:	Sending answer...
03.09.2026 8:34:11	Information:	We are in ORU Message
03.09.2026 8:34:11	Information:	MSH MSH|^~\&|||||20260903083310||ORU^R01|152|P|2.3.1||||2||ASCII||||
03.09.2026 8:34:11	Information:	OBR OBR|60|T-Bil-V|T-Bil-V|^|?????|20260903080626|20260903080614|20260903082955|||1|2|CC-LEV2-|059425004|20270331||M|64.000000|4.800000|63.849657|?mol/L||||||||||||||||||||||||||||
03.09.2026 8:34:11	Information:	PatientRecord in message is successfully  processed
03.09.2026 8:34:11	Information:	The patient order is successfully processed
03.09.2026 8:34:11	Information:	The ORU message is successfully processed
03.09.2026 8:34:11	Information:	No results to save
03.09.2026 8:34:11	Debug:	Process message: 3ms
03.09.2026 8:34:11	Debug:	Total time : 9ms
03.09.2026 8:34:12	Information:	Sended bytes:  11 77 83 72 124 94 126 92 38 124 77 105 110 100 114 97 121 124 124 124 124 50 48 50 54 48 57 48 51 48 56 51 52 49 49 124 124 65 67 75 94 82 48 49 124 49 53 50 124 80 124 50 46 51 46 49 124 124 124 124 50 124 124 117 115 45 97 115 99 105 105 124 124 124 13 77 83 65 124 65 65 124 49 53 50 124 77 101 115 115 97 103 101 32 97 99 99 101 112 116 101 100 124 124 124 48 124 13 28 13
03.09.2026 8:34:12	Information:	Sended string MSH|^~\&|Mindray||||20260903083411||ACK^R01|152|P|2.3.1||||2||us-ascii|||MSA|AA|152|Message accepted|||0|
03.09.2026 8:34:12	Information:	Received bytes(encoded):MSH|^~\&|||||20260903083311||ORU^R01|153|P|2.3.1||||2||ASCII|||OBR|61|D-Bil-V|D-Bil-V|^|?????|20260903080626|20260903080614|20260903083010|||1|2|CC-LEV2-|059425004|20270331||M|31.200000|2.300000|30.325417|?mol/L|||||||||||||||||||||||||||
03.09.2026 8:34:12	Information:	Add Frame:
03.09.2026 8:34:12	Information:	MSH|^~\&|||||20260903083311||ORU^R01|153|P|2.3.1||||2||ASCII|||
03.09.2026 8:34:12	Information:	In Header
03.09.2026 8:34:12	Information:	MessageType: ORU
03.09.2026 8:34:12	Information:	After message type
03.09.2026 8:34:12	Information:	After ask
03.09.2026 8:34:12	Information:	After version
03.09.2026 8:34:12	Information:	Add Frame:
03.09.2026 8:34:12	Information:	OBR|61|D-Bil-V|D-Bil-V|^|?????|20260903080626|20260903080614|20260903083010|||1|2|CC-LEV2-|059425004|20270331||M|31.200000|2.300000|30.325417|?mol/L|||||||||||||||||||||||||||
03.09.2026 8:34:12	Information:	Add Frame:
03.09.2026 8:34:12	Information:	
03.09.2026 8:34:12	Debug:	read message: 4ms
03.09.2026 8:34:12	Information:	The answer message is created successfully
03.09.2026 8:34:12	Information:	Sending answer...
03.09.2026 8:34:12	Information:	We are in ORU Message
03.09.2026 8:34:12	Information:	MSH MSH|^~\&|||||20260903083311||ORU^R01|153|P|2.3.1||||2||ASCII||||
03.09.2026 8:34:12	Information:	OBR OBR|61|D-Bil-V|D-Bil-V|^|?????|20260903080626|20260903080614|20260903083010|||1|2|CC-LEV2-|059425004|20270331||M|31.200000|2.300000|30.325417|?mol/L||||||||||||||||||||||||||||
03.09.2026 8:34:12	Information:	PatientRecord in message is successfully  processed
03.09.2026 8:34:12	Information:	The patient order is successfully processed
03.09.2026 8:34:12	Information:	The ORU message is successfully processed
03.09.2026 8:34:12	Information:	No results to save
03.09.2026 8:34:12	Debug:	Process message: 4ms
03.09.2026 8:34:12	Debug:	Total time : 9ms
03.09.2026 8:34:13	Information:	Sended bytes:  11 77 83 72 124 94 126 92 38 124 77 105 110 100 114 97 121 124 124 124 124 50 48 50 54 48 57 48 51 48 56 51 52 49 50 124 124 65 67 75 94 82 48 49 124 49 53 51 124 80 124 50 46 51 46 49 124 124 124 124 50 124 124 117 115 45 97 115 99 105 105 124 124 124 13 77 83 65 124 65 65 124 49 53 51 124 77 101 115 115 97 103 101 32 97 99 99 101 112 116 101 100 124 124 124 48 124 13 28 13
03.09.2026 8:34:13	Information:	Sended string MSH|^~\&|Mindray||||20260903083412||ACK^R01|153|P|2.3.1||||2||us-ascii|||MSA|AA|153|Message accepted|||0|
03.09.2026 8:34:13	Information:	Received bytes(encoded):MSH|^~\&|||||20260903083312||ORU^R01|154|P|2.3.1||||2||ASCII|||OBR|62|ALT|ALT|^|?????|20260903080626|20260903080614|20260903082823|||1|2|CC-LEV2-|059425004|20270331||M|134.000000|7.000000|137.596558|U/L|||||||||||||||||||||||||||
03.09.2026 8:34:13	Information:	Add Frame:
03.09.2026 8:34:13	Information:	MSH|^~\&|||||20260903083312||ORU^R01|154|P|2.3.1||||2||ASCII|||
03.09.2026 8:34:13	Information:	In Header
03.09.2026 8:34:13	Information:	MessageType: ORU
03.09.2026 8:34:13	Information:	After message type
03.09.2026 8:34:13	Information:	After ask
03.09.2026 8:34:13	Information:	After version
03.09.2026 8:34:13	Information:	Add Frame:
03.09.2026 8:34:13	Information:	OBR|62|ALT|ALT|^|?????|20260903080626|20260903080614|20260903082823|||1|2|CC-LEV2-|059425004|20270331||M|134.000000|7.000000|137.596558|U/L|||||||||||||||||||||||||||
03.09.2026 8:34:13	Information:	Add Frame:
03.09.2026 8:34:13	Information:	
03.09.2026 8:34:13	Debug:	read message: 4ms
03.09.2026 8:34:13	Information:	The answer message is created successfully
03.09.2026 8:34:13	Information:	Sending answer...
03.09.2026 8:34:13	Information:	We are in ORU Message
03.09.2026 8:34:13	Information:	MSH MSH|^~\&|||||20260903083312||ORU^R01|154|P|2.3.1||||2||ASCII||||
03.09.2026 8:34:13	Information:	OBR OBR|62|ALT|ALT|^|?????|20260903080626|20260903080614|20260903082823|||1|2|CC-LEV2-|059425004|20270331||M|134.000000|7.000000|137.596558|U/L||||||||||||||||||||||||||||
03.09.2026 8:34:13	Information:	PatientRecord in message is successfully  processed
03.09.2026 8:34:13	Information:	The patient order is successfully processed
03.09.2026 8:34:13	Information:	The ORU message is successfully processed
03.09.2026 8:34:13	Information:	No results to save
03.09.2026 8:34:13	Debug:	Process message: 3ms
03.09.2026 8:34:13	Debug:	Total time : 9ms
03.09.2026 8:34:14	Information:	Sended bytes:  11 77 83 72 124 94 126 92 38 124 77 105 110 100 114 97 121 124 124 124 124 50 48 50 54 48 57 48 51 48 56 51 52 49 51 124 124 65 67 75 94 82 48 49 124 49 53 52 124 80 124 50 46 51 46 49 124 124 124 124 50 124 124 117 115 45 97 115 99 105 105 124 124 124 13 77 83 65 124 65 65 124 49 53 52 124 77 101 115 115 97 103 101 32 97 99 99 101 112 116 101 100 124 124 124 48 124 13 28 13
03.09.2026 8:34:14	Information:	Sended string MSH|^~\&|Mindray||||20260903083413||ACK^R01|154|P|2.3.1||||2||us-ascii|||MSA|AA|154|Message accepted|||0|
03.09.2026 8:34:14	Information:	Received bytes(encoded):MSH|^~\&|||||20260903083313||ORU^R01|155|P|2.3.1||||2||ASCII|||OBR|63|AST|AST|^|?????|20260903080626|20260903080614|20260903082838|||1|2|CC-LEV2-|059425004|20270331||M|149.000000|7.000000|150.671095|U/L|||||||||||||||||||||||||||
03.09.2026 8:34:14	Information:	Add Frame:
03.09.2026 8:34:14	Information:	MSH|^~\&|||||20260903083313||ORU^R01|155|P|2.3.1||||2||ASCII|||
03.09.2026 8:34:14	Information:	In Header
03.09.2026 8:34:14	Information:	MessageType: ORU
03.09.2026 8:34:14	Information:	After message type
03.09.2026 8:34:14	Information:	After ask
03.09.2026 8:34:14	Information:	After version
03.09.2026 8:34:14	Information:	Add Frame:
03.09.2026 8:34:14	Information:	OBR|63|AST|AST|^|?????|20260903080626|20260903080614|20260903082838|||1|2|CC-LEV2-|059425004|20270331||M|149.000000|7.000000|150.671095|U/L|||||||||||||||||||||||||||
03.09.2026 8:34:14	Information:	Add Frame:
03.09.2026 8:34:14	Information:	
03.09.2026 8:34:14	Debug:	read message: 4ms
03.09.2026 8:34:14	Information:	The answer message is created successfully
03.09.2026 8:34:14	Information:	Sending answer...
03.09.2026 8:34:14	Information:	We are in ORU Message
03.09.2026 8:34:14	Information:	MSH MSH|^~\&|||||20260903083313||ORU^R01|155|P|2.3.1||||2||ASCII||||
03.09.2026 8:34:14	Information:	OBR OBR|63|AST|AST|^|?????|20260903080626|20260903080614|20260903082838|||1|2|CC-LEV2-|059425004|20270331||M|149.000000|7.000000|150.671095|U/L||||||||||||||||||||||||||||
03.09.2026 8:34:14	Information:	PatientRecord in message is successfully  processed
03.09.2026 8:34:14	Information:	The patient order is successfully processed
03.09.2026 8:34:14	Information:	The ORU message is successfully processed
03.09.2026 8:34:14	Information:	No results to save
03.09.2026 8:34:14	Debug:	Process message: 3ms
03.09.2026 8:34:14	Debug:	Total time : 9ms
03.09.2026 8:34:15	Information:	Sended bytes:  11 77 83 72 124 94 126 92 38 124 77 105 110 100 114 97 121 124 124 124 124 50 48 50 54 48 57 48 51 48 56 51 52 49 52 124 124 65 67 75 94 82 48 49 124 49 53 53 124 80 124 50 46 51 46 49 124 124 124 124 50 124 124 117 115 45 97 115 99 105 105 124 124 124 13 77 83 65 124 65 65 124 49 53 53 124 77 101 115 115 97 103 101 32 97 99 99 101 112 116 101 100 124 124 124 48 124 13 28 13
03.09.2026 8:34:15	Information:	Sended string MSH|^~\&|Mindray||||20260903083414||ACK^R01|155|P|2.3.1||||2||us-ascii|||MSA|AA|155|Message accepted|||0|
03.09.2026 8:34:15	Information:	Received bytes(encoded):MSH|^~\&|||||20260903083314||ORU^R01|156|P|2.3.1||||2||ASCII|||OBR|64|CRP|CRP ?|^|?????|20260903080626|20260903080614|20260903083053|||1|2|CC-LEV2-|059425004|20270331||M|53.500000|5.400000|59.815536|mg/L|||||||||||||||||||||||||||
03.09.2026 8:34:15	Information:	Add Frame:
03.09.2026 8:34:15	Information:	MSH|^~\&|||||20260903083314||ORU^R01|156|P|2.3.1||||2||ASCII|||
03.09.2026 8:34:15	Information:	In Header
03.09.2026 8:34:15	Information:	MessageType: ORU
03.09.2026 8:34:15	Information:	After message type
03.09.2026 8:34:15	Information:	After ask
03.09.2026 8:34:15	Information:	After version
03.09.2026 8:34:15	Information:	Add Frame:
03.09.2026 8:34:15	Information:	OBR|64|CRP|CRP ?|^|?????|20260903080626|20260903080614|20260903083053|||1|2|CC-LEV2-|059425004|20270331||M|53.500000|5.400000|59.815536|mg/L|||||||||||||||||||||||||||
03.09.2026 8:34:15	Information:	Add Frame:
03.09.2026 8:34:15	Information:	
03.09.2026 8:34:15	Debug:	read message: 5ms
03.09.2026 8:34:15	Information:	The answer message is created successfully
03.09.2026 8:34:15	Information:	Sending answer...
03.09.2026 8:34:15	Information:	We are in ORU Message
03.09.2026 8:34:15	Information:	MSH MSH|^~\&|||||20260903083314||ORU^R01|156|P|2.3.1||||2||ASCII||||
03.09.2026 8:34:15	Information:	OBR OBR|64|CRP|CRP ?|^|?????|20260903080626|20260903080614|20260903083053|||1|2|CC-LEV2-|059425004|20270331||M|53.500000|5.400000|59.815536|mg/L||||||||||||||||||||||||||||
03.09.2026 8:34:15	Information:	PatientRecord in message is successfully  processed
03.09.2026 8:34:15	Information:	The patient order is successfully processed
03.09.2026 8:34:15	Information:	The ORU message is successfully processed
03.09.2026 8:34:15	Information:	No results to save
03.09.2026 8:34:15	Debug:	Process message: 3ms
03.09.2026 8:34:15	Debug:	Total time : 9ms
03.09.2026 8:34:16	Information:	Sended bytes:  11 77 83 72 124 94 126 92 38 124 77 105 110 100 114 97 121 124 124 124 124 50 48 50 54 48 57 48 51 48 56 51 52 49 53 124 124 65 67 75 94 82 48 49 124 49 53 54 124 80 124 50 46 51 46 49 124 124 124 124 50 124 124 117 115 45 97 115 99 105 105 124 124 124 13 77 83 65 124 65 65 124 49 53 54 124 77 101 115 115 97 103 101 32 97 99 99 101 112 116 101 100 124 124 124 48 124 13 28 13
03.09.2026 8:34:16	Information:	Sended string MSH|^~\&|Mindray||||20260903083415||ACK^R01|156|P|2.3.1||||2||us-ascii|||MSA|AA|156|Message accepted|||0|
03.09.2026 8:34:16	Information:	Received bytes(encoded):MSH|^~\&|||||20260903083315||ORU^R01|157|P|2.3.1||||2||ASCII|||OBR|65|ALP|ALP|^|?????|20260903080626|20260903080614|20260903083123|||1|2|CC-LEV2-|059425004|20270331||M|237.000000|12.000000|225.137783|U/L|||||||RGTE||||||||||||||||||||
03.09.2026 8:34:16	Information:	Add Frame:
03.09.2026 8:34:16	Information:	MSH|^~\&|||||20260903083315||ORU^R01|157|P|2.3.1||||2||ASCII|||
03.09.2026 8:34:16	Information:	In Header
03.09.2026 8:34:16	Information:	MessageType: ORU
03.09.2026 8:34:16	Information:	After message type
03.09.2026 8:34:16	Information:	After ask
03.09.2026 8:34:16	Information:	After version
03.09.2026 8:34:16	Information:	Add Frame:
03.09.2026 8:34:16	Information:	OBR|65|ALP|ALP|^|?????|20260903080626|20260903080614|20260903083123|||1|2|CC-LEV2-|059425004|20270331||M|237.000000|12.000000|225.137783|U/L|||||||RGTE||||||||||||||||||||
03.09.2026 8:34:16	Information:	Add Frame:
03.09.2026 8:34:16	Information:	
03.09.2026 8:34:16	Debug:	read message: 4ms
03.09.2026 8:34:16	Information:	The answer message is created successfully
03.09.2026 8:34:16	Information:	Sending answer...
03.09.2026 8:34:16	Information:	We are in ORU Message
03.09.2026 8:34:16	Information:	MSH MSH|^~\&|||||20260903083315||ORU^R01|157|P|2.3.1||||2||ASCII||||
03.09.2026 8:34:16	Information:	OBR OBR|65|ALP|ALP|^|?????|20260903080626|20260903080614|20260903083123|||1|2|CC-LEV2-|059425004|20270331||M|237.000000|12.000000|225.137783|U/L|||||||RGTE|||||||||||||||||||||
03.09.2026 8:34:16	Information:	PatientRecord in message is successfully  processed
03.09.2026 8:34:16	Information:	The patient order is successfully processed
03.09.2026 8:34:16	Information:	The ORU message is successfully processed
03.09.2026 8:34:16	Information:	No results to save
03.09.2026 8:34:16	Debug:	Process message: 3ms
03.09.2026 8:34:16	Debug:	Total time : 9ms
03.09.2026 8:34:17	Information:	Sended bytes:  11 77 83 72 124 94 126 92 38 124 77 105 110 100 114 97 121 124 124 124 124 50 48 50 54 48 57 48 51 48 56 51 52 49 54 124 124 65 67 75 94 82 48 49 124 49 53 55 124 80 124 50 46 51 46 49 124 124 124 124 50 124 124 117 115 45 97 115 99 105 105 124 124 124 13 77 83 65 124 65 65 124 49 53 55 124 77 101 115 115 97 103 101 32 97 99 99 101 112 116 101 100 124 124 124 48 124 13 28 13
03.09.2026 8:34:17	Information:	Sended string MSH|^~\&|Mindray||||20260903083416||ACK^R01|157|P|2.3.1||||2||us-ascii|||MSA|AA|157|Message accepted|||0|
03.09.2026 8:34:17	Information:	Received bytes(encoded):MSH|^~\&|||||20260903083316||ORU^R01|158|P|2.3.1||||2||ASCII|||OBR|66|TP|TP|^|?????|20260903080626|20260903080614|20260903083025|||1|2|CC-LEV2-|059425004|20270331||M|77.800000|3.900000|80.765347|g/L|||||||||||||||||||||||||||
03.09.2026 8:34:17	Information:	Add Frame:
03.09.2026 8:34:17	Information:	MSH|^~\&|||||20260903083316||ORU^R01|158|P|2.3.1||||2||ASCII|||
03.09.2026 8:34:17	Information:	In Header
03.09.2026 8:34:17	Information:	MessageType: ORU
03.09.2026 8:34:17	Information:	After message type
03.09.2026 8:34:17	Information:	After ask
03.09.2026 8:34:17	Information:	After version
03.09.2026 8:34:17	Information:	Add Frame:
03.09.2026 8:34:17	Information:	OBR|66|TP|TP|^|?????|20260903080626|20260903080614|20260903083025|||1|2|CC-LEV2-|059425004|20270331||M|77.800000|3.900000|80.765347|g/L|||||||||||||||||||||||||||
03.09.2026 8:34:17	Information:	Add Frame:
03.09.2026 8:34:17	Information:	
03.09.2026 8:34:17	Debug:	read message: 4ms
03.09.2026 8:34:17	Information:	The answer message is created successfully
03.09.2026 8:34:17	Information:	Sending answer...
03.09.2026 8:34:17	Information:	We are in ORU Message
03.09.2026 8:34:17	Information:	MSH MSH|^~\&|||||20260903083316||ORU^R01|158|P|2.3.1||||2||ASCII||||
03.09.2026 8:34:17	Information:	OBR OBR|66|TP|TP|^|?????|20260903080626|20260903080614|20260903083025|||1|2|CC-LEV2-|059425004|20270331||M|77.800000|3.900000|80.765347|g/L||||||||||||||||||||||||||||
03.09.2026 8:34:17	Information:	PatientRecord in message is successfully  processed
03.09.2026 8:34:17	Information:	The patient order is successfully processed
03.09.2026 8:34:17	Information:	The ORU message is successfully processed
03.09.2026 8:34:17	Information:	No results to save
03.09.2026 8:34:17	Debug:	Process message: 3ms
03.09.2026 8:34:17	Debug:	Total time : 9ms
03.09.2026 8:34:18	Information:	Sended bytes:  11 77 83 72 124 94 126 92 38 124 77 105 110 100 114 97 121 124 124 124 124 50 48 50 54 48 57 48 51 48 56 51 52 49 55 124 124 65 67 75 94 82 48 49 124 49 53 56 124 80 124 50 46 51 46 49 124 124 124 124 50 124 124 117 115 45 97 115 99 105 105 124 124 124 13 77 83 65 124 65 65 124 49 53 56 124 77 101 115 115 97 103 101 32 97 99 99 101 112 116 101 100 124 124 124 48 124 13 28 13
03.09.2026 8:34:18	Information:	Sended string MSH|^~\&|Mindray||||20260903083417||ACK^R01|158|P|2.3.1||||2||us-ascii|||MSA|AA|158|Message accepted|||0|
03.09.2026 8:34:18	Information:	Received bytes(encoded):MSH|^~\&|||||20260903083317||ORU^R01|159|P|2.3.1||||2||ASCII|||OBR|67|AMY|?-AMY|^|?????|20260903080626|20260903080614|20260903082923|||1|2|CC-LEV2-|059425004|20270331||M|202.000000|10.000000|201.181541|U/L|||||||||||||||||||||||||||
03.09.2026 8:34:18	Information:	Add Frame:
03.09.2026 8:34:18	Information:	MSH|^~\&|||||20260903083317||ORU^R01|159|P|2.3.1||||2||ASCII|||
03.09.2026 8:34:18	Information:	In Header
03.09.2026 8:34:18	Information:	MessageType: ORU
03.09.2026 8:34:18	Information:	After message type
03.09.2026 8:34:18	Information:	After ask
03.09.2026 8:34:18	Information:	After version
03.09.2026 8:34:18	Information:	Add Frame:
03.09.2026 8:34:18	Information:	OBR|67|AMY|?-AMY|^|?????|20260903080626|20260903080614|20260903082923|||1|2|CC-LEV2-|059425004|20270331||M|202.000000|10.000000|201.181541|U/L|||||||||||||||||||||||||||
03.09.2026 8:34:18	Information:	Add Frame:
03.09.2026 8:34:18	Information:	
03.09.2026 8:34:18	Debug:	read message: 5ms
03.09.2026 8:34:18	Information:	The answer message is created successfully
03.09.2026 8:34:18	Information:	Sending answer...
03.09.2026 8:34:18	Information:	We are in ORU Message
03.09.2026 8:34:18	Information:	MSH MSH|^~\&|||||20260903083317||ORU^R01|159|P|2.3.1||||2||ASCII||||
03.09.2026 8:34:18	Information:	OBR OBR|67|AMY|?-AMY|^|?????|20260903080626|20260903080614|20260903082923|||1|2|CC-LEV2-|059425004|20270331||M|202.000000|10.000000|201.181541|U/L||||||||||||||||||||||||||||
03.09.2026 8:34:18	Information:	PatientRecord in message is successfully  processed
03.09.2026 8:34:18	Information:	The patient order is successfully processed
03.09.2026 8:34:18	Information:	The ORU message is successfully processed
03.09.2026 8:34:18	Information:	No results to save
03.09.2026 8:34:18	Debug:	Process message: 3ms
03.09.2026 8:34:18	Debug:	Total time : 9ms
03.09.2026 8:34:19	Information:	Sended bytes:  11 77 83 72 124 94 126 92 38 124 77 105 110 100 114 97 121 124 124 124 124 50 48 50 54 48 57 48 51 48 56 51 52 49 56 124 124 65 67 75 94 82 48 49 124 49 53 57 124 80 124 50 46 51 46 49 124 124 124 124 50 124 124 117 115 45 97 115 99 105 105 124 124 124 13 77 83 65 124 65 65 124 49 53 57 124 77 101 115 115 97 103 101 32 97 99 99 101 112 116 101 100 124 124 124 48 124 13 28 13
03.09.2026 8:34:19	Information:	Sended string MSH|^~\&|Mindray||||20260903083418||ACK^R01|159|P|2.3.1||||2||us-ascii|||MSA|AA|159|Message accepted|||0|
03.09.2026 8:34:19	Information:	Received bytes(encoded):MSH|^~\&|||||20260903083318||ORU^R01|160|P|2.3.1||||2||ASCII|||OBR|68|TC|TC|^|?????|20260903080626|20260903080614|20260903082724|||1|2|CC-LEV2-|059425004|20270331||M|4.420000|0.200000|4.366771|mmol/L|||||||||||||||||||||||||||
03.09.2026 8:34:19	Information:	Add Frame:
03.09.2026 8:34:19	Information:	MSH|^~\&|||||20260903083318||ORU^R01|160|P|2.3.1||||2||ASCII|||
03.09.2026 8:34:19	Information:	In Header
03.09.2026 8:34:19	Information:	MessageType: ORU
03.09.2026 8:34:19	Information:	After message type
03.09.2026 8:34:19	Information:	After ask
03.09.2026 8:34:19	Information:	After version
03.09.2026 8:34:19	Information:	Add Frame:
03.09.2026 8:34:19	Information:	OBR|68|TC|TC|^|?????|20260903080626|20260903080614|20260903082724|||1|2|CC-LEV2-|059425004|20270331||M|4.420000|0.200000|4.366771|mmol/L|||||||||||||||||||||||||||
03.09.2026 8:34:19	Information:	Add Frame:
03.09.2026 8:34:19	Information:	
03.09.2026 8:34:19	Debug:	read message: 4ms
03.09.2026 8:34:19	Information:	The answer message is created successfully
03.09.2026 8:34:19	Information:	Sending answer...
03.09.2026 8:34:19	Information:	We are in ORU Message
03.09.2026 8:34:19	Information:	MSH MSH|^~\&|||||20260903083318||ORU^R01|160|P|2.3.1||||2||ASCII||||
03.09.2026 8:34:19	Information:	OBR OBR|68|TC|TC|^|?????|20260903080626|20260903080614|20260903082724|||1|2|CC-LEV2-|059425004|20270331||M|4.420000|0.200000|4.366771|mmol/L||||||||||||||||||||||||||||
03.09.2026 8:34:19	Information:	PatientRecord in message is successfully  processed
03.09.2026 8:34:19	Information:	The patient order is successfully processed
03.09.2026 8:34:19	Information:	The ORU message is successfully processed
03.09.2026 8:34:19	Information:	No results to save
03.09.2026 8:34:19	Debug:	Process message: 3ms
03.09.2026 8:34:19	Debug:	Total time : 9ms
03.09.2026 8:34:20	Information:	Sended bytes:  11 77 83 72 124 94 126 92 38 124 77 105 110 100 114 97 121 124 124 124 124 50 48 50 54 48 57 48 51 48 56 51 52 49 57 124 124 65 67 75 94 82 48 49 124 49 54 48 124 80 124 50 46 51 46 49 124 124 124 124 50 124 124 117 115 45 97 115 99 105 105 124 124 124 13 77 83 65 124 65 65 124 49 54 48 124 77 101 115 115 97 103 101 32 97 99 99 101 112 116 101 100 124 124 124 48 124 13 28 13
03.09.2026 8:34:20	Information:	Sended string MSH|^~\&|Mindray||||20260903083419||ACK^R01|160|P|2.3.1||||2||us-ascii|||MSA|AA|160|Message accepted|||0|
03.09.2026 8:34:20	Information:	Received bytes(encoded):MSH|^~\&|||||20260903083319||ORU^R01|161|P|2.3.1||||2||ASCII|||OBR|69|CREA-S|CREA-S|^|?????|20260903080626|20260903080614|20260903083023|||1|2|CC-LEV2-|059425004|20270331||M|363.000000|18.000000|362.456325|?mol/L|||||||||||||||||||||||||||
03.09.2026 8:34:20	Information:	Add Frame:
03.09.2026 8:34:20	Information:	MSH|^~\&|||||20260903083319||ORU^R01|161|P|2.3.1||||2||ASCII|||
03.09.2026 8:34:20	Information:	In Header
03.09.2026 8:34:20	Information:	MessageType: ORU
03.09.2026 8:34:20	Information:	After message type
03.09.2026 8:34:20	Information:	After ask
03.09.2026 8:34:20	Information:	After version
03.09.2026 8:34:20	Information:	Add Frame:
03.09.2026 8:34:20	Information:	OBR|69|CREA-S|CREA-S|^|?????|20260903080626|20260903080614|20260903083023|||1|2|CC-LEV2-|059425004|20270331||M|363.000000|18.000000|362.456325|?mol/L|||||||||||||||||||||||||||
03.09.2026 8:34:20	Information:	Add Frame:
03.09.2026 8:34:20	Information:	
03.09.2026 8:34:20	Debug:	read message: 6ms
03.09.2026 8:34:20	Information:	The answer message is created successfully
03.09.2026 8:34:20	Information:	Sending answer...
03.09.2026 8:34:20	Information:	We are in ORU Message
03.09.2026 8:34:20	Information:	MSH MSH|^~\&|||||20260903083319||ORU^R01|161|P|2.3.1||||2||ASCII||||
03.09.2026 8:34:20	Information:	OBR OBR|69|CREA-S|CREA-S|^|?????|20260903080626|20260903080614|20260903083023|||1|2|CC-LEV2-|059425004|20270331||M|363.000000|18.000000|362.456325|?mol/L||||||||||||||||||||||||||||
03.09.2026 8:34:20	Information:	PatientRecord in message is successfully  processed
03.09.2026 8:34:20	Information:	The patient order is successfully processed
03.09.2026 8:34:20	Information:	The ORU message is successfully processed
03.09.2026 8:34:20	Information:	No results to save
03.09.2026 8:34:20	Debug:	Process message: 4ms
03.09.2026 8:34:20	Debug:	Total time : 11ms
03.09.2026 8:34:21	Information:	Sended bytes:  11 77 83 72 124 94 126 92 38 124 77 105 110 100 114 97 121 124 124 124 124 50 48 50 54 48 57 48 51 48 56 51 52 50 48 124 124 65 67 75 94 82 48 49 124 49 54 49 124 80 124 50 46 51 46 49 124 124 124 124 50 124 124 117 115 45 97 115 99 105 105 124 124 124 13 77 83 65 124 65 65 124 49 54 49 124 77 101 115 115 97 103 101 32 97 99 99 101 112 116 101 100 124 124 124 48 124 13 28 13
03.09.2026 8:34:21	Information:	Sended string MSH|^~\&|Mindray||||20260903083420||ACK^R01|161|P|2.3.1||||2||us-ascii|||MSA|AA|161|Message accepted|||0|
03.09.2026 8:34:21	Information:	Received bytes(encoded):MSH|^~\&|||||20260903083320||ORU^R01|162|P|2.3.1||||2||ASCII|||OBR|70|UREA|UREA|^|?????|20260903080626|20260903080614|20260903082908|||1|2|CC-LEV2-|059425004|20270331||M|20.600000|1.000000|22.500092|mmol/L|||||||2.7s||||||||||||||||||||
03.09.2026 8:34:21	Information:	Add Frame:
03.09.2026 8:34:21	Information:	MSH|^~\&|||||20260903083320||ORU^R01|162|P|2.3.1||||2||ASCII|||
03.09.2026 8:34:21	Information:	In Header
03.09.2026 8:34:21	Information:	MessageType: ORU
03.09.2026 8:34:21	Information:	After message type
03.09.2026 8:34:21	Information:	After ask
03.09.2026 8:34:21	Information:	After version
03.09.2026 8:34:21	Information:	Add Frame:
03.09.2026 8:34:21	Information:	OBR|70|UREA|UREA|^|?????|20260903080626|20260903080614|20260903082908|||1|2|CC-LEV2-|059425004|20270331||M|20.600000|1.000000|22.500092|mmol/L|||||||2.7s||||||||||||||||||||
03.09.2026 8:34:21	Information:	Add Frame:
03.09.2026 8:34:21	Information:	
03.09.2026 8:34:21	Debug:	read message: 4ms
03.09.2026 8:34:21	Information:	The answer message is created successfully
03.09.2026 8:34:21	Information:	Sending answer...
03.09.2026 8:34:21	Information:	We are in ORU Message
03.09.2026 8:34:21	Information:	MSH MSH|^~\&|||||20260903083320||ORU^R01|162|P|2.3.1||||2||ASCII||||
03.09.2026 8:34:21	Information:	OBR OBR|70|UREA|UREA|^|?????|20260903080626|20260903080614|20260903082908|||1|2|CC-LEV2-|059425004|20270331||M|20.600000|1.000000|22.500092|mmol/L|||||||2.7s|||||||||||||||||||||
03.09.2026 8:34:21	Information:	PatientRecord in message is successfully  processed
03.09.2026 8:34:21	Information:	The patient order is successfully processed
03.09.2026 8:34:21	Information:	The ORU message is successfully processed
03.09.2026 8:34:21	Information:	No results to save
03.09.2026 8:34:21	Debug:	Process message: 3ms
03.09.2026 8:34:21	Debug:	Total time : 9ms
03.09.2026 8:34:22	Information:	Sended bytes:  11 77 83 72 124 94 126 92 38 124 77 105 110 100 114 97 121 124 124 124 124 50 48 50 54 48 57 48 51 48 56 51 52 50 49 124 124 65 67 75 94 82 48 49 124 49 54 50 124 80 124 50 46 51 46 49 124 124 124 124 50 124 124 117 115 45 97 115 99 105 105 124 124 124 13 77 83 65 124 65 65 124 49 54 50 124 77 101 115 115 97 103 101 32 97 99 99 101 112 116 101 100 124 124 124 48 124 13 28 13
03.09.2026 8:34:22	Information:	Sended string MSH|^~\&|Mindray||||20260903083421||ACK^R01|162|P|2.3.1||||2||us-ascii|||MSA|AA|162|Message accepted|||0|
03.09.2026 8:34:22	Information:	Received bytes(encoded):MSH|^~\&|||||20260903083321||ORU^R01|163|P|2.3.1||||2||ASCII|||OBR|71|Fe|Fe|^|?????|20260903080626|20260903080614|20260903083255|||1|2|CC-LEV2-|059425004|20270331||M|43.300000|2.900000|47.709109|?mol/L|||||||RGTE||||||||||||||||||||
03.09.2026 8:34:22	Information:	Add Frame:
03.09.2026 8:34:22	Information:	MSH|^~\&|||||20260903083321||ORU^R01|163|P|2.3.1||||2||ASCII|||
03.09.2026 8:34:22	Information:	In Header
03.09.2026 8:34:22	Information:	MessageType: ORU
03.09.2026 8:34:22	Information:	After message type
03.09.2026 8:34:22	Information:	After ask
03.09.2026 8:34:22	Information:	After version
03.09.2026 8:34:22	Information:	Add Frame:
03.09.2026 8:34:22	Information:	OBR|71|Fe|Fe|^|?????|20260903080626|20260903080614|20260903083255|||1|2|CC-LEV2-|059425004|20270331||M|43.300000|2.900000|47.709109|?mol/L|||||||RGTE||||||||||||||||||||
03.09.2026 8:34:22	Information:	Add Frame:
03.09.2026 8:34:22	Information:	
03.09.2026 8:34:22	Debug:	read message: 4ms
03.09.2026 8:34:22	Information:	The answer message is created successfully
03.09.2026 8:34:22	Information:	Sending answer...
03.09.2026 8:34:22	Information:	We are in ORU Message
03.09.2026 8:34:22	Information:	MSH MSH|^~\&|||||20260903083321||ORU^R01|163|P|2.3.1||||2||ASCII||||
03.09.2026 8:34:22	Information:	OBR OBR|71|Fe|Fe|^|?????|20260903080626|20260903080614|20260903083255|||1|2|CC-LEV2-|059425004|20270331||M|43.300000|2.900000|47.709109|?mol/L|||||||RGTE|||||||||||||||||||||
03.09.2026 8:34:22	Information:	PatientRecord in message is successfully  processed
03.09.2026 8:34:22	Information:	The patient order is successfully processed
03.09.2026 8:34:22	Information:	The ORU message is successfully processed
03.09.2026 8:34:22	Information:	No results to save
03.09.2026 8:34:22	Debug:	Process message: 3ms
03.09.2026 8:34:22	Debug:	Total time : 9ms
03.09.2026 8:34:23	Information:	Sended bytes:  11 77 83 72 124 94 126 92 38 124 77 105 110 100 114 97 121 124 124 124 124 50 48 50 54 48 57 48 51 48 56 51 52 50 50 124 124 65 67 75 94 82 48 49 124 49 54 51 124 80 124 50 46 51 46 49 124 124 124 124 50 124 124 117 115 45 97 115 99 105 105 124 124 124 13 77 83 65 124 65 65 124 49 54 51 124 77 101 115 115 97 103 101 32 97 99 99 101 112 116 101 100 124 124 124 48 124 13 28 13
03.09.2026 8:34:23	Information:	Sended string MSH|^~\&|Mindray||||20260903083422||ACK^R01|163|P|2.3.1||||2||us-ascii|||MSA|AA|163|Message accepted|||0|
03.09.2026 8:34:23	Information:	Received bytes(encoded):MSH|^~\&|||||20260903083322||ORU^R01|164|P|2.3.1||||2||ASCII|||OBR|72|FER|FER|^|?????|20260903080626|20260903080614|20260903083038|||1|2|CC-LEV2-|059425004|20270331||M|179.000000|9.000000|176.809133|ng/mL|||||||||||||||||||||||||||
03.09.2026 8:34:23	Information:	Add Frame:
03.09.2026 8:34:23	Information:	MSH|^~\&|||||20260903083322||ORU^R01|164|P|2.3.1||||2||ASCII|||
03.09.2026 8:34:23	Information:	In Header
03.09.2026 8:34:23	Information:	MessageType: ORU
03.09.2026 8:34:23	Information:	After message type
03.09.2026 8:34:23	Information:	After ask
03.09.2026 8:34:23	Information:	After version
03.09.2026 8:34:23	Information:	Add Frame:
03.09.2026 8:34:23	Information:	OBR|72|FER|FER|^|?????|20260903080626|20260903080614|20260903083038|||1|2|CC-LEV2-|059425004|20270331||M|179.000000|9.000000|176.809133|ng/mL|||||||||||||||||||||||||||
03.09.2026 8:34:23	Information:	Add Frame:
03.09.2026 8:34:23	Information:	
03.09.2026 8:34:23	Debug:	read message: 4ms
03.09.2026 8:34:23	Information:	The answer message is created successfully
03.09.2026 8:34:23	Information:	Sending answer...
03.09.2026 8:34:23	Information:	We are in ORU Message
03.09.2026 8:34:23	Information:	MSH MSH|^~\&|||||20260903083322||ORU^R01|164|P|2.3.1||||2||ASCII||||
03.09.2026 8:34:23	Information:	OBR OBR|72|FER|FER|^|?????|20260903080626|20260903080614|20260903083038|||1|2|CC-LEV2-|059425004|20270331||M|179.000000|9.000000|176.809133|ng/mL||||||||||||||||||||||||||||
03.09.2026 8:34:23	Information:	PatientRecord in message is successfully  processed
03.09.2026 8:34:23	Information:	The patient order is successfully processed
03.09.2026 8:34:23	Information:	The ORU message is successfully processed
03.09.2026 8:34:23	Information:	No results to save
03.09.2026 8:34:23	Debug:	Process message: 4ms
03.09.2026 8:34:23	Debug:	Total time : 9ms
03.09.2026 8:34:24	Information:	Sended bytes:  11 77 83 72 124 94 126 92 38 124 77 105 110 100 114 97 121 124 124 124 124 50 48 50 54 48 57 48 51 48 56 51 52 50 51 124 124 65 67 75 94 82 48 49 124 49 54 52 124 80 124 50 46 51 46 49 124 124 124 124 50 124 124 117 115 45 97 115 99 105 105 124 124 124 13 77 83 65 124 65 65 124 49 54 52 124 77 101 115 115 97 103 101 32 97 99 99 101 112 116 101 100 124 124 124 48 124 13 28 13
03.09.2026 8:34:24	Information:	Sended string MSH|^~\&|Mindray||||20260903083423||ACK^R01|164|P|2.3.1||||2||us-ascii|||MSA|AA|164|Message accepted|||0|
03.09.2026 8:34:24	Information:	Received bytes(encoded):MSH|^~\&|||||20260903083323||ORU^R01|165|P|2.3.1||||2||ASCII|||OBR|73||ALB ?|^|?????|20260903080626|20260903080614|20260903082754|||1|2|CC-LEV2-|059425004|20270331||M|46.100000|2.300000|44.205578|g/L|||||||RGTE||||||||||||||||||||
03.09.2026 8:34:24	Information:	Add Frame:
03.09.2026 8:34:24	Information:	MSH|^~\&|||||20260903083323||ORU^R01|165|P|2.3.1||||2||ASCII|||
03.09.2026 8:34:24	Information:	In Header
03.09.2026 8:34:24	Information:	MessageType: ORU
03.09.2026 8:34:24	Information:	After message type
03.09.2026 8:34:24	Information:	After ask
03.09.2026 8:34:24	Information:	After version
03.09.2026 8:34:24	Information:	Add Frame:
03.09.2026 8:34:24	Information:	OBR|73||ALB ?|^|?????|20260903080626|20260903080614|20260903082754|||1|2|CC-LEV2-|059425004|20270331||M|46.100000|2.300000|44.205578|g/L|||||||RGTE||||||||||||||||||||
03.09.2026 8:34:24	Information:	Add Frame:
03.09.2026 8:34:24	Information:	
03.09.2026 8:34:24	Debug:	read message: 4ms
03.09.2026 8:34:24	Information:	The answer message is created successfully
03.09.2026 8:34:24	Information:	Sending answer...
03.09.2026 8:34:24	Information:	We are in ORU Message
03.09.2026 8:34:24	Information:	MSH MSH|^~\&|||||20260903083323||ORU^R01|165|P|2.3.1||||2||ASCII||||
03.09.2026 8:34:24	Information:	OBR OBR|73||ALB ?|^|?????|20260903080626|20260903080614|20260903082754|||1|2|CC-LEV2-|059425004|20270331||M|46.100000|2.300000|44.205578|g/L|||||||RGTE|||||||||||||||||||||
03.09.2026 8:34:24	Information:	PatientRecord in message is successfully  processed
03.09.2026 8:34:24	Information:	The patient order is successfully processed
03.09.2026 8:34:24	Information:	The ORU message is successfully processed
03.09.2026 8:34:24	Information:	No results to save
03.09.2026 8:34:24	Debug:	Process message: 3ms
03.09.2026 8:34:24	Debug:	Total time : 9ms
03.09.2026 8:34:25	Information:	Sended bytes:  11 77 83 72 124 94 126 92 38 124 77 105 110 100 114 97 121 124 124 124 124 50 48 50 54 48 57 48 51 48 56 51 52 50 52 124 124 65 67 75 94 82 48 49 124 49 54 53 124 80 124 50 46 51 46 49 124 124 124 124 50 124 124 117 115 45 97 115 99 105 105 124 124 124 13 77 83 65 124 65 65 124 49 54 53 124 77 101 115 115 97 103 101 32 97 99 99 101 112 116 101 100 124 124 124 48 124 13 28 13
03.09.2026 8:34:25	Information:	Sended string MSH|^~\&|Mindray||||20260903083424||ACK^R01|165|P|2.3.1||||2||us-ascii|||MSA|AA|165|Message accepted|||0|
03.09.2026 8:34:25	Information:	Received bytes(encoded):MSH|^~\&|||||20260903083324||ORU^R01|166|P|2.3.1||||2||ASCII|||OBR|74||C3|^|?????|20260903080626|20260903080614|20260903083253|||1|2|CC-LEV2-|059425004|20270331||M|1.510000|0.100000|1.672951|g/L|||||||RGTE||||||||||||||||||||
03.09.2026 8:34:25	Information:	Add Frame:
03.09.2026 8:34:25	Information:	MSH|^~\&|||||20260903083324||ORU^R01|166|P|2.3.1||||2||ASCII|||
03.09.2026 8:34:25	Information:	In Header
03.09.2026 8:34:25	Information:	MessageType: ORU
03.09.2026 8:34:25	Information:	After message type
03.09.2026 8:34:25	Information:	After ask
03.09.2026 8:34:25	Information:	After version
03.09.2026 8:34:25	Information:	Add Frame:
03.09.2026 8:34:25	Information:	OBR|74||C3|^|?????|20260903080626|20260903080614|20260903083253|||1|2|CC-LEV2-|059425004|20270331||M|1.510000|0.100000|1.672951|g/L|||||||RGTE||||||||||||||||||||
03.09.2026 8:34:25	Information:	Add Frame:
03.09.2026 8:34:25	Information:	
03.09.2026 8:34:25	Debug:	read message: 4ms
03.09.2026 8:34:25	Information:	The answer message is created successfully
03.09.2026 8:34:25	Information:	Sending answer...
03.09.2026 8:34:25	Information:	We are in ORU Message
03.09.2026 8:34:25	Information:	MSH MSH|^~\&|||||20260903083324||ORU^R01|166|P|2.3.1||||2||ASCII||||
03.09.2026 8:34:25	Information:	OBR OBR|74||C3|^|?????|20260903080626|20260903080614|20260903083253|||1|2|CC-LEV2-|059425004|20270331||M|1.510000|0.100000|1.672951|g/L|||||||RGTE|||||||||||||||||||||
03.09.2026 8:34:25	Information:	PatientRecord in message is successfully  processed
03.09.2026 8:34:25	Information:	The patient order is successfully processed
03.09.2026 8:34:25	Information:	The ORU message is successfully processed
03.09.2026 8:34:25	Information:	No results to save
03.09.2026 8:34:25	Debug:	Process message: 3ms
03.09.2026 8:34:25	Debug:	Total time : 9ms
03.09.2026 8:34:26	Information:	Sended bytes:  11 77 83 72 124 94 126 92 38 124 77 105 110 100 114 97 121 124 124 124 124 50 48 50 54 48 57 48 51 48 56 51 52 50 53 124 124 65 67 75 94 82 48 49 124 49 54 54 124 80 124 50 46 51 46 49 124 124 124 124 50 124 124 117 115 45 97 115 99 105 105 124 124 124 13 77 83 65 124 65 65 124 49 54 54 124 77 101 115 115 97 103 101 32 97 99 99 101 112 116 101 100 124 124 124 48 124 13 28 13
03.09.2026 8:34:26	Information:	Sended string MSH|^~\&|Mindray||||20260903083425||ACK^R01|166|P|2.3.1||||2||us-ascii|||MSA|AA|166|Message accepted|||0|
03.09.2026 8:34:26	Information:	Received bytes(encoded):MSH|^~\&|||||20260903083325||ORU^R01|167|P|2.3.1||||2||ASCII|||OBR|75||C4|^|?????|20260903080626|20260903080614|20260903083308|||1|2|CC-LEV2-|059425004|20270331||M|0.264000|0.018000|0.272249|g/L|||||||RGTE||||||||||||||||||||
03.09.2026 8:34:26	Information:	Add Frame:
03.09.2026 8:34:26	Information:	MSH|^~\&|||||20260903083325||ORU^R01|167|P|2.3.1||||2||ASCII|||
03.09.2026 8:34:26	Information:	In Header
03.09.2026 8:34:26	Information:	MessageType: ORU
03.09.2026 8:34:26	Information:	After message type
03.09.2026 8:34:26	Information:	After ask
03.09.2026 8:34:26	Information:	After version
03.09.2026 8:34:26	Information:	Add Frame:
03.09.2026 8:34:26	Information:	OBR|75||C4|^|?????|20260903080626|20260903080614|20260903083308|||1|2|CC-LEV2-|059425004|20270331||M|0.264000|0.018000|0.272249|g/L|||||||RGTE||||||||||||||||||||
03.09.2026 8:34:26	Information:	Add Frame:
03.09.2026 8:34:26	Information:	
03.09.2026 8:34:26	Debug:	read message: 4ms
03.09.2026 8:34:26	Information:	The answer message is created successfully
03.09.2026 8:34:26	Information:	Sending answer...
03.09.2026 8:34:26	Information:	We are in ORU Message
03.09.2026 8:34:26	Information:	MSH MSH|^~\&|||||20260903083325||ORU^R01|167|P|2.3.1||||2||ASCII||||
03.09.2026 8:34:26	Information:	OBR OBR|75||C4|^|?????|20260903080626|20260903080614|20260903083308|||1|2|CC-LEV2-|059425004|20270331||M|0.264000|0.018000|0.272249|g/L|||||||RGTE|||||||||||||||||||||
03.09.2026 8:34:26	Information:	PatientRecord in message is successfully  processed
03.09.2026 8:34:26	Information:	The patient order is successfully processed
03.09.2026 8:34:26	Information:	The ORU message is successfully processed
03.09.2026 8:34:26	Information:	No results to save
03.09.2026 8:34:26	Debug:	Process message: 3ms
03.09.2026 8:34:26	Debug:	Total time : 9ms
03.09.2026 8:34:27	Information:	Sended bytes:  11 77 83 72 124 94 126 92 38 124 77 105 110 100 114 97 121 124 124 124 124 50 48 50 54 48 57 48 51 48 56 51 52 50 54 124 124 65 67 75 94 82 48 49 124 49 54 55 124 80 124 50 46 51 46 49 124 124 124 124 50 124 124 117 115 45 97 115 99 105 105 124 124 124 13 77 83 65 124 65 65 124 49 54 55 124 77 101 115 115 97 103 101 32 97 99 99 101 112 116 101 100 124 124 124 48 124 13 28 13
03.09.2026 8:34:27	Information:	Sended string MSH|^~\&|Mindray||||20260903083426||ACK^R01|167|P|2.3.1||||2||us-ascii|||MSA|AA|167|Message accepted|||0|
03.09.2026 8:34:27	Information:	Received bytes(encoded):MSH|^~\&|||||20260903083326||ORU^R01|168|P|2.3.1||||2||ASCII|||OBR|76||P|^|?????|20260903080626|20260903080614|20260903083153|||1|2|CC-LEV2-|059425004|20270331||M|2.910000|0.150000|2.985092|mmol/L|||||||||||||||||||||||||||
03.09.2026 8:34:27	Information:	Add Frame:
03.09.2026 8:34:27	Information:	MSH|^~\&|||||20260903083326||ORU^R01|168|P|2.3.1||||2||ASCII|||
03.09.2026 8:34:27	Information:	In Header
03.09.2026 8:34:27	Information:	MessageType: ORU
03.09.2026 8:34:27	Information:	After message type
03.09.2026 8:34:27	Information:	After ask
03.09.2026 8:34:27	Information:	After version
03.09.2026 8:34:27	Information:	Add Frame:
03.09.2026 8:34:27	Information:	OBR|76||P|^|?????|20260903080626|20260903080614|20260903083153|||1|2|CC-LEV2-|059425004|20270331||M|2.910000|0.150000|2.985092|mmol/L|||||||||||||||||||||||||||
03.09.2026 8:34:27	Information:	Add Frame:
03.09.2026 8:34:27	Information:	
03.09.2026 8:34:27	Debug:	read message: 4ms
03.09.2026 8:34:27	Information:	The answer message is created successfully
03.09.2026 8:34:27	Information:	Sending answer...
03.09.2026 8:34:27	Information:	We are in ORU Message
03.09.2026 8:34:27	Information:	MSH MSH|^~\&|||||20260903083326||ORU^R01|168|P|2.3.1||||2||ASCII||||
03.09.2026 8:34:27	Information:	OBR OBR|76||P|^|?????|20260903080626|20260903080614|20260903083153|||1|2|CC-LEV2-|059425004|20270331||M|2.910000|0.150000|2.985092|mmol/L||||||||||||||||||||||||||||
03.09.2026 8:34:27	Information:	PatientRecord in message is successfully  processed
03.09.2026 8:34:27	Information:	The patient order is successfully processed
03.09.2026 8:34:27	Information:	The ORU message is successfully processed
03.09.2026 8:34:27	Information:	No results to save
03.09.2026 8:34:27	Debug:	Process message: 3ms
03.09.2026 8:34:27	Debug:	Total time : 9ms
03.09.2026 8:34:28	Information:	Sended bytes:  11 77 83 72 124 94 126 92 38 124 77 105 110 100 114 97 121 124 124 124 124 50 48 50 54 48 57 48 51 48 56 51 52 50 55 124 124 65 67 75 94 82 48 49 124 49 54 56 124 80 124 50 46 51 46 49 124 124 124 124 50 124 124 117 115 45 97 115 99 105 105 124 124 124 13 77 83 65 124 65 65 124 49 54 56 124 77 101 115 115 97 103 101 32 97 99 99 101 112 116 101 100 124 124 124 48 124 13 28 13
03.09.2026 8:34:28	Information:	Sended string MSH|^~\&|Mindray||||20260903083427||ACK^R01|168|P|2.3.1||||2||us-ascii|||MSA|AA|168|Message accepted|||0|
03.09.2026 8:34:38	Information:	refresh tokens
03.09.2026 8:35:29	Information:	url https://lab-vko.dmed.kz/ /api/DriverManager/PingDevice
03.09.2026 8:35:29	Information:	{
"Hash": "w9LjvpRCyoByGV3Lzv0iX9dSI0tLK0uV+pRojL1kufc=",
"Status": 0
}


03.09.2026 8:35:29	Information:	Ping ret is {"Status":0,"Comment":null}
03.09.2026 8:37:29	Information:	url https://lab-vko.dmed.kz/ /api/DriverManager/PingDevice
03.09.2026 8:37:29	Information:	{
"Hash": "w9LjvpRCyoByGV3Lzv0iX9dSI0tLK0uV+pRojL1kufc=",
"Status": 0
}


03.09.2026 8:37:29	Information:	Ping ret is {"Status":0,"Comment":null}
03.09.2026 8:39:30	Information:	url https://lab-vko.dmed.kz/ /api/DriverManager/PingDevice
03.09.2026 8:39:30	Information:	{
"Hash": "w9LjvpRCyoByGV3Lzv0iX9dSI0tLK0uV+pRojL1kufc=",
"Status": 0
}


03.09.2026 8:39:30	Information:	Ping ret is {"Status":0,"Comment":null}
03.09.2026 8:41:30	Information:	url https://lab-vko.dmed.kz/ /api/DriverManager/PingDevice
03.09.2026 8:41:30	Information:	{
"Hash": "w9LjvpRCyoByGV3Lzv0iX9dSI0tLK0uV+pRojL1kufc=",
"Status": 0
}


03.09.2026 8:41:30	Information:	Ping ret is {"Status":0,"Comment":null}
03.09.2026 8:43:31	Information:	url https://lab-vko.dmed.kz/ /api/DriverManager/PingDevice
03.09.2026 8:43:31	Information:	{
"Hash": "w9LjvpRCyoByGV3Lzv0iX9dSI0tLK0uV+pRojL1kufc=",
"Status": 0
}


03.09.2026 8:43:31	Information:	Ping ret is {"Status":0,"Comment":null}
03.09.2026 8:44:38	Information:	refresh tokens
03.09.2026 8:45:32	Information:	url https://lab-vko.dmed.kz/ /api/DriverManager/PingDevice
03.09.2026 8:45:32	Information:	{
"Hash": "w9LjvpRCyoByGV3Lzv0iX9dSI0tLK0uV+pRojL1kufc=",
"Status": 0
}


03.09.2026 8:45:32	Information:	Ping ret is {"Status":0,"Comment":null}
03.09.2026 8:47:32	Information:	url https://lab-vko.dmed.kz/ /api/DriverManager/PingDevice
03.09.2026 8:47:32	Information:	{
"Hash": "w9LjvpRCyoByGV3Lzv0iX9dSI0tLK0uV+pRojL1kufc=",
"Status": 0
}


03.09.2026 8:47:32	Information:	Ping ret is {"Status":0,"Comment":null}
03.09.2026 8:49:33	Information:	url https://lab-vko.dmed.kz/ /api/DriverManager/PingDevice
03.09.2026 8:49:33	Information:	{
"Hash": "w9LjvpRCyoByGV3Lzv0iX9dSI0tLK0uV+pRojL1kufc=",
"Status": 0
}


03.09.2026 8:49:33	Information:	Ping ret is {"Status":0,"Comment":null}
03.09.2026 8:51:33	Information:	url https://lab-vko.dmed.kz/ /api/DriverManager/PingDevice
03.09.2026 8:51:33	Information:	{
"Hash": "w9LjvpRCyoByGV3Lzv0iX9dSI0tLK0uV+pRojL1kufc=",
"Status": 0
}


03.09.2026 8:51:33	Information:	Ping ret is {"Status":0,"Comment":null}
03.09.2026 8:53:34	Information:	url https://lab-vko.dmed.kz/ /api/DriverManager/PingDevice
03.09.2026 8:53:34	Information:	{
"Hash": "w9LjvpRCyoByGV3Lzv0iX9dSI0tLK0uV+pRojL1kufc=",
"Status": 0
}


03.09.2026 8:53:34	Information:	Ping ret is {"Status":0,"Comment":null}
03.09.2026 8:54:38	Information:	refresh tokens
03.09.2026 8:55:35	Information:	url https://lab-vko.dmed.kz/ /api/DriverManager/PingDevice
03.09.2026 8:55:35	Information:	{
"Hash": "w9LjvpRCyoByGV3Lzv0iX9dSI0tLK0uV+pRojL1kufc=",
"Status": 0
}


03.09.2026 8:55:35	Information:	Ping ret is {"Status":0,"Comment":null}
03.09.2026 8:57:35	Information:	url https://lab-vko.dmed.kz/ /api/DriverManager/PingDevice
03.09.2026 8:57:35	Information:	{
"Hash": "w9LjvpRCyoByGV3Lzv0iX9dSI0tLK0uV+pRojL1kufc=",
"Status": 0
}


03.09.2026 8:57:35	Information:	Ping ret is {"Status":0,"Comment":null}
03.09.2026 8:59:37	Information:	url https://lab-vko.dmed.kz/ /api/DriverManager/PingDevice
03.09.2026 8:59:37	Information:	{
"Hash": "w9LjvpRCyoByGV3Lzv0iX9dSI0tLK0uV+pRojL1kufc=",
"Status": 0
}


03.09.2026 8:59:37	Information:	Ping ret is {"Status":0,"Comment":null}
03.09.2026 9:01:38	Information:	url https://lab-vko.dmed.kz/ /api/DriverManager/PingDevice
03.09.2026 9:01:38	Information:	{
"Hash": "w9LjvpRCyoByGV3Lzv0iX9dSI0tLK0uV+pRojL1kufc=",
"Status": 0
}


03.09.2026 9:01:38	Information:	Ping ret is {"Status":0,"Comment":null}
03.09.2026 9:03:38	Information:	url https://lab-vko.dmed.kz/ /api/DriverManager/PingDevice
03.09.2026 9:03:38	Information:	{
"Hash": "w9LjvpRCyoByGV3Lzv0iX9dSI0tLK0uV+pRojL1kufc=",
"Status": 0
}


03.09.2026 9:03:38	Information:	Ping ret is {"Status":0,"Comment":null}
03.09.2026 9:04:38	Information:	refresh tokens
03.09.2026 9:05:40	Information:	url https://lab-vko.dmed.kz/ /api/DriverManager/PingDevice
03.09.2026 9:05:40	Information:	{
"Hash": "w9LjvpRCyoByGV3Lzv0iX9dSI0tLK0uV+pRojL1kufc=",
"Status": 0
}


03.09.2026 9:05:40	Information:	Ping ret is {"Status":0,"Comment":null}
03.09.2026 9:07:40	Information:	url https://lab-vko.dmed.kz/ /api/DriverManager/PingDevice
03.09.2026 9:07:40	Information:	{
"Hash": "w9LjvpRCyoByGV3Lzv0iX9dSI0tLK0uV+pRojL1kufc=",
"Status": 0
}


03.09.2026 9:07:40	Information:	Ping ret is {"Status":0,"Comment":null}
03.09.2026 9:09:41	Information:	url https://lab-vko.dmed.kz/ /api/DriverManager/PingDevice
03.09.2026 9:09:41	Information:	{
"Hash": "w9LjvpRCyoByGV3Lzv0iX9dSI0tLK0uV+pRojL1kufc=",
"Status": 0
}


03.09.2026 9:09:41	Information:	Ping ret is {"Status":0,"Comment":null}
03.09.2026 9:11:42	Information:	url https://lab-vko.dmed.kz/ /api/DriverManager/PingDevice
03.09.2026 9:11:42	Information:	{
"Hash": "w9LjvpRCyoByGV3Lzv0iX9dSI0tLK0uV+pRojL1kufc=",
"Status": 0
}


03.09.2026 9:11:42	Information:	Ping ret is {"Status":0,"Comment":null}
03.09.2026 9:13:42	Information:	url https://lab-vko.dmed.kz/ /api/DriverManager/PingDevice
03.09.2026 9:13:42	Information:	{
"Hash": "w9LjvpRCyoByGV3Lzv0iX9dSI0tLK0uV+pRojL1kufc=",
"Status": 0
}


03.09.2026 9:13:42	Information:	Ping ret is {"Status":0,"Comment":null}
03.09.2026 9:14:38	Information:	refresh tokens
03.09.2026 9:15:43	Information:	url https://lab-vko.dmed.kz/ /api/DriverManager/PingDevice
03.09.2026 9:15:43	Information:	{
"Hash": "w9LjvpRCyoByGV3Lzv0iX9dSI0tLK0uV+pRojL1kufc=",
"Status": 0
}


03.09.2026 9:15:43	Information:	Ping ret is {"Status":0,"Comment":null}
03.09.2026 9:17:43	Information:	url https://lab-vko.dmed.kz/ /api/DriverManager/PingDevice
03.09.2026 9:17:43	Information:	{
"Hash": "w9LjvpRCyoByGV3Lzv0iX9dSI0tLK0uV+pRojL1kufc=",
"Status": 0
}


03.09.2026 9:17:43	Information:	Ping ret is {"Status":0,"Comment":null}
03.09.2026 9:19:44	Information:	url https://lab-vko.dmed.kz/ /api/DriverManager/PingDevice
03.09.2026 9:19:44	Information:	{
"Hash": "w9LjvpRCyoByGV3Lzv0iX9dSI0tLK0uV+pRojL1kufc=",
"Status": 0
}


03.09.2026 9:19:44	Information:	Ping ret is {"Status":0,"Comment":null}
03.09.2026 9:21:45	Information:	url https://lab-vko.dmed.kz/ /api/DriverManager/PingDevice
03.09.2026 9:21:45	Information:	{
"Hash": "w9LjvpRCyoByGV3Lzv0iX9dSI0tLK0uV+pRojL1kufc=",
"Status": 0
}


03.09.2026 9:21:45	Information:	Ping ret is {"Status":0,"Comment":null}
03.09.2026 9:23:45	Information:	url https://lab-vko.dmed.kz/ /api/DriverManager/PingDevice
03.09.2026 9:23:46	Information:	{
"Hash": "w9LjvpRCyoByGV3Lzv0iX9dSI0tLK0uV+pRojL1kufc=",
"Status": 0
}


03.09.2026 9:23:46	Information:	Ping ret is {"Status":0,"Comment":null}
03.09.2026 9:24:38	Information:	refresh tokens
03.09.2026 9:25:46	Information:	url https://lab-vko.dmed.kz/ /api/DriverManager/PingDevice
03.09.2026 9:25:46	Information:	{
"Hash": "w9LjvpRCyoByGV3Lzv0iX9dSI0tLK0uV+pRojL1kufc=",
"Status": 0
}


03.09.2026 9:25:46	Information:	Ping ret is {"Status":0,"Comment":null}
03.09.2026 9:27:47	Information:	url https://lab-vko.dmed.kz/ /api/DriverManager/PingDevice
03.09.2026 9:27:47	Information:	{
"Hash": "w9LjvpRCyoByGV3Lzv0iX9dSI0tLK0uV+pRojL1kufc=",
"Status": 0
}


03.09.2026 9:27:47	Information:	Ping ret is {"Status":0,"Comment":null}
03.09.2026 9:29:47	Information:	url https://lab-vko.dmed.kz/ /api/DriverManager/PingDevice
03.09.2026 9:29:47	Information:	{
"Hash": "w9LjvpRCyoByGV3Lzv0iX9dSI0tLK0uV+pRojL1kufc=",
"Status": 0
}


03.09.2026 9:29:47	Information:	Ping ret is {"Status":0,"Comment":null}
03.09.2026 9:31:48	Information:	url https://lab-vko.dmed.kz/ /api/DriverManager/PingDevice
03.09.2026 9:31:48	Information:	{
"Hash": "w9LjvpRCyoByGV3Lzv0iX9dSI0tLK0uV+pRojL1kufc=",
"Status": 0
}


03.09.2026 9:31:48	Information:	Ping ret is {"Status":0,"Comment":null}
03.09.2026 9:33:48	Information:	url https://lab-vko.dmed.kz/ /api/DriverManager/PingDevice
03.09.2026 9:33:48	Information:	{
"Hash": "w9LjvpRCyoByGV3Lzv0iX9dSI0tLK0uV+pRojL1kufc=",
"Status": 0
}


03.09.2026 9:33:48	Information:	Ping ret is {"Status":0,"Comment":null}
03.09.2026 9:34:38	Information:	refresh tokens
03.09.2026 9:35:49	Information:	url https://lab-vko.dmed.kz/ /api/DriverManager/PingDevice
03.09.2026 9:35:49	Information:	{
"Hash": "w9LjvpRCyoByGV3Lzv0iX9dSI0tLK0uV+pRojL1kufc=",
"Status": 0
}


03.09.2026 9:35:49	Information:	Ping ret is {"Status":0,"Comment":null}
03.09.2026 9:37:50	Information:	url https://lab-vko.dmed.kz/ /api/DriverManager/PingDevice
03.09.2026 9:37:50	Information:	{
"Hash": "w9LjvpRCyoByGV3Lzv0iX9dSI0tLK0uV+pRojL1kufc=",
"Status": 0
}


03.09.2026 9:37:50	Information:	Ping ret is {"Status":0,"Comment":null}
03.09.2026 9:39:50	Information:	url https://lab-vko.dmed.kz/ /api/DriverManager/PingDevice
03.09.2026 9:39:50	Information:	{
"Hash": "w9LjvpRCyoByGV3Lzv0iX9dSI0tLK0uV+pRojL1kufc=",
"Status": 0
}


03.09.2026 9:39:50	Information:	Ping ret is {"Status":0,"Comment":null}
03.09.2026 9:41:51	Information:	url https://lab-vko.dmed.kz/ /api/DriverManager/PingDevice
03.09.2026 9:41:51	Information:	{
"Hash": "w9LjvpRCyoByGV3Lzv0iX9dSI0tLK0uV+pRojL1kufc=",
"Status": 0
}


03.09.2026 9:41:51	Information:	Ping ret is {"Status":0,"Comment":null}
03.09.2026 9:43:51	Information:	url https://lab-vko.dmed.kz/ /api/DriverManager/PingDevice
03.09.2026 9:43:51	Information:	{
"Hash": "w9LjvpRCyoByGV3Lzv0iX9dSI0tLK0uV+pRojL1kufc=",
"Status": 0
}


03.09.2026 9:43:51	Information:	Ping ret is {"Status":0,"Comment":null}
03.09.2026 9:44:38	Information:	refresh tokens
03.09.2026 9:45:52	Information:	url https://lab-vko.dmed.kz/ /api/DriverManager/PingDevice
03.09.2026 9:45:52	Information:	{
"Hash": "w9LjvpRCyoByGV3Lzv0iX9dSI0tLK0uV+pRojL1kufc=",
"Status": 0
}


03.09.2026 9:45:52	Information:	Ping ret is {"Status":0,"Comment":null}
03.09.2026 9:47:53	Information:	url https://lab-vko.dmed.kz/ /api/DriverManager/PingDevice
03.09.2026 9:47:53	Information:	{
"Hash": "w9LjvpRCyoByGV3Lzv0iX9dSI0tLK0uV+pRojL1kufc=",
"Status": 0
}


03.09.2026 9:47:53	Information:	Ping ret is {"Status":0,"Comment":null}
03.09.2026 9:49:53	Information:	url https://lab-vko.dmed.kz/ /api/DriverManager/PingDevice
03.09.2026 9:49:53	Information:	{
"Hash": "w9LjvpRCyoByGV3Lzv0iX9dSI0tLK0uV+pRojL1kufc=",
"Status": 0
}


03.09.2026 9:49:53	Information:	Ping ret is {"Status":0,"Comment":null}
03.09.2026 9:51:54	Information:	url https://lab-vko.dmed.kz/ /api/DriverManager/PingDevice
03.09.2026 9:51:54	Information:	{
"Hash": "w9LjvpRCyoByGV3Lzv0iX9dSI0tLK0uV+pRojL1kufc=",
"Status": 0
}


03.09.2026 9:51:54	Information:	Ping ret is {"Status":0,"Comment":null}
03.09.2026 9:53:55	Information:	url https://lab-vko.dmed.kz/ /api/DriverManager/PingDevice
03.09.2026 9:53:55	Information:	{
"Hash": "w9LjvpRCyoByGV3Lzv0iX9dSI0tLK0uV+pRojL1kufc=",
"Status": 0
}


03.09.2026 9:53:55	Information:	Ping ret is {"Status":0,"Comment":null}
03.09.2026 9:54:38	Information:	refresh tokens
03.09.2026 9:55:56	Information:	url https://lab-vko.dmed.kz/ /api/DriverManager/PingDevice
03.09.2026 9:55:56	Information:	{
"Hash": "w9LjvpRCyoByGV3Lzv0iX9dSI0tLK0uV+pRojL1kufc=",
"Status": 0
}


03.09.2026 9:55:56	Information:	Ping ret is {"Status":0,"Comment":null}
03.09.2026 9:57:56	Information:	url https://lab-vko.dmed.kz/ /api/DriverManager/PingDevice
03.09.2026 9:57:56	Information:	{
"Hash": "w9LjvpRCyoByGV3Lzv0iX9dSI0tLK0uV+pRojL1kufc=",
"Status": 0
}


03.09.2026 9:57:56	Information:	Ping ret is {"Status":0,"Comment":null}
03.09.2026 9:59:57	Information:	url https://lab-vko.dmed.kz/ /api/DriverManager/PingDevice
03.09.2026 9:59:57	Information:	{
"Hash": "w9LjvpRCyoByGV3Lzv0iX9dSI0tLK0uV+pRojL1kufc=",
"Status": 0
}


03.09.2026 9:59:57	Information:	Ping ret is {"Status":0,"Comment":null}
03.09.2026 10:01:58	Information:	url https://lab-vko.dmed.kz/ /api/DriverManager/PingDevice
03.09.2026 10:01:58	Information:	{
"Hash": "w9LjvpRCyoByGV3Lzv0iX9dSI0tLK0uV+pRojL1kufc=",
"Status": 0
}


03.09.2026 10:01:58	Information:	Ping ret is {"Status":0,"Comment":null}
03.09.2026 10:03:58	Information:	url https://lab-vko.dmed.kz/ /api/DriverManager/PingDevice
03.09.2026 10:03:58	Information:	{
"Hash": "w9LjvpRCyoByGV3Lzv0iX9dSI0tLK0uV+pRojL1kufc=",
"Status": 0
}


03.09.2026 10:03:58	Information:	Ping ret is {"Status":0,"Comment":null}
03.09.2026 10:04:38	Information:	refresh tokens
03.09.2026 10:05:59	Information:	url https://lab-vko.dmed.kz/ /api/DriverManager/PingDevice
03.09.2026 10:05:59	Information:	{
"Hash": "w9LjvpRCyoByGV3Lzv0iX9dSI0tLK0uV+pRojL1kufc=",
"Status": 0
}


03.09.2026 10:05:59	Information:	Ping ret is {"Status":0,"Comment":null}
03.09.2026 10:07:59	Information:	url https://lab-vko.dmed.kz/ /api/DriverManager/PingDevice
03.09.2026 10:07:59	Information:	{
"Hash": "w9LjvpRCyoByGV3Lzv0iX9dSI0tLK0uV+pRojL1kufc=",
"Status": 0
}


03.09.2026 10:07:59	Information:	Ping ret is {"Status":0,"Comment":null}
03.09.2026 10:10:00	Information:	url https://lab-vko.dmed.kz/ /api/DriverManager/PingDevice
03.09.2026 10:10:00	Information:	{
"Hash": "w9LjvpRCyoByGV3Lzv0iX9dSI0tLK0uV+pRojL1kufc=",
"Status": 0
}


03.09.2026 10:10:00	Information:	Ping ret is {"Status":0,"Comment":null}
03.09.2026 10:12:00	Information:	url https://lab-vko.dmed.kz/ /api/DriverManager/PingDevice
03.09.2026 10:12:00	Information:	{
"Hash": "w9LjvpRCyoByGV3Lzv0iX9dSI0tLK0uV+pRojL1kufc=",
"Status": 0
}


03.09.2026 10:12:00	Information:	Ping ret is {"Status":0,"Comment":null}
03.09.2026 10:14:01	Information:	url https://lab-vko.dmed.kz/ /api/DriverManager/PingDevice
03.09.2026 10:14:01	Information:	{
"Hash": "w9LjvpRCyoByGV3Lzv0iX9dSI0tLK0uV+pRojL1kufc=",
"Status": 0
}


03.09.2026 10:14:01	Information:	Ping ret is {"Status":0,"Comment":null}
03.09.2026 10:14:38	Information:	refresh tokens
03.09.2026 10:16:02	Information:	url https://lab-vko.dmed.kz/ /api/DriverManager/PingDevice
03.09.2026 10:16:02	Information:	{
"Hash": "w9LjvpRCyoByGV3Lzv0iX9dSI0tLK0uV+pRojL1kufc=",
"Status": 0
}


03.09.2026 10:16:02	Information:	Ping ret is {"Status":0,"Comment":null}
03.09.2026 10:18:02	Information:	url https://lab-vko.dmed.kz/ /api/DriverManager/PingDevice
03.09.2026 10:18:02	Information:	{
"Hash": "w9LjvpRCyoByGV3Lzv0iX9dSI0tLK0uV+pRojL1kufc=",
"Status": 0
}


03.09.2026 10:18:02	Information:	Ping ret is {"Status":0,"Comment":null}
03.09.2026 10:20:03	Information:	url https://lab-vko.dmed.kz/ /api/DriverManager/PingDevice
03.09.2026 10:20:03	Information:	{
"Hash": "w9LjvpRCyoByGV3Lzv0iX9dSI0tLK0uV+pRojL1kufc=",
"Status": 0
}


03.09.2026 10:20:03	Information:	Ping ret is {"Status":0,"Comment":null}
03.09.2026 10:22:04	Information:	url https://lab-vko.dmed.kz/ /api/DriverManager/PingDevice
03.09.2026 10:22:04	Information:	{
"Hash": "w9LjvpRCyoByGV3Lzv0iX9dSI0tLK0uV+pRojL1kufc=",
"Status": 0
}


03.09.2026 10:22:04	Information:	Ping ret is {"Status":0,"Comment":null}
03.09.2026 10:24:04	Information:	url https://lab-vko.dmed.kz/ /api/DriverManager/PingDevice
03.09.2026 10:24:04	Information:	{
"Hash": "w9LjvpRCyoByGV3Lzv0iX9dSI0tLK0uV+pRojL1kufc=",
"Status": 0
}


03.09.2026 10:24:04	Information:	Ping ret is {"Status":0,"Comment":null}
03.09.2026 10:24:38	Information:	refresh tokens
03.09.2026 10:26:05	Information:	url https://lab-vko.dmed.kz/ /api/DriverManager/PingDevice
03.09.2026 10:26:05	Information:	{
"Hash": "w9LjvpRCyoByGV3Lzv0iX9dSI0tLK0uV+pRojL1kufc=",
"Status": 0
}


03.09.2026 10:26:05	Information:	Ping ret is {"Status":0,"Comment":null}
03.09.2026 10:28:05	Information:	url https://lab-vko.dmed.kz/ /api/DriverManager/PingDevice
03.09.2026 10:28:05	Information:	{
"Hash": "w9LjvpRCyoByGV3Lzv0iX9dSI0tLK0uV+pRojL1kufc=",
"Status": 0
}


03.09.2026 10:28:05	Information:	Ping ret is {"Status":0,"Comment":null}
03.09.2026 10:30:06	Information:	url https://lab-vko.dmed.kz/ /api/DriverManager/PingDevice
03.09.2026 10:30:06	Information:	{
"Hash": "w9LjvpRCyoByGV3Lzv0iX9dSI0tLK0uV+pRojL1kufc=",
"Status": 0
}


03.09.2026 10:30:06	Information:	Ping ret is {"Status":0,"Comment":null}
03.09.2026 10:32:06	Information:	url https://lab-vko.dmed.kz/ /api/DriverManager/PingDevice
03.09.2026 10:32:06	Information:	{
"Hash": "w9LjvpRCyoByGV3Lzv0iX9dSI0tLK0uV+pRojL1kufc=",
"Status": 0
}


03.09.2026 10:32:06	Information:	Ping ret is {"Status":0,"Comment":null}
03.09.2026 10:34:07	Information:	url https://lab-vko.dmed.kz/ /api/DriverManager/PingDevice
03.09.2026 10:34:07	Information:	{
"Hash": "w9LjvpRCyoByGV3Lzv0iX9dSI0tLK0uV+pRojL1kufc=",
"Status": 0
}


03.09.2026 10:34:07	Information:	Ping ret is {"Status":0,"Comment":null}
03.09.2026 10:34:38	Information:	refresh tokens
03.09.2026 10:36:08	Information:	url https://lab-vko.dmed.kz/ /api/DriverManager/PingDevice
03.09.2026 10:36:08	Information:	{
"Hash": "w9LjvpRCyoByGV3Lzv0iX9dSI0tLK0uV+pRojL1kufc=",
"Status": 0
}


03.09.2026 10:36:08	Information:	Ping ret is {"Status":0,"Comment":null}
03.09.2026 10:38:08	Information:	url https://lab-vko.dmed.kz/ /api/DriverManager/PingDevice
03.09.2026 10:38:08	Information:	{
"Hash": "w9LjvpRCyoByGV3Lzv0iX9dSI0tLK0uV+pRojL1kufc=",
"Status": 0
}


03.09.2026 10:38:08	Information:	Ping ret is {"Status":0,"Comment":null}
03.09.2026 10:40:09	Information:	url https://lab-vko.dmed.kz/ /api/DriverManager/PingDevice
03.09.2026 10:40:09	Information:	{
"Hash": "w9LjvpRCyoByGV3Lzv0iX9dSI0tLK0uV+pRojL1kufc=",
"Status": 0
}


03.09.2026 10:40:09	Information:	Ping ret is {"Status":0,"Comment":null}
03.09.2026 10:42:09	Information:	url https://lab-vko.dmed.kz/ /api/DriverManager/PingDevice
03.09.2026 10:42:09	Information:	{
"Hash": "w9LjvpRCyoByGV3Lzv0iX9dSI0tLK0uV+pRojL1kufc=",
"Status": 0
}


03.09.2026 10:42:09	Information:	Ping ret is {"Status":0,"Comment":null}
03.09.2026 10:44:10	Information:	url https://lab-vko.dmed.kz/ /api/DriverManager/PingDevice
03.09.2026 10:44:10	Information:	{
"Hash": "w9LjvpRCyoByGV3Lzv0iX9dSI0tLK0uV+pRojL1kufc=",
"Status": 0
}


03.09.2026 10:44:10	Information:	Ping ret is {"Status":0,"Comment":null}
03.09.2026 10:44:38	Information:	refresh tokens
03.09.2026 10:46:11	Information:	url https://lab-vko.dmed.kz/ /api/DriverManager/PingDevice
03.09.2026 10:46:11	Information:	{
"Hash": "w9LjvpRCyoByGV3Lzv0iX9dSI0tLK0uV+pRojL1kufc=",
"Status": 0
}


03.09.2026 10:46:11	Information:	Ping ret is {"Status":0,"Comment":null}
03.09.2026 10:48:11	Information:	url https://lab-vko.dmed.kz/ /api/DriverManager/PingDevice
03.09.2026 10:48:11	Information:	{
"Hash": "w9LjvpRCyoByGV3Lzv0iX9dSI0tLK0uV+pRojL1kufc=",
"Status": 0
}


03.09.2026 10:48:11	Information:	Ping ret is {"Status":0,"Comment":null}
03.09.2026 10:48:27	Information:	Received bytes(encoded):MSH|^~\&|||||20260903104727||ORU^R01|169|P|2.3.1||||0||ASCII|||PID|93|||||||O|||||||||||||||||||||||OBR|93|51566756|3|^|N|20260903084340|20260903084059|20260903084059||1^1||||20260903084059|?????|||||||||||||||||||||||||||||||||OBX|1|NM|Glu-G|Glucose (GOD-POD Method)|4.104567|mmol/L|-|N|||F||4.104567|20260903104542|||0||OBX|2|NM|T-Bil-V|Bilirubin Total (VOX Method)|8.442673|?mol/L|-|N|||F||8.442673|20260903104543|||0||OBX|3|NM|D-Bil-V|Bilirubin Direct (VOX Method)|2.989129|?mol/L|-|N|||F||2.989129|20260903104558|||0||OBX|4|NM|ALT|Alanine Aminotransferase|8.553033|U/L|-|N|||F||8.553033|20260903104412|||0|RGTE|OBX|5|NM|AST|Aspartate Aminotransferase|20.177749|U/L|-|N|||F||20.177749|20260903104427|||0||OBX|6|NM|ALP|Alkaline phosphatase|67.494110|U/L|-|N|||F||67.494110|20260903104727|||0|RGTE|OBX|7|NM|TP|Total Protein|69.363899|g/L|-|N|||F||69.363899|20260903104613|||0||OBX|8|NM|AMY|?-Amylase|38.383853|U/L|-|N|||F||38.383853|20260903104457|||0||OBX|9|NM|TC|Total Cholesterol|3.737461|mmol/L|-|N|||F||3.
03.09.2026 10:48:27	Information:	Add Frame:
03.09.2026 10:48:27	Information:	MSH|^~\&|||||20260903104727||ORU^R01|169|P|2.3.1||||0||ASCII|||
03.09.2026 10:48:27	Information:	In Header
03.09.2026 10:48:27	Information:	MessageType: ORU
03.09.2026 10:48:27	Information:	After message type
03.09.2026 10:48:27	Information:	After ask
03.09.2026 10:48:27	Information:	After version
03.09.2026 10:48:27	Information:	Add Frame:
03.09.2026 10:48:27	Information:	PID|93|||||||O|||||||||||||||||||||||
03.09.2026 10:48:27	Information:	Add Frame:
03.09.2026 10:48:27	Information:	OBR|93|51566756|3|^|N|20260903084340|20260903084059|20260903084059||1^1||||20260903084059|?????|||||||||||||||||||||||||||||||||
03.09.2026 10:48:27	Information:	Add Frame:
03.09.2026 10:48:27	Information:	OBX|1|NM|Glu-G|Glucose (GOD-POD Method)|4.104567|mmol/L|-|N|||F||4.104567|20260903104542|||0||
03.09.2026 10:48:27	Information:	Add Frame:
03.09.2026 10:48:27	Information:	OBX|2|NM|T-Bil-V|Bilirubin Total (VOX Method)|8.442673|?mol/L|-|N|||F||8.442673|20260903104543|||0||
03.09.2026 10:48:27	Information:	Add Frame:
03.09.2026 10:48:27	Information:	OBX|3|NM|D-Bil-V|Bilirubin Direct (VOX Method)|2.989129|?mol/L|-|N|||F||2.989129|20260903104558|||0||
03.09.2026 10:48:27	Information:	Add Frame:
03.09.2026 10:48:27	Information:	OBX|4|NM|ALT|Alanine Aminotransferase|8.553033|U/L|-|N|||F||8.553033|20260903104412|||0|RGTE|
03.09.2026 10:48:27	Information:	Add Frame:
03.09.2026 10:48:27	Information:	OBX|5|NM|AST|Aspartate Aminotransferase|20.177749|U/L|-|N|||F||20.177749|20260903104427|||0||
03.09.2026 10:48:27	Information:	Add Frame:
03.09.2026 10:48:27	Information:	OBX|6|NM|ALP|Alkaline phosphatase|67.494110|U/L|-|N|||F||67.494110|20260903104727|||0|RGTE|
03.09.2026 10:48:27	Information:	Add Frame:
03.09.2026 10:48:27	Information:	OBX|7|NM|TP|Total Protein|69.363899|g/L|-|N|||F||69.363899|20260903104613|||0||
03.09.2026 10:48:27	Information:	Add Frame:
03.09.2026 10:48:27	Information:	OBX|8|NM|AMY|?-Amylase|38.383853|U/L|-|N|||F||38.383853|20260903104457|||0||
03.09.2026 10:48:27	Information:	Received bytes(encoded):737461|20260903104327|||0||OBX|10|NM|CREA-S|Creatinine (Sarcosine Oxidase Method)|55.078006|?mol/L|-|N|||F||55.078006|20260903104612|||0||OBX|11|NM|UREA|Urea|3.429531|mmol/L|-|N|||F||3.429531|20260903104457|||0||OBX|12|NM||Albumin|41.269142|g/L|-|N|||F||41.269142|20260903104342|||0|RGTE|OBX|13|NM||AST/ALT|2.348837||-|N|||F||2.348837||||||
03.09.2026 10:48:27	Information:	Add Frame:
03.09.2026 10:48:27	Information:	OBX|9|NM|TC|Total Cholesterol|3.737461|mmol/L|-|N|||F||3.737461|20260903104327|||0||
03.09.2026 10:48:27	Information:	Add Frame:
03.09.2026 10:48:27	Information:	OBX|10|NM|CREA-S|Creatinine (Sarcosine Oxidase Method)|55.078006|?mol/L|-|N|||F||55.078006|20260903104612|||0||
03.09.2026 10:48:27	Information:	Add Frame:
03.09.2026 10:48:27	Information:	OBX|11|NM|UREA|Urea|3.429531|mmol/L|-|N|||F||3.429531|20260903104457|||0||
03.09.2026 10:48:27	Information:	Add Frame:
03.09.2026 10:48:27	Information:	OBX|12|NM||Albumin|41.269142|g/L|-|N|||F||41.269142|20260903104342|||0|RGTE|
03.09.2026 10:48:27	Information:	Add Frame:
03.09.2026 10:48:27	Information:	OBX|13|NM||AST/ALT|2.348837||-|N|||F||2.348837||||||
03.09.2026 10:48:27	Information:	Add Frame:
03.09.2026 10:48:27	Information:	
03.09.2026 10:48:27	Debug:	read message: 5ms
03.09.2026 10:48:27	Information:	The answer message is created successfully
03.09.2026 10:48:27	Information:	Sending answer...
03.09.2026 10:48:27	Information:	We are in ORU Message
03.09.2026 10:48:27	Information:	MSH MSH|^~\&|||||20260903104727||ORU^R01|169|P|2.3.1||||0||ASCII||||
03.09.2026 10:48:27	Information:	PID PID|93|||||||O||||||||||||||||||||||||
03.09.2026 10:48:27	Information:	PatientRecord in message is successfully  processed
03.09.2026 10:48:27	Information:	The patient order is successfully processed
03.09.2026 10:48:27	Information:	The order record is successfully processed
03.09.2026 10:48:27	Information:	The order record is successfully processed
03.09.2026 10:48:27	Information:	The order record is successfully processed
03.09.2026 10:48:27	Information:	The order record is successfully processed
03.09.2026 10:48:27	Information:	The order record is successfully processed
03.09.2026 10:48:27	Information:	The order record is successfully processed
03.09.2026 10:48:27	Information:	The order record is successfully processed
03.09.2026 10:48:27	Information:	The order record is successfully processed
03.09.2026 10:48:27	Information:	The order record is successfully processed
03.09.2026 10:48:27	Information:	The order record is successfully processed
03.09.2026 10:48:27	Information:	The order record is successfully processed
03.09.2026 10:48:27	Information:	The order record is successfully processed
03.09.2026 10:48:27	Information:	The order record is successfully processed
03.09.2026 10:48:27	Information:	The ORU message is successfully processed
03.09.2026 10:48:27	Debug:	Process message: 9ms
03.09.2026 10:48:27	Debug:	Total time : 15ms
03.09.2026 10:48:28	Information:	Sended bytes:  11 77 83 72 124 94 126 92 38 124 77 105 110 100 114 97 121 124 124 124 124 50 48 50 54 48 57 48 51 49 48 52 56 50 55 124 124 65 67 75 94 82 48 49 124 49 54 57 124 80 124 50 46 51 46 49 124 124 124 124 48 124 124 117 115 45 97 115 99 105 105 124 124 124 13 77 83 65 124 65 65 124 49 54 57 124 77 101 115 115 97 103 101 32 97 99 99 101 112 116 101 100 124 124 124 48 124 13 28 13
03.09.2026 10:48:28	Information:	Sended string MSH|^~\&|Mindray||||20260903104827||ACK^R01|169|P|2.3.1||||0||us-ascii|||MSA|AA|169|Message accepted|||0|
03.09.2026 10:48:29	Debug:	SendResults:	check DriverRequests=	0	ms
03.09.2026 10:48:29	Information:	ByBarcode 51566756
03.09.2026 10:48:29	Information:	GetLinesByBarcodes
03.09.2026 10:48:29	Information:	{
"WorkPlaceID": 20747,
"BeginDate": "2026-06-04",
"EndDate": "2026-09-04",
"OrderNumber": "51566756",
"Offset": 0,
"Limit": 1
}


03.09.2026 10:48:29	Information:	GetByBarcodeReturn: 
03.09.2026 10:48:29	Information:	{"Data":[{"ID":31168644,"StrID":"31168644","OrderNumber":"51566756","OrderRegDate":"2026-09-03T04:52:08.553","PlanExecutionDate":"2026-09-03T04:51:00","SenderMoID":45500000000000909,"SenderMo":{"NameRU":"Некоммерческое акционерное общество \"Медицинский университет Семей\"","NameKZ":"\"Семей медицина университеті\" коммерциялық емес акционерлік қоғамы","Name":"Некоммерческое акционерное общество \"Медицинский университет Семей\"","ShortNameRU":"НАО \"МУС\"","ShortNameKZ":"\"СМУ\" КеАҚ","ShortName":"НАО \"МУС\"","PublicCode":"237J","AddressRU":"ВКО, г. Семей, ул. Абая Кунанбаева 103","AddressKZ":"ВКО, г. Семей, ул. Абая Кунанбаева 103","Address":"ВКО, г. Семей, ул. Абая Кунанбаева 103","OriginalID":"45500000000000909","IsWork":true,"RegionID":20,"BIN":"190240004938","MasterDataID":4911,"PhonesData":{"OrgHealthCarePhones":[]},"IsPostmortem":false,"IsHospital":true,"Code":null,"ID":"45500000000000909","StrID":"45500000000000909"},"ReceiverMoID":45500000000000909,"ReceiverMo":null,"PatientDetailID":41078677,"PatientDetail":{"PersonID":"696131","Person":{"IIN":"110824600537","LastName":"ИСКАНДАРОВА","FirstName":"АЛИНА","SecondName":"РИНАТОВНА","FullName":"ИСКАНДАРОВА АЛИНА РИНАТОВНА","FullNameIOF":"АЛИНА РИНАТОВНА ИСКАНДАРОВА","DisplayText":"110824600537 АЛИНА РИНАТОВНА ИСКАНДАРОВА 24.08.2011","IinFullName":"110824600537 - ИСКАНДАРОВА АЛИНА РИНАТОВНА","BirthDate":"2011-08-24T00:00:00","BirthDateStr":"24.08.2011","DeathDate":null,"DeathDateStr":"","BioSexID":2,"BioSex":null,"NationalityID":null,"Nationality":null,"CitizenshipID":85,"Citizenship":null,"MasterDataID":13232484,"RpnID":"15300000014208334","KmisID":"100000001445112","Type":1,"Age":0,"IsStillborn":false,"IsEarlyNeonatalDeathUp28days":false,"IsDeadPerson":false,"ID":"696131","StrID":"696131"},"AddressRU":"РЕСПУБЛИКА: Казахстан , ОБЛАСТЬ: Абайская , ГОРОД ОБЛ.ЗНАЧ.: Семей , УЛИЦА: АЯГУЗСКАЯ, ДОМ: 260","AddressKZ":": Қазақстан , : Абай , : Семей Қ. , АЯГУЗСКАЯ көшесі, ҮЙ: 260","Address":"РЕСПУБЛИКА: Казахстан , ОБЛАСТЬ: Абайская , ГОРОД ОБЛ.ЗНАЧ.: Семей , УЛИЦА: АЯГУЗСКАЯ, ДОМ: 260","MasterDataAddressID":2678051,"WorkPlace":"Школа ОСШВИ","WorkPosition":null,"DocumentNumber":null,"DocumentTypeID":null,"DocumentType":null,"NationalityID":null,"DocumentTypeName":null,"Phones":"+77222312880","ExternalCardID":"5974554","CardType":1,"CardNumber":"67549","CitizenshipCategoryID":1,"CitizenshipCategory":null,"ResidenceTypeID":3,"ResidenceType":null,"MotherPersonID":null,"MotherPerson":null,"IsForeigner":false,"IsHomeless":false,"IsDeadPerson":false,"IsResident":true,"ID":"41078677","StrID":"41078677"},"Person":{"IIN":"110824600537","LastName":"ИСКАНДАРОВА","FirstName":"АЛИНА","SecondName":"РИНАТОВНА","FullName":"ИСКАНДАРОВА АЛИНА РИНАТОВНА","FullNameIOF":"АЛИНА РИНАТОВНА ИСКАНДАРОВА","DisplayText":"110824600537 АЛИНА РИНАТОВНА ИСКАНДАРОВА 24.08.2011","IinFullName":"110824600537 - ИСКАНДАРОВА АЛИНА РИНАТОВНА","BirthDate":"2011-08-24T00:00:00","BirthDateStr":"24.08.2011","DeathDate":null,"DeathDateStr":"","BioSexID":2,"BioSex":null,"NationalityID":null,"Nationality":null,"CitizenshipID":85,"Citizenship":null,"MasterDataID":13232484,"RpnID":"15300000014208334","KmisID":"100000001445112","Type":1,"Age":0,"IsStillborn":false,"IsEarlyNeonatalDeathUp28days":false,"IsDeadPerson":false,"ID":"696131","StrID":"696131"},"IsCito":false,"ExternalSystem":1,"OrderResultFileID":null,"OrderResultFileStorageID":null,"OrderResultDate":null,"Status":1,"DeleteDate":null,"ResultNotes":null,"Comment":"","ExternalOrderNumber":"51566756","ExaminationTypeID":null,"ExaminationType":null,"ExaminationIndicationID":null,"ExaminationIndication":null,"Uid":"410C63F3-309E-4580-9B0D-77F98C614821","SenderPostFullName":"МЫРЗАБЕКОВА РЫСГУЛЬ ЖУМАГАЗЫЕВНА","SenderFuncStructureNameRU":"Отделение педиатрии","SenderFuncStructureNameKZ":"Педиатр бөлімі","IsSamplingOfMaterialsAtReceiver":false,"MisID":42194697,"Materials":[{"OrderID":31168644,"Uid":"6a15f02c-a521-4251-aa1c-76fb5fc186fb","MaterialNumber":"51566756","MaterialTypeID":363,"MaterialType":{"OrderBy":0,"ParentID":202,"HasChildren":false,"MasterDataID":489,"Parent":null,"NameRU":"Кровь венозная","NameKZ":"Кровь венозная","Name":"Кровь венозная","PublicCode":"36300","EndDate":null,"ID":"363","StrID":"363"},"TakeDate":"2026-09-03T04:51:00","TakeDateStr":"03.09.2026 04:51","TakePlace":"педиатрия","RejectionReason":null,"RejectionTakenMeasures":null,"ReceiptDate":null,"ReceiptDateStr":null,"RejectionCreatePostID":null,"RejectionCreatePost":null,"SampleCollectorPostIIN":"680615401246","SampleCollectorPostID":null,"Researches":[],"RejectedMaterialImageID":null,"File":null,"ID":"31455563","StrID":"31455563"}],"Researches":[]}],"Total":1}
03.09.2026 10:48:29	Information:	OrderedWW 51566756 Biomat 0 Device 20747
03.09.2026 10:48:30	Information:	ResearchResult
03.09.2026 10:48:30	Information:	{
"OrderID": "31168644",
"WorkPlaceID": 20747
}


03.09.2026 10:48:30	Information:	[{"OrderResearchID":67171696,"OrderResearch":null,"ParameterID":200918,"Parameter":{"ShortNameRU":"общий белок в сыворотке крови","ShortNameKZ":"қан сарысуындағы жалпы ақуыз","ShortName":"общий белок в сыворотке крови","DataType":0,"DataTypeName":"Число","UnitTypeID":100012,"UnitType":{"OrderBy":13,"MasterDataID":null,"CDD_ID":null,"NameRU":"г/л","NameKZ":"г/л","Name":"г/л","PublicCode":"10001200","EndDate":null,"ID":"100012","StrID":"100012"},"MedicalFormID":null,"MasterDataID":0,"MedicalForm":null,"NameWithDataType":"общий белок в сыворотке крови  (Число)","NameRU":"общий белок в сыворотке крови","NameKZ":"қан сарысуындағы жалпы ақуыз","Name":"общий белок в сыворотке крови","PublicCode":"20091800","EndDate":null,"ID":"200918","StrID":"200918"},"ParameterValues":null,"ParameterValueID":null,"ParameterValue":null,"ResultText":null,"ResultValue":null,"ResultDate":"2026-09-03T10:48:30.4401529+05:00","PostID":"0","Post":null,"ExecuteMethod":2,"SourceResultText":null,"SourceResultValue":null,"SourceResultExpression":null,"SourceUnitTypeID":100012,"SourceUnitType":{"OrderBy":13,"MasterDataID":null,"CDD_ID":null,"NameRU":"г/л","NameKZ":"г/л","Name":"г/л","PublicCode":"10001200","EndDate":null,"ID":"100012","StrID":"100012"},"MultiplierID":null,"IsApproved":false,"IsValidated":false,"StandardMatchType":0,"ApproveDate":null,"ApprovePostID":null,"ApprovePost":null,"OrderNum":1,"WorkPlaceID":20747,"OrderID":null,"BacteriologyResult":null,"AnalyzerId":null,"IsOrderProductionControl":false,"ID":"0","StrID":"0"},{"OrderResearchID":67171700,"OrderResearch":null,"ParameterID":201354,"Parameter":{"ShortNameRU":"альбумин  в сыворотке крови (анализатор)","ShortNameKZ":"қан сарысуындағы альбумин (анализатор)","ShortName":"альбумин  в сыворотке крови (анализатор)","DataType":0,"DataTypeName":"Число","UnitTypeID":100012,"UnitType":{"OrderBy":13,"MasterDataID":null,"CDD_ID":null,"NameRU":"г/л","NameKZ":"г/л","Name":"г/л","PublicCode":"10001200","EndDate":null,"ID":"100012","StrID":"100012"},"MedicalFormID":null,"MasterDataID":0,"MedicalForm":null,"NameWithDataType":"альбумин  в сыворотке крови (анализатор)  (Число)","NameRU":"альбумин  в сыворотке крови (анализатор)","NameKZ":"қан сарысуындағы альбумин (анализатор)","Name":"альбумин  в сыворотке крови (анализатор)","PublicCode":"20135400","EndDate":null,"ID":"201354","StrID":"201354"},"ParameterValues":null,"ParameterValueID":null,"ParameterValue":null,"ResultText":null,"ResultValue":null,"ResultDate":"2026-09-03T10:48:30.4456799+05:00","PostID":"0","Post":null,"ExecuteMethod":2,"SourceResultText":null,"SourceResultValue":null,"SourceResultExpression":null,"SourceUnitTypeID":100012,"SourceUnitType":{"OrderBy":13,"MasterDataID":null,"CDD_ID":null,"NameRU":"г/л","NameKZ":"г/л","Name":"г/л","PublicCode":"10001200","EndDate":null,"ID":"100012","StrID":"100012"},"MultiplierID":null,"IsApproved":false,"IsValidated":false,"StandardMatchType":0,"ApproveDate":null,"ApprovePostID":null,"ApprovePost":null,"OrderNum":1,"WorkPlaceID":20747,"OrderID":null,"BacteriologyResult":null,"AnalyzerId":null,"IsOrderProductionControl":false,"ID":"0","StrID":"0"},{"OrderResearchID":67171698,"OrderResearch":null,"ParameterID":200357,"Parameter":{"ShortNameRU":"АЛаТ","ShortNameKZ":"АЛаТ","ShortName":"АЛаТ","DataType":0,"DataTypeName":"Число","UnitTypeID":100030,"UnitType":{"OrderBy":31,"MasterDataID":null,"CDD_ID":null,"NameRU":"МЕ/л","NameKZ":"ХБ/л","Name":"МЕ/л","PublicCode":"10003000","EndDate":null,"ID":"100030","StrID":"100030"},"MedicalFormID":null,"MasterDataID":0,"MedicalForm":null,"NameWithDataType":"АЛаТ  (Число)","NameRU":"АЛаТ","NameKZ":"АЛаТ","Name":"АЛаТ","PublicCode":"20035700","EndDate":null,"ID":"200357","StrID":"200357"},"ParameterValues":null,"ParameterValueID":null,"ParameterValue":null,"ResultText":null,"ResultValue":null,"ResultDate":"2026-09-03T10:48:30.4511839+05:00","PostID":"0","Post":null,"ExecuteMethod":2,"SourceResultText":null,"SourceResultValue":null,"SourceResultExpression":null,"SourceUnitTypeID":100030,"SourceUnitType":{"OrderBy":31,"MasterDataID":null,"CDD_ID":null,"NameRU":"МЕ/л","NameKZ":"ХБ/л","Name":"МЕ/л","PublicCode":"10003000","EndDate":null,"ID":"100030","StrID":"100030"},"MultiplierID":null,"IsApproved":false,"IsValidated":false,"StandardMatchType":0,"ApproveDate":null,"ApprovePostID":null,"ApprovePost":null,"OrderNum":1,"WorkPlaceID":20747,"OrderID":null,"BacteriologyResult":null,"AnalyzerId":null,"IsOrderProductionControl":false,"ID":"0","StrID":"0"},{"OrderResearchID":67171699,"OrderResearch":null,"ParameterID":200919,"Parameter":{"ShortNameRU":"общий билирубин в сыворотке крови","ShortNameKZ":"қан сарысуындағы жалпы билирубин","ShortName":"общий билирубин в сыворотке крови","DataType":0,"DataTypeName":"Число","UnitTypeID":100041,"UnitType":{"OrderBy":42,"MasterDataID":null,"CDD_ID":null,"NameRU":"мкмоль/л","NameKZ":"мкмоль/л","Name":"мкмоль/л","PublicCode":"10004100","EndDate":null,"ID":"100041","StrID":"100041"},"MedicalFormID":null,"MasterDataID":0,"MedicalForm":null,"NameWithDataType":"общий билирубин в сыворотке крови  (Число)","NameRU":"общий билирубин в сыворотке крови","NameKZ":"қан сарысуындағы жалпы билирубин","Name":"общий билирубин в сыворотке крови","PublicCode":"20091900","EndDate":null,"ID":"200919","StrID":"200919"},"ParameterValues":null,"ParameterValueID":null,"ParameterValue":null,"ResultText":null,"ResultValue":null,"ResultDate":"2026-09-03T10:48:30.4511839+05:00","PostID":"0","Post":null,"ExecuteMethod":2,"SourceResultText":null,"SourceResultValue":null,"SourceResultExpression":null,"SourceUnitTypeID":100041,"SourceUnitType":{"OrderBy":42,"MasterDataID":null,"CDD_ID":null,"NameRU":"мкмоль/л","NameKZ":"мкмоль/л","Name":"мкмоль/л","PublicCode":"10004100","EndDate":null,"ID":"100041","StrID":"100041"},"MultiplierID":null,"IsApproved":false,"IsValidated":false,"StandardMatchType":0,"ApproveDate":null,"ApprovePostID":null,"ApprovePost":null,"OrderNum":1,"WorkPlaceID":20747,"OrderID":null,"BacteriologyResult":null,"AnalyzerId":null,"IsOrderProductionControl":false,"ID":"0","StrID":"0"},{"OrderResearchID":67171701,"OrderResearch":null,"ParameterID":200408,"Parameter":{"ShortNameRU":"АСаТ","ShortNameKZ":"АСаТ","ShortName":"АСаТ","DataType":0,"DataTypeName":"Число","UnitTypeID":100030,"UnitType":{"OrderBy":31,"MasterDataID":null,"CDD_ID":null,"NameRU":"МЕ/л","NameKZ":"ХБ/л","Name":"МЕ/л","PublicCode":"10003000","EndDate":null,"ID":"100030","StrID":"100030"},"MedicalFormID":null,"MasterDataID":0,"MedicalForm":null,"NameWithDataType":"АСаТ  (Число)","NameRU":"АСаТ","NameKZ":"АСаТ","Name":"АСаТ","PublicCode":"20040800","EndDate":null,"ID":"200408","StrID":"200408"},"ParameterValues":null,"ParameterValueID":null,"ParameterValue":null,"ResultText":null,"ResultValue":null,"ResultDate":"2026-09-03T10:48:30.4559681+05:00","PostID":"0","Post":null,"ExecuteMethod":2,"SourceResultText":null,"SourceResultValue":null,"SourceResultExpression":null,"SourceUnitTypeID":100030,"SourceUnitType":{"OrderBy":31,"MasterDataID":null,"CDD_ID":null,"NameRU":"МЕ/л","NameKZ":"ХБ/л","Name":"МЕ/л","PublicCode":"10003000","EndDate":null,"ID":"100030","StrID":"100030"},"MultiplierID":null,"IsApproved":false,"IsValidated":false,"StandardMatchType":0,"ApproveDate":null,"ApprovePostID":null,"ApprovePost":null,"OrderNum":1,"WorkPlaceID":20747,"OrderID":null,"BacteriologyResult":null,"AnalyzerId":null,"IsOrderProductionControl":false,"ID":"0","StrID":"0"},{"OrderResearchID":67171702,"OrderResearch":null,"ParameterID":201306,"Parameter":{"ShortNameRU":"ЩФ","ShortNameKZ":"СФ","ShortName":"ЩФ","DataType":0,"DataTypeName":"Число","UnitTypeID":100030,"UnitType":{"OrderBy":31,"MasterDataID":null,"CDD_ID":null,"NameRU":"МЕ/л","NameKZ":"ХБ/л","Name":"МЕ/л","PublicCode":"10003000","EndDate":null,"ID":"100030","StrID":"100030"},"MedicalFormID":null,"MasterDataID":0,"MedicalForm":null,"NameWithDataType":"ЩФ  (Число)","NameRU":"ЩФ","NameKZ":"СФ","Name":"ЩФ","PublicCode":"20130600","EndDate":null,"ID":"201306","StrID":"201306"},"ParameterValues":null,"ParameterValueID":null,"ParameterValue":null,"ResultText":null,"ResultValue":null,"ResultDate":"2026-09-03T10:48:30.4559681+05:00","PostID":"0","Post":null,"ExecuteMethod":2,"SourceResultText":null,"SourceResultValue":null,"SourceResultExpression":null,"SourceUnitTypeID":100030,"SourceUnitType":{"OrderBy":31,"MasterDataID":null,"CDD_ID":null,"NameRU":"МЕ/л","NameKZ":"ХБ/л","Name":"МЕ/л","PublicCode":"10003000","EndDate":null,"ID":"100030","StrID":"100030"},"MultiplierID":null,"IsApproved":false,"IsValidated":false,"StandardMatchType":0,"ApproveDate":null,"ApprovePostID":null,"ApprovePost":null,"OrderNum":1,"WorkPlaceID":20747,"OrderID":null,"BacteriologyResult":null,"AnalyzerId":null,"IsOrderProductionControl":false,"ID":"0","StrID":"0"},{"OrderResearchID":67171703,"OrderResearch":null,"ParameterID":200524,"Parameter":{"ShortNameRU":"ГГТП","ShortNameKZ":"ГГТП","ShortName":"ГГТП","DataType":0,"DataTypeName":"Число","UnitTypeID":100030,"UnitType":{"OrderBy":31,"MasterDataID":null,"CDD_ID":null,"NameRU":"МЕ/л","NameKZ":"ХБ/л","Name":"МЕ/л","PublicCode":"10003000","EndDate":null,"ID":"100030","StrID":"100030"},"MedicalFormID":null,"MasterDataID":0,"MedicalForm":null,"NameWithDataType":"ГГТП  (Число)","NameRU":"ГГТП","NameKZ":"ГГТП","Name":"ГГТП","PublicCode":"20052400","EndDate":null,"ID":"200524","StrID":"200524"},"ParameterValues":null,"ParameterValueID":null,"ParameterValue":null,"ResultText":null,"ResultValue":null,"ResultDate":"2026-09-03T10:48:30.4659725+05:00","PostID":"0","Post":null,"ExecuteMethod":2,"SourceResultText":null,"SourceResultValue":null,"SourceResultExpression":null,"SourceUnitTypeID":100030,"SourceUnitType":{"OrderBy":31,"MasterDataID":null,"CDD_ID":null,"NameRU":"МЕ/л","NameKZ":"ХБ/л","Name":"МЕ/л","PublicCode":"10003000","EndDate":null,"ID":"100030","StrID":"100030"},"MultiplierID":null,"IsApproved":false,"IsValidated":false,"StandardMatchType":0,"ApproveDate":null,"ApprovePostID":null,"ApprovePost":null,"OrderNum":1,"WorkPlaceID":20747,"OrderID":null,"BacteriologyResult":null,"AnalyzerId":null,"IsOrderProductionControl":false,"ID":"0","StrID":"0"},{"OrderResearchID":67171704,"OrderResearch":null,"ParameterID":200905,"Parameter":{"ShortNameRU":"общая ɑ-амилаза в сыворотке крови (анализатор)","ShortNameKZ":"қандағы жалпы ɑ-амилаза (анализатор)","ShortName":"общая ɑ-амилаза в сыворотке крови (анализатор)","DataType":0,"DataTypeName":"Число","UnitTypeID":100030,"UnitType":{"OrderBy":31,"MasterDataID":null,"CDD_ID":null,"NameRU":"МЕ/л","NameKZ":"ХБ/л","Name":"МЕ/л","PublicCode":"10003000","EndDate":null,"ID":"100030","StrID":"100030"},"MedicalFormID":null,"MasterDataID":0,"MedicalForm":null,"NameWithDataType":"общая ɑ-амилаза в сыворотке крови (анализатор)  (Число)","NameRU":"общая ɑ-амилаза в сыворотке крови (анализатор)","NameKZ":"қандағы жалпы ɑ-амилаза (анализатор)","Name":"общая ɑ-амилаза в сыворотке крови (анализатор)","PublicCode":"20090500","EndDate":null,"ID":"200905","StrID":"200905"},"ParameterValues":null,"ParameterValueID":null,"ParameterValue":null,"ResultText":null,"ResultValue":null,"ResultDate":"2026-09-03T10:48:30.4665746+05:00","PostID":"0","Post":null,"ExecuteMethod":2,"SourceResultText":null,"SourceResultValue":null,"SourceResultExpression":null,"SourceUnitTypeID":100030,"SourceUnitType":{"OrderBy":31,"MasterDataID":null,"CDD_ID":null,"NameRU":"МЕ/л","NameKZ":"ХБ/л","Name":"МЕ/л","PublicCode":"10003000","EndDate":null,"ID":"100030","StrID":"100030"},"MultiplierID":null,"IsApproved":false,"IsValidated":false,"StandardMatchType":0,"ApproveDate":null,"ApprovePostID":null,"ApprovePost":null,"OrderNum":1,"WorkPlaceID":20747,"OrderID":null,"BacteriologyResult":null,"AnalyzerId":null,"IsOrderProductionControl":false,"ID":"0","StrID":"0"},{"OrderResearchID":67171708,"OrderResearch":null,"ParameterID":200592,"Parameter":{"ShortNameRU":"железо в сыворотке крови","ShortNameKZ":"қан сарысуындағы темір","ShortName":"железо в сыворотке крови","DataType":0,"DataTypeName":"Число","UnitTypeID":100041,"UnitType":{"OrderBy":42,"MasterDataID":null,"CDD_ID":null,"NameRU":"мкмоль/л","NameKZ":"мкмоль/л","Name":"мкмоль/л","PublicCode":"10004100","EndDate":null,"ID":"100041","StrID":"100041"},"MedicalFormID":null,"MasterDataID":0,"MedicalForm":null,"NameWithDataType":"железо в сыворотке крови  (Число)","NameRU":"железо в сыворотке крови","NameKZ":"қан сарысуындағы темір","Name":"железо в сыворотке крови","PublicCode":"20059200","EndDate":null,"ID":"200592","StrID":"200592"},"ParameterValues":null,"ParameterValueID":null,"ParameterValue":null,"ResultText":null,"ResultValue":null,"ResultDate":"2026-09-03T10:48:30.4665746+05:00","PostID":"0","Post":null,"ExecuteMethod":2,"SourceResultText":null,"SourceResultValue":null,"SourceResultExpression":null,"SourceUnitTypeID":100041,"SourceUnitType":{"OrderBy":42,"MasterDataID":null,"CDD_ID":null,"NameRU":"мкмоль/л","NameKZ":"мкмоль/л","Name":"мкмоль/л","PublicCode":"10004100","EndDate":null,"ID":"100041","StrID":"100041"},"MultiplierID":null,"IsApproved":false,"IsValidated":false,"StandardMatchType":0,"ApproveDate":null,"ApprovePostID":null,"ApprovePost":null,"OrderNum":1,"WorkPlaceID":20747,"OrderID":null,"BacteriologyResult":null,"AnalyzerId":null,"IsOrderProductionControl":false,"ID":"0","StrID":"0"},{"OrderResearchID":67171705,"OrderResearch":null,"ParameterID":201234,"Parameter":{"ShortNameRU":"ферритин в сыворотке крови","ShortNameKZ":"қан сарысуындағы ферритин","ShortName":"ферритин в сыворотке крови","DataType":0,"DataTypeName":"Число","UnitTypeID":100035,"UnitType":{"OrderBy":36,"MasterDataID":null,"CDD_ID":null,"NameRU":"мкг/л","NameKZ":"мкг/л","Name":"мкг/л","PublicCode":"10003500","EndDate":null,"ID":"100035","StrID":"100035"},"MedicalFormID":null,"MasterDataID":0,"MedicalForm":null,"NameWithDataType":"ферритин в сыворотке крови  (Число)","NameRU":"ферритин в сыворотке крови","NameKZ":"қан сарысуындағы ферритин","Name":"ферритин в сыворотке крови","PublicCode":"20123400","EndDate":null,"ID":"201234","StrID":"201234"},"ParameterValues":null,"ParameterValueID":null,"ParameterValue":null,"ResultText":null,"ResultValue":null,"ResultDate":"2026-09-03T10:48:30.4665746+05:00","PostID":"0","Post":null,"ExecuteMethod":1,"SourceResultText":null,"SourceResultValue":null,"SourceResultExpression":null,"SourceUnitTypeID":100035,"SourceUnitType":{"OrderBy":36,"MasterDataID":null,"CDD_ID":null,"NameRU":"мкг/л","NameKZ":"мкг/л","Name":"мкг/л","PublicCode":"10003500","EndDate":null,"ID":"100035","StrID":"100035"},"MultiplierID":null,"IsApproved":false,"IsValidated":false,"StandardMatchType":0,"ApproveDate":null,"ApprovePostID":null,"ApprovePost":null,"OrderNum":1,"WorkPlaceID":20747,"OrderID":null,"BacteriologyResult":null,"AnalyzerId":null,"IsOrderProductionControl":false,"ID":"0","StrID":"0"},{"OrderResearchID":67171706,"OrderResearch":null,"ParameterID":201268,"Parameter":{"ShortNameRU":"холестерин в сыворотке крови","ShortNameKZ":"қан сарысуындағы холестерин","ShortName":"холестерин в сыворотке крови","DataType":0,"DataTypeName":"Число","UnitTypeID":100051,"UnitType":{"OrderBy":52,"MasterDataID":null,"CDD_ID":null,"NameRU":"ммоль/л","NameKZ":"ммоль/л","Name":"ммоль/л","PublicCode":"10005100","EndDate":null,"ID":"100051","StrID":"100051"},"MedicalFormID":null,"MasterDataID":0,"MedicalForm":null,"NameWithDataType":"холестерин в сыворотке крови  (Число)","NameRU":"холестерин в сыворотке крови","NameKZ":"қан сарысуындағы холестерин","Name":"холестерин в сыворотке крови","PublicCode":"20126800","EndDate":null,"ID":"201268","StrID":"201268"},"ParameterValues":null,"ParameterValueID":null,"ParameterValue":null,"ResultText":null,"ResultValue":null,"ResultDate":"2026-09-03T10:48:30.4766385+05:00","PostID":"0","Post":null,"ExecuteMethod":2,"SourceResultText":null,"SourceResultValue":null,"SourceResultExpression":null,"SourceUnitTypeID":100051,"SourceUnitType":{"OrderBy":52,"MasterDataID":null,"CDD_ID":null,"NameRU":"ммоль/л","NameKZ":"ммоль/л","Name":"ммоль/л","PublicCode":"10005100","EndDate":null,"ID":"100051","StrID":"100051"},"MultiplierID":null,"IsApproved":false,"IsValidated":false,"StandardMatchType":0,"ApproveDate":null,"ApprovePostID":null,"ApprovePost":null,"OrderNum":1,"WorkPlaceID":20747,"OrderID":null,"BacteriologyResult":null,"AnalyzerId":null,"IsOrderProductionControl":false,"ID":"0","StrID":"0"},{"OrderResearchID":67171697,"OrderResearch":null,"ParameterID":200549,"Parameter":{"ShortNameRU":"глюкоза в сыворотке крови","ShortNameKZ":"қан сарысуындағы глюкоза","ShortName":"глюкоза в сыворотке крови","DataType":0,"DataTypeName":"Число","UnitTypeID":100051,"UnitType":{"OrderBy":52,"MasterDataID":null,"CDD_ID":null,"NameRU":"ммоль/л","NameKZ":"ммоль/л","Name":"ммоль/л","PublicCode":"10005100","EndDate":null,"ID":"100051","StrID":"100051"},"MedicalFormID":null,"MasterDataID":0,"MedicalForm":null,"NameWithDataType":"глюкоза в сыворотке крови  (Число)","NameRU":"глюкоза в сыворотке крови","NameKZ":"қан сарысуындағы глюкоза","Name":"глюкоза в сыворотке крови","PublicCode":"20054900","EndDate":null,"ID":"200549","StrID":"200549"},"ParameterValues":null,"ParameterValueID":null,"ParameterValue":null,"ResultText":null,"ResultValue":null,"ResultDate":"2026-09-03T10:48:30.4826425+05:00","PostID":"0","Post":null,"ExecuteMethod":2,"SourceResultText":null,"SourceResultValue":null,"SourceResultExpression":null,"SourceUnitTypeID":100051,"SourceUnitType":{"OrderBy":52,"MasterDataID":null,"CDD_ID":null,"NameRU":"ммоль/л","NameKZ":"ммоль/л","Name":"ммоль/л","PublicCode":"10005100","EndDate":null,"ID":"100051","StrID":"100051"},"MultiplierID":null,"IsApproved":false,"IsValidated":false,"StandardMatchType":0,"ApproveDate":null,"ApprovePostID":null,"ApprovePost":null,"OrderNum":1,"WorkPlaceID":20747,"OrderID":null,"BacteriologyResult":null,"AnalyzerId":null,"IsOrderProductionControl":false,"ID":"0","StrID":"0"},{"OrderResearchID":67171707,"OrderResearch":null,"ParameterID":200852,"Parameter":{"ShortNameRU":"мочевина в сыворотке крови","ShortNameKZ":"қан сарысуындағы несепнәр","ShortName":"мочевина в сыворотке крови","DataType":0,"DataTypeName":"Число","UnitTypeID":100051,"UnitType":{"OrderBy":52,"MasterDataID":null,"CDD_ID":null,"NameRU":"ммоль/л","NameKZ":"ммоль/л","Name":"ммоль/л","PublicCode":"10005100","EndDate":null,"ID":"100051","StrID":"100051"},"MedicalFormID":null,"MasterDataID":0,"MedicalForm":null,"NameWithDataType":"мочевина в сыворотке крови  (Число)","NameRU":"мочевина в сыворотке крови","NameKZ":"қан сарысуындағы несепнәр","Name":"мочевина в сыворотке крови","PublicCode":"20085200","EndDate":null,"ID":"200852","StrID":"200852"},"ParameterValues":null,"ParameterValueID":null,"ParameterValue":null,"ResultText":null,"ResultValue":null,"ResultDate":"2026-09-03T10:48:30.4826425+05:00","PostID":"0","Post":null,"ExecuteMethod":2,"SourceResultText":null,"SourceResultValue":null,"SourceResultExpression":null,"SourceUnitTypeID":100051,"SourceUnitType":{"OrderBy":52,"MasterDataID":null,"CDD_ID":null,"NameRU":"ммоль/л","NameKZ":"ммоль/л","Name":"ммоль/л","PublicCode":"10005100","EndDate":null,"ID":"100051","StrID":"100051"},"MultiplierID":null,"IsApproved":false,"IsValidated":false,"StandardMatchType":0,"ApproveDate":null,"ApprovePostID":null,"ApprovePost":null,"OrderNum":1,"WorkPlaceID":20747,"OrderID":null,"BacteriologyResult":null,"AnalyzerId":null,"IsOrderProductionControl":false,"ID":"0","StrID":"0"},{"OrderResearchID":67171709,"OrderResearch":null,"ParameterID":200744,"Parameter":{"ShortNameRU":"креатинин в крови","ShortNameKZ":"қандағы креатинин","ShortName":"креатинин в крови","DataType":0,"DataTypeName":"Число","UnitTypeID":100041,"UnitType":{"OrderBy":42,"MasterDataID":null,"CDD_ID":null,"NameRU":"мкмоль/л","NameKZ":"мкмоль/л","Name":"мкмоль/л","PublicCode":"10004100","EndDate":null,"ID":"100041","StrID":"100041"},"MedicalFormID":null,"MasterDataID":0,"MedicalForm":null,"NameWithDataType":"креатинин в крови  (Число)","NameRU":"креатинин в крови","NameKZ":"қандағы креатинин","Name":"креатинин в крови","PublicCode":"20074400","EndDate":null,"ID":"200744","StrID":"200744"},"ParameterValues":null,"ParameterValueID":null,"ParameterValue":null,"ResultText":null,"ResultValue":null,"ResultDate":"2026-09-03T10:48:30.4866668+05:00","PostID":"0","Post":null,"ExecuteMethod":2,"SourceResultText":null,"SourceResultValue":null,"SourceResultExpression":null,"SourceUnitTypeID":100041,"SourceUnitType":{"OrderBy":42,"MasterDataID":null,"CDD_ID":null,"NameRU":"мкмоль/л","NameKZ":"мкмоль/л","Name":"мкмоль/л","PublicCode":"10004100","EndDate":null,"ID":"100041","StrID":"100041"},"MultiplierID":null,"IsApproved":false,"IsValidated":false,"StandardMatchType":0,"ApproveDate":null,"ApprovePostID":null,"ApprovePost":null,"OrderNum":1,"WorkPlaceID":20747,"OrderID":null,"BacteriologyResult":null,"AnalyzerId":null,"IsOrderProductionControl":false,"ID":"0","StrID":"0"},{"OrderResearchID":67171710,"OrderResearch":null,"ParameterID":201150,"Parameter":{"ShortNameRU":"СРБ","ShortNameKZ":"СРА","ShortName":"СРБ","DataType":0,"DataTypeName":"Число","UnitTypeID":100026,"UnitType":{"OrderBy":27,"MasterDataID":null,"CDD_ID":null,"NameRU":"мг/л","NameKZ":"мг/л","Name":"мг/л","PublicCode":"10002600","EndDate":null,"ID":"100026","StrID":"100026"},"MedicalFormID":null,"MasterDataID":0,"MedicalForm":null,"NameWithDataType":"СРБ  (Число)","NameRU":"СРБ","NameKZ":"СРА","Name":"СРБ","PublicCode":"20115000","EndDate":null,"ID":"201150","StrID":"201150"},"ParameterValues":null,"ParameterValueID":null,"ParameterValue":null,"ResultText":null,"ResultValue":null,"ResultDate":"2026-09-03T10:48:30.4866668+05:00","PostID":"0","Post":null,"ExecuteMethod":2,"SourceResultText":null,"SourceResultValue":null,"SourceResultExpression":null,"SourceUnitTypeID":100026,"SourceUnitType":{"OrderBy":27,"MasterDataID":null,"CDD_ID":null,"NameRU":"мг/л","NameKZ":"мг/л","Name":"мг/л","PublicCode":"10002600","EndDate":null,"ID":"100026","StrID":"100026"},"MultiplierID":null,"IsApproved":false,"IsValidated":false,"StandardMatchType":0,"ApproveDate":null,"ApprovePostID":null,"ApprovePost":null,"OrderNum":1,"WorkPlaceID":20747,"OrderID":null,"BacteriologyResult":null,"AnalyzerId":null,"IsOrderProductionControl":false,"ID":"0","StrID":"0"}]
03.09.2026 10:48:30	Information:	TestsWW spec 200918, spec 201354, spec 200357, spec 200919, spec 200408, spec 201306, spec 200524, spec 200905, spec 200592, spec 201234, spec 201268, spec 200549, spec 200852, spec 200744, spec 201150, 
03.09.2026 10:48:30	Information:	Querry lines count: 1
03.09.2026 10:48:30	Debug:	SendResults:	fix DriverRequests=	512	ms
03.09.2026 10:48:30	Information:	SAMPLE! 51566756 DeviceDriverResult Sample: 51566756 Suggest: . Do Request True
03.09.2026 10:48:30	Information:	Sample request count: 1
03.09.2026 10:48:30	Information:	MU is mmol/L
03.09.2026 10:48:30	Information:	Driver Collations count 0
03.09.2026 10:48:30	Information:	MU collations count=0
03.09.2026 10:48:30	Information:	MU is ?mol/L
03.09.2026 10:48:30	Information:	Driver Collations count 0
03.09.2026 10:48:30	Information:	MU collations count=0
03.09.2026 10:48:30	Information:	MU is U/L
03.09.2026 10:48:30	Information:	Driver Collations count 0
03.09.2026 10:48:30	Information:	MU collations count=0
03.09.2026 10:48:30	Information:	MU is U/L
03.09.2026 10:48:30	Information:	Driver Collations count 0
03.09.2026 10:48:30	Information:	MU collations count=0
03.09.2026 10:48:30	Information:	MU is U/L
03.09.2026 10:48:30	Information:	Driver Collations count 0
03.09.2026 10:48:30	Information:	MU collations count=0
03.09.2026 10:48:30	Information:	MU is g/L
03.09.2026 10:48:30	Information:	Driver Collations count 0
03.09.2026 10:48:30	Information:	MU collations count=0
03.09.2026 10:48:30	Information:	MU is U/L
03.09.2026 10:48:30	Information:	Driver Collations count 0
03.09.2026 10:48:30	Information:	MU collations count=0
03.09.2026 10:48:30	Information:	MU is mmol/L
03.09.2026 10:48:30	Information:	Driver Collations count 0
03.09.2026 10:48:30	Information:	MU collations count=0
03.09.2026 10:48:30	Information:	MU is ?mol/L
03.09.2026 10:48:30	Information:	Driver Collations count 0
03.09.2026 10:48:30	Information:	MU collations count=0
03.09.2026 10:48:30	Information:	MU is mmol/L
03.09.2026 10:48:30	Information:	Driver Collations count 0
03.09.2026 10:48:30	Information:	MU collations count=0
03.09.2026 10:48:30	Debug:	SendResults:	SetTestsValues first SetTestsValues=	98	ms
03.09.2026 10:48:30	Debug:	SendResults:	Device Total = 612 ms
03.09.2026 10:48:30	Information:	Saving 51566756
03.09.2026 10:48:30	Information:	Start test result saving
03.09.2026 10:48:30	Information:	Result object to save: 
03.09.2026 10:48:30	Information:	{"OrderResearchID":67171696,"OrderResearch":null,"ParameterID":200918,"Parameter":{"ShortNameRU":"общий белок в сыворотке крови","ShortNameKZ":"қан сарысуындағы жалпы ақуыз","ShortName":"общий белок в сыворотке крови","DataType":0,"DataTypeName":"Число","UnitTypeID":100012,"UnitType":{"NameRU":"г/л","NameKZ":"г/л","Name":"г/л","PublicCode":"10001200","OrderBy":13,"ID":100012,"StrID":"100012"},"MedicalFormID":null,"MedicalForm":null,"NameRU":"общий белок в сыворотке крови","NameKZ":"қан сарысуындағы жалпы ақуыз","Name":"общий белок в сыворотке крови","PublicCode":"20091800","OrderBy":null,"ID":200918,"StrID":"200918"},"ParameterValueID":null,"ParameterValue":null,"ResultText":"69.36","ResultValue":null,"ResultDate":"2026-09-03T10:48:30.4401529+05:00","PostID":0,"Post":null,"ExecuteMethod":2,"SourceResultText":"69.36","SourceResultValue":null,"SourceResultExpression":null,"SourceUnitTypeID":100012,"SourceUnitType":{"NameRU":"г/л","NameKZ":"г/л","Name":"г/л","PublicCode":"10001200","OrderBy":13,"ID":100012,"StrID":"100012"},"IsApproved":false,"ApproveDate":null,"ApprovePostID":null,"ApprovePost":null,"OrderNum":1,"WorkPlaceID":20747,"DriverManagerID":150,"BacteriologyResult":null,"AnalyzerId":38,"IsOrderProductionControl":false,"ID":0,"StrID":"0"}
03.09.2026 10:48:30	Information:	Save string: 
03.09.2026 10:48:30	Information:	{"OrderResearchID":67171696,"OrderResearch":{"OrderID":31168644,"ServiceMoID":2163201,"ServiceMoMasterDataID":8269447,"ServiceMo":{"OrgHealthCareID":"45500000000000909","ServiceID":236,"NameRU":"Определение общего белка в сыворотке крови на анализаторе","NameKZ":"Қан сарысуындағы жалпы нәруызды талдауышта анықтау ","Name":"Определение общего белка в сыворотке крови на анализаторе","ShortNameRU":"Определение общего белка в сыворотке крови на анализаторе","ShortNameKZ":"Қан сарысуындағы жалпы нәруызды талдауышта анықтау ","ShortName":"Определение общего белка в сыворотке крови на анализаторе","FullName":"B03.397.002 - Определение общего белка в сыворотке крови на анализаторе","Code":"B03.397.002","ExternalCode":null,"ServiceClassID":5,"ServiceClass":{"ServiceTypeID":2,"OrderBy":5,"MasterDataID":5,"NameRU":"Клиническая химия (биохимия)","NameKZ":"Клиникалық химия (биохимия)","Name":"Клиническая химия (биохимия)","PublicCode":"500","EndDate":null,"ID":"5","StrID":"5"},"Service":{"NameRU":"Определение общего белка в сыворотке крови на анализаторе","NameKZ":"Қан сарысуындағы жалпы нәруызды талдауышта анықтау","Name":"Определение общего белка в сыворотке крови на анализаторе","ShortNameRU":"Общий белок на анализаторе","ShortNameKZ":"Общий белок на анализаторе","ShortName":"Общий белок на анализаторе","FullName":"B03.397.002 - Определение общего белка в сыворотке крови на анализаторе","Code":"B03.397.002","ServiceClassID":5,"ServiceClass":null,"ServiceSubClassID":6,"ServiceSubClass":null,"MaterialTypeID":202,"MaterialType":null,"MasterDataID":3079,"ID":"236","StrID":"236"},"MasterDataID":8269447,"ServiceSubClassID":6,"PayType":1,"ServiceSubClass":null,"ID":"2163201","StrID":"2163201"},"FullName":"B03.397.002 - Определение общего белка в сыворотке крови на анализаторе  () ","IsMain":true,"SourceID":"145129972_34018714","WorkPlaceID":20747,"WorkPlace":null,"DriverManager":null,"ParameterID":null,"Parameter":null,"AdditionalInfo":null,"Status":1,"PerformetServiceCount":7,"ResearchResultCount":0,"ApproveResearchResultCount":0,"NotSaveResearchResultCount":0,"ParentID":null,"ScreeningCandidatePlanGuid":null,"ScreeningUrl":null,"TakePlace":null,"MaterialTypeID":null,"MaterialType":null,"PartCount":0,"IsOrderProductionControl":false,"Uid":"fb645e32-4580-459a-9987-c9683c68eb32","OrderPerformerServices":[],"OrderResearchAllergens":[],"Results":[],"IsResumed":false,"ExecutionType":0,"ID":"67171696","StrID":"67171696"},"ParameterID":200918,"Parameter":{"ShortNameRU":"общий белок в сыворотке крови","ShortNameKZ":"қан сарысуындағы жалпы ақуыз","ShortName":"общий белок в сыворотке крови","DataType":0,"DataTypeName":"Число","UnitTypeID":100012,"UnitType":null,"MedicalFormID":null,"MasterDataID":0,"MedicalForm":null,"NameWithDataType":"общий белок в сыворотке крови  (Число)","NameRU":"общий белок в сыворотке крови","NameKZ":"қан сарысуындағы жалпы ақуыз","Name":"общий белок в сыворотке крови","PublicCode":"20091800","EndDate":null,"ID":"200918","StrID":"200918"},"ParameterValues":null,"ParameterValueID":null,"ParameterValue":null,"ResultText":"69.36","ResultValue":"69.36","ResultDate":"2026-09-03T10:48:30.8228072+05:00","PostID":"189416","Post":null,"ExecuteMethod":2,"SourceResultText":"69.36","SourceResultValue":"69.36","SourceResultExpression":null,"SourceUnitTypeID":100012,"SourceUnitType":{"OrderBy":13,"MasterDataID":null,"CDD_ID":null,"NameRU":"г/л","NameKZ":"г/л","Name":"г/л","PublicCode":"10001200","EndDate":null,"ID":"100012","StrID":"100012"},"MultiplierID":null,"IsApproved":false,"IsValidated":false,"StandardMatchType":0,"ApproveDate":null,"ApprovePostID":null,"ApprovePost":null,"OrderNum":1,"WorkPlaceID":20747,"OrderID":null,"BacteriologyResult":null,"AnalyzerId":38,"IsOrderProductionControl":false,"ID":"207480564","StrID":"207480564"}
03.09.2026 10:48:30	Information:	No result for test 201354 for sample with barcode 51566756 for device 20747
03.09.2026 10:48:30	Information:	Result object to save: 
03.09.2026 10:48:30	Information:	{"OrderResearchID":67171698,"OrderResearch":null,"ParameterID":200357,"Parameter":{"ShortNameRU":"АЛаТ","ShortNameKZ":"АЛаТ","ShortName":"АЛаТ","DataType":0,"DataTypeName":"Число","UnitTypeID":100030,"UnitType":{"NameRU":"МЕ/л","NameKZ":"ХБ/л","Name":"МЕ/л","PublicCode":"10003000","OrderBy":31,"ID":100030,"StrID":"100030"},"MedicalFormID":null,"MedicalForm":null,"NameRU":"АЛаТ","NameKZ":"АЛаТ","Name":"АЛаТ","PublicCode":"20035700","OrderBy":null,"ID":200357,"StrID":"200357"},"ParameterValueID":null,"ParameterValue":null,"ResultText":"8.55","ResultValue":null,"ResultDate":"2026-09-03T10:48:30.4511839+05:00","PostID":0,"Post":null,"ExecuteMethod":2,"SourceResultText":"8.55","SourceResultValue":null,"SourceResultExpression":null,"SourceUnitTypeID":100030,"SourceUnitType":{"NameRU":"МЕ/л","NameKZ":"ХБ/л","Name":"МЕ/л","PublicCode":"10003000","OrderBy":31,"ID":100030,"StrID":"100030"},"IsApproved":false,"ApproveDate":null,"ApprovePostID":null,"ApprovePost":null,"OrderNum":1,"WorkPlaceID":20747,"DriverManagerID":150,"BacteriologyResult":null,"AnalyzerId":38,"IsOrderProductionControl":false,"ID":0,"StrID":"0"}
03.09.2026 10:48:30	Information:	Save string: 
03.09.2026 10:48:30	Information:	{"OrderResearchID":67171698,"OrderResearch":{"OrderID":31168644,"ServiceMoID":2163576,"ServiceMoMasterDataID":8269462,"ServiceMo":{"OrgHealthCareID":"45500000000000909","ServiceID":253,"NameRU":"Определение аланинаминотрансферазы (АЛаТ) в сыворотке крови на анализаторе","NameKZ":"Қан сарысуындағы аланинаминотрансферазды (АЛаТ) талдауышта анықтау ","Name":"Определение аланинаминотрансферазы (АЛаТ) в сыворотке крови на анализаторе","ShortNameRU":"Определение аланинаминотрансферазы (АЛаТ) в сыворотке крови на анализаторе","ShortNameKZ":"Қан сарысуындағы аланинаминотрансферазды (АЛаТ) талдауышта анықтау ","ShortName":"Определение аланинаминотрансферазы (АЛаТ) в сыворотке крови на анализаторе","FullName":"B03.155.002 - Определение аланинаминотрансферазы (АЛаТ) в сыворотке крови на анализаторе","Code":"B03.155.002","ExternalCode":null,"ServiceClassID":5,"ServiceClass":{"ServiceTypeID":2,"OrderBy":5,"MasterDataID":5,"NameRU":"Клиническая химия (биохимия)","NameKZ":"Клиникалық химия (биохимия)","Name":"Клиническая химия (биохимия)","PublicCode":"500","EndDate":null,"ID":"5","StrID":"5"},"Service":{"NameRU":"Определение аланинаминотрансферазы (АЛаТ) в сыворотке крови на анализаторе","NameKZ":"Қан сарысуындағы аланинаминотрансферазды (АЛаТ) талдауышта анықтау","Name":"Определение аланинаминотрансферазы (АЛаТ) в сыворотке крови на анализаторе","ShortNameRU":"АЛаТ на анализаторе","ShortNameKZ":"АЛаТ на анализаторе","ShortName":"АЛаТ на анализаторе","FullName":"B03.155.002 - Определение аланинаминотрансферазы (АЛаТ) в сыворотке крови на анализаторе","Code":"B03.155.002","ServiceClassID":5,"ServiceClass":null,"ServiceSubClassID":6,"ServiceSubClass":null,"MaterialTypeID":202,"MaterialType":null,"MasterDataID":3094,"ID":"253","StrID":"253"},"MasterDataID":8269462,"ServiceSubClassID":6,"PayType":1,"ServiceSubClass":null,"ID":"2163576","StrID":"2163576"},"FullName":"B03.155.002 - Определение аланинаминотрансферазы (АЛаТ) в сыворотке крови на анализаторе  () ","IsMain":true,"SourceID":"145129972_34018716","WorkPlaceID":20747,"WorkPlace":null,"DriverManager":null,"ParameterID":null,"Parameter":null,"AdditionalInfo":null,"Status":1,"PerformetServiceCount":9,"ResearchResultCount":0,"ApproveResearchResultCount":0,"NotSaveResearchResultCount":0,"ParentID":null,"ScreeningCandidatePlanGuid":null,"ScreeningUrl":null,"TakePlace":null,"MaterialTypeID":null,"MaterialType":null,"PartCount":0,"IsOrderProductionControl":false,"Uid":"cc832dcf-a63b-4639-9a4e-0a9f036672f1","OrderPerformerServices":[],"OrderResearchAllergens":[],"Results":[],"IsResumed":false,"ExecutionType":0,"ID":"67171698","StrID":"67171698"},"ParameterID":200357,"Parameter":{"ShortNameRU":"АЛаТ","ShortNameKZ":"АЛаТ","ShortName":"АЛаТ","DataType":0,"DataTypeName":"Число","UnitTypeID":100030,"UnitType":null,"MedicalFormID":null,"MasterDataID":0,"MedicalForm":null,"NameWithDataType":"АЛаТ  (Число)","NameRU":"АЛаТ","NameKZ":"АЛаТ","Name":"АЛаТ","PublicCode":"20035700","EndDate":null,"ID":"200357","StrID":"200357"},"ParameterValues":null,"ParameterValueID":null,"ParameterValue":null,"ResultText":"8.55","ResultValue":"8.55","ResultDate":"2026-09-03T10:48:30.8933845+05:00","PostID":"189416","Post":null,"ExecuteMethod":2,"SourceResultText":"8.55","SourceResultValue":"8.55","SourceResultExpression":null,"SourceUnitTypeID":100030,"SourceUnitType":{"OrderBy":31,"MasterDataID":null,"CDD_ID":null,"NameRU":"МЕ/л","NameKZ":"ХБ/л","Name":"МЕ/л","PublicCode":"10003000","EndDate":null,"ID":"100030","StrID":"100030"},"MultiplierID":null,"IsApproved":false,"IsValidated":false,"StandardMatchType":0,"ApproveDate":null,"ApprovePostID":null,"ApprovePost":null,"OrderNum":1,"WorkPlaceID":20747,"OrderID":null,"BacteriologyResult":null,"AnalyzerId":38,"IsOrderProductionControl":false,"ID":"207480565","StrID":"207480565"}
03.09.2026 10:48:30	Information:	Result object to save: 
03.09.2026 10:48:30	Information:	{"OrderResearchID":67171699,"OrderResearch":null,"ParameterID":200919,"Parameter":{"ShortNameRU":"общий билирубин в сыворотке крови","ShortNameKZ":"қан сарысуындағы жалпы билирубин","ShortName":"общий билирубин в сыворотке крови","DataType":0,"DataTypeName":"Число","UnitTypeID":100041,"UnitType":{"NameRU":"мкмоль/л","NameKZ":"мкмоль/л","Name":"мкмоль/л","PublicCode":"10004100","OrderBy":42,"ID":100041,"StrID":"100041"},"MedicalFormID":null,"MedicalForm":null,"NameRU":"общий билирубин в сыворотке крови","NameKZ":"қан сарысуындағы жалпы билирубин","Name":"общий билирубин в сыворотке крови","PublicCode":"20091900","OrderBy":null,"ID":200919,"StrID":"200919"},"ParameterValueID":null,"ParameterValue":null,"ResultText":"8.44","ResultValue":null,"ResultDate":"2026-09-03T10:48:30.4511839+05:00","PostID":0,"Post":null,"ExecuteMethod":2,"SourceResultText":"8.44","SourceResultValue":null,"SourceResultExpression":null,"SourceUnitTypeID":100041,"SourceUnitType":{"NameRU":"мкмоль/л","NameKZ":"мкмоль/л","Name":"мкмоль/л","PublicCode":"10004100","OrderBy":42,"ID":100041,"StrID":"100041"},"IsApproved":false,"ApproveDate":null,"ApprovePostID":null,"ApprovePost":null,"OrderNum":1,"WorkPlaceID":20747,"DriverManagerID":150,"BacteriologyResult":null,"AnalyzerId":38,"IsOrderProductionControl":false,"ID":0,"StrID":"0"}
03.09.2026 10:48:30	Information:	Save string: 
03.09.2026 10:48:30	Information:	{"OrderResearchID":67171699,"OrderResearch":{"OrderID":31168644,"ServiceMoID":2163626,"ServiceMoMasterDataID":8269464,"ServiceMo":{"OrgHealthCareID":"45500000000000909","ServiceID":255,"NameRU":"Определение общего билирубина в сыворотке крови на анализаторе","NameKZ":"Қан сарысуындағы жалпы  билирубинді талдауышта анықтау в сыворотке крови на анализаторе","Name":"Определение общего билирубина в сыворотке крови на анализаторе","ShortNameRU":"Определение общего билирубина в сыворотке крови на анализаторе","ShortNameKZ":"Қан сарысуындағы жалпы  билирубинді талдауышта анықтау в сыворотке крови на анализаторе","ShortName":"Определение общего билирубина в сыворотке крови на анализаторе","FullName":"B03.398.002 - Определение общего билирубина в сыворотке крови на анализаторе","Code":"B03.398.002","ExternalCode":null,"ServiceClassID":5,"ServiceClass":{"ServiceTypeID":2,"OrderBy":5,"MasterDataID":5,"NameRU":"Клиническая химия (биохимия)","NameKZ":"Клиникалық химия (биохимия)","Name":"Клиническая химия (биохимия)","PublicCode":"500","EndDate":null,"ID":"5","StrID":"5"},"Service":{"NameRU":"Определение общего билирубина в сыворотке крови на анализаторе","NameKZ":"Қан сарысуындағы жалпы билирубинді талдауышта анықтау в сыворотке крови на анализаторе","Name":"Определение общего билирубина в сыворотке крови на анализаторе","ShortNameRU":"Общий Bi на анализаторе","ShortNameKZ":"Общий Bi на анализаторе","ShortName":"Общий Bi на анализаторе","FullName":"B03.398.002 - Определение общего билирубина в сыворотке крови на анализаторе","Code":"B03.398.002","ServiceClassID":5,"ServiceClass":null,"ServiceSubClassID":6,"ServiceSubClass":null,"MaterialTypeID":202,"MaterialType":null,"MasterDataID":3096,"ID":"255","StrID":"255"},"MasterDataID":8269464,"ServiceSubClassID":6,"PayType":1,"ServiceSubClass":null,"ID":"2163626","StrID":"2163626"},"FullName":"B03.398.002 - Определение общего билирубина в сыворотке крови на анализаторе  () ","IsMain":true,"SourceID":"145129972_34018718","WorkPlaceID":20747,"WorkPlace":null,"DriverManager":null,"ParameterID":null,"Parameter":null,"AdditionalInfo":null,"Status":1,"PerformetServiceCount":7,"ResearchResultCount":0,"ApproveResearchResultCount":0,"NotSaveResearchResultCount":0,"ParentID":null,"ScreeningCandidatePlanGuid":null,"ScreeningUrl":null,"TakePlace":null,"MaterialTypeID":null,"MaterialType":null,"PartCount":0,"IsOrderProductionControl":false,"Uid":"1ea64599-e552-47f6-b103-192dc182e65b","OrderPerformerServices":[],"OrderResearchAllergens":[],"Results":[],"IsResumed":false,"ExecutionType":0,"ID":"67171699","StrID":"67171699"},"ParameterID":200919,"Parameter":{"ShortNameRU":"общий билирубин в сыворотке крови","ShortNameKZ":"қан сарысуындағы жалпы билирубин","ShortName":"общий билирубин в сыворотке крови","DataType":0,"DataTypeName":"Число","UnitTypeID":100041,"UnitType":null,"MedicalFormID":null,"MasterDataID":0,"MedicalForm":null,"NameWithDataType":"общий билирубин в сыворотке крови  (Число)","NameRU":"общий билирубин в сыворотке крови","NameKZ":"қан сарысуындағы жалпы билирубин","Name":"общий билирубин в сыворотке крови","PublicCode":"20091900","EndDate":null,"ID":"200919","StrID":"200919"},"ParameterValues":null,"ParameterValueID":null,"ParameterValue":null,"ResultText":"8.44","ResultValue":"8.44","ResultDate":"2026-09-03T10:48:30.9574192+05:00","PostID":"189416","Post":null,"ExecuteMethod":2,"SourceResultText":"8.44","SourceResultValue":"8.44","SourceResultExpression":null,"SourceUnitTypeID":100041,"SourceUnitType":{"OrderBy":42,"MasterDataID":null,"CDD_ID":null,"NameRU":"мкмоль/л","NameKZ":"мкмоль/л","Name":"мкмоль/л","PublicCode":"10004100","EndDate":null,"ID":"100041","StrID":"100041"},"MultiplierID":null,"IsApproved":false,"IsValidated":false,"StandardMatchType":0,"ApproveDate":null,"ApprovePostID":null,"ApprovePost":null,"OrderNum":1,"WorkPlaceID":20747,"OrderID":null,"BacteriologyResult":null,"AnalyzerId":38,"IsOrderProductionControl":false,"ID":"207480566","StrID":"207480566"}
03.09.2026 10:48:30	Information:	Result object to save: 
03.09.2026 10:48:30	Information:	{"OrderResearchID":67171701,"OrderResearch":null,"ParameterID":200408,"Parameter":{"ShortNameRU":"АСаТ","ShortNameKZ":"АСаТ","ShortName":"АСаТ","DataType":0,"DataTypeName":"Число","UnitTypeID":100030,"UnitType":{"NameRU":"МЕ/л","NameKZ":"ХБ/л","Name":"МЕ/л","PublicCode":"10003000","OrderBy":31,"ID":100030,"StrID":"100030"},"MedicalFormID":null,"MedicalForm":null,"NameRU":"АСаТ","NameKZ":"АСаТ","Name":"АСаТ","PublicCode":"20040800","OrderBy":null,"ID":200408,"StrID":"200408"},"ParameterValueID":null,"ParameterValue":null,"ResultText":"20.18","ResultValue":null,"ResultDate":"2026-09-03T10:48:30.4559681+05:00","PostID":0,"Post":null,"ExecuteMethod":2,"SourceResultText":"20.18","SourceResultValue":null,"SourceResultExpression":null,"SourceUnitTypeID":100030,"SourceUnitType":{"NameRU":"МЕ/л","NameKZ":"ХБ/л","Name":"МЕ/л","PublicCode":"10003000","OrderBy":31,"ID":100030,"StrID":"100030"},"IsApproved":false,"ApproveDate":null,"ApprovePostID":null,"ApprovePost":null,"OrderNum":1,"WorkPlaceID":20747,"DriverManagerID":150,"BacteriologyResult":null,"AnalyzerId":38,"IsOrderProductionControl":false,"ID":0,"StrID":"0"}
03.09.2026 10:48:30	Information:	Save string: 
03.09.2026 10:48:30	Information:	{"OrderResearchID":67171701,"OrderResearch":{"OrderID":31168644,"ServiceMoID":2163651,"ServiceMoMasterDataID":8269465,"ServiceMo":{"OrgHealthCareID":"45500000000000909","ServiceID":256,"NameRU":"Определение аспартатаминотрансферазы (АСаТ) в сыворотке крови на анализаторе","NameKZ":"Қан сарысуындағы  аспартатаминотрансферазды  (АСаТ) талдауышта анықтау  ","Name":"Определение аспартатаминотрансферазы (АСаТ) в сыворотке крови на анализаторе","ShortNameRU":"Определение аспартатаминотрансферазы (АСаТ) в сыворотке крови на анализаторе","ShortNameKZ":"Қан сарысуындағы  аспартатаминотрансферазды  (АСаТ) талдауышта анықтау  ","ShortName":"Определение аспартатаминотрансферазы (АСаТ) в сыворотке крови на анализаторе","FullName":"B03.293.002 - Определение аспартатаминотрансферазы (АСаТ) в сыворотке крови на анализаторе","Code":"B03.293.002","ExternalCode":null,"ServiceClassID":5,"ServiceClass":{"ServiceTypeID":2,"OrderBy":5,"MasterDataID":5,"NameRU":"Клиническая химия (биохимия)","NameKZ":"Клиникалық химия (биохимия)","Name":"Клиническая химия (биохимия)","PublicCode":"500","EndDate":null,"ID":"5","StrID":"5"},"Service":{"NameRU":"Определение аспартатаминотрансферазы (АСаТ) в сыворотке крови на анализаторе","NameKZ":"Қан сарысуындағы аспартатаминотрансферазды (АСаТ) талдауышта анықтау","Name":"Определение аспартатаминотрансферазы (АСаТ) в сыворотке крови на анализаторе","ShortNameRU":"АСаТ на анализаторе","ShortNameKZ":"АСаТ на анализаторе","ShortName":"АСаТ на анализаторе","FullName":"B03.293.002 - Определение аспартатаминотрансферазы (АСаТ) в сыворотке крови на анализаторе","Code":"B03.293.002","ServiceClassID":5,"ServiceClass":null,"ServiceSubClassID":6,"ServiceSubClass":null,"MaterialTypeID":202,"MaterialType":null,"MasterDataID":3097,"ID":"256","StrID":"256"},"MasterDataID":8269465,"ServiceSubClassID":6,"PayType":1,"ServiceSubClass":null,"ID":"2163651","StrID":"2163651"},"FullName":"B03.293.002 - Определение аспартатаминотрансферазы (АСаТ) в сыворотке крови на анализаторе  () ","IsMain":true,"SourceID":"145129972_34018717","WorkPlaceID":20747,"WorkPlace":null,"DriverManager":null,"ParameterID":null,"Parameter":null,"AdditionalInfo":null,"Status":1,"PerformetServiceCount":7,"ResearchResultCount":0,"ApproveResearchResultCount":0,"NotSaveResearchResultCount":0,"ParentID":null,"ScreeningCandidatePlanGuid":null,"ScreeningUrl":null,"TakePlace":null,"MaterialTypeID":null,"MaterialType":null,"PartCount":0,"IsOrderProductionControl":false,"Uid":"74ad9935-eda7-4584-9589-b234f1d31ad8","OrderPerformerServices":[],"OrderResearchAllergens":[],"Results":[],"IsResumed":false,"ExecutionType":0,"ID":"67171701","StrID":"67171701"},"ParameterID":200408,"Parameter":{"ShortNameRU":"АСаТ","ShortNameKZ":"АСаТ","ShortName":"АСаТ","DataType":0,"DataTypeName":"Число","UnitTypeID":100030,"UnitType":null,"MedicalFormID":null,"MasterDataID":0,"MedicalForm":null,"NameWithDataType":"АСаТ  (Число)","NameRU":"АСаТ","NameKZ":"АСаТ","Name":"АСаТ","PublicCode":"20040800","EndDate":null,"ID":"200408","StrID":"200408"},"ParameterValues":null,"ParameterValueID":null,"ParameterValue":null,"ResultText":"20.18","ResultValue":"20.18","ResultDate":"2026-09-03T10:48:31.025801+05:00","PostID":"189416","Post":null,"ExecuteMethod":2,"SourceResultText":"20.18","SourceResultValue":"20.18","SourceResultExpression":null,"SourceUnitTypeID":100030,"SourceUnitType":{"OrderBy":31,"MasterDataID":null,"CDD_ID":null,"NameRU":"МЕ/л","NameKZ":"ХБ/л","Name":"МЕ/л","PublicCode":"10003000","EndDate":null,"ID":"100030","StrID":"100030"},"MultiplierID":null,"IsApproved":false,"IsValidated":false,"StandardMatchType":0,"ApproveDate":null,"ApprovePostID":null,"ApprovePost":null,"OrderNum":1,"WorkPlaceID":20747,"OrderID":null,"BacteriologyResult":null,"AnalyzerId":38,"IsOrderProductionControl":false,"ID":"207480567","StrID":"207480567"}
03.09.2026 10:48:30	Information:	Result object to save: 
03.09.2026 10:48:30	Information:	{"OrderResearchID":67171702,"OrderResearch":null,"ParameterID":201306,"Parameter":{"ShortNameRU":"ЩФ","ShortNameKZ":"СФ","ShortName":"ЩФ","DataType":0,"DataTypeName":"Число","UnitTypeID":100030,"UnitType":{"NameRU":"МЕ/л","NameKZ":"ХБ/л","Name":"МЕ/л","PublicCode":"10003000","OrderBy":31,"ID":100030,"StrID":"100030"},"MedicalFormID":null,"MedicalForm":null,"NameRU":"ЩФ","NameKZ":"СФ","Name":"ЩФ","PublicCode":"20130600","OrderBy":null,"ID":201306,"StrID":"201306"},"ParameterValueID":null,"ParameterValue":null,"ResultText":"67.49","ResultValue":null,"ResultDate":"2026-09-03T10:48:30.4559681+05:00","PostID":0,"Post":null,"ExecuteMethod":2,"SourceResultText":"67.49","SourceResultValue":null,"SourceResultExpression":null,"SourceUnitTypeID":100030,"SourceUnitType":{"NameRU":"МЕ/л","NameKZ":"ХБ/л","Name":"МЕ/л","PublicCode":"10003000","OrderBy":31,"ID":100030,"StrID":"100030"},"IsApproved":false,"ApproveDate":null,"ApprovePostID":null,"ApprovePost":null,"OrderNum":1,"WorkPlaceID":20747,"DriverManagerID":150,"BacteriologyResult":null,"AnalyzerId":38,"IsOrderProductionControl":false,"ID":0,"StrID":"0"}
03.09.2026 10:48:30	Information:	Save string: 
03.09.2026 10:48:30	Information:	{"OrderResearchID":67171702,"OrderResearch":{"OrderID":31168644,"ServiceMoID":2163676,"ServiceMoMasterDataID":8269466,"ServiceMo":{"OrgHealthCareID":"45500000000000909","ServiceID":257,"NameRU":"Определение щелочной фосфатазы в сыворотке крови на анализаторе","NameKZ":"Қан сарысуындағы сілтілік фосфатазаны талдауышта анықтау ","Name":"Определение щелочной фосфатазы в сыворотке крови на анализаторе","ShortNameRU":"Определение щелочной фосфатазы в сыворотке крови на анализаторе","ShortNameKZ":"Қан сарысуындағы сілтілік фосфатазаны талдауышта анықтау ","ShortName":"Определение щелочной фосфатазы в сыворотке крови на анализаторе","FullName":"B03.526.002 - Определение щелочной фосфатазы в сыворотке крови на анализаторе","Code":"B03.526.002","ExternalCode":null,"ServiceClassID":5,"ServiceClass":{"ServiceTypeID":2,"OrderBy":5,"MasterDataID":5,"NameRU":"Клиническая химия (биохимия)","NameKZ":"Клиникалық химия (биохимия)","Name":"Клиническая химия (биохимия)","PublicCode":"500","EndDate":null,"ID":"5","StrID":"5"},"Service":{"NameRU":"Определение щелочной фосфатазы в сыворотке крови на анализаторе","NameKZ":"Қан сарысуындағы сілтілік фосфатазаны талдауышта анықтау","Name":"Определение щелочной фосфатазы в сыворотке крови на анализаторе","ShortNameRU":"ЩФ на анализаторе","ShortNameKZ":"ЩФ на анализаторе","ShortName":"ЩФ на анализаторе","FullName":"B03.526.002 - Определение щелочной фосфатазы в сыворотке крови на анализаторе","Code":"B03.526.002","ServiceClassID":5,"ServiceClass":null,"ServiceSubClassID":6,"ServiceSubClass":null,"MaterialTypeID":202,"MaterialType":null,"MasterDataID":3098,"ID":"257","StrID":"257"},"MasterDataID":8269466,"ServiceSubClassID":6,"PayType":1,"ServiceSubClass":null,"ID":"2163676","StrID":"2163676"},"FullName":"B03.526.002 - Определение щелочной фосфатазы в сыворотке крови на анализаторе  () ","IsMain":true,"SourceID":"145129972_34018722","WorkPlaceID":20747,"WorkPlace":null,"DriverManager":null,"ParameterID":null,"Parameter":null,"AdditionalInfo":null,"Status":1,"PerformetServiceCount":0,"ResearchResultCount":0,"ApproveResearchResultCount":0,"NotSaveResearchResultCount":0,"ParentID":null,"ScreeningCandidatePlanGuid":null,"ScreeningUrl":null,"TakePlace":null,"MaterialTypeID":null,"MaterialType":null,"PartCount":0,"IsOrderProductionControl":false,"Uid":"30551c1a-7943-4434-a545-73314103f290","OrderPerformerServices":[],"OrderResearchAllergens":[],"Results":[],"IsResumed":false,"ExecutionType":0,"ID":"67171702","StrID":"67171702"},"ParameterID":201306,"Parameter":{"ShortNameRU":"ЩФ","ShortNameKZ":"СФ","ShortName":"ЩФ","DataType":0,"DataTypeName":"Число","UnitTypeID":100030,"UnitType":null,"MedicalFormID":null,"MasterDataID":0,"MedicalForm":null,"NameWithDataType":"ЩФ  (Число)","NameRU":"ЩФ","NameKZ":"СФ","Name":"ЩФ","PublicCode":"20130600","EndDate":null,"ID":"201306","StrID":"201306"},"ParameterValues":null,"ParameterValueID":null,"ParameterValue":null,"ResultText":"67.49","ResultValue":"67.49","ResultDate":"2026-09-03T10:48:31.1001476+05:00","PostID":"189416","Post":null,"ExecuteMethod":2,"SourceResultText":"67.49","SourceResultValue":"67.49","SourceResultExpression":null,"SourceUnitTypeID":100030,"SourceUnitType":{"OrderBy":31,"MasterDataID":null,"CDD_ID":null,"NameRU":"МЕ/л","NameKZ":"ХБ/л","Name":"МЕ/л","PublicCode":"10003000","EndDate":null,"ID":"100030","StrID":"100030"},"MultiplierID":null,"IsApproved":false,"IsValidated":false,"StandardMatchType":0,"ApproveDate":null,"ApprovePostID":null,"ApprovePost":null,"OrderNum":1,"WorkPlaceID":20747,"OrderID":null,"BacteriologyResult":null,"AnalyzerId":38,"IsOrderProductionControl":false,"ID":"207480568","StrID":"207480568"}
03.09.2026 10:48:30	Information:	No result for test 200524 for sample with barcode 51566756 for device 20747
03.09.2026 10:48:30	Information:	Result object to save: 
03.09.2026 10:48:30	Information:	{"OrderResearchID":67171704,"OrderResearch":null,"ParameterID":200905,"Parameter":{"ShortNameRU":"общая ɑ-амилаза в сыворотке крови (анализатор)","ShortNameKZ":"қандағы жалпы ɑ-амилаза (анализатор)","ShortName":"общая ɑ-амилаза в сыворотке крови (анализатор)","DataType":0,"DataTypeName":"Число","UnitTypeID":100030,"UnitType":{"NameRU":"МЕ/л","NameKZ":"ХБ/л","Name":"МЕ/л","PublicCode":"10003000","OrderBy":31,"ID":100030,"StrID":"100030"},"MedicalFormID":null,"MedicalForm":null,"NameRU":"общая ɑ-амилаза в сыворотке крови (анализатор)","NameKZ":"қандағы жалпы ɑ-амилаза (анализатор)","Name":"общая ɑ-амилаза в сыворотке крови (анализатор)","PublicCode":"20090500","OrderBy":null,"ID":200905,"StrID":"200905"},"ParameterValueID":null,"ParameterValue":null,"ResultText":"38.38","ResultValue":null,"ResultDate":"2026-09-03T10:48:30.4665746+05:00","PostID":0,"Post":null,"ExecuteMethod":2,"SourceResultText":"38.38","SourceResultValue":null,"SourceResultExpression":null,"SourceUnitTypeID":100030,"SourceUnitType":{"NameRU":"МЕ/л","NameKZ":"ХБ/л","Name":"МЕ/л","PublicCode":"10003000","OrderBy":31,"ID":100030,"StrID":"100030"},"IsApproved":false,"ApproveDate":null,"ApprovePostID":null,"ApprovePost":null,"OrderNum":1,"WorkPlaceID":20747,"DriverManagerID":150,"BacteriologyResult":null,"AnalyzerId":38,"IsOrderProductionControl":false,"ID":0,"StrID":"0"}
03.09.2026 10:48:30	Information:	Save string: 
03.09.2026 10:48:30	Information:	{"OrderResearchID":67171704,"OrderResearch":{"OrderID":31168644,"ServiceMoID":2163851,"ServiceMoMasterDataID":8269473,"ServiceMo":{"OrgHealthCareID":"45500000000000909","ServiceID":264,"NameRU":"Определение общей альфа-амилазы в сыворотке крови на анализаторе","NameKZ":"Қан сарысуындағы жалпы  альфа-амилазаны талдауышта анықтау ","Name":"Определение общей альфа-амилазы в сыворотке крови на анализаторе","ShortNameRU":"Определение общей альфа-амилазы в сыворотке крови на анализаторе","ShortNameKZ":"Қан сарысуындағы жалпы  альфа-амилазаны талдауышта анықтау ","ShortName":"Определение общей альфа-амилазы в сыворотке крови на анализаторе","FullName":"B03.403.002 - Определение общей альфа-амилазы в сыворотке крови на анализаторе","Code":"B03.403.002","ExternalCode":null,"ServiceClassID":5,"ServiceClass":{"ServiceTypeID":2,"OrderBy":5,"MasterDataID":5,"NameRU":"Клиническая химия (биохимия)","NameKZ":"Клиникалық химия (биохимия)","Name":"Клиническая химия (биохимия)","PublicCode":"500","EndDate":null,"ID":"5","StrID":"5"},"Service":{"NameRU":"Определение общей альфа-амилазы в сыворотке крови на анализаторе","NameKZ":"Қан сарысуындағы жалпы альфа-амилазаны талдауышта анықтау","Name":"Определение общей альфа-амилазы в сыворотке крови на анализаторе","ShortNameRU":"Общая ɑ-амилаза на анализаторе","ShortNameKZ":"Общая ɑ-амилаза на анализаторе","ShortName":"Общая ɑ-амилаза на анализаторе","FullName":"B03.403.002 - Определение общей альфа-амилазы в сыворотке крови на анализаторе","Code":"B03.403.002","ServiceClassID":5,"ServiceClass":null,"ServiceSubClassID":6,"ServiceSubClass":null,"MaterialTypeID":202,"MaterialType":null,"MasterDataID":3105,"ID":"264","StrID":"264"},"MasterDataID":8269473,"ServiceSubClassID":6,"PayType":1,"ServiceSubClass":null,"ID":"2163851","StrID":"2163851"},"FullName":"B03.403.002 - Определение общей альфа-амилазы в сыворотке крови на анализаторе  () ","IsMain":true,"SourceID":"145129972_34018720","WorkPlaceID":20747,"WorkPlace":null,"DriverManager":null,"ParameterID":null,"Parameter":null,"AdditionalInfo":null,"Status":1,"PerformetServiceCount":5,"ResearchResultCount":0,"ApproveResearchResultCount":0,"NotSaveResearchResultCount":0,"ParentID":null,"ScreeningCandidatePlanGuid":null,"ScreeningUrl":null,"TakePlace":null,"MaterialTypeID":null,"MaterialType":null,"PartCount":0,"IsOrderProductionControl":false,"Uid":"538af90a-9311-44a7-a926-2d1f3047412a","OrderPerformerServices":[],"OrderResearchAllergens":[],"Results":[],"IsResumed":false,"ExecutionType":0,"ID":"67171704","StrID":"67171704"},"ParameterID":200905,"Parameter":{"ShortNameRU":"общая ɑ-амилаза в сыворотке крови (анализатор)","ShortNameKZ":"қандағы жалпы ɑ-амилаза (анализатор)","ShortName":"общая ɑ-амилаза в сыворотке крови (анализатор)","DataType":0,"DataTypeName":"Число","UnitTypeID":100030,"UnitType":null,"MedicalFormID":null,"MasterDataID":0,"MedicalForm":null,"NameWithDataType":"общая ɑ-амилаза в сыворотке крови (анализатор)  (Число)","NameRU":"общая ɑ-амилаза в сыворотке крови (анализатор)","NameKZ":"қандағы жалпы ɑ-амилаза (анализатор)","Name":"общая ɑ-амилаза в сыворотке крови (анализатор)","PublicCode":"20090500","EndDate":null,"ID":"200905","StrID":"200905"},"ParameterValues":null,"ParameterValueID":null,"ParameterValue":null,"ResultText":"38.38","ResultValue":"38.38","ResultDate":"2026-09-03T10:48:31.1986101+05:00","PostID":"189416","Post":null,"ExecuteMethod":2,"SourceResultText":"38.38","SourceResultValue":"38.38","SourceResultExpression":null,"SourceUnitTypeID":100030,"SourceUnitType":{"OrderBy":31,"MasterDataID":null,"CDD_ID":null,"NameRU":"МЕ/л","NameKZ":"ХБ/л","Name":"МЕ/л","PublicCode":"10003000","EndDate":null,"ID":"100030","StrID":"100030"},"MultiplierID":null,"IsApproved":false,"IsValidated":false,"StandardMatchType":0,"ApproveDate":null,"ApprovePostID":null,"ApprovePost":null,"OrderNum":1,"WorkPlaceID":20747,"OrderID":null,"BacteriologyResult":null,"AnalyzerId":38,"IsOrderProductionControl":false,"ID":"207480570","StrID":"207480570"}
03.09.2026 10:48:30	Information:	No result for test 200592 for sample with barcode 51566756 for device 20747
03.09.2026 10:48:30	Information:	No result for test 201234 for sample with barcode 51566756 for device 20747
03.09.2026 10:48:30	Information:	Result object to save: 
03.09.2026 10:48:30	Information:	{"OrderResearchID":67171706,"OrderResearch":null,"ParameterID":201268,"Parameter":{"ShortNameRU":"холестерин в сыворотке крови","ShortNameKZ":"қан сарысуындағы холестерин","ShortName":"холестерин в сыворотке крови","DataType":0,"DataTypeName":"Число","UnitTypeID":100051,"UnitType":{"NameRU":"ммоль/л","NameKZ":"ммоль/л","Name":"ммоль/л","PublicCode":"10005100","OrderBy":52,"ID":100051,"StrID":"100051"},"MedicalFormID":null,"MedicalForm":null,"NameRU":"холестерин в сыворотке крови","NameKZ":"қан сарысуындағы холестерин","Name":"холестерин в сыворотке крови","PublicCode":"20126800","OrderBy":null,"ID":201268,"StrID":"201268"},"ParameterValueID":null,"ParameterValue":null,"ResultText":"3.74","ResultValue":null,"ResultDate":"2026-09-03T10:48:30.4766385+05:00","PostID":0,"Post":null,"ExecuteMethod":2,"SourceResultText":"3.74","SourceResultValue":null,"SourceResultExpression":null,"SourceUnitTypeID":100051,"SourceUnitType":{"NameRU":"ммоль/л","NameKZ":"ммоль/л","Name":"ммоль/л","PublicCode":"10005100","OrderBy":52,"ID":100051,"StrID":"100051"},"IsApproved":false,"ApproveDate":null,"ApprovePostID":null,"ApprovePost":null,"OrderNum":1,"WorkPlaceID":20747,"DriverManagerID":150,"BacteriologyResult":null,"AnalyzerId":38,"IsOrderProductionControl":false,"ID":0,"StrID":"0"}
03.09.2026 10:48:30	Information:	Save string: 
03.09.2026 10:48:30	Information:	{"OrderResearchID":67171706,"OrderResearch":{"OrderID":31168644,"ServiceMoID":2164426,"ServiceMoMasterDataID":8269496,"ServiceMo":{"OrgHealthCareID":"45500000000000909","ServiceID":287,"NameRU":"Определение общего холестерина в сыворотке крови на анализаторе","NameKZ":"Қан сарысуындағы жалпы  холестеринді талдауышта анықтау ","Name":"Определение общего холестерина в сыворотке крови на анализаторе","ShortNameRU":"Определение общего холестерина в сыворотке крови на анализаторе","ShortNameKZ":"Қан сарысуындағы жалпы  холестеринді талдауышта анықтау ","ShortName":"Определение общего холестерина в сыворотке крови на анализаторе","FullName":"B03.401.002 - Определение общего холестерина в сыворотке крови на анализаторе","Code":"B03.401.002","ExternalCode":null,"ServiceClassID":5,"ServiceClass":{"ServiceTypeID":2,"OrderBy":5,"MasterDataID":5,"NameRU":"Клиническая химия (биохимия)","NameKZ":"Клиникалық химия (биохимия)","Name":"Клиническая химия (биохимия)","PublicCode":"500","EndDate":null,"ID":"5","StrID":"5"},"Service":{"NameRU":"Определение общего холестерина в сыворотке крови на анализаторе","NameKZ":"Қан сарысуындағы жалпы холестеринді талдауышта анықтау","Name":"Определение общего холестерина в сыворотке крови на анализаторе","ShortNameRU":"Холестерин на анализаторе","ShortNameKZ":"Холестерин на анализаторе","ShortName":"Холестерин на анализаторе","FullName":"B03.401.002 - Определение общего холестерина в сыворотке крови на анализаторе","Code":"B03.401.002","ServiceClassID":5,"ServiceClass":null,"ServiceSubClassID":6,"ServiceSubClass":null,"MaterialTypeID":202,"MaterialType":null,"MasterDataID":3128,"ID":"287","StrID":"287"},"MasterDataID":8269496,"ServiceSubClassID":6,"PayType":1,"ServiceSubClass":null,"ID":"2164426","StrID":"2164426"},"FullName":"B03.401.002 - Определение общего холестерина в сыворотке крови на анализаторе  () ","IsMain":true,"SourceID":"145129972_34018719","WorkPlaceID":20747,"WorkPlace":null,"DriverManager":null,"ParameterID":null,"Parameter":null,"AdditionalInfo":null,"Status":1,"PerformetServiceCount":7,"ResearchResultCount":0,"ApproveResearchResultCount":0,"NotSaveResearchResultCount":0,"ParentID":null,"ScreeningCandidatePlanGuid":null,"ScreeningUrl":null,"TakePlace":null,"MaterialTypeID":null,"MaterialType":null,"PartCount":0,"IsOrderProductionControl":false,"Uid":"86733ae6-a490-478f-b3cc-f8be0407a476","OrderPerformerServices":[],"OrderResearchAllergens":[],"Results":[],"IsResumed":false,"ExecutionType":0,"ID":"67171706","StrID":"67171706"},"ParameterID":201268,"Parameter":{"ShortNameRU":"холестерин в сыворотке крови","ShortNameKZ":"қан сарысуындағы холестерин","ShortName":"холестерин в сыворотке крови","DataType":0,"DataTypeName":"Число","UnitTypeID":100051,"UnitType":null,"MedicalFormID":null,"MasterDataID":0,"MedicalForm":null,"NameWithDataType":"холестерин в сыворотке крови  (Число)","NameRU":"холестерин в сыворотке крови","NameKZ":"қан сарысуындағы холестерин","Name":"холестерин в сыворотке крови","PublicCode":"20126800","EndDate":null,"ID":"201268","StrID":"201268"},"ParameterValues":null,"ParameterValueID":null,"ParameterValue":null,"ResultText":"3.74","ResultValue":"3.74","ResultDate":"2026-09-03T10:48:31.2792845+05:00","PostID":"189416","Post":null,"ExecuteMethod":2,"SourceResultText":"3.74","SourceResultValue":"3.74","SourceResultExpression":null,"SourceUnitTypeID":100051,"SourceUnitType":{"OrderBy":52,"MasterDataID":null,"CDD_ID":null,"NameRU":"ммоль/л","NameKZ":"ммоль/л","Name":"ммоль/л","PublicCode":"10005100","EndDate":null,"ID":"100051","StrID":"100051"},"MultiplierID":null,"IsApproved":false,"IsValidated":false,"StandardMatchType":0,"ApproveDate":null,"ApprovePostID":null,"ApprovePost":null,"OrderNum":1,"WorkPlaceID":20747,"OrderID":null,"BacteriologyResult":null,"AnalyzerId":38,"IsOrderProductionControl":false,"ID":"207480571","StrID":"207480571"}
03.09.2026 10:48:31	Information:	Result object to save: 
03.09.2026 10:48:31	Information:	{"OrderResearchID":67171697,"OrderResearch":null,"ParameterID":200549,"Parameter":{"ShortNameRU":"глюкоза в сыворотке крови","ShortNameKZ":"қан сарысуындағы глюкоза","ShortName":"глюкоза в сыворотке крови","DataType":0,"DataTypeName":"Число","UnitTypeID":100051,"UnitType":{"NameRU":"ммоль/л","NameKZ":"ммоль/л","Name":"ммоль/л","PublicCode":"10005100","OrderBy":52,"ID":100051,"StrID":"100051"},"MedicalFormID":null,"MedicalForm":null,"NameRU":"глюкоза в сыворотке крови","NameKZ":"қан сарысуындағы глюкоза","Name":"глюкоза в сыворотке крови","PublicCode":"20054900","OrderBy":null,"ID":200549,"StrID":"200549"},"ParameterValueID":null,"ParameterValue":null,"ResultText":"4.1","ResultValue":null,"ResultDate":"2026-09-03T10:48:30.4826425+05:00","PostID":0,"Post":null,"ExecuteMethod":2,"SourceResultText":"4.1","SourceResultValue":null,"SourceResultExpression":null,"SourceUnitTypeID":100051,"SourceUnitType":{"NameRU":"ммоль/л","NameKZ":"ммоль/л","Name":"ммоль/л","PublicCode":"10005100","OrderBy":52,"ID":100051,"StrID":"100051"},"IsApproved":false,"ApproveDate":null,"ApprovePostID":null,"ApprovePost":null,"OrderNum":1,"WorkPlaceID":20747,"DriverManagerID":150,"BacteriologyResult":null,"AnalyzerId":38,"IsOrderProductionControl":false,"ID":0,"StrID":"0"}
03.09.2026 10:48:31	Information:	Save string: 
03.09.2026 10:48:31	Information:	{"OrderResearchID":67171697,"OrderResearch":{"OrderID":31168644,"ServiceMoID":2164501,"ServiceMoMasterDataID":8269499,"ServiceMo":{"OrgHealthCareID":"45500000000000909","ServiceID":290,"NameRU":"Определение глюкозы в сыворотке крови на анализаторе","NameKZ":"Қан сарысуындағы глюкозаны талдауышта анықтау ","Name":"Определение глюкозы в сыворотке крови на анализаторе","ShortNameRU":"Определение глюкозы в сыворотке крови на анализаторе","ShortNameKZ":"Қан сарысуындағы глюкозаны талдауышта анықтау ","ShortName":"Определение глюкозы в сыворотке крови на анализаторе","FullName":"B03.335.002 - Определение глюкозы в сыворотке крови на анализаторе","Code":"B03.335.002","ExternalCode":null,"ServiceClassID":5,"ServiceClass":{"ServiceTypeID":2,"OrderBy":5,"MasterDataID":5,"NameRU":"Клиническая химия (биохимия)","NameKZ":"Клиникалық химия (биохимия)","Name":"Клиническая химия (биохимия)","PublicCode":"500","EndDate":null,"ID":"5","StrID":"5"},"Service":{"NameRU":"Определение глюкозы в сыворотке крови на анализаторе","NameKZ":"Қан сарысуындағы глюкозаны талдауышта анықтау","Name":"Определение глюкозы в сыворотке крови на анализаторе","ShortNameRU":"Глюкоза в сыворотке крови на анализаторе","ShortNameKZ":"Глюкоза в сыворотке крови на анализаторе","ShortName":"Глюкоза в сыворотке крови на анализаторе","FullName":"B03.335.002 - Определение глюкозы в сыворотке крови на анализаторе","Code":"B03.335.002","ServiceClassID":5,"ServiceClass":null,"ServiceSubClassID":6,"ServiceSubClass":null,"MaterialTypeID":202,"MaterialType":null,"MasterDataID":3131,"ID":"290","StrID":"290"},"MasterDataID":8269499,"ServiceSubClassID":6,"PayType":1,"ServiceSubClass":null,"ID":"2164501","StrID":"2164501"},"FullName":"B03.335.002 - Определение глюкозы в сыворотке крови на анализаторе  () ","IsMain":true,"SourceID":"145129972_34018715","WorkPlaceID":20747,"WorkPlace":null,"DriverManager":null,"ParameterID":null,"Parameter":null,"AdditionalInfo":null,"Status":1,"PerformetServiceCount":7,"ResearchResultCount":0,"ApproveResearchResultCount":0,"NotSaveResearchResultCount":0,"ParentID":null,"ScreeningCandidatePlanGuid":null,"ScreeningUrl":null,"TakePlace":null,"MaterialTypeID":null,"MaterialType":null,"PartCount":0,"IsOrderProductionControl":false,"Uid":"fa6c85e2-2f1d-49ec-b6db-8279daa90651","OrderPerformerServices":[],"OrderResearchAllergens":[],"Results":[],"IsResumed":false,"ExecutionType":0,"ID":"67171697","StrID":"67171697"},"ParameterID":200549,"Parameter":{"ShortNameRU":"глюкоза в сыворотке крови","ShortNameKZ":"қан сарысуындағы глюкоза","ShortName":"глюкоза в сыворотке крови","DataType":0,"DataTypeName":"Число","UnitTypeID":100051,"UnitType":null,"MedicalFormID":null,"MasterDataID":0,"MedicalForm":null,"NameWithDataType":"глюкоза в сыворотке крови  (Число)","NameRU":"глюкоза в сыворотке крови","NameKZ":"қан сарысуындағы глюкоза","Name":"глюкоза в сыворотке крови","PublicCode":"20054900","EndDate":null,"ID":"200549","StrID":"200549"},"ParameterValues":null,"ParameterValueID":null,"ParameterValue":null,"ResultText":"4.10","ResultValue":"4.10","ResultDate":"2026-09-03T10:48:31.3358842+05:00","PostID":"189416","Post":null,"ExecuteMethod":2,"SourceResultText":"4.10","SourceResultValue":"4.10","SourceResultExpression":null,"SourceUnitTypeID":100051,"SourceUnitType":{"OrderBy":52,"MasterDataID":null,"CDD_ID":null,"NameRU":"ммоль/л","NameKZ":"ммоль/л","Name":"ммоль/л","PublicCode":"10005100","EndDate":null,"ID":"100051","StrID":"100051"},"MultiplierID":null,"IsApproved":false,"IsValidated":false,"StandardMatchType":0,"ApproveDate":null,"ApprovePostID":null,"ApprovePost":null,"OrderNum":1,"WorkPlaceID":20747,"OrderID":null,"BacteriologyResult":null,"AnalyzerId":38,"IsOrderProductionControl":false,"ID":"207480573","StrID":"207480573"}
03.09.2026 10:48:31	Information:	Result object to save: 
03.09.2026 10:48:31	Information:	{"OrderResearchID":67171707,"OrderResearch":null,"ParameterID":200852,"Parameter":{"ShortNameRU":"мочевина в сыворотке крови","ShortNameKZ":"қан сарысуындағы несепнәр","ShortName":"мочевина в сыворотке крови","DataType":0,"DataTypeName":"Число","UnitTypeID":100051,"UnitType":{"NameRU":"ммоль/л","NameKZ":"ммоль/л","Name":"ммоль/л","PublicCode":"10005100","OrderBy":52,"ID":100051,"StrID":"100051"},"MedicalFormID":null,"MedicalForm":null,"NameRU":"мочевина в сыворотке крови","NameKZ":"қан сарысуындағы несепнәр","Name":"мочевина в сыворотке крови","PublicCode":"20085200","OrderBy":null,"ID":200852,"StrID":"200852"},"ParameterValueID":null,"ParameterValue":null,"ResultText":"3.43","ResultValue":null,"ResultDate":"2026-09-03T10:48:30.4826425+05:00","PostID":0,"Post":null,"ExecuteMethod":2,"SourceResultText":"3.43","SourceResultValue":null,"SourceResultExpression":null,"SourceUnitTypeID":100051,"SourceUnitType":{"NameRU":"ммоль/л","NameKZ":"ммоль/л","Name":"ммоль/л","PublicCode":"10005100","OrderBy":52,"ID":100051,"StrID":"100051"},"IsApproved":false,"ApproveDate":null,"ApprovePostID":null,"ApprovePost":null,"OrderNum":1,"WorkPlaceID":20747,"DriverManagerID":150,"BacteriologyResult":null,"AnalyzerId":38,"IsOrderProductionControl":false,"ID":0,"StrID":"0"}
03.09.2026 10:48:31	Information:	Save string: 
03.09.2026 10:48:31	Information:	{"OrderResearchID":67171707,"OrderResearch":{"OrderID":31168644,"ServiceMoID":2164626,"ServiceMoMasterDataID":8269504,"ServiceMo":{"OrgHealthCareID":"45500000000000909","ServiceID":295,"NameRU":"Определение мочевины в сыворотке крови на анализаторе","NameKZ":"Қан сарысуындағы несепнәрді  талдауышта анықтау ","Name":"Определение мочевины в сыворотке крови на анализаторе","ShortNameRU":"Определение мочевины в сыворотке крови на анализаторе","ShortNameKZ":"Қан сарысуындағы несепнәрді  талдауышта анықтау ","ShortName":"Определение мочевины в сыворотке крови на анализаторе","FullName":"B03.386.002 - Определение мочевины в сыворотке крови на анализаторе","Code":"B03.386.002","ExternalCode":null,"ServiceClassID":5,"ServiceClass":{"ServiceTypeID":2,"OrderBy":5,"MasterDataID":5,"NameRU":"Клиническая химия (биохимия)","NameKZ":"Клиникалық химия (биохимия)","Name":"Клиническая химия (биохимия)","PublicCode":"500","EndDate":null,"ID":"5","StrID":"5"},"Service":{"NameRU":"Определение мочевины в сыворотке крови на анализаторе","NameKZ":"Қан сарысуындағы несепнәрді талдауышта анықтау","Name":"Определение мочевины в сыворотке крови на анализаторе","ShortNameRU":"Мочевина на анализаторе","ShortNameKZ":"Мочевина на анализаторе","ShortName":"Мочевина на анализаторе","FullName":"B03.386.002 - Определение мочевины в сыворотке крови на анализаторе","Code":"B03.386.002","ServiceClassID":5,"ServiceClass":null,"ServiceSubClassID":6,"ServiceSubClass":null,"MaterialTypeID":202,"MaterialType":null,"MasterDataID":3136,"ID":"295","StrID":"295"},"MasterDataID":8269504,"ServiceSubClassID":6,"PayType":1,"ServiceSubClass":null,"ID":"2164626","StrID":"2164626"},"FullName":"B03.386.002 - Определение мочевины в сыворотке крови на анализаторе  () ","IsMain":true,"SourceID":"145129972_34018724","WorkPlaceID":20747,"WorkPlace":null,"DriverManager":null,"ParameterID":null,"Parameter":null,"AdditionalInfo":null,"Status":1,"PerformetServiceCount":7,"ResearchResultCount":0,"ApproveResearchResultCount":0,"NotSaveResearchResultCount":0,"ParentID":null,"ScreeningCandidatePlanGuid":null,"ScreeningUrl":null,"TakePlace":null,"MaterialTypeID":null,"MaterialType":null,"PartCount":0,"IsOrderProductionControl":false,"Uid":"c5607785-3493-4090-bdf1-9fe4591a3da4","OrderPerformerServices":[],"OrderResearchAllergens":[],"Results":[],"IsResumed":false,"ExecutionType":0,"ID":"67171707","StrID":"67171707"},"ParameterID":200852,"Parameter":{"ShortNameRU":"мочевина в сыворотке крови","ShortNameKZ":"қан сарысуындағы несепнәр","ShortName":"мочевина в сыворотке крови","DataType":0,"DataTypeName":"Число","UnitTypeID":100051,"UnitType":null,"MedicalFormID":null,"MasterDataID":0,"MedicalForm":null,"NameWithDataType":"мочевина в сыворотке крови  (Число)","NameRU":"мочевина в сыворотке крови","NameKZ":"қан сарысуындағы несепнәр","Name":"мочевина в сыворотке крови","PublicCode":"20085200","EndDate":null,"ID":"200852","StrID":"200852"},"ParameterValues":null,"ParameterValueID":null,"ParameterValue":null,"ResultText":"3.43","ResultValue":"3.43","ResultDate":"2026-09-03T10:48:31.4226067+05:00","PostID":"189416","Post":null,"ExecuteMethod":2,"SourceResultText":"3.43","SourceResultValue":"3.43","SourceResultExpression":null,"SourceUnitTypeID":100051,"SourceUnitType":{"OrderBy":52,"MasterDataID":null,"CDD_ID":null,"NameRU":"ммоль/л","NameKZ":"ммоль/л","Name":"ммоль/л","PublicCode":"10005100","EndDate":null,"ID":"100051","StrID":"100051"},"MultiplierID":null,"IsApproved":false,"IsValidated":false,"StandardMatchType":0,"ApproveDate":null,"ApprovePostID":null,"ApprovePost":null,"OrderNum":1,"WorkPlaceID":20747,"OrderID":null,"BacteriologyResult":null,"AnalyzerId":38,"IsOrderProductionControl":false,"ID":"207480574","StrID":"207480574"}
03.09.2026 10:48:31	Information:	Result object to save: 
03.09.2026 10:48:31	Information:	{"OrderResearchID":67171709,"OrderResearch":null,"ParameterID":200744,"Parameter":{"ShortNameRU":"креатинин в крови","ShortNameKZ":"қандағы креатинин","ShortName":"креатинин в крови","DataType":0,"DataTypeName":"Число","UnitTypeID":100041,"UnitType":{"NameRU":"мкмоль/л","NameKZ":"мкмоль/л","Name":"мкмоль/л","PublicCode":"10004100","OrderBy":42,"ID":100041,"StrID":"100041"},"MedicalFormID":null,"MedicalForm":null,"NameRU":"креатинин в крови","NameKZ":"қандағы креатинин","Name":"креатинин в крови","PublicCode":"20074400","OrderBy":null,"ID":200744,"StrID":"200744"},"ParameterValueID":null,"ParameterValue":null,"ResultText":"55.08","ResultValue":null,"ResultDate":"2026-09-03T10:48:30.4866668+05:00","PostID":0,"Post":null,"ExecuteMethod":2,"SourceResultText":"55.08","SourceResultValue":null,"SourceResultExpression":null,"SourceUnitTypeID":100041,"SourceUnitType":{"NameRU":"мкмоль/л","NameKZ":"мкмоль/л","Name":"мкмоль/л","PublicCode":"10004100","OrderBy":42,"ID":100041,"StrID":"100041"},"IsApproved":false,"ApproveDate":null,"ApprovePostID":null,"ApprovePost":null,"OrderNum":1,"WorkPlaceID":20747,"DriverManagerID":150,"BacteriologyResult":null,"AnalyzerId":38,"IsOrderProductionControl":false,"ID":0,"StrID":"0"}
03.09.2026 10:48:31	Information:	Save string: 
03.09.2026 10:48:31	Information:	{"OrderResearchID":67171709,"OrderResearch":{"OrderID":31168644,"ServiceMoID":2164651,"ServiceMoMasterDataID":8269505,"ServiceMo":{"OrgHealthCareID":"45500000000000909","ServiceID":296,"NameRU":"Определение креатинина в сыворотке крови на анализаторе","NameKZ":"Қан сарысуындағы  креатининді талдауышта анықтау ","Name":"Определение креатинина в сыворотке крови на анализаторе","ShortNameRU":"Определение креатинина в сыворотке крови на анализаторе","ShortNameKZ":"Қан сарысуындағы  креатининді талдауышта анықтау ","ShortName":"Определение креатинина в сыворотке крови на анализаторе","FullName":"B03.363.002 - Определение креатинина в сыворотке крови на анализаторе","Code":"B03.363.002","ExternalCode":null,"ServiceClassID":5,"ServiceClass":{"ServiceTypeID":2,"OrderBy":5,"MasterDataID":5,"NameRU":"Клиническая химия (биохимия)","NameKZ":"Клиникалық химия (биохимия)","Name":"Клиническая химия (биохимия)","PublicCode":"500","EndDate":null,"ID":"5","StrID":"5"},"Service":{"NameRU":"Определение креатинина в сыворотке крови на анализаторе","NameKZ":"Қан сарысуындағы креатининді талдауышта анықтау","Name":"Определение креатинина в сыворотке крови на анализаторе","ShortNameRU":"Креатинин на анализаторе","ShortNameKZ":"Креатинин на анализаторе","ShortName":"Креатинин на анализаторе","FullName":"B03.363.002 - Определение креатинина в сыворотке крови на анализаторе","Code":"B03.363.002","ServiceClassID":5,"ServiceClass":null,"ServiceSubClassID":6,"ServiceSubClass":null,"MaterialTypeID":202,"MaterialType":null,"MasterDataID":3137,"ID":"296","StrID":"296"},"MasterDataID":8269505,"ServiceSubClassID":6,"PayType":1,"ServiceSubClass":null,"ID":"2164651","StrID":"2164651"},"FullName":"B03.363.002 - Определение креатинина в сыворотке крови на анализаторе  () ","IsMain":true,"SourceID":"145129972_34018725","WorkPlaceID":20747,"WorkPlace":null,"DriverManager":null,"ParameterID":null,"Parameter":null,"AdditionalInfo":null,"Status":1,"PerformetServiceCount":7,"ResearchResultCount":0,"ApproveResearchResultCount":0,"NotSaveResearchResultCount":0,"ParentID":null,"ScreeningCandidatePlanGuid":null,"ScreeningUrl":null,"TakePlace":null,"MaterialTypeID":null,"MaterialType":null,"PartCount":0,"IsOrderProductionControl":false,"Uid":"5d34e735-feab-4710-abab-afa1367777e6","OrderPerformerServices":[],"OrderResearchAllergens":[],"Results":[],"IsResumed":false,"ExecutionType":0,"ID":"67171709","StrID":"67171709"},"ParameterID":200744,"Parameter":{"ShortNameRU":"креатинин в крови","ShortNameKZ":"қандағы креатинин","ShortName":"креатинин в крови","DataType":0,"DataTypeName":"Число","UnitTypeID":100041,"UnitType":null,"MedicalFormID":null,"MasterDataID":0,"MedicalForm":null,"NameWithDataType":"креатинин в крови  (Число)","NameRU":"креатинин в крови","NameKZ":"қандағы креатинин","Name":"креатинин в крови","PublicCode":"20074400","EndDate":null,"ID":"200744","StrID":"200744"},"ParameterValues":null,"ParameterValueID":null,"ParameterValue":null,"ResultText":"55.08","ResultValue":"55.08","ResultDate":"2026-09-03T10:48:31.4984646+05:00","PostID":"189416","Post":null,"ExecuteMethod":2,"SourceResultText":"55.08","SourceResultValue":"55.08","SourceResultExpression":null,"SourceUnitTypeID":100041,"SourceUnitType":{"OrderBy":42,"MasterDataID":null,"CDD_ID":null,"NameRU":"мкмоль/л","NameKZ":"мкмоль/л","Name":"мкмоль/л","PublicCode":"10004100","EndDate":null,"ID":"100041","StrID":"100041"},"MultiplierID":null,"IsApproved":false,"IsValidated":false,"StandardMatchType":0,"ApproveDate":null,"ApprovePostID":null,"ApprovePost":null,"OrderNum":1,"WorkPlaceID":20747,"OrderID":null,"BacteriologyResult":null,"AnalyzerId":38,"IsOrderProductionControl":false,"ID":"207480575","StrID":"207480575"}
03.09.2026 10:48:31	Information:	No result for test 201150 for sample with barcode 51566756 for device 20747
03.09.2026 10:48:31	Debug:	 SendResults SaveDeviceResults = 855 ms
03.09.2026 10:48:31	Debug:	 total for SendResults = 1469 ms
03.09.2026 10:50:14	Information:	url https://lab-vko.dmed.kz/ /api/DriverManager/PingDevice
03.09.2026 10:50:14	Information:	{
"Hash": "w9LjvpRCyoByGV3Lzv0iX9dSI0tLK0uV+pRojL1kufc=",
"Status": 0
}


03.09.2026 10:50:14	Information:	Ping ret is {"Status":0,"Comment":null}
03.09.2026 10:52:14	Information:	url https://lab-vko.dmed.kz/ /api/DriverManager/PingDevice
03.09.2026 10:52:14	Information:	{
"Hash": "w9LjvpRCyoByGV3Lzv0iX9dSI0tLK0uV+pRojL1kufc=",
"Status": 0
}


03.09.2026 10:52:14	Information:	Ping ret is {"Status":0,"Comment":null}
03.09.2026 10:52:27	Information:	Received bytes(encoded):MSH|^~\&|||||20260903105127||ORU^R01|170|P|2.3.1||||0||ASCII|||PID|94|||||||O|||||||||||||||||||||||OBR|94|51563962|4|^|N|20260903084451|20260903084340|20260903084340||1^2||||20260903084340|?????|||||||||||||||||||||||||||||||||OBX|1|NM|T-Bil-V|Bilirubin Total (VOX Method)|4.048520|?mol/L|-|N|||F||4.048520|20260903104943|||0||OBX|2|NM|D-Bil-V|Bilirubin Direct (VOX Method)|1.081171|?mol/L|-|N|||F||1.081171|20260903104958|||0||OBX|3|NM|ALT|Alanine Aminotransferase|19.055540|U/L|-|N|||F||19.055540|20260903104812|||0|RGTE|OBX|4|NM|AST|Aspartate Aminotransferase|33.664074|U/L|-|N|||F||33.664074|20260903104827|||0||OBX|5|NM|TP|Total Protein|65.539251|g/L|-|N|||F||65.539251|20260903104958|||0||OBX|6|NM|AMY|?-Amylase|57.408722|U/L|-|N|||F||57.408722|20260903104842|||0||OBX|7|NM|CREA-S|Creatinine (Sarcosine Oxidase Method)|20.096176|?mol/L|-|N|||F||20.096176|20260903104957|||0||OBX|8|NM|UREA|Urea|3.283257|mmol/L|-|N|||F||3.283257|20260903105127|||0||OBX|9|NM|FER|Ferritin|26.454063|ng/mL|-|N|||F||26.454063|
03.09.2026 10:52:27	Information:	Add Frame:
03.09.2026 10:52:27	Information:	MSH|^~\&|||||20260903105127||ORU^R01|170|P|2.3.1||||0||ASCII|||
03.09.2026 10:52:27	Information:	In Header
03.09.2026 10:52:27	Information:	MessageType: ORU
03.09.2026 10:52:27	Information:	After message type
03.09.2026 10:52:27	Information:	After ask
03.09.2026 10:52:27	Information:	After version
03.09.2026 10:52:27	Information:	Add Frame:
03.09.2026 10:52:27	Information:	PID|94|||||||O|||||||||||||||||||||||
03.09.2026 10:52:27	Information:	Add Frame:
03.09.2026 10:52:27	Information:	OBR|94|51563962|4|^|N|20260903084451|20260903084340|20260903084340||1^2||||20260903084340|?????|||||||||||||||||||||||||||||||||
03.09.2026 10:52:27	Information:	Add Frame:
03.09.2026 10:52:27	Information:	OBX|1|NM|T-Bil-V|Bilirubin Total (VOX Method)|4.048520|?mol/L|-|N|||F||4.048520|20260903104943|||0||
03.09.2026 10:52:27	Information:	Add Frame:
03.09.2026 10:52:27	Information:	OBX|2|NM|D-Bil-V|Bilirubin Direct (VOX Method)|1.081171|?mol/L|-|N|||F||1.081171|20260903104958|||0||
03.09.2026 10:52:27	Information:	Add Frame:
03.09.2026 10:52:27	Information:	OBX|3|NM|ALT|Alanine Aminotransferase|19.055540|U/L|-|N|||F||19.055540|20260903104812|||0|RGTE|
03.09.2026 10:52:27	Information:	Add Frame:
03.09.2026 10:52:27	Information:	OBX|4|NM|AST|Aspartate Aminotransferase|33.664074|U/L|-|N|||F||33.664074|20260903104827|||0||
03.09.2026 10:52:27	Information:	Add Frame:
03.09.2026 10:52:27	Information:	OBX|5|NM|TP|Total Protein|65.539251|g/L|-|N|||F||65.539251|20260903104958|||0||
03.09.2026 10:52:27	Information:	Add Frame:
03.09.2026 10:52:27	Information:	OBX|6|NM|AMY|?-Amylase|57.408722|U/L|-|N|||F||57.408722|20260903104842|||0||
03.09.2026 10:52:27	Information:	Add Frame:
03.09.2026 10:52:27	Information:	OBX|7|NM|CREA-S|Creatinine (Sarcosine Oxidase Method)|20.096176|?mol/L|-|N|||F||20.096176|20260903104957|||0||
03.09.2026 10:52:27	Information:	Add Frame:
03.09.2026 10:52:27	Information:	OBX|8|NM|UREA|Urea|3.283257|mmol/L|-|N|||F||3.283257|20260903105127|||0||
03.09.2026 10:52:27	Information:	Received bytes(encoded):20260903104942|||0||OBX|10|NM||AST/ALT|1.764398||-|N|||F||1.764398||||||
03.09.2026 10:52:27	Information:	Add Frame:
03.09.2026 10:52:27	Information:	OBX|9|NM|FER|Ferritin|26.454063|ng/mL|-|N|||F||26.454063|20260903104942|||0||
03.09.2026 10:52:27	Information:	Add Frame:
03.09.2026 10:52:27	Information:	OBX|10|NM||AST/ALT|1.764398||-|N|||F||1.764398||||||
03.09.2026 10:52:27	Information:	Add Frame:
03.09.2026 10:52:27	Information:	
03.09.2026 10:52:27	Debug:	read message: 2ms
03.09.2026 10:52:27	Information:	The answer message is created successfully
03.09.2026 10:52:27	Information:	Sending answer...
03.09.2026 10:52:27	Information:	We are in ORU Message
03.09.2026 10:52:27	Information:	MSH MSH|^~\&|||||20260903105127||ORU^R01|170|P|2.3.1||||0||ASCII||||
03.09.2026 10:52:27	Information:	PID PID|94|||||||O||||||||||||||||||||||||
03.09.2026 10:52:27	Information:	PatientRecord in message is successfully  processed
03.09.2026 10:52:27	Information:	The patient order is successfully processed
03.09.2026 10:52:27	Information:	The order record is successfully processed
03.09.2026 10:52:27	Information:	The order record is successfully processed
03.09.2026 10:52:27	Information:	The order record is successfully processed
03.09.2026 10:52:27	Information:	The order record is successfully processed
03.09.2026 10:52:27	Information:	The order record is successfully processed
03.09.2026 10:52:27	Information:	The order record is successfully processed
03.09.2026 10:52:27	Information:	The order record is successfully processed
03.09.2026 10:52:27	Information:	The order record is successfully processed
03.09.2026 10:52:27	Information:	The order record is successfully processed
03.09.2026 10:52:27	Information:	The order record is successfully processed
03.09.2026 10:52:27	Information:	The ORU message is successfully processed
03.09.2026 10:52:27	Debug:	Process message: 8ms
03.09.2026 10:52:27	Debug:	Total time : 11ms
03.09.2026 10:52:28	Information:	Sended bytes:  11 77 83 72 124 94 126 92 38 124 77 105 110 100 114 97 121 124 124 124 124 50 48 50 54 48 57 48 51 49 48 53 50 50 55 124 124 65 67 75 94 82 48 49 124 49 55 48 124 80 124 50 46 51 46 49 124 124 124 124 48 124 124 117 115 45 97 115 99 105 105 124 124 124 13 77 83 65 124 65 65 124 49 55 48 124 77 101 115 115 97 103 101 32 97 99 99 101 112 116 101 100 124 124 124 48 124 13 28 13
03.09.2026 10:52:28	Information:	Sended string MSH|^~\&|Mindray||||20260903105227||ACK^R01|170|P|2.3.1||||0||us-ascii|||MSA|AA|170|Message accepted|||0|
03.09.2026 10:52:29	Debug:	SendResults:	check DriverRequests=	0	ms
03.09.2026 10:52:29	Information:	ByBarcode 51563962
03.09.2026 10:52:29	Information:	GetLinesByBarcodes
03.09.2026 10:52:29	Information:	{
"WorkPlaceID": 20747,
"BeginDate": "2026-06-04",
"EndDate": "2026-09-04",
"OrderNumber": "51563962",
"Offset": 0,
"Limit": 1
}


03.09.2026 10:52:29	Information:	GetByBarcodeReturn: 
03.09.2026 10:52:29	Information:	{"Data":[{"ID":31168538,"StrID":"31168538","OrderNumber":"51563962","OrderRegDate":"2026-09-03T02:10:58.057","PlanExecutionDate":"2026-09-03T02:10:00","SenderMoID":45500000000000909,"SenderMo":{"NameRU":"Некоммерческое акционерное общество \"Медицинский университет Семей\"","NameKZ":"\"Семей медицина университеті\" коммерциялық емес акционерлік қоғамы","Name":"Некоммерческое акционерное общество \"Медицинский университет Семей\"","ShortNameRU":"НАО \"МУС\"","ShortNameKZ":"\"СМУ\" КеАҚ","ShortName":"НАО \"МУС\"","PublicCode":"237J","AddressRU":"ВКО, г. Семей, ул. Абая Кунанбаева 103","AddressKZ":"ВКО, г. Семей, ул. Абая Кунанбаева 103","Address":"ВКО, г. Семей, ул. Абая Кунанбаева 103","OriginalID":"45500000000000909","IsWork":true,"RegionID":20,"BIN":"190240004938","MasterDataID":4911,"PhonesData":{"OrgHealthCarePhones":[]},"IsPostmortem":false,"IsHospital":true,"Code":null,"ID":"45500000000000909","StrID":"45500000000000909"},"ReceiverMoID":45500000000000909,"ReceiverMo":null,"PatientDetailID":41097058,"PatientDetail":{"PersonID":"2353288","Person":{"IIN":"251004551260","LastName":"МОЛДАЖАНОВ","FirstName":"АРСЛАН","SecondName":"АСХАТОВИЧ","FullName":"МОЛДАЖАНОВ АРСЛАН АСХАТОВИЧ","FullNameIOF":"АРСЛАН АСХАТОВИЧ МОЛДАЖАНОВ","DisplayText":"251004551260 АРСЛАН АСХАТОВИЧ МОЛДАЖАНОВ 04.10.2025","IinFullName":"251004551260 - МОЛДАЖАНОВ АРСЛАН АСХАТОВИЧ","BirthDate":"2025-10-04T00:00:00","BirthDateStr":"04.10.2025","DeathDate":null,"DeathDateStr":"","BioSexID":3,"BioSex":null,"NationalityID":null,"Nationality":null,"CitizenshipID":85,"Citizenship":null,"MasterDataID":150602382,"RpnID":"15300000057151746","KmisID":"60300000001844598","Type":1,"Age":0,"IsStillborn":false,"IsEarlyNeonatalDeathUp28days":false,"IsDeadPerson":false,"ID":"2353288","StrID":"2353288"},"AddressRU":"РЕСПУБЛИКА: Казахстан , ОБЛАСТЬ: Абайская , ГОРОД ОБЛ.ЗНАЧ.: Аягоз , БУЛЬВАР: Абая , ДОМ: 53/1","AddressKZ":": Қазақстан , : Абай , : Аягөз Қ. , : Абай , ҮЙ: 53/1","Address":"РЕСПУБЛИКА: Казахстан , ОБЛАСТЬ: Абайская , ГОРОД ОБЛ.ЗНАЧ.: Аягоз , БУЛЬВАР: Абая , ДОМ: 53/1","MasterDataAddressID":3151044,"WorkPlace":null,"WorkPosition":null,"DocumentNumber":null,"DocumentTypeID":null,"DocumentType":null,"NationalityID":null,"DocumentTypeName":null,"Phones":"+7 (775) 452-60-92","ExternalCardID":"5976377","CardType":1,"CardNumber":"67785","CitizenshipCategoryID":1,"CitizenshipCategory":null,"ResidenceTypeID":3,"ResidenceType":null,"MotherPersonID":611041,"MotherPerson":null,"IsForeigner":false,"IsHomeless":false,"IsDeadPerson":false,"IsResident":true,"ID":"41097058","StrID":"41097058"},"Person":{"IIN":"251004551260","LastName":"МОЛДАЖАНОВ","FirstName":"АРСЛАН","SecondName":"АСХАТОВИЧ","FullName":"МОЛДАЖАНОВ АРСЛАН АСХАТОВИЧ","FullNameIOF":"АРСЛАН АСХАТОВИЧ МОЛДАЖАНОВ","DisplayText":"251004551260 АРСЛАН АСХАТОВИЧ МОЛДАЖАНОВ 04.10.2025","IinFullName":"251004551260 - МОЛДАЖАНОВ АРСЛАН АСХАТОВИЧ","BirthDate":"2025-10-04T00:00:00","BirthDateStr":"04.10.2025","DeathDate":null,"DeathDateStr":"","BioSexID":3,"BioSex":null,"NationalityID":null,"Nationality":null,"CitizenshipID":85,"Citizenship":null,"MasterDataID":150602382,"RpnID":"15300000057151746","KmisID":"60300000001844598","Type":1,"Age":0,"IsStillborn":false,"IsEarlyNeonatalDeathUp28days":false,"IsDeadPerson":false,"ID":"2353288","StrID":"2353288"},"IsCito":false,"ExternalSystem":1,"OrderResultFileID":null,"OrderResultFileStorageID":null,"OrderResultDate":null,"Status":1,"DeleteDate":null,"ResultNotes":null,"Comment":"","ExternalOrderNumber":"51563962","ExaminationTypeID":null,"ExaminationType":null,"ExaminationIndicationID":null,"ExaminationIndication":null,"Uid":"DA4496C1-1EDE-4584-844A-6119DA8B2FB5","SenderPostFullName":"КЫДЫРБАЕВА МЕРУЕРТ МАНАРБЕКОВНА","SenderFuncStructureNameRU":"Отделение педиатрии","SenderFuncStructureNameKZ":"Педиатр бөлімі","IsSamplingOfMaterialsAtReceiver":false,"MisID":42194517,"Materials":[{"OrderID":31168538,"Uid":"3285b0b0-7945-4571-bd5c-59fd3c73e943","MaterialNumber":"51563962","MaterialTypeID":363,"MaterialType":{"OrderBy":0,"ParentID":202,"HasChildren":false,"MasterDataID":489,"Parent":null,"NameRU":"Кровь венозная","NameKZ":"Кровь венозная","Name":"Кровь венозная","PublicCode":"36300","EndDate":null,"ID":"363","StrID":"363"},"TakeDate":"2026-09-03T02:10:00","TakeDateStr":"03.09.2026 02:10","TakePlace":"педиатрия","RejectionReason":null,"RejectionTakenMeasures":null,"ReceiptDate":null,"ReceiptDateStr":null,"RejectionCreatePostID":null,"RejectionCreatePost":null,"SampleCollectorPostIIN":"670604401046","SampleCollectorPostID":null,"Researches":[],"RejectedMaterialImageID":null,"File":null,"ID":"31455457","StrID":"31455457"}],"Researches":[]}],"Total":1}
03.09.2026 10:52:29	Information:	OrderedWW 51563962 Biomat 0 Device 20747
03.09.2026 10:52:29	Information:	ResearchResult
03.09.2026 10:52:29	Information:	{
"OrderID": "31168538",
"WorkPlaceID": 20747
}


03.09.2026 10:52:29	Information:	[{"OrderResearchID":67171391,"OrderResearch":null,"ParameterID":200918,"Parameter":{"ShortNameRU":"общий белок в сыворотке крови","ShortNameKZ":"қан сарысуындағы жалпы ақуыз","ShortName":"общий белок в сыворотке крови","DataType":0,"DataTypeName":"Число","UnitTypeID":100012,"UnitType":{"OrderBy":13,"MasterDataID":null,"CDD_ID":null,"NameRU":"г/л","NameKZ":"г/л","Name":"г/л","PublicCode":"10001200","EndDate":null,"ID":"100012","StrID":"100012"},"MedicalFormID":null,"MasterDataID":0,"MedicalForm":null,"NameWithDataType":"общий белок в сыворотке крови  (Число)","NameRU":"общий белок в сыворотке крови","NameKZ":"қан сарысуындағы жалпы ақуыз","Name":"общий белок в сыворотке крови","PublicCode":"20091800","EndDate":null,"ID":"200918","StrID":"200918"},"ParameterValues":null,"ParameterValueID":null,"ParameterValue":null,"ResultText":null,"ResultValue":null,"ResultDate":"2026-09-03T10:52:30.2495397+05:00","PostID":"0","Post":null,"ExecuteMethod":2,"SourceResultText":null,"SourceResultValue":null,"SourceResultExpression":null,"SourceUnitTypeID":100012,"SourceUnitType":{"OrderBy":13,"MasterDataID":null,"CDD_ID":null,"NameRU":"г/л","NameKZ":"г/л","Name":"г/л","PublicCode":"10001200","EndDate":null,"ID":"100012","StrID":"100012"},"MultiplierID":null,"IsApproved":false,"IsValidated":false,"StandardMatchType":0,"ApproveDate":null,"ApprovePostID":null,"ApprovePost":null,"OrderNum":1,"WorkPlaceID":20747,"OrderID":null,"BacteriologyResult":null,"AnalyzerId":null,"IsOrderProductionControl":false,"ID":"0","StrID":"0"},{"OrderResearchID":67171392,"OrderResearch":null,"ParameterID":201354,"Parameter":{"ShortNameRU":"альбумин  в сыворотке крови (анализатор)","ShortNameKZ":"қан сарысуындағы альбумин (анализатор)","ShortName":"альбумин  в сыворотке крови (анализатор)","DataType":0,"DataTypeName":"Число","UnitTypeID":100012,"UnitType":{"OrderBy":13,"MasterDataID":null,"CDD_ID":null,"NameRU":"г/л","NameKZ":"г/л","Name":"г/л","PublicCode":"10001200","EndDate":null,"ID":"100012","StrID":"100012"},"MedicalFormID":null,"MasterDataID":0,"MedicalForm":null,"NameWithDataType":"альбумин  в сыворотке крови (анализатор)  (Число)","NameRU":"альбумин  в сыворотке крови (анализатор)","NameKZ":"қан сарысуындағы альбумин (анализатор)","Name":"альбумин  в сыворотке крови (анализатор)","PublicCode":"20135400","EndDate":null,"ID":"201354","StrID":"201354"},"ParameterValues":null,"ParameterValueID":null,"ParameterValue":null,"ResultText":null,"ResultValue":null,"ResultDate":"2026-09-03T10:52:30.2530315+05:00","PostID":"0","Post":null,"ExecuteMethod":2,"SourceResultText":null,"SourceResultValue":null,"SourceResultExpression":null,"SourceUnitTypeID":100012,"SourceUnitType":{"OrderBy":13,"MasterDataID":null,"CDD_ID":null,"NameRU":"г/л","NameKZ":"г/л","Name":"г/л","PublicCode":"10001200","EndDate":null,"ID":"100012","StrID":"100012"},"MultiplierID":null,"IsApproved":false,"IsValidated":false,"StandardMatchType":0,"ApproveDate":null,"ApprovePostID":null,"ApprovePost":null,"OrderNum":1,"WorkPlaceID":20747,"OrderID":null,"BacteriologyResult":null,"AnalyzerId":null,"IsOrderProductionControl":false,"ID":"0","StrID":"0"},{"OrderResearchID":67171393,"OrderResearch":null,"ParameterID":200357,"Parameter":{"ShortNameRU":"АЛаТ","ShortNameKZ":"АЛаТ","ShortName":"АЛаТ","DataType":0,"DataTypeName":"Число","UnitTypeID":100030,"UnitType":{"OrderBy":31,"MasterDataID":null,"CDD_ID":null,"NameRU":"МЕ/л","NameKZ":"ХБ/л","Name":"МЕ/л","PublicCode":"10003000","EndDate":null,"ID":"100030","StrID":"100030"},"MedicalFormID":null,"MasterDataID":0,"MedicalForm":null,"NameWithDataType":"АЛаТ  (Число)","NameRU":"АЛаТ","NameKZ":"АЛаТ","Name":"АЛаТ","PublicCode":"20035700","EndDate":null,"ID":"200357","StrID":"200357"},"ParameterValues":null,"ParameterValueID":null,"ParameterValue":null,"ResultText":null,"ResultValue":null,"ResultDate":"2026-09-03T10:52:30.2571366+05:00","PostID":"0","Post":null,"ExecuteMethod":2,"SourceResultText":null,"SourceResultValue":null,"SourceResultExpression":null,"SourceUnitTypeID":100030,"SourceUnitType":{"OrderBy":31,"MasterDataID":null,"CDD_ID":null,"NameRU":"МЕ/л","NameKZ":"ХБ/л","Name":"МЕ/л","PublicCode":"10003000","EndDate":null,"ID":"100030","StrID":"100030"},"MultiplierID":null,"IsApproved":false,"IsValidated":false,"StandardMatchType":0,"ApproveDate":null,"ApprovePostID":null,"ApprovePost":null,"OrderNum":1,"WorkPlaceID":20747,"OrderID":null,"BacteriologyResult":null,"AnalyzerId":null,"IsOrderProductionControl":false,"ID":"0","StrID":"0"},{"OrderResearchID":67171395,"OrderResearch":null,"ParameterID":200919,"Parameter":{"ShortNameRU":"общий билирубин в сыворотке крови","ShortNameKZ":"қан сарысуындағы жалпы билирубин","ShortName":"общий билирубин в сыворотке крови","DataType":0,"DataTypeName":"Число","UnitTypeID":100041,"UnitType":{"OrderBy":42,"MasterDataID":null,"CDD_ID":null,"NameRU":"мкмоль/л","NameKZ":"мкмоль/л","Name":"мкмоль/л","PublicCode":"10004100","EndDate":null,"ID":"100041","StrID":"100041"},"MedicalFormID":null,"MasterDataID":0,"MedicalForm":null,"NameWithDataType":"общий билирубин в сыворотке крови  (Число)","NameRU":"общий билирубин в сыворотке крови","NameKZ":"қан сарысуындағы жалпы билирубин","Name":"общий билирубин в сыворотке крови","PublicCode":"20091900","EndDate":null,"ID":"200919","StrID":"200919"},"ParameterValues":null,"ParameterValueID":null,"ParameterValue":null,"ResultText":null,"ResultValue":null,"ResultDate":"2026-09-03T10:52:30.2603005+05:00","PostID":"0","Post":null,"ExecuteMethod":2,"SourceResultText":null,"SourceResultValue":null,"SourceResultExpression":null,"SourceUnitTypeID":100041,"SourceUnitType":{"OrderBy":42,"MasterDataID":null,"CDD_ID":null,"NameRU":"мкмоль/л","NameKZ":"мкмоль/л","Name":"мкмоль/л","PublicCode":"10004100","EndDate":null,"ID":"100041","StrID":"100041"},"MultiplierID":null,"IsApproved":false,"IsValidated":false,"StandardMatchType":0,"ApproveDate":null,"ApprovePostID":null,"ApprovePost":null,"OrderNum":1,"WorkPlaceID":20747,"OrderID":null,"BacteriologyResult":null,"AnalyzerId":null,"IsOrderProductionControl":false,"ID":"0","StrID":"0"},{"OrderResearchID":67171394,"OrderResearch":null,"ParameterID":200408,"Parameter":{"ShortNameRU":"АСаТ","ShortNameKZ":"АСаТ","ShortName":"АСаТ","DataType":0,"DataTypeName":"Число","UnitTypeID":100030,"UnitType":{"OrderBy":31,"MasterDataID":null,"CDD_ID":null,"NameRU":"МЕ/л","NameKZ":"ХБ/л","Name":"МЕ/л","PublicCode":"10003000","EndDate":null,"ID":"100030","StrID":"100030"},"MedicalFormID":null,"MasterDataID":0,"MedicalForm":null,"NameWithDataType":"АСаТ  (Число)","NameRU":"АСаТ","NameKZ":"АСаТ","Name":"АСаТ","PublicCode":"20040800","EndDate":null,"ID":"200408","StrID":"200408"},"ParameterValues":null,"ParameterValueID":null,"ParameterValue":null,"ResultText":null,"ResultValue":null,"ResultDate":"2026-09-03T10:52:30.2640635+05:00","PostID":"0","Post":null,"ExecuteMethod":2,"SourceResultText":null,"SourceResultValue":null,"SourceResultExpression":null,"SourceUnitTypeID":100030,"SourceUnitType":{"OrderBy":31,"MasterDataID":null,"CDD_ID":null,"NameRU":"МЕ/л","NameKZ":"ХБ/л","Name":"МЕ/л","PublicCode":"10003000","EndDate":null,"ID":"100030","StrID":"100030"},"MultiplierID":null,"IsApproved":false,"IsValidated":false,"StandardMatchType":0,"ApproveDate":null,"ApprovePostID":null,"ApprovePost":null,"OrderNum":1,"WorkPlaceID":20747,"OrderID":null,"BacteriologyResult":null,"AnalyzerId":null,"IsOrderProductionControl":false,"ID":"0","StrID":"0"},{"OrderResearchID":67171396,"OrderResearch":null,"ParameterID":201234,"Parameter":{"ShortNameRU":"ферритин в сыворотке крови","ShortNameKZ":"қан сарысуындағы ферритин","ShortName":"ферритин в сыворотке крови","DataType":0,"DataTypeName":"Число","UnitTypeID":100035,"UnitType":{"OrderBy":36,"MasterDataID":null,"CDD_ID":null,"NameRU":"мкг/л","NameKZ":"мкг/л","Name":"мкг/л","PublicCode":"10003500","EndDate":null,"ID":"100035","StrID":"100035"},"MedicalFormID":null,"MasterDataID":0,"MedicalForm":null,"NameWithDataType":"ферритин в сыворотке крови  (Число)","NameRU":"ферритин в сыворотке крови","NameKZ":"қан сарысуындағы ферритин","Name":"ферритин в сыворотке крови","PublicCode":"20123400","EndDate":null,"ID":"201234","StrID":"201234"},"ParameterValues":null,"ParameterValueID":null,"ParameterValue":null,"ResultText":null,"ResultValue":null,"ResultDate":"2026-09-03T10:52:30.26719+05:00","PostID":"0","Post":null,"ExecuteMethod":1,"SourceResultText":null,"SourceResultValue":null,"SourceResultExpression":null,"SourceUnitTypeID":100035,"SourceUnitType":{"OrderBy":36,"MasterDataID":null,"CDD_ID":null,"NameRU":"мкг/л","NameKZ":"мкг/л","Name":"мкг/л","PublicCode":"10003500","EndDate":null,"ID":"100035","StrID":"100035"},"MultiplierID":null,"IsApproved":false,"IsValidated":false,"StandardMatchType":0,"ApproveDate":null,"ApprovePostID":null,"ApprovePost":null,"OrderNum":1,"WorkPlaceID":20747,"OrderID":null,"BacteriologyResult":null,"AnalyzerId":null,"IsOrderProductionControl":false,"ID":"0","StrID":"0"},{"OrderResearchID":67171397,"OrderResearch":null,"ParameterID":200852,"Parameter":{"ShortNameRU":"мочевина в сыворотке крови","ShortNameKZ":"қан сарысуындағы несепнәр","ShortName":"мочевина в сыворотке крови","DataType":0,"DataTypeName":"Число","UnitTypeID":100051,"UnitType":{"OrderBy":52,"MasterDataID":null,"CDD_ID":null,"NameRU":"ммоль/л","NameKZ":"ммоль/л","Name":"ммоль/л","PublicCode":"10005100","EndDate":null,"ID":"100051","StrID":"100051"},"MedicalFormID":null,"MasterDataID":0,"MedicalForm":null,"NameWithDataType":"мочевина в сыворотке крови  (Число)","NameRU":"мочевина в сыворотке крови","NameKZ":"қан сарысуындағы несепнәр","Name":"мочевина в сыворотке крови","PublicCode":"20085200","EndDate":null,"ID":"200852","StrID":"200852"},"ParameterValues":null,"ParameterValueID":null,"ParameterValue":null,"ResultText":null,"ResultValue":null,"ResultDate":"2026-09-03T10:52:30.2702833+05:00","PostID":"0","Post":null,"ExecuteMethod":2,"SourceResultText":null,"SourceResultValue":null,"SourceResultExpression":null,"SourceUnitTypeID":100051,"SourceUnitType":{"OrderBy":52,"MasterDataID":null,"CDD_ID":null,"NameRU":"ммоль/л","NameKZ":"ммоль/л","Name":"ммоль/л","PublicCode":"10005100","EndDate":null,"ID":"100051","StrID":"100051"},"MultiplierID":null,"IsApproved":false,"IsValidated":false,"StandardMatchType":0,"ApproveDate":null,"ApprovePostID":null,"ApprovePost":null,"OrderNum":1,"WorkPlaceID":20747,"OrderID":null,"BacteriologyResult":null,"AnalyzerId":null,"IsOrderProductionControl":false,"ID":"0","StrID":"0"},{"OrderResearchID":67171398,"OrderResearch":null,"ParameterID":200744,"Parameter":{"ShortNameRU":"креатинин в крови","ShortNameKZ":"қандағы креатинин","ShortName":"креатинин в крови","DataType":0,"DataTypeName":"Число","UnitTypeID":100041,"UnitType":{"OrderBy":42,"MasterDataID":null,"CDD_ID":null,"NameRU":"мкмоль/л","NameKZ":"мкмоль/л","Name":"мкмоль/л","PublicCode":"10004100","EndDate":null,"ID":"100041","StrID":"100041"},"MedicalFormID":null,"MasterDataID":0,"MedicalForm":null,"NameWithDataType":"креатинин в крови  (Число)","NameRU":"креатинин в крови","NameKZ":"қандағы креатинин","Name":"креатинин в крови","PublicCode":"20074400","EndDate":null,"ID":"200744","StrID":"200744"},"ParameterValues":null,"ParameterValueID":null,"ParameterValue":null,"ResultText":null,"ResultValue":null,"ResultDate":"2026-09-03T10:52:30.2738339+05:00","PostID":"0","Post":null,"ExecuteMethod":2,"SourceResultText":null,"SourceResultValue":null,"SourceResultExpression":null,"SourceUnitTypeID":100041,"SourceUnitType":{"OrderBy":42,"MasterDataID":null,"CDD_ID":null,"NameRU":"мкмоль/л","NameKZ":"мкмоль/л","Name":"мкмоль/л","PublicCode":"10004100","EndDate":null,"ID":"100041","StrID":"100041"},"MultiplierID":null,"IsApproved":false,"IsValidated":false,"StandardMatchType":0,"ApproveDate":null,"ApprovePostID":null,"ApprovePost":null,"OrderNum":1,"WorkPlaceID":20747,"OrderID":null,"BacteriologyResult":null,"AnalyzerId":null,"IsOrderProductionControl":false,"ID":"0","StrID":"0"}]
03.09.2026 10:52:29	Information:	TestsWW spec 200918, spec 201354, spec 200357, spec 200919, spec 200408, spec 201234, spec 200852, spec 200744, 
03.09.2026 10:52:29	Information:	Querry lines count: 1
03.09.2026 10:52:29	Debug:	SendResults:	fix DriverRequests=	202	ms
03.09.2026 10:52:29	Information:	SAMPLE! 51563962 DeviceDriverResult Sample: 51563962 Suggest: . Do Request True
03.09.2026 10:52:29	Information:	Sample request count: 1
03.09.2026 10:52:29	Information:	MU is ?mol/L
03.09.2026 10:52:29	Information:	Driver Collations count 0
03.09.2026 10:52:29	Information:	MU collations count=0
03.09.2026 10:52:29	Information:	MU is U/L
03.09.2026 10:52:29	Information:	Driver Collations count 0
03.09.2026 10:52:29	Information:	MU collations count=0
03.09.2026 10:52:29	Information:	MU is U/L
03.09.2026 10:52:29	Information:	Driver Collations count 0
03.09.2026 10:52:29	Information:	MU collations count=0
03.09.2026 10:52:29	Information:	MU is g/L
03.09.2026 10:52:29	Information:	Driver Collations count 0
03.09.2026 10:52:29	Information:	MU collations count=0
03.09.2026 10:52:29	Information:	MU is ?mol/L
03.09.2026 10:52:29	Information:	Driver Collations count 0
03.09.2026 10:52:29	Information:	MU collations count=0
03.09.2026 10:52:29	Information:	MU is mmol/L
03.09.2026 10:52:30	Information:	Driver Collations count 0
03.09.2026 10:52:30	Information:	MU collations count=0
03.09.2026 10:52:30	Information:	MU is ng/mL
03.09.2026 10:52:30	Information:	Driver Collations count 0
03.09.2026 10:52:30	Information:	MU collations count=0
03.09.2026 10:52:30	Debug:	SendResults:	SetTestsValues first SetTestsValues=	64	ms
03.09.2026 10:52:30	Debug:	SendResults:	Device Total = 268 ms
03.09.2026 10:52:30	Information:	Saving 51563962
03.09.2026 10:52:30	Information:	Start test result saving
03.09.2026 10:52:30	Information:	Result object to save: 
03.09.2026 10:52:30	Information:	{"OrderResearchID":67171391,"OrderResearch":null,"ParameterID":200918,"Parameter":{"ShortNameRU":"общий белок в сыворотке крови","ShortNameKZ":"қан сарысуындағы жалпы ақуыз","ShortName":"общий белок в сыворотке крови","DataType":0,"DataTypeName":"Число","UnitTypeID":100012,"UnitType":{"NameRU":"г/л","NameKZ":"г/л","Name":"г/л","PublicCode":"10001200","OrderBy":13,"ID":100012,"StrID":"100012"},"MedicalFormID":null,"MedicalForm":null,"NameRU":"общий белок в сыворотке крови","NameKZ":"қан сарысуындағы жалпы ақуыз","Name":"общий белок в сыворотке крови","PublicCode":"20091800","OrderBy":null,"ID":200918,"StrID":"200918"},"ParameterValueID":null,"ParameterValue":null,"ResultText":"65.54","ResultValue":null,"ResultDate":"2026-09-03T10:52:30.2495397+05:00","PostID":0,"Post":null,"ExecuteMethod":2,"SourceResultText":"65.54","SourceResultValue":null,"SourceResultExpression":null,"SourceUnitTypeID":100012,"SourceUnitType":{"NameRU":"г/л","NameKZ":"г/л","Name":"г/л","PublicCode":"10001200","OrderBy":13,"ID":100012,"StrID":"100012"},"IsApproved":false,"ApproveDate":null,"ApprovePostID":null,"ApprovePost":null,"OrderNum":1,"WorkPlaceID":20747,"DriverManagerID":150,"BacteriologyResult":null,"AnalyzerId":38,"IsOrderProductionControl":false,"ID":0,"StrID":"0"}
03.09.2026 10:52:30	Information:	Save string: 
03.09.2026 10:52:30	Information:	{"OrderResearchID":67171391,"OrderResearch":{"OrderID":31168538,"ServiceMoID":2163201,"ServiceMoMasterDataID":8269447,"ServiceMo":{"OrgHealthCareID":"45500000000000909","ServiceID":236,"NameRU":"Определение общего белка в сыворотке крови на анализаторе","NameKZ":"Қан сарысуындағы жалпы нәруызды талдауышта анықтау ","Name":"Определение общего белка в сыворотке крови на анализаторе","ShortNameRU":"Определение общего белка в сыворотке крови на анализаторе","ShortNameKZ":"Қан сарысуындағы жалпы нәруызды талдауышта анықтау ","ShortName":"Определение общего белка в сыворотке крови на анализаторе","FullName":"B03.397.002 - Определение общего белка в сыворотке крови на анализаторе","Code":"B03.397.002","ExternalCode":null,"ServiceClassID":5,"ServiceClass":{"ServiceTypeID":2,"OrderBy":5,"MasterDataID":5,"NameRU":"Клиническая химия (биохимия)","NameKZ":"Клиникалық химия (биохимия)","Name":"Клиническая химия (биохимия)","PublicCode":"500","EndDate":null,"ID":"5","StrID":"5"},"Service":{"NameRU":"Определение общего белка в сыворотке крови на анализаторе","NameKZ":"Қан сарысуындағы жалпы нәруызды талдауышта анықтау","Name":"Определение общего белка в сыворотке крови на анализаторе","ShortNameRU":"Общий белок на анализаторе","ShortNameKZ":"Общий белок на анализаторе","ShortName":"Общий белок на анализаторе","FullName":"B03.397.002 - Определение общего белка в сыворотке крови на анализаторе","Code":"B03.397.002","ServiceClassID":5,"ServiceClass":null,"ServiceSubClassID":6,"ServiceSubClass":null,"MaterialTypeID":202,"MaterialType":null,"MasterDataID":3079,"ID":"236","StrID":"236"},"MasterDataID":8269447,"ServiceSubClassID":6,"PayType":1,"ServiceSubClass":null,"ID":"2163201","StrID":"2163201"},"FullName":"B03.397.002 - Определение общего белка в сыворотке крови на анализаторе  () ","IsMain":true,"SourceID":"145165326_34026910","WorkPlaceID":20747,"WorkPlace":null,"DriverManager":null,"ParameterID":null,"Parameter":null,"AdditionalInfo":null,"Status":1,"PerformetServiceCount":7,"ResearchResultCount":0,"ApproveResearchResultCount":0,"NotSaveResearchResultCount":0,"ParentID":null,"ScreeningCandidatePlanGuid":null,"ScreeningUrl":null,"TakePlace":null,"MaterialTypeID":null,"MaterialType":null,"PartCount":0,"IsOrderProductionControl":false,"Uid":"50579953-3587-41ca-83bc-a7b88dfc9d14","OrderPerformerServices":[],"OrderResearchAllergens":[],"Results":[],"IsResumed":false,"ExecutionType":0,"ID":"67171391","StrID":"67171391"},"ParameterID":200918,"Parameter":{"ShortNameRU":"общий белок в сыворотке крови","ShortNameKZ":"қан сарысуындағы жалпы ақуыз","ShortName":"общий белок в сыворотке крови","DataType":0,"DataTypeName":"Число","UnitTypeID":100012,"UnitType":null,"MedicalFormID":null,"MasterDataID":0,"MedicalForm":null,"NameWithDataType":"общий белок в сыворотке крови  (Число)","NameRU":"общий белок в сыворотке крови","NameKZ":"қан сарысуындағы жалпы ақуыз","Name":"общий белок в сыворотке крови","PublicCode":"20091800","EndDate":null,"ID":"200918","StrID":"200918"},"ParameterValues":null,"ParameterValueID":null,"ParameterValue":null,"ResultText":"65.54","ResultValue":"65.54","ResultDate":"2026-09-03T10:52:30.4194427+05:00","PostID":"189416","Post":null,"ExecuteMethod":2,"SourceResultText":"65.54","SourceResultValue":"65.54","SourceResultExpression":null,"SourceUnitTypeID":100012,"SourceUnitType":{"OrderBy":13,"MasterDataID":null,"CDD_ID":null,"NameRU":"г/л","NameKZ":"г/л","Name":"г/л","PublicCode":"10001200","EndDate":null,"ID":"100012","StrID":"100012"},"MultiplierID":null,"IsApproved":false,"IsValidated":false,"StandardMatchType":0,"ApproveDate":null,"ApprovePostID":null,"ApprovePost":null,"OrderNum":1,"WorkPlaceID":20747,"OrderID":null,"BacteriologyResult":null,"AnalyzerId":38,"IsOrderProductionControl":false,"ID":"207481432","StrID":"207481432"}
03.09.2026 10:52:30	Information:	No result for test 201354 for sample with barcode 51563962 for device 20747
03.09.2026 10:52:30	Information:	Result object to save: 
03.09.2026 10:52:30	Information:	{"OrderResearchID":67171393,"OrderResearch":null,"ParameterID":200357,"Parameter":{"ShortNameRU":"АЛаТ","ShortNameKZ":"АЛаТ","ShortName":"АЛаТ","DataType":0,"DataTypeName":"Число","UnitTypeID":100030,"UnitType":{"NameRU":"МЕ/л","NameKZ":"ХБ/л","Name":"МЕ/л","PublicCode":"10003000","OrderBy":31,"ID":100030,"StrID":"100030"},"MedicalFormID":null,"MedicalForm":null,"NameRU":"АЛаТ","NameKZ":"АЛаТ","Name":"АЛаТ","PublicCode":"20035700","OrderBy":null,"ID":200357,"StrID":"200357"},"ParameterValueID":null,"ParameterValue":null,"ResultText":"19.06","ResultValue":null,"ResultDate":"2026-09-03T10:52:30.2571366+05:00","PostID":0,"Post":null,"ExecuteMethod":2,"SourceResultText":"19.06","SourceResultValue":null,"SourceResultExpression":null,"SourceUnitTypeID":100030,"SourceUnitType":{"NameRU":"МЕ/л","NameKZ":"ХБ/л","Name":"МЕ/л","PublicCode":"10003000","OrderBy":31,"ID":100030,"StrID":"100030"},"IsApproved":false,"ApproveDate":null,"ApprovePostID":null,"ApprovePost":null,"OrderNum":1,"WorkPlaceID":20747,"DriverManagerID":150,"BacteriologyResult":null,"AnalyzerId":38,"IsOrderProductionControl":false,"ID":0,"StrID":"0"}
03.09.2026 10:52:30	Information:	Save string: 
03.09.2026 10:52:30	Information:	{"OrderResearchID":67171393,"OrderResearch":{"OrderID":31168538,"ServiceMoID":2163576,"ServiceMoMasterDataID":8269462,"ServiceMo":{"OrgHealthCareID":"45500000000000909","ServiceID":253,"NameRU":"Определение аланинаминотрансферазы (АЛаТ) в сыворотке крови на анализаторе","NameKZ":"Қан сарысуындағы аланинаминотрансферазды (АЛаТ) талдауышта анықтау ","Name":"Определение аланинаминотрансферазы (АЛаТ) в сыворотке крови на анализаторе","ShortNameRU":"Определение аланинаминотрансферазы (АЛаТ) в сыворотке крови на анализаторе","ShortNameKZ":"Қан сарысуындағы аланинаминотрансферазды (АЛаТ) талдауышта анықтау ","ShortName":"Определение аланинаминотрансферазы (АЛаТ) в сыворотке крови на анализаторе","FullName":"B03.155.002 - Определение аланинаминотрансферазы (АЛаТ) в сыворотке крови на анализаторе","Code":"B03.155.002","ExternalCode":null,"ServiceClassID":5,"ServiceClass":{"ServiceTypeID":2,"OrderBy":5,"MasterDataID":5,"NameRU":"Клиническая химия (биохимия)","NameKZ":"Клиникалық химия (биохимия)","Name":"Клиническая химия (биохимия)","PublicCode":"500","EndDate":null,"ID":"5","StrID":"5"},"Service":{"NameRU":"Определение аланинаминотрансферазы (АЛаТ) в сыворотке крови на анализаторе","NameKZ":"Қан сарысуындағы аланинаминотрансферазды (АЛаТ) талдауышта анықтау","Name":"Определение аланинаминотрансферазы (АЛаТ) в сыворотке крови на анализаторе","ShortNameRU":"АЛаТ на анализаторе","ShortNameKZ":"АЛаТ на анализаторе","ShortName":"АЛаТ на анализаторе","FullName":"B03.155.002 - Определение аланинаминотрансферазы (АЛаТ) в сыворотке крови на анализаторе","Code":"B03.155.002","ServiceClassID":5,"ServiceClass":null,"ServiceSubClassID":6,"ServiceSubClass":null,"MaterialTypeID":202,"MaterialType":null,"MasterDataID":3094,"ID":"253","StrID":"253"},"MasterDataID":8269462,"ServiceSubClassID":6,"PayType":1,"ServiceSubClass":null,"ID":"2163576","StrID":"2163576"},"FullName":"B03.155.002 - Определение аланинаминотрансферазы (АЛаТ) в сыворотке крови на анализаторе  () ","IsMain":true,"SourceID":"145165326_34026914","WorkPlaceID":20747,"WorkPlace":null,"DriverManager":null,"ParameterID":null,"Parameter":null,"AdditionalInfo":null,"Status":1,"PerformetServiceCount":9,"ResearchResultCount":0,"ApproveResearchResultCount":0,"NotSaveResearchResultCount":0,"ParentID":null,"ScreeningCandidatePlanGuid":null,"ScreeningUrl":null,"TakePlace":null,"MaterialTypeID":null,"MaterialType":null,"PartCount":0,"IsOrderProductionControl":false,"Uid":"4b1749ab-a35d-4843-b8c4-d4ffe0351a42","OrderPerformerServices":[],"OrderResearchAllergens":[],"Results":[],"IsResumed":false,"ExecutionType":0,"ID":"67171393","StrID":"67171393"},"ParameterID":200357,"Parameter":{"ShortNameRU":"АЛаТ","ShortNameKZ":"АЛаТ","ShortName":"АЛаТ","DataType":0,"DataTypeName":"Число","UnitTypeID":100030,"UnitType":null,"MedicalFormID":null,"MasterDataID":0,"MedicalForm":null,"NameWithDataType":"АЛаТ  (Число)","NameRU":"АЛаТ","NameKZ":"АЛаТ","Name":"АЛаТ","PublicCode":"20035700","EndDate":null,"ID":"200357","StrID":"200357"},"ParameterValues":null,"ParameterValueID":null,"ParameterValue":null,"ResultText":"19.06","ResultValue":"19.06","ResultDate":"2026-09-03T10:52:30.5008143+05:00","PostID":"189416","Post":null,"ExecuteMethod":2,"SourceResultText":"19.06","SourceResultValue":"19.06","SourceResultExpression":null,"SourceUnitTypeID":100030,"SourceUnitType":{"OrderBy":31,"MasterDataID":null,"CDD_ID":null,"NameRU":"МЕ/л","NameKZ":"ХБ/л","Name":"МЕ/л","PublicCode":"10003000","EndDate":null,"ID":"100030","StrID":"100030"},"MultiplierID":null,"IsApproved":false,"IsValidated":false,"StandardMatchType":0,"ApproveDate":null,"ApprovePostID":null,"ApprovePost":null,"OrderNum":1,"WorkPlaceID":20747,"OrderID":null,"BacteriologyResult":null,"AnalyzerId":38,"IsOrderProductionControl":false,"ID":"207481435","StrID":"207481435"}
03.09.2026 10:52:30	Information:	Result object to save: 
03.09.2026 10:52:30	Information:	{"OrderResearchID":67171395,"OrderResearch":null,"ParameterID":200919,"Parameter":{"ShortNameRU":"общий билирубин в сыворотке крови","ShortNameKZ":"қан сарысуындағы жалпы билирубин","ShortName":"общий билирубин в сыворотке крови","DataType":0,"DataTypeName":"Число","UnitTypeID":100041,"UnitType":{"NameRU":"мкмоль/л","NameKZ":"мкмоль/л","Name":"мкмоль/л","PublicCode":"10004100","OrderBy":42,"ID":100041,"StrID":"100041"},"MedicalFormID":null,"MedicalForm":null,"NameRU":"общий билирубин в сыворотке крови","NameKZ":"қан сарысуындағы жалпы билирубин","Name":"общий билирубин в сыворотке крови","PublicCode":"20091900","OrderBy":null,"ID":200919,"StrID":"200919"},"ParameterValueID":null,"ParameterValue":null,"ResultText":"4.05","ResultValue":null,"ResultDate":"2026-09-03T10:52:30.2603005+05:00","PostID":0,"Post":null,"ExecuteMethod":2,"SourceResultText":"4.05","SourceResultValue":null,"SourceResultExpression":null,"SourceUnitTypeID":100041,"SourceUnitType":{"NameRU":"мкмоль/л","NameKZ":"мкмоль/л","Name":"мкмоль/л","PublicCode":"10004100","OrderBy":42,"ID":100041,"StrID":"100041"},"IsApproved":false,"ApproveDate":null,"ApprovePostID":null,"ApprovePost":null,"OrderNum":1,"WorkPlaceID":20747,"DriverManagerID":150,"BacteriologyResult":null,"AnalyzerId":38,"IsOrderProductionControl":false,"ID":0,"StrID":"0"}
03.09.2026 10:52:30	Information:	Save string: 
03.09.2026 10:52:30	Information:	{"OrderResearchID":67171395,"OrderResearch":{"OrderID":31168538,"ServiceMoID":2163626,"ServiceMoMasterDataID":8269464,"ServiceMo":{"OrgHealthCareID":"45500000000000909","ServiceID":255,"NameRU":"Определение общего билирубина в сыворотке крови на анализаторе","NameKZ":"Қан сарысуындағы жалпы  билирубинді талдауышта анықтау в сыворотке крови на анализаторе","Name":"Определение общего билирубина в сыворотке крови на анализаторе","ShortNameRU":"Определение общего билирубина в сыворотке крови на анализаторе","ShortNameKZ":"Қан сарысуындағы жалпы  билирубинді талдауышта анықтау в сыворотке крови на анализаторе","ShortName":"Определение общего билирубина в сыворотке крови на анализаторе","FullName":"B03.398.002 - Определение общего билирубина в сыворотке крови на анализаторе","Code":"B03.398.002","ExternalCode":null,"ServiceClassID":5,"ServiceClass":{"ServiceTypeID":2,"OrderBy":5,"MasterDataID":5,"NameRU":"Клиническая химия (биохимия)","NameKZ":"Клиникалық химия (биохимия)","Name":"Клиническая химия (биохимия)","PublicCode":"500","EndDate":null,"ID":"5","StrID":"5"},"Service":{"NameRU":"Определение общего билирубина в сыворотке крови на анализаторе","NameKZ":"Қан сарысуындағы жалпы билирубинді талдауышта анықтау в сыворотке крови на анализаторе","Name":"Определение общего билирубина в сыворотке крови на анализаторе","ShortNameRU":"Общий Bi на анализаторе","ShortNameKZ":"Общий Bi на анализаторе","ShortName":"Общий Bi на анализаторе","FullName":"B03.398.002 - Определение общего билирубина в сыворотке крови на анализаторе","Code":"B03.398.002","ServiceClassID":5,"ServiceClass":null,"ServiceSubClassID":6,"ServiceSubClass":null,"MaterialTypeID":202,"MaterialType":null,"MasterDataID":3096,"ID":"255","StrID":"255"},"MasterDataID":8269464,"ServiceSubClassID":6,"PayType":1,"ServiceSubClass":null,"ID":"2163626","StrID":"2163626"},"FullName":"B03.398.002 - Определение общего билирубина в сыворотке крови на анализаторе  () ","IsMain":true,"SourceID":"145165326_34026916","WorkPlaceID":20747,"WorkPlace":null,"DriverManager":null,"ParameterID":null,"Parameter":null,"AdditionalInfo":null,"Status":1,"PerformetServiceCount":7,"ResearchResultCount":0,"ApproveResearchResultCount":0,"NotSaveResearchResultCount":0,"ParentID":null,"ScreeningCandidatePlanGuid":null,"ScreeningUrl":null,"TakePlace":null,"MaterialTypeID":null,"MaterialType":null,"PartCount":0,"IsOrderProductionControl":false,"Uid":"c4c63643-a9ab-44e6-81a0-8bb19c8db213","OrderPerformerServices":[],"OrderResearchAllergens":[],"Results":[],"IsResumed":false,"ExecutionType":0,"ID":"67171395","StrID":"67171395"},"ParameterID":200919,"Parameter":{"ShortNameRU":"общий билирубин в сыворотке крови","ShortNameKZ":"қан сарысуындағы жалпы билирубин","ShortName":"общий билирубин в сыворотке крови","DataType":0,"DataTypeName":"Число","UnitTypeID":100041,"UnitType":null,"MedicalFormID":null,"MasterDataID":0,"MedicalForm":null,"NameWithDataType":"общий билирубин в сыворотке крови  (Число)","NameRU":"общий билирубин в сыворотке крови","NameKZ":"қан сарысуындағы жалпы билирубин","Name":"общий билирубин в сыворотке крови","PublicCode":"20091900","EndDate":null,"ID":"200919","StrID":"200919"},"ParameterValues":null,"ParameterValueID":null,"ParameterValue":null,"ResultText":"4.05","ResultValue":"4.05","ResultDate":"2026-09-03T10:52:30.5866747+05:00","PostID":"189416","Post":null,"ExecuteMethod":2,"SourceResultText":"4.05","SourceResultValue":"4.05","SourceResultExpression":null,"SourceUnitTypeID":100041,"SourceUnitType":{"OrderBy":42,"MasterDataID":null,"CDD_ID":null,"NameRU":"мкмоль/л","NameKZ":"мкмоль/л","Name":"мкмоль/л","PublicCode":"10004100","EndDate":null,"ID":"100041","StrID":"100041"},"MultiplierID":null,"IsApproved":false,"IsValidated":false,"StandardMatchType":0,"ApproveDate":null,"ApprovePostID":null,"ApprovePost":null,"OrderNum":1,"WorkPlaceID":20747,"OrderID":null,"BacteriologyResult":null,"AnalyzerId":38,"IsOrderProductionControl":false,"ID":"207481436","StrID":"207481436"}
03.09.2026 10:52:30	Information:	Result object to save: 
03.09.2026 10:52:30	Information:	{"OrderResearchID":67171394,"OrderResearch":null,"ParameterID":200408,"Parameter":{"ShortNameRU":"АСаТ","ShortNameKZ":"АСаТ","ShortName":"АСаТ","DataType":0,"DataTypeName":"Число","UnitTypeID":100030,"UnitType":{"NameRU":"МЕ/л","NameKZ":"ХБ/л","Name":"МЕ/л","PublicCode":"10003000","OrderBy":31,"ID":100030,"StrID":"100030"},"MedicalFormID":null,"MedicalForm":null,"NameRU":"АСаТ","NameKZ":"АСаТ","Name":"АСаТ","PublicCode":"20040800","OrderBy":null,"ID":200408,"StrID":"200408"},"ParameterValueID":null,"ParameterValue":null,"ResultText":"33.66","ResultValue":null,"ResultDate":"2026-09-03T10:52:30.2640635+05:00","PostID":0,"Post":null,"ExecuteMethod":2,"SourceResultText":"33.66","SourceResultValue":null,"SourceResultExpression":null,"SourceUnitTypeID":100030,"SourceUnitType":{"NameRU":"МЕ/л","NameKZ":"ХБ/л","Name":"МЕ/л","PublicCode":"10003000","OrderBy":31,"ID":100030,"StrID":"100030"},"IsApproved":false,"ApproveDate":null,"ApprovePostID":null,"ApprovePost":null,"OrderNum":1,"WorkPlaceID":20747,"DriverManagerID":150,"BacteriologyResult":null,"AnalyzerId":38,"IsOrderProductionControl":false,"ID":0,"StrID":"0"}
03.09.2026 10:52:30	Information:	Save string: 
03.09.2026 10:52:30	Information:	{"OrderResearchID":67171394,"OrderResearch":{"OrderID":31168538,"ServiceMoID":2163651,"ServiceMoMasterDataID":8269465,"ServiceMo":{"OrgHealthCareID":"45500000000000909","ServiceID":256,"NameRU":"Определение аспартатаминотрансферазы (АСаТ) в сыворотке крови на анализаторе","NameKZ":"Қан сарысуындағы  аспартатаминотрансферазды  (АСаТ) талдауышта анықтау  ","Name":"Определение аспартатаминотрансферазы (АСаТ) в сыворотке крови на анализаторе","ShortNameRU":"Определение аспартатаминотрансферазы (АСаТ) в сыворотке крови на анализаторе","ShortNameKZ":"Қан сарысуындағы  аспартатаминотрансферазды  (АСаТ) талдауышта анықтау  ","ShortName":"Определение аспартатаминотрансферазы (АСаТ) в сыворотке крови на анализаторе","FullName":"B03.293.002 - Определение аспартатаминотрансферазы (АСаТ) в сыворотке крови на анализаторе","Code":"B03.293.002","ExternalCode":null,"ServiceClassID":5,"ServiceClass":{"ServiceTypeID":2,"OrderBy":5,"MasterDataID":5,"NameRU":"Клиническая химия (биохимия)","NameKZ":"Клиникалық химия (биохимия)","Name":"Клиническая химия (биохимия)","PublicCode":"500","EndDate":null,"ID":"5","StrID":"5"},"Service":{"NameRU":"Определение аспартатаминотрансферазы (АСаТ) в сыворотке крови на анализаторе","NameKZ":"Қан сарысуындағы аспартатаминотрансферазды (АСаТ) талдауышта анықтау","Name":"Определение аспартатаминотрансферазы (АСаТ) в сыворотке крови на анализаторе","ShortNameRU":"АСаТ на анализаторе","ShortNameKZ":"АСаТ на анализаторе","ShortName":"АСаТ на анализаторе","FullName":"B03.293.002 - Определение аспартатаминотрансферазы (АСаТ) в сыворотке крови на анализаторе","Code":"B03.293.002","ServiceClassID":5,"ServiceClass":null,"ServiceSubClassID":6,"ServiceSubClass":null,"MaterialTypeID":202,"MaterialType":null,"MasterDataID":3097,"ID":"256","StrID":"256"},"MasterDataID":8269465,"ServiceSubClassID":6,"PayType":1,"ServiceSubClass":null,"ID":"2163651","StrID":"2163651"},"FullName":"B03.293.002 - Определение аспартатаминотрансферазы (АСаТ) в сыворотке крови на анализаторе  () ","IsMain":true,"SourceID":"145165326_34026915","WorkPlaceID":20747,"WorkPlace":null,"DriverManager":null,"ParameterID":null,"Parameter":null,"AdditionalInfo":null,"Status":1,"PerformetServiceCount":7,"ResearchResultCount":0,"ApproveResearchResultCount":0,"NotSaveResearchResultCount":0,"ParentID":null,"ScreeningCandidatePlanGuid":null,"ScreeningUrl":null,"TakePlace":null,"MaterialTypeID":null,"MaterialType":null,"PartCount":0,"IsOrderProductionControl":false,"Uid":"9bc2f149-6616-4e0e-9b38-6500889b8f20","OrderPerformerServices":[],"OrderResearchAllergens":[],"Results":[],"IsResumed":false,"ExecutionType":0,"ID":"67171394","StrID":"67171394"},"ParameterID":200408,"Parameter":{"ShortNameRU":"АСаТ","ShortNameKZ":"АСаТ","ShortName":"АСаТ","DataType":0,"DataTypeName":"Число","UnitTypeID":100030,"UnitType":null,"MedicalFormID":null,"MasterDataID":0,"MedicalForm":null,"NameWithDataType":"АСаТ  (Число)","NameRU":"АСаТ","NameKZ":"АСаТ","Name":"АСаТ","PublicCode":"20040800","EndDate":null,"ID":"200408","StrID":"200408"},"ParameterValues":null,"ParameterValueID":null,"ParameterValue":null,"ResultText":"33.66","ResultValue":"33.66","ResultDate":"2026-09-03T10:52:30.7241388+05:00","PostID":"189416","Post":null,"ExecuteMethod":2,"SourceResultText":"33.66","SourceResultValue":"33.66","SourceResultExpression":null,"SourceUnitTypeID":100030,"SourceUnitType":{"OrderBy":31,"MasterDataID":null,"CDD_ID":null,"NameRU":"МЕ/л","NameKZ":"ХБ/л","Name":"МЕ/л","PublicCode":"10003000","EndDate":null,"ID":"100030","StrID":"100030"},"MultiplierID":null,"IsApproved":false,"IsValidated":false,"StandardMatchType":0,"ApproveDate":null,"ApprovePostID":null,"ApprovePost":null,"OrderNum":1,"WorkPlaceID":20747,"OrderID":null,"BacteriologyResult":null,"AnalyzerId":38,"IsOrderProductionControl":false,"ID":"207481437","StrID":"207481437"}
03.09.2026 10:52:30	Information:	Result object to save: 
03.09.2026 10:52:30	Information:	{"OrderResearchID":67171396,"OrderResearch":null,"ParameterID":201234,"Parameter":{"ShortNameRU":"ферритин в сыворотке крови","ShortNameKZ":"қан сарысуындағы ферритин","ShortName":"ферритин в сыворотке крови","DataType":0,"DataTypeName":"Число","UnitTypeID":100035,"UnitType":{"NameRU":"мкг/л","NameKZ":"мкг/л","Name":"мкг/л","PublicCode":"10003500","OrderBy":36,"ID":100035,"StrID":"100035"},"MedicalFormID":null,"MedicalForm":null,"NameRU":"ферритин в сыворотке крови","NameKZ":"қан сарысуындағы ферритин","Name":"ферритин в сыворотке крови","PublicCode":"20123400","OrderBy":null,"ID":201234,"StrID":"201234"},"ParameterValueID":null,"ParameterValue":null,"ResultText":"26.45","ResultValue":null,"ResultDate":"2026-09-03T10:52:30.26719+05:00","PostID":0,"Post":null,"ExecuteMethod":1,"SourceResultText":"26.45","SourceResultValue":null,"SourceResultExpression":null,"SourceUnitTypeID":100035,"SourceUnitType":{"NameRU":"мкг/л","NameKZ":"мкг/л","Name":"мкг/л","PublicCode":"10003500","OrderBy":36,"ID":100035,"StrID":"100035"},"IsApproved":false,"ApproveDate":null,"ApprovePostID":null,"ApprovePost":null,"OrderNum":1,"WorkPlaceID":20747,"DriverManagerID":150,"BacteriologyResult":null,"AnalyzerId":38,"IsOrderProductionControl":false,"ID":0,"StrID":"0"}
03.09.2026 10:52:30	Information:	Save string: 
03.09.2026 10:52:30	Information:	{"OrderResearchID":67171396,"OrderResearch":{"OrderID":31168538,"ServiceMoID":2164351,"ServiceMoMasterDataID":8269493,"ServiceMo":{"OrgHealthCareID":"45500000000000909","ServiceID":284,"NameRU":"Определение ферритина в сыворотке крови на анализаторе","NameKZ":"Қан сарысуындағы ферритинді талдауышта анықтау   ","Name":"Определение ферритина в сыворотке крови на анализаторе","ShortNameRU":"Определение ферритина в сыворотке крови на анализаторе","ShortNameKZ":"Қан сарысуындағы ферритинді талдауышта анықтау   ","ShortName":"Определение ферритина в сыворотке крови на анализаторе","FullName":"B03.500.002 - Определение ферритина в сыворотке крови на анализаторе","Code":"B03.500.002","ExternalCode":null,"ServiceClassID":5,"ServiceClass":{"ServiceTypeID":2,"OrderBy":5,"MasterDataID":5,"NameRU":"Клиническая химия (биохимия)","NameKZ":"Клиникалық химия (биохимия)","Name":"Клиническая химия (биохимия)","PublicCode":"500","EndDate":null,"ID":"5","StrID":"5"},"Service":{"NameRU":"Определение ферритина в сыворотке крови на анализаторе","NameKZ":"Қан сарысуындағы ферритинді талдауышта анықтау","Name":"Определение ферритина в сыворотке крови на анализаторе","ShortNameRU":"Ферритин на анализаторе","ShortNameKZ":"Ферритин на анализаторе","ShortName":"Ферритин на анализаторе","FullName":"B03.500.002 - Определение ферритина в сыворотке крови на анализаторе","Code":"B03.500.002","ServiceClassID":5,"ServiceClass":null,"ServiceSubClassID":6,"ServiceSubClass":null,"MaterialTypeID":202,"MaterialType":null,"MasterDataID":3125,"ID":"284","StrID":"284"},"MasterDataID":8269493,"ServiceSubClassID":6,"PayType":1,"ServiceSubClass":null,"ID":"2164351","StrID":"2164351"},"FullName":"B03.500.002 - Определение ферритина в сыворотке крови на анализаторе  () ","IsMain":true,"SourceID":"145165326_34026917","WorkPlaceID":20747,"WorkPlace":null,"DriverManager":null,"ParameterID":null,"Parameter":null,"AdditionalInfo":null,"Status":1,"PerformetServiceCount":9,"ResearchResultCount":0,"ApproveResearchResultCount":0,"NotSaveResearchResultCount":0,"ParentID":null,"ScreeningCandidatePlanGuid":null,"ScreeningUrl":null,"TakePlace":null,"MaterialTypeID":null,"MaterialType":null,"PartCount":0,"IsOrderProductionControl":false,"Uid":"ec4caaad-48c6-450c-ba91-2e11c256b0c4","OrderPerformerServices":[],"OrderResearchAllergens":[],"Results":[],"IsResumed":false,"ExecutionType":0,"ID":"67171396","StrID":"67171396"},"ParameterID":201234,"Parameter":{"ShortNameRU":"ферритин в сыворотке крови","ShortNameKZ":"қан сарысуындағы ферритин","ShortName":"ферритин в сыворотке крови","DataType":0,"DataTypeName":"Число","UnitTypeID":100035,"UnitType":null,"MedicalFormID":null,"MasterDataID":0,"MedicalForm":null,"NameWithDataType":"ферритин в сыворотке крови  (Число)","NameRU":"ферритин в сыворотке крови","NameKZ":"қан сарысуындағы ферритин","Name":"ферритин в сыворотке крови","PublicCode":"20123400","EndDate":null,"ID":"201234","StrID":"201234"},"ParameterValues":null,"ParameterValueID":null,"ParameterValue":null,"ResultText":"26.45000","ResultValue":"26.45000","ResultDate":"2026-09-03T10:52:30.859587+05:00","PostID":"189416","Post":null,"ExecuteMethod":2,"SourceResultText":"26.45000","SourceResultValue":"26.45000","SourceResultExpression":null,"SourceUnitTypeID":100035,"SourceUnitType":{"OrderBy":36,"MasterDataID":null,"CDD_ID":null,"NameRU":"мкг/л","NameKZ":"мкг/л","Name":"мкг/л","PublicCode":"10003500","EndDate":null,"ID":"100035","StrID":"100035"},"MultiplierID":null,"IsApproved":false,"IsValidated":false,"StandardMatchType":0,"ApproveDate":null,"ApprovePostID":null,"ApprovePost":null,"OrderNum":1,"WorkPlaceID":20747,"OrderID":null,"BacteriologyResult":null,"AnalyzerId":38,"IsOrderProductionControl":false,"ID":"207481438","StrID":"207481438"}
03.09.2026 10:52:30	Information:	Result object to save: 
03.09.2026 10:52:30	Information:	{"OrderResearchID":67171397,"OrderResearch":null,"ParameterID":200852,"Parameter":{"ShortNameRU":"мочевина в сыворотке крови","ShortNameKZ":"қан сарысуындағы несепнәр","ShortName":"мочевина в сыворотке крови","DataType":0,"DataTypeName":"Число","UnitTypeID":100051,"UnitType":{"NameRU":"ммоль/л","NameKZ":"ммоль/л","Name":"ммоль/л","PublicCode":"10005100","OrderBy":52,"ID":100051,"StrID":"100051"},"MedicalFormID":null,"MedicalForm":null,"NameRU":"мочевина в сыворотке крови","NameKZ":"қан сарысуындағы несепнәр","Name":"мочевина в сыворотке крови","PublicCode":"20085200","OrderBy":null,"ID":200852,"StrID":"200852"},"ParameterValueID":null,"ParameterValue":null,"ResultText":"3.28","ResultValue":null,"ResultDate":"2026-09-03T10:52:30.2702833+05:00","PostID":0,"Post":null,"ExecuteMethod":2,"SourceResultText":"3.28","SourceResultValue":null,"SourceResultExpression":null,"SourceUnitTypeID":100051,"SourceUnitType":{"NameRU":"ммоль/л","NameKZ":"ммоль/л","Name":"ммоль/л","PublicCode":"10005100","OrderBy":52,"ID":100051,"StrID":"100051"},"IsApproved":false,"ApproveDate":null,"ApprovePostID":null,"ApprovePost":null,"OrderNum":1,"WorkPlaceID":20747,"DriverManagerID":150,"BacteriologyResult":null,"AnalyzerId":38,"IsOrderProductionControl":false,"ID":0,"StrID":"0"}
03.09.2026 10:52:30	Information:	Save string: 
03.09.2026 10:52:30	Information:	{"OrderResearchID":67171397,"OrderResearch":{"OrderID":31168538,"ServiceMoID":2164626,"ServiceMoMasterDataID":8269504,"ServiceMo":{"OrgHealthCareID":"45500000000000909","ServiceID":295,"NameRU":"Определение мочевины в сыворотке крови на анализаторе","NameKZ":"Қан сарысуындағы несепнәрді  талдауышта анықтау ","Name":"Определение мочевины в сыворотке крови на анализаторе","ShortNameRU":"Определение мочевины в сыворотке крови на анализаторе","ShortNameKZ":"Қан сарысуындағы несепнәрді  талдауышта анықтау ","ShortName":"Определение мочевины в сыворотке крови на анализаторе","FullName":"B03.386.002 - Определение мочевины в сыворотке крови на анализаторе","Code":"B03.386.002","ExternalCode":null,"ServiceClassID":5,"ServiceClass":{"ServiceTypeID":2,"OrderBy":5,"MasterDataID":5,"NameRU":"Клиническая химия (биохимия)","NameKZ":"Клиникалық химия (биохимия)","Name":"Клиническая химия (биохимия)","PublicCode":"500","EndDate":null,"ID":"5","StrID":"5"},"Service":{"NameRU":"Определение мочевины в сыворотке крови на анализаторе","NameKZ":"Қан сарысуындағы несепнәрді талдауышта анықтау","Name":"Определение мочевины в сыворотке крови на анализаторе","ShortNameRU":"Мочевина на анализаторе","ShortNameKZ":"Мочевина на анализаторе","ShortName":"Мочевина на анализаторе","FullName":"B03.386.002 - Определение мочевины в сыворотке крови на анализаторе","Code":"B03.386.002","ServiceClassID":5,"ServiceClass":null,"ServiceSubClassID":6,"ServiceSubClass":null,"MaterialTypeID":202,"MaterialType":null,"MasterDataID":3136,"ID":"295","StrID":"295"},"MasterDataID":8269504,"ServiceSubClassID":6,"PayType":1,"ServiceSubClass":null,"ID":"2164626","StrID":"2164626"},"FullName":"B03.386.002 - Определение мочевины в сыворотке крови на анализаторе  () ","IsMain":true,"SourceID":"145165326_34026912","WorkPlaceID":20747,"WorkPlace":null,"DriverManager":null,"ParameterID":null,"Parameter":null,"AdditionalInfo":null,"Status":1,"PerformetServiceCount":7,"ResearchResultCount":0,"ApproveResearchResultCount":0,"NotSaveResearchResultCount":0,"ParentID":null,"ScreeningCandidatePlanGuid":null,"ScreeningUrl":null,"TakePlace":null,"MaterialTypeID":null,"MaterialType":null,"PartCount":0,"IsOrderProductionControl":false,"Uid":"42fea37d-d44e-40e1-a6a0-057e2fd5196f","OrderPerformerServices":[],"OrderResearchAllergens":[],"Results":[],"IsResumed":false,"ExecutionType":0,"ID":"67171397","StrID":"67171397"},"ParameterID":200852,"Parameter":{"ShortNameRU":"мочевина в сыворотке крови","ShortNameKZ":"қан сарысуындағы несепнәр","ShortName":"мочевина в сыворотке крови","DataType":0,"DataTypeName":"Число","UnitTypeID":100051,"UnitType":null,"MedicalFormID":null,"MasterDataID":0,"MedicalForm":null,"NameWithDataType":"мочевина в сыворотке крови  (Число)","NameRU":"мочевина в сыворотке крови","NameKZ":"қан сарысуындағы несепнәр","Name":"мочевина в сыворотке крови","PublicCode":"20085200","EndDate":null,"ID":"200852","StrID":"200852"},"ParameterValues":null,"ParameterValueID":null,"ParameterValue":null,"ResultText":"3.28","ResultValue":"3.28","ResultDate":"2026-09-03T10:52:30.9645406+05:00","PostID":"189416","Post":null,"ExecuteMethod":2,"SourceResultText":"3.28","SourceResultValue":"3.28","SourceResultExpression":null,"SourceUnitTypeID":100051,"SourceUnitType":{"OrderBy":52,"MasterDataID":null,"CDD_ID":null,"NameRU":"ммоль/л","NameKZ":"ммоль/л","Name":"ммоль/л","PublicCode":"10005100","EndDate":null,"ID":"100051","StrID":"100051"},"MultiplierID":null,"IsApproved":false,"IsValidated":false,"StandardMatchType":0,"ApproveDate":null,"ApprovePostID":null,"ApprovePost":null,"OrderNum":1,"WorkPlaceID":20747,"OrderID":null,"BacteriologyResult":null,"AnalyzerId":38,"IsOrderProductionControl":false,"ID":"207481439","StrID":"207481439"}
03.09.2026 10:52:30	Information:	Result object to save: 
03.09.2026 10:52:30	Information:	{"OrderResearchID":67171398,"OrderResearch":null,"ParameterID":200744,"Parameter":{"ShortNameRU":"креатинин в крови","ShortNameKZ":"қандағы креатинин","ShortName":"креатинин в крови","DataType":0,"DataTypeName":"Число","UnitTypeID":100041,"UnitType":{"NameRU":"мкмоль/л","NameKZ":"мкмоль/л","Name":"мкмоль/л","PublicCode":"10004100","OrderBy":42,"ID":100041,"StrID":"100041"},"MedicalFormID":null,"MedicalForm":null,"NameRU":"креатинин в крови","NameKZ":"қандағы креатинин","Name":"креатинин в крови","PublicCode":"20074400","OrderBy":null,"ID":200744,"StrID":"200744"},"ParameterValueID":null,"ParameterValue":null,"ResultText":"20.10","ResultValue":null,"ResultDate":"2026-09-03T10:52:30.2738339+05:00","PostID":0,"Post":null,"ExecuteMethod":2,"SourceResultText":"20.10","SourceResultValue":null,"SourceResultExpression":null,"SourceUnitTypeID":100041,"SourceUnitType":{"NameRU":"мкмоль/л","NameKZ":"мкмоль/л","Name":"мкмоль/л","PublicCode":"10004100","OrderBy":42,"ID":100041,"StrID":"100041"},"IsApproved":false,"ApproveDate":null,"ApprovePostID":null,"ApprovePost":null,"OrderNum":1,"WorkPlaceID":20747,"DriverManagerID":150,"BacteriologyResult":null,"AnalyzerId":38,"IsOrderProductionControl":false,"ID":0,"StrID":"0"}
03.09.2026 10:52:30	Information:	Save string: 
03.09.2026 10:52:30	Information:	{"OrderResearchID":67171398,"OrderResearch":{"OrderID":31168538,"ServiceMoID":2164651,"ServiceMoMasterDataID":8269505,"ServiceMo":{"OrgHealthCareID":"45500000000000909","ServiceID":296,"NameRU":"Определение креатинина в сыворотке крови на анализаторе","NameKZ":"Қан сарысуындағы  креатининді талдауышта анықтау ","Name":"Определение креатинина в сыворотке крови на анализаторе","ShortNameRU":"Определение креатинина в сыворотке крови на анализаторе","ShortNameKZ":"Қан сарысуындағы  креатининді талдауышта анықтау ","ShortName":"Определение креатинина в сыворотке крови на анализаторе","FullName":"B03.363.002 - Определение креатинина в сыворотке крови на анализаторе","Code":"B03.363.002","ExternalCode":null,"ServiceClassID":5,"ServiceClass":{"ServiceTypeID":2,"OrderBy":5,"MasterDataID":5,"NameRU":"Клиническая химия (биохимия)","NameKZ":"Клиникалық химия (биохимия)","Name":"Клиническая химия (биохимия)","PublicCode":"500","EndDate":null,"ID":"5","StrID":"5"},"Service":{"NameRU":"Определение креатинина в сыворотке крови на анализаторе","NameKZ":"Қан сарысуындағы креатининді талдауышта анықтау","Name":"Определение креатинина в сыворотке крови на анализаторе","ShortNameRU":"Креатинин на анализаторе","ShortNameKZ":"Креатинин на анализаторе","ShortName":"Креатинин на анализаторе","FullName":"B03.363.002 - Определение креатинина в сыворотке крови на анализаторе","Code":"B03.363.002","ServiceClassID":5,"ServiceClass":null,"ServiceSubClassID":6,"ServiceSubClass":null,"MaterialTypeID":202,"MaterialType":null,"MasterDataID":3137,"ID":"296","StrID":"296"},"MasterDataID":8269505,"ServiceSubClassID":6,"PayType":1,"ServiceSubClass":null,"ID":"2164651","StrID":"2164651"},"FullName":"B03.363.002 - Определение креатинина в сыворотке крови на анализаторе  () ","IsMain":true,"SourceID":"145165326_34026913","WorkPlaceID":20747,"WorkPlace":null,"DriverManager":null,"ParameterID":null,"Parameter":null,"AdditionalInfo":null,"Status":1,"PerformetServiceCount":7,"ResearchResultCount":0,"ApproveResearchResultCount":0,"NotSaveResearchResultCount":0,"ParentID":null,"ScreeningCandidatePlanGuid":null,"ScreeningUrl":null,"TakePlace":null,"MaterialTypeID":null,"MaterialType":null,"PartCount":0,"IsOrderProductionControl":false,"Uid":"c4393765-cccb-4492-9c9e-65ed43c6de5c","OrderPerformerServices":[],"OrderResearchAllergens":[],"Results":[],"IsResumed":false,"ExecutionType":0,"ID":"67171398","StrID":"67171398"},"ParameterID":200744,"Parameter":{"ShortNameRU":"креатинин в крови","ShortNameKZ":"қандағы креатинин","ShortName":"креатинин в крови","DataType":0,"DataTypeName":"Число","UnitTypeID":100041,"UnitType":null,"MedicalFormID":null,"MasterDataID":0,"MedicalForm":null,"NameWithDataType":"креатинин в крови  (Число)","NameRU":"креатинин в крови","NameKZ":"қандағы креатинин","Name":"креатинин в крови","PublicCode":"20074400","EndDate":null,"ID":"200744","StrID":"200744"},"ParameterValues":null,"ParameterValueID":null,"ParameterValue":null,"ResultText":"20.10","ResultValue":"20.10","ResultDate":"2026-09-03T10:52:31.0479913+05:00","PostID":"189416","Post":null,"ExecuteMethod":2,"SourceResultText":"20.10","SourceResultValue":"20.10","SourceResultExpression":null,"SourceUnitTypeID":100041,"SourceUnitType":{"OrderBy":42,"MasterDataID":null,"CDD_ID":null,"NameRU":"мкмоль/л","NameKZ":"мкмоль/л","Name":"мкмоль/л","PublicCode":"10004100","EndDate":null,"ID":"100041","StrID":"100041"},"MultiplierID":null,"IsApproved":false,"IsValidated":false,"StandardMatchType":0,"ApproveDate":null,"ApprovePostID":null,"ApprovePost":null,"OrderNum":1,"WorkPlaceID":20747,"OrderID":null,"BacteriologyResult":null,"AnalyzerId":38,"IsOrderProductionControl":false,"ID":"207481440","StrID":"207481440"}
03.09.2026 10:52:30	Debug:	 SendResults SaveDeviceResults = 713 ms
03.09.2026 10:52:30	Debug:	 total for SendResults = 982 ms
03.09.2026 10:53:42	Information:	Received bytes(encoded):MSH|^~\&|||||20260903105242||ORU^R01|171|P|2.3.1||||0||ASCII|||PID|95|||||||O|||||||||||||||||||||||OBR|95|51563965|5|^|N|20260903084550|20260903084451|20260903084451||1^3||||20260903084451|?????|||||||||||||||||||||||||||||||||OBX|1|NM|T-Bil-V|Bilirubin Total (VOX Method)|4.381843|?mol/L|-|N|||F||4.381843|20260903105158|||0||OBX|2|NM|D-Bil-V|Bilirubin Direct (VOX Method)|1.289172|?mol/L|-|N|||F||1.289172|20260903105213|||0||OBX|3|NM|ALT|Alanine Aminotransferase|36.926710|U/L|-|N|||F||36.926710|20260903105027|||0|RGTE|OBX|4|NM|AST|Aspartate Aminotransferase|48.693844|U/L|-|N|||F||48.693844|20260903105042|||0||OBX|5|NM|CRP|C-Reactive Protein|3.942963|mg/L|-|N|||F||3.942963|20260903105242|||0||OBX|6|NM|TP|Total Protein|68.206979|g/L|-|N|||F||68.206979|20260903105213|||0||OBX|7|NM|CREA-S|Creatinine (Sarcosine Oxidase Method)|34.633832|?mol/L|-|N|||F||34.633832|20260903105212|||0||OBX|8|NM|UREA|Urea|4.472987|mmol/L|-|N|||F||4.472987|20260903105057|||0||OBX|9|NM||AST/ALT|1.319783||-|N|||F||1.319783||||
03.09.2026 10:53:42	Information:	Add Frame:
03.09.2026 10:53:42	Information:	MSH|^~\&|||||20260903105242||ORU^R01|171|P|2.3.1||||0||ASCII|||
03.09.2026 10:53:42	Information:	In Header
03.09.2026 10:53:42	Information:	MessageType: ORU
03.09.2026 10:53:42	Information:	After message type
03.09.2026 10:53:42	Information:	After ask
03.09.2026 10:53:42	Information:	After version
03.09.2026 10:53:42	Information:	Add Frame:
03.09.2026 10:53:42	Information:	PID|95|||||||O|||||||||||||||||||||||
03.09.2026 10:53:42	Information:	Add Frame:
03.09.2026 10:53:42	Information:	OBR|95|51563965|5|^|N|20260903084550|20260903084451|20260903084451||1^3||||20260903084451|?????|||||||||||||||||||||||||||||||||
03.09.2026 10:53:42	Information:	Add Frame:
03.09.2026 10:53:42	Information:	OBX|1|NM|T-Bil-V|Bilirubin Total (VOX Method)|4.381843|?mol/L|-|N|||F||4.381843|20260903105158|||0||
03.09.2026 10:53:42	Information:	Add Frame:
03.09.2026 10:53:42	Information:	OBX|2|NM|D-Bil-V|Bilirubin Direct (VOX Method)|1.289172|?mol/L|-|N|||F||1.289172|20260903105213|||0||
03.09.2026 10:53:42	Information:	Add Frame:
03.09.2026 10:53:42	Information:	OBX|3|NM|ALT|Alanine Aminotransferase|36.926710|U/L|-|N|||F||36.926710|20260903105027|||0|RGTE|
03.09.2026 10:53:42	Information:	Add Frame:
03.09.2026 10:53:42	Information:	OBX|4|NM|AST|Aspartate Aminotransferase|48.693844|U/L|-|N|||F||48.693844|20260903105042|||0||
03.09.2026 10:53:42	Information:	Add Frame:
03.09.2026 10:53:42	Information:	OBX|5|NM|CRP|C-Reactive Protein|3.942963|mg/L|-|N|||F||3.942963|20260903105242|||0||
03.09.2026 10:53:42	Information:	Add Frame:
03.09.2026 10:53:42	Information:	OBX|6|NM|TP|Total Protein|68.206979|g/L|-|N|||F||68.206979|20260903105213|||0||
03.09.2026 10:53:42	Information:	Add Frame:
03.09.2026 10:53:42	Information:	OBX|7|NM|CREA-S|Creatinine (Sarcosine Oxidase Method)|34.633832|?mol/L|-|N|||F||34.633832|20260903105212|||0||
03.09.2026 10:53:42	Information:	Add Frame:
03.09.2026 10:53:42	Information:	OBX|8|NM|UREA|Urea|4.472987|mmol/L|-|N|||F||4.472987|20260903105057|||0||
03.09.2026 10:53:42	Information:	Received bytes(encoded):||
03.09.2026 10:53:42	Information:	Add Frame:
03.09.2026 10:53:42	Information:	OBX|9|NM||AST/ALT|1.319783||-|N|||F||1.319783||||||
03.09.2026 10:53:42	Information:	Add Frame:
03.09.2026 10:53:42	Information:	
03.09.2026 10:53:42	Debug:	read message: 2ms
03.09.2026 10:53:42	Information:	The answer message is created successfully
03.09.2026 10:53:42	Information:	Sending answer...
03.09.2026 10:53:42	Information:	We are in ORU Message
03.09.2026 10:53:42	Information:	MSH MSH|^~\&|||||20260903105242||ORU^R01|171|P|2.3.1||||0||ASCII||||
03.09.2026 10:53:42	Information:	PID PID|95|||||||O||||||||||||||||||||||||
03.09.2026 10:53:42	Information:	PatientRecord in message is successfully  processed
03.09.2026 10:53:42	Information:	The patient order is successfully processed
03.09.2026 10:53:42	Information:	The order record is successfully processed
03.09.2026 10:53:42	Information:	The order record is successfully processed
03.09.2026 10:53:42	Information:	The order record is successfully processed
03.09.2026 10:53:42	Information:	The order record is successfully processed
03.09.2026 10:53:42	Information:	The order record is successfully processed
03.09.2026 10:53:42	Information:	The order record is successfully processed
03.09.2026 10:53:42	Information:	The order record is successfully processed
03.09.2026 10:53:42	Information:	The order record is successfully processed
03.09.2026 10:53:42	Information:	The order record is successfully processed
03.09.2026 10:53:42	Information:	The ORU message is successfully processed
03.09.2026 10:53:42	Debug:	Process message: 8ms
03.09.2026 10:53:42	Debug:	Total time : 12ms
03.09.2026 10:53:42	Information:	Sended bytes:  11 77 83 72 124 94 126 92 38 124 77 105 110 100 114 97 121 124 124 124 124 50 48 50 54 48 57 48 51 49 48 53 51 52 50 124 124 65 67 75 94 82 48 49 124 49 55 49 124 80 124 50 46 51 46 49 124 124 124 124 48 124 124 117 115 45 97 115 99 105 105 124 124 124 13 77 83 65 124 65 65 124 49 55 49 124 77 101 115 115 97 103 101 32 97 99 99 101 112 116 101 100 124 124 124 48 124 13 28 13
03.09.2026 10:53:42	Information:	Sended string MSH|^~\&|Mindray||||20260903105342||ACK^R01|171|P|2.3.1||||0||us-ascii|||MSA|AA|171|Message accepted|||0|
03.09.2026 10:53:42	Debug:	SendResults:	check DriverRequests=	0	ms
03.09.2026 10:53:42	Information:	ByBarcode 51563965
03.09.2026 10:53:43	Information:	GetLinesByBarcodes
03.09.2026 10:53:43	Information:	{
"WorkPlaceID": 20747,
"BeginDate": "2026-06-04",
"EndDate": "2026-09-04",
"OrderNumber": "51563965",
"Offset": 0,
"Limit": 1
}


03.09.2026 10:53:43	Information:	GetByBarcodeReturn: 
03.09.2026 10:53:43	Information:	{"Data":[{"ID":31169216,"StrID":"31169216","OrderNumber":"51563965","OrderRegDate":"2026-09-03T07:07:43.07","PlanExecutionDate":"2026-09-03T07:07:00","SenderMoID":45500000000000909,"SenderMo":{"NameRU":"Некоммерческое акционерное общество \"Медицинский университет Семей\"","NameKZ":"\"Семей медицина университеті\" коммерциялық емес акционерлік қоғамы","Name":"Некоммерческое акционерное общество \"Медицинский университет Семей\"","ShortNameRU":"НАО \"МУС\"","ShortNameKZ":"\"СМУ\" КеАҚ","ShortName":"НАО \"МУС\"","PublicCode":"237J","AddressRU":"ВКО, г. Семей, ул. Абая Кунанбаева 103","AddressKZ":"ВКО, г. Семей, ул. Абая Кунанбаева 103","Address":"ВКО, г. Семей, ул. Абая Кунанбаева 103","OriginalID":"45500000000000909","IsWork":true,"RegionID":20,"BIN":"190240004938","MasterDataID":4911,"PhonesData":{"OrgHealthCarePhones":[]},"IsPostmortem":false,"IsHospital":true,"Code":null,"ID":"45500000000000909","StrID":"45500000000000909"},"ReceiverMoID":45500000000000909,"ReceiverMo":null,"PatientDetailID":40919706,"PatientDetail":{"PersonID":"1983686","Person":{"IIN":"170106501764","LastName":"СЕРІКҚАН","FirstName":"ЖАНТӨРЕ","SecondName":"ҚУАТБЕКҰЛЫ","FullName":"СЕРІКҚАН ЖАНТӨРЕ ҚУАТБЕКҰЛЫ","FullNameIOF":"ЖАНТӨРЕ ҚУАТБЕКҰЛЫ СЕРІКҚАН","DisplayText":"170106501764 ЖАНТӨРЕ ҚУАТБЕКҰЛЫ СЕРІКҚАН 06.01.2017","IinFullName":"170106501764 - СЕРІКҚАН ЖАНТӨРЕ ҚУАТБЕКҰЛЫ","BirthDate":"2017-01-06T00:00:00","BirthDateStr":"06.01.2017","DeathDate":null,"DeathDateStr":"","BioSexID":3,"BioSex":null,"NationalityID":null,"Nationality":null,"CitizenshipID":null,"Citizenship":null,"MasterDataID":137992499,"RpnID":"15300000035644144","KmisID":"60300000000441724","Type":1,"Age":0,"IsStillborn":false,"IsEarlyNeonatalDeathUp28days":false,"IsDeadPerson":false,"ID":"1983686","StrID":"1983686"},"AddressRU":"РЕСПУБЛИКА: Казахстан , ОБЛАСТЬ: Абай , ГОРОД ОБЛ.ЗНАЧ.: Семей  , УЛИЦА: Дулат Бабатайулы , ДОМ: 79 ","AddressKZ":": Қазақстан , : Абай , : Семей Қ.  , КӨШЕСІ: Дулат Бабатайулы , YЙ: 79 ","Address":"РЕСПУБЛИКА: Казахстан , ОБЛАСТЬ: Абай , ГОРОД ОБЛ.ЗНАЧ.: Семей  , УЛИЦА: Дулат Бабатайулы , ДОМ: 79 ","MasterDataAddressID":15496439,"WorkPlace":"Школа ОСШВИ КГУ \"Средняя общеобразовательная школа №32\"!, Класс 3 В","WorkPosition":null,"DocumentNumber":"5218637","DocumentTypeID":3,"DocumentType":null,"NationalityID":null,"DocumentTypeName":null,"Phones":"+7 (702) 708-00-04","ExternalCardID":"5957124","CardType":1,"CardNumber":"65190","CitizenshipCategoryID":1,"CitizenshipCategory":null,"ResidenceTypeID":3,"ResidenceType":null,"MotherPersonID":349604,"MotherPerson":null,"IsForeigner":false,"IsHomeless":false,"IsDeadPerson":false,"IsResident":true,"ID":"40919706","StrID":"40919706"},"Person":{"IIN":"170106501764","LastName":"СЕРІКҚАН","FirstName":"ЖАНТӨРЕ","SecondName":"ҚУАТБЕКҰЛЫ","FullName":"СЕРІКҚАН ЖАНТӨРЕ ҚУАТБЕКҰЛЫ","FullNameIOF":"ЖАНТӨРЕ ҚУАТБЕКҰЛЫ СЕРІКҚАН","DisplayText":"170106501764 ЖАНТӨРЕ ҚУАТБЕКҰЛЫ СЕРІКҚАН 06.01.2017","IinFullName":"170106501764 - СЕРІКҚАН ЖАНТӨРЕ ҚУАТБЕКҰЛЫ","BirthDate":"2017-01-06T00:00:00","BirthDateStr":"06.01.2017","DeathDate":null,"DeathDateStr":"","BioSexID":3,"BioSex":null,"NationalityID":null,"Nationality":null,"CitizenshipID":null,"Citizenship":null,"MasterDataID":137992499,"RpnID":"15300000035644144","KmisID":"60300000000441724","Type":1,"Age":0,"IsStillborn":false,"IsEarlyNeonatalDeathUp28days":false,"IsDeadPerson":false,"ID":"1983686","StrID":"1983686"},"IsCito":false,"ExternalSystem":1,"OrderResultFileID":null,"OrderResultFileStorageID":null,"OrderResultDate":null,"Status":1,"DeleteDate":null,"ResultNotes":null,"Comment":"","ExternalOrderNumber":"51563965","ExaminationTypeID":null,"ExaminationType":null,"ExaminationIndicationID":null,"ExaminationIndication":null,"Uid":"374D773D-03B8-43C8-B528-06D829194363","SenderPostFullName":"КИКИМБАЕВА РАУШАН КУСАИНОВНА","SenderFuncStructureNameRU":"Отделение педиатрии","SenderFuncStructureNameKZ":"Педиатр бөлімі","IsSamplingOfMaterialsAtReceiver":false,"MisID":42195614,"Materials":[{"OrderID":31169216,"Uid":"117cbe0f-4802-441c-b58e-69d5eed5bb36","MaterialNumber":"51563965","MaterialTypeID":363,"MaterialType":{"OrderBy":0,"ParentID":202,"HasChildren":false,"MasterDataID":489,"Parent":null,"NameRU":"Кровь венозная","NameKZ":"Кровь венозная","Name":"Кровь венозная","PublicCode":"36300","EndDate":null,"ID":"363","StrID":"363"},"TakeDate":"2026-09-03T07:07:00","TakeDateStr":"03.09.2026 07:07","TakePlace":"педиатрия","RejectionReason":null,"RejectionTakenMeasures":null,"ReceiptDate":null,"ReceiptDateStr":null,"RejectionCreatePostID":null,"RejectionCreatePost":null,"SampleCollectorPostIIN":"670604401046","SampleCollectorPostID":null,"Researches":[],"RejectedMaterialImageID":null,"File":null,"ID":"31456137","StrID":"31456137"}],"Researches":[]}],"Total":1}
03.09.2026 10:53:43	Information:	OrderedWW 51563965 Biomat 0 Device 20747
03.09.2026 10:53:43	Information:	ResearchResult
03.09.2026 10:53:43	Information:	{
"OrderID": "31169216",
"WorkPlaceID": 20747
}


03.09.2026 10:53:43	Information:	[{"OrderResearchID":67173271,"OrderResearch":null,"ParameterID":200918,"Parameter":{"ShortNameRU":"общий белок в сыворотке крови","ShortNameKZ":"қан сарысуындағы жалпы ақуыз","ShortName":"общий белок в сыворотке крови","DataType":0,"DataTypeName":"Число","UnitTypeID":100012,"UnitType":{"OrderBy":13,"MasterDataID":null,"CDD_ID":null,"NameRU":"г/л","NameKZ":"г/л","Name":"г/л","PublicCode":"10001200","EndDate":null,"ID":"100012","StrID":"100012"},"MedicalFormID":null,"MasterDataID":0,"MedicalForm":null,"NameWithDataType":"общий белок в сыворотке крови  (Число)","NameRU":"общий белок в сыворотке крови","NameKZ":"қан сарысуындағы жалпы ақуыз","Name":"общий белок в сыворотке крови","PublicCode":"20091800","EndDate":null,"ID":"200918","StrID":"200918"},"ParameterValues":null,"ParameterValueID":null,"ParameterValue":null,"ResultText":null,"ResultValue":null,"ResultDate":"2026-09-03T10:53:43.5328254+05:00","PostID":"0","Post":null,"ExecuteMethod":2,"SourceResultText":null,"SourceResultValue":null,"SourceResultExpression":null,"SourceUnitTypeID":100012,"SourceUnitType":{"OrderBy":13,"MasterDataID":null,"CDD_ID":null,"NameRU":"г/л","NameKZ":"г/л","Name":"г/л","PublicCode":"10001200","EndDate":null,"ID":"100012","StrID":"100012"},"MultiplierID":null,"IsApproved":false,"IsValidated":false,"StandardMatchType":0,"ApproveDate":null,"ApprovePostID":null,"ApprovePost":null,"OrderNum":1,"WorkPlaceID":20747,"OrderID":null,"BacteriologyResult":null,"AnalyzerId":null,"IsOrderProductionControl":false,"ID":"0","StrID":"0"},{"OrderResearchID":67173270,"OrderResearch":null,"ParameterID":200357,"Parameter":{"ShortNameRU":"АЛаТ","ShortNameKZ":"АЛаТ","ShortName":"АЛаТ","DataType":0,"DataTypeName":"Число","UnitTypeID":100030,"UnitType":{"OrderBy":31,"MasterDataID":null,"CDD_ID":null,"NameRU":"МЕ/л","NameKZ":"ХБ/л","Name":"МЕ/л","PublicCode":"10003000","EndDate":null,"ID":"100030","StrID":"100030"},"MedicalFormID":null,"MasterDataID":0,"MedicalForm":null,"NameWithDataType":"АЛаТ  (Число)","NameRU":"АЛаТ","NameKZ":"АЛаТ","Name":"АЛаТ","PublicCode":"20035700","EndDate":null,"ID":"200357","StrID":"200357"},"ParameterValues":null,"ParameterValueID":null,"ParameterValue":null,"ResultText":null,"ResultValue":null,"ResultDate":"2026-09-03T10:53:43.5484601+05:00","PostID":"0","Post":null,"ExecuteMethod":2,"SourceResultText":null,"SourceResultValue":null,"SourceResultExpression":null,"SourceUnitTypeID":100030,"SourceUnitType":{"OrderBy":31,"MasterDataID":null,"CDD_ID":null,"NameRU":"МЕ/л","NameKZ":"ХБ/л","Name":"МЕ/л","PublicCode":"10003000","EndDate":null,"ID":"100030","StrID":"100030"},"MultiplierID":null,"IsApproved":false,"IsValidated":false,"StandardMatchType":0,"ApproveDate":null,"ApprovePostID":null,"ApprovePost":null,"OrderNum":1,"WorkPlaceID":20747,"OrderID":null,"BacteriologyResult":null,"AnalyzerId":null,"IsOrderProductionControl":false,"ID":"0","StrID":"0"},{"OrderResearchID":67173273,"OrderResearch":null,"ParameterID":200919,"Parameter":{"ShortNameRU":"общий билирубин в сыворотке крови","ShortNameKZ":"қан сарысуындағы жалпы билирубин","ShortName":"общий билирубин в сыворотке крови","DataType":0,"DataTypeName":"Число","UnitTypeID":100041,"UnitType":{"OrderBy":42,"MasterDataID":null,"CDD_ID":null,"NameRU":"мкмоль/л","NameKZ":"мкмоль/л","Name":"мкмоль/л","PublicCode":"10004100","EndDate":null,"ID":"100041","StrID":"100041"},"MedicalFormID":null,"MasterDataID":0,"MedicalForm":null,"NameWithDataType":"общий билирубин в сыворотке крови  (Число)","NameRU":"общий билирубин в сыворотке крови","NameKZ":"қан сарысуындағы жалпы билирубин","Name":"общий билирубин в сыворотке крови","PublicCode":"20091900","EndDate":null,"ID":"200919","StrID":"200919"},"ParameterValues":null,"ParameterValueID":null,"ParameterValue":null,"ResultText":null,"ResultValue":null,"ResultDate":"2026-09-03T10:53:43.5484601+05:00","PostID":"0","Post":null,"ExecuteMethod":2,"SourceResultText":null,"SourceResultValue":null,"SourceResultExpression":null,"SourceUnitTypeID":100041,"SourceUnitType":{"OrderBy":42,"MasterDataID":null,"CDD_ID":null,"NameRU":"мкмоль/л","NameKZ":"мкмоль/л","Name":"мкмоль/л","PublicCode":"10004100","EndDate":null,"ID":"100041","StrID":"100041"},"MultiplierID":null,"IsApproved":false,"IsValidated":false,"StandardMatchType":0,"ApproveDate":null,"ApprovePostID":null,"ApprovePost":null,"OrderNum":1,"WorkPlaceID":20747,"OrderID":null,"BacteriologyResult":null,"AnalyzerId":null,"IsOrderProductionControl":false,"ID":"0","StrID":"0"},{"OrderResearchID":67173272,"OrderResearch":null,"ParameterID":200408,"Parameter":{"ShortNameRU":"АСаТ","ShortNameKZ":"АСаТ","ShortName":"АСаТ","DataType":0,"DataTypeName":"Число","UnitTypeID":100030,"UnitType":{"OrderBy":31,"MasterDataID":null,"CDD_ID":null,"NameRU":"МЕ/л","NameKZ":"ХБ/л","Name":"МЕ/л","PublicCode":"10003000","EndDate":null,"ID":"100030","StrID":"100030"},"MedicalFormID":null,"MasterDataID":0,"MedicalForm":null,"NameWithDataType":"АСаТ  (Число)","NameRU":"АСаТ","NameKZ":"АСаТ","Name":"АСаТ","PublicCode":"20040800","EndDate":null,"ID":"200408","StrID":"200408"},"ParameterValues":null,"ParameterValueID":null,"ParameterValue":null,"ResultText":null,"ResultValue":null,"ResultDate":"2026-09-03T10:53:43.5484601+05:00","PostID":"0","Post":null,"ExecuteMethod":2,"SourceResultText":null,"SourceResultValue":null,"SourceResultExpression":null,"SourceUnitTypeID":100030,"SourceUnitType":{"OrderBy":31,"MasterDataID":null,"CDD_ID":null,"NameRU":"МЕ/л","NameKZ":"ХБ/л","Name":"МЕ/л","PublicCode":"10003000","EndDate":null,"ID":"100030","StrID":"100030"},"MultiplierID":null,"IsApproved":false,"IsValidated":false,"StandardMatchType":0,"ApproveDate":null,"ApprovePostID":null,"ApprovePost":null,"OrderNum":1,"WorkPlaceID":20747,"OrderID":null,"BacteriologyResult":null,"AnalyzerId":null,"IsOrderProductionControl":false,"ID":"0","StrID":"0"},{"OrderResearchID":67173274,"OrderResearch":null,"ParameterID":200852,"Parameter":{"ShortNameRU":"мочевина в сыворотке крови","ShortNameKZ":"қан сарысуындағы несепнәр","ShortName":"мочевина в сыворотке крови","DataType":0,"DataTypeName":"Число","UnitTypeID":100051,"UnitType":{"OrderBy":52,"MasterDataID":null,"CDD_ID":null,"NameRU":"ммоль/л","NameKZ":"ммоль/л","Name":"ммоль/л","PublicCode":"10005100","EndDate":null,"ID":"100051","StrID":"100051"},"MedicalFormID":null,"MasterDataID":0,"MedicalForm":null,"NameWithDataType":"мочевина в сыворотке крови  (Число)","NameRU":"мочевина в сыворотке крови","NameKZ":"қан сарысуындағы несепнәр","Name":"мочевина в сыворотке крови","PublicCode":"20085200","EndDate":null,"ID":"200852","StrID":"200852"},"ParameterValues":null,"ParameterValueID":null,"ParameterValue":null,"ResultText":null,"ResultValue":null,"ResultDate":"2026-09-03T10:53:43.5484601+05:00","PostID":"0","Post":null,"ExecuteMethod":2,"SourceResultText":null,"SourceResultValue":null,"SourceResultExpression":null,"SourceUnitTypeID":100051,"SourceUnitType":{"OrderBy":52,"MasterDataID":null,"CDD_ID":null,"NameRU":"ммоль/л","NameKZ":"ммоль/л","Name":"ммоль/л","PublicCode":"10005100","EndDate":null,"ID":"100051","StrID":"100051"},"MultiplierID":null,"IsApproved":false,"IsValidated":false,"StandardMatchType":0,"ApproveDate":null,"ApprovePostID":null,"ApprovePost":null,"OrderNum":1,"WorkPlaceID":20747,"OrderID":null,"BacteriologyResult":null,"AnalyzerId":null,"IsOrderProductionControl":false,"ID":"0","StrID":"0"},{"OrderResearchID":67173275,"OrderResearch":null,"ParameterID":200744,"Parameter":{"ShortNameRU":"креатинин в крови","ShortNameKZ":"қандағы креатинин","ShortName":"креатинин в крови","DataType":0,"DataTypeName":"Число","UnitTypeID":100041,"UnitType":{"OrderBy":42,"MasterDataID":null,"CDD_ID":null,"NameRU":"мкмоль/л","NameKZ":"мкмоль/л","Name":"мкмоль/л","PublicCode":"10004100","EndDate":null,"ID":"100041","StrID":"100041"},"MedicalFormID":null,"MasterDataID":0,"MedicalForm":null,"NameWithDataType":"креатинин в крови  (Число)","NameRU":"креатинин в крови","NameKZ":"қандағы креатинин","Name":"креатинин в крови","PublicCode":"20074400","EndDate":null,"ID":"200744","StrID":"200744"},"ParameterValues":null,"ParameterValueID":null,"ParameterValue":null,"ResultText":null,"ResultValue":null,"ResultDate":"2026-09-03T10:53:43.5640826+05:00","PostID":"0","Post":null,"ExecuteMethod":2,"SourceResultText":null,"SourceResultValue":null,"SourceResultExpression":null,"SourceUnitTypeID":100041,"SourceUnitType":{"OrderBy":42,"MasterDataID":null,"CDD_ID":null,"NameRU":"мкмоль/л","NameKZ":"мкмоль/л","Name":"мкмоль/л","PublicCode":"10004100","EndDate":null,"ID":"100041","StrID":"100041"},"MultiplierID":null,"IsApproved":false,"IsValidated":false,"StandardMatchType":0,"ApproveDate":null,"ApprovePostID":null,"ApprovePost":null,"OrderNum":1,"WorkPlaceID":20747,"OrderID":null,"BacteriologyResult":null,"AnalyzerId":null,"IsOrderProductionControl":false,"ID":"0","StrID":"0"},{"OrderResearchID":67173276,"OrderResearch":null,"ParameterID":200376,"Parameter":{"ShortNameRU":"антистрептолизин \"O\"","ShortNameKZ":"антистрептолизин \"O\"","ShortName":"антистрептолизин \"O\"","DataType":0,"DataTypeName":"Число","UnitTypeID":100030,"UnitType":{"OrderBy":31,"MasterDataID":null,"CDD_ID":null,"NameRU":"МЕ/л","NameKZ":"ХБ/л","Name":"МЕ/л","PublicCode":"10003000","EndDate":null,"ID":"100030","StrID":"100030"},"MedicalFormID":null,"MasterDataID":0,"MedicalForm":null,"NameWithDataType":"антистрептолизин \"O\"  (Число)","NameRU":"антистрептолизин \"O\"","NameKZ":"антистрептолизин \"O\"","Name":"антистрептолизин \"O\"","PublicCode":"20037600","EndDate":null,"ID":"200376","StrID":"200376"},"ParameterValues":null,"ParameterValueID":null,"ParameterValue":null,"ResultText":null,"ResultValue":null,"ResultDate":"2026-09-03T10:53:43.5640826+05:00","PostID":"0","Post":null,"ExecuteMethod":2,"SourceResultText":null,"SourceResultValue":null,"SourceResultExpression":null,"SourceUnitTypeID":100030,"SourceUnitType":{"OrderBy":31,"MasterDataID":null,"CDD_ID":null,"NameRU":"МЕ/л","NameKZ":"ХБ/л","Name":"МЕ/л","PublicCode":"10003000","EndDate":null,"ID":"100030","StrID":"100030"},"MultiplierID":null,"IsApproved":false,"IsValidated":false,"StandardMatchType":0,"ApproveDate":null,"ApprovePostID":null,"ApprovePost":null,"OrderNum":1,"WorkPlaceID":20747,"OrderID":null,"BacteriologyResult":null,"AnalyzerId":null,"IsOrderProductionControl":false,"ID":"0","StrID":"0"}]
03.09.2026 10:53:43	Information:	TestsWW spec 200918, spec 200357, spec 200919, spec 200408, spec 200852, spec 200744, spec 200376, 
03.09.2026 10:53:43	Information:	Querry lines count: 1
03.09.2026 10:53:43	Debug:	SendResults:	fix DriverRequests=	281	ms
03.09.2026 10:53:43	Information:	SAMPLE! 51563965 DeviceDriverResult Sample: 51563965 Suggest: . Do Request True
03.09.2026 10:53:43	Information:	Sample request count: 1
03.09.2026 10:53:43	Information:	MU is ?mol/L
03.09.2026 10:53:43	Information:	Driver Collations count 0
03.09.2026 10:53:43	Information:	MU collations count=0
03.09.2026 10:53:43	Information:	MU is U/L
03.09.2026 10:53:43	Information:	Driver Collations count 0
03.09.2026 10:53:43	Information:	MU collations count=0
03.09.2026 10:53:43	Information:	MU is U/L
03.09.2026 10:53:43	Information:	Driver Collations count 0
03.09.2026 10:53:43	Information:	MU collations count=0
03.09.2026 10:53:43	Information:	MU is g/L
03.09.2026 10:53:43	Information:	Driver Collations count 0
03.09.2026 10:53:43	Information:	MU collations count=0
03.09.2026 10:53:43	Information:	MU is ?mol/L
03.09.2026 10:53:43	Information:	Driver Collations count 0
03.09.2026 10:53:43	Information:	MU collations count=0
03.09.2026 10:53:43	Information:	MU is mmol/L
03.09.2026 10:53:43	Information:	Driver Collations count 0
03.09.2026 10:53:43	Information:	MU collations count=0
03.09.2026 10:53:43	Debug:	SendResults:	SetTestsValues first SetTestsValues=	59	ms
03.09.2026 10:53:43	Debug:	SendResults:	Device Total = 344 ms
03.09.2026 10:53:43	Information:	Saving 51563965
03.09.2026 10:53:43	Information:	Start test result saving
03.09.2026 10:53:43	Information:	Result object to save: 
03.09.2026 10:53:43	Information:	{"OrderResearchID":67173271,"OrderResearch":null,"ParameterID":200918,"Parameter":{"ShortNameRU":"общий белок в сыворотке крови","ShortNameKZ":"қан сарысуындағы жалпы ақуыз","ShortName":"общий белок в сыворотке крови","DataType":0,"DataTypeName":"Число","UnitTypeID":100012,"UnitType":{"NameRU":"г/л","NameKZ":"г/л","Name":"г/л","PublicCode":"10001200","OrderBy":13,"ID":100012,"StrID":"100012"},"MedicalFormID":null,"MedicalForm":null,"NameRU":"общий белок в сыворотке крови","NameKZ":"қан сарысуындағы жалпы ақуыз","Name":"общий белок в сыворотке крови","PublicCode":"20091800","OrderBy":null,"ID":200918,"StrID":"200918"},"ParameterValueID":null,"ParameterValue":null,"ResultText":"68.2","ResultValue":null,"ResultDate":"2026-09-03T10:53:43.5328254+05:00","PostID":0,"Post":null,"ExecuteMethod":2,"SourceResultText":"68.2","SourceResultValue":null,"SourceResultExpression":null,"SourceUnitTypeID":100012,"SourceUnitType":{"NameRU":"г/л","NameKZ":"г/л","Name":"г/л","PublicCode":"10001200","OrderBy":13,"ID":100012,"StrID":"100012"},"IsApproved":false,"ApproveDate":null,"ApprovePostID":null,"ApprovePost":null,"OrderNum":1,"WorkPlaceID":20747,"DriverManagerID":150,"BacteriologyResult":null,"AnalyzerId":38,"IsOrderProductionControl":false,"ID":0,"StrID":"0"}
03.09.2026 10:53:43	Information:	Save string: 
03.09.2026 10:53:43	Information:	{"OrderResearchID":67173271,"OrderResearch":{"OrderID":31169216,"ServiceMoID":2163201,"ServiceMoMasterDataID":8269447,"ServiceMo":{"OrgHealthCareID":"45500000000000909","ServiceID":236,"NameRU":"Определение общего белка в сыворотке крови на анализаторе","NameKZ":"Қан сарысуындағы жалпы нәруызды талдауышта анықтау ","Name":"Определение общего белка в сыворотке крови на анализаторе","ShortNameRU":"Определение общего белка в сыворотке крови на анализаторе","ShortNameKZ":"Қан сарысуындағы жалпы нәруызды талдауышта анықтау ","ShortName":"Определение общего белка в сыворотке крови на анализаторе","FullName":"B03.397.002 - Определение общего белка в сыворотке крови на анализаторе","Code":"B03.397.002","ExternalCode":null,"ServiceClassID":5,"ServiceClass":{"ServiceTypeID":2,"OrderBy":5,"MasterDataID":5,"NameRU":"Клиническая химия (биохимия)","NameKZ":"Клиникалық химия (биохимия)","Name":"Клиническая химия (биохимия)","PublicCode":"500","EndDate":null,"ID":"5","StrID":"5"},"Service":{"NameRU":"Определение общего белка в сыворотке крови на анализаторе","NameKZ":"Қан сарысуындағы жалпы нәруызды талдауышта анықтау","Name":"Определение общего белка в сыворотке крови на анализаторе","ShortNameRU":"Общий белок на анализаторе","ShortNameKZ":"Общий белок на анализаторе","ShortName":"Общий белок на анализаторе","FullName":"B03.397.002 - Определение общего белка в сыворотке крови на анализаторе","Code":"B03.397.002","ServiceClassID":5,"ServiceClass":null,"ServiceSubClassID":6,"ServiceSubClass":null,"MaterialTypeID":202,"MaterialType":null,"MasterDataID":3079,"ID":"236","StrID":"236"},"MasterDataID":8269447,"ServiceSubClassID":6,"PayType":1,"ServiceSubClass":null,"ID":"2163201","StrID":"2163201"},"FullName":"B03.397.002 - Определение общего белка в сыворотке крови на анализаторе  () ","IsMain":true,"SourceID":"145152687_34023083","WorkPlaceID":20747,"WorkPlace":null,"DriverManager":null,"ParameterID":null,"Parameter":null,"AdditionalInfo":null,"Status":1,"PerformetServiceCount":7,"ResearchResultCount":0,"ApproveResearchResultCount":0,"NotSaveResearchResultCount":0,"ParentID":null,"ScreeningCandidatePlanGuid":null,"ScreeningUrl":null,"TakePlace":null,"MaterialTypeID":null,"MaterialType":null,"PartCount":0,"IsOrderProductionControl":false,"Uid":"ee7da619-d761-4d81-9efd-6a30e5b4f0b5","OrderPerformerServices":[],"OrderResearchAllergens":[],"Results":[],"IsResumed":false,"ExecutionType":0,"ID":"67173271","StrID":"67173271"},"ParameterID":200918,"Parameter":{"ShortNameRU":"общий белок в сыворотке крови","ShortNameKZ":"қан сарысуындағы жалпы ақуыз","ShortName":"общий белок в сыворотке крови","DataType":0,"DataTypeName":"Число","UnitTypeID":100012,"UnitType":null,"MedicalFormID":null,"MasterDataID":0,"MedicalForm":null,"NameWithDataType":"общий белок в сыворотке крови  (Число)","NameRU":"общий белок в сыворотке крови","NameKZ":"қан сарысуындағы жалпы ақуыз","Name":"общий белок в сыворотке крови","PublicCode":"20091800","EndDate":null,"ID":"200918","StrID":"200918"},"ParameterValues":null,"ParameterValueID":null,"ParameterValue":null,"ResultText":"68.20","ResultValue":"68.20","ResultDate":"2026-09-03T10:53:43.7525318+05:00","PostID":"189416","Post":null,"ExecuteMethod":2,"SourceResultText":"68.20","SourceResultValue":"68.20","SourceResultExpression":null,"SourceUnitTypeID":100012,"SourceUnitType":{"OrderBy":13,"MasterDataID":null,"CDD_ID":null,"NameRU":"г/л","NameKZ":"г/л","Name":"г/л","PublicCode":"10001200","EndDate":null,"ID":"100012","StrID":"100012"},"MultiplierID":null,"IsApproved":false,"IsValidated":false,"StandardMatchType":0,"ApproveDate":null,"ApprovePostID":null,"ApprovePost":null,"OrderNum":1,"WorkPlaceID":20747,"OrderID":null,"BacteriologyResult":null,"AnalyzerId":38,"IsOrderProductionControl":false,"ID":"207481805","StrID":"207481805"}
03.09.2026 10:53:43	Information:	Result object to save: 
03.09.2026 10:53:43	Information:	{"OrderResearchID":67173270,"OrderResearch":null,"ParameterID":200357,"Parameter":{"ShortNameRU":"АЛаТ","ShortNameKZ":"АЛаТ","ShortName":"АЛаТ","DataType":0,"DataTypeName":"Число","UnitTypeID":100030,"UnitType":{"NameRU":"МЕ/л","NameKZ":"ХБ/л","Name":"МЕ/л","PublicCode":"10003000","OrderBy":31,"ID":100030,"StrID":"100030"},"MedicalFormID":null,"MedicalForm":null,"NameRU":"АЛаТ","NameKZ":"АЛаТ","Name":"АЛаТ","PublicCode":"20035700","OrderBy":null,"ID":200357,"StrID":"200357"},"ParameterValueID":null,"ParameterValue":null,"ResultText":"36.93","ResultValue":null,"ResultDate":"2026-09-03T10:53:43.5484601+05:00","PostID":0,"Post":null,"ExecuteMethod":2,"SourceResultText":"36.93","SourceResultValue":null,"SourceResultExpression":null,"SourceUnitTypeID":100030,"SourceUnitType":{"NameRU":"МЕ/л","NameKZ":"ХБ/л","Name":"МЕ/л","PublicCode":"10003000","OrderBy":31,"ID":100030,"StrID":"100030"},"IsApproved":false,"ApproveDate":null,"ApprovePostID":null,"ApprovePost":null,"OrderNum":1,"WorkPlaceID":20747,"DriverManagerID":150,"BacteriologyResult":null,"AnalyzerId":38,"IsOrderProductionControl":false,"ID":0,"StrID":"0"}
03.09.2026 10:53:43	Information:	Save string: 
03.09.2026 10:53:43	Information:	{"OrderResearchID":67173270,"OrderResearch":{"OrderID":31169216,"ServiceMoID":2163576,"ServiceMoMasterDataID":8269462,"ServiceMo":{"OrgHealthCareID":"45500000000000909","ServiceID":253,"NameRU":"Определение аланинаминотрансферазы (АЛаТ) в сыворотке крови на анализаторе","NameKZ":"Қан сарысуындағы аланинаминотрансферазды (АЛаТ) талдауышта анықтау ","Name":"Определение аланинаминотрансферазы (АЛаТ) в сыворотке крови на анализаторе","ShortNameRU":"Определение аланинаминотрансферазы (АЛаТ) в сыворотке крови на анализаторе","ShortNameKZ":"Қан сарысуындағы аланинаминотрансферазды (АЛаТ) талдауышта анықтау ","ShortName":"Определение аланинаминотрансферазы (АЛаТ) в сыворотке крови на анализаторе","FullName":"B03.155.002 - Определение аланинаминотрансферазы (АЛаТ) в сыворотке крови на анализаторе","Code":"B03.155.002","ExternalCode":null,"ServiceClassID":5,"ServiceClass":{"ServiceTypeID":2,"OrderBy":5,"MasterDataID":5,"NameRU":"Клиническая химия (биохимия)","NameKZ":"Клиникалық химия (биохимия)","Name":"Клиническая химия (биохимия)","PublicCode":"500","EndDate":null,"ID":"5","StrID":"5"},"Service":{"NameRU":"Определение аланинаминотрансферазы (АЛаТ) в сыворотке крови на анализаторе","NameKZ":"Қан сарысуындағы аланинаминотрансферазды (АЛаТ) талдауышта анықтау","Name":"Определение аланинаминотрансферазы (АЛаТ) в сыворотке крови на анализаторе","ShortNameRU":"АЛаТ на анализаторе","ShortNameKZ":"АЛаТ на анализаторе","ShortName":"АЛаТ на анализаторе","FullName":"B03.155.002 - Определение аланинаминотрансферазы (АЛаТ) в сыворотке крови на анализаторе","Code":"B03.155.002","ServiceClassID":5,"ServiceClass":null,"ServiceSubClassID":6,"ServiceSubClass":null,"MaterialTypeID":202,"MaterialType":null,"MasterDataID":3094,"ID":"253","StrID":"253"},"MasterDataID":8269462,"ServiceSubClassID":6,"PayType":1,"ServiceSubClass":null,"ID":"2163576","StrID":"2163576"},"FullName":"B03.155.002 - Определение аланинаминотрансферазы (АЛаТ) в сыворотке крови на анализаторе  () ","IsMain":true,"SourceID":"145152687_34023079","WorkPlaceID":20747,"WorkPlace":null,"DriverManager":null,"ParameterID":null,"Parameter":null,"AdditionalInfo":null,"Status":1,"PerformetServiceCount":9,"ResearchResultCount":0,"ApproveResearchResultCount":0,"NotSaveResearchResultCount":0,"ParentID":null,"ScreeningCandidatePlanGuid":null,"ScreeningUrl":null,"TakePlace":null,"MaterialTypeID":null,"MaterialType":null,"PartCount":0,"IsOrderProductionControl":false,"Uid":"990fd8d7-f836-4e4a-a415-b733a9ffa75c","OrderPerformerServices":[],"OrderResearchAllergens":[],"Results":[],"IsResumed":false,"ExecutionType":0,"ID":"67173270","StrID":"67173270"},"ParameterID":200357,"Parameter":{"ShortNameRU":"АЛаТ","ShortNameKZ":"АЛаТ","ShortName":"АЛаТ","DataType":0,"DataTypeName":"Число","UnitTypeID":100030,"UnitType":null,"MedicalFormID":null,"MasterDataID":0,"MedicalForm":null,"NameWithDataType":"АЛаТ  (Число)","NameRU":"АЛаТ","NameKZ":"АЛаТ","Name":"АЛаТ","PublicCode":"20035700","EndDate":null,"ID":"200357","StrID":"200357"},"ParameterValues":null,"ParameterValueID":null,"ParameterValue":null,"ResultText":"36.93","ResultValue":"36.93","ResultDate":"2026-09-03T10:53:43.8618974+05:00","PostID":"189416","Post":null,"ExecuteMethod":2,"SourceResultText":"36.93","SourceResultValue":"36.93","SourceResultExpression":null,"SourceUnitTypeID":100030,"SourceUnitType":{"OrderBy":31,"MasterDataID":null,"CDD_ID":null,"NameRU":"МЕ/л","NameKZ":"ХБ/л","Name":"МЕ/л","PublicCode":"10003000","EndDate":null,"ID":"100030","StrID":"100030"},"MultiplierID":null,"IsApproved":false,"IsValidated":false,"StandardMatchType":0,"ApproveDate":null,"ApprovePostID":null,"ApprovePost":null,"OrderNum":1,"WorkPlaceID":20747,"OrderID":null,"BacteriologyResult":null,"AnalyzerId":38,"IsOrderProductionControl":false,"ID":"207481806","StrID":"207481806"}
03.09.2026 10:53:43	Information:	Result object to save: 
03.09.2026 10:53:43	Information:	{"OrderResearchID":67173273,"OrderResearch":null,"ParameterID":200919,"Parameter":{"ShortNameRU":"общий билирубин в сыворотке крови","ShortNameKZ":"қан сарысуындағы жалпы билирубин","ShortName":"общий билирубин в сыворотке крови","DataType":0,"DataTypeName":"Число","UnitTypeID":100041,"UnitType":{"NameRU":"мкмоль/л","NameKZ":"мкмоль/л","Name":"мкмоль/л","PublicCode":"10004100","OrderBy":42,"ID":100041,"StrID":"100041"},"MedicalFormID":null,"MedicalForm":null,"NameRU":"общий билирубин в сыворотке крови","NameKZ":"қан сарысуындағы жалпы билирубин","Name":"общий билирубин в сыворотке крови","PublicCode":"20091900","OrderBy":null,"ID":200919,"StrID":"200919"},"ParameterValueID":null,"ParameterValue":null,"ResultText":"4.38","ResultValue":null,"ResultDate":"2026-09-03T10:53:43.5484601+05:00","PostID":0,"Post":null,"ExecuteMethod":2,"SourceResultText":"4.38","SourceResultValue":null,"SourceResultExpression":null,"SourceUnitTypeID":100041,"SourceUnitType":{"NameRU":"мкмоль/л","NameKZ":"мкмоль/л","Name":"мкмоль/л","PublicCode":"10004100","OrderBy":42,"ID":100041,"StrID":"100041"},"IsApproved":false,"ApproveDate":null,"ApprovePostID":null,"ApprovePost":null,"OrderNum":1,"WorkPlaceID":20747,"DriverManagerID":150,"BacteriologyResult":null,"AnalyzerId":38,"IsOrderProductionControl":false,"ID":0,"StrID":"0"}
03.09.2026 10:53:43	Information:	Save string: 
03.09.2026 10:53:43	Information:	{"OrderResearchID":67173273,"OrderResearch":{"OrderID":31169216,"ServiceMoID":2163626,"ServiceMoMasterDataID":8269464,"ServiceMo":{"OrgHealthCareID":"45500000000000909","ServiceID":255,"NameRU":"Определение общего билирубина в сыворотке крови на анализаторе","NameKZ":"Қан сарысуындағы жалпы  билирубинді талдауышта анықтау в сыворотке крови на анализаторе","Name":"Определение общего билирубина в сыворотке крови на анализаторе","ShortNameRU":"Определение общего билирубина в сыворотке крови на анализаторе","ShortNameKZ":"Қан сарысуындағы жалпы  билирубинді талдауышта анықтау в сыворотке крови на анализаторе","ShortName":"Определение общего билирубина в сыворотке крови на анализаторе","FullName":"B03.398.002 - Определение общего билирубина в сыворотке крови на анализаторе","Code":"B03.398.002","ExternalCode":null,"ServiceClassID":5,"ServiceClass":{"ServiceTypeID":2,"OrderBy":5,"MasterDataID":5,"NameRU":"Клиническая химия (биохимия)","NameKZ":"Клиникалық химия (биохимия)","Name":"Клиническая химия (биохимия)","PublicCode":"500","EndDate":null,"ID":"5","StrID":"5"},"Service":{"NameRU":"Определение общего билирубина в сыворотке крови на анализаторе","NameKZ":"Қан сарысуындағы жалпы билирубинді талдауышта анықтау в сыворотке крови на анализаторе","Name":"Определение общего билирубина в сыворотке крови на анализаторе","ShortNameRU":"Общий Bi на анализаторе","ShortNameKZ":"Общий Bi на анализаторе","ShortName":"Общий Bi на анализаторе","FullName":"B03.398.002 - Определение общего билирубина в сыворотке крови на анализаторе","Code":"B03.398.002","ServiceClassID":5,"ServiceClass":null,"ServiceSubClassID":6,"ServiceSubClass":null,"MaterialTypeID":202,"MaterialType":null,"MasterDataID":3096,"ID":"255","StrID":"255"},"MasterDataID":8269464,"ServiceSubClassID":6,"PayType":1,"ServiceSubClass":null,"ID":"2163626","StrID":"2163626"},"FullName":"B03.398.002 - Определение общего билирубина в сыворотке крови на анализаторе  () ","IsMain":true,"SourceID":"145152687_34023084","WorkPlaceID":20747,"WorkPlace":null,"DriverManager":null,"ParameterID":null,"Parameter":null,"AdditionalInfo":null,"Status":1,"PerformetServiceCount":7,"ResearchResultCount":0,"ApproveResearchResultCount":0,"NotSaveResearchResultCount":0,"ParentID":null,"ScreeningCandidatePlanGuid":null,"ScreeningUrl":null,"TakePlace":null,"MaterialTypeID":null,"MaterialType":null,"PartCount":0,"IsOrderProductionControl":false,"Uid":"dfb6d483-61aa-448c-965d-e1f101d4f771","OrderPerformerServices":[],"OrderResearchAllergens":[],"Results":[],"IsResumed":false,"ExecutionType":0,"ID":"67173273","StrID":"67173273"},"ParameterID":200919,"Parameter":{"ShortNameRU":"общий билирубин в сыворотке крови","ShortNameKZ":"қан сарысуындағы жалпы билирубин","ShortName":"общий билирубин в сыворотке крови","DataType":0,"DataTypeName":"Число","UnitTypeID":100041,"UnitType":null,"MedicalFormID":null,"MasterDataID":0,"MedicalForm":null,"NameWithDataType":"общий билирубин в сыворотке крови  (Число)","NameRU":"общий билирубин в сыворотке крови","NameKZ":"қан сарысуындағы жалпы билирубин","Name":"общий билирубин в сыворотке крови","PublicCode":"20091900","EndDate":null,"ID":"200919","StrID":"200919"},"ParameterValues":null,"ParameterValueID":null,"ParameterValue":null,"ResultText":"4.38","ResultValue":"4.38","ResultDate":"2026-09-03T10:53:44.0190808+05:00","PostID":"189416","Post":null,"ExecuteMethod":2,"SourceResultText":"4.38","SourceResultValue":"4.38","SourceResultExpression":null,"SourceUnitTypeID":100041,"SourceUnitType":{"OrderBy":42,"MasterDataID":null,"CDD_ID":null,"NameRU":"мкмоль/л","NameKZ":"мкмоль/л","Name":"мкмоль/л","PublicCode":"10004100","EndDate":null,"ID":"100041","StrID":"100041"},"MultiplierID":null,"IsApproved":false,"IsValidated":false,"StandardMatchType":0,"ApproveDate":null,"ApprovePostID":null,"ApprovePost":null,"OrderNum":1,"WorkPlaceID":20747,"OrderID":null,"BacteriologyResult":null,"AnalyzerId":38,"IsOrderProductionControl":false,"ID":"207481807","StrID":"207481807"}
03.09.2026 10:53:43	Information:	Result object to save: 
03.09.2026 10:53:43	Information:	{"OrderResearchID":67173272,"OrderResearch":null,"ParameterID":200408,"Parameter":{"ShortNameRU":"АСаТ","ShortNameKZ":"АСаТ","ShortName":"АСаТ","DataType":0,"DataTypeName":"Число","UnitTypeID":100030,"UnitType":{"NameRU":"МЕ/л","NameKZ":"ХБ/л","Name":"МЕ/л","PublicCode":"10003000","OrderBy":31,"ID":100030,"StrID":"100030"},"MedicalFormID":null,"MedicalForm":null,"NameRU":"АСаТ","NameKZ":"АСаТ","Name":"АСаТ","PublicCode":"20040800","OrderBy":null,"ID":200408,"StrID":"200408"},"ParameterValueID":null,"ParameterValue":null,"ResultText":"48.69","ResultValue":null,"ResultDate":"2026-09-03T10:53:43.5484601+05:00","PostID":0,"Post":null,"ExecuteMethod":2,"SourceResultText":"48.69","SourceResultValue":null,"SourceResultExpression":null,"SourceUnitTypeID":100030,"SourceUnitType":{"NameRU":"МЕ/л","NameKZ":"ХБ/л","Name":"МЕ/л","PublicCode":"10003000","OrderBy":31,"ID":100030,"StrID":"100030"},"IsApproved":false,"ApproveDate":null,"ApprovePostID":null,"ApprovePost":null,"OrderNum":1,"WorkPlaceID":20747,"DriverManagerID":150,"BacteriologyResult":null,"AnalyzerId":38,"IsOrderProductionControl":false,"ID":0,"StrID":"0"}
03.09.2026 10:53:43	Information:	Save string: 
03.09.2026 10:53:43	Information:	{"OrderResearchID":67173272,"OrderResearch":{"OrderID":31169216,"ServiceMoID":2163651,"ServiceMoMasterDataID":8269465,"ServiceMo":{"OrgHealthCareID":"45500000000000909","ServiceID":256,"NameRU":"Определение аспартатаминотрансферазы (АСаТ) в сыворотке крови на анализаторе","NameKZ":"Қан сарысуындағы  аспартатаминотрансферазды  (АСаТ) талдауышта анықтау  ","Name":"Определение аспартатаминотрансферазы (АСаТ) в сыворотке крови на анализаторе","ShortNameRU":"Определение аспартатаминотрансферазы (АСаТ) в сыворотке крови на анализаторе","ShortNameKZ":"Қан сарысуындағы  аспартатаминотрансферазды  (АСаТ) талдауышта анықтау  ","ShortName":"Определение аспартатаминотрансферазы (АСаТ) в сыворотке крови на анализаторе","FullName":"B03.293.002 - Определение аспартатаминотрансферазы (АСаТ) в сыворотке крови на анализаторе","Code":"B03.293.002","ExternalCode":null,"ServiceClassID":5,"ServiceClass":{"ServiceTypeID":2,"OrderBy":5,"MasterDataID":5,"NameRU":"Клиническая химия (биохимия)","NameKZ":"Клиникалық химия (биохимия)","Name":"Клиническая химия (биохимия)","PublicCode":"500","EndDate":null,"ID":"5","StrID":"5"},"Service":{"NameRU":"Определение аспартатаминотрансферазы (АСаТ) в сыворотке крови на анализаторе","NameKZ":"Қан сарысуындағы аспартатаминотрансферазды (АСаТ) талдауышта анықтау","Name":"Определение аспартатаминотрансферазы (АСаТ) в сыворотке крови на анализаторе","ShortNameRU":"АСаТ на анализаторе","ShortNameKZ":"АСаТ на анализаторе","ShortName":"АСаТ на анализаторе","FullName":"B03.293.002 - Определение аспартатаминотрансферазы (АСаТ) в сыворотке крови на анализаторе","Code":"B03.293.002","ServiceClassID":5,"ServiceClass":null,"ServiceSubClassID":6,"ServiceSubClass":null,"MaterialTypeID":202,"MaterialType":null,"MasterDataID":3097,"ID":"256","StrID":"256"},"MasterDataID":8269465,"ServiceSubClassID":6,"PayType":1,"ServiceSubClass":null,"ID":"2163651","StrID":"2163651"},"FullName":"B03.293.002 - Определение аспартатаминотрансферазы (АСаТ) в сыворотке крови на анализаторе  () ","IsMain":true,"SourceID":"145152687_34023080","WorkPlaceID":20747,"WorkPlace":null,"DriverManager":null,"ParameterID":null,"Parameter":null,"AdditionalInfo":null,"Status":1,"PerformetServiceCount":7,"ResearchResultCount":0,"ApproveResearchResultCount":0,"NotSaveResearchResultCount":0,"ParentID":null,"ScreeningCandidatePlanGuid":null,"ScreeningUrl":null,"TakePlace":null,"MaterialTypeID":null,"MaterialType":null,"PartCount":0,"IsOrderProductionControl":false,"Uid":"f6bdc574-ce7d-4750-bcd7-ea641b416ee9","OrderPerformerServices":[],"OrderResearchAllergens":[],"Results":[],"IsResumed":false,"ExecutionType":0,"ID":"67173272","StrID":"67173272"},"ParameterID":200408,"Parameter":{"ShortNameRU":"АСаТ","ShortNameKZ":"АСаТ","ShortName":"АСаТ","DataType":0,"DataTypeName":"Число","UnitTypeID":100030,"UnitType":null,"MedicalFormID":null,"MasterDataID":0,"MedicalForm":null,"NameWithDataType":"АСаТ  (Число)","NameRU":"АСаТ","NameKZ":"АСаТ","Name":"АСаТ","PublicCode":"20040800","EndDate":null,"ID":"200408","StrID":"200408"},"ParameterValues":null,"ParameterValueID":null,"ParameterValue":null,"ResultText":"48.69","ResultValue":"48.69","ResultDate":"2026-09-03T10:53:44.1461565+05:00","PostID":"189416","Post":null,"ExecuteMethod":2,"SourceResultText":"48.69","SourceResultValue":"48.69","SourceResultExpression":null,"SourceUnitTypeID":100030,"SourceUnitType":{"OrderBy":31,"MasterDataID":null,"CDD_ID":null,"NameRU":"МЕ/л","NameKZ":"ХБ/л","Name":"МЕ/л","PublicCode":"10003000","EndDate":null,"ID":"100030","StrID":"100030"},"MultiplierID":null,"IsApproved":false,"IsValidated":false,"StandardMatchType":0,"ApproveDate":null,"ApprovePostID":null,"ApprovePost":null,"OrderNum":1,"WorkPlaceID":20747,"OrderID":null,"BacteriologyResult":null,"AnalyzerId":38,"IsOrderProductionControl":false,"ID":"207481808","StrID":"207481808"}
03.09.2026 10:53:44	Information:	Result object to save: 
03.09.2026 10:53:44	Information:	{"OrderResearchID":67173274,"OrderResearch":null,"ParameterID":200852,"Parameter":{"ShortNameRU":"мочевина в сыворотке крови","ShortNameKZ":"қан сарысуындағы несепнәр","ShortName":"мочевина в сыворотке крови","DataType":0,"DataTypeName":"Число","UnitTypeID":100051,"UnitType":{"NameRU":"ммоль/л","NameKZ":"ммоль/л","Name":"ммоль/л","PublicCode":"10005100","OrderBy":52,"ID":100051,"StrID":"100051"},"MedicalFormID":null,"MedicalForm":null,"NameRU":"мочевина в сыворотке крови","NameKZ":"қан сарысуындағы несепнәр","Name":"мочевина в сыворотке крови","PublicCode":"20085200","OrderBy":null,"ID":200852,"StrID":"200852"},"ParameterValueID":null,"ParameterValue":null,"ResultText":"4.47","ResultValue":null,"ResultDate":"2026-09-03T10:53:43.5484601+05:00","PostID":0,"Post":null,"ExecuteMethod":2,"SourceResultText":"4.47","SourceResultValue":null,"SourceResultExpression":null,"SourceUnitTypeID":100051,"SourceUnitType":{"NameRU":"ммоль/л","NameKZ":"ммоль/л","Name":"ммоль/л","PublicCode":"10005100","OrderBy":52,"ID":100051,"StrID":"100051"},"IsApproved":false,"ApproveDate":null,"ApprovePostID":null,"ApprovePost":null,"OrderNum":1,"WorkPlaceID":20747,"DriverManagerID":150,"BacteriologyResult":null,"AnalyzerId":38,"IsOrderProductionControl":false,"ID":0,"StrID":"0"}
03.09.2026 10:53:44	Information:	Save string: 
03.09.2026 10:53:44	Information:	{"OrderResearchID":67173274,"OrderResearch":{"OrderID":31169216,"ServiceMoID":2164626,"ServiceMoMasterDataID":8269504,"ServiceMo":{"OrgHealthCareID":"45500000000000909","ServiceID":295,"NameRU":"Определение мочевины в сыворотке крови на анализаторе","NameKZ":"Қан сарысуындағы несепнәрді  талдауышта анықтау ","Name":"Определение мочевины в сыворотке крови на анализаторе","ShortNameRU":"Определение мочевины в сыворотке крови на анализаторе","ShortNameKZ":"Қан сарысуындағы несепнәрді  талдауышта анықтау ","ShortName":"Определение мочевины в сыворотке крови на анализаторе","FullName":"B03.386.002 - Определение мочевины в сыворотке крови на анализаторе","Code":"B03.386.002","ExternalCode":null,"ServiceClassID":5,"ServiceClass":{"ServiceTypeID":2,"OrderBy":5,"MasterDataID":5,"NameRU":"Клиническая химия (биохимия)","NameKZ":"Клиникалық химия (биохимия)","Name":"Клиническая химия (биохимия)","PublicCode":"500","EndDate":null,"ID":"5","StrID":"5"},"Service":{"NameRU":"Определение мочевины в сыворотке крови на анализаторе","NameKZ":"Қан сарысуындағы несепнәрді талдауышта анықтау","Name":"Определение мочевины в сыворотке крови на анализаторе","ShortNameRU":"Мочевина на анализаторе","ShortNameKZ":"Мочевина на анализаторе","ShortName":"Мочевина на анализаторе","FullName":"B03.386.002 - Определение мочевины в сыворотке крови на анализаторе","Code":"B03.386.002","ServiceClassID":5,"ServiceClass":null,"ServiceSubClassID":6,"ServiceSubClass":null,"MaterialTypeID":202,"MaterialType":null,"MasterDataID":3136,"ID":"295","StrID":"295"},"MasterDataID":8269504,"ServiceSubClassID":6,"PayType":1,"ServiceSubClass":null,"ID":"2164626","StrID":"2164626"},"FullName":"B03.386.002 - Определение мочевины в сыворотке крови на анализаторе  () ","IsMain":true,"SourceID":"145152687_34023081","WorkPlaceID":20747,"WorkPlace":null,"DriverManager":null,"ParameterID":null,"Parameter":null,"AdditionalInfo":null,"Status":1,"PerformetServiceCount":7,"ResearchResultCount":0,"ApproveResearchResultCount":0,"NotSaveResearchResultCount":0,"ParentID":null,"ScreeningCandidatePlanGuid":null,"ScreeningUrl":null,"TakePlace":null,"MaterialTypeID":null,"MaterialType":null,"PartCount":0,"IsOrderProductionControl":false,"Uid":"7cc2b3b5-7724-4731-a8fe-bdca916ad1b6","OrderPerformerServices":[],"OrderResearchAllergens":[],"Results":[],"IsResumed":false,"ExecutionType":0,"ID":"67173274","StrID":"67173274"},"ParameterID":200852,"Parameter":{"ShortNameRU":"мочевина в сыворотке крови","ShortNameKZ":"қан сарысуындағы несепнәр","ShortName":"мочевина в сыворотке крови","DataType":0,"DataTypeName":"Число","UnitTypeID":100051,"UnitType":null,"MedicalFormID":null,"MasterDataID":0,"MedicalForm":null,"NameWithDataType":"мочевина в сыворотке крови  (Число)","NameRU":"мочевина в сыворотке крови","NameKZ":"қан сарысуындағы несепнәр","Name":"мочевина в сыворотке крови","PublicCode":"20085200","EndDate":null,"ID":"200852","StrID":"200852"},"ParameterValues":null,"ParameterValueID":null,"ParameterValue":null,"ResultText":"4.47","ResultValue":"4.47","ResultDate":"2026-09-03T10:53:44.661983+05:00","PostID":"189416","Post":null,"ExecuteMethod":2,"SourceResultText":"4.47","SourceResultValue":"4.47","SourceResultExpression":null,"SourceUnitTypeID":100051,"SourceUnitType":{"OrderBy":52,"MasterDataID":null,"CDD_ID":null,"NameRU":"ммоль/л","NameKZ":"ммоль/л","Name":"ммоль/л","PublicCode":"10005100","EndDate":null,"ID":"100051","StrID":"100051"},"MultiplierID":null,"IsApproved":false,"IsValidated":false,"StandardMatchType":0,"ApproveDate":null,"ApprovePostID":null,"ApprovePost":null,"OrderNum":1,"WorkPlaceID":20747,"OrderID":null,"BacteriologyResult":null,"AnalyzerId":38,"IsOrderProductionControl":false,"ID":"207481810","StrID":"207481810"}
03.09.2026 10:53:44	Information:	Result object to save: 
03.09.2026 10:53:44	Information:	{"OrderResearchID":67173275,"OrderResearch":null,"ParameterID":200744,"Parameter":{"ShortNameRU":"креатинин в крови","ShortNameKZ":"қандағы креатинин","ShortName":"креатинин в крови","DataType":0,"DataTypeName":"Число","UnitTypeID":100041,"UnitType":{"NameRU":"мкмоль/л","NameKZ":"мкмоль/л","Name":"мкмоль/л","PublicCode":"10004100","OrderBy":42,"ID":100041,"StrID":"100041"},"MedicalFormID":null,"MedicalForm":null,"NameRU":"креатинин в крови","NameKZ":"қандағы креатинин","Name":"креатинин в крови","PublicCode":"20074400","OrderBy":null,"ID":200744,"StrID":"200744"},"ParameterValueID":null,"ParameterValue":null,"ResultText":"34.63","ResultValue":null,"ResultDate":"2026-09-03T10:53:43.5640826+05:00","PostID":0,"Post":null,"ExecuteMethod":2,"SourceResultText":"34.63","SourceResultValue":null,"SourceResultExpression":null,"SourceUnitTypeID":100041,"SourceUnitType":{"NameRU":"мкмоль/л","NameKZ":"мкмоль/л","Name":"мкмоль/л","PublicCode":"10004100","OrderBy":42,"ID":100041,"StrID":"100041"},"IsApproved":false,"ApproveDate":null,"ApprovePostID":null,"ApprovePost":null,"OrderNum":1,"WorkPlaceID":20747,"DriverManagerID":150,"BacteriologyResult":null,"AnalyzerId":38,"IsOrderProductionControl":false,"ID":0,"StrID":"0"}
03.09.2026 10:53:44	Information:	Save string: 
03.09.2026 10:53:44	Information:	{"OrderResearchID":67173275,"OrderResearch":{"OrderID":31169216,"ServiceMoID":2164651,"ServiceMoMasterDataID":8269505,"ServiceMo":{"OrgHealthCareID":"45500000000000909","ServiceID":296,"NameRU":"Определение креатинина в сыворотке крови на анализаторе","NameKZ":"Қан сарысуындағы  креатининді талдауышта анықтау ","Name":"Определение креатинина в сыворотке крови на анализаторе","ShortNameRU":"Определение креатинина в сыворотке крови на анализаторе","ShortNameKZ":"Қан сарысуындағы  креатининді талдауышта анықтау ","ShortName":"Определение креатинина в сыворотке крови на анализаторе","FullName":"B03.363.002 - Определение креатинина в сыворотке крови на анализаторе","Code":"B03.363.002","ExternalCode":null,"ServiceClassID":5,"ServiceClass":{"ServiceTypeID":2,"OrderBy":5,"MasterDataID":5,"NameRU":"Клиническая химия (биохимия)","NameKZ":"Клиникалық химия (биохимия)","Name":"Клиническая химия (биохимия)","PublicCode":"500","EndDate":null,"ID":"5","StrID":"5"},"Service":{"NameRU":"Определение креатинина в сыворотке крови на анализаторе","NameKZ":"Қан сарысуындағы креатининді талдауышта анықтау","Name":"Определение креатинина в сыворотке крови на анализаторе","ShortNameRU":"Креатинин на анализаторе","ShortNameKZ":"Креатинин на анализаторе","ShortName":"Креатинин на анализаторе","FullName":"B03.363.002 - Определение креатинина в сыворотке крови на анализаторе","Code":"B03.363.002","ServiceClassID":5,"ServiceClass":null,"ServiceSubClassID":6,"ServiceSubClass":null,"MaterialTypeID":202,"MaterialType":null,"MasterDataID":3137,"ID":"296","StrID":"296"},"MasterDataID":8269505,"ServiceSubClassID":6,"PayType":1,"ServiceSubClass":null,"ID":"2164651","StrID":"2164651"},"FullName":"B03.363.002 - Определение креатинина в сыворотке крови на анализаторе  () ","IsMain":true,"SourceID":"145152687_34023082","WorkPlaceID":20747,"WorkPlace":null,"DriverManager":null,"ParameterID":null,"Parameter":null,"AdditionalInfo":null,"Status":1,"PerformetServiceCount":7,"ResearchResultCount":0,"ApproveResearchResultCount":0,"NotSaveResearchResultCount":0,"ParentID":null,"ScreeningCandidatePlanGuid":null,"ScreeningUrl":null,"TakePlace":null,"MaterialTypeID":null,"MaterialType":null,"PartCount":0,"IsOrderProductionControl":false,"Uid":"1dd51c43-deb3-4941-88bc-2a8a52344883","OrderPerformerServices":[],"OrderResearchAllergens":[],"Results":[],"IsResumed":false,"ExecutionType":0,"ID":"67173275","StrID":"67173275"},"ParameterID":200744,"Parameter":{"ShortNameRU":"креатинин в крови","ShortNameKZ":"қандағы креатинин","ShortName":"креатинин в крови","DataType":0,"DataTypeName":"Число","UnitTypeID":100041,"UnitType":null,"MedicalFormID":null,"MasterDataID":0,"MedicalForm":null,"NameWithDataType":"креатинин в крови  (Число)","NameRU":"креатинин в крови","NameKZ":"қандағы креатинин","Name":"креатинин в крови","PublicCode":"20074400","EndDate":null,"ID":"200744","StrID":"200744"},"ParameterValues":null,"ParameterValueID":null,"ParameterValue":null,"ResultText":"34.63","ResultValue":"34.63","ResultDate":"2026-09-03T10:53:44.9851815+05:00","PostID":"189416","Post":null,"ExecuteMethod":2,"SourceResultText":"34.63","SourceResultValue":"34.63","SourceResultExpression":null,"SourceUnitTypeID":100041,"SourceUnitType":{"OrderBy":42,"MasterDataID":null,"CDD_ID":null,"NameRU":"мкмоль/л","NameKZ":"мкмоль/л","Name":"мкмоль/л","PublicCode":"10004100","EndDate":null,"ID":"100041","StrID":"100041"},"MultiplierID":null,"IsApproved":false,"IsValidated":false,"StandardMatchType":0,"ApproveDate":null,"ApprovePostID":null,"ApprovePost":null,"OrderNum":1,"WorkPlaceID":20747,"OrderID":null,"BacteriologyResult":null,"AnalyzerId":38,"IsOrderProductionControl":false,"ID":"207481812","StrID":"207481812"}
03.09.2026 10:53:44	Information:	No result for test 200376 for sample with barcode 51563965 for device 20747
03.09.2026 10:53:44	Debug:	 SendResults SaveDeviceResults = 1388 ms
03.09.2026 10:53:44	Debug:	 total for SendResults = 1734 ms
03.09.2026 10:54:17	Information:	url https://lab-vko.dmed.kz/ /api/DriverManager/PingDevice
03.09.2026 10:54:17	Information:	{
"Hash": "w9LjvpRCyoByGV3Lzv0iX9dSI0tLK0uV+pRojL1kufc=",
"Status": 0
}


03.09.2026 10:54:17	Information:	Ping ret is {"Status":0,"Comment":null}
03.09.2026 10:54:38	Information:	refresh tokens
03.09.2026 10:56:12	Information:	Received bytes(encoded):MSH|^~\&|||||20260903105512||ORU^R01|172|P|2.3.1||||0||ASCII|||PID|96|||||||O|||||||||||||||||||||||OBR|96|51563987|6|^|N|20260903094808|20260903084550|20260903084550||1^4||||20260903084550|?????|||||||||||||||||||||||||||||||||OBX|1|NM|Glu-G|Glucose (GOD-POD Method)|4.823743|mmol/L|-|N|||F||4.823743|20260903105412|||0||OBX|2|NM|T-Bil-V|Bilirubin Total (VOX Method)|7.497149|?mol/L|-|N|||F||7.497149|20260903105413|||0||OBX|3|NM|D-Bil-V|Bilirubin Direct (VOX Method)|3.620893|?mol/L|-|N|||F||3.620893|20260903105428|||0||OBX|4|NM|ALT|Alanine Aminotransferase|27.908798|U/L|-|N|||F||27.908798|20260903105242|||0|RGTE|OBX|5|NM|AST|Aspartate Aminotransferase|20.749434|U/L|-|N|||F||20.749434|20260903105257|||0||OBX|6|NM|CRP|C-Reactive Protein|3.782051|mg/L|-|N|||F||3.782051|20260903105512|||0||OBX|7|NM|TP|Total Protein|81.071668|g/L|-|N|||F||81.071668|20260903105443|||0||OBX|8|NM|TC|Total Cholesterol|5.068265|mmol/L|-|N|||F||5.068265|20260903105042|||0||OBX|9|NM|CREA-S|Creatinine (Sarcosine Oxidase Method)|
03.09.2026 10:56:12	Information:	Add Frame:
03.09.2026 10:56:12	Information:	MSH|^~\&|||||20260903105512||ORU^R01|172|P|2.3.1||||0||ASCII|||
03.09.2026 10:56:12	Information:	In Header
03.09.2026 10:56:12	Information:	MessageType: ORU
03.09.2026 10:56:12	Information:	After message type
03.09.2026 10:56:12	Information:	After ask
03.09.2026 10:56:12	Information:	After version
03.09.2026 10:56:12	Information:	Add Frame:
03.09.2026 10:56:12	Information:	PID|96|||||||O|||||||||||||||||||||||
03.09.2026 10:56:12	Information:	Add Frame:
03.09.2026 10:56:12	Information:	OBR|96|51563987|6|^|N|20260903094808|20260903084550|20260903084550||1^4||||20260903084550|?????|||||||||||||||||||||||||||||||||
03.09.2026 10:56:12	Information:	Add Frame:
03.09.2026 10:56:12	Information:	OBX|1|NM|Glu-G|Glucose (GOD-POD Method)|4.823743|mmol/L|-|N|||F||4.823743|20260903105412|||0||
03.09.2026 10:56:12	Information:	Add Frame:
03.09.2026 10:56:12	Information:	OBX|2|NM|T-Bil-V|Bilirubin Total (VOX Method)|7.497149|?mol/L|-|N|||F||7.497149|20260903105413|||0||
03.09.2026 10:56:12	Information:	Add Frame:
03.09.2026 10:56:12	Information:	OBX|3|NM|D-Bil-V|Bilirubin Direct (VOX Method)|3.620893|?mol/L|-|N|||F||3.620893|20260903105428|||0||
03.09.2026 10:56:12	Information:	Add Frame:
03.09.2026 10:56:12	Information:	OBX|4|NM|ALT|Alanine Aminotransferase|27.908798|U/L|-|N|||F||27.908798|20260903105242|||0|RGTE|
03.09.2026 10:56:12	Information:	Add Frame:
03.09.2026 10:56:12	Information:	OBX|5|NM|AST|Aspartate Aminotransferase|20.749434|U/L|-|N|||F||20.749434|20260903105257|||0||
03.09.2026 10:56:12	Information:	Add Frame:
03.09.2026 10:56:12	Information:	OBX|6|NM|CRP|C-Reactive Protein|3.782051|mg/L|-|N|||F||3.782051|20260903105512|||0||
03.09.2026 10:56:12	Information:	Add Frame:
03.09.2026 10:56:12	Information:	OBX|7|NM|TP|Total Protein|81.071668|g/L|-|N|||F||81.071668|20260903105443|||0||
03.09.2026 10:56:12	Information:	Add Frame:
03.09.2026 10:56:12	Information:	OBX|8|NM|TC|Total Cholesterol|5.068265|mmol/L|-|N|||F||5.068265|20260903105042|||0||
03.09.2026 10:56:12	Information:	Received bytes(encoded):40.971298|?mol/L|-|N|||F||40.971298|20260903105442|||0||OBX|10|NM|UREA|Urea|3.633066|mmol/L|-|N|||F||3.633066|20260903105327|||0||OBX|11|NM||Albumin|47.541782|g/L|-|N|||F||47.541782|20260903105057|||0|RGTE|OBX|12|NM||AST/ALT|0.741935||-|N|||F||0.741935||||||
03.09.2026 10:56:12	Information:	Add Frame:
03.09.2026 10:56:12	Information:	OBX|9|NM|CREA-S|Creatinine (Sarcosine Oxidase Method)|40.971298|?mol/L|-|N|||F||40.971298|20260903105442|||0||
03.09.2026 10:56:12	Information:	Add Frame:
03.09.2026 10:56:12	Information:	OBX|10|NM|UREA|Urea|3.633066|mmol/L|-|N|||F||3.633066|20260903105327|||0||
03.09.2026 10:56:12	Information:	Add Frame:
03.09.2026 10:56:12	Information:	OBX|11|NM||Albumin|47.541782|g/L|-|N|||F||47.541782|20260903105057|||0|RGTE|
03.09.2026 10:56:12	Information:	Add Frame:
03.09.2026 10:56:12	Information:	OBX|12|NM||AST/ALT|0.741935||-|N|||F||0.741935||||||
03.09.2026 10:56:12	Information:	Add Frame:
03.09.2026 10:56:12	Information:	
03.09.2026 10:56:12	Debug:	read message: 4ms
03.09.2026 10:56:12	Information:	The answer message is created successfully
03.09.2026 10:56:12	Information:	Sending answer...
03.09.2026 10:56:12	Information:	We are in ORU Message
03.09.2026 10:56:12	Information:	MSH MSH|^~\&|||||20260903105512||ORU^R01|172|P|2.3.1||||0||ASCII||||
03.09.2026 10:56:12	Information:	PID PID|96|||||||O||||||||||||||||||||||||
03.09.2026 10:56:12	Information:	PatientRecord in message is successfully  processed
03.09.2026 10:56:12	Information:	The patient order is successfully processed
03.09.2026 10:56:12	Information:	The order record is successfully processed
03.09.2026 10:56:12	Information:	The order record is successfully processed
03.09.2026 10:56:12	Information:	The order record is successfully processed
03.09.2026 10:56:12	Information:	The order record is successfully processed
03.09.2026 10:56:12	Information:	The order record is successfully processed
03.09.2026 10:56:12	Information:	The order record is successfully processed
03.09.2026 10:56:12	Information:	The order record is successfully processed
03.09.2026 10:56:12	Information:	The order record is successfully processed
03.09.2026 10:56:12	Information:	The order record is successfully processed
03.09.2026 10:56:12	Information:	The order record is successfully processed
03.09.2026 10:56:12	Information:	The order record is successfully processed
03.09.2026 10:56:12	Information:	The order record is successfully processed
03.09.2026 10:56:12	Information:	The ORU message is successfully processed
03.09.2026 10:56:12	Debug:	Process message: 7ms
03.09.2026 10:56:12	Debug:	Total time : 12ms
03.09.2026 10:56:13	Information:	Sended bytes:  11 77 83 72 124 94 126 92 38 124 77 105 110 100 114 97 121 124 124 124 124 50 48 50 54 48 57 48 51 49 48 53 54 49 50 124 124 65 67 75 94 82 48 49 124 49 55 50 124 80 124 50 46 51 46 49 124 124 124 124 48 124 124 117 115 45 97 115 99 105 105 124 124 124 13 77 83 65 124 65 65 124 49 55 50 124 77 101 115 115 97 103 101 32 97 99 99 101 112 116 101 100 124 124 124 48 124 13 28 13
03.09.2026 10:56:13	Information:	Sended string MSH|^~\&|Mindray||||20260903105612||ACK^R01|172|P|2.3.1||||0||us-ascii|||MSA|AA|172|Message accepted|||0|
03.09.2026 10:56:15	Debug:	SendResults:	check DriverRequests=	0	ms
03.09.2026 10:56:15	Information:	ByBarcode 51563987
03.09.2026 10:56:15	Information:	GetLinesByBarcodes
03.09.2026 10:56:15	Information:	{
"WorkPlaceID": 20747,
"BeginDate": "2026-06-04",
"EndDate": "2026-09-04",
"OrderNumber": "51563987",
"Offset": 0,
"Limit": 1
}


03.09.2026 10:56:15	Information:	GetByBarcodeReturn: 
03.09.2026 10:56:15	Information:	{"Data":[{"ID":31168519,"StrID":"31168519","OrderNumber":"51563987","OrderRegDate":"2026-09-03T01:59:07.383","PlanExecutionDate":"2026-09-03T01:58:00","SenderMoID":45500000000000909,"SenderMo":{"NameRU":"Некоммерческое акционерное общество \"Медицинский университет Семей\"","NameKZ":"\"Семей медицина университеті\" коммерциялық емес акционерлік қоғамы","Name":"Некоммерческое акционерное общество \"Медицинский университет Семей\"","ShortNameRU":"НАО \"МУС\"","ShortNameKZ":"\"СМУ\" КеАҚ","ShortName":"НАО \"МУС\"","PublicCode":"237J","AddressRU":"ВКО, г. Семей, ул. Абая Кунанбаева 103","AddressKZ":"ВКО, г. Семей, ул. Абая Кунанбаева 103","Address":"ВКО, г. Семей, ул. Абая Кунанбаева 103","OriginalID":"45500000000000909","IsWork":true,"RegionID":20,"BIN":"190240004938","MasterDataID":4911,"PhonesData":{"OrgHealthCarePhones":[]},"IsPostmortem":false,"IsHospital":true,"Code":null,"ID":"45500000000000909","StrID":"45500000000000909"},"ReceiverMoID":45500000000000909,"ReceiverMo":null,"PatientDetailID":41089565,"PatientDetail":{"PersonID":"248394","Person":{"IIN":"150514503408","LastName":"БОРОДИН","FirstName":"НИКОЛАЙ","SecondName":"ДМИТРИЕВИЧ","FullName":"БОРОДИН НИКОЛАЙ ДМИТРИЕВИЧ","FullNameIOF":"НИКОЛАЙ ДМИТРИЕВИЧ БОРОДИН","DisplayText":"150514503408 НИКОЛАЙ ДМИТРИЕВИЧ БОРОДИН 14.05.2015","IinFullName":"150514503408 - БОРОДИН НИКОЛАЙ ДМИТРИЕВИЧ","BirthDate":"2015-05-14T00:00:00","BirthDateStr":"14.05.2015","DeathDate":null,"DeathDateStr":"","BioSexID":3,"BioSex":null,"NationalityID":null,"Nationality":null,"CitizenshipID":85,"Citizenship":null,"MasterDataID":138016171,"RpnID":"15300000033225524","KmisID":"60300000000454215","Type":1,"Age":0,"IsStillborn":false,"IsEarlyNeonatalDeathUp28days":false,"IsDeadPerson":false,"ID":"248394","StrID":"248394"},"AddressRU":"РЕСПУБЛИКА: Казахстан , ОБЛАСТЬ: Абайская , ГОРОД ОБЛ.ЗНАЧ.: Семей , УЛИЦА: Силикатный поселок, ДОМ: 18 ","AddressKZ":": Қазақстан , : Абай , : Семей Қ. , КӨШЕCI: Силикатный поселок, ҮЙ: 18 ","Address":"РЕСПУБЛИКА: Казахстан , ОБЛАСТЬ: Абайская , ГОРОД ОБЛ.ЗНАЧ.: Семей , УЛИЦА: Силикатный поселок, ДОМ: 18 ","MasterDataAddressID":2090209,"WorkPlace":"СОШ 5 школа 5 класс","WorkPosition":null,"DocumentNumber":null,"DocumentTypeID":null,"DocumentType":null,"NationalityID":null,"DocumentTypeName":null,"Phones":"+7 (722) 253-23-63","ExternalCardID":"5975488","CardType":1,"CardNumber":"67659","CitizenshipCategoryID":1,"CitizenshipCategory":null,"ResidenceTypeID":3,"ResidenceType":null,"MotherPersonID":null,"MotherPerson":null,"IsForeigner":false,"IsHomeless":false,"IsDeadPerson":false,"IsResident":true,"ID":"41089565","StrID":"41089565"},"Person":{"IIN":"150514503408","LastName":"БОРОДИН","FirstName":"НИКОЛАЙ","SecondName":"ДМИТРИЕВИЧ","FullName":"БОРОДИН НИКОЛАЙ ДМИТРИЕВИЧ","FullNameIOF":"НИКОЛАЙ ДМИТРИЕВИЧ БОРОДИН","DisplayText":"150514503408 НИКОЛАЙ ДМИТРИЕВИЧ БОРОДИН 14.05.2015","IinFullName":"150514503408 - БОРОДИН НИКОЛАЙ ДМИТРИЕВИЧ","BirthDate":"2015-05-14T00:00:00","BirthDateStr":"14.05.2015","DeathDate":null,"DeathDateStr":"","BioSexID":3,"BioSex":null,"NationalityID":null,"Nationality":null,"CitizenshipID":85,"Citizenship":null,"MasterDataID":138016171,"RpnID":"15300000033225524","KmisID":"60300000000454215","Type":1,"Age":0,"IsStillborn":false,"IsEarlyNeonatalDeathUp28days":false,"IsDeadPerson":false,"ID":"248394","StrID":"248394"},"IsCito":false,"ExternalSystem":1,"OrderResultFileID":null,"OrderResultFileStorageID":null,"OrderResultDate":null,"Status":1,"DeleteDate":null,"ResultNotes":null,"Comment":"","ExternalOrderNumber":"51563987","ExaminationTypeID":null,"ExaminationType":null,"ExaminationIndicationID":null,"ExaminationIndication":null,"Uid":"37805352-6340-439B-AE7E-1EB963888963","SenderPostFullName":"АБАЕВА КАДИША ДИСУМБЕКОВНА","SenderFuncStructureNameRU":"Отделение педиатрии","SenderFuncStructureNameKZ":"Педиатр бөлімі","IsSamplingOfMaterialsAtReceiver":false,"MisID":42194469,"Materials":[{"OrderID":31168519,"Uid":"06f78549-6cf1-4646-b641-37cfc0319d57","MaterialNumber":"51563987","MaterialTypeID":363,"MaterialType":{"OrderBy":0,"ParentID":202,"HasChildren":false,"MasterDataID":489,"Parent":null,"NameRU":"Кровь венозная","NameKZ":"Кровь венозная","Name":"Кровь венозная","PublicCode":"36300","EndDate":null,"ID":"363","StrID":"363"},"TakeDate":"2026-09-03T01:58:00","TakeDateStr":"03.09.2026 01:58","TakePlace":"педиатрия","RejectionReason":null,"RejectionTakenMeasures":null,"ReceiptDate":null,"ReceiptDateStr":null,"RejectionCreatePostID":null,"RejectionCreatePost":null,"SampleCollectorPostIIN":"670604401046","SampleCollectorPostID":null,"Researches":[],"RejectedMaterialImageID":null,"File":null,"ID":"31455438","StrID":"31455438"}],"Researches":[]}],"Total":1}
03.09.2026 10:56:15	Information:	OrderedWW 51563987 Biomat 0 Device 20747
03.09.2026 10:56:15	Information:	ResearchResult
03.09.2026 10:56:15	Information:	{
"OrderID": "31168519",
"WorkPlaceID": 20747
}


03.09.2026 10:56:15	Information:	[{"OrderResearchID":67171332,"OrderResearch":null,"ParameterID":200918,"Parameter":{"ShortNameRU":"общий белок в сыворотке крови","ShortNameKZ":"қан сарысуындағы жалпы ақуыз","ShortName":"общий белок в сыворотке крови","DataType":0,"DataTypeName":"Число","UnitTypeID":100012,"UnitType":{"OrderBy":13,"MasterDataID":null,"CDD_ID":null,"NameRU":"г/л","NameKZ":"г/л","Name":"г/л","PublicCode":"10001200","EndDate":null,"ID":"100012","StrID":"100012"},"MedicalFormID":null,"MasterDataID":0,"MedicalForm":null,"NameWithDataType":"общий белок в сыворотке крови  (Число)","NameRU":"общий белок в сыворотке крови","NameKZ":"қан сарысуындағы жалпы ақуыз","Name":"общий белок в сыворотке крови","PublicCode":"20091800","EndDate":null,"ID":"200918","StrID":"200918"},"ParameterValues":null,"ParameterValueID":null,"ParameterValue":null,"ResultText":null,"ResultValue":null,"ResultDate":"2026-09-03T10:56:16.1989609+05:00","PostID":"0","Post":null,"ExecuteMethod":2,"SourceResultText":null,"SourceResultValue":null,"SourceResultExpression":null,"SourceUnitTypeID":100012,"SourceUnitType":{"OrderBy":13,"MasterDataID":null,"CDD_ID":null,"NameRU":"г/л","NameKZ":"г/л","Name":"г/л","PublicCode":"10001200","EndDate":null,"ID":"100012","StrID":"100012"},"MultiplierID":null,"IsApproved":false,"IsValidated":false,"StandardMatchType":0,"ApproveDate":null,"ApprovePostID":null,"ApprovePost":null,"OrderNum":1,"WorkPlaceID":20747,"OrderID":null,"BacteriologyResult":null,"AnalyzerId":null,"IsOrderProductionControl":false,"ID":"0","StrID":"0"},{"OrderResearchID":67171336,"OrderResearch":null,"ParameterID":201354,"Parameter":{"ShortNameRU":"альбумин  в сыворотке крови (анализатор)","ShortNameKZ":"қан сарысуындағы альбумин (анализатор)","ShortName":"альбумин  в сыворотке крови (анализатор)","DataType":0,"DataTypeName":"Число","UnitTypeID":100012,"UnitType":{"OrderBy":13,"MasterDataID":null,"CDD_ID":null,"NameRU":"г/л","NameKZ":"г/л","Name":"г/л","PublicCode":"10001200","EndDate":null,"ID":"100012","StrID":"100012"},"MedicalFormID":null,"MasterDataID":0,"MedicalForm":null,"NameWithDataType":"альбумин  в сыворотке крови (анализатор)  (Число)","NameRU":"альбумин  в сыворотке крови (анализатор)","NameKZ":"қан сарысуындағы альбумин (анализатор)","Name":"альбумин  в сыворотке крови (анализатор)","PublicCode":"20135400","EndDate":null,"ID":"201354","StrID":"201354"},"ParameterValues":null,"ParameterValueID":null,"ParameterValue":null,"ResultText":null,"ResultValue":null,"ResultDate":"2026-09-03T10:56:16.2025461+05:00","PostID":"0","Post":null,"ExecuteMethod":2,"SourceResultText":null,"SourceResultValue":null,"SourceResultExpression":null,"SourceUnitTypeID":100012,"SourceUnitType":{"OrderBy":13,"MasterDataID":null,"CDD_ID":null,"NameRU":"г/л","NameKZ":"г/л","Name":"г/л","PublicCode":"10001200","EndDate":null,"ID":"100012","StrID":"100012"},"MultiplierID":null,"IsApproved":false,"IsValidated":false,"StandardMatchType":0,"ApproveDate":null,"ApprovePostID":null,"ApprovePost":null,"OrderNum":1,"WorkPlaceID":20747,"OrderID":null,"BacteriologyResult":null,"AnalyzerId":null,"IsOrderProductionControl":false,"ID":"0","StrID":"0"},{"OrderResearchID":67171337,"OrderResearch":null,"ParameterID":200804,"Parameter":{"ShortNameRU":"ЛПНП (анализатор)","ShortNameKZ":"ТТЛП (анализатор)","ShortName":"ЛПНП (анализатор)","DataType":0,"DataTypeName":"Число","UnitTypeID":100051,"UnitType":{"OrderBy":52,"MasterDataID":null,"CDD_ID":null,"NameRU":"ммоль/л","NameKZ":"ммоль/л","Name":"ммоль/л","PublicCode":"10005100","EndDate":null,"ID":"100051","StrID":"100051"},"MedicalFormID":null,"MasterDataID":0,"MedicalForm":null,"NameWithDataType":"ЛПНП (анализатор)  (Число)","NameRU":"ЛПНП (анализатор)","NameKZ":"ТТЛП (анализатор)","Name":"ЛПНП (анализатор)","PublicCode":"20080400","EndDate":null,"ID":"200804","StrID":"200804"},"ParameterValues":null,"ParameterValueID":null,"ParameterValue":null,"ResultText":null,"ResultValue":null,"ResultDate":"2026-09-03T10:56:16.2056545+05:00","PostID":"0","Post":null,"ExecuteMethod":2,"SourceResultText":null,"SourceResultValue":null,"SourceResultExpression":null,"SourceUnitTypeID":100051,"SourceUnitType":{"OrderBy":52,"MasterDataID":null,"CDD_ID":null,"NameRU":"ммоль/л","NameKZ":"ммоль/л","Name":"ммоль/л","PublicCode":"10005100","EndDate":null,"ID":"100051","StrID":"100051"},"MultiplierID":null,"IsApproved":false,"IsValidated":false,"StandardMatchType":0,"ApproveDate":null,"ApprovePostID":null,"ApprovePost":null,"OrderNum":1,"WorkPlaceID":20747,"OrderID":null,"BacteriologyResult":null,"AnalyzerId":null,"IsOrderProductionControl":false,"ID":"0","StrID":"0"},{"OrderResearchID":67171338,"OrderResearch":null,"ParameterID":200802,"Parameter":{"ShortNameRU":"ЛПВП","ShortNameKZ":"ТЖЛП","ShortName":"ЛПВП","DataType":0,"DataTypeName":"Число","UnitTypeID":100051,"UnitType":{"OrderBy":52,"MasterDataID":null,"CDD_ID":null,"NameRU":"ммоль/л","NameKZ":"ммоль/л","Name":"ммоль/л","PublicCode":"10005100","EndDate":null,"ID":"100051","StrID":"100051"},"MedicalFormID":null,"MasterDataID":0,"MedicalForm":null,"NameWithDataType":"ЛПВП  (Число)","NameRU":"ЛПВП","NameKZ":"ТЖЛП","Name":"ЛПВП","PublicCode":"20080200","EndDate":null,"ID":"200802","StrID":"200802"},"ParameterValues":null,"ParameterValueID":null,"ParameterValue":null,"ResultText":null,"ResultValue":null,"ResultDate":"2026-09-03T10:56:16.2094414+05:00","PostID":"0","Post":null,"ExecuteMethod":2,"SourceResultText":null,"SourceResultValue":null,"SourceResultExpression":null,"SourceUnitTypeID":100051,"SourceUnitType":{"OrderBy":52,"MasterDataID":null,"CDD_ID":null,"NameRU":"ммоль/л","NameKZ":"ммоль/л","Name":"ммоль/л","PublicCode":"10005100","EndDate":null,"ID":"100051","StrID":"100051"},"MultiplierID":null,"IsApproved":false,"IsValidated":false,"StandardMatchType":0,"ApproveDate":null,"ApprovePostID":null,"ApprovePost":null,"OrderNum":1,"WorkPlaceID":20747,"OrderID":null,"BacteriologyResult":null,"AnalyzerId":null,"IsOrderProductionControl":false,"ID":"0","StrID":"0"},{"OrderResearchID":67171334,"OrderResearch":null,"ParameterID":200357,"Parameter":{"ShortNameRU":"АЛаТ","ShortNameKZ":"АЛаТ","ShortName":"АЛаТ","DataType":0,"DataTypeName":"Число","UnitTypeID":100030,"UnitType":{"OrderBy":31,"MasterDataID":null,"CDD_ID":null,"NameRU":"МЕ/л","NameKZ":"ХБ/л","Name":"МЕ/л","PublicCode":"10003000","EndDate":null,"ID":"100030","StrID":"100030"},"MedicalFormID":null,"MasterDataID":0,"MedicalForm":null,"NameWithDataType":"АЛаТ  (Число)","NameRU":"АЛаТ","NameKZ":"АЛаТ","Name":"АЛаТ","PublicCode":"20035700","EndDate":null,"ID":"200357","StrID":"200357"},"ParameterValues":null,"ParameterValueID":null,"ParameterValue":null,"ResultText":null,"ResultValue":null,"ResultDate":"2026-09-03T10:56:16.2128121+05:00","PostID":"0","Post":null,"ExecuteMethod":2,"SourceResultText":null,"SourceResultValue":null,"SourceResultExpression":null,"SourceUnitTypeID":100030,"SourceUnitType":{"OrderBy":31,"MasterDataID":null,"CDD_ID":null,"NameRU":"МЕ/л","NameKZ":"ХБ/л","Name":"МЕ/л","PublicCode":"10003000","EndDate":null,"ID":"100030","StrID":"100030"},"MultiplierID":null,"IsApproved":false,"IsValidated":false,"StandardMatchType":0,"ApproveDate":null,"ApprovePostID":null,"ApprovePost":null,"OrderNum":1,"WorkPlaceID":20747,"OrderID":null,"BacteriologyResult":null,"AnalyzerId":null,"IsOrderProductionControl":false,"ID":"0","StrID":"0"},{"OrderResearchID":67171335,"OrderResearch":null,"ParameterID":200919,"Parameter":{"ShortNameRU":"общий билирубин в сыворотке крови","ShortNameKZ":"қан сарысуындағы жалпы билирубин","ShortName":"общий билирубин в сыворотке крови","DataType":0,"DataTypeName":"Число","UnitTypeID":100041,"UnitType":{"OrderBy":42,"MasterDataID":null,"CDD_ID":null,"NameRU":"мкмоль/л","NameKZ":"мкмоль/л","Name":"мкмоль/л","PublicCode":"10004100","EndDate":null,"ID":"100041","StrID":"100041"},"MedicalFormID":null,"MasterDataID":0,"MedicalForm":null,"NameWithDataType":"общий билирубин в сыворотке крови  (Число)","NameRU":"общий билирубин в сыворотке крови","NameKZ":"қан сарысуындағы жалпы билирубин","Name":"общий билирубин в сыворотке крови","PublicCode":"20091900","EndDate":null,"ID":"200919","StrID":"200919"},"ParameterValues":null,"ParameterValueID":null,"ParameterValue":null,"ResultText":null,"ResultValue":null,"ResultDate":"2026-09-03T10:56:16.2162802+05:00","PostID":"0","Post":null,"ExecuteMethod":2,"SourceResultText":null,"SourceResultValue":null,"SourceResultExpression":null,"SourceUnitTypeID":100041,"SourceUnitType":{"OrderBy":42,"MasterDataID":null,"CDD_ID":null,"NameRU":"мкмоль/л","NameKZ":"мкмоль/л","Name":"мкмоль/л","PublicCode":"10004100","EndDate":null,"ID":"100041","StrID":"100041"},"MultiplierID":null,"IsApproved":false,"IsValidated":false,"StandardMatchType":0,"ApproveDate":null,"ApprovePostID":null,"ApprovePost":null,"OrderNum":1,"WorkPlaceID":20747,"OrderID":null,"BacteriologyResult":null,"AnalyzerId":null,"IsOrderProductionControl":false,"ID":"0","StrID":"0"},{"OrderResearchID":67171339,"OrderResearch":null,"ParameterID":200408,"Parameter":{"ShortNameRU":"АСаТ","ShortNameKZ":"АСаТ","ShortName":"АСаТ","DataType":0,"DataTypeName":"Число","UnitTypeID":100030,"UnitType":{"OrderBy":31,"MasterDataID":null,"CDD_ID":null,"NameRU":"МЕ/л","NameKZ":"ХБ/л","Name":"МЕ/л","PublicCode":"10003000","EndDate":null,"ID":"100030","StrID":"100030"},"MedicalFormID":null,"MasterDataID":0,"MedicalForm":null,"NameWithDataType":"АСаТ  (Число)","NameRU":"АСаТ","NameKZ":"АСаТ","Name":"АСаТ","PublicCode":"20040800","EndDate":null,"ID":"200408","StrID":"200408"},"ParameterValues":null,"ParameterValueID":null,"ParameterValue":null,"ResultText":null,"ResultValue":null,"ResultDate":"2026-09-03T10:56:16.219538+05:00","PostID":"0","Post":null,"ExecuteMethod":2,"SourceResultText":null,"SourceResultValue":null,"SourceResultExpression":null,"SourceUnitTypeID":100030,"SourceUnitType":{"OrderBy":31,"MasterDataID":null,"CDD_ID":null,"NameRU":"МЕ/л","NameKZ":"ХБ/л","Name":"МЕ/л","PublicCode":"10003000","EndDate":null,"ID":"100030","StrID":"100030"},"MultiplierID":null,"IsApproved":false,"IsValidated":false,"StandardMatchType":0,"ApproveDate":null,"ApprovePostID":null,"ApprovePost":null,"OrderNum":1,"WorkPlaceID":20747,"OrderID":null,"BacteriologyResult":null,"AnalyzerId":null,"IsOrderProductionControl":false,"ID":"0","StrID":"0"},{"OrderResearchID":67171340,"OrderResearch":null,"ParameterID":201268,"Parameter":{"ShortNameRU":"холестерин в сыворотке крови","ShortNameKZ":"қан сарысуындағы холестерин","ShortName":"холестерин в сыворотке крови","DataType":0,"DataTypeName":"Число","UnitTypeID":100051,"UnitType":{"OrderBy":52,"MasterDataID":null,"CDD_ID":null,"NameRU":"ммоль/л","NameKZ":"ммоль/л","Name":"ммоль/л","PublicCode":"10005100","EndDate":null,"ID":"100051","StrID":"100051"},"MedicalFormID":null,"MasterDataID":0,"MedicalForm":null,"NameWithDataType":"холестерин в сыворотке крови  (Число)","NameRU":"холестерин в сыворотке крови","NameKZ":"қан сарысуындағы холестерин","Name":"холестерин в сыворотке крови","PublicCode":"20126800","EndDate":null,"ID":"201268","StrID":"201268"},"ParameterValues":null,"ParameterValueID":null,"ParameterValue":null,"ResultText":null,"ResultValue":null,"ResultDate":"2026-09-03T10:56:16.2220708+05:00","PostID":"0","Post":null,"ExecuteMethod":2,"SourceResultText":null,"SourceResultValue":null,"SourceResultExpression":null,"SourceUnitTypeID":100051,"SourceUnitType":{"OrderBy":52,"MasterDataID":null,"CDD_ID":null,"NameRU":"ммоль/л","NameKZ":"ммоль/л","Name":"ммоль/л","PublicCode":"10005100","EndDate":null,"ID":"100051","StrID":"100051"},"MultiplierID":null,"IsApproved":false,"IsValidated":false,"StandardMatchType":0,"ApproveDate":null,"ApprovePostID":null,"ApprovePost":null,"OrderNum":1,"WorkPlaceID":20747,"OrderID":null,"BacteriologyResult":null,"AnalyzerId":null,"IsOrderProductionControl":false,"ID":"0","StrID":"0"},{"OrderResearchID":67171341,"OrderResearch":null,"ParameterID":201202,"Parameter":{"ShortNameRU":"триглицериды в сыворотке крови","ShortNameKZ":"қан сарысуындағы триглицеридтер","ShortName":"триглицериды в сыворотке крови","DataType":0,"DataTypeName":"Число","UnitTypeID":100051,"UnitType":{"OrderBy":52,"MasterDataID":null,"CDD_ID":null,"NameRU":"ммоль/л","NameKZ":"ммоль/л","Name":"ммоль/л","PublicCode":"10005100","EndDate":null,"ID":"100051","StrID":"100051"},"MedicalFormID":null,"MasterDataID":0,"MedicalForm":null,"NameWithDataType":"триглицериды в сыворотке крови  (Число)","NameRU":"триглицериды в сыворотке крови","NameKZ":"қан сарысуындағы триглицеридтер","Name":"триглицериды в сыворотке крови","PublicCode":"20120200","EndDate":null,"ID":"201202","StrID":"201202"},"ParameterValues":null,"ParameterValueID":null,"ParameterValue":null,"ResultText":null,"ResultValue":null,"ResultDate":"2026-09-03T10:56:16.2251122+05:00","PostID":"0","Post":null,"ExecuteMethod":2,"SourceResultText":null,"SourceResultValue":null,"SourceResultExpression":null,"SourceUnitTypeID":100051,"SourceUnitType":{"OrderBy":52,"MasterDataID":null,"CDD_ID":null,"NameRU":"ммоль/л","NameKZ":"ммоль/л","Name":"ммоль/л","PublicCode":"10005100","EndDate":null,"ID":"100051","StrID":"100051"},"MultiplierID":null,"IsApproved":false,"IsValidated":false,"StandardMatchType":0,"ApproveDate":null,"ApprovePostID":null,"ApprovePost":null,"OrderNum":1,"WorkPlaceID":20747,"OrderID":null,"BacteriologyResult":null,"AnalyzerId":null,"IsOrderProductionControl":false,"ID":"0","StrID":"0"},{"OrderResearchID":67171333,"OrderResearch":null,"ParameterID":200549,"Parameter":{"ShortNameRU":"глюкоза в сыворотке крови","ShortNameKZ":"қан сарысуындағы глюкоза","ShortName":"глюкоза в сыворотке крови","DataType":0,"DataTypeName":"Число","UnitTypeID":100051,"UnitType":{"OrderBy":52,"MasterDataID":null,"CDD_ID":null,"NameRU":"ммоль/л","NameKZ":"ммоль/л","Name":"ммоль/л","PublicCode":"10005100","EndDate":null,"ID":"100051","StrID":"100051"},"MedicalFormID":null,"MasterDataID":0,"MedicalForm":null,"NameWithDataType":"глюкоза в сыворотке крови  (Число)","NameRU":"глюкоза в сыворотке крови","NameKZ":"қан сарысуындағы глюкоза","Name":"глюкоза в сыворотке крови","PublicCode":"20054900","EndDate":null,"ID":"200549","StrID":"200549"},"ParameterValues":null,"ParameterValueID":null,"ParameterValue":null,"ResultText":null,"ResultValue":null,"ResultDate":"2026-09-03T10:56:16.2306442+05:00","PostID":"0","Post":null,"ExecuteMethod":2,"SourceResultText":null,"SourceResultValue":null,"SourceResultExpression":null,"SourceUnitTypeID":100051,"SourceUnitType":{"OrderBy":52,"MasterDataID":null,"CDD_ID":null,"NameRU":"ммоль/л","NameKZ":"ммоль/л","Name":"ммоль/л","PublicCode":"10005100","EndDate":null,"ID":"100051","StrID":"100051"},"MultiplierID":null,"IsApproved":false,"IsValidated":false,"StandardMatchType":0,"ApproveDate":null,"ApprovePostID":null,"ApprovePost":null,"OrderNum":1,"WorkPlaceID":20747,"OrderID":null,"BacteriologyResult":null,"AnalyzerId":null,"IsOrderProductionControl":false,"ID":"0","StrID":"0"},{"OrderResearchID":67171342,"OrderResearch":null,"ParameterID":200852,"Parameter":{"ShortNameRU":"мочевина в сыворотке крови","ShortNameKZ":"қан сарысуындағы несепнәр","ShortName":"мочевина в сыворотке крови","DataType":0,"DataTypeName":"Число","UnitTypeID":100051,"UnitType":{"OrderBy":52,"MasterDataID":null,"CDD_ID":null,"NameRU":"ммоль/л","NameKZ":"ммоль/л","Name":"ммоль/л","PublicCode":"10005100","EndDate":null,"ID":"100051","StrID":"100051"},"MedicalFormID":null,"MasterDataID":0,"MedicalForm":null,"NameWithDataType":"мочевина в сыворотке крови  (Число)","NameRU":"мочевина в сыворотке крови","NameKZ":"қан сарысуындағы несепнәр","Name":"мочевина в сыворотке крови","PublicCode":"20085200","EndDate":null,"ID":"200852","StrID":"200852"},"ParameterValues":null,"ParameterValueID":null,"ParameterValue":null,"ResultText":null,"ResultValue":null,"ResultDate":"2026-09-03T10:56:16.2351434+05:00","PostID":"0","Post":null,"ExecuteMethod":2,"SourceResultText":null,"SourceResultValue":null,"SourceResultExpression":null,"SourceUnitTypeID":100051,"SourceUnitType":{"OrderBy":52,"MasterDataID":null,"CDD_ID":null,"NameRU":"ммоль/л","NameKZ":"ммоль/л","Name":"ммоль/л","PublicCode":"10005100","EndDate":null,"ID":"100051","StrID":"100051"},"MultiplierID":null,"IsApproved":false,"IsValidated":false,"StandardMatchType":0,"ApproveDate":null,"ApprovePostID":null,"ApprovePost":null,"OrderNum":1,"WorkPlaceID":20747,"OrderID":null,"BacteriologyResult":null,"AnalyzerId":null,"IsOrderProductionControl":false,"ID":"0","StrID":"0"},{"OrderResearchID":67171343,"OrderResearch":null,"ParameterID":200744,"Parameter":{"ShortNameRU":"креатинин в крови","ShortNameKZ":"қандағы креатинин","ShortName":"креатинин в крови","DataType":0,"DataTypeName":"Число","UnitTypeID":100041,"UnitType":{"OrderBy":42,"MasterDataID":null,"CDD_ID":null,"NameRU":"мкмоль/л","NameKZ":"мкмоль/л","Name":"мкмоль/л","PublicCode":"10004100","EndDate":null,"ID":"100041","StrID":"100041"},"MedicalFormID":null,"MasterDataID":0,"MedicalForm":null,"NameWithDataType":"креатинин в крови  (Число)","NameRU":"креатинин в крови","NameKZ":"қандағы креатинин","Name":"креатинин в крови","PublicCode":"20074400","EndDate":null,"ID":"200744","StrID":"200744"},"ParameterValues":null,"ParameterValueID":null,"ParameterValue":null,"ResultText":null,"ResultValue":null,"ResultDate":"2026-09-03T10:56:16.237753+05:00","PostID":"0","Post":null,"ExecuteMethod":2,"SourceResultText":null,"SourceResultValue":null,"SourceResultExpression":null,"SourceUnitTypeID":100041,"SourceUnitType":{"OrderBy":42,"MasterDataID":null,"CDD_ID":null,"NameRU":"мкмоль/л","NameKZ":"мкмоль/л","Name":"мкмоль/л","PublicCode":"10004100","EndDate":null,"ID":"100041","StrID":"100041"},"MultiplierID":null,"IsApproved":false,"IsValidated":false,"StandardMatchType":0,"ApproveDate":null,"ApprovePostID":null,"ApprovePost":null,"OrderNum":1,"WorkPlaceID":20747,"OrderID":null,"BacteriologyResult":null,"AnalyzerId":null,"IsOrderProductionControl":false,"ID":"0","StrID":"0"},{"OrderResearchID":67171344,"OrderResearch":null,"ParameterID":201150,"Parameter":{"ShortNameRU":"СРБ","ShortNameKZ":"СРА","ShortName":"СРБ","DataType":0,"DataTypeName":"Число","UnitTypeID":100026,"UnitType":{"OrderBy":27,"MasterDataID":null,"CDD_ID":null,"NameRU":"мг/л","NameKZ":"мг/л","Name":"мг/л","PublicCode":"10002600","EndDate":null,"ID":"100026","StrID":"100026"},"MedicalFormID":null,"MasterDataID":0,"MedicalForm":null,"NameWithDataType":"СРБ  (Число)","NameRU":"СРБ","NameKZ":"СРА","Name":"СРБ","PublicCode":"20115000","EndDate":null,"ID":"201150","StrID":"201150"},"ParameterValues":null,"ParameterValueID":null,"ParameterValue":null,"ResultText":null,"ResultValue":null,"ResultDate":"2026-09-03T10:56:16.2424445+05:00","PostID":"0","Post":null,"ExecuteMethod":2,"SourceResultText":null,"SourceResultValue":null,"SourceResultExpression":null,"SourceUnitTypeID":100026,"SourceUnitType":{"OrderBy":27,"MasterDataID":null,"CDD_ID":null,"NameRU":"мг/л","NameKZ":"мг/л","Name":"мг/л","PublicCode":"10002600","EndDate":null,"ID":"100026","StrID":"100026"},"MultiplierID":null,"IsApproved":false,"IsValidated":false,"StandardMatchType":0,"ApproveDate":null,"ApprovePostID":null,"ApprovePost":null,"OrderNum":1,"WorkPlaceID":20747,"OrderID":null,"BacteriologyResult":null,"AnalyzerId":null,"IsOrderProductionControl":false,"ID":"0","StrID":"0"}]
03.09.2026 10:56:15	Information:	TestsWW spec 200918, spec 201354, spec 200804, spec 200802, spec 200357, spec 200919, spec 200408, spec 201268, spec 201202, spec 200549, spec 200852, spec 200744, spec 201150, 
03.09.2026 10:56:15	Information:	Querry lines count: 1
03.09.2026 10:56:15	Debug:	SendResults:	fix DriverRequests=	508	ms
03.09.2026 10:56:15	Information:	SAMPLE! 51563987 DeviceDriverResult Sample: 51563987 Suggest: . Do Request True
03.09.2026 10:56:15	Information:	Sample request count: 1
03.09.2026 10:56:15	Information:	MU is mmol/L
03.09.2026 10:56:15	Information:	Driver Collations count 0
03.09.2026 10:56:15	Information:	MU collations count=0
03.09.2026 10:56:15	Information:	MU is ?mol/L
03.09.2026 10:56:15	Information:	Driver Collations count 0
03.09.2026 10:56:15	Information:	MU collations count=0
03.09.2026 10:56:15	Information:	MU is U/L
03.09.2026 10:56:15	Information:	Driver Collations count 0
03.09.2026 10:56:15	Information:	MU collations count=0
03.09.2026 10:56:15	Information:	MU is U/L
03.09.2026 10:56:15	Information:	Driver Collations count 0
03.09.2026 10:56:15	Information:	MU collations count=0
03.09.2026 10:56:15	Information:	MU is mg/L
03.09.2026 10:56:15	Information:	Driver Collations count 0
03.09.2026 10:56:15	Information:	MU collations count=0
03.09.2026 10:56:15	Information:	MU is g/L
03.09.2026 10:56:15	Information:	Driver Collations count 0
03.09.2026 10:56:15	Information:	MU collations count=0
03.09.2026 10:56:15	Information:	MU is mmol/L
03.09.2026 10:56:15	Information:	Driver Collations count 0
03.09.2026 10:56:15	Information:	MU collations count=0
03.09.2026 10:56:15	Information:	MU is ?mol/L
03.09.2026 10:56:15	Information:	Driver Collations count 0
03.09.2026 10:56:15	Information:	MU collations count=0
03.09.2026 10:56:15	Information:	MU is mmol/L
03.09.2026 10:56:15	Information:	Driver Collations count 0
03.09.2026 10:56:15	Information:	MU collations count=0
03.09.2026 10:56:16	Debug:	SendResults:	SetTestsValues first SetTestsValues=	87	ms
03.09.2026 10:56:16	Debug:	SendResults:	Device Total = 599 ms
03.09.2026 10:56:16	Information:	Saving 51563987
03.09.2026 10:56:16	Information:	Start test result saving
03.09.2026 10:56:16	Information:	Result object to save: 
03.09.2026 10:56:16	Information:	{"OrderResearchID":67171332,"OrderResearch":null,"ParameterID":200918,"Parameter":{"ShortNameRU":"общий белок в сыворотке крови","ShortNameKZ":"қан сарысуындағы жалпы ақуыз","ShortName":"общий белок в сыворотке крови","DataType":0,"DataTypeName":"Число","UnitTypeID":100012,"UnitType":{"NameRU":"г/л","NameKZ":"г/л","Name":"г/л","PublicCode":"10001200","OrderBy":13,"ID":100012,"StrID":"100012"},"MedicalFormID":null,"MedicalForm":null,"NameRU":"общий белок в сыворотке крови","NameKZ":"қан сарысуындағы жалпы ақуыз","Name":"общий белок в сыворотке крови","PublicCode":"20091800","OrderBy":null,"ID":200918,"StrID":"200918"},"ParameterValueID":null,"ParameterValue":null,"ResultText":"81.07","ResultValue":null,"ResultDate":"2026-09-03T10:56:16.1989609+05:00","PostID":0,"Post":null,"ExecuteMethod":2,"SourceResultText":"81.07","SourceResultValue":null,"SourceResultExpression":null,"SourceUnitTypeID":100012,"SourceUnitType":{"NameRU":"г/л","NameKZ":"г/л","Name":"г/л","PublicCode":"10001200","OrderBy":13,"ID":100012,"StrID":"100012"},"IsApproved":false,"ApproveDate":null,"ApprovePostID":null,"ApprovePost":null,"OrderNum":1,"WorkPlaceID":20747,"DriverManagerID":150,"BacteriologyResult":null,"AnalyzerId":38,"IsOrderProductionControl":false,"ID":0,"StrID":"0"}
03.09.2026 10:56:16	Information:	Save string: 
03.09.2026 10:56:16	Information:	{"OrderResearchID":67171332,"OrderResearch":{"OrderID":31168519,"ServiceMoID":2163201,"ServiceMoMasterDataID":8269447,"ServiceMo":{"OrgHealthCareID":"45500000000000909","ServiceID":236,"NameRU":"Определение общего белка в сыворотке крови на анализаторе","NameKZ":"Қан сарысуындағы жалпы нәруызды талдауышта анықтау ","Name":"Определение общего белка в сыворотке крови на анализаторе","ShortNameRU":"Определение общего белка в сыворотке крови на анализаторе","ShortNameKZ":"Қан сарысуындағы жалпы нәруызды талдауышта анықтау ","ShortName":"Определение общего белка в сыворотке крови на анализаторе","FullName":"B03.397.002 - Определение общего белка в сыворотке крови на анализаторе","Code":"B03.397.002","ExternalCode":null,"ServiceClassID":5,"ServiceClass":{"ServiceTypeID":2,"OrderBy":5,"MasterDataID":5,"NameRU":"Клиническая химия (биохимия)","NameKZ":"Клиникалық химия (биохимия)","Name":"Клиническая химия (биохимия)","PublicCode":"500","EndDate":null,"ID":"5","StrID":"5"},"Service":{"NameRU":"Определение общего белка в сыворотке крови на анализаторе","NameKZ":"Қан сарысуындағы жалпы нәруызды талдауышта анықтау","Name":"Определение общего белка в сыворотке крови на анализаторе","ShortNameRU":"Общий белок на анализаторе","ShortNameKZ":"Общий белок на анализаторе","ShortName":"Общий белок на анализаторе","FullName":"B03.397.002 - Определение общего белка в сыворотке крови на анализаторе","Code":"B03.397.002","ServiceClassID":5,"ServiceClass":null,"ServiceSubClassID":6,"ServiceSubClass":null,"MaterialTypeID":202,"MaterialType":null,"MasterDataID":3079,"ID":"236","StrID":"236"},"MasterDataID":8269447,"ServiceSubClassID":6,"PayType":1,"ServiceSubClass":null,"ID":"2163201","StrID":"2163201"},"FullName":"B03.397.002 - Определение общего белка в сыворотке крови на анализаторе  () ","IsMain":true,"SourceID":"145153280_34023266","WorkPlaceID":20747,"WorkPlace":null,"DriverManager":null,"ParameterID":null,"Parameter":null,"AdditionalInfo":null,"Status":1,"PerformetServiceCount":7,"ResearchResultCount":0,"ApproveResearchResultCount":0,"NotSaveResearchResultCount":0,"ParentID":null,"ScreeningCandidatePlanGuid":null,"ScreeningUrl":null,"TakePlace":null,"MaterialTypeID":null,"MaterialType":null,"PartCount":0,"IsOrderProductionControl":false,"Uid":"749ccc5b-2798-40bf-bf6a-498b34e8255d","OrderPerformerServices":[],"OrderResearchAllergens":[],"Results":[],"IsResumed":false,"ExecutionType":0,"ID":"67171332","StrID":"67171332"},"ParameterID":200918,"Parameter":{"ShortNameRU":"общий белок в сыворотке крови","ShortNameKZ":"қан сарысуындағы жалпы ақуыз","ShortName":"общий белок в сыворотке крови","DataType":0,"DataTypeName":"Число","UnitTypeID":100012,"UnitType":null,"MedicalFormID":null,"MasterDataID":0,"MedicalForm":null,"NameWithDataType":"общий белок в сыворотке крови  (Число)","NameRU":"общий белок в сыворотке крови","NameKZ":"қан сарысуындағы жалпы ақуыз","Name":"общий белок в сыворотке крови","PublicCode":"20091800","EndDate":null,"ID":"200918","StrID":"200918"},"ParameterValues":null,"ParameterValueID":null,"ParameterValue":null,"ResultText":"81.07","ResultValue":"81.07","ResultDate":"2026-09-03T10:56:16.4980409+05:00","PostID":"189416","Post":null,"ExecuteMethod":2,"SourceResultText":"81.07","SourceResultValue":"81.07","SourceResultExpression":null,"SourceUnitTypeID":100012,"SourceUnitType":{"OrderBy":13,"MasterDataID":null,"CDD_ID":null,"NameRU":"г/л","NameKZ":"г/л","Name":"г/л","PublicCode":"10001200","EndDate":null,"ID":"100012","StrID":"100012"},"MultiplierID":null,"IsApproved":false,"IsValidated":false,"StandardMatchType":0,"ApproveDate":null,"ApprovePostID":null,"ApprovePost":null,"OrderNum":1,"WorkPlaceID":20747,"OrderID":null,"BacteriologyResult":null,"AnalyzerId":38,"IsOrderProductionControl":false,"ID":"207482488","StrID":"207482488"}
03.09.2026 10:56:16	Information:	No result for test 201354 for sample with barcode 51563987 for device 20747
03.09.2026 10:56:16	Information:	No result for test 200804 for sample with barcode 51563987 for device 20747
03.09.2026 10:56:16	Information:	No result for test 200802 for sample with barcode 51563987 for device 20747
03.09.2026 10:56:16	Information:	Result object to save: 
03.09.2026 10:56:16	Information:	{"OrderResearchID":67171334,"OrderResearch":null,"ParameterID":200357,"Parameter":{"ShortNameRU":"АЛаТ","ShortNameKZ":"АЛаТ","ShortName":"АЛаТ","DataType":0,"DataTypeName":"Число","UnitTypeID":100030,"UnitType":{"NameRU":"МЕ/л","NameKZ":"ХБ/л","Name":"МЕ/л","PublicCode":"10003000","OrderBy":31,"ID":100030,"StrID":"100030"},"MedicalFormID":null,"MedicalForm":null,"NameRU":"АЛаТ","NameKZ":"АЛаТ","Name":"АЛаТ","PublicCode":"20035700","OrderBy":null,"ID":200357,"StrID":"200357"},"ParameterValueID":null,"ParameterValue":null,"ResultText":"27.9","ResultValue":null,"ResultDate":"2026-09-03T10:56:16.2128121+05:00","PostID":0,"Post":null,"ExecuteMethod":2,"SourceResultText":"27.9","SourceResultValue":null,"SourceResultExpression":null,"SourceUnitTypeID":100030,"SourceUnitType":{"NameRU":"МЕ/л","NameKZ":"ХБ/л","Name":"МЕ/л","PublicCode":"10003000","OrderBy":31,"ID":100030,"StrID":"100030"},"IsApproved":false,"ApproveDate":null,"ApprovePostID":null,"ApprovePost":null,"OrderNum":1,"WorkPlaceID":20747,"DriverManagerID":150,"BacteriologyResult":null,"AnalyzerId":38,"IsOrderProductionControl":false,"ID":0,"StrID":"0"}
03.09.2026 10:56:16	Information:	Save string: 
03.09.2026 10:56:16	Information:	{"OrderResearchID":67171334,"OrderResearch":{"OrderID":31168519,"ServiceMoID":2163576,"ServiceMoMasterDataID":8269462,"ServiceMo":{"OrgHealthCareID":"45500000000000909","ServiceID":253,"NameRU":"Определение аланинаминотрансферазы (АЛаТ) в сыворотке крови на анализаторе","NameKZ":"Қан сарысуындағы аланинаминотрансферазды (АЛаТ) талдауышта анықтау ","Name":"Определение аланинаминотрансферазы (АЛаТ) в сыворотке крови на анализаторе","ShortNameRU":"Определение аланинаминотрансферазы (АЛаТ) в сыворотке крови на анализаторе","ShortNameKZ":"Қан сарысуындағы аланинаминотрансферазды (АЛаТ) талдауышта анықтау ","ShortName":"Определение аланинаминотрансферазы (АЛаТ) в сыворотке крови на анализаторе","FullName":"B03.155.002 - Определение аланинаминотрансферазы (АЛаТ) в сыворотке крови на анализаторе","Code":"B03.155.002","ExternalCode":null,"ServiceClassID":5,"ServiceClass":{"ServiceTypeID":2,"OrderBy":5,"MasterDataID":5,"NameRU":"Клиническая химия (биохимия)","NameKZ":"Клиникалық химия (биохимия)","Name":"Клиническая химия (биохимия)","PublicCode":"500","EndDate":null,"ID":"5","StrID":"5"},"Service":{"NameRU":"Определение аланинаминотрансферазы (АЛаТ) в сыворотке крови на анализаторе","NameKZ":"Қан сарысуындағы аланинаминотрансферазды (АЛаТ) талдауышта анықтау","Name":"Определение аланинаминотрансферазы (АЛаТ) в сыворотке крови на анализаторе","ShortNameRU":"АЛаТ на анализаторе","ShortNameKZ":"АЛаТ на анализаторе","ShortName":"АЛаТ на анализаторе","FullName":"B03.155.002 - Определение аланинаминотрансферазы (АЛаТ) в сыворотке крови на анализаторе","Code":"B03.155.002","ServiceClassID":5,"ServiceClass":null,"ServiceSubClassID":6,"ServiceSubClass":null,"MaterialTypeID":202,"MaterialType":null,"MasterDataID":3094,"ID":"253","StrID":"253"},"MasterDataID":8269462,"ServiceSubClassID":6,"PayType":1,"ServiceSubClass":null,"ID":"2163576","StrID":"2163576"},"FullName":"B03.155.002 - Определение аланинаминотрансферазы (АЛаТ) в сыворотке крови на анализаторе  () ","IsMain":true,"SourceID":"145153280_34023268","WorkPlaceID":20747,"WorkPlace":null,"DriverManager":null,"ParameterID":null,"Parameter":null,"AdditionalInfo":null,"Status":1,"PerformetServiceCount":9,"ResearchResultCount":0,"ApproveResearchResultCount":0,"NotSaveResearchResultCount":0,"ParentID":null,"ScreeningCandidatePlanGuid":null,"ScreeningUrl":null,"TakePlace":null,"MaterialTypeID":null,"MaterialType":null,"PartCount":0,"IsOrderProductionControl":false,"Uid":"4c491f0f-b1fa-43f9-8bbb-e673f511ad9c","OrderPerformerServices":[],"OrderResearchAllergens":[],"Results":[],"IsResumed":false,"ExecutionType":0,"ID":"67171334","StrID":"67171334"},"ParameterID":200357,"Parameter":{"ShortNameRU":"АЛаТ","ShortNameKZ":"АЛаТ","ShortName":"АЛаТ","DataType":0,"DataTypeName":"Число","UnitTypeID":100030,"UnitType":null,"MedicalFormID":null,"MasterDataID":0,"MedicalForm":null,"NameWithDataType":"АЛаТ  (Число)","NameRU":"АЛаТ","NameKZ":"АЛаТ","Name":"АЛаТ","PublicCode":"20035700","EndDate":null,"ID":"200357","StrID":"200357"},"ParameterValues":null,"ParameterValueID":null,"ParameterValue":null,"ResultText":"27.90","ResultValue":"27.90","ResultDate":"2026-09-03T10:56:16.5944719+05:00","PostID":"189416","Post":null,"ExecuteMethod":2,"SourceResultText":"27.90","SourceResultValue":"27.90","SourceResultExpression":null,"SourceUnitTypeID":100030,"SourceUnitType":{"OrderBy":31,"MasterDataID":null,"CDD_ID":null,"NameRU":"МЕ/л","NameKZ":"ХБ/л","Name":"МЕ/л","PublicCode":"10003000","EndDate":null,"ID":"100030","StrID":"100030"},"MultiplierID":null,"IsApproved":false,"IsValidated":false,"StandardMatchType":0,"ApproveDate":null,"ApprovePostID":null,"ApprovePost":null,"OrderNum":1,"WorkPlaceID":20747,"OrderID":null,"BacteriologyResult":null,"AnalyzerId":38,"IsOrderProductionControl":false,"ID":"207482489","StrID":"207482489"}
03.09.2026 10:56:16	Information:	Result object to save: 
03.09.2026 10:56:16	Information:	{"OrderResearchID":67171335,"OrderResearch":null,"ParameterID":200919,"Parameter":{"ShortNameRU":"общий билирубин в сыворотке крови","ShortNameKZ":"қан сарысуындағы жалпы билирубин","ShortName":"общий билирубин в сыворотке крови","DataType":0,"DataTypeName":"Число","UnitTypeID":100041,"UnitType":{"NameRU":"мкмоль/л","NameKZ":"мкмоль/л","Name":"мкмоль/л","PublicCode":"10004100","OrderBy":42,"ID":100041,"StrID":"100041"},"MedicalFormID":null,"MedicalForm":null,"NameRU":"общий билирубин в сыворотке крови","NameKZ":"қан сарысуындағы жалпы билирубин","Name":"общий билирубин в сыворотке крови","PublicCode":"20091900","OrderBy":null,"ID":200919,"StrID":"200919"},"ParameterValueID":null,"ParameterValue":null,"ResultText":"7.50","ResultValue":null,"ResultDate":"2026-09-03T10:56:16.2162802+05:00","PostID":0,"Post":null,"ExecuteMethod":2,"SourceResultText":"7.50","SourceResultValue":null,"SourceResultExpression":null,"SourceUnitTypeID":100041,"SourceUnitType":{"NameRU":"мкмоль/л","NameKZ":"мкмоль/л","Name":"мкмоль/л","PublicCode":"10004100","OrderBy":42,"ID":100041,"StrID":"100041"},"IsApproved":false,"ApproveDate":null,"ApprovePostID":null,"ApprovePost":null,"OrderNum":1,"WorkPlaceID":20747,"DriverManagerID":150,"BacteriologyResult":null,"AnalyzerId":38,"IsOrderProductionControl":false,"ID":0,"StrID":"0"}
03.09.2026 10:56:16	Information:	Save string: 
03.09.2026 10:56:16	Information:	{"OrderResearchID":67171335,"OrderResearch":{"OrderID":31168519,"ServiceMoID":2163626,"ServiceMoMasterDataID":8269464,"ServiceMo":{"OrgHealthCareID":"45500000000000909","ServiceID":255,"NameRU":"Определение общего билирубина в сыворотке крови на анализаторе","NameKZ":"Қан сарысуындағы жалпы  билирубинді талдауышта анықтау в сыворотке крови на анализаторе","Name":"Определение общего билирубина в сыворотке крови на анализаторе","ShortNameRU":"Определение общего билирубина в сыворотке крови на анализаторе","ShortNameKZ":"Қан сарысуындағы жалпы  билирубинді талдауышта анықтау в сыворотке крови на анализаторе","ShortName":"Определение общего билирубина в сыворотке крови на анализаторе","FullName":"B03.398.002 - Определение общего билирубина в сыворотке крови на анализаторе","Code":"B03.398.002","ExternalCode":null,"ServiceClassID":5,"ServiceClass":{"ServiceTypeID":2,"OrderBy":5,"MasterDataID":5,"NameRU":"Клиническая химия (биохимия)","NameKZ":"Клиникалық химия (биохимия)","Name":"Клиническая химия (биохимия)","PublicCode":"500","EndDate":null,"ID":"5","StrID":"5"},"Service":{"NameRU":"Определение общего билирубина в сыворотке крови на анализаторе","NameKZ":"Қан сарысуындағы жалпы билирубинді талдауышта анықтау в сыворотке крови на анализаторе","Name":"Определение общего билирубина в сыворотке крови на анализаторе","ShortNameRU":"Общий Bi на анализаторе","ShortNameKZ":"Общий Bi на анализаторе","ShortName":"Общий Bi на анализаторе","FullName":"B03.398.002 - Определение общего билирубина в сыворотке крови на анализаторе","Code":"B03.398.002","ServiceClassID":5,"ServiceClass":null,"ServiceSubClassID":6,"ServiceSubClass":null,"MaterialTypeID":202,"MaterialType":null,"MasterDataID":3096,"ID":"255","StrID":"255"},"MasterDataID":8269464,"ServiceSubClassID":6,"PayType":1,"ServiceSubClass":null,"ID":"2163626","StrID":"2163626"},"FullName":"B03.398.002 - Определение общего билирубина в сыворотке крови на анализаторе  () ","IsMain":true,"SourceID":"145153280_34023270","WorkPlaceID":20747,"WorkPlace":null,"DriverManager":null,"ParameterID":null,"Parameter":null,"AdditionalInfo":null,"Status":1,"PerformetServiceCount":7,"ResearchResultCount":0,"ApproveResearchResultCount":0,"NotSaveResearchResultCount":0,"ParentID":null,"ScreeningCandidatePlanGuid":null,"ScreeningUrl":null,"TakePlace":null,"MaterialTypeID":null,"MaterialType":null,"PartCount":0,"IsOrderProductionControl":false,"Uid":"b026ea2a-805d-4c84-8a48-05de48b87ae1","OrderPerformerServices":[],"OrderResearchAllergens":[],"Results":[],"IsResumed":false,"ExecutionType":0,"ID":"67171335","StrID":"67171335"},"ParameterID":200919,"Parameter":{"ShortNameRU":"общий билирубин в сыворотке крови","ShortNameKZ":"қан сарысуындағы жалпы билирубин","ShortName":"общий билирубин в сыворотке крови","DataType":0,"DataTypeName":"Число","UnitTypeID":100041,"UnitType":null,"MedicalFormID":null,"MasterDataID":0,"MedicalForm":null,"NameWithDataType":"общий билирубин в сыворотке крови  (Число)","NameRU":"общий билирубин в сыворотке крови","NameKZ":"қан сарысуындағы жалпы билирубин","Name":"общий билирубин в сыворотке крови","PublicCode":"20091900","EndDate":null,"ID":"200919","StrID":"200919"},"ParameterValues":null,"ParameterValueID":null,"ParameterValue":null,"ResultText":"7.50","ResultValue":"7.50","ResultDate":"2026-09-03T10:56:16.6949029+05:00","PostID":"189416","Post":null,"ExecuteMethod":2,"SourceResultText":"7.50","SourceResultValue":"7.50","SourceResultExpression":null,"SourceUnitTypeID":100041,"SourceUnitType":{"OrderBy":42,"MasterDataID":null,"CDD_ID":null,"NameRU":"мкмоль/л","NameKZ":"мкмоль/л","Name":"мкмоль/л","PublicCode":"10004100","EndDate":null,"ID":"100041","StrID":"100041"},"MultiplierID":null,"IsApproved":false,"IsValidated":false,"StandardMatchType":0,"ApproveDate":null,"ApprovePostID":null,"ApprovePost":null,"OrderNum":1,"WorkPlaceID":20747,"OrderID":null,"BacteriologyResult":null,"AnalyzerId":38,"IsOrderProductionControl":false,"ID":"207482491","StrID":"207482491"}
03.09.2026 10:56:16	Information:	Result object to save: 
03.09.2026 10:56:16	Information:	{"OrderResearchID":67171339,"OrderResearch":null,"ParameterID":200408,"Parameter":{"ShortNameRU":"АСаТ","ShortNameKZ":"АСаТ","ShortName":"АСаТ","DataType":0,"DataTypeName":"Число","UnitTypeID":100030,"UnitType":{"NameRU":"МЕ/л","NameKZ":"ХБ/л","Name":"МЕ/л","PublicCode":"10003000","OrderBy":31,"ID":100030,"StrID":"100030"},"MedicalFormID":null,"MedicalForm":null,"NameRU":"АСаТ","NameKZ":"АСаТ","Name":"АСаТ","PublicCode":"20040800","OrderBy":null,"ID":200408,"StrID":"200408"},"ParameterValueID":null,"ParameterValue":null,"ResultText":"20.75","ResultValue":null,"ResultDate":"2026-09-03T10:56:16.219538+05:00","PostID":0,"Post":null,"ExecuteMethod":2,"SourceResultText":"20.75","SourceResultValue":null,"SourceResultExpression":null,"SourceUnitTypeID":100030,"SourceUnitType":{"NameRU":"МЕ/л","NameKZ":"ХБ/л","Name":"МЕ/л","PublicCode":"10003000","OrderBy":31,"ID":100030,"StrID":"100030"},"IsApproved":false,"ApproveDate":null,"ApprovePostID":null,"ApprovePost":null,"OrderNum":1,"WorkPlaceID":20747,"DriverManagerID":150,"BacteriologyResult":null,"AnalyzerId":38,"IsOrderProductionControl":false,"ID":0,"StrID":"0"}
03.09.2026 10:56:16	Information:	Save string: 
03.09.2026 10:56:16	Information:	{"OrderResearchID":67171339,"OrderResearch":{"OrderID":31168519,"ServiceMoID":2163651,"ServiceMoMasterDataID":8269465,"ServiceMo":{"OrgHealthCareID":"45500000000000909","ServiceID":256,"NameRU":"Определение аспартатаминотрансферазы (АСаТ) в сыворотке крови на анализаторе","NameKZ":"Қан сарысуындағы  аспартатаминотрансферазды  (АСаТ) талдауышта анықтау  ","Name":"Определение аспартатаминотрансферазы (АСаТ) в сыворотке крови на анализаторе","ShortNameRU":"Определение аспартатаминотрансферазы (АСаТ) в сыворотке крови на анализаторе","ShortNameKZ":"Қан сарысуындағы  аспартатаминотрансферазды  (АСаТ) талдауышта анықтау  ","ShortName":"Определение аспартатаминотрансферазы (АСаТ) в сыворотке крови на анализаторе","FullName":"B03.293.002 - Определение аспартатаминотрансферазы (АСаТ) в сыворотке крови на анализаторе","Code":"B03.293.002","ExternalCode":null,"ServiceClassID":5,"ServiceClass":{"ServiceTypeID":2,"OrderBy":5,"MasterDataID":5,"NameRU":"Клиническая химия (биохимия)","NameKZ":"Клиникалық химия (биохимия)","Name":"Клиническая химия (биохимия)","PublicCode":"500","EndDate":null,"ID":"5","StrID":"5"},"Service":{"NameRU":"Определение аспартатаминотрансферазы (АСаТ) в сыворотке крови на анализаторе","NameKZ":"Қан сарысуындағы аспартатаминотрансферазды (АСаТ) талдауышта анықтау","Name":"Определение аспартатаминотрансферазы (АСаТ) в сыворотке крови на анализаторе","ShortNameRU":"АСаТ на анализаторе","ShortNameKZ":"АСаТ на анализаторе","ShortName":"АСаТ на анализаторе","FullName":"B03.293.002 - Определение аспартатаминотрансферазы (АСаТ) в сыворотке крови на анализаторе","Code":"B03.293.002","ServiceClassID":5,"ServiceClass":null,"ServiceSubClassID":6,"ServiceSubClass":null,"MaterialTypeID":202,"MaterialType":null,"MasterDataID":3097,"ID":"256","StrID":"256"},"MasterDataID":8269465,"ServiceSubClassID":6,"PayType":1,"ServiceSubClass":null,"ID":"2163651","StrID":"2163651"},"FullName":"B03.293.002 - Определение аспартатаминотрансферазы (АСаТ) в сыворотке крови на анализаторе  () ","IsMain":true,"SourceID":"145153280_34023269","WorkPlaceID":20747,"WorkPlace":null,"DriverManager":null,"ParameterID":null,"Parameter":null,"AdditionalInfo":null,"Status":1,"PerformetServiceCount":7,"ResearchResultCount":0,"ApproveResearchResultCount":0,"NotSaveResearchResultCount":0,"ParentID":null,"ScreeningCandidatePlanGuid":null,"ScreeningUrl":null,"TakePlace":null,"MaterialTypeID":null,"MaterialType":null,"PartCount":0,"IsOrderProductionControl":false,"Uid":"9b6d5400-5e70-4f60-98fb-c89b18bfb2e9","OrderPerformerServices":[],"OrderResearchAllergens":[],"Results":[],"IsResumed":false,"ExecutionType":0,"ID":"67171339","StrID":"67171339"},"ParameterID":200408,"Parameter":{"ShortNameRU":"АСаТ","ShortNameKZ":"АСаТ","ShortName":"АСаТ","DataType":0,"DataTypeName":"Число","UnitTypeID":100030,"UnitType":null,"MedicalFormID":null,"MasterDataID":0,"MedicalForm":null,"NameWithDataType":"АСаТ  (Число)","NameRU":"АСаТ","NameKZ":"АСаТ","Name":"АСаТ","PublicCode":"20040800","EndDate":null,"ID":"200408","StrID":"200408"},"ParameterValues":null,"ParameterValueID":null,"ParameterValue":null,"ResultText":"20.75","ResultValue":"20.75","ResultDate":"2026-09-03T10:56:16.7799614+05:00","PostID":"189416","Post":null,"ExecuteMethod":2,"SourceResultText":"20.75","SourceResultValue":"20.75","SourceResultExpression":null,"SourceUnitTypeID":100030,"SourceUnitType":{"OrderBy":31,"MasterDataID":null,"CDD_ID":null,"NameRU":"МЕ/л","NameKZ":"ХБ/л","Name":"МЕ/л","PublicCode":"10003000","EndDate":null,"ID":"100030","StrID":"100030"},"MultiplierID":null,"IsApproved":false,"IsValidated":false,"StandardMatchType":0,"ApproveDate":null,"ApprovePostID":null,"ApprovePost":null,"OrderNum":1,"WorkPlaceID":20747,"OrderID":null,"BacteriologyResult":null,"AnalyzerId":38,"IsOrderProductionControl":false,"ID":"207482492","StrID":"207482492"}
03.09.2026 10:56:16	Information:	Result object to save: 
03.09.2026 10:56:16	Information:	{"OrderResearchID":67171340,"OrderResearch":null,"ParameterID":201268,"Parameter":{"ShortNameRU":"холестерин в сыворотке крови","ShortNameKZ":"қан сарысуындағы холестерин","ShortName":"холестерин в сыворотке крови","DataType":0,"DataTypeName":"Число","UnitTypeID":100051,"UnitType":{"NameRU":"ммоль/л","NameKZ":"ммоль/л","Name":"ммоль/л","PublicCode":"10005100","OrderBy":52,"ID":100051,"StrID":"100051"},"MedicalFormID":null,"MedicalForm":null,"NameRU":"холестерин в сыворотке крови","NameKZ":"қан сарысуындағы холестерин","Name":"холестерин в сыворотке крови","PublicCode":"20126800","OrderBy":null,"ID":201268,"StrID":"201268"},"ParameterValueID":null,"ParameterValue":null,"ResultText":"5.07","ResultValue":null,"ResultDate":"2026-09-03T10:56:16.2220708+05:00","PostID":0,"Post":null,"ExecuteMethod":2,"SourceResultText":"5.07","SourceResultValue":null,"SourceResultExpression":null,"SourceUnitTypeID":100051,"SourceUnitType":{"NameRU":"ммоль/л","NameKZ":"ммоль/л","Name":"ммоль/л","PublicCode":"10005100","OrderBy":52,"ID":100051,"StrID":"100051"},"IsApproved":false,"ApproveDate":null,"ApprovePostID":null,"ApprovePost":null,"OrderNum":1,"WorkPlaceID":20747,"DriverManagerID":150,"BacteriologyResult":null,"AnalyzerId":38,"IsOrderProductionControl":false,"ID":0,"StrID":"0"}
03.09.2026 10:56:16	Information:	Save string: 
03.09.2026 10:56:16	Information:	{"OrderResearchID":67171340,"OrderResearch":{"OrderID":31168519,"ServiceMoID":2164426,"ServiceMoMasterDataID":8269496,"ServiceMo":{"OrgHealthCareID":"45500000000000909","ServiceID":287,"NameRU":"Определение общего холестерина в сыворотке крови на анализаторе","NameKZ":"Қан сарысуындағы жалпы  холестеринді талдауышта анықтау ","Name":"Определение общего холестерина в сыворотке крови на анализаторе","ShortNameRU":"Определение общего холестерина в сыворотке крови на анализаторе","ShortNameKZ":"Қан сарысуындағы жалпы  холестеринді талдауышта анықтау ","ShortName":"Определение общего холестерина в сыворотке крови на анализаторе","FullName":"B03.401.002 - Определение общего холестерина в сыворотке крови на анализаторе","Code":"B03.401.002","ExternalCode":null,"ServiceClassID":5,"ServiceClass":{"ServiceTypeID":2,"OrderBy":5,"MasterDataID":5,"NameRU":"Клиническая химия (биохимия)","NameKZ":"Клиникалық химия (биохимия)","Name":"Клиническая химия (биохимия)","PublicCode":"500","EndDate":null,"ID":"5","StrID":"5"},"Service":{"NameRU":"Определение общего холестерина в сыворотке крови на анализаторе","NameKZ":"Қан сарысуындағы жалпы холестеринді талдауышта анықтау","Name":"Определение общего холестерина в сыворотке крови на анализаторе","ShortNameRU":"Холестерин на анализаторе","ShortNameKZ":"Холестерин на анализаторе","ShortName":"Холестерин на анализаторе","FullName":"B03.401.002 - Определение общего холестерина в сыворотке крови на анализаторе","Code":"B03.401.002","ServiceClassID":5,"ServiceClass":null,"ServiceSubClassID":6,"ServiceSubClass":null,"MaterialTypeID":202,"MaterialType":null,"MasterDataID":3128,"ID":"287","StrID":"287"},"MasterDataID":8269496,"ServiceSubClassID":6,"PayType":1,"ServiceSubClass":null,"ID":"2164426","StrID":"2164426"},"FullName":"B03.401.002 - Определение общего холестерина в сыворотке крови на анализаторе  () ","IsMain":true,"SourceID":"145153280_34023271","WorkPlaceID":20747,"WorkPlace":null,"DriverManager":null,"ParameterID":null,"Parameter":null,"AdditionalInfo":null,"Status":1,"PerformetServiceCount":7,"ResearchResultCount":0,"ApproveResearchResultCount":0,"NotSaveResearchResultCount":0,"ParentID":null,"ScreeningCandidatePlanGuid":null,"ScreeningUrl":null,"TakePlace":null,"MaterialTypeID":null,"MaterialType":null,"PartCount":0,"IsOrderProductionControl":false,"Uid":"4dcfd38c-f768-48f2-9de9-743d2fdd24da","OrderPerformerServices":[],"OrderResearchAllergens":[],"Results":[],"IsResumed":false,"ExecutionType":0,"ID":"67171340","StrID":"67171340"},"ParameterID":201268,"Parameter":{"ShortNameRU":"холестерин в сыворотке крови","ShortNameKZ":"қан сарысуындағы холестерин","ShortName":"холестерин в сыворотке крови","DataType":0,"DataTypeName":"Число","UnitTypeID":100051,"UnitType":null,"MedicalFormID":null,"MasterDataID":0,"MedicalForm":null,"NameWithDataType":"холестерин в сыворотке крови  (Число)","NameRU":"холестерин в сыворотке крови","NameKZ":"қан сарысуындағы холестерин","Name":"холестерин в сыворотке крови","PublicCode":"20126800","EndDate":null,"ID":"201268","StrID":"201268"},"ParameterValues":null,"ParameterValueID":null,"ParameterValue":null,"ResultText":"5.07","ResultValue":"5.07","ResultDate":"2026-09-03T10:56:16.8430173+05:00","PostID":"189416","Post":null,"ExecuteMethod":2,"SourceResultText":"5.07","SourceResultValue":"5.07","SourceResultExpression":null,"SourceUnitTypeID":100051,"SourceUnitType":{"OrderBy":52,"MasterDataID":null,"CDD_ID":null,"NameRU":"ммоль/л","NameKZ":"ммоль/л","Name":"ммоль/л","PublicCode":"10005100","EndDate":null,"ID":"100051","StrID":"100051"},"MultiplierID":null,"IsApproved":false,"IsValidated":false,"StandardMatchType":0,"ApproveDate":null,"ApprovePostID":null,"ApprovePost":null,"OrderNum":1,"WorkPlaceID":20747,"OrderID":null,"BacteriologyResult":null,"AnalyzerId":38,"IsOrderProductionControl":false,"ID":"207482493","StrID":"207482493"}
03.09.2026 10:56:16	Information:	No result for test 201202 for sample with barcode 51563987 for device 20747
03.09.2026 10:56:16	Information:	Result object to save: 
03.09.2026 10:56:16	Information:	{"OrderResearchID":67171333,"OrderResearch":null,"ParameterID":200549,"Parameter":{"ShortNameRU":"глюкоза в сыворотке крови","ShortNameKZ":"қан сарысуындағы глюкоза","ShortName":"глюкоза в сыворотке крови","DataType":0,"DataTypeName":"Число","UnitTypeID":100051,"UnitType":{"NameRU":"ммоль/л","NameKZ":"ммоль/л","Name":"ммоль/л","PublicCode":"10005100","OrderBy":52,"ID":100051,"StrID":"100051"},"MedicalFormID":null,"MedicalForm":null,"NameRU":"глюкоза в сыворотке крови","NameKZ":"қан сарысуындағы глюкоза","Name":"глюкоза в сыворотке крови","PublicCode":"20054900","OrderBy":null,"ID":200549,"StrID":"200549"},"ParameterValueID":null,"ParameterValue":null,"ResultText":"4.82","ResultValue":null,"ResultDate":"2026-09-03T10:56:16.2306442+05:00","PostID":0,"Post":null,"ExecuteMethod":2,"SourceResultText":"4.82","SourceResultValue":null,"SourceResultExpression":null,"SourceUnitTypeID":100051,"SourceUnitType":{"NameRU":"ммоль/л","NameKZ":"ммоль/л","Name":"ммоль/л","PublicCode":"10005100","OrderBy":52,"ID":100051,"StrID":"100051"},"IsApproved":false,"ApproveDate":null,"ApprovePostID":null,"ApprovePost":null,"OrderNum":1,"WorkPlaceID":20747,"DriverManagerID":150,"BacteriologyResult":null,"AnalyzerId":38,"IsOrderProductionControl":false,"ID":0,"StrID":"0"}
03.09.2026 10:56:16	Information:	Save string: 
03.09.2026 10:56:16	Information:	{"OrderResearchID":67171333,"OrderResearch":{"OrderID":31168519,"ServiceMoID":2164501,"ServiceMoMasterDataID":8269499,"ServiceMo":{"OrgHealthCareID":"45500000000000909","ServiceID":290,"NameRU":"Определение глюкозы в сыворотке крови на анализаторе","NameKZ":"Қан сарысуындағы глюкозаны талдауышта анықтау ","Name":"Определение глюкозы в сыворотке крови на анализаторе","ShortNameRU":"Определение глюкозы в сыворотке крови на анализаторе","ShortNameKZ":"Қан сарысуындағы глюкозаны талдауышта анықтау ","ShortName":"Определение глюкозы в сыворотке крови на анализаторе","FullName":"B03.335.002 - Определение глюкозы в сыворотке крови на анализаторе","Code":"B03.335.002","ExternalCode":null,"ServiceClassID":5,"ServiceClass":{"ServiceTypeID":2,"OrderBy":5,"MasterDataID":5,"NameRU":"Клиническая химия (биохимия)","NameKZ":"Клиникалық химия (биохимия)","Name":"Клиническая химия (биохимия)","PublicCode":"500","EndDate":null,"ID":"5","StrID":"5"},"Service":{"NameRU":"Определение глюкозы в сыворотке крови на анализаторе","NameKZ":"Қан сарысуындағы глюкозаны талдауышта анықтау","Name":"Определение глюкозы в сыворотке крови на анализаторе","ShortNameRU":"Глюкоза в сыворотке крови на анализаторе","ShortNameKZ":"Глюкоза в сыворотке крови на анализаторе","ShortName":"Глюкоза в сыворотке крови на анализаторе","FullName":"B03.335.002 - Определение глюкозы в сыворотке крови на анализаторе","Code":"B03.335.002","ServiceClassID":5,"ServiceClass":null,"ServiceSubClassID":6,"ServiceSubClass":null,"MaterialTypeID":202,"MaterialType":null,"MasterDataID":3131,"ID":"290","StrID":"290"},"MasterDataID":8269499,"ServiceSubClassID":6,"PayType":1,"ServiceSubClass":null,"ID":"2164501","StrID":"2164501"},"FullName":"B03.335.002 - Определение глюкозы в сыворотке крови на анализаторе  () ","IsMain":true,"SourceID":"145153280_34023267","WorkPlaceID":20747,"WorkPlace":null,"DriverManager":null,"ParameterID":null,"Parameter":null,"AdditionalInfo":null,"Status":1,"PerformetServiceCount":7,"ResearchResultCount":0,"ApproveResearchResultCount":0,"NotSaveResearchResultCount":0,"ParentID":null,"ScreeningCandidatePlanGuid":null,"ScreeningUrl":null,"TakePlace":null,"MaterialTypeID":null,"MaterialType":null,"PartCount":0,"IsOrderProductionControl":false,"Uid":"7380d714-b74a-4953-8955-b329e586cfff","OrderPerformerServices":[],"OrderResearchAllergens":[],"Results":[],"IsResumed":false,"ExecutionType":0,"ID":"67171333","StrID":"67171333"},"ParameterID":200549,"Parameter":{"ShortNameRU":"глюкоза в сыворотке крови","ShortNameKZ":"қан сарысуындағы глюкоза","ShortName":"глюкоза в сыворотке крови","DataType":0,"DataTypeName":"Число","UnitTypeID":100051,"UnitType":null,"MedicalFormID":null,"MasterDataID":0,"MedicalForm":null,"NameWithDataType":"глюкоза в сыворотке крови  (Число)","NameRU":"глюкоза в сыворотке крови","NameKZ":"қан сарысуындағы глюкоза","Name":"глюкоза в сыворотке крови","PublicCode":"20054900","EndDate":null,"ID":"200549","StrID":"200549"},"ParameterValues":null,"ParameterValueID":null,"ParameterValue":null,"ResultText":"4.82","ResultValue":"4.82","ResultDate":"2026-09-03T10:56:16.9474112+05:00","PostID":"189416","Post":null,"ExecuteMethod":2,"SourceResultText":"4.82","SourceResultValue":"4.82","SourceResultExpression":null,"SourceUnitTypeID":100051,"SourceUnitType":{"OrderBy":52,"MasterDataID":null,"CDD_ID":null,"NameRU":"ммоль/л","NameKZ":"ммоль/л","Name":"ммоль/л","PublicCode":"10005100","EndDate":null,"ID":"100051","StrID":"100051"},"MultiplierID":null,"IsApproved":false,"IsValidated":false,"StandardMatchType":0,"ApproveDate":null,"ApprovePostID":null,"ApprovePost":null,"OrderNum":1,"WorkPlaceID":20747,"OrderID":null,"BacteriologyResult":null,"AnalyzerId":38,"IsOrderProductionControl":false,"ID":"207482495","StrID":"207482495"}
03.09.2026 10:56:16	Information:	Result object to save: 
03.09.2026 10:56:16	Information:	{"OrderResearchID":67171342,"OrderResearch":null,"ParameterID":200852,"Parameter":{"ShortNameRU":"мочевина в сыворотке крови","ShortNameKZ":"қан сарысуындағы несепнәр","ShortName":"мочевина в сыворотке крови","DataType":0,"DataTypeName":"Число","UnitTypeID":100051,"UnitType":{"NameRU":"ммоль/л","NameKZ":"ммоль/л","Name":"ммоль/л","PublicCode":"10005100","OrderBy":52,"ID":100051,"StrID":"100051"},"MedicalFormID":null,"MedicalForm":null,"NameRU":"мочевина в сыворотке крови","NameKZ":"қан сарысуындағы несепнәр","Name":"мочевина в сыворотке крови","PublicCode":"20085200","OrderBy":null,"ID":200852,"StrID":"200852"},"ParameterValueID":null,"ParameterValue":null,"ResultText":"3.63","ResultValue":null,"ResultDate":"2026-09-03T10:56:16.2351434+05:00","PostID":0,"Post":null,"ExecuteMethod":2,"SourceResultText":"3.63","SourceResultValue":null,"SourceResultExpression":null,"SourceUnitTypeID":100051,"SourceUnitType":{"NameRU":"ммоль/л","NameKZ":"ммоль/л","Name":"ммоль/л","PublicCode":"10005100","OrderBy":52,"ID":100051,"StrID":"100051"},"IsApproved":false,"ApproveDate":null,"ApprovePostID":null,"ApprovePost":null,"OrderNum":1,"WorkPlaceID":20747,"DriverManagerID":150,"BacteriologyResult":null,"AnalyzerId":38,"IsOrderProductionControl":false,"ID":0,"StrID":"0"}
03.09.2026 10:56:16	Information:	Save string: 
03.09.2026 10:56:16	Information:	{"OrderResearchID":67171342,"OrderResearch":{"OrderID":31168519,"ServiceMoID":2164626,"ServiceMoMasterDataID":8269504,"ServiceMo":{"OrgHealthCareID":"45500000000000909","ServiceID":295,"NameRU":"Определение мочевины в сыворотке крови на анализаторе","NameKZ":"Қан сарысуындағы несепнәрді  талдауышта анықтау ","Name":"Определение мочевины в сыворотке крови на анализаторе","ShortNameRU":"Определение мочевины в сыворотке крови на анализаторе","ShortNameKZ":"Қан сарысуындағы несепнәрді  талдауышта анықтау ","ShortName":"Определение мочевины в сыворотке крови на анализаторе","FullName":"B03.386.002 - Определение мочевины в сыворотке крови на анализаторе","Code":"B03.386.002","ExternalCode":null,"ServiceClassID":5,"ServiceClass":{"ServiceTypeID":2,"OrderBy":5,"MasterDataID":5,"NameRU":"Клиническая химия (биохимия)","NameKZ":"Клиникалық химия (биохимия)","Name":"Клиническая химия (биохимия)","PublicCode":"500","EndDate":null,"ID":"5","StrID":"5"},"Service":{"NameRU":"Определение мочевины в сыворотке крови на анализаторе","NameKZ":"Қан сарысуындағы несепнәрді талдауышта анықтау","Name":"Определение мочевины в сыворотке крови на анализаторе","ShortNameRU":"Мочевина на анализаторе","ShortNameKZ":"Мочевина на анализаторе","ShortName":"Мочевина на анализаторе","FullName":"B03.386.002 - Определение мочевины в сыворотке крови на анализаторе","Code":"B03.386.002","ServiceClassID":5,"ServiceClass":null,"ServiceSubClassID":6,"ServiceSubClass":null,"MaterialTypeID":202,"MaterialType":null,"MasterDataID":3136,"ID":"295","StrID":"295"},"MasterDataID":8269504,"ServiceSubClassID":6,"PayType":1,"ServiceSubClass":null,"ID":"2164626","StrID":"2164626"},"FullName":"B03.386.002 - Определение мочевины в сыворотке крови на анализаторе  () ","IsMain":true,"SourceID":"145153280_34023273","WorkPlaceID":20747,"WorkPlace":null,"DriverManager":null,"ParameterID":null,"Parameter":null,"AdditionalInfo":null,"Status":1,"PerformetServiceCount":7,"ResearchResultCount":0,"ApproveResearchResultCount":0,"NotSaveResearchResultCount":0,"ParentID":null,"ScreeningCandidatePlanGuid":null,"ScreeningUrl":null,"TakePlace":null,"MaterialTypeID":null,"MaterialType":null,"PartCount":0,"IsOrderProductionControl":false,"Uid":"1254c4ea-48af-4f7a-993a-f918b741c58c","OrderPerformerServices":[],"OrderResearchAllergens":[],"Results":[],"IsResumed":false,"ExecutionType":0,"ID":"67171342","StrID":"67171342"},"ParameterID":200852,"Parameter":{"ShortNameRU":"мочевина в сыворотке крови","ShortNameKZ":"қан сарысуындағы несепнәр","ShortName":"мочевина в сыворотке крови","DataType":0,"DataTypeName":"Число","UnitTypeID":100051,"UnitType":null,"MedicalFormID":null,"MasterDataID":0,"MedicalForm":null,"NameWithDataType":"мочевина в сыворотке крови  (Число)","NameRU":"мочевина в сыворотке крови","NameKZ":"қан сарысуындағы несепнәр","Name":"мочевина в сыворотке крови","PublicCode":"20085200","EndDate":null,"ID":"200852","StrID":"200852"},"ParameterValues":null,"ParameterValueID":null,"ParameterValue":null,"ResultText":"3.63","ResultValue":"3.63","ResultDate":"2026-09-03T10:56:17.0334948+05:00","PostID":"189416","Post":null,"ExecuteMethod":2,"SourceResultText":"3.63","SourceResultValue":"3.63","SourceResultExpression":null,"SourceUnitTypeID":100051,"SourceUnitType":{"OrderBy":52,"MasterDataID":null,"CDD_ID":null,"NameRU":"ммоль/л","NameKZ":"ммоль/л","Name":"ммоль/л","PublicCode":"10005100","EndDate":null,"ID":"100051","StrID":"100051"},"MultiplierID":null,"IsApproved":false,"IsValidated":false,"StandardMatchType":0,"ApproveDate":null,"ApprovePostID":null,"ApprovePost":null,"OrderNum":1,"WorkPlaceID":20747,"OrderID":null,"BacteriologyResult":null,"AnalyzerId":38,"IsOrderProductionControl":false,"ID":"207482496","StrID":"207482496"}
03.09.2026 10:56:16	Information:	Result object to save: 
03.09.2026 10:56:16	Information:	{"OrderResearchID":67171343,"OrderResearch":null,"ParameterID":200744,"Parameter":{"ShortNameRU":"креатинин в крови","ShortNameKZ":"қандағы креатинин","ShortName":"креатинин в крови","DataType":0,"DataTypeName":"Число","UnitTypeID":100041,"UnitType":{"NameRU":"мкмоль/л","NameKZ":"мкмоль/л","Name":"мкмоль/л","PublicCode":"10004100","OrderBy":42,"ID":100041,"StrID":"100041"},"MedicalFormID":null,"MedicalForm":null,"NameRU":"креатинин в крови","NameKZ":"қандағы креатинин","Name":"креатинин в крови","PublicCode":"20074400","OrderBy":null,"ID":200744,"StrID":"200744"},"ParameterValueID":null,"ParameterValue":null,"ResultText":"40.97","ResultValue":null,"ResultDate":"2026-09-03T10:56:16.237753+05:00","PostID":0,"Post":null,"ExecuteMethod":2,"SourceResultText":"40.97","SourceResultValue":null,"SourceResultExpression":null,"SourceUnitTypeID":100041,"SourceUnitType":{"NameRU":"мкмоль/л","NameKZ":"мкмоль/л","Name":"мкмоль/л","PublicCode":"10004100","OrderBy":42,"ID":100041,"StrID":"100041"},"IsApproved":false,"ApproveDate":null,"ApprovePostID":null,"ApprovePost":null,"OrderNum":1,"WorkPlaceID":20747,"DriverManagerID":150,"BacteriologyResult":null,"AnalyzerId":38,"IsOrderProductionControl":false,"ID":0,"StrID":"0"}
03.09.2026 10:56:16	Information:	Save string: 
03.09.2026 10:56:16	Information:	{"OrderResearchID":67171343,"OrderResearch":{"OrderID":31168519,"ServiceMoID":2164651,"ServiceMoMasterDataID":8269505,"ServiceMo":{"OrgHealthCareID":"45500000000000909","ServiceID":296,"NameRU":"Определение креатинина в сыворотке крови на анализаторе","NameKZ":"Қан сарысуындағы  креатининді талдауышта анықтау ","Name":"Определение креатинина в сыворотке крови на анализаторе","ShortNameRU":"Определение креатинина в сыворотке крови на анализаторе","ShortNameKZ":"Қан сарысуындағы  креатининді талдауышта анықтау ","ShortName":"Определение креатинина в сыворотке крови на анализаторе","FullName":"B03.363.002 - Определение креатинина в сыворотке крови на анализаторе","Code":"B03.363.002","ExternalCode":null,"ServiceClassID":5,"ServiceClass":{"ServiceTypeID":2,"OrderBy":5,"MasterDataID":5,"NameRU":"Клиническая химия (биохимия)","NameKZ":"Клиникалық химия (биохимия)","Name":"Клиническая химия (биохимия)","PublicCode":"500","EndDate":null,"ID":"5","StrID":"5"},"Service":{"NameRU":"Определение креатинина в сыворотке крови на анализаторе","NameKZ":"Қан сарысуындағы креатининді талдауышта анықтау","Name":"Определение креатинина в сыворотке крови на анализаторе","ShortNameRU":"Креатинин на анализаторе","ShortNameKZ":"Креатинин на анализаторе","ShortName":"Креатинин на анализаторе","FullName":"B03.363.002 - Определение креатинина в сыворотке крови на анализаторе","Code":"B03.363.002","ServiceClassID":5,"ServiceClass":null,"ServiceSubClassID":6,"ServiceSubClass":null,"MaterialTypeID":202,"MaterialType":null,"MasterDataID":3137,"ID":"296","StrID":"296"},"MasterDataID":8269505,"ServiceSubClassID":6,"PayType":1,"ServiceSubClass":null,"ID":"2164651","StrID":"2164651"},"FullName":"B03.363.002 - Определение креатинина в сыворотке крови на анализаторе  () ","IsMain":true,"SourceID":"145153280_34023274","WorkPlaceID":20747,"WorkPlace":null,"DriverManager":null,"ParameterID":null,"Parameter":null,"AdditionalInfo":null,"Status":1,"PerformetServiceCount":7,"ResearchResultCount":0,"ApproveResearchResultCount":0,"NotSaveResearchResultCount":0,"ParentID":null,"ScreeningCandidatePlanGuid":null,"ScreeningUrl":null,"TakePlace":null,"MaterialTypeID":null,"MaterialType":null,"PartCount":0,"IsOrderProductionControl":false,"Uid":"fa2a838b-4be7-465e-a340-ea7b8d619e41","OrderPerformerServices":[],"OrderResearchAllergens":[],"Results":[],"IsResumed":false,"ExecutionType":0,"ID":"67171343","StrID":"67171343"},"ParameterID":200744,"Parameter":{"ShortNameRU":"креатинин в крови","ShortNameKZ":"қандағы креатинин","ShortName":"креатинин в крови","DataType":0,"DataTypeName":"Число","UnitTypeID":100041,"UnitType":null,"MedicalFormID":null,"MasterDataID":0,"MedicalForm":null,"NameWithDataType":"креатинин в крови  (Число)","NameRU":"креатинин в крови","NameKZ":"қандағы креатинин","Name":"креатинин в крови","PublicCode":"20074400","EndDate":null,"ID":"200744","StrID":"200744"},"ParameterValues":null,"ParameterValueID":null,"ParameterValue":null,"ResultText":"40.97","ResultValue":"40.97","ResultDate":"2026-09-03T10:56:17.147079+05:00","PostID":"189416","Post":null,"ExecuteMethod":2,"SourceResultText":"40.97","SourceResultValue":"40.97","SourceResultExpression":null,"SourceUnitTypeID":100041,"SourceUnitType":{"OrderBy":42,"MasterDataID":null,"CDD_ID":null,"NameRU":"мкмоль/л","NameKZ":"мкмоль/л","Name":"мкмоль/л","PublicCode":"10004100","EndDate":null,"ID":"100041","StrID":"100041"},"MultiplierID":null,"IsApproved":false,"IsValidated":false,"StandardMatchType":0,"ApproveDate":null,"ApprovePostID":null,"ApprovePost":null,"OrderNum":1,"WorkPlaceID":20747,"OrderID":null,"BacteriologyResult":null,"AnalyzerId":38,"IsOrderProductionControl":false,"ID":"207482497","StrID":"207482497"}
03.09.2026 10:56:16	Information:	Result object to save: 
03.09.2026 10:56:16	Information:	{"OrderResearchID":67171344,"OrderResearch":null,"ParameterID":201150,"Parameter":{"ShortNameRU":"СРБ","ShortNameKZ":"СРА","ShortName":"СРБ","DataType":0,"DataTypeName":"Число","UnitTypeID":100026,"UnitType":{"NameRU":"мг/л","NameKZ":"мг/л","Name":"мг/л","PublicCode":"10002600","OrderBy":27,"ID":100026,"StrID":"100026"},"MedicalFormID":null,"MedicalForm":null,"NameRU":"СРБ","NameKZ":"СРА","Name":"СРБ","PublicCode":"20115000","OrderBy":null,"ID":201150,"StrID":"201150"},"ParameterValueID":null,"ParameterValue":null,"ResultText":"3.78","ResultValue":null,"ResultDate":"2026-09-03T10:56:16.2424445+05:00","PostID":0,"Post":null,"ExecuteMethod":2,"SourceResultText":"3.78","SourceResultValue":null,"SourceResultExpression":null,"SourceUnitTypeID":100026,"SourceUnitType":{"NameRU":"мг/л","NameKZ":"мг/л","Name":"мг/л","PublicCode":"10002600","OrderBy":27,"ID":100026,"StrID":"100026"},"IsApproved":false,"ApproveDate":null,"ApprovePostID":null,"ApprovePost":null,"OrderNum":1,"WorkPlaceID":20747,"DriverManagerID":150,"BacteriologyResult":null,"AnalyzerId":38,"IsOrderProductionControl":false,"ID":0,"StrID":"0"}
03.09.2026 10:56:16	Information:	Save string: 
03.09.2026 10:56:16	Information:	{"OrderResearchID":67171344,"OrderResearch":{"OrderID":31168519,"ServiceMoID":2164726,"ServiceMoMasterDataID":8269508,"ServiceMo":{"OrgHealthCareID":"45500000000000909","ServiceID":299,"NameRU":"Определение «C» реактивного белка (СРБ) в сыворотке крови количественно","NameKZ":"Қан сарысуында \"C\" реактивті нәруызын сандық анықтау","Name":"Определение «C» реактивного белка (СРБ) в сыворотке крови количественно","ShortNameRU":"Определение «C» реактивного белка (СРБ) в сыворотке крови количественно","ShortNameKZ":"Қан сарысуында \"C\" реактивті нәруызын сандық анықтау","ShortName":"Определение «C» реактивного белка (СРБ) в сыворотке крови количественно","FullName":"B03.115.002 - Определение «C» реактивного белка (СРБ) в сыворотке крови количественно","Code":"B03.115.002","ExternalCode":null,"ServiceClassID":5,"ServiceClass":{"ServiceTypeID":2,"OrderBy":5,"MasterDataID":5,"NameRU":"Клиническая химия (биохимия)","NameKZ":"Клиникалық химия (биохимия)","Name":"Клиническая химия (биохимия)","PublicCode":"500","EndDate":null,"ID":"5","StrID":"5"},"Service":{"NameRU":"Определение «C» реактивного белка (СРБ) в сыворотке крови количественно","NameKZ":"Қан сарысуында \"C\" реактивті нәруызын сандық анықтау","Name":"Определение «C» реактивного белка (СРБ) в сыворотке крови количественно","ShortNameRU":"СРБ на анализаторе","ShortNameKZ":"СРБ на анализаторе","ShortName":"СРБ на анализаторе","FullName":"B03.115.002 - Определение «C» реактивного белка (СРБ) в сыворотке крови количественно","Code":"B03.115.002","ServiceClassID":5,"ServiceClass":null,"ServiceSubClassID":6,"ServiceSubClass":null,"MaterialTypeID":202,"MaterialType":null,"MasterDataID":3140,"ID":"299","StrID":"299"},"MasterDataID":8269508,"ServiceSubClassID":6,"PayType":1,"ServiceSubClass":null,"ID":"2164726","StrID":"2164726"},"FullName":"B03.115.002 - Определение «C» реактивного белка (СРБ) в сыворотке крови количественно  () ","IsMain":true,"SourceID":"145153280_34023272","WorkPlaceID":20747,"WorkPlace":null,"DriverManager":null,"ParameterID":null,"Parameter":null,"AdditionalInfo":null,"Status":1,"PerformetServiceCount":7,"ResearchResultCount":0,"ApproveResearchResultCount":0,"NotSaveResearchResultCount":0,"ParentID":null,"ScreeningCandidatePlanGuid":null,"ScreeningUrl":null,"TakePlace":null,"MaterialTypeID":null,"MaterialType":null,"PartCount":0,"IsOrderProductionControl":false,"Uid":"199762ac-9f51-4b27-8dc8-978d2498872c","OrderPerformerServices":[],"OrderResearchAllergens":[],"Results":[],"IsResumed":false,"ExecutionType":0,"ID":"67171344","StrID":"67171344"},"ParameterID":201150,"Parameter":{"ShortNameRU":"СРБ","ShortNameKZ":"СРА","ShortName":"СРБ","DataType":0,"DataTypeName":"Число","UnitTypeID":100026,"UnitType":null,"MedicalFormID":null,"MasterDataID":0,"MedicalForm":null,"NameWithDataType":"СРБ  (Число)","NameRU":"СРБ","NameKZ":"СРА","Name":"СРБ","PublicCode":"20115000","EndDate":null,"ID":"201150","StrID":"201150"},"ParameterValues":null,"ParameterValueID":null,"ParameterValue":null,"ResultText":"3.78","ResultValue":"3.78","ResultDate":"2026-09-03T10:56:17.2149538+05:00","PostID":"189416","Post":null,"ExecuteMethod":2,"SourceResultText":"3.78","SourceResultValue":"3.78","SourceResultExpression":null,"SourceUnitTypeID":100026,"SourceUnitType":{"OrderBy":27,"MasterDataID":null,"CDD_ID":null,"NameRU":"мг/л","NameKZ":"мг/л","Name":"мг/л","PublicCode":"10002600","EndDate":null,"ID":"100026","StrID":"100026"},"MultiplierID":null,"IsApproved":false,"IsValidated":false,"StandardMatchType":0,"ApproveDate":null,"ApprovePostID":null,"ApprovePost":null,"OrderNum":1,"WorkPlaceID":20747,"OrderID":null,"BacteriologyResult":null,"AnalyzerId":38,"IsOrderProductionControl":false,"ID":"207482499","StrID":"207482499"}
03.09.2026 10:56:16	Debug:	 SendResults SaveDeviceResults = 884 ms
03.09.2026 10:56:16	Debug:	 total for SendResults = 1486 ms
03.09.2026 10:56:20	Information:	url https://lab-vko.dmed.kz/ /api/DriverManager/PingDevice
03.09.2026 10:56:20	Information:	{
"Hash": "w9LjvpRCyoByGV3Lzv0iX9dSI0tLK0uV+pRojL1kufc=",
"Status": 0
}


03.09.2026 10:56:20	Information:	Ping ret is {"Status":0,"Comment":null}
03.09.2026 10:58:20	Information:	url https://lab-vko.dmed.kz/ /api/DriverManager/PingDevice
03.09.2026 10:58:20	Information:	{
"Hash": "w9LjvpRCyoByGV3Lzv0iX9dSI0tLK0uV+pRojL1kufc=",
"Status": 0
}


03.09.2026 10:58:20	Information:	Ping ret is {"Status":0,"Comment":null}
03.09.2026 10:59:59	Information:	Received bytes(encoded):MSH|^~\&|||||20260903105858||ORU^R01|173|P|2.3.1||||0||ASCII|||PID|97|||||||O|||||||||||||||||||||||OBR|97|51566762|7|^|N|20260903094912|20260903094808|20260903094808||1^5||||20260903094808|?????|||||||||||||||||||||||||||||||||OBX|1|NM|Ca|Calcium|2.485572|mmol/L|-|N|||F||2.485572|20260903105042|||0||OBX|2|NM|T-Bil-V|Bilirubin Total (VOX Method)|3.571399|?mol/L|-|N|||F||3.571399|20260903105658|||0||OBX|3|NM|D-Bil-V|Bilirubin Direct (VOX Method)|0.672372|?mol/L|-|N|||F||0.672372|20260903105828|||0|<|OBX|4|NM|ALT|Alanine Aminotransferase|16.835920|U/L|-|N|||F||16.835920|20260903105527|||0|RGTE|OBX|5|NM|AST|Aspartate Aminotransferase|30.834639|U/L|-|N|||F||30.834639|20260903105542|||0||OBX|6|NM|CRP|C-Reactive Protein|3.313483|mg/L|-|N|||F||3.313483|20260903105742|||0||OBX|7|NM|TP|Total Protein|73.510800|g/L|-|N|||F||73.510800|20260903105713|||0||OBX|8|NM|CREA-S|Creatinine (Sarcosine Oxidase Method)|38.180720|?mol/L|-|N|||F||38.180720|20260903105712|||0||OBX|9|NM|UREA|Urea|6.144199|mmol/L|-|N|||F||6.1
03.09.2026 10:59:59	Information:	Add Frame:
03.09.2026 10:59:59	Information:	MSH|^~\&|||||20260903105858||ORU^R01|173|P|2.3.1||||0||ASCII|||
03.09.2026 10:59:59	Information:	In Header
03.09.2026 10:59:59	Information:	MessageType: ORU
03.09.2026 10:59:59	Information:	After message type
03.09.2026 10:59:59	Information:	After ask
03.09.2026 10:59:59	Information:	After version
03.09.2026 10:59:59	Information:	Add Frame:
03.09.2026 10:59:59	Information:	PID|97|||||||O|||||||||||||||||||||||
03.09.2026 10:59:59	Information:	Add Frame:
03.09.2026 10:59:59	Information:	OBR|97|51566762|7|^|N|20260903094912|20260903094808|20260903094808||1^5||||20260903094808|?????|||||||||||||||||||||||||||||||||
03.09.2026 10:59:59	Information:	Add Frame:
03.09.2026 10:59:59	Information:	OBX|1|NM|Ca|Calcium|2.485572|mmol/L|-|N|||F||2.485572|20260903105042|||0||
03.09.2026 10:59:59	Information:	Add Frame:
03.09.2026 10:59:59	Information:	OBX|2|NM|T-Bil-V|Bilirubin Total (VOX Method)|3.571399|?mol/L|-|N|||F||3.571399|20260903105658|||0||
03.09.2026 10:59:59	Information:	Add Frame:
03.09.2026 10:59:59	Information:	OBX|3|NM|D-Bil-V|Bilirubin Direct (VOX Method)|0.672372|?mol/L|-|N|||F||0.672372|20260903105828|||0|<|
03.09.2026 10:59:59	Information:	Add Frame:
03.09.2026 10:59:59	Information:	OBX|4|NM|ALT|Alanine Aminotransferase|16.835920|U/L|-|N|||F||16.835920|20260903105527|||0|RGTE|
03.09.2026 10:59:59	Information:	Add Frame:
03.09.2026 10:59:59	Information:	OBX|5|NM|AST|Aspartate Aminotransferase|30.834639|U/L|-|N|||F||30.834639|20260903105542|||0||
03.09.2026 10:59:59	Information:	Add Frame:
03.09.2026 10:59:59	Information:	OBX|6|NM|CRP|C-Reactive Protein|3.313483|mg/L|-|N|||F||3.313483|20260903105742|||0||
03.09.2026 10:59:59	Information:	Add Frame:
03.09.2026 10:59:59	Information:	OBX|7|NM|TP|Total Protein|73.510800|g/L|-|N|||F||73.510800|20260903105713|||0||
03.09.2026 10:59:59	Information:	Add Frame:
03.09.2026 10:59:59	Information:	OBX|8|NM|CREA-S|Creatinine (Sarcosine Oxidase Method)|38.180720|?mol/L|-|N|||F||38.180720|20260903105712|||0||
03.09.2026 10:59:59	Information:	Received bytes(encoded):44199|20260903105557|||0||OBX|10|NM|RF|Rheumatoid Factor|6.603562|IU/mL|-|N|||F||6.603562|20260903105858|||0|RGTE,<|OBX|11|NM|FER|Ferritin|142.317882|ng/mL|-|N|||F||142.317882|20260903105727|||0||OBX|12|NM||AST/ALT|1.833333||-|N|||F||1.833333||||||
03.09.2026 10:59:59	Information:	Add Frame:
03.09.2026 10:59:59	Information:	OBX|9|NM|UREA|Urea|6.144199|mmol/L|-|N|||F||6.144199|20260903105557|||0||
03.09.2026 10:59:59	Information:	Add Frame:
03.09.2026 10:59:59	Information:	OBX|10|NM|RF|Rheumatoid Factor|6.603562|IU/mL|-|N|||F||6.603562|20260903105858|||0|RGTE,<|
03.09.2026 10:59:59	Information:	Add Frame:
03.09.2026 10:59:59	Information:	OBX|11|NM|FER|Ferritin|142.317882|ng/mL|-|N|||F||142.317882|20260903105727|||0||
03.09.2026 10:59:59	Information:	Add Frame:
03.09.2026 10:59:59	Information:	OBX|12|NM||AST/ALT|1.833333||-|N|||F||1.833333||||||
03.09.2026 10:59:59	Information:	Add Frame:
03.09.2026 10:59:59	Information:	
03.09.2026 10:59:59	Debug:	read message: 4ms
03.09.2026 10:59:59	Information:	The answer message is created successfully
03.09.2026 10:59:59	Information:	Sending answer...
03.09.2026 10:59:59	Information:	We are in ORU Message
03.09.2026 10:59:59	Information:	MSH MSH|^~\&|||||20260903105858||ORU^R01|173|P|2.3.1||||0||ASCII||||
03.09.2026 10:59:59	Information:	PID PID|97|||||||O||||||||||||||||||||||||
03.09.2026 10:59:59	Information:	PatientRecord in message is successfully  processed
03.09.2026 10:59:59	Information:	The patient order is successfully processed
03.09.2026 10:59:59	Information:	The order record is successfully processed
03.09.2026 10:59:59	Information:	The order record is successfully processed
03.09.2026 10:59:59	Information:	The order record is successfully processed
03.09.2026 10:59:59	Information:	The order record is successfully processed
03.09.2026 10:59:59	Information:	The order record is successfully processed
03.09.2026 10:59:59	Information:	The order record is successfully processed
03.09.2026 10:59:59	Information:	The order record is successfully processed
03.09.2026 10:59:59	Information:	The order record is successfully processed
03.09.2026 10:59:59	Information:	The order record is successfully processed
03.09.2026 10:59:59	Information:	The order record is successfully processed
03.09.2026 10:59:59	Information:	The order record is successfully processed
03.09.2026 10:59:59	Information:	The order record is successfully processed
03.09.2026 10:59:59	Information:	The ORU message is successfully processed
03.09.2026 10:59:59	Debug:	Process message: 9ms
03.09.2026 10:59:59	Debug:	Total time : 14ms
03.09.2026 10:59:59	Debug:	SendResults:	check DriverRequests=	0	ms
03.09.2026 10:59:59	Information:	ByBarcode 51566762
03.09.2026 10:59:59	Information:	Sended bytes:  11 77 83 72 124 94 126 92 38 124 77 105 110 100 114 97 121 124 124 124 124 50 48 50 54 48 57 48 51 49 48 53 57 53 57 124 124 65 67 75 94 82 48 49 124 49 55 51 124 80 124 50 46 51 46 49 124 124 124 124 48 124 124 117 115 45 97 115 99 105 105 124 124 124 13 77 83 65 124 65 65 124 49 55 51 124 77 101 115 115 97 103 101 32 97 99 99 101 112 116 101 100 124 124 124 48 124 13 28 13
03.09.2026 10:59:59	Information:	Sended string MSH|^~\&|Mindray||||20260903105959||ACK^R01|173|P|2.3.1||||0||us-ascii|||MSA|AA|173|Message accepted|||0|
03.09.2026 10:59:59	Information:	GetLinesByBarcodes
03.09.2026 10:59:59	Information:	{
"WorkPlaceID": 20747,
"BeginDate": "2026-06-04",
"EndDate": "2026-09-04",
"OrderNumber": "51566762",
"Offset": 0,
"Limit": 1
}


03.09.2026 10:59:59	Information:	GetByBarcodeReturn: 
03.09.2026 10:59:59	Information:	{"Data":[{"ID":31168661,"StrID":"31168661","OrderNumber":"51566762","OrderRegDate":"2026-09-03T04:56:17.517","PlanExecutionDate":"2026-09-03T04:55:00","SenderMoID":45500000000000909,"SenderMo":{"NameRU":"Некоммерческое акционерное общество \"Медицинский университет Семей\"","NameKZ":"\"Семей медицина университеті\" коммерциялық емес акционерлік қоғамы","Name":"Некоммерческое акционерное общество \"Медицинский университет Семей\"","ShortNameRU":"НАО \"МУС\"","ShortNameKZ":"\"СМУ\" КеАҚ","ShortName":"НАО \"МУС\"","PublicCode":"237J","AddressRU":"ВКО, г. Семей, ул. Абая Кунанбаева 103","AddressKZ":"ВКО, г. Семей, ул. Абая Кунанбаева 103","Address":"ВКО, г. Семей, ул. Абая Кунанбаева 103","OriginalID":"45500000000000909","IsWork":true,"RegionID":20,"BIN":"190240004938","MasterDataID":4911,"PhonesData":{"OrgHealthCarePhones":[]},"IsPostmortem":false,"IsHospital":true,"Code":null,"ID":"45500000000000909","StrID":"45500000000000909"},"ReceiverMoID":45500000000000909,"ReceiverMo":null,"PatientDetailID":40981450,"PatientDetail":{"PersonID":"674165","Person":{"IIN":"160619603853","LastName":"АДИЛОВА","FirstName":"АМИНА","SecondName":"МАКСАТОВНА","FullName":"АДИЛОВА АМИНА МАКСАТОВНА","FullNameIOF":"АМИНА МАКСАТОВНА АДИЛОВА","DisplayText":"160619603853 АМИНА МАКСАТОВНА АДИЛОВА 19.06.2016","IinFullName":"160619603853 - АДИЛОВА АМИНА МАКСАТОВНА","BirthDate":"2016-06-19T00:00:00","BirthDateStr":"19.06.2016","DeathDate":null,"DeathDateStr":"","BioSexID":2,"BioSex":null,"NationalityID":null,"Nationality":null,"CitizenshipID":85,"Citizenship":null,"MasterDataID":138008153,"RpnID":"15300000034938039","KmisID":"60300000000417856","Type":1,"Age":0,"IsStillborn":false,"IsEarlyNeonatalDeathUp28days":false,"IsDeadPerson":false,"ID":"674165","StrID":"674165"},"AddressRU":"РЕСПУБЛИКА: Казахстан , ОБЛАСТЬ: Восточно-казахстанская , ГОРОД ОБЛ.ЗНАЧ.: Семей , УЛИЦА: ЛУКПАНА УТЕПБАЕВА, ДОМ: 44А, КВАРТИРА: 29","AddressKZ":": Қазақстан , : Шығыс Қазақстан , : Семей Қ. , ЛҰҚПАН ҮТЕПБАЕВ көшесі, ҮЙ: 44А, ПӘТЕР: 29","Address":"РЕСПУБЛИКА: Казахстан , ОБЛАСТЬ: Восточно-казахстанская , ГОРОД ОБЛ.ЗНАЧ.: Семей , УЛИЦА: ЛУКПАНА УТЕПБАЕВА, ДОМ: 44А, КВАРТИРА: 29","MasterDataAddressID":6901689,"WorkPlace":"Школа ОСШВИ Коммунальное государственное учреждение «Средняя общеобразовательная школа № 50», Класс 5","WorkPosition":null,"DocumentNumber":null,"DocumentTypeID":null,"DocumentType":null,"NationalityID":null,"DocumentTypeName":null,"Phones":"+7 (777) 414-92-21","ExternalCardID":"5962213","CardType":1,"CardNumber":"65792","CitizenshipCategoryID":1,"CitizenshipCategory":null,"ResidenceTypeID":3,"ResidenceType":null,"MotherPersonID":null,"MotherPerson":null,"IsForeigner":false,"IsHomeless":false,"IsDeadPerson":false,"IsResident":true,"ID":"40981450","StrID":"40981450"},"Person":{"IIN":"160619603853","LastName":"АДИЛОВА","FirstName":"АМИНА","SecondName":"МАКСАТОВНА","FullName":"АДИЛОВА АМИНА МАКСАТОВНА","FullNameIOF":"АМИНА МАКСАТОВНА АДИЛОВА","DisplayText":"160619603853 АМИНА МАКСАТОВНА АДИЛОВА 19.06.2016","IinFullName":"160619603853 - АДИЛОВА АМИНА МАКСАТОВНА","BirthDate":"2016-06-19T00:00:00","BirthDateStr":"19.06.2016","DeathDate":null,"DeathDateStr":"","BioSexID":2,"BioSex":null,"NationalityID":null,"Nationality":null,"CitizenshipID":85,"Citizenship":null,"MasterDataID":138008153,"RpnID":"15300000034938039","KmisID":"60300000000417856","Type":1,"Age":0,"IsStillborn":false,"IsEarlyNeonatalDeathUp28days":false,"IsDeadPerson":false,"ID":"674165","StrID":"674165"},"IsCito":false,"ExternalSystem":1,"OrderResultFileID":null,"OrderResultFileStorageID":null,"OrderResultDate":null,"Status":1,"DeleteDate":null,"ResultNotes":null,"Comment":"","ExternalOrderNumber":"51566762","ExaminationTypeID":null,"ExaminationType":null,"ExaminationIndicationID":null,"ExaminationIndication":null,"Uid":"03DFFE32-12D2-4EF3-B72B-FD5737FA2309","SenderPostFullName":"ЕСІМХАНОВ АЙБЕК ӘДІЛЕТҰЛЫ","SenderFuncStructureNameRU":"Отделение педиатрии","SenderFuncStructureNameKZ":"Педиатр бөлімі","IsSamplingOfMaterialsAtReceiver":false,"MisID":42194721,"Materials":[{"OrderID":31168661,"Uid":"4416558a-46e4-49dc-b330-d39e2ff6004d","MaterialNumber":"51566762","MaterialTypeID":363,"MaterialType":{"OrderBy":0,"ParentID":202,"HasChildren":false,"MasterDataID":489,"Parent":null,"NameRU":"Кровь венозная","NameKZ":"Кровь венозная","Name":"Кровь венозная","PublicCode":"36300","EndDate":null,"ID":"363","StrID":"363"},"TakeDate":"2026-09-03T04:56:00","TakeDateStr":"03.09.2026 04:56","TakePlace":"педиатрия","RejectionReason":null,"RejectionTakenMeasures":null,"ReceiptDate":null,"ReceiptDateStr":null,"RejectionCreatePostID":null,"RejectionCreatePost":null,"SampleCollectorPostIIN":"680615401246","SampleCollectorPostID":null,"Researches":[],"RejectedMaterialImageID":null,"File":null,"ID":"31455580","StrID":"31455580"}],"Researches":[]}],"Total":1}
03.09.2026 10:59:59	Information:	OrderedWW 51566762 Biomat 0 Device 20747
03.09.2026 11:00:00	Information:	ResearchResult
03.09.2026 11:00:00	Information:	{
"OrderID": "31168661",
"WorkPlaceID": 20747
}


03.09.2026 11:00:00	Information:	[{"OrderResearchID":67171765,"OrderResearch":null,"ParameterID":200918,"Parameter":{"ShortNameRU":"общий белок в сыворотке крови","ShortNameKZ":"қан сарысуындағы жалпы ақуыз","ShortName":"общий белок в сыворотке крови","DataType":0,"DataTypeName":"Число","UnitTypeID":100012,"UnitType":{"OrderBy":13,"MasterDataID":null,"CDD_ID":null,"NameRU":"г/л","NameKZ":"г/л","Name":"г/л","PublicCode":"10001200","EndDate":null,"ID":"100012","StrID":"100012"},"MedicalFormID":null,"MasterDataID":0,"MedicalForm":null,"NameWithDataType":"общий белок в сыворотке крови  (Число)","NameRU":"общий белок в сыворотке крови","NameKZ":"қан сарысуындағы жалпы ақуыз","Name":"общий белок в сыворотке крови","PublicCode":"20091800","EndDate":null,"ID":"200918","StrID":"200918"},"ParameterValues":null,"ParameterValueID":null,"ParameterValue":null,"ResultText":null,"ResultValue":null,"ResultDate":"2026-09-03T11:00:00.3507508+05:00","PostID":"0","Post":null,"ExecuteMethod":2,"SourceResultText":null,"SourceResultValue":null,"SourceResultExpression":null,"SourceUnitTypeID":100012,"SourceUnitType":{"OrderBy":13,"MasterDataID":null,"CDD_ID":null,"NameRU":"г/л","NameKZ":"г/л","Name":"г/л","PublicCode":"10001200","EndDate":null,"ID":"100012","StrID":"100012"},"MultiplierID":null,"IsApproved":false,"IsValidated":false,"StandardMatchType":0,"ApproveDate":null,"ApprovePostID":null,"ApprovePost":null,"OrderNum":1,"WorkPlaceID":20747,"OrderID":null,"BacteriologyResult":null,"AnalyzerId":null,"IsOrderProductionControl":false,"ID":"0","StrID":"0"},{"OrderResearchID":67171767,"OrderResearch":null,"ParameterID":200357,"Parameter":{"ShortNameRU":"АЛаТ","ShortNameKZ":"АЛаТ","ShortName":"АЛаТ","DataType":0,"DataTypeName":"Число","UnitTypeID":100030,"UnitType":{"OrderBy":31,"MasterDataID":null,"CDD_ID":null,"NameRU":"МЕ/л","NameKZ":"ХБ/л","Name":"МЕ/л","PublicCode":"10003000","EndDate":null,"ID":"100030","StrID":"100030"},"MedicalFormID":null,"MasterDataID":0,"MedicalForm":null,"NameWithDataType":"АЛаТ  (Число)","NameRU":"АЛаТ","NameKZ":"АЛаТ","Name":"АЛаТ","PublicCode":"20035700","EndDate":null,"ID":"200357","StrID":"200357"},"ParameterValues":null,"ParameterValueID":null,"ParameterValue":null,"ResultText":null,"ResultValue":null,"ResultDate":"2026-09-03T11:00:00.3562914+05:00","PostID":"0","Post":null,"ExecuteMethod":2,"SourceResultText":null,"SourceResultValue":null,"SourceResultExpression":null,"SourceUnitTypeID":100030,"SourceUnitType":{"OrderBy":31,"MasterDataID":null,"CDD_ID":null,"NameRU":"МЕ/л","NameKZ":"ХБ/л","Name":"МЕ/л","PublicCode":"10003000","EndDate":null,"ID":"100030","StrID":"100030"},"MultiplierID":null,"IsApproved":false,"IsValidated":false,"StandardMatchType":0,"ApproveDate":null,"ApprovePostID":null,"ApprovePost":null,"OrderNum":1,"WorkPlaceID":20747,"OrderID":null,"BacteriologyResult":null,"AnalyzerId":null,"IsOrderProductionControl":false,"ID":"0","StrID":"0"},{"OrderResearchID":67171768,"OrderResearch":null,"ParameterID":200919,"Parameter":{"ShortNameRU":"общий билирубин в сыворотке крови","ShortNameKZ":"қан сарысуындағы жалпы билирубин","ShortName":"общий билирубин в сыворотке крови","DataType":0,"DataTypeName":"Число","UnitTypeID":100041,"UnitType":{"OrderBy":42,"MasterDataID":null,"CDD_ID":null,"NameRU":"мкмоль/л","NameKZ":"мкмоль/л","Name":"мкмоль/л","PublicCode":"10004100","EndDate":null,"ID":"100041","StrID":"100041"},"MedicalFormID":null,"MasterDataID":0,"MedicalForm":null,"NameWithDataType":"общий билирубин в сыворотке крови  (Число)","NameRU":"общий билирубин в сыворотке крови","NameKZ":"қан сарысуындағы жалпы билирубин","Name":"общий билирубин в сыворотке крови","PublicCode":"20091900","EndDate":null,"ID":"200919","StrID":"200919"},"ParameterValues":null,"ParameterValueID":null,"ParameterValue":null,"ResultText":null,"ResultValue":null,"ResultDate":"2026-09-03T11:00:00.3562914+05:00","PostID":"0","Post":null,"ExecuteMethod":2,"SourceResultText":null,"SourceResultValue":null,"SourceResultExpression":null,"SourceUnitTypeID":100041,"SourceUnitType":{"OrderBy":42,"MasterDataID":null,"CDD_ID":null,"NameRU":"мкмоль/л","NameKZ":"мкмоль/л","Name":"мкмоль/л","PublicCode":"10004100","EndDate":null,"ID":"100041","StrID":"100041"},"MultiplierID":null,"IsApproved":false,"IsValidated":false,"StandardMatchType":0,"ApproveDate":null,"ApprovePostID":null,"ApprovePost":null,"OrderNum":1,"WorkPlaceID":20747,"OrderID":null,"BacteriologyResult":null,"AnalyzerId":null,"IsOrderProductionControl":false,"ID":"0","StrID":"0"},{"OrderResearchID":67171769,"OrderResearch":null,"ParameterID":200408,"Parameter":{"ShortNameRU":"АСаТ","ShortNameKZ":"АСаТ","ShortName":"АСаТ","DataType":0,"DataTypeName":"Число","UnitTypeID":100030,"UnitType":{"OrderBy":31,"MasterDataID":null,"CDD_ID":null,"NameRU":"МЕ/л","NameKZ":"ХБ/л","Name":"МЕ/л","PublicCode":"10003000","EndDate":null,"ID":"100030","StrID":"100030"},"MedicalFormID":null,"MasterDataID":0,"MedicalForm":null,"NameWithDataType":"АСаТ  (Число)","NameRU":"АСаТ","NameKZ":"АСаТ","Name":"АСаТ","PublicCode":"20040800","EndDate":null,"ID":"200408","StrID":"200408"},"ParameterValues":null,"ParameterValueID":null,"ParameterValue":null,"ResultText":null,"ResultValue":null,"ResultDate":"2026-09-03T11:00:00.3562914+05:00","PostID":"0","Post":null,"ExecuteMethod":2,"SourceResultText":null,"SourceResultValue":null,"SourceResultExpression":null,"SourceUnitTypeID":100030,"SourceUnitType":{"OrderBy":31,"MasterDataID":null,"CDD_ID":null,"NameRU":"МЕ/л","NameKZ":"ХБ/л","Name":"МЕ/л","PublicCode":"10003000","EndDate":null,"ID":"100030","StrID":"100030"},"MultiplierID":null,"IsApproved":false,"IsValidated":false,"StandardMatchType":0,"ApproveDate":null,"ApprovePostID":null,"ApprovePost":null,"OrderNum":1,"WorkPlaceID":20747,"OrderID":null,"BacteriologyResult":null,"AnalyzerId":null,"IsOrderProductionControl":false,"ID":"0","StrID":"0"},{"OrderResearchID":67171770,"OrderResearch":null,"ParameterID":201415,"Parameter":{"ShortNameRU":"кальций в сыворотке крови (анализатор)","ShortNameKZ":"қан сарысуындағы кальций (анализатор)","ShortName":"кальций в сыворотке крови (анализатор)","DataType":0,"DataTypeName":"Число","UnitTypeID":100051,"UnitType":{"OrderBy":52,"MasterDataID":null,"CDD_ID":null,"NameRU":"ммоль/л","NameKZ":"ммоль/л","Name":"ммоль/л","PublicCode":"10005100","EndDate":null,"ID":"100051","StrID":"100051"},"MedicalFormID":null,"MasterDataID":0,"MedicalForm":null,"NameWithDataType":"кальций в сыворотке крови (анализатор)  (Число)","NameRU":"кальций в сыворотке крови (анализатор)","NameKZ":"қан сарысуындағы кальций (анализатор)","Name":"кальций в сыворотке крови (анализатор)","PublicCode":"20141500","EndDate":null,"ID":"201415","StrID":"201415"},"ParameterValues":null,"ParameterValueID":null,"ParameterValue":null,"ResultText":null,"ResultValue":null,"ResultDate":"2026-09-03T11:00:00.3692986+05:00","PostID":"0","Post":null,"ExecuteMethod":2,"SourceResultText":null,"SourceResultValue":null,"SourceResultExpression":null,"SourceUnitTypeID":100051,"SourceUnitType":{"OrderBy":52,"MasterDataID":null,"CDD_ID":null,"NameRU":"ммоль/л","NameKZ":"ммоль/л","Name":"ммоль/л","PublicCode":"10005100","EndDate":null,"ID":"100051","StrID":"100051"},"MultiplierID":null,"IsApproved":false,"IsValidated":false,"StandardMatchType":0,"ApproveDate":null,"ApprovePostID":null,"ApprovePost":null,"OrderNum":1,"WorkPlaceID":20747,"OrderID":null,"BacteriologyResult":null,"AnalyzerId":null,"IsOrderProductionControl":false,"ID":"0","StrID":"0"},{"OrderResearchID":67171771,"OrderResearch":null,"ParameterID":201234,"Parameter":{"ShortNameRU":"ферритин в сыворотке крови","ShortNameKZ":"қан сарысуындағы ферритин","ShortName":"ферритин в сыворотке крови","DataType":0,"DataTypeName":"Число","UnitTypeID":100035,"UnitType":{"OrderBy":36,"MasterDataID":null,"CDD_ID":null,"NameRU":"мкг/л","NameKZ":"мкг/л","Name":"мкг/л","PublicCode":"10003500","EndDate":null,"ID":"100035","StrID":"100035"},"MedicalFormID":null,"MasterDataID":0,"MedicalForm":null,"NameWithDataType":"ферритин в сыворотке крови  (Число)","NameRU":"ферритин в сыворотке крови","NameKZ":"қан сарысуындағы ферритин","Name":"ферритин в сыворотке крови","PublicCode":"20123400","EndDate":null,"ID":"201234","StrID":"201234"},"ParameterValues":null,"ParameterValueID":null,"ParameterValue":null,"ResultText":null,"ResultValue":null,"ResultDate":"2026-09-03T11:00:00.37345+05:00","PostID":"0","Post":null,"ExecuteMethod":1,"SourceResultText":null,"SourceResultValue":null,"SourceResultExpression":null,"SourceUnitTypeID":100035,"SourceUnitType":{"OrderBy":36,"MasterDataID":null,"CDD_ID":null,"NameRU":"мкг/л","NameKZ":"мкг/л","Name":"мкг/л","PublicCode":"10003500","EndDate":null,"ID":"100035","StrID":"100035"},"MultiplierID":null,"IsApproved":false,"IsValidated":false,"StandardMatchType":0,"ApproveDate":null,"ApprovePostID":null,"ApprovePost":null,"OrderNum":1,"WorkPlaceID":20747,"OrderID":null,"BacteriologyResult":null,"AnalyzerId":null,"IsOrderProductionControl":false,"ID":"0","StrID":"0"},{"OrderResearchID":67171766,"OrderResearch":null,"ParameterID":200852,"Parameter":{"ShortNameRU":"мочевина в сыворотке крови","ShortNameKZ":"қан сарысуындағы несепнәр","ShortName":"мочевина в сыворотке крови","DataType":0,"DataTypeName":"Число","UnitTypeID":100051,"UnitType":{"OrderBy":52,"MasterDataID":null,"CDD_ID":null,"NameRU":"ммоль/л","NameKZ":"ммоль/л","Name":"ммоль/л","PublicCode":"10005100","EndDate":null,"ID":"100051","StrID":"100051"},"MedicalFormID":null,"MasterDataID":0,"MedicalForm":null,"NameWithDataType":"мочевина в сыворотке крови  (Число)","NameRU":"мочевина в сыворотке крови","NameKZ":"қан сарысуындағы несепнәр","Name":"мочевина в сыворотке крови","PublicCode":"20085200","EndDate":null,"ID":"200852","StrID":"200852"},"ParameterValues":null,"ParameterValueID":null,"ParameterValue":null,"ResultText":null,"ResultValue":null,"ResultDate":"2026-09-03T11:00:00.3765638+05:00","PostID":"0","Post":null,"ExecuteMethod":2,"SourceResultText":null,"SourceResultValue":null,"SourceResultExpression":null,"SourceUnitTypeID":100051,"SourceUnitType":{"OrderBy":52,"MasterDataID":null,"CDD_ID":null,"NameRU":"ммоль/л","NameKZ":"ммоль/л","Name":"ммоль/л","PublicCode":"10005100","EndDate":null,"ID":"100051","StrID":"100051"},"MultiplierID":null,"IsApproved":false,"IsValidated":false,"StandardMatchType":0,"ApproveDate":null,"ApprovePostID":null,"ApprovePost":null,"OrderNum":1,"WorkPlaceID":20747,"OrderID":null,"BacteriologyResult":null,"AnalyzerId":null,"IsOrderProductionControl":false,"ID":"0","StrID":"0"},{"OrderResearchID":67171772,"OrderResearch":null,"ParameterID":200744,"Parameter":{"ShortNameRU":"креатинин в крови","ShortNameKZ":"қандағы креатинин","ShortName":"креатинин в крови","DataType":0,"DataTypeName":"Число","UnitTypeID":100041,"UnitType":{"OrderBy":42,"MasterDataID":null,"CDD_ID":null,"NameRU":"мкмоль/л","NameKZ":"мкмоль/л","Name":"мкмоль/л","PublicCode":"10004100","EndDate":null,"ID":"100041","StrID":"100041"},"MedicalFormID":null,"MasterDataID":0,"MedicalForm":null,"NameWithDataType":"креатинин в крови  (Число)","NameRU":"креатинин в крови","NameKZ":"қандағы креатинин","Name":"креатинин в крови","PublicCode":"20074400","EndDate":null,"ID":"200744","StrID":"200744"},"ParameterValues":null,"ParameterValueID":null,"ParameterValue":null,"ResultText":null,"ResultValue":null,"ResultDate":"2026-09-03T11:00:00.3791952+05:00","PostID":"0","Post":null,"ExecuteMethod":2,"SourceResultText":null,"SourceResultValue":null,"SourceResultExpression":null,"SourceUnitTypeID":100041,"SourceUnitType":{"OrderBy":42,"MasterDataID":null,"CDD_ID":null,"NameRU":"мкмоль/л","NameKZ":"мкмоль/л","Name":"мкмоль/л","PublicCode":"10004100","EndDate":null,"ID":"100041","StrID":"100041"},"MultiplierID":null,"IsApproved":false,"IsValidated":false,"StandardMatchType":0,"ApproveDate":null,"ApprovePostID":null,"ApprovePost":null,"OrderNum":1,"WorkPlaceID":20747,"OrderID":null,"BacteriologyResult":null,"AnalyzerId":null,"IsOrderProductionControl":false,"ID":"0","StrID":"0"},{"OrderResearchID":67171773,"OrderResearch":null,"ParameterID":201150,"Parameter":{"ShortNameRU":"СРБ","ShortNameKZ":"СРА","ShortName":"СРБ","DataType":0,"DataTypeName":"Число","UnitTypeID":100026,"UnitType":{"OrderBy":27,"MasterDataID":null,"CDD_ID":null,"NameRU":"мг/л","NameKZ":"мг/л","Name":"мг/л","PublicCode":"10002600","EndDate":null,"ID":"100026","StrID":"100026"},"MedicalFormID":null,"MasterDataID":0,"MedicalForm":null,"NameWithDataType":"СРБ  (Число)","NameRU":"СРБ","NameKZ":"СРА","Name":"СРБ","PublicCode":"20115000","EndDate":null,"ID":"201150","StrID":"201150"},"ParameterValues":null,"ParameterValueID":null,"ParameterValue":null,"ResultText":null,"ResultValue":null,"ResultDate":"2026-09-03T11:00:00.382873+05:00","PostID":"0","Post":null,"ExecuteMethod":2,"SourceResultText":null,"SourceResultValue":null,"SourceResultExpression":null,"SourceUnitTypeID":100026,"SourceUnitType":{"OrderBy":27,"MasterDataID":null,"CDD_ID":null,"NameRU":"мг/л","NameKZ":"мг/л","Name":"мг/л","PublicCode":"10002600","EndDate":null,"ID":"100026","StrID":"100026"},"MultiplierID":null,"IsApproved":false,"IsValidated":false,"StandardMatchType":0,"ApproveDate":null,"ApprovePostID":null,"ApprovePost":null,"OrderNum":1,"WorkPlaceID":20747,"OrderID":null,"BacteriologyResult":null,"AnalyzerId":null,"IsOrderProductionControl":false,"ID":"0","StrID":"0"},{"OrderResearchID":67171774,"OrderResearch":null,"ParameterID":201087,"Parameter":{"ShortNameRU":"РФ на анализаторе","ShortNameKZ":"РФ анализаторда","ShortName":"РФ на анализаторе","DataType":0,"DataTypeName":"Число","UnitTypeID":100015,"UnitType":{"OrderBy":16,"MasterDataID":null,"CDD_ID":null,"NameRU":"ЕД/л","NameKZ":"Бірл/л","Name":"ЕД/л","PublicCode":"10001500","EndDate":null,"ID":"100015","StrID":"100015"},"MedicalFormID":null,"MasterDataID":0,"MedicalForm":null,"NameWithDataType":"РФ на анализаторе  (Число)","NameRU":"РФ на анализаторе","NameKZ":"РФ анализаторда","Name":"РФ на анализаторе","PublicCode":"20108700","EndDate":null,"ID":"201087","StrID":"201087"},"ParameterValues":null,"ParameterValueID":null,"ParameterValue":null,"ResultText":null,"ResultValue":null,"ResultDate":"2026-09-03T11:00:00.385601+05:00","PostID":"0","Post":null,"ExecuteMethod":2,"SourceResultText":null,"SourceResultValue":null,"SourceResultExpression":null,"SourceUnitTypeID":100015,"SourceUnitType":{"OrderBy":16,"MasterDataID":null,"CDD_ID":null,"NameRU":"ЕД/л","NameKZ":"Бірл/л","Name":"ЕД/л","PublicCode":"10001500","EndDate":null,"ID":"100015","StrID":"100015"},"MultiplierID":null,"IsApproved":false,"IsValidated":false,"StandardMatchType":0,"ApproveDate":null,"ApprovePostID":null,"ApprovePost":null,"OrderNum":1,"WorkPlaceID":20747,"OrderID":null,"BacteriologyResult":null,"AnalyzerId":null,"IsOrderProductionControl":false,"ID":"0","StrID":"0"},{"OrderResearchID":67171775,"OrderResearch":null,"ParameterID":200376,"Parameter":{"ShortNameRU":"антистрептолизин \"O\"","ShortNameKZ":"антистрептолизин \"O\"","ShortName":"антистрептолизин \"O\"","DataType":0,"DataTypeName":"Число","UnitTypeID":100030,"UnitType":{"OrderBy":31,"MasterDataID":null,"CDD_ID":null,"NameRU":"МЕ/л","NameKZ":"ХБ/л","Name":"МЕ/л","PublicCode":"10003000","EndDate":null,"ID":"100030","StrID":"100030"},"MedicalFormID":null,"MasterDataID":0,"MedicalForm":null,"NameWithDataType":"антистрептолизин \"O\"  (Число)","NameRU":"антистрептолизин \"O\"","NameKZ":"антистрептолизин \"O\"","Name":"антистрептолизин \"O\"","PublicCode":"20037600","EndDate":null,"ID":"200376","StrID":"200376"},"ParameterValues":null,"ParameterValueID":null,"ParameterValue":null,"ResultText":null,"ResultValue":null,"ResultDate":"2026-09-03T11:00:00.3886936+05:00","PostID":"0","Post":null,"ExecuteMethod":2,"SourceResultText":null,"SourceResultValue":null,"SourceResultExpression":null,"SourceUnitTypeID":100030,"SourceUnitType":{"OrderBy":31,"MasterDataID":null,"CDD_ID":null,"NameRU":"МЕ/л","NameKZ":"ХБ/л","Name":"МЕ/л","PublicCode":"10003000","EndDate":null,"ID":"100030","StrID":"100030"},"MultiplierID":null,"IsApproved":false,"IsValidated":false,"StandardMatchType":0,"ApproveDate":null,"ApprovePostID":null,"ApprovePost":null,"OrderNum":1,"WorkPlaceID":20747,"OrderID":null,"BacteriologyResult":null,"AnalyzerId":null,"IsOrderProductionControl":false,"ID":"0","StrID":"0"}]
03.09.2026 11:00:00	Information:	TestsWW spec 200918, spec 200357, spec 200919, spec 200408, spec 201415, spec 201234, spec 200852, spec 200744, spec 201150, spec 201087, spec 200376, 
03.09.2026 11:00:00	Information:	Querry lines count: 1
03.09.2026 11:00:00	Debug:	SendResults:	fix DriverRequests=	181	ms
03.09.2026 11:00:00	Information:	SAMPLE! 51566762 DeviceDriverResult Sample: 51566762 Suggest: . Do Request True
03.09.2026 11:00:00	Information:	Sample request count: 1
03.09.2026 11:00:00	Information:	MU is ?mol/L
03.09.2026 11:00:00	Information:	Driver Collations count 0
03.09.2026 11:00:00	Information:	MU collations count=0
03.09.2026 11:00:00	Information:	MU is U/L
03.09.2026 11:00:00	Information:	Driver Collations count 0
03.09.2026 11:00:00	Information:	MU collations count=0
03.09.2026 11:00:00	Information:	MU is U/L
03.09.2026 11:00:00	Information:	Driver Collations count 0
03.09.2026 11:00:00	Information:	MU collations count=0
03.09.2026 11:00:00	Information:	MU is mg/L
03.09.2026 11:00:00	Information:	Driver Collations count 0
03.09.2026 11:00:00	Information:	MU collations count=0
03.09.2026 11:00:00	Information:	MU is g/L
03.09.2026 11:00:00	Information:	Driver Collations count 0
03.09.2026 11:00:00	Information:	MU collations count=0
03.09.2026 11:00:00	Information:	MU is ?mol/L
03.09.2026 11:00:00	Information:	Driver Collations count 0
03.09.2026 11:00:00	Information:	MU collations count=0
03.09.2026 11:00:00	Information:	MU is mmol/L
03.09.2026 11:00:00	Information:	Driver Collations count 0
03.09.2026 11:00:00	Information:	MU collations count=0
03.09.2026 11:00:00	Information:	MU is ng/mL
03.09.2026 11:00:00	Information:	Driver Collations count 0
03.09.2026 11:00:00	Information:	MU collations count=0
03.09.2026 11:00:00	Debug:	SendResults:	SetTestsValues first SetTestsValues=	70	ms
03.09.2026 11:00:00	Debug:	SendResults:	Device Total = 254 ms
03.09.2026 11:00:00	Information:	Saving 51566762
03.09.2026 11:00:00	Information:	Start test result saving
03.09.2026 11:00:00	Information:	Result object to save: 
03.09.2026 11:00:00	Information:	{"OrderResearchID":67171765,"OrderResearch":null,"ParameterID":200918,"Parameter":{"ShortNameRU":"общий белок в сыворотке крови","ShortNameKZ":"қан сарысуындағы жалпы ақуыз","ShortName":"общий белок в сыворотке крови","DataType":0,"DataTypeName":"Число","UnitTypeID":100012,"UnitType":{"NameRU":"г/л","NameKZ":"г/л","Name":"г/л","PublicCode":"10001200","OrderBy":13,"ID":100012,"StrID":"100012"},"MedicalFormID":null,"MedicalForm":null,"NameRU":"общий белок в сыворотке крови","NameKZ":"қан сарысуындағы жалпы ақуыз","Name":"общий белок в сыворотке крови","PublicCode":"20091800","OrderBy":null,"ID":200918,"StrID":"200918"},"ParameterValueID":null,"ParameterValue":null,"ResultText":"73.51","ResultValue":null,"ResultDate":"2026-09-03T11:00:00.3507508+05:00","PostID":0,"Post":null,"ExecuteMethod":2,"SourceResultText":"73.51","SourceResultValue":null,"SourceResultExpression":null,"SourceUnitTypeID":100012,"SourceUnitType":{"NameRU":"г/л","NameKZ":"г/л","Name":"г/л","PublicCode":"10001200","OrderBy":13,"ID":100012,"StrID":"100012"},"IsApproved":false,"ApproveDate":null,"ApprovePostID":null,"ApprovePost":null,"OrderNum":1,"WorkPlaceID":20747,"DriverManagerID":150,"BacteriologyResult":null,"AnalyzerId":38,"IsOrderProductionControl":false,"ID":0,"StrID":"0"}
03.09.2026 11:00:00	Information:	Save string: 
03.09.2026 11:00:00	Information:	{"OrderResearchID":67171765,"OrderResearch":{"OrderID":31168661,"ServiceMoID":2163201,"ServiceMoMasterDataID":8269447,"ServiceMo":{"OrgHealthCareID":"45500000000000909","ServiceID":236,"NameRU":"Определение общего белка в сыворотке крови на анализаторе","NameKZ":"Қан сарысуындағы жалпы нәруызды талдауышта анықтау ","Name":"Определение общего белка в сыворотке крови на анализаторе","ShortNameRU":"Определение общего белка в сыворотке крови на анализаторе","ShortNameKZ":"Қан сарысуындағы жалпы нәруызды талдауышта анықтау ","ShortName":"Определение общего белка в сыворотке крови на анализаторе","FullName":"B03.397.002 - Определение общего белка в сыворотке крови на анализаторе","Code":"B03.397.002","ExternalCode":null,"ServiceClassID":5,"ServiceClass":{"ServiceTypeID":2,"OrderBy":5,"MasterDataID":5,"NameRU":"Клиническая химия (биохимия)","NameKZ":"Клиникалық химия (биохимия)","Name":"Клиническая химия (биохимия)","PublicCode":"500","EndDate":null,"ID":"5","StrID":"5"},"Service":{"NameRU":"Определение общего белка в сыворотке крови на анализаторе","NameKZ":"Қан сарысуындағы жалпы нәруызды талдауышта анықтау","Name":"Определение общего белка в сыворотке крови на анализаторе","ShortNameRU":"Общий белок на анализаторе","ShortNameKZ":"Общий белок на анализаторе","ShortName":"Общий белок на анализаторе","FullName":"B03.397.002 - Определение общего белка в сыворотке крови на анализаторе","Code":"B03.397.002","ServiceClassID":5,"ServiceClass":null,"ServiceSubClassID":6,"ServiceSubClass":null,"MaterialTypeID":202,"MaterialType":null,"MasterDataID":3079,"ID":"236","StrID":"236"},"MasterDataID":8269447,"ServiceSubClassID":6,"PayType":1,"ServiceSubClass":null,"ID":"2163201","StrID":"2163201"},"FullName":"B03.397.002 - Определение общего белка в сыворотке крови на анализаторе  () ","IsMain":true,"SourceID":"145077496_34005828","WorkPlaceID":20747,"WorkPlace":null,"DriverManager":null,"ParameterID":null,"Parameter":null,"AdditionalInfo":null,"Status":1,"PerformetServiceCount":7,"ResearchResultCount":0,"ApproveResearchResultCount":0,"NotSaveResearchResultCount":0,"ParentID":null,"ScreeningCandidatePlanGuid":null,"ScreeningUrl":null,"TakePlace":null,"MaterialTypeID":null,"MaterialType":null,"PartCount":0,"IsOrderProductionControl":false,"Uid":"bc723a6d-0c46-46a0-862e-d7106a25f713","OrderPerformerServices":[],"OrderResearchAllergens":[],"Results":[],"IsResumed":false,"ExecutionType":0,"ID":"67171765","StrID":"67171765"},"ParameterID":200918,"Parameter":{"ShortNameRU":"общий белок в сыворотке крови","ShortNameKZ":"қан сарысуындағы жалпы ақуыз","ShortName":"общий белок в сыворотке крови","DataType":0,"DataTypeName":"Число","UnitTypeID":100012,"UnitType":null,"MedicalFormID":null,"MasterDataID":0,"MedicalForm":null,"NameWithDataType":"общий белок в сыворотке крови  (Число)","NameRU":"общий белок в сыворотке крови","NameKZ":"қан сарысуындағы жалпы ақуыз","Name":"общий белок в сыворотке крови","PublicCode":"20091800","EndDate":null,"ID":"200918","StrID":"200918"},"ParameterValues":null,"ParameterValueID":null,"ParameterValue":null,"ResultText":"73.51","ResultValue":"73.51","ResultDate":"2026-09-03T11:00:00.5271555+05:00","PostID":"189416","Post":null,"ExecuteMethod":2,"SourceResultText":"73.51","SourceResultValue":"73.51","SourceResultExpression":null,"SourceUnitTypeID":100012,"SourceUnitType":{"OrderBy":13,"MasterDataID":null,"CDD_ID":null,"NameRU":"г/л","NameKZ":"г/л","Name":"г/л","PublicCode":"10001200","EndDate":null,"ID":"100012","StrID":"100012"},"MultiplierID":null,"IsApproved":false,"IsValidated":false,"StandardMatchType":0,"ApproveDate":null,"ApprovePostID":null,"ApprovePost":null,"OrderNum":1,"WorkPlaceID":20747,"OrderID":null,"BacteriologyResult":null,"AnalyzerId":38,"IsOrderProductionControl":false,"ID":"207483578","StrID":"207483578"}
03.09.2026 11:00:00	Information:	Result object to save: 
03.09.2026 11:00:00	Information:	{"OrderResearchID":67171767,"OrderResearch":null,"ParameterID":200357,"Parameter":{"ShortNameRU":"АЛаТ","ShortNameKZ":"АЛаТ","ShortName":"АЛаТ","DataType":0,"DataTypeName":"Число","UnitTypeID":100030,"UnitType":{"NameRU":"МЕ/л","NameKZ":"ХБ/л","Name":"МЕ/л","PublicCode":"10003000","OrderBy":31,"ID":100030,"StrID":"100030"},"MedicalFormID":null,"MedicalForm":null,"NameRU":"АЛаТ","NameKZ":"АЛаТ","Name":"АЛаТ","PublicCode":"20035700","OrderBy":null,"ID":200357,"StrID":"200357"},"ParameterValueID":null,"ParameterValue":null,"ResultText":"16.84","ResultValue":null,"ResultDate":"2026-09-03T11:00:00.3562914+05:00","PostID":0,"Post":null,"ExecuteMethod":2,"SourceResultText":"16.84","SourceResultValue":null,"SourceResultExpression":null,"SourceUnitTypeID":100030,"SourceUnitType":{"NameRU":"МЕ/л","NameKZ":"ХБ/л","Name":"МЕ/л","PublicCode":"10003000","OrderBy":31,"ID":100030,"StrID":"100030"},"IsApproved":false,"ApproveDate":null,"ApprovePostID":null,"ApprovePost":null,"OrderNum":1,"WorkPlaceID":20747,"DriverManagerID":150,"BacteriologyResult":null,"AnalyzerId":38,"IsOrderProductionControl":false,"ID":0,"StrID":"0"}
03.09.2026 11:00:00	Information:	Save string: 
03.09.2026 11:00:00	Information:	{"OrderResearchID":67171767,"OrderResearch":{"OrderID":31168661,"ServiceMoID":2163576,"ServiceMoMasterDataID":8269462,"ServiceMo":{"OrgHealthCareID":"45500000000000909","ServiceID":253,"NameRU":"Определение аланинаминотрансферазы (АЛаТ) в сыворотке крови на анализаторе","NameKZ":"Қан сарысуындағы аланинаминотрансферазды (АЛаТ) талдауышта анықтау ","Name":"Определение аланинаминотрансферазы (АЛаТ) в сыворотке крови на анализаторе","ShortNameRU":"Определение аланинаминотрансферазы (АЛаТ) в сыворотке крови на анализаторе","ShortNameKZ":"Қан сарысуындағы аланинаминотрансферазды (АЛаТ) талдауышта анықтау ","ShortName":"Определение аланинаминотрансферазы (АЛаТ) в сыворотке крови на анализаторе","FullName":"B03.155.002 - Определение аланинаминотрансферазы (АЛаТ) в сыворотке крови на анализаторе","Code":"B03.155.002","ExternalCode":null,"ServiceClassID":5,"ServiceClass":{"ServiceTypeID":2,"OrderBy":5,"MasterDataID":5,"NameRU":"Клиническая химия (биохимия)","NameKZ":"Клиникалық химия (биохимия)","Name":"Клиническая химия (биохимия)","PublicCode":"500","EndDate":null,"ID":"5","StrID":"5"},"Service":{"NameRU":"Определение аланинаминотрансферазы (АЛаТ) в сыворотке крови на анализаторе","NameKZ":"Қан сарысуындағы аланинаминотрансферазды (АЛаТ) талдауышта анықтау","Name":"Определение аланинаминотрансферазы (АЛаТ) в сыворотке крови на анализаторе","ShortNameRU":"АЛаТ на анализаторе","ShortNameKZ":"АЛаТ на анализаторе","ShortName":"АЛаТ на анализаторе","FullName":"B03.155.002 - Определение аланинаминотрансферазы (АЛаТ) в сыворотке крови на анализаторе","Code":"B03.155.002","ServiceClassID":5,"ServiceClass":null,"ServiceSubClassID":6,"ServiceSubClass":null,"MaterialTypeID":202,"MaterialType":null,"MasterDataID":3094,"ID":"253","StrID":"253"},"MasterDataID":8269462,"ServiceSubClassID":6,"PayType":1,"ServiceSubClass":null,"ID":"2163576","StrID":"2163576"},"FullName":"B03.155.002 - Определение аланинаминотрансферазы (АЛаТ) в сыворотке крови на анализаторе  () ","IsMain":true,"SourceID":"145077496_34005831","WorkPlaceID":20747,"WorkPlace":null,"DriverManager":null,"ParameterID":null,"Parameter":null,"AdditionalInfo":null,"Status":1,"PerformetServiceCount":9,"ResearchResultCount":0,"ApproveResearchResultCount":0,"NotSaveResearchResultCount":0,"ParentID":null,"ScreeningCandidatePlanGuid":null,"ScreeningUrl":null,"TakePlace":null,"MaterialTypeID":null,"MaterialType":null,"PartCount":0,"IsOrderProductionControl":false,"Uid":"9f6b938a-a4ee-4076-8089-eb877038d5fb","OrderPerformerServices":[],"OrderResearchAllergens":[],"Results":[],"IsResumed":false,"ExecutionType":0,"ID":"67171767","StrID":"67171767"},"ParameterID":200357,"Parameter":{"ShortNameRU":"АЛаТ","ShortNameKZ":"АЛаТ","ShortName":"АЛаТ","DataType":0,"DataTypeName":"Число","UnitTypeID":100030,"UnitType":null,"MedicalFormID":null,"MasterDataID":0,"MedicalForm":null,"NameWithDataType":"АЛаТ  (Число)","NameRU":"АЛаТ","NameKZ":"АЛаТ","Name":"АЛаТ","PublicCode":"20035700","EndDate":null,"ID":"200357","StrID":"200357"},"ParameterValues":null,"ParameterValueID":null,"ParameterValue":null,"ResultText":"16.84","ResultValue":"16.84","ResultDate":"2026-09-03T11:00:00.5895209+05:00","PostID":"189416","Post":null,"ExecuteMethod":2,"SourceResultText":"16.84","SourceResultValue":"16.84","SourceResultExpression":null,"SourceUnitTypeID":100030,"SourceUnitType":{"OrderBy":31,"MasterDataID":null,"CDD_ID":null,"NameRU":"МЕ/л","NameKZ":"ХБ/л","Name":"МЕ/л","PublicCode":"10003000","EndDate":null,"ID":"100030","StrID":"100030"},"MultiplierID":null,"IsApproved":false,"IsValidated":false,"StandardMatchType":0,"ApproveDate":null,"ApprovePostID":null,"ApprovePost":null,"OrderNum":1,"WorkPlaceID":20747,"OrderID":null,"BacteriologyResult":null,"AnalyzerId":38,"IsOrderProductionControl":false,"ID":"207483579","StrID":"207483579"}
03.09.2026 11:00:00	Information:	Result object to save: 
03.09.2026 11:00:00	Information:	{"OrderResearchID":67171768,"OrderResearch":null,"ParameterID":200919,"Parameter":{"ShortNameRU":"общий билирубин в сыворотке крови","ShortNameKZ":"қан сарысуындағы жалпы билирубин","ShortName":"общий билирубин в сыворотке крови","DataType":0,"DataTypeName":"Число","UnitTypeID":100041,"UnitType":{"NameRU":"мкмоль/л","NameKZ":"мкмоль/л","Name":"мкмоль/л","PublicCode":"10004100","OrderBy":42,"ID":100041,"StrID":"100041"},"MedicalFormID":null,"MedicalForm":null,"NameRU":"общий билирубин в сыворотке крови","NameKZ":"қан сарысуындағы жалпы билирубин","Name":"общий билирубин в сыворотке крови","PublicCode":"20091900","OrderBy":null,"ID":200919,"StrID":"200919"},"ParameterValueID":null,"ParameterValue":null,"ResultText":"3.57","ResultValue":null,"ResultDate":"2026-09-03T11:00:00.3562914+05:00","PostID":0,"Post":null,"ExecuteMethod":2,"SourceResultText":"3.57","SourceResultValue":null,"SourceResultExpression":null,"SourceUnitTypeID":100041,"SourceUnitType":{"NameRU":"мкмоль/л","NameKZ":"мкмоль/л","Name":"мкмоль/л","PublicCode":"10004100","OrderBy":42,"ID":100041,"StrID":"100041"},"IsApproved":false,"ApproveDate":null,"ApprovePostID":null,"ApprovePost":null,"OrderNum":1,"WorkPlaceID":20747,"DriverManagerID":150,"BacteriologyResult":null,"AnalyzerId":38,"IsOrderProductionControl":false,"ID":0,"StrID":"0"}
03.09.2026 11:00:00	Information:	Save string: 
03.09.2026 11:00:00	Information:	{"OrderResearchID":67171768,"OrderResearch":{"OrderID":31168661,"ServiceMoID":2163626,"ServiceMoMasterDataID":8269464,"ServiceMo":{"OrgHealthCareID":"45500000000000909","ServiceID":255,"NameRU":"Определение общего билирубина в сыворотке крови на анализаторе","NameKZ":"Қан сарысуындағы жалпы  билирубинді талдауышта анықтау в сыворотке крови на анализаторе","Name":"Определение общего билирубина в сыворотке крови на анализаторе","ShortNameRU":"Определение общего билирубина в сыворотке крови на анализаторе","ShortNameKZ":"Қан сарысуындағы жалпы  билирубинді талдауышта анықтау в сыворотке крови на анализаторе","ShortName":"Определение общего билирубина в сыворотке крови на анализаторе","FullName":"B03.398.002 - Определение общего билирубина в сыворотке крови на анализаторе","Code":"B03.398.002","ExternalCode":null,"ServiceClassID":5,"ServiceClass":{"ServiceTypeID":2,"OrderBy":5,"MasterDataID":5,"NameRU":"Клиническая химия (биохимия)","NameKZ":"Клиникалық химия (биохимия)","Name":"Клиническая химия (биохимия)","PublicCode":"500","EndDate":null,"ID":"5","StrID":"5"},"Service":{"NameRU":"Определение общего билирубина в сыворотке крови на анализаторе","NameKZ":"Қан сарысуындағы жалпы билирубинді талдауышта анықтау в сыворотке крови на анализаторе","Name":"Определение общего билирубина в сыворотке крови на анализаторе","ShortNameRU":"Общий Bi на анализаторе","ShortNameKZ":"Общий Bi на анализаторе","ShortName":"Общий Bi на анализаторе","FullName":"B03.398.002 - Определение общего билирубина в сыворотке крови на анализаторе","Code":"B03.398.002","ServiceClassID":5,"ServiceClass":null,"ServiceSubClassID":6,"ServiceSubClass":null,"MaterialTypeID":202,"MaterialType":null,"MasterDataID":3096,"ID":"255","StrID":"255"},"MasterDataID":8269464,"ServiceSubClassID":6,"PayType":1,"ServiceSubClass":null,"ID":"2163626","StrID":"2163626"},"FullName":"B03.398.002 - Определение общего билирубина в сыворотке крови на анализаторе  () ","IsMain":true,"SourceID":"145077496_34005833","WorkPlaceID":20747,"WorkPlace":null,"DriverManager":null,"ParameterID":null,"Parameter":null,"AdditionalInfo":null,"Status":1,"PerformetServiceCount":7,"ResearchResultCount":0,"ApproveResearchResultCount":0,"NotSaveResearchResultCount":0,"ParentID":null,"ScreeningCandidatePlanGuid":null,"ScreeningUrl":null,"TakePlace":null,"MaterialTypeID":null,"MaterialType":null,"PartCount":0,"IsOrderProductionControl":false,"Uid":"116f9c99-29eb-4341-b4e6-c3cab4c2d866","OrderPerformerServices":[],"OrderResearchAllergens":[],"Results":[],"IsResumed":false,"ExecutionType":0,"ID":"67171768","StrID":"67171768"},"ParameterID":200919,"Parameter":{"ShortNameRU":"общий билирубин в сыворотке крови","ShortNameKZ":"қан сарысуындағы жалпы билирубин","ShortName":"общий билирубин в сыворотке крови","DataType":0,"DataTypeName":"Число","UnitTypeID":100041,"UnitType":null,"MedicalFormID":null,"MasterDataID":0,"MedicalForm":null,"NameWithDataType":"общий билирубин в сыворотке крови  (Число)","NameRU":"общий билирубин в сыворотке крови","NameKZ":"қан сарысуындағы жалпы билирубин","Name":"общий билирубин в сыворотке крови","PublicCode":"20091900","EndDate":null,"ID":"200919","StrID":"200919"},"ParameterValues":null,"ParameterValueID":null,"ParameterValue":null,"ResultText":"3.57","ResultValue":"3.57","ResultDate":"2026-09-03T11:00:00.672844+05:00","PostID":"189416","Post":null,"ExecuteMethod":2,"SourceResultText":"3.57","SourceResultValue":"3.57","SourceResultExpression":null,"SourceUnitTypeID":100041,"SourceUnitType":{"OrderBy":42,"MasterDataID":null,"CDD_ID":null,"NameRU":"мкмоль/л","NameKZ":"мкмоль/л","Name":"мкмоль/л","PublicCode":"10004100","EndDate":null,"ID":"100041","StrID":"100041"},"MultiplierID":null,"IsApproved":false,"IsValidated":false,"StandardMatchType":0,"ApproveDate":null,"ApprovePostID":null,"ApprovePost":null,"OrderNum":1,"WorkPlaceID":20747,"OrderID":null,"BacteriologyResult":null,"AnalyzerId":38,"IsOrderProductionControl":false,"ID":"207483580","StrID":"207483580"}
03.09.2026 11:00:00	Information:	Result object to save: 
03.09.2026 11:00:00	Information:	{"OrderResearchID":67171769,"OrderResearch":null,"ParameterID":200408,"Parameter":{"ShortNameRU":"АСаТ","ShortNameKZ":"АСаТ","ShortName":"АСаТ","DataType":0,"DataTypeName":"Число","UnitTypeID":100030,"UnitType":{"NameRU":"МЕ/л","NameKZ":"ХБ/л","Name":"МЕ/л","PublicCode":"10003000","OrderBy":31,"ID":100030,"StrID":"100030"},"MedicalFormID":null,"MedicalForm":null,"NameRU":"АСаТ","NameKZ":"АСаТ","Name":"АСаТ","PublicCode":"20040800","OrderBy":null,"ID":200408,"StrID":"200408"},"ParameterValueID":null,"ParameterValue":null,"ResultText":"30.83","ResultValue":null,"ResultDate":"2026-09-03T11:00:00.3562914+05:00","PostID":0,"Post":null,"ExecuteMethod":2,"SourceResultText":"30.83","SourceResultValue":null,"SourceResultExpression":null,"SourceUnitTypeID":100030,"SourceUnitType":{"NameRU":"МЕ/л","NameKZ":"ХБ/л","Name":"МЕ/л","PublicCode":"10003000","OrderBy":31,"ID":100030,"StrID":"100030"},"IsApproved":false,"ApproveDate":null,"ApprovePostID":null,"ApprovePost":null,"OrderNum":1,"WorkPlaceID":20747,"DriverManagerID":150,"BacteriologyResult":null,"AnalyzerId":38,"IsOrderProductionControl":false,"ID":0,"StrID":"0"}
03.09.2026 11:00:00	Information:	Save string: 
03.09.2026 11:00:00	Information:	{"OrderResearchID":67171769,"OrderResearch":{"OrderID":31168661,"ServiceMoID":2163651,"ServiceMoMasterDataID":8269465,"ServiceMo":{"OrgHealthCareID":"45500000000000909","ServiceID":256,"NameRU":"Определение аспартатаминотрансферазы (АСаТ) в сыворотке крови на анализаторе","NameKZ":"Қан сарысуындағы  аспартатаминотрансферазды  (АСаТ) талдауышта анықтау  ","Name":"Определение аспартатаминотрансферазы (АСаТ) в сыворотке крови на анализаторе","ShortNameRU":"Определение аспартатаминотрансферазы (АСаТ) в сыворотке крови на анализаторе","ShortNameKZ":"Қан сарысуындағы  аспартатаминотрансферазды  (АСаТ) талдауышта анықтау  ","ShortName":"Определение аспартатаминотрансферазы (АСаТ) в сыворотке крови на анализаторе","FullName":"B03.293.002 - Определение аспартатаминотрансферазы (АСаТ) в сыворотке крови на анализаторе","Code":"B03.293.002","ExternalCode":null,"ServiceClassID":5,"ServiceClass":{"ServiceTypeID":2,"OrderBy":5,"MasterDataID":5,"NameRU":"Клиническая химия (биохимия)","NameKZ":"Клиникалық химия (биохимия)","Name":"Клиническая химия (биохимия)","PublicCode":"500","EndDate":null,"ID":"5","StrID":"5"},"Service":{"NameRU":"Определение аспартатаминотрансферазы (АСаТ) в сыворотке крови на анализаторе","NameKZ":"Қан сарысуындағы аспартатаминотрансферазды (АСаТ) талдауышта анықтау","Name":"Определение аспартатаминотрансферазы (АСаТ) в сыворотке крови на анализаторе","ShortNameRU":"АСаТ на анализаторе","ShortNameKZ":"АСаТ на анализаторе","ShortName":"АСаТ на анализаторе","FullName":"B03.293.002 - Определение аспартатаминотрансферазы (АСаТ) в сыворотке крови на анализаторе","Code":"B03.293.002","ServiceClassID":5,"ServiceClass":null,"ServiceSubClassID":6,"ServiceSubClass":null,"MaterialTypeID":202,"MaterialType":null,"MasterDataID":3097,"ID":"256","StrID":"256"},"MasterDataID":8269465,"ServiceSubClassID":6,"PayType":1,"ServiceSubClass":null,"ID":"2163651","StrID":"2163651"},"FullName":"B03.293.002 - Определение аспартатаминотрансферазы (АСаТ) в сыворотке крови на анализаторе  () ","IsMain":true,"SourceID":"145077496_34005832","WorkPlaceID":20747,"WorkPlace":null,"DriverManager":null,"ParameterID":null,"Parameter":null,"AdditionalInfo":null,"Status":1,"PerformetServiceCount":7,"ResearchResultCount":0,"ApproveResearchResultCount":0,"NotSaveResearchResultCount":0,"ParentID":null,"ScreeningCandidatePlanGuid":null,"ScreeningUrl":null,"TakePlace":null,"MaterialTypeID":null,"MaterialType":null,"PartCount":0,"IsOrderProductionControl":false,"Uid":"2c829621-10c2-43c1-a743-c015fd005904","OrderPerformerServices":[],"OrderResearchAllergens":[],"Results":[],"IsResumed":false,"ExecutionType":0,"ID":"67171769","StrID":"67171769"},"ParameterID":200408,"Parameter":{"ShortNameRU":"АСаТ","ShortNameKZ":"АСаТ","ShortName":"АСаТ","DataType":0,"DataTypeName":"Число","UnitTypeID":100030,"UnitType":null,"MedicalFormID":null,"MasterDataID":0,"MedicalForm":null,"NameWithDataType":"АСаТ  (Число)","NameRU":"АСаТ","NameKZ":"АСаТ","Name":"АСаТ","PublicCode":"20040800","EndDate":null,"ID":"200408","StrID":"200408"},"ParameterValues":null,"ParameterValueID":null,"ParameterValue":null,"ResultText":"30.83","ResultValue":"30.83","ResultDate":"2026-09-03T11:00:00.7442214+05:00","PostID":"189416","Post":null,"ExecuteMethod":2,"SourceResultText":"30.83","SourceResultValue":"30.83","SourceResultExpression":null,"SourceUnitTypeID":100030,"SourceUnitType":{"OrderBy":31,"MasterDataID":null,"CDD_ID":null,"NameRU":"МЕ/л","NameKZ":"ХБ/л","Name":"МЕ/л","PublicCode":"10003000","EndDate":null,"ID":"100030","StrID":"100030"},"MultiplierID":null,"IsApproved":false,"IsValidated":false,"StandardMatchType":0,"ApproveDate":null,"ApprovePostID":null,"ApprovePost":null,"OrderNum":1,"WorkPlaceID":20747,"OrderID":null,"BacteriologyResult":null,"AnalyzerId":38,"IsOrderProductionControl":false,"ID":"207483581","StrID":"207483581"}
03.09.2026 11:00:00	Information:	No result for test 201415 for sample with barcode 51566762 for device 20747
03.09.2026 11:00:00	Information:	Result object to save: 
03.09.2026 11:00:00	Information:	{"OrderResearchID":67171771,"OrderResearch":null,"ParameterID":201234,"Parameter":{"ShortNameRU":"ферритин в сыворотке крови","ShortNameKZ":"қан сарысуындағы ферритин","ShortName":"ферритин в сыворотке крови","DataType":0,"DataTypeName":"Число","UnitTypeID":100035,"UnitType":{"NameRU":"мкг/л","NameKZ":"мкг/л","Name":"мкг/л","PublicCode":"10003500","OrderBy":36,"ID":100035,"StrID":"100035"},"MedicalFormID":null,"MedicalForm":null,"NameRU":"ферритин в сыворотке крови","NameKZ":"қан сарысуындағы ферритин","Name":"ферритин в сыворотке крови","PublicCode":"20123400","OrderBy":null,"ID":201234,"StrID":"201234"},"ParameterValueID":null,"ParameterValue":null,"ResultText":"142.32","ResultValue":null,"ResultDate":"2026-09-03T11:00:00.37345+05:00","PostID":0,"Post":null,"ExecuteMethod":1,"SourceResultText":"142.32","SourceResultValue":null,"SourceResultExpression":null,"SourceUnitTypeID":100035,"SourceUnitType":{"NameRU":"мкг/л","NameKZ":"мкг/л","Name":"мкг/л","PublicCode":"10003500","OrderBy":36,"ID":100035,"StrID":"100035"},"IsApproved":false,"ApproveDate":null,"ApprovePostID":null,"ApprovePost":null,"OrderNum":1,"WorkPlaceID":20747,"DriverManagerID":150,"BacteriologyResult":null,"AnalyzerId":38,"IsOrderProductionControl":false,"ID":0,"StrID":"0"}
03.09.2026 11:00:00	Information:	Save string: 
03.09.2026 11:00:00	Information:	{"OrderResearchID":67171771,"OrderResearch":{"OrderID":31168661,"ServiceMoID":2164351,"ServiceMoMasterDataID":8269493,"ServiceMo":{"OrgHealthCareID":"45500000000000909","ServiceID":284,"NameRU":"Определение ферритина в сыворотке крови на анализаторе","NameKZ":"Қан сарысуындағы ферритинді талдауышта анықтау   ","Name":"Определение ферритина в сыворотке крови на анализаторе","ShortNameRU":"Определение ферритина в сыворотке крови на анализаторе","ShortNameKZ":"Қан сарысуындағы ферритинді талдауышта анықтау   ","ShortName":"Определение ферритина в сыворотке крови на анализаторе","FullName":"B03.500.002 - Определение ферритина в сыворотке крови на анализаторе","Code":"B03.500.002","ExternalCode":null,"ServiceClassID":5,"ServiceClass":{"ServiceTypeID":2,"OrderBy":5,"MasterDataID":5,"NameRU":"Клиническая химия (биохимия)","NameKZ":"Клиникалық химия (биохимия)","Name":"Клиническая химия (биохимия)","PublicCode":"500","EndDate":null,"ID":"5","StrID":"5"},"Service":{"NameRU":"Определение ферритина в сыворотке крови на анализаторе","NameKZ":"Қан сарысуындағы ферритинді талдауышта анықтау","Name":"Определение ферритина в сыворотке крови на анализаторе","ShortNameRU":"Ферритин на анализаторе","ShortNameKZ":"Ферритин на анализаторе","ShortName":"Ферритин на анализаторе","FullName":"B03.500.002 - Определение ферритина в сыворотке крови на анализаторе","Code":"B03.500.002","ServiceClassID":5,"ServiceClass":null,"ServiceSubClassID":6,"ServiceSubClass":null,"MaterialTypeID":202,"MaterialType":null,"MasterDataID":3125,"ID":"284","StrID":"284"},"MasterDataID":8269493,"ServiceSubClassID":6,"PayType":1,"ServiceSubClass":null,"ID":"2164351","StrID":"2164351"},"FullName":"B03.500.002 - Определение ферритина в сыворотке крови на анализаторе  () ","IsMain":true,"SourceID":"145077496_34005836","WorkPlaceID":20747,"WorkPlace":null,"DriverManager":null,"ParameterID":null,"Parameter":null,"AdditionalInfo":null,"Status":1,"PerformetServiceCount":9,"ResearchResultCount":0,"ApproveResearchResultCount":0,"NotSaveResearchResultCount":0,"ParentID":null,"ScreeningCandidatePlanGuid":null,"ScreeningUrl":null,"TakePlace":null,"MaterialTypeID":null,"MaterialType":null,"PartCount":0,"IsOrderProductionControl":false,"Uid":"2914a2b7-56a8-4372-bf2d-a8a2de530b3f","OrderPerformerServices":[],"OrderResearchAllergens":[],"Results":[],"IsResumed":false,"ExecutionType":0,"ID":"67171771","StrID":"67171771"},"ParameterID":201234,"Parameter":{"ShortNameRU":"ферритин в сыворотке крови","ShortNameKZ":"қан сарысуындағы ферритин","ShortName":"ферритин в сыворотке крови","DataType":0,"DataTypeName":"Число","UnitTypeID":100035,"UnitType":null,"MedicalFormID":null,"MasterDataID":0,"MedicalForm":null,"NameWithDataType":"ферритин в сыворотке крови  (Число)","NameRU":"ферритин в сыворотке крови","NameKZ":"қан сарысуындағы ферритин","Name":"ферритин в сыворотке крови","PublicCode":"20123400","EndDate":null,"ID":"201234","StrID":"201234"},"ParameterValues":null,"ParameterValueID":null,"ParameterValue":null,"ResultText":"142.32000","ResultValue":"142.32000","ResultDate":"2026-09-03T11:00:00.8001259+05:00","PostID":"189416","Post":null,"ExecuteMethod":2,"SourceResultText":"142.32000","SourceResultValue":"142.32000","SourceResultExpression":null,"SourceUnitTypeID":100035,"SourceUnitType":{"OrderBy":36,"MasterDataID":null,"CDD_ID":null,"NameRU":"мкг/л","NameKZ":"мкг/л","Name":"мкг/л","PublicCode":"10003500","EndDate":null,"ID":"100035","StrID":"100035"},"MultiplierID":null,"IsApproved":false,"IsValidated":false,"StandardMatchType":0,"ApproveDate":null,"ApprovePostID":null,"ApprovePost":null,"OrderNum":1,"WorkPlaceID":20747,"OrderID":null,"BacteriologyResult":null,"AnalyzerId":38,"IsOrderProductionControl":false,"ID":"207483583","StrID":"207483583"}
03.09.2026 11:00:00	Information:	Result object to save: 
03.09.2026 11:00:00	Information:	{"OrderResearchID":67171766,"OrderResearch":null,"ParameterID":200852,"Parameter":{"ShortNameRU":"мочевина в сыворотке крови","ShortNameKZ":"қан сарысуындағы несепнәр","ShortName":"мочевина в сыворотке крови","DataType":0,"DataTypeName":"Число","UnitTypeID":100051,"UnitType":{"NameRU":"ммоль/л","NameKZ":"ммоль/л","Name":"ммоль/л","PublicCode":"10005100","OrderBy":52,"ID":100051,"StrID":"100051"},"MedicalFormID":null,"MedicalForm":null,"NameRU":"мочевина в сыворотке крови","NameKZ":"қан сарысуындағы несепнәр","Name":"мочевина в сыворотке крови","PublicCode":"20085200","OrderBy":null,"ID":200852,"StrID":"200852"},"ParameterValueID":null,"ParameterValue":null,"ResultText":"6.14","ResultValue":null,"ResultDate":"2026-09-03T11:00:00.3765638+05:00","PostID":0,"Post":null,"ExecuteMethod":2,"SourceResultText":"6.14","SourceResultValue":null,"SourceResultExpression":null,"SourceUnitTypeID":100051,"SourceUnitType":{"NameRU":"ммоль/л","NameKZ":"ммоль/л","Name":"ммоль/л","PublicCode":"10005100","OrderBy":52,"ID":100051,"StrID":"100051"},"IsApproved":false,"ApproveDate":null,"ApprovePostID":null,"ApprovePost":null,"OrderNum":1,"WorkPlaceID":20747,"DriverManagerID":150,"BacteriologyResult":null,"AnalyzerId":38,"IsOrderProductionControl":false,"ID":0,"StrID":"0"}
03.09.2026 11:00:00	Information:	Save string: 
03.09.2026 11:00:00	Information:	{"OrderResearchID":67171766,"OrderResearch":{"OrderID":31168661,"ServiceMoID":2164626,"ServiceMoMasterDataID":8269504,"ServiceMo":{"OrgHealthCareID":"45500000000000909","ServiceID":295,"NameRU":"Определение мочевины в сыворотке крови на анализаторе","NameKZ":"Қан сарысуындағы несепнәрді  талдауышта анықтау ","Name":"Определение мочевины в сыворотке крови на анализаторе","ShortNameRU":"Определение мочевины в сыворотке крови на анализаторе","ShortNameKZ":"Қан сарысуындағы несепнәрді  талдауышта анықтау ","ShortName":"Определение мочевины в сыворотке крови на анализаторе","FullName":"B03.386.002 - Определение мочевины в сыворотке крови на анализаторе","Code":"B03.386.002","ExternalCode":null,"ServiceClassID":5,"ServiceClass":{"ServiceTypeID":2,"OrderBy":5,"MasterDataID":5,"NameRU":"Клиническая химия (биохимия)","NameKZ":"Клиникалық химия (биохимия)","Name":"Клиническая химия (биохимия)","PublicCode":"500","EndDate":null,"ID":"5","StrID":"5"},"Service":{"NameRU":"Определение мочевины в сыворотке крови на анализаторе","NameKZ":"Қан сарысуындағы несепнәрді талдауышта анықтау","Name":"Определение мочевины в сыворотке крови на анализаторе","ShortNameRU":"Мочевина на анализаторе","ShortNameKZ":"Мочевина на анализаторе","ShortName":"Мочевина на анализаторе","FullName":"B03.386.002 - Определение мочевины в сыворотке крови на анализаторе","Code":"B03.386.002","ServiceClassID":5,"ServiceClass":null,"ServiceSubClassID":6,"ServiceSubClass":null,"MaterialTypeID":202,"MaterialType":null,"MasterDataID":3136,"ID":"295","StrID":"295"},"MasterDataID":8269504,"ServiceSubClassID":6,"PayType":1,"ServiceSubClass":null,"ID":"2164626","StrID":"2164626"},"FullName":"B03.386.002 - Определение мочевины в сыворотке крови на анализаторе  () ","IsMain":true,"SourceID":"145077496_34005829","WorkPlaceID":20747,"WorkPlace":null,"DriverManager":null,"ParameterID":null,"Parameter":null,"AdditionalInfo":null,"Status":1,"PerformetServiceCount":7,"ResearchResultCount":0,"ApproveResearchResultCount":0,"NotSaveResearchResultCount":0,"ParentID":null,"ScreeningCandidatePlanGuid":null,"ScreeningUrl":null,"TakePlace":null,"MaterialTypeID":null,"MaterialType":null,"PartCount":0,"IsOrderProductionControl":false,"Uid":"062c5615-b914-4b13-84a2-f0b2484dd0ef","OrderPerformerServices":[],"OrderResearchAllergens":[],"Results":[],"IsResumed":false,"ExecutionType":0,"ID":"67171766","StrID":"67171766"},"ParameterID":200852,"Parameter":{"ShortNameRU":"мочевина в сыворотке крови","ShortNameKZ":"қан сарысуындағы несепнәр","ShortName":"мочевина в сыворотке крови","DataType":0,"DataTypeName":"Число","UnitTypeID":100051,"UnitType":null,"MedicalFormID":null,"MasterDataID":0,"MedicalForm":null,"NameWithDataType":"мочевина в сыворотке крови  (Число)","NameRU":"мочевина в сыворотке крови","NameKZ":"қан сарысуындағы несепнәр","Name":"мочевина в сыворотке крови","PublicCode":"20085200","EndDate":null,"ID":"200852","StrID":"200852"},"ParameterValues":null,"ParameterValueID":null,"ParameterValue":null,"ResultText":"6.14","ResultValue":"6.14","ResultDate":"2026-09-03T11:00:00.8865613+05:00","PostID":"189416","Post":null,"ExecuteMethod":2,"SourceResultText":"6.14","SourceResultValue":"6.14","SourceResultExpression":null,"SourceUnitTypeID":100051,"SourceUnitType":{"OrderBy":52,"MasterDataID":null,"CDD_ID":null,"NameRU":"ммоль/л","NameKZ":"ммоль/л","Name":"ммоль/л","PublicCode":"10005100","EndDate":null,"ID":"100051","StrID":"100051"},"MultiplierID":null,"IsApproved":false,"IsValidated":false,"StandardMatchType":0,"ApproveDate":null,"ApprovePostID":null,"ApprovePost":null,"OrderNum":1,"WorkPlaceID":20747,"OrderID":null,"BacteriologyResult":null,"AnalyzerId":38,"IsOrderProductionControl":false,"ID":"207483584","StrID":"207483584"}
03.09.2026 11:00:00	Information:	Result object to save: 
03.09.2026 11:00:00	Information:	{"OrderResearchID":67171772,"OrderResearch":null,"ParameterID":200744,"Parameter":{"ShortNameRU":"креатинин в крови","ShortNameKZ":"қандағы креатинин","ShortName":"креатинин в крови","DataType":0,"DataTypeName":"Число","UnitTypeID":100041,"UnitType":{"NameRU":"мкмоль/л","NameKZ":"мкмоль/л","Name":"мкмоль/л","PublicCode":"10004100","OrderBy":42,"ID":100041,"StrID":"100041"},"MedicalFormID":null,"MedicalForm":null,"NameRU":"креатинин в крови","NameKZ":"қандағы креатинин","Name":"креатинин в крови","PublicCode":"20074400","OrderBy":null,"ID":200744,"StrID":"200744"},"ParameterValueID":null,"ParameterValue":null,"ResultText":"38.18","ResultValue":null,"ResultDate":"2026-09-03T11:00:00.3791952+05:00","PostID":0,"Post":null,"ExecuteMethod":2,"SourceResultText":"38.18","SourceResultValue":null,"SourceResultExpression":null,"SourceUnitTypeID":100041,"SourceUnitType":{"NameRU":"мкмоль/л","NameKZ":"мкмоль/л","Name":"мкмоль/л","PublicCode":"10004100","OrderBy":42,"ID":100041,"StrID":"100041"},"IsApproved":false,"ApproveDate":null,"ApprovePostID":null,"ApprovePost":null,"OrderNum":1,"WorkPlaceID":20747,"DriverManagerID":150,"BacteriologyResult":null,"AnalyzerId":38,"IsOrderProductionControl":false,"ID":0,"StrID":"0"}
03.09.2026 11:00:00	Information:	Save string: 
03.09.2026 11:00:00	Information:	{"OrderResearchID":67171772,"OrderResearch":{"OrderID":31168661,"ServiceMoID":2164651,"ServiceMoMasterDataID":8269505,"ServiceMo":{"OrgHealthCareID":"45500000000000909","ServiceID":296,"NameRU":"Определение креатинина в сыворотке крови на анализаторе","NameKZ":"Қан сарысуындағы  креатининді талдауышта анықтау ","Name":"Определение креатинина в сыворотке крови на анализаторе","ShortNameRU":"Определение креатинина в сыворотке крови на анализаторе","ShortNameKZ":"Қан сарысуындағы  креатининді талдауышта анықтау ","ShortName":"Определение креатинина в сыворотке крови на анализаторе","FullName":"B03.363.002 - Определение креатинина в сыворотке крови на анализаторе","Code":"B03.363.002","ExternalCode":null,"ServiceClassID":5,"ServiceClass":{"ServiceTypeID":2,"OrderBy":5,"MasterDataID":5,"NameRU":"Клиническая химия (биохимия)","NameKZ":"Клиникалық химия (биохимия)","Name":"Клиническая химия (биохимия)","PublicCode":"500","EndDate":null,"ID":"5","StrID":"5"},"Service":{"NameRU":"Определение креатинина в сыворотке крови на анализаторе","NameKZ":"Қан сарысуындағы креатининді талдауышта анықтау","Name":"Определение креатинина в сыворотке крови на анализаторе","ShortNameRU":"Креатинин на анализаторе","ShortNameKZ":"Креатинин на анализаторе","ShortName":"Креатинин на анализаторе","FullName":"B03.363.002 - Определение креатинина в сыворотке крови на анализаторе","Code":"B03.363.002","ServiceClassID":5,"ServiceClass":null,"ServiceSubClassID":6,"ServiceSubClass":null,"MaterialTypeID":202,"MaterialType":null,"MasterDataID":3137,"ID":"296","StrID":"296"},"MasterDataID":8269505,"ServiceSubClassID":6,"PayType":1,"ServiceSubClass":null,"ID":"2164651","StrID":"2164651"},"FullName":"B03.363.002 - Определение креатинина в сыворотке крови на анализаторе  () ","IsMain":true,"SourceID":"145077496_34005830","WorkPlaceID":20747,"WorkPlace":null,"DriverManager":null,"ParameterID":null,"Parameter":null,"AdditionalInfo":null,"Status":1,"PerformetServiceCount":7,"ResearchResultCount":0,"ApproveResearchResultCount":0,"NotSaveResearchResultCount":0,"ParentID":null,"ScreeningCandidatePlanGuid":null,"ScreeningUrl":null,"TakePlace":null,"MaterialTypeID":null,"MaterialType":null,"PartCount":0,"IsOrderProductionControl":false,"Uid":"f8e78be9-6c8f-4d8a-bc7b-183867d160d0","OrderPerformerServices":[],"OrderResearchAllergens":[],"Results":[],"IsResumed":false,"ExecutionType":0,"ID":"67171772","StrID":"67171772"},"ParameterID":200744,"Parameter":{"ShortNameRU":"креатинин в крови","ShortNameKZ":"қандағы креатинин","ShortName":"креатинин в крови","DataType":0,"DataTypeName":"Число","UnitTypeID":100041,"UnitType":null,"MedicalFormID":null,"MasterDataID":0,"MedicalForm":null,"NameWithDataType":"креатинин в крови  (Число)","NameRU":"креатинин в крови","NameKZ":"қандағы креатинин","Name":"креатинин в крови","PublicCode":"20074400","EndDate":null,"ID":"200744","StrID":"200744"},"ParameterValues":null,"ParameterValueID":null,"ParameterValue":null,"ResultText":"38.18","ResultValue":"38.18","ResultDate":"2026-09-03T11:00:01.0252723+05:00","PostID":"189416","Post":null,"ExecuteMethod":2,"SourceResultText":"38.18","SourceResultValue":"38.18","SourceResultExpression":null,"SourceUnitTypeID":100041,"SourceUnitType":{"OrderBy":42,"MasterDataID":null,"CDD_ID":null,"NameRU":"мкмоль/л","NameKZ":"мкмоль/л","Name":"мкмоль/л","PublicCode":"10004100","EndDate":null,"ID":"100041","StrID":"100041"},"MultiplierID":null,"IsApproved":false,"IsValidated":false,"StandardMatchType":0,"ApproveDate":null,"ApprovePostID":null,"ApprovePost":null,"OrderNum":1,"WorkPlaceID":20747,"OrderID":null,"BacteriologyResult":null,"AnalyzerId":38,"IsOrderProductionControl":false,"ID":"207483585","StrID":"207483585"}
03.09.2026 11:00:00	Information:	Result object to save: 
03.09.2026 11:00:00	Information:	{"OrderResearchID":67171773,"OrderResearch":null,"ParameterID":201150,"Parameter":{"ShortNameRU":"СРБ","ShortNameKZ":"СРА","ShortName":"СРБ","DataType":0,"DataTypeName":"Число","UnitTypeID":100026,"UnitType":{"NameRU":"мг/л","NameKZ":"мг/л","Name":"мг/л","PublicCode":"10002600","OrderBy":27,"ID":100026,"StrID":"100026"},"MedicalFormID":null,"MedicalForm":null,"NameRU":"СРБ","NameKZ":"СРА","Name":"СРБ","PublicCode":"20115000","OrderBy":null,"ID":201150,"StrID":"201150"},"ParameterValueID":null,"ParameterValue":null,"ResultText":"3.31","ResultValue":null,"ResultDate":"2026-09-03T11:00:00.382873+05:00","PostID":0,"Post":null,"ExecuteMethod":2,"SourceResultText":"3.31","SourceResultValue":null,"SourceResultExpression":null,"SourceUnitTypeID":100026,"SourceUnitType":{"NameRU":"мг/л","NameKZ":"мг/л","Name":"мг/л","PublicCode":"10002600","OrderBy":27,"ID":100026,"StrID":"100026"},"IsApproved":false,"ApproveDate":null,"ApprovePostID":null,"ApprovePost":null,"OrderNum":1,"WorkPlaceID":20747,"DriverManagerID":150,"BacteriologyResult":null,"AnalyzerId":38,"IsOrderProductionControl":false,"ID":0,"StrID":"0"}
03.09.2026 11:00:00	Information:	Save string: 
03.09.2026 11:00:00	Information:	{"OrderResearchID":67171773,"OrderResearch":{"OrderID":31168661,"ServiceMoID":2164726,"ServiceMoMasterDataID":8269508,"ServiceMo":{"OrgHealthCareID":"45500000000000909","ServiceID":299,"NameRU":"Определение «C» реактивного белка (СРБ) в сыворотке крови количественно","NameKZ":"Қан сарысуында \"C\" реактивті нәруызын сандық анықтау","Name":"Определение «C» реактивного белка (СРБ) в сыворотке крови количественно","ShortNameRU":"Определение «C» реактивного белка (СРБ) в сыворотке крови количественно","ShortNameKZ":"Қан сарысуында \"C\" реактивті нәруызын сандық анықтау","ShortName":"Определение «C» реактивного белка (СРБ) в сыворотке крови количественно","FullName":"B03.115.002 - Определение «C» реактивного белка (СРБ) в сыворотке крови количественно","Code":"B03.115.002","ExternalCode":null,"ServiceClassID":5,"ServiceClass":{"ServiceTypeID":2,"OrderBy":5,"MasterDataID":5,"NameRU":"Клиническая химия (биохимия)","NameKZ":"Клиникалық химия (биохимия)","Name":"Клиническая химия (биохимия)","PublicCode":"500","EndDate":null,"ID":"5","StrID":"5"},"Service":{"NameRU":"Определение «C» реактивного белка (СРБ) в сыворотке крови количественно","NameKZ":"Қан сарысуында \"C\" реактивті нәруызын сандық анықтау","Name":"Определение «C» реактивного белка (СРБ) в сыворотке крови количественно","ShortNameRU":"СРБ на анализаторе","ShortNameKZ":"СРБ на анализаторе","ShortName":"СРБ на анализаторе","FullName":"B03.115.002 - Определение «C» реактивного белка (СРБ) в сыворотке крови количественно","Code":"B03.115.002","ServiceClassID":5,"ServiceClass":null,"ServiceSubClassID":6,"ServiceSubClass":null,"MaterialTypeID":202,"MaterialType":null,"MasterDataID":3140,"ID":"299","StrID":"299"},"MasterDataID":8269508,"ServiceSubClassID":6,"PayType":1,"ServiceSubClass":null,"ID":"2164726","StrID":"2164726"},"FullName":"B03.115.002 - Определение «C» реактивного белка (СРБ) в сыворотке крови количественно  () ","IsMain":true,"SourceID":"145077496_34005838","WorkPlaceID":20747,"WorkPlace":null,"DriverManager":null,"ParameterID":null,"Parameter":null,"AdditionalInfo":null,"Status":1,"PerformetServiceCount":7,"ResearchResultCount":0,"ApproveResearchResultCount":0,"NotSaveResearchResultCount":0,"ParentID":null,"ScreeningCandidatePlanGuid":null,"ScreeningUrl":null,"TakePlace":null,"MaterialTypeID":null,"MaterialType":null,"PartCount":0,"IsOrderProductionControl":false,"Uid":"03e89dab-9f8f-4852-a92b-55dadf352733","OrderPerformerServices":[],"OrderResearchAllergens":[],"Results":[],"IsResumed":false,"ExecutionType":0,"ID":"67171773","StrID":"67171773"},"ParameterID":201150,"Parameter":{"ShortNameRU":"СРБ","ShortNameKZ":"СРА","ShortName":"СРБ","DataType":0,"DataTypeName":"Число","UnitTypeID":100026,"UnitType":null,"MedicalFormID":null,"MasterDataID":0,"MedicalForm":null,"NameWithDataType":"СРБ  (Число)","NameRU":"СРБ","NameKZ":"СРА","Name":"СРБ","PublicCode":"20115000","EndDate":null,"ID":"201150","StrID":"201150"},"ParameterValues":null,"ParameterValueID":null,"ParameterValue":null,"ResultText":"3.31","ResultValue":"3.31","ResultDate":"2026-09-03T11:00:01.2075031+05:00","PostID":"189416","Post":null,"ExecuteMethod":2,"SourceResultText":"3.31","SourceResultValue":"3.31","SourceResultExpression":null,"SourceUnitTypeID":100026,"SourceUnitType":{"OrderBy":27,"MasterDataID":null,"CDD_ID":null,"NameRU":"мг/л","NameKZ":"мг/л","Name":"мг/л","PublicCode":"10002600","EndDate":null,"ID":"100026","StrID":"100026"},"MultiplierID":null,"IsApproved":false,"IsValidated":false,"StandardMatchType":0,"ApproveDate":null,"ApprovePostID":null,"ApprovePost":null,"OrderNum":1,"WorkPlaceID":20747,"OrderID":null,"BacteriologyResult":null,"AnalyzerId":38,"IsOrderProductionControl":false,"ID":"207483587","StrID":"207483587"}
03.09.2026 11:00:00	Information:	No result for test 201087 for sample with barcode 51566762 for device 20747
03.09.2026 11:00:00	Information:	No result for test 200376 for sample with barcode 51566762 for device 20747
03.09.2026 11:00:00	Debug:	 SendResults SaveDeviceResults = 754 ms
03.09.2026 11:00:00	Debug:	 total for SendResults = 1010 ms
03.09.2026 11:00:21	Information:	url https://lab-vko.dmed.kz/ /api/DriverManager/PingDevice
03.09.2026 11:00:21	Information:	{
"Hash": "w9LjvpRCyoByGV3Lzv0iX9dSI0tLK0uV+pRojL1kufc=",
"Status": 0
}


03.09.2026 11:00:21	Information:	Ping ret is {"Status":0,"Comment":null}
03.09.2026 11:01:42	Information:	Received bytes(encoded):MSH|^~\&|||||20260903110042||ORU^R01|174|P|2.3.1||||0||ASCII|||PID|98|||||||O|||||||||||||||||||||||OBR|98|51566760|8|^|N|20260903094948|20260903094912|20260903094912||1^6||||20260903094912|?????|||||||||||||||||||||||||||||||||OBX|1|NM|T-Bil-V|Bilirubin Total (VOX Method)|3.097382|?mol/L|-|N|||F||3.097382|20260903105958|||0||OBX|2|NM|D-Bil-V|Bilirubin Direct (VOX Method)|0.891781|?mol/L|-|N|||F||0.891781|20260903110013|||0|<|OBX|3|NM|ALT|Alanine Aminotransferase|6.755776|U/L|-|N|||F||6.755776|20260903105827|||0|RGTE|OBX|4|NM|AST|Aspartate Aminotransferase|25.610046|U/L|-|N|||F||25.610046|20260903105842|||0||OBX|5|NM|CRP|C-Reactive Protein|8.456559|mg/L|-|N|||F||8.456559|20260903110042|||0||OBX|6|NM|TP|Total Protein|73.456670|g/L|-|N|||F||73.456670|20260903110013|||0||OBX|7|NM|CREA-S|Creatinine (Sarcosine Oxidase Method)|30.732838|?mol/L|-|N|||F||30.732838|20260903110012|||0||OBX|8|NM|UREA|Urea|2.609388|mmol/L|-|N|||F||2.609388|20260903105857|||0||OBX|9|NM||Albumin|41.640432|g/L|-|N|||F||41.640432
03.09.2026 11:01:42	Information:	Add Frame:
03.09.2026 11:01:42	Information:	MSH|^~\&|||||20260903110042||ORU^R01|174|P|2.3.1||||0||ASCII|||
03.09.2026 11:01:42	Information:	In Header
03.09.2026 11:01:42	Information:	MessageType: ORU
03.09.2026 11:01:42	Information:	After message type
03.09.2026 11:01:42	Information:	After ask
03.09.2026 11:01:42	Information:	After version
03.09.2026 11:01:42	Information:	Add Frame:
03.09.2026 11:01:42	Information:	PID|98|||||||O|||||||||||||||||||||||
03.09.2026 11:01:42	Information:	Add Frame:
03.09.2026 11:01:42	Information:	OBR|98|51566760|8|^|N|20260903094948|20260903094912|20260903094912||1^6||||20260903094912|?????|||||||||||||||||||||||||||||||||
03.09.2026 11:01:42	Information:	Add Frame:
03.09.2026 11:01:42	Information:	OBX|1|NM|T-Bil-V|Bilirubin Total (VOX Method)|3.097382|?mol/L|-|N|||F||3.097382|20260903105958|||0||
03.09.2026 11:01:42	Information:	Add Frame:
03.09.2026 11:01:42	Information:	OBX|2|NM|D-Bil-V|Bilirubin Direct (VOX Method)|0.891781|?mol/L|-|N|||F||0.891781|20260903110013|||0|<|
03.09.2026 11:01:42	Information:	Add Frame:
03.09.2026 11:01:42	Information:	OBX|3|NM|ALT|Alanine Aminotransferase|6.755776|U/L|-|N|||F||6.755776|20260903105827|||0|RGTE|
03.09.2026 11:01:42	Information:	Add Frame:
03.09.2026 11:01:42	Information:	OBX|4|NM|AST|Aspartate Aminotransferase|25.610046|U/L|-|N|||F||25.610046|20260903105842|||0||
03.09.2026 11:01:42	Information:	Add Frame:
03.09.2026 11:01:42	Information:	OBX|5|NM|CRP|C-Reactive Protein|8.456559|mg/L|-|N|||F||8.456559|20260903110042|||0||
03.09.2026 11:01:42	Information:	Add Frame:
03.09.2026 11:01:42	Information:	OBX|6|NM|TP|Total Protein|73.456670|g/L|-|N|||F||73.456670|20260903110013|||0||
03.09.2026 11:01:42	Information:	Add Frame:
03.09.2026 11:01:42	Information:	OBX|7|NM|CREA-S|Creatinine (Sarcosine Oxidase Method)|30.732838|?mol/L|-|N|||F||30.732838|20260903110012|||0||
03.09.2026 11:01:42	Information:	Add Frame:
03.09.2026 11:01:42	Information:	OBX|8|NM|UREA|Urea|2.609388|mmol/L|-|N|||F||2.609388|20260903105857|||0||
03.09.2026 11:01:42	Information:	Received bytes(encoded):|20260903105612|||0|RGTE|OBX|10|NM||AST/ALT|3.764706||-|N|||F||3.764706||||||
03.09.2026 11:01:42	Information:	Add Frame:
03.09.2026 11:01:42	Information:	OBX|9|NM||Albumin|41.640432|g/L|-|N|||F||41.640432|20260903105612|||0|RGTE|
03.09.2026 11:01:42	Information:	Add Frame:
03.09.2026 11:01:42	Information:	OBX|10|NM||AST/ALT|3.764706||-|N|||F||3.764706||||||
03.09.2026 11:01:42	Information:	Add Frame:
03.09.2026 11:01:42	Information:	
03.09.2026 11:01:42	Debug:	read message: 3ms
03.09.2026 11:01:42	Information:	The answer message is created successfully
03.09.2026 11:01:42	Information:	Sending answer...
03.09.2026 11:01:42	Information:	We are in ORU Message
03.09.2026 11:01:42	Information:	MSH MSH|^~\&|||||20260903110042||ORU^R01|174|P|2.3.1||||0||ASCII||||
03.09.2026 11:01:42	Information:	PID PID|98|||||||O||||||||||||||||||||||||
03.09.2026 11:01:42	Information:	PatientRecord in message is successfully  processed
03.09.2026 11:01:42	Information:	The patient order is successfully processed
03.09.2026 11:01:42	Information:	The order record is successfully processed
03.09.2026 11:01:42	Information:	The order record is successfully processed
03.09.2026 11:01:42	Information:	The order record is successfully processed
03.09.2026 11:01:42	Information:	The order record is successfully processed
03.09.2026 11:01:42	Information:	The order record is successfully processed
03.09.2026 11:01:42	Information:	The order record is successfully processed
03.09.2026 11:01:42	Information:	The order record is successfully processed
03.09.2026 11:01:42	Information:	The order record is successfully processed
03.09.2026 11:01:42	Information:	The order record is successfully processed
03.09.2026 11:01:42	Information:	The order record is successfully processed
03.09.2026 11:01:42	Information:	The ORU message is successfully processed
03.09.2026 11:01:42	Debug:	Process message: 7ms
03.09.2026 11:01:42	Debug:	Total time : 11ms
03.09.2026 11:01:43	Debug:	SendResults:	check DriverRequests=	0	ms
03.09.2026 11:01:43	Information:	ByBarcode 51566760
03.09.2026 11:01:43	Information:	Sended bytes:  11 77 83 72 124 94 126 92 38 124 77 105 110 100 114 97 121 124 124 124 124 50 48 50 54 48 57 48 51 49 49 48 49 52 50 124 124 65 67 75 94 82 48 49 124 49 55 52 124 80 124 50 46 51 46 49 124 124 124 124 48 124 124 117 115 45 97 115 99 105 105 124 124 124 13 77 83 65 124 65 65 124 49 55 52 124 77 101 115 115 97 103 101 32 97 99 99 101 112 116 101 100 124 124 124 48 124 13 28 13
03.09.2026 11:01:43	Information:	Sended string MSH|^~\&|Mindray||||20260903110142||ACK^R01|174|P|2.3.1||||0||us-ascii|||MSA|AA|174|Message accepted|||0|
03.09.2026 11:01:43	Information:	GetLinesByBarcodes
03.09.2026 11:01:43	Information:	{
"WorkPlaceID": 20747,
"BeginDate": "2026-06-04",
"EndDate": "2026-09-04",
"OrderNumber": "51566760",
"Offset": 0,
"Limit": 1
}


03.09.2026 11:01:43	Information:	GetByBarcodeReturn: 
03.09.2026 11:01:43	Information:	{"Data":[{"ID":31168662,"StrID":"31168662","OrderNumber":"51566760","OrderRegDate":"2026-09-03T04:57:18.313","PlanExecutionDate":"2026-09-03T04:56:00","SenderMoID":45500000000000909,"SenderMo":{"NameRU":"Некоммерческое акционерное общество \"Медицинский университет Семей\"","NameKZ":"\"Семей медицина университеті\" коммерциялық емес акционерлік қоғамы","Name":"Некоммерческое акционерное общество \"Медицинский университет Семей\"","ShortNameRU":"НАО \"МУС\"","ShortNameKZ":"\"СМУ\" КеАҚ","ShortName":"НАО \"МУС\"","PublicCode":"237J","AddressRU":"ВКО, г. Семей, ул. Абая Кунанбаева 103","AddressKZ":"ВКО, г. Семей, ул. Абая Кунанбаева 103","Address":"ВКО, г. Семей, ул. Абая Кунанбаева 103","OriginalID":"45500000000000909","IsWork":true,"RegionID":20,"BIN":"190240004938","MasterDataID":4911,"PhonesData":{"OrgHealthCarePhones":[]},"IsPostmortem":false,"IsHospital":true,"Code":null,"ID":"45500000000000909","StrID":"45500000000000909"},"ReceiverMoID":45500000000000909,"ReceiverMo":null,"PatientDetailID":41088402,"PatientDetail":{"PersonID":"2327544","Person":{"IIN":"220503651390","LastName":"СЕРІК","FirstName":"АЙСӘУЛЕ","SecondName":"БЕИМБЕТҚЫЗЫ","FullName":"СЕРІК АЙСӘУЛЕ БЕИМБЕТҚЫЗЫ","FullNameIOF":"АЙСӘУЛЕ БЕИМБЕТҚЫЗЫ СЕРІК","DisplayText":"220503651390 АЙСӘУЛЕ БЕИМБЕТҚЫЗЫ СЕРІК 03.05.2022","IinFullName":"220503651390 - СЕРІК АЙСӘУЛЕ БЕИМБЕТҚЫЗЫ","BirthDate":"2022-05-03T00:00:00","BirthDateStr":"03.05.2022","DeathDate":null,"DeathDateStr":"","BioSexID":2,"BioSex":null,"NationalityID":null,"Nationality":null,"CitizenshipID":null,"Citizenship":null,"MasterDataID":145214578,"RpnID":"15300000050842253","KmisID":"60300000001829110","Type":1,"Age":0,"IsStillborn":false,"IsEarlyNeonatalDeathUp28days":false,"IsDeadPerson":false,"ID":"2327544","StrID":"2327544"},"AddressRU":"ГОРОД РЕСП.ЗНАЧ.: Алматы , РАЙОН ВНУТРИ ГОРОДА: Алатауский , МИКРОРАЙОН: Зерделы, ДОМ: 135/1 ","AddressKZ":"РЕСП. МАҢЫЗЫ БАР ҚАЛАСЫ: Алматы , ҚАЛА IШIНДЕГI АУДАНЫ: Алатауский , Зерделі шағын ауданы, ҮЙ: 135/1 ","Address":"ГОРОД РЕСП.ЗНАЧ.: Алматы , РАЙОН ВНУТРИ ГОРОДА: Алатауский , МИКРОРАЙОН: Зерделы, ДОМ: 135/1 ","MasterDataAddressID":1885272,"WorkPlace":"Без образования","WorkPosition":null,"DocumentNumber":"8277829","DocumentTypeID":null,"DocumentType":null,"NationalityID":null,"DocumentTypeName":null,"Phones":"+7 (707) 376-02-10","ExternalCardID":"5975365","CardType":1,"CardNumber":"67639","CitizenshipCategoryID":1,"CitizenshipCategory":null,"ResidenceTypeID":3,"ResidenceType":null,"MotherPersonID":null,"MotherPerson":null,"IsForeigner":false,"IsHomeless":false,"IsDeadPerson":false,"IsResident":true,"ID":"41088402","StrID":"41088402"},"Person":{"IIN":"220503651390","LastName":"СЕРІК","FirstName":"АЙСӘУЛЕ","SecondName":"БЕИМБЕТҚЫЗЫ","FullName":"СЕРІК АЙСӘУЛЕ БЕИМБЕТҚЫЗЫ","FullNameIOF":"АЙСӘУЛЕ БЕИМБЕТҚЫЗЫ СЕРІК","DisplayText":"220503651390 АЙСӘУЛЕ БЕИМБЕТҚЫЗЫ СЕРІК 03.05.2022","IinFullName":"220503651390 - СЕРІК АЙСӘУЛЕ БЕИМБЕТҚЫЗЫ","BirthDate":"2022-05-03T00:00:00","BirthDateStr":"03.05.2022","DeathDate":null,"DeathDateStr":"","BioSexID":2,"BioSex":null,"NationalityID":null,"Nationality":null,"CitizenshipID":null,"Citizenship":null,"MasterDataID":145214578,"RpnID":"15300000050842253","KmisID":"60300000001829110","Type":1,"Age":0,"IsStillborn":false,"IsEarlyNeonatalDeathUp28days":false,"IsDeadPerson":false,"ID":"2327544","StrID":"2327544"},"IsCito":false,"ExternalSystem":1,"OrderResultFileID":null,"OrderResultFileStorageID":null,"OrderResultDate":null,"Status":1,"DeleteDate":null,"ResultNotes":null,"Comment":"","ExternalOrderNumber":"51566760","ExaminationTypeID":null,"ExaminationType":null,"ExaminationIndicationID":null,"ExaminationIndication":null,"Uid":"6A34E9F8-3FC6-49BC-B435-9FD0DD825D6E","SenderPostFullName":"САКЕНОВА ДАНА МУРАТКАНОВНА","SenderFuncStructureNameRU":"Отделение педиатрии","SenderFuncStructureNameKZ":"Педиатр бөлімі","IsSamplingOfMaterialsAtReceiver":false,"MisID":42194725,"Materials":[{"OrderID":31168662,"Uid":"74beb0e7-2560-4766-8332-6bacdbb275c6","MaterialNumber":"51566760","MaterialTypeID":363,"MaterialType":{"OrderBy":0,"ParentID":202,"HasChildren":false,"MasterDataID":489,"Parent":null,"NameRU":"Кровь венозная","NameKZ":"Кровь венозная","Name":"Кровь венозная","PublicCode":"36300","EndDate":null,"ID":"363","StrID":"363"},"TakeDate":"2026-09-03T04:57:00","TakeDateStr":"03.09.2026 04:57","TakePlace":"педиатрия","RejectionReason":null,"RejectionTakenMeasures":null,"ReceiptDate":null,"ReceiptDateStr":null,"RejectionCreatePostID":null,"RejectionCreatePost":null,"SampleCollectorPostIIN":"680615401246","SampleCollectorPostID":null,"Researches":[],"RejectedMaterialImageID":null,"File":null,"ID":"31455581","StrID":"31455581"}],"Researches":[]}],"Total":1}
03.09.2026 11:01:43	Information:	OrderedWW 51566760 Biomat 0 Device 20747
03.09.2026 11:01:43	Information:	ResearchResult
03.09.2026 11:01:43	Information:	{
"OrderID": "31168662",
"WorkPlaceID": 20747
}


03.09.2026 11:01:43	Information:	[{"OrderResearchID":67171776,"OrderResearch":null,"ParameterID":200918,"Parameter":{"ShortNameRU":"общий белок в сыворотке крови","ShortNameKZ":"қан сарысуындағы жалпы ақуыз","ShortName":"общий белок в сыворотке крови","DataType":0,"DataTypeName":"Число","UnitTypeID":100012,"UnitType":{"OrderBy":13,"MasterDataID":null,"CDD_ID":null,"NameRU":"г/л","NameKZ":"г/л","Name":"г/л","PublicCode":"10001200","EndDate":null,"ID":"100012","StrID":"100012"},"MedicalFormID":null,"MasterDataID":0,"MedicalForm":null,"NameWithDataType":"общий белок в сыворотке крови  (Число)","NameRU":"общий белок в сыворотке крови","NameKZ":"қан сарысуындағы жалпы ақуыз","Name":"общий белок в сыворотке крови","PublicCode":"20091800","EndDate":null,"ID":"200918","StrID":"200918"},"ParameterValues":null,"ParameterValueID":null,"ParameterValue":null,"ResultText":null,"ResultValue":null,"ResultDate":"2026-09-03T11:01:43.7540503+05:00","PostID":"0","Post":null,"ExecuteMethod":2,"SourceResultText":null,"SourceResultValue":null,"SourceResultExpression":null,"SourceUnitTypeID":100012,"SourceUnitType":{"OrderBy":13,"MasterDataID":null,"CDD_ID":null,"NameRU":"г/л","NameKZ":"г/л","Name":"г/л","PublicCode":"10001200","EndDate":null,"ID":"100012","StrID":"100012"},"MultiplierID":null,"IsApproved":false,"IsValidated":false,"StandardMatchType":0,"ApproveDate":null,"ApprovePostID":null,"ApprovePost":null,"OrderNum":1,"WorkPlaceID":20747,"OrderID":null,"BacteriologyResult":null,"AnalyzerId":null,"IsOrderProductionControl":false,"ID":"0","StrID":"0"},{"OrderResearchID":67171780,"OrderResearch":null,"ParameterID":201354,"Parameter":{"ShortNameRU":"альбумин  в сыворотке крови (анализатор)","ShortNameKZ":"қан сарысуындағы альбумин (анализатор)","ShortName":"альбумин  в сыворотке крови (анализатор)","DataType":0,"DataTypeName":"Число","UnitTypeID":100012,"UnitType":{"OrderBy":13,"MasterDataID":null,"CDD_ID":null,"NameRU":"г/л","NameKZ":"г/л","Name":"г/л","PublicCode":"10001200","EndDate":null,"ID":"100012","StrID":"100012"},"MedicalFormID":null,"MasterDataID":0,"MedicalForm":null,"NameWithDataType":"альбумин  в сыворотке крови (анализатор)  (Число)","NameRU":"альбумин  в сыворотке крови (анализатор)","NameKZ":"қан сарысуындағы альбумин (анализатор)","Name":"альбумин  в сыворотке крови (анализатор)","PublicCode":"20135400","EndDate":null,"ID":"201354","StrID":"201354"},"ParameterValues":null,"ParameterValueID":null,"ParameterValue":null,"ResultText":null,"ResultValue":null,"ResultDate":"2026-09-03T11:01:43.7540503+05:00","PostID":"0","Post":null,"ExecuteMethod":2,"SourceResultText":null,"SourceResultValue":null,"SourceResultExpression":null,"SourceUnitTypeID":100012,"SourceUnitType":{"OrderBy":13,"MasterDataID":null,"CDD_ID":null,"NameRU":"г/л","NameKZ":"г/л","Name":"г/л","PublicCode":"10001200","EndDate":null,"ID":"100012","StrID":"100012"},"MultiplierID":null,"IsApproved":false,"IsValidated":false,"StandardMatchType":0,"ApproveDate":null,"ApprovePostID":null,"ApprovePost":null,"OrderNum":1,"WorkPlaceID":20747,"OrderID":null,"BacteriologyResult":null,"AnalyzerId":null,"IsOrderProductionControl":false,"ID":"0","StrID":"0"},{"OrderResearchID":67171777,"OrderResearch":null,"ParameterID":200357,"Parameter":{"ShortNameRU":"АЛаТ","ShortNameKZ":"АЛаТ","ShortName":"АЛаТ","DataType":0,"DataTypeName":"Число","UnitTypeID":100030,"UnitType":{"OrderBy":31,"MasterDataID":null,"CDD_ID":null,"NameRU":"МЕ/л","NameKZ":"ХБ/л","Name":"МЕ/л","PublicCode":"10003000","EndDate":null,"ID":"100030","StrID":"100030"},"MedicalFormID":null,"MasterDataID":0,"MedicalForm":null,"NameWithDataType":"АЛаТ  (Число)","NameRU":"АЛаТ","NameKZ":"АЛаТ","Name":"АЛаТ","PublicCode":"20035700","EndDate":null,"ID":"200357","StrID":"200357"},"ParameterValues":null,"ParameterValueID":null,"ParameterValue":null,"ResultText":null,"ResultValue":null,"ResultDate":"2026-09-03T11:01:43.7540503+05:00","PostID":"0","Post":null,"ExecuteMethod":2,"SourceResultText":null,"SourceResultValue":null,"SourceResultExpression":null,"SourceUnitTypeID":100030,"SourceUnitType":{"OrderBy":31,"MasterDataID":null,"CDD_ID":null,"NameRU":"МЕ/л","NameKZ":"ХБ/л","Name":"МЕ/л","PublicCode":"10003000","EndDate":null,"ID":"100030","StrID":"100030"},"MultiplierID":null,"IsApproved":false,"IsValidated":false,"StandardMatchType":0,"ApproveDate":null,"ApprovePostID":null,"ApprovePost":null,"OrderNum":1,"WorkPlaceID":20747,"OrderID":null,"BacteriologyResult":null,"AnalyzerId":null,"IsOrderProductionControl":false,"ID":"0","StrID":"0"},{"OrderResearchID":67171778,"OrderResearch":null,"ParameterID":201032,"Parameter":{"ShortNameRU":"прямой билирубин в сыворотке крови","ShortNameKZ":"қан сарысуындағы тікелей билирубин","ShortName":"прямой билирубин в сыворотке крови","DataType":0,"DataTypeName":"Число","UnitTypeID":100041,"UnitType":{"OrderBy":42,"MasterDataID":null,"CDD_ID":null,"NameRU":"мкмоль/л","NameKZ":"мкмоль/л","Name":"мкмоль/л","PublicCode":"10004100","EndDate":null,"ID":"100041","StrID":"100041"},"MedicalFormID":null,"MasterDataID":0,"MedicalForm":null,"NameWithDataType":"прямой билирубин в сыворотке крови  (Число)","NameRU":"прямой билирубин в сыворотке крови","NameKZ":"қан сарысуындағы тікелей билирубин","Name":"прямой билирубин в сыворотке крови","PublicCode":"20103200","EndDate":null,"ID":"201032","StrID":"201032"},"ParameterValues":null,"ParameterValueID":null,"ParameterValue":null,"ResultText":null,"ResultValue":null,"ResultDate":"2026-09-03T11:01:43.7705034+05:00","PostID":"0","Post":null,"ExecuteMethod":2,"SourceResultText":null,"SourceResultValue":null,"SourceResultExpression":null,"SourceUnitTypeID":100041,"SourceUnitType":{"OrderBy":42,"MasterDataID":null,"CDD_ID":null,"NameRU":"мкмоль/л","NameKZ":"мкмоль/л","Name":"мкмоль/л","PublicCode":"10004100","EndDate":null,"ID":"100041","StrID":"100041"},"MultiplierID":null,"IsApproved":false,"IsValidated":false,"StandardMatchType":0,"ApproveDate":null,"ApprovePostID":null,"ApprovePost":null,"OrderNum":1,"WorkPlaceID":20747,"OrderID":null,"BacteriologyResult":null,"AnalyzerId":null,"IsOrderProductionControl":false,"ID":"0","StrID":"0"},{"OrderResearchID":67171779,"OrderResearch":null,"ParameterID":200919,"Parameter":{"ShortNameRU":"общий билирубин в сыворотке крови","ShortNameKZ":"қан сарысуындағы жалпы билирубин","ShortName":"общий билирубин в сыворотке крови","DataType":0,"DataTypeName":"Число","UnitTypeID":100041,"UnitType":{"OrderBy":42,"MasterDataID":null,"CDD_ID":null,"NameRU":"мкмоль/л","NameKZ":"мкмоль/л","Name":"мкмоль/л","PublicCode":"10004100","EndDate":null,"ID":"100041","StrID":"100041"},"MedicalFormID":null,"MasterDataID":0,"MedicalForm":null,"NameWithDataType":"общий билирубин в сыворотке крови  (Число)","NameRU":"общий билирубин в сыворотке крови","NameKZ":"қан сарысуындағы жалпы билирубин","Name":"общий билирубин в сыворотке крови","PublicCode":"20091900","EndDate":null,"ID":"200919","StrID":"200919"},"ParameterValues":null,"ParameterValueID":null,"ParameterValue":null,"ResultText":null,"ResultValue":null,"ResultDate":"2026-09-03T11:01:43.7705034+05:00","PostID":"0","Post":null,"ExecuteMethod":2,"SourceResultText":null,"SourceResultValue":null,"SourceResultExpression":null,"SourceUnitTypeID":100041,"SourceUnitType":{"OrderBy":42,"MasterDataID":null,"CDD_ID":null,"NameRU":"мкмоль/л","NameKZ":"мкмоль/л","Name":"мкмоль/л","PublicCode":"10004100","EndDate":null,"ID":"100041","StrID":"100041"},"MultiplierID":null,"IsApproved":false,"IsValidated":false,"StandardMatchType":0,"ApproveDate":null,"ApprovePostID":null,"ApprovePost":null,"OrderNum":1,"WorkPlaceID":20747,"OrderID":null,"BacteriologyResult":null,"AnalyzerId":null,"IsOrderProductionControl":false,"ID":"0","StrID":"0"},{"OrderResearchID":67171781,"OrderResearch":null,"ParameterID":200408,"Parameter":{"ShortNameRU":"АСаТ","ShortNameKZ":"АСаТ","ShortName":"АСаТ","DataType":0,"DataTypeName":"Число","UnitTypeID":100030,"UnitType":{"OrderBy":31,"MasterDataID":null,"CDD_ID":null,"NameRU":"МЕ/л","NameKZ":"ХБ/л","Name":"МЕ/л","PublicCode":"10003000","EndDate":null,"ID":"100030","StrID":"100030"},"MedicalFormID":null,"MasterDataID":0,"MedicalForm":null,"NameWithDataType":"АСаТ  (Число)","NameRU":"АСаТ","NameKZ":"АСаТ","Name":"АСаТ","PublicCode":"20040800","EndDate":null,"ID":"200408","StrID":"200408"},"ParameterValues":null,"ParameterValueID":null,"ParameterValue":null,"ResultText":null,"ResultValue":null,"ResultDate":"2026-09-03T11:01:43.7705034+05:00","PostID":"0","Post":null,"ExecuteMethod":2,"SourceResultText":null,"SourceResultValue":null,"SourceResultExpression":null,"SourceUnitTypeID":100030,"SourceUnitType":{"OrderBy":31,"MasterDataID":null,"CDD_ID":null,"NameRU":"МЕ/л","NameKZ":"ХБ/л","Name":"МЕ/л","PublicCode":"10003000","EndDate":null,"ID":"100030","StrID":"100030"},"MultiplierID":null,"IsApproved":false,"IsValidated":false,"StandardMatchType":0,"ApproveDate":null,"ApprovePostID":null,"ApprovePost":null,"OrderNum":1,"WorkPlaceID":20747,"OrderID":null,"BacteriologyResult":null,"AnalyzerId":null,"IsOrderProductionControl":false,"ID":"0","StrID":"0"},{"OrderResearchID":67171782,"OrderResearch":null,"ParameterID":200852,"Parameter":{"ShortNameRU":"мочевина в сыворотке крови","ShortNameKZ":"қан сарысуындағы несепнәр","ShortName":"мочевина в сыворотке крови","DataType":0,"DataTypeName":"Число","UnitTypeID":100051,"UnitType":{"OrderBy":52,"MasterDataID":null,"CDD_ID":null,"NameRU":"ммоль/л","NameKZ":"ммоль/л","Name":"ммоль/л","PublicCode":"10005100","EndDate":null,"ID":"100051","StrID":"100051"},"MedicalFormID":null,"MasterDataID":0,"MedicalForm":null,"NameWithDataType":"мочевина в сыворотке крови  (Число)","NameRU":"мочевина в сыворотке крови","NameKZ":"қан сарысуындағы несепнәр","Name":"мочевина в сыворотке крови","PublicCode":"20085200","EndDate":null,"ID":"200852","StrID":"200852"},"ParameterValues":null,"ParameterValueID":null,"ParameterValue":null,"ResultText":null,"ResultValue":null,"ResultDate":"2026-09-03T11:01:43.7705034+05:00","PostID":"0","Post":null,"ExecuteMethod":2,"SourceResultText":null,"SourceResultValue":null,"SourceResultExpression":null,"SourceUnitTypeID":100051,"SourceUnitType":{"OrderBy":52,"MasterDataID":null,"CDD_ID":null,"NameRU":"ммоль/л","NameKZ":"ммоль/л","Name":"ммоль/л","PublicCode":"10005100","EndDate":null,"ID":"100051","StrID":"100051"},"MultiplierID":null,"IsApproved":false,"IsValidated":false,"StandardMatchType":0,"ApproveDate":null,"ApprovePostID":null,"ApprovePost":null,"OrderNum":1,"WorkPlaceID":20747,"OrderID":null,"BacteriologyResult":null,"AnalyzerId":null,"IsOrderProductionControl":false,"ID":"0","StrID":"0"},{"OrderResearchID":67171783,"OrderResearch":null,"ParameterID":200744,"Parameter":{"ShortNameRU":"креатинин в крови","ShortNameKZ":"қандағы креатинин","ShortName":"креатинин в крови","DataType":0,"DataTypeName":"Число","UnitTypeID":100041,"UnitType":{"OrderBy":42,"MasterDataID":null,"CDD_ID":null,"NameRU":"мкмоль/л","NameKZ":"мкмоль/л","Name":"мкмоль/л","PublicCode":"10004100","EndDate":null,"ID":"100041","StrID":"100041"},"MedicalFormID":null,"MasterDataID":0,"MedicalForm":null,"NameWithDataType":"креатинин в крови  (Число)","NameRU":"креатинин в крови","NameKZ":"қандағы креатинин","Name":"креатинин в крови","PublicCode":"20074400","EndDate":null,"ID":"200744","StrID":"200744"},"ParameterValues":null,"ParameterValueID":null,"ParameterValue":null,"ResultText":null,"ResultValue":null,"ResultDate":"2026-09-03T11:01:43.7705034+05:00","PostID":"0","Post":null,"ExecuteMethod":2,"SourceResultText":null,"SourceResultValue":null,"SourceResultExpression":null,"SourceUnitTypeID":100041,"SourceUnitType":{"OrderBy":42,"MasterDataID":null,"CDD_ID":null,"NameRU":"мкмоль/л","NameKZ":"мкмоль/л","Name":"мкмоль/л","PublicCode":"10004100","EndDate":null,"ID":"100041","StrID":"100041"},"MultiplierID":null,"IsApproved":false,"IsValidated":false,"StandardMatchType":0,"ApproveDate":null,"ApprovePostID":null,"ApprovePost":null,"OrderNum":1,"WorkPlaceID":20747,"OrderID":null,"BacteriologyResult":null,"AnalyzerId":null,"IsOrderProductionControl":false,"ID":"0","StrID":"0"},{"OrderResearchID":67171784,"OrderResearch":null,"ParameterID":201150,"Parameter":{"ShortNameRU":"СРБ","ShortNameKZ":"СРА","ShortName":"СРБ","DataType":0,"DataTypeName":"Число","UnitTypeID":100026,"UnitType":{"OrderBy":27,"MasterDataID":null,"CDD_ID":null,"NameRU":"мг/л","NameKZ":"мг/л","Name":"мг/л","PublicCode":"10002600","EndDate":null,"ID":"100026","StrID":"100026"},"MedicalFormID":null,"MasterDataID":0,"MedicalForm":null,"NameWithDataType":"СРБ  (Число)","NameRU":"СРБ","NameKZ":"СРА","Name":"СРБ","PublicCode":"20115000","EndDate":null,"ID":"201150","StrID":"201150"},"ParameterValues":null,"ParameterValueID":null,"ParameterValue":null,"ResultText":null,"ResultValue":null,"ResultDate":"2026-09-03T11:01:43.7705034+05:00","PostID":"0","Post":null,"ExecuteMethod":2,"SourceResultText":null,"SourceResultValue":null,"SourceResultExpression":null,"SourceUnitTypeID":100026,"SourceUnitType":{"OrderBy":27,"MasterDataID":null,"CDD_ID":null,"NameRU":"мг/л","NameKZ":"мг/л","Name":"мг/л","PublicCode":"10002600","EndDate":null,"ID":"100026","StrID":"100026"},"MultiplierID":null,"IsApproved":false,"IsValidated":false,"StandardMatchType":0,"ApproveDate":null,"ApprovePostID":null,"ApprovePost":null,"OrderNum":1,"WorkPlaceID":20747,"OrderID":null,"BacteriologyResult":null,"AnalyzerId":null,"IsOrderProductionControl":false,"ID":"0","StrID":"0"}]
03.09.2026 11:01:43	Information:	TestsWW spec 200918, spec 201354, spec 200357, spec 201032, spec 200919, spec 200408, spec 200852, spec 200744, spec 201150, 
03.09.2026 11:01:43	Information:	Querry lines count: 1
03.09.2026 11:01:43	Debug:	SendResults:	fix DriverRequests=	240	ms
03.09.2026 11:01:43	Information:	SAMPLE! 51566760 DeviceDriverResult Sample: 51566760 Suggest: . Do Request True
03.09.2026 11:01:43	Information:	Sample request count: 1
03.09.2026 11:01:43	Information:	MU is ?mol/L
03.09.2026 11:01:43	Information:	Driver Collations count 0
03.09.2026 11:01:43	Information:	MU collations count=0
03.09.2026 11:01:43	Information:	MU is ?mol/L
03.09.2026 11:01:43	Information:	Driver Collations count 0
03.09.2026 11:01:43	Information:	MU collations count=0
03.09.2026 11:01:43	Information:	MU is U/L
03.09.2026 11:01:43	Information:	Driver Collations count 0
03.09.2026 11:01:43	Information:	MU collations count=0
03.09.2026 11:01:43	Information:	MU is U/L
03.09.2026 11:01:43	Information:	Driver Collations count 0
03.09.2026 11:01:43	Information:	MU collations count=0
03.09.2026 11:01:43	Information:	MU is mg/L
03.09.2026 11:01:43	Information:	Driver Collations count 0
03.09.2026 11:01:43	Information:	MU collations count=0
03.09.2026 11:01:43	Information:	MU is g/L
03.09.2026 11:01:43	Information:	Driver Collations count 0
03.09.2026 11:01:43	Information:	MU collations count=0
03.09.2026 11:01:43	Information:	MU is ?mol/L
03.09.2026 11:01:43	Information:	Driver Collations count 0
03.09.2026 11:01:43	Information:	MU collations count=0
03.09.2026 11:01:43	Information:	MU is mmol/L
03.09.2026 11:01:43	Information:	Driver Collations count 0
03.09.2026 11:01:43	Information:	MU collations count=0
03.09.2026 11:01:43	Debug:	SendResults:	SetTestsValues first SetTestsValues=	74	ms
03.09.2026 11:01:43	Debug:	SendResults:	Device Total = 319 ms
03.09.2026 11:01:43	Information:	Saving 51566760
03.09.2026 11:01:43	Information:	Start test result saving
03.09.2026 11:01:43	Information:	Result object to save: 
03.09.2026 11:01:43	Information:	{"OrderResearchID":67171776,"OrderResearch":null,"ParameterID":200918,"Parameter":{"ShortNameRU":"общий белок в сыворотке крови","ShortNameKZ":"қан сарысуындағы жалпы ақуыз","ShortName":"общий белок в сыворотке крови","DataType":0,"DataTypeName":"Число","UnitTypeID":100012,"UnitType":{"NameRU":"г/л","NameKZ":"г/л","Name":"г/л","PublicCode":"10001200","OrderBy":13,"ID":100012,"StrID":"100012"},"MedicalFormID":null,"MedicalForm":null,"NameRU":"общий белок в сыворотке крови","NameKZ":"қан сарысуындағы жалпы ақуыз","Name":"общий белок в сыворотке крови","PublicCode":"20091800","OrderBy":null,"ID":200918,"StrID":"200918"},"ParameterValueID":null,"ParameterValue":null,"ResultText":"73.46","ResultValue":null,"ResultDate":"2026-09-03T11:01:43.7540503+05:00","PostID":0,"Post":null,"ExecuteMethod":2,"SourceResultText":"73.46","SourceResultValue":null,"SourceResultExpression":null,"SourceUnitTypeID":100012,"SourceUnitType":{"NameRU":"г/л","NameKZ":"г/л","Name":"г/л","PublicCode":"10001200","OrderBy":13,"ID":100012,"StrID":"100012"},"IsApproved":false,"ApproveDate":null,"ApprovePostID":null,"ApprovePost":null,"OrderNum":1,"WorkPlaceID":20747,"DriverManagerID":150,"BacteriologyResult":null,"AnalyzerId":38,"IsOrderProductionControl":false,"ID":0,"StrID":"0"}
03.09.2026 11:01:43	Information:	Save string: 
03.09.2026 11:01:43	Information:	{"OrderResearchID":67171776,"OrderResearch":{"OrderID":31168662,"ServiceMoID":2163201,"ServiceMoMasterDataID":8269447,"ServiceMo":{"OrgHealthCareID":"45500000000000909","ServiceID":236,"NameRU":"Определение общего белка в сыворотке крови на анализаторе","NameKZ":"Қан сарысуындағы жалпы нәруызды талдауышта анықтау ","Name":"Определение общего белка в сыворотке крови на анализаторе","ShortNameRU":"Определение общего белка в сыворотке крови на анализаторе","ShortNameKZ":"Қан сарысуындағы жалпы нәруызды талдауышта анықтау ","ShortName":"Определение общего белка в сыворотке крови на анализаторе","FullName":"B03.397.002 - Определение общего белка в сыворотке крови на анализаторе","Code":"B03.397.002","ExternalCode":null,"ServiceClassID":5,"ServiceClass":{"ServiceTypeID":2,"OrderBy":5,"MasterDataID":5,"NameRU":"Клиническая химия (биохимия)","NameKZ":"Клиникалық химия (биохимия)","Name":"Клиническая химия (биохимия)","PublicCode":"500","EndDate":null,"ID":"5","StrID":"5"},"Service":{"NameRU":"Определение общего белка в сыворотке крови на анализаторе","NameKZ":"Қан сарысуындағы жалпы нәруызды талдауышта анықтау","Name":"Определение общего белка в сыворотке крови на анализаторе","ShortNameRU":"Общий белок на анализаторе","ShortNameKZ":"Общий белок на анализаторе","ShortName":"Общий белок на анализаторе","FullName":"B03.397.002 - Определение общего белка в сыворотке крови на анализаторе","Code":"B03.397.002","ServiceClassID":5,"ServiceClass":null,"ServiceSubClassID":6,"ServiceSubClass":null,"MaterialTypeID":202,"MaterialType":null,"MasterDataID":3079,"ID":"236","StrID":"236"},"MasterDataID":8269447,"ServiceSubClassID":6,"PayType":1,"ServiceSubClass":null,"ID":"2163201","StrID":"2163201"},"FullName":"B03.397.002 - Определение общего белка в сыворотке крови на анализаторе  () ","IsMain":true,"SourceID":"145152921_34023201","WorkPlaceID":20747,"WorkPlace":null,"DriverManager":null,"ParameterID":null,"Parameter":null,"AdditionalInfo":null,"Status":1,"PerformetServiceCount":7,"ResearchResultCount":0,"ApproveResearchResultCount":0,"NotSaveResearchResultCount":0,"ParentID":null,"ScreeningCandidatePlanGuid":null,"ScreeningUrl":null,"TakePlace":null,"MaterialTypeID":null,"MaterialType":null,"PartCount":0,"IsOrderProductionControl":false,"Uid":"6e2bdd5e-f516-46d9-ab30-b6d08938bd9c","OrderPerformerServices":[],"OrderResearchAllergens":[],"Results":[],"IsResumed":false,"ExecutionType":0,"ID":"67171776","StrID":"67171776"},"ParameterID":200918,"Parameter":{"ShortNameRU":"общий белок в сыворотке крови","ShortNameKZ":"қан сарысуындағы жалпы ақуыз","ShortName":"общий белок в сыворотке крови","DataType":0,"DataTypeName":"Число","UnitTypeID":100012,"UnitType":null,"MedicalFormID":null,"MasterDataID":0,"MedicalForm":null,"NameWithDataType":"общий белок в сыворотке крови  (Число)","NameRU":"общий белок в сыворотке крови","NameKZ":"қан сарысуындағы жалпы ақуыз","Name":"общий белок в сыворотке крови","PublicCode":"20091800","EndDate":null,"ID":"200918","StrID":"200918"},"ParameterValues":null,"ParameterValueID":null,"ParameterValue":null,"ResultText":"73.46","ResultValue":"73.46","ResultDate":"2026-09-03T11:01:43.9267561+05:00","PostID":"189416","Post":null,"ExecuteMethod":2,"SourceResultText":"73.46","SourceResultValue":"73.46","SourceResultExpression":null,"SourceUnitTypeID":100012,"SourceUnitType":{"OrderBy":13,"MasterDataID":null,"CDD_ID":null,"NameRU":"г/л","NameKZ":"г/л","Name":"г/л","PublicCode":"10001200","EndDate":null,"ID":"100012","StrID":"100012"},"MultiplierID":null,"IsApproved":false,"IsValidated":false,"StandardMatchType":0,"ApproveDate":null,"ApprovePostID":null,"ApprovePost":null,"OrderNum":1,"WorkPlaceID":20747,"OrderID":null,"BacteriologyResult":null,"AnalyzerId":38,"IsOrderProductionControl":false,"ID":"207483944","StrID":"207483944"}
03.09.2026 11:01:43	Information:	No result for test 201354 for sample with barcode 51566760 for device 20747
03.09.2026 11:01:43	Information:	Result object to save: 
03.09.2026 11:01:43	Information:	{"OrderResearchID":67171777,"OrderResearch":null,"ParameterID":200357,"Parameter":{"ShortNameRU":"АЛаТ","ShortNameKZ":"АЛаТ","ShortName":"АЛаТ","DataType":0,"DataTypeName":"Число","UnitTypeID":100030,"UnitType":{"NameRU":"МЕ/л","NameKZ":"ХБ/л","Name":"МЕ/л","PublicCode":"10003000","OrderBy":31,"ID":100030,"StrID":"100030"},"MedicalFormID":null,"MedicalForm":null,"NameRU":"АЛаТ","NameKZ":"АЛаТ","Name":"АЛаТ","PublicCode":"20035700","OrderBy":null,"ID":200357,"StrID":"200357"},"ParameterValueID":null,"ParameterValue":null,"ResultText":"6.76","ResultValue":null,"ResultDate":"2026-09-03T11:01:43.7540503+05:00","PostID":0,"Post":null,"ExecuteMethod":2,"SourceResultText":"6.76","SourceResultValue":null,"SourceResultExpression":null,"SourceUnitTypeID":100030,"SourceUnitType":{"NameRU":"МЕ/л","NameKZ":"ХБ/л","Name":"МЕ/л","PublicCode":"10003000","OrderBy":31,"ID":100030,"StrID":"100030"},"IsApproved":false,"ApproveDate":null,"ApprovePostID":null,"ApprovePost":null,"OrderNum":1,"WorkPlaceID":20747,"DriverManagerID":150,"BacteriologyResult":null,"AnalyzerId":38,"IsOrderProductionControl":false,"ID":0,"StrID":"0"}
03.09.2026 11:01:43	Information:	Save string: 
03.09.2026 11:01:43	Information:	{"OrderResearchID":67171777,"OrderResearch":{"OrderID":31168662,"ServiceMoID":2163576,"ServiceMoMasterDataID":8269462,"ServiceMo":{"OrgHealthCareID":"45500000000000909","ServiceID":253,"NameRU":"Определение аланинаминотрансферазы (АЛаТ) в сыворотке крови на анализаторе","NameKZ":"Қан сарысуындағы аланинаминотрансферазды (АЛаТ) талдауышта анықтау ","Name":"Определение аланинаминотрансферазы (АЛаТ) в сыворотке крови на анализаторе","ShortNameRU":"Определение аланинаминотрансферазы (АЛаТ) в сыворотке крови на анализаторе","ShortNameKZ":"Қан сарысуындағы аланинаминотрансферазды (АЛаТ) талдауышта анықтау ","ShortName":"Определение аланинаминотрансферазы (АЛаТ) в сыворотке крови на анализаторе","FullName":"B03.155.002 - Определение аланинаминотрансферазы (АЛаТ) в сыворотке крови на анализаторе","Code":"B03.155.002","ExternalCode":null,"ServiceClassID":5,"ServiceClass":{"ServiceTypeID":2,"OrderBy":5,"MasterDataID":5,"NameRU":"Клиническая химия (биохимия)","NameKZ":"Клиникалық химия (биохимия)","Name":"Клиническая химия (биохимия)","PublicCode":"500","EndDate":null,"ID":"5","StrID":"5"},"Service":{"NameRU":"Определение аланинаминотрансферазы (АЛаТ) в сыворотке крови на анализаторе","NameKZ":"Қан сарысуындағы аланинаминотрансферазды (АЛаТ) талдауышта анықтау","Name":"Определение аланинаминотрансферазы (АЛаТ) в сыворотке крови на анализаторе","ShortNameRU":"АЛаТ на анализаторе","ShortNameKZ":"АЛаТ на анализаторе","ShortName":"АЛаТ на анализаторе","FullName":"B03.155.002 - Определение аланинаминотрансферазы (АЛаТ) в сыворотке крови на анализаторе","Code":"B03.155.002","ServiceClassID":5,"ServiceClass":null,"ServiceSubClassID":6,"ServiceSubClass":null,"MaterialTypeID":202,"MaterialType":null,"MasterDataID":3094,"ID":"253","StrID":"253"},"MasterDataID":8269462,"ServiceSubClassID":6,"PayType":1,"ServiceSubClass":null,"ID":"2163576","StrID":"2163576"},"FullName":"B03.155.002 - Определение аланинаминотрансферазы (АЛаТ) в сыворотке крови на анализаторе  () ","IsMain":true,"SourceID":"145152921_34023202","WorkPlaceID":20747,"WorkPlace":null,"DriverManager":null,"ParameterID":null,"Parameter":null,"AdditionalInfo":null,"Status":1,"PerformetServiceCount":9,"ResearchResultCount":0,"ApproveResearchResultCount":0,"NotSaveResearchResultCount":0,"ParentID":null,"ScreeningCandidatePlanGuid":null,"ScreeningUrl":null,"TakePlace":null,"MaterialTypeID":null,"MaterialType":null,"PartCount":0,"IsOrderProductionControl":false,"Uid":"f23f56d5-851d-4be8-9e03-42073eb2d131","OrderPerformerServices":[],"OrderResearchAllergens":[],"Results":[],"IsResumed":false,"ExecutionType":0,"ID":"67171777","StrID":"67171777"},"ParameterID":200357,"Parameter":{"ShortNameRU":"АЛаТ","ShortNameKZ":"АЛаТ","ShortName":"АЛаТ","DataType":0,"DataTypeName":"Число","UnitTypeID":100030,"UnitType":null,"MedicalFormID":null,"MasterDataID":0,"MedicalForm":null,"NameWithDataType":"АЛаТ  (Число)","NameRU":"АЛаТ","NameKZ":"АЛаТ","Name":"АЛаТ","PublicCode":"20035700","EndDate":null,"ID":"200357","StrID":"200357"},"ParameterValues":null,"ParameterValueID":null,"ParameterValue":null,"ResultText":"6.76","ResultValue":"6.76","ResultDate":"2026-09-03T11:01:44.0054907+05:00","PostID":"189416","Post":null,"ExecuteMethod":2,"SourceResultText":"6.76","SourceResultValue":"6.76","SourceResultExpression":null,"SourceUnitTypeID":100030,"SourceUnitType":{"OrderBy":31,"MasterDataID":null,"CDD_ID":null,"NameRU":"МЕ/л","NameKZ":"ХБ/л","Name":"МЕ/л","PublicCode":"10003000","EndDate":null,"ID":"100030","StrID":"100030"},"MultiplierID":null,"IsApproved":false,"IsValidated":false,"StandardMatchType":0,"ApproveDate":null,"ApprovePostID":null,"ApprovePost":null,"OrderNum":1,"WorkPlaceID":20747,"OrderID":null,"BacteriologyResult":null,"AnalyzerId":38,"IsOrderProductionControl":false,"ID":"207483945","StrID":"207483945"}
03.09.2026 11:01:44	Information:	Result object to save: 
03.09.2026 11:01:44	Information:	{"OrderResearchID":67171778,"OrderResearch":null,"ParameterID":201032,"Parameter":{"ShortNameRU":"прямой билирубин в сыворотке крови","ShortNameKZ":"қан сарысуындағы тікелей билирубин","ShortName":"прямой билирубин в сыворотке крови","DataType":0,"DataTypeName":"Число","UnitTypeID":100041,"UnitType":{"NameRU":"мкмоль/л","NameKZ":"мкмоль/л","Name":"мкмоль/л","PublicCode":"10004100","OrderBy":42,"ID":100041,"StrID":"100041"},"MedicalFormID":null,"MedicalForm":null,"NameRU":"прямой билирубин в сыворотке крови","NameKZ":"қан сарысуындағы тікелей билирубин","Name":"прямой билирубин в сыворотке крови","PublicCode":"20103200","OrderBy":null,"ID":201032,"StrID":"201032"},"ParameterValueID":null,"ParameterValue":null,"ResultText":"0.8918","ResultValue":null,"ResultDate":"2026-09-03T11:01:43.7705034+05:00","PostID":0,"Post":null,"ExecuteMethod":2,"SourceResultText":"0.8918","SourceResultValue":null,"SourceResultExpression":null,"SourceUnitTypeID":100041,"SourceUnitType":{"NameRU":"мкмоль/л","NameKZ":"мкмоль/л","Name":"мкмоль/л","PublicCode":"10004100","OrderBy":42,"ID":100041,"StrID":"100041"},"IsApproved":false,"ApproveDate":null,"ApprovePostID":null,"ApprovePost":null,"OrderNum":1,"WorkPlaceID":20747,"DriverManagerID":150,"BacteriologyResult":null,"AnalyzerId":38,"IsOrderProductionControl":false,"ID":0,"StrID":"0"}
03.09.2026 11:01:44	Information:	Save string: 
03.09.2026 11:01:44	Information:	{"OrderResearchID":67171778,"OrderResearch":{"OrderID":31168662,"ServiceMoID":2163601,"ServiceMoMasterDataID":8269463,"ServiceMo":{"OrgHealthCareID":"45500000000000909","ServiceID":254,"NameRU":"Определение прямого билирубина в сыворотке крови на анализаторе","NameKZ":"Қан сарысуындағы тікелей  билирубинді талдауышта анықтау ","Name":"Определение прямого билирубина в сыворотке крови на анализаторе","ShortNameRU":"Определение прямого билирубина в сыворотке крови на анализаторе","ShortNameKZ":"Қан сарысуындағы тікелей  билирубинді талдауышта анықтау ","ShortName":"Определение прямого билирубина в сыворотке крови на анализаторе","FullName":"B03.435.002 - Определение прямого билирубина в сыворотке крови на анализаторе","Code":"B03.435.002","ExternalCode":null,"ServiceClassID":5,"ServiceClass":{"ServiceTypeID":2,"OrderBy":5,"MasterDataID":5,"NameRU":"Клиническая химия (биохимия)","NameKZ":"Клиникалық химия (биохимия)","Name":"Клиническая химия (биохимия)","PublicCode":"500","EndDate":null,"ID":"5","StrID":"5"},"Service":{"NameRU":"Определение прямого билирубина в сыворотке крови на анализаторе","NameKZ":"Қан сарысуындағы тікелей билирубинді талдауышта анықтау","Name":"Определение прямого билирубина в сыворотке крови на анализаторе","ShortNameRU":"Прямой Bi на анализаторе","ShortNameKZ":"Прямой Bi на анализаторе","ShortName":"Прямой Bi на анализаторе","FullName":"B03.435.002 - Определение прямого билирубина в сыворотке крови на анализаторе","Code":"B03.435.002","ServiceClassID":5,"ServiceClass":null,"ServiceSubClassID":6,"ServiceSubClass":null,"MaterialTypeID":202,"MaterialType":null,"MasterDataID":3095,"ID":"254","StrID":"254"},"MasterDataID":8269463,"ServiceSubClassID":6,"PayType":1,"ServiceSubClass":null,"ID":"2163601","StrID":"2163601"},"FullName":"B03.435.002 - Определение прямого билирубина в сыворотке крови на анализаторе  () ","IsMain":true,"SourceID":"145152921_34023205","WorkPlaceID":20747,"WorkPlace":null,"DriverManager":null,"ParameterID":null,"Parameter":null,"AdditionalInfo":null,"Status":1,"PerformetServiceCount":7,"ResearchResultCount":0,"ApproveResearchResultCount":0,"NotSaveResearchResultCount":0,"ParentID":null,"ScreeningCandidatePlanGuid":null,"ScreeningUrl":null,"TakePlace":null,"MaterialTypeID":null,"MaterialType":null,"PartCount":0,"IsOrderProductionControl":false,"Uid":"880a9845-4b16-404b-b502-6cb901468204","OrderPerformerServices":[],"OrderResearchAllergens":[],"Results":[],"IsResumed":false,"ExecutionType":0,"ID":"67171778","StrID":"67171778"},"ParameterID":201032,"Parameter":{"ShortNameRU":"прямой билирубин в сыворотке крови","ShortNameKZ":"қан сарысуындағы тікелей билирубин","ShortName":"прямой билирубин в сыворотке крови","DataType":0,"DataTypeName":"Число","UnitTypeID":100041,"UnitType":null,"MedicalFormID":null,"MasterDataID":0,"MedicalForm":null,"NameWithDataType":"прямой билирубин в сыворотке крови  (Число)","NameRU":"прямой билирубин в сыворотке крови","NameKZ":"қан сарысуындағы тікелей билирубин","Name":"прямой билирубин в сыворотке крови","PublicCode":"20103200","EndDate":null,"ID":"201032","StrID":"201032"},"ParameterValues":null,"ParameterValueID":null,"ParameterValue":null,"ResultText":"0.89","ResultValue":"0.89","ResultDate":"2026-09-03T11:01:44.3040217+05:00","PostID":"189416","Post":null,"ExecuteMethod":2,"SourceResultText":"0.89","SourceResultValue":"0.89","SourceResultExpression":null,"SourceUnitTypeID":100041,"SourceUnitType":{"OrderBy":42,"MasterDataID":null,"CDD_ID":null,"NameRU":"мкмоль/л","NameKZ":"мкмоль/л","Name":"мкмоль/л","PublicCode":"10004100","EndDate":null,"ID":"100041","StrID":"100041"},"MultiplierID":null,"IsApproved":false,"IsValidated":false,"StandardMatchType":0,"ApproveDate":null,"ApprovePostID":null,"ApprovePost":null,"OrderNum":1,"WorkPlaceID":20747,"OrderID":null,"BacteriologyResult":null,"AnalyzerId":38,"IsOrderProductionControl":false,"ID":"207483946","StrID":"207483946"}
03.09.2026 11:01:44	Information:	Result object to save: 
03.09.2026 11:01:44	Information:	{"OrderResearchID":67171779,"OrderResearch":null,"ParameterID":200919,"Parameter":{"ShortNameRU":"общий билирубин в сыворотке крови","ShortNameKZ":"қан сарысуындағы жалпы билирубин","ShortName":"общий билирубин в сыворотке крови","DataType":0,"DataTypeName":"Число","UnitTypeID":100041,"UnitType":{"NameRU":"мкмоль/л","NameKZ":"мкмоль/л","Name":"мкмоль/л","PublicCode":"10004100","OrderBy":42,"ID":100041,"StrID":"100041"},"MedicalFormID":null,"MedicalForm":null,"NameRU":"общий билирубин в сыворотке крови","NameKZ":"қан сарысуындағы жалпы билирубин","Name":"общий билирубин в сыворотке крови","PublicCode":"20091900","OrderBy":null,"ID":200919,"StrID":"200919"},"ParameterValueID":null,"ParameterValue":null,"ResultText":"3.10","ResultValue":null,"ResultDate":"2026-09-03T11:01:43.7705034+05:00","PostID":0,"Post":null,"ExecuteMethod":2,"SourceResultText":"3.10","SourceResultValue":null,"SourceResultExpression":null,"SourceUnitTypeID":100041,"SourceUnitType":{"NameRU":"мкмоль/л","NameKZ":"мкмоль/л","Name":"мкмоль/л","PublicCode":"10004100","OrderBy":42,"ID":100041,"StrID":"100041"},"IsApproved":false,"ApproveDate":null,"ApprovePostID":null,"ApprovePost":null,"OrderNum":1,"WorkPlaceID":20747,"DriverManagerID":150,"BacteriologyResult":null,"AnalyzerId":38,"IsOrderProductionControl":false,"ID":0,"StrID":"0"}
03.09.2026 11:01:44	Information:	Save string: 
03.09.2026 11:01:44	Information:	{"OrderResearchID":67171779,"OrderResearch":{"OrderID":31168662,"ServiceMoID":2163626,"ServiceMoMasterDataID":8269464,"ServiceMo":{"OrgHealthCareID":"45500000000000909","ServiceID":255,"NameRU":"Определение общего билирубина в сыворотке крови на анализаторе","NameKZ":"Қан сарысуындағы жалпы  билирубинді талдауышта анықтау в сыворотке крови на анализаторе","Name":"Определение общего билирубина в сыворотке крови на анализаторе","ShortNameRU":"Определение общего билирубина в сыворотке крови на анализаторе","ShortNameKZ":"Қан сарысуындағы жалпы  билирубинді талдауышта анықтау в сыворотке крови на анализаторе","ShortName":"Определение общего билирубина в сыворотке крови на анализаторе","FullName":"B03.398.002 - Определение общего билирубина в сыворотке крови на анализаторе","Code":"B03.398.002","ExternalCode":null,"ServiceClassID":5,"ServiceClass":{"ServiceTypeID":2,"OrderBy":5,"MasterDataID":5,"NameRU":"Клиническая химия (биохимия)","NameKZ":"Клиникалық химия (биохимия)","Name":"Клиническая химия (биохимия)","PublicCode":"500","EndDate":null,"ID":"5","StrID":"5"},"Service":{"NameRU":"Определение общего билирубина в сыворотке крови на анализаторе","NameKZ":"Қан сарысуындағы жалпы билирубинді талдауышта анықтау в сыворотке крови на анализаторе","Name":"Определение общего билирубина в сыворотке крови на анализаторе","ShortNameRU":"Общий Bi на анализаторе","ShortNameKZ":"Общий Bi на анализаторе","ShortName":"Общий Bi на анализаторе","FullName":"B03.398.002 - Определение общего билирубина в сыворотке крови на анализаторе","Code":"B03.398.002","ServiceClassID":5,"ServiceClass":null,"ServiceSubClassID":6,"ServiceSubClass":null,"MaterialTypeID":202,"MaterialType":null,"MasterDataID":3096,"ID":"255","StrID":"255"},"MasterDataID":8269464,"ServiceSubClassID":6,"PayType":1,"ServiceSubClass":null,"ID":"2163626","StrID":"2163626"},"FullName":"B03.398.002 - Определение общего билирубина в сыворотке крови на анализаторе  () ","IsMain":true,"SourceID":"145152921_34023204","WorkPlaceID":20747,"WorkPlace":null,"DriverManager":null,"ParameterID":null,"Parameter":null,"AdditionalInfo":null,"Status":1,"PerformetServiceCount":7,"ResearchResultCount":0,"ApproveResearchResultCount":0,"NotSaveResearchResultCount":0,"ParentID":null,"ScreeningCandidatePlanGuid":null,"ScreeningUrl":null,"TakePlace":null,"MaterialTypeID":null,"MaterialType":null,"PartCount":0,"IsOrderProductionControl":false,"Uid":"305988ae-b54d-4198-ad36-45fbe183984d","OrderPerformerServices":[],"OrderResearchAllergens":[],"Results":[],"IsResumed":false,"ExecutionType":0,"ID":"67171779","StrID":"67171779"},"ParameterID":200919,"Parameter":{"ShortNameRU":"общий билирубин в сыворотке крови","ShortNameKZ":"қан сарысуындағы жалпы билирубин","ShortName":"общий билирубин в сыворотке крови","DataType":0,"DataTypeName":"Число","UnitTypeID":100041,"UnitType":null,"MedicalFormID":null,"MasterDataID":0,"MedicalForm":null,"NameWithDataType":"общий билирубин в сыворотке крови  (Число)","NameRU":"общий билирубин в сыворотке крови","NameKZ":"қан сарысуындағы жалпы билирубин","Name":"общий билирубин в сыворотке крови","PublicCode":"20091900","EndDate":null,"ID":"200919","StrID":"200919"},"ParameterValues":null,"ParameterValueID":null,"ParameterValue":null,"ResultText":"3.10","ResultValue":"3.10","ResultDate":"2026-09-03T11:01:44.5630658+05:00","PostID":"189416","Post":null,"ExecuteMethod":2,"SourceResultText":"3.10","SourceResultValue":"3.10","SourceResultExpression":null,"SourceUnitTypeID":100041,"SourceUnitType":{"OrderBy":42,"MasterDataID":null,"CDD_ID":null,"NameRU":"мкмоль/л","NameKZ":"мкмоль/л","Name":"мкмоль/л","PublicCode":"10004100","EndDate":null,"ID":"100041","StrID":"100041"},"MultiplierID":null,"IsApproved":false,"IsValidated":false,"StandardMatchType":0,"ApproveDate":null,"ApprovePostID":null,"ApprovePost":null,"OrderNum":1,"WorkPlaceID":20747,"OrderID":null,"BacteriologyResult":null,"AnalyzerId":38,"IsOrderProductionControl":false,"ID":"207483947","StrID":"207483947"}
03.09.2026 11:01:44	Information:	Result object to save: 
03.09.2026 11:01:44	Information:	{"OrderResearchID":67171781,"OrderResearch":null,"ParameterID":200408,"Parameter":{"ShortNameRU":"АСаТ","ShortNameKZ":"АСаТ","ShortName":"АСаТ","DataType":0,"DataTypeName":"Число","UnitTypeID":100030,"UnitType":{"NameRU":"МЕ/л","NameKZ":"ХБ/л","Name":"МЕ/л","PublicCode":"10003000","OrderBy":31,"ID":100030,"StrID":"100030"},"MedicalFormID":null,"MedicalForm":null,"NameRU":"АСаТ","NameKZ":"АСаТ","Name":"АСаТ","PublicCode":"20040800","OrderBy":null,"ID":200408,"StrID":"200408"},"ParameterValueID":null,"ParameterValue":null,"ResultText":"25.61","ResultValue":null,"ResultDate":"2026-09-03T11:01:43.7705034+05:00","PostID":0,"Post":null,"ExecuteMethod":2,"SourceResultText":"25.61","SourceResultValue":null,"SourceResultExpression":null,"SourceUnitTypeID":100030,"SourceUnitType":{"NameRU":"МЕ/л","NameKZ":"ХБ/л","Name":"МЕ/л","PublicCode":"10003000","OrderBy":31,"ID":100030,"StrID":"100030"},"IsApproved":false,"ApproveDate":null,"ApprovePostID":null,"ApprovePost":null,"OrderNum":1,"WorkPlaceID":20747,"DriverManagerID":150,"BacteriologyResult":null,"AnalyzerId":38,"IsOrderProductionControl":false,"ID":0,"StrID":"0"}
03.09.2026 11:01:44	Information:	Save string: 
03.09.2026 11:01:44	Information:	{"OrderResearchID":67171781,"OrderResearch":{"OrderID":31168662,"ServiceMoID":2163651,"ServiceMoMasterDataID":8269465,"ServiceMo":{"OrgHealthCareID":"45500000000000909","ServiceID":256,"NameRU":"Определение аспартатаминотрансферазы (АСаТ) в сыворотке крови на анализаторе","NameKZ":"Қан сарысуындағы  аспартатаминотрансферазды  (АСаТ) талдауышта анықтау  ","Name":"Определение аспартатаминотрансферазы (АСаТ) в сыворотке крови на анализаторе","ShortNameRU":"Определение аспартатаминотрансферазы (АСаТ) в сыворотке крови на анализаторе","ShortNameKZ":"Қан сарысуындағы  аспартатаминотрансферазды  (АСаТ) талдауышта анықтау  ","ShortName":"Определение аспартатаминотрансферазы (АСаТ) в сыворотке крови на анализаторе","FullName":"B03.293.002 - Определение аспартатаминотрансферазы (АСаТ) в сыворотке крови на анализаторе","Code":"B03.293.002","ExternalCode":null,"ServiceClassID":5,"ServiceClass":{"ServiceTypeID":2,"OrderBy":5,"MasterDataID":5,"NameRU":"Клиническая химия (биохимия)","NameKZ":"Клиникалық химия (биохимия)","Name":"Клиническая химия (биохимия)","PublicCode":"500","EndDate":null,"ID":"5","StrID":"5"},"Service":{"NameRU":"Определение аспартатаминотрансферазы (АСаТ) в сыворотке крови на анализаторе","NameKZ":"Қан сарысуындағы аспартатаминотрансферазды (АСаТ) талдауышта анықтау","Name":"Определение аспартатаминотрансферазы (АСаТ) в сыворотке крови на анализаторе","ShortNameRU":"АСаТ на анализаторе","ShortNameKZ":"АСаТ на анализаторе","ShortName":"АСаТ на анализаторе","FullName":"B03.293.002 - Определение аспартатаминотрансферазы (АСаТ) в сыворотке крови на анализаторе","Code":"B03.293.002","ServiceClassID":5,"ServiceClass":null,"ServiceSubClassID":6,"ServiceSubClass":null,"MaterialTypeID":202,"MaterialType":null,"MasterDataID":3097,"ID":"256","StrID":"256"},"MasterDataID":8269465,"ServiceSubClassID":6,"PayType":1,"ServiceSubClass":null,"ID":"2163651","StrID":"2163651"},"FullName":"B03.293.002 - Определение аспартатаминотрансферазы (АСаТ) в сыворотке крови на анализаторе  () ","IsMain":true,"SourceID":"145152921_34023203","WorkPlaceID":20747,"WorkPlace":null,"DriverManager":null,"ParameterID":null,"Parameter":null,"AdditionalInfo":null,"Status":1,"PerformetServiceCount":7,"ResearchResultCount":0,"ApproveResearchResultCount":0,"NotSaveResearchResultCount":0,"ParentID":null,"ScreeningCandidatePlanGuid":null,"ScreeningUrl":null,"TakePlace":null,"MaterialTypeID":null,"MaterialType":null,"PartCount":0,"IsOrderProductionControl":false,"Uid":"b196cd63-9034-4fd8-86f5-acccc8c972cc","OrderPerformerServices":[],"OrderResearchAllergens":[],"Results":[],"IsResumed":false,"ExecutionType":0,"ID":"67171781","StrID":"67171781"},"ParameterID":200408,"Parameter":{"ShortNameRU":"АСаТ","ShortNameKZ":"АСаТ","ShortName":"АСаТ","DataType":0,"DataTypeName":"Число","UnitTypeID":100030,"UnitType":null,"MedicalFormID":null,"MasterDataID":0,"MedicalForm":null,"NameWithDataType":"АСаТ  (Число)","NameRU":"АСаТ","NameKZ":"АСаТ","Name":"АСаТ","PublicCode":"20040800","EndDate":null,"ID":"200408","StrID":"200408"},"ParameterValues":null,"ParameterValueID":null,"ParameterValue":null,"ResultText":"25.61","ResultValue":"25.61","ResultDate":"2026-09-03T11:01:44.6571246+05:00","PostID":"189416","Post":null,"ExecuteMethod":2,"SourceResultText":"25.61","SourceResultValue":"25.61","SourceResultExpression":null,"SourceUnitTypeID":100030,"SourceUnitType":{"OrderBy":31,"MasterDataID":null,"CDD_ID":null,"NameRU":"МЕ/л","NameKZ":"ХБ/л","Name":"МЕ/л","PublicCode":"10003000","EndDate":null,"ID":"100030","StrID":"100030"},"MultiplierID":null,"IsApproved":false,"IsValidated":false,"StandardMatchType":0,"ApproveDate":null,"ApprovePostID":null,"ApprovePost":null,"OrderNum":1,"WorkPlaceID":20747,"OrderID":null,"BacteriologyResult":null,"AnalyzerId":38,"IsOrderProductionControl":false,"ID":"207483948","StrID":"207483948"}
03.09.2026 11:01:44	Information:	Result object to save: 
03.09.2026 11:01:44	Information:	{"OrderResearchID":67171782,"OrderResearch":null,"ParameterID":200852,"Parameter":{"ShortNameRU":"мочевина в сыворотке крови","ShortNameKZ":"қан сарысуындағы несепнәр","ShortName":"мочевина в сыворотке крови","DataType":0,"DataTypeName":"Число","UnitTypeID":100051,"UnitType":{"NameRU":"ммоль/л","NameKZ":"ммоль/л","Name":"ммоль/л","PublicCode":"10005100","OrderBy":52,"ID":100051,"StrID":"100051"},"MedicalFormID":null,"MedicalForm":null,"NameRU":"мочевина в сыворотке крови","NameKZ":"қан сарысуындағы несепнәр","Name":"мочевина в сыворотке крови","PublicCode":"20085200","OrderBy":null,"ID":200852,"StrID":"200852"},"ParameterValueID":null,"ParameterValue":null,"ResultText":"2.6","ResultValue":null,"ResultDate":"2026-09-03T11:01:43.7705034+05:00","PostID":0,"Post":null,"ExecuteMethod":2,"SourceResultText":"2.6","SourceResultValue":null,"SourceResultExpression":null,"SourceUnitTypeID":100051,"SourceUnitType":{"NameRU":"ммоль/л","NameKZ":"ммоль/л","Name":"ммоль/л","PublicCode":"10005100","OrderBy":52,"ID":100051,"StrID":"100051"},"IsApproved":false,"ApproveDate":null,"ApprovePostID":null,"ApprovePost":null,"OrderNum":1,"WorkPlaceID":20747,"DriverManagerID":150,"BacteriologyResult":null,"AnalyzerId":38,"IsOrderProductionControl":false,"ID":0,"StrID":"0"}
03.09.2026 11:01:44	Information:	Save string: 
03.09.2026 11:01:44	Information:	{"OrderResearchID":67171782,"OrderResearch":{"OrderID":31168662,"ServiceMoID":2164626,"ServiceMoMasterDataID":8269504,"ServiceMo":{"OrgHealthCareID":"45500000000000909","ServiceID":295,"NameRU":"Определение мочевины в сыворотке крови на анализаторе","NameKZ":"Қан сарысуындағы несепнәрді  талдауышта анықтау ","Name":"Определение мочевины в сыворотке крови на анализаторе","ShortNameRU":"Определение мочевины в сыворотке крови на анализаторе","ShortNameKZ":"Қан сарысуындағы несепнәрді  талдауышта анықтау ","ShortName":"Определение мочевины в сыворотке крови на анализаторе","FullName":"B03.386.002 - Определение мочевины в сыворотке крови на анализаторе","Code":"B03.386.002","ExternalCode":null,"ServiceClassID":5,"ServiceClass":{"ServiceTypeID":2,"OrderBy":5,"MasterDataID":5,"NameRU":"Клиническая химия (биохимия)","NameKZ":"Клиникалық химия (биохимия)","Name":"Клиническая химия (биохимия)","PublicCode":"500","EndDate":null,"ID":"5","StrID":"5"},"Service":{"NameRU":"Определение мочевины в сыворотке крови на анализаторе","NameKZ":"Қан сарысуындағы несепнәрді талдауышта анықтау","Name":"Определение мочевины в сыворотке крови на анализаторе","ShortNameRU":"Мочевина на анализаторе","ShortNameKZ":"Мочевина на анализаторе","ShortName":"Мочевина на анализаторе","FullName":"B03.386.002 - Определение мочевины в сыворотке крови на анализаторе","Code":"B03.386.002","ServiceClassID":5,"ServiceClass":null,"ServiceSubClassID":6,"ServiceSubClass":null,"MaterialTypeID":202,"MaterialType":null,"MasterDataID":3136,"ID":"295","StrID":"295"},"MasterDataID":8269504,"ServiceSubClassID":6,"PayType":1,"ServiceSubClass":null,"ID":"2164626","StrID":"2164626"},"FullName":"B03.386.002 - Определение мочевины в сыворотке крови на анализаторе  () ","IsMain":true,"SourceID":"145152921_34023207","WorkPlaceID":20747,"WorkPlace":null,"DriverManager":null,"ParameterID":null,"Parameter":null,"AdditionalInfo":null,"Status":1,"PerformetServiceCount":7,"ResearchResultCount":0,"ApproveResearchResultCount":0,"NotSaveResearchResultCount":0,"ParentID":null,"ScreeningCandidatePlanGuid":null,"ScreeningUrl":null,"TakePlace":null,"MaterialTypeID":null,"MaterialType":null,"PartCount":0,"IsOrderProductionControl":false,"Uid":"bb0b726e-289a-4165-8edc-05c80b6cb94b","OrderPerformerServices":[],"OrderResearchAllergens":[],"Results":[],"IsResumed":false,"ExecutionType":0,"ID":"67171782","StrID":"67171782"},"ParameterID":200852,"Parameter":{"ShortNameRU":"мочевина в сыворотке крови","ShortNameKZ":"қан сарысуындағы несепнәр","ShortName":"мочевина в сыворотке крови","DataType":0,"DataTypeName":"Число","UnitTypeID":100051,"UnitType":null,"MedicalFormID":null,"MasterDataID":0,"MedicalForm":null,"NameWithDataType":"мочевина в сыворотке крови  (Число)","NameRU":"мочевина в сыворотке крови","NameKZ":"қан сарысуындағы несепнәр","Name":"мочевина в сыворотке крови","PublicCode":"20085200","EndDate":null,"ID":"200852","StrID":"200852"},"ParameterValues":null,"ParameterValueID":null,"ParameterValue":null,"ResultText":"2.60","ResultValue":"2.60","ResultDate":"2026-09-03T11:01:44.7564852+05:00","PostID":"189416","Post":null,"ExecuteMethod":2,"SourceResultText":"2.60","SourceResultValue":"2.60","SourceResultExpression":null,"SourceUnitTypeID":100051,"SourceUnitType":{"OrderBy":52,"MasterDataID":null,"CDD_ID":null,"NameRU":"ммоль/л","NameKZ":"ммоль/л","Name":"ммоль/л","PublicCode":"10005100","EndDate":null,"ID":"100051","StrID":"100051"},"MultiplierID":null,"IsApproved":false,"IsValidated":false,"StandardMatchType":0,"ApproveDate":null,"ApprovePostID":null,"ApprovePost":null,"OrderNum":1,"WorkPlaceID":20747,"OrderID":null,"BacteriologyResult":null,"AnalyzerId":38,"IsOrderProductionControl":false,"ID":"207483949","StrID":"207483949"}
03.09.2026 11:01:44	Information:	Result object to save: 
03.09.2026 11:01:44	Information:	{"OrderResearchID":67171783,"OrderResearch":null,"ParameterID":200744,"Parameter":{"ShortNameRU":"креатинин в крови","ShortNameKZ":"қандағы креатинин","ShortName":"креатинин в крови","DataType":0,"DataTypeName":"Число","UnitTypeID":100041,"UnitType":{"NameRU":"мкмоль/л","NameKZ":"мкмоль/л","Name":"мкмоль/л","PublicCode":"10004100","OrderBy":42,"ID":100041,"StrID":"100041"},"MedicalFormID":null,"MedicalForm":null,"NameRU":"креатинин в крови","NameKZ":"қандағы креатинин","Name":"креатинин в крови","PublicCode":"20074400","OrderBy":null,"ID":200744,"StrID":"200744"},"ParameterValueID":null,"ParameterValue":null,"ResultText":"30.73","ResultValue":null,"ResultDate":"2026-09-03T11:01:43.7705034+05:00","PostID":0,"Post":null,"ExecuteMethod":2,"SourceResultText":"30.73","SourceResultValue":null,"SourceResultExpression":null,"SourceUnitTypeID":100041,"SourceUnitType":{"NameRU":"мкмоль/л","NameKZ":"мкмоль/л","Name":"мкмоль/л","PublicCode":"10004100","OrderBy":42,"ID":100041,"StrID":"100041"},"IsApproved":false,"ApproveDate":null,"ApprovePostID":null,"ApprovePost":null,"OrderNum":1,"WorkPlaceID":20747,"DriverManagerID":150,"BacteriologyResult":null,"AnalyzerId":38,"IsOrderProductionControl":false,"ID":0,"StrID":"0"}
03.09.2026 11:01:44	Information:	Save string: 
03.09.2026 11:01:44	Information:	{"OrderResearchID":67171783,"OrderResearch":{"OrderID":31168662,"ServiceMoID":2164651,"ServiceMoMasterDataID":8269505,"ServiceMo":{"OrgHealthCareID":"45500000000000909","ServiceID":296,"NameRU":"Определение креатинина в сыворотке крови на анализаторе","NameKZ":"Қан сарысуындағы  креатининді талдауышта анықтау ","Name":"Определение креатинина в сыворотке крови на анализаторе","ShortNameRU":"Определение креатинина в сыворотке крови на анализаторе","ShortNameKZ":"Қан сарысуындағы  креатининді талдауышта анықтау ","ShortName":"Определение креатинина в сыворотке крови на анализаторе","FullName":"B03.363.002 - Определение креатинина в сыворотке крови на анализаторе","Code":"B03.363.002","ExternalCode":null,"ServiceClassID":5,"ServiceClass":{"ServiceTypeID":2,"OrderBy":5,"MasterDataID":5,"NameRU":"Клиническая химия (биохимия)","NameKZ":"Клиникалық химия (биохимия)","Name":"Клиническая химия (биохимия)","PublicCode":"500","EndDate":null,"ID":"5","StrID":"5"},"Service":{"NameRU":"Определение креатинина в сыворотке крови на анализаторе","NameKZ":"Қан сарысуындағы креатининді талдауышта анықтау","Name":"Определение креатинина в сыворотке крови на анализаторе","ShortNameRU":"Креатинин на анализаторе","ShortNameKZ":"Креатинин на анализаторе","ShortName":"Креатинин на анализаторе","FullName":"B03.363.002 - Определение креатинина в сыворотке крови на анализаторе","Code":"B03.363.002","ServiceClassID":5,"ServiceClass":null,"ServiceSubClassID":6,"ServiceSubClass":null,"MaterialTypeID":202,"MaterialType":null,"MasterDataID":3137,"ID":"296","StrID":"296"},"MasterDataID":8269505,"ServiceSubClassID":6,"PayType":1,"ServiceSubClass":null,"ID":"2164651","StrID":"2164651"},"FullName":"B03.363.002 - Определение креатинина в сыворотке крови на анализаторе  () ","IsMain":true,"SourceID":"145152921_34023206","WorkPlaceID":20747,"WorkPlace":null,"DriverManager":null,"ParameterID":null,"Parameter":null,"AdditionalInfo":null,"Status":1,"PerformetServiceCount":7,"ResearchResultCount":0,"ApproveResearchResultCount":0,"NotSaveResearchResultCount":0,"ParentID":null,"ScreeningCandidatePlanGuid":null,"ScreeningUrl":null,"TakePlace":null,"MaterialTypeID":null,"MaterialType":null,"PartCount":0,"IsOrderProductionControl":false,"Uid":"1d8ca1c2-1e79-4c69-be82-95dee054273b","OrderPerformerServices":[],"OrderResearchAllergens":[],"Results":[],"IsResumed":false,"ExecutionType":0,"ID":"67171783","StrID":"67171783"},"ParameterID":200744,"Parameter":{"ShortNameRU":"креатинин в крови","ShortNameKZ":"қандағы креатинин","ShortName":"креатинин в крови","DataType":0,"DataTypeName":"Число","UnitTypeID":100041,"UnitType":null,"MedicalFormID":null,"MasterDataID":0,"MedicalForm":null,"NameWithDataType":"креатинин в крови  (Число)","NameRU":"креатинин в крови","NameKZ":"қандағы креатинин","Name":"креатинин в крови","PublicCode":"20074400","EndDate":null,"ID":"200744","StrID":"200744"},"ParameterValues":null,"ParameterValueID":null,"ParameterValue":null,"ResultText":"30.73","ResultValue":"30.73","ResultDate":"2026-09-03T11:01:44.856133+05:00","PostID":"189416","Post":null,"ExecuteMethod":2,"SourceResultText":"30.73","SourceResultValue":"30.73","SourceResultExpression":null,"SourceUnitTypeID":100041,"SourceUnitType":{"OrderBy":42,"MasterDataID":null,"CDD_ID":null,"NameRU":"мкмоль/л","NameKZ":"мкмоль/л","Name":"мкмоль/л","PublicCode":"10004100","EndDate":null,"ID":"100041","StrID":"100041"},"MultiplierID":null,"IsApproved":false,"IsValidated":false,"StandardMatchType":0,"ApproveDate":null,"ApprovePostID":null,"ApprovePost":null,"OrderNum":1,"WorkPlaceID":20747,"OrderID":null,"BacteriologyResult":null,"AnalyzerId":38,"IsOrderProductionControl":false,"ID":"207483952","StrID":"207483952"}
03.09.2026 11:01:44	Information:	Result object to save: 
03.09.2026 11:01:44	Information:	{"OrderResearchID":67171784,"OrderResearch":null,"ParameterID":201150,"Parameter":{"ShortNameRU":"СРБ","ShortNameKZ":"СРА","ShortName":"СРБ","DataType":0,"DataTypeName":"Число","UnitTypeID":100026,"UnitType":{"NameRU":"мг/л","NameKZ":"мг/л","Name":"мг/л","PublicCode":"10002600","OrderBy":27,"ID":100026,"StrID":"100026"},"MedicalFormID":null,"MedicalForm":null,"NameRU":"СРБ","NameKZ":"СРА","Name":"СРБ","PublicCode":"20115000","OrderBy":null,"ID":201150,"StrID":"201150"},"ParameterValueID":null,"ParameterValue":null,"ResultText":"8.46","ResultValue":null,"ResultDate":"2026-09-03T11:01:43.7705034+05:00","PostID":0,"Post":null,"ExecuteMethod":2,"SourceResultText":"8.46","SourceResultValue":null,"SourceResultExpression":null,"SourceUnitTypeID":100026,"SourceUnitType":{"NameRU":"мг/л","NameKZ":"мг/л","Name":"мг/л","PublicCode":"10002600","OrderBy":27,"ID":100026,"StrID":"100026"},"IsApproved":false,"ApproveDate":null,"ApprovePostID":null,"ApprovePost":null,"OrderNum":1,"WorkPlaceID":20747,"DriverManagerID":150,"BacteriologyResult":null,"AnalyzerId":38,"IsOrderProductionControl":false,"ID":0,"StrID":"0"}
03.09.2026 11:01:44	Information:	Save string: 
03.09.2026 11:01:44	Information:	{"OrderResearchID":67171784,"OrderResearch":{"OrderID":31168662,"ServiceMoID":2164726,"ServiceMoMasterDataID":8269508,"ServiceMo":{"OrgHealthCareID":"45500000000000909","ServiceID":299,"NameRU":"Определение «C» реактивного белка (СРБ) в сыворотке крови количественно","NameKZ":"Қан сарысуында \"C\" реактивті нәруызын сандық анықтау","Name":"Определение «C» реактивного белка (СРБ) в сыворотке крови количественно","ShortNameRU":"Определение «C» реактивного белка (СРБ) в сыворотке крови количественно","ShortNameKZ":"Қан сарысуында \"C\" реактивті нәруызын сандық анықтау","ShortName":"Определение «C» реактивного белка (СРБ) в сыворотке крови количественно","FullName":"B03.115.002 - Определение «C» реактивного белка (СРБ) в сыворотке крови количественно","Code":"B03.115.002","ExternalCode":null,"ServiceClassID":5,"ServiceClass":{"ServiceTypeID":2,"OrderBy":5,"MasterDataID":5,"NameRU":"Клиническая химия (биохимия)","NameKZ":"Клиникалық химия (биохимия)","Name":"Клиническая химия (биохимия)","PublicCode":"500","EndDate":null,"ID":"5","StrID":"5"},"Service":{"NameRU":"Определение «C» реактивного белка (СРБ) в сыворотке крови количественно","NameKZ":"Қан сарысуында \"C\" реактивті нәруызын сандық анықтау","Name":"Определение «C» реактивного белка (СРБ) в сыворотке крови количественно","ShortNameRU":"СРБ на анализаторе","ShortNameKZ":"СРБ на анализаторе","ShortName":"СРБ на анализаторе","FullName":"B03.115.002 - Определение «C» реактивного белка (СРБ) в сыворотке крови количественно","Code":"B03.115.002","ServiceClassID":5,"ServiceClass":null,"ServiceSubClassID":6,"ServiceSubClass":null,"MaterialTypeID":202,"MaterialType":null,"MasterDataID":3140,"ID":"299","StrID":"299"},"MasterDataID":8269508,"ServiceSubClassID":6,"PayType":1,"ServiceSubClass":null,"ID":"2164726","StrID":"2164726"},"FullName":"B03.115.002 - Определение «C» реактивного белка (СРБ) в сыворотке крови количественно  () ","IsMain":true,"SourceID":"145152921_34023208","WorkPlaceID":20747,"WorkPlace":null,"DriverManager":null,"ParameterID":null,"Parameter":null,"AdditionalInfo":null,"Status":1,"PerformetServiceCount":7,"ResearchResultCount":0,"ApproveResearchResultCount":0,"NotSaveResearchResultCount":0,"ParentID":null,"ScreeningCandidatePlanGuid":null,"ScreeningUrl":null,"TakePlace":null,"MaterialTypeID":null,"MaterialType":null,"PartCount":0,"IsOrderProductionControl":false,"Uid":"ee5aebf0-0ef8-4c49-8127-995f339a0168","OrderPerformerServices":[],"OrderResearchAllergens":[],"Results":[],"IsResumed":false,"ExecutionType":0,"ID":"67171784","StrID":"67171784"},"ParameterID":201150,"Parameter":{"ShortNameRU":"СРБ","ShortNameKZ":"СРА","ShortName":"СРБ","DataType":0,"DataTypeName":"Число","UnitTypeID":100026,"UnitType":null,"MedicalFormID":null,"MasterDataID":0,"MedicalForm":null,"NameWithDataType":"СРБ  (Число)","NameRU":"СРБ","NameKZ":"СРА","Name":"СРБ","PublicCode":"20115000","EndDate":null,"ID":"201150","StrID":"201150"},"ParameterValues":null,"ParameterValueID":null,"ParameterValue":null,"ResultText":"8.46","ResultValue":"8.46","ResultDate":"2026-09-03T11:01:44.9425686+05:00","PostID":"189416","Post":null,"ExecuteMethod":2,"SourceResultText":"8.46","SourceResultValue":"8.46","SourceResultExpression":null,"SourceUnitTypeID":100026,"SourceUnitType":{"OrderBy":27,"MasterDataID":null,"CDD_ID":null,"NameRU":"мг/л","NameKZ":"мг/л","Name":"мг/л","PublicCode":"10002600","EndDate":null,"ID":"100026","StrID":"100026"},"MultiplierID":null,"IsApproved":false,"IsValidated":false,"StandardMatchType":0,"ApproveDate":null,"ApprovePostID":null,"ApprovePost":null,"OrderNum":1,"WorkPlaceID":20747,"OrderID":null,"BacteriologyResult":null,"AnalyzerId":38,"IsOrderProductionControl":false,"ID":"207483953","StrID":"207483953"}
03.09.2026 11:01:44	Debug:	 SendResults SaveDeviceResults = 1080 ms
03.09.2026 11:01:44	Debug:	 total for SendResults = 1402 ms
03.09.2026 11:02:23	Information:	url https://lab-vko.dmed.kz/ /api/DriverManager/PingDevice
03.09.2026 11:02:23	Information:	{
"Hash": "w9LjvpRCyoByGV3Lzv0iX9dSI0tLK0uV+pRojL1kufc=",
"Status": 0
}


03.09.2026 11:02:23	Information:	Ping ret is {"Status":0,"Comment":null}
03.09.2026 11:03:29	Information:	Received bytes(encoded):MSH|^~\&|||||20260903110228||ORU^R01|175|P|2.3.1||||0||ASCII|||PID|99|||||||O|||||||||||||||||||||||OBR|99|51563969|9|^|N|20260903095024|20260903094948|20260903094948||1^7||||20260903094948|?????|||||||||||||||||||||||||||||||||OBX|1|NM|T-Bil-V|Bilirubin Total (VOX Method)|2.949216|?mol/L|-|N|||F||2.949216|20260903110213|||0||OBX|2|NM|D-Bil-V|Bilirubin Direct (VOX Method)|0.986698|?mol/L|-|N|||F||0.986698|20260903110228|||0|<|OBX|3|NM|ALT|Alanine Aminotransferase|17.391740|U/L|-|N|||F||17.391740|20260903110042|||0|RGTE|OBX|4|NM|AST|Aspartate Aminotransferase|37.524875|U/L|-|N|||F||37.524875|20260903110057|||0||OBX|5|NM|TP|Total Protein|74.950718|g/L|-|N|||F||74.950718|20260903110228|||0||OBX|6|NM|CREA-S|Creatinine (Sarcosine Oxidase Method)|30.703927|?mol/L|-|N|||F||30.703927|20260903110227|||0||OBX|7|NM|UREA|Urea|3.956566|mmol/L|-|N|||F||3.956566|20260903110112|||0||OBX|8|NM|FER|Ferritin|14.381439|ng/mL|-|N|||F||14.381439|20260903110157|||0||OBX|9|NM||Albumin|43.457511|g/L|-|N|||F||43.457511|2026
03.09.2026 11:03:29	Information:	Add Frame:
03.09.2026 11:03:29	Information:	MSH|^~\&|||||20260903110228||ORU^R01|175|P|2.3.1||||0||ASCII|||
03.09.2026 11:03:29	Information:	In Header
03.09.2026 11:03:29	Information:	MessageType: ORU
03.09.2026 11:03:29	Information:	After message type
03.09.2026 11:03:29	Information:	After ask
03.09.2026 11:03:29	Information:	After version
03.09.2026 11:03:29	Information:	Add Frame:
03.09.2026 11:03:29	Information:	PID|99|||||||O|||||||||||||||||||||||
03.09.2026 11:03:29	Information:	Add Frame:
03.09.2026 11:03:29	Information:	OBR|99|51563969|9|^|N|20260903095024|20260903094948|20260903094948||1^7||||20260903094948|?????|||||||||||||||||||||||||||||||||
03.09.2026 11:03:29	Information:	Add Frame:
03.09.2026 11:03:29	Information:	OBX|1|NM|T-Bil-V|Bilirubin Total (VOX Method)|2.949216|?mol/L|-|N|||F||2.949216|20260903110213|||0||
03.09.2026 11:03:29	Information:	Add Frame:
03.09.2026 11:03:29	Information:	OBX|2|NM|D-Bil-V|Bilirubin Direct (VOX Method)|0.986698|?mol/L|-|N|||F||0.986698|20260903110228|||0|<|
03.09.2026 11:03:29	Information:	Add Frame:
03.09.2026 11:03:29	Information:	OBX|3|NM|ALT|Alanine Aminotransferase|17.391740|U/L|-|N|||F||17.391740|20260903110042|||0|RGTE|
03.09.2026 11:03:29	Information:	Add Frame:
03.09.2026 11:03:29	Information:	OBX|4|NM|AST|Aspartate Aminotransferase|37.524875|U/L|-|N|||F||37.524875|20260903110057|||0||
03.09.2026 11:03:29	Information:	Add Frame:
03.09.2026 11:03:29	Information:	OBX|5|NM|TP|Total Protein|74.950718|g/L|-|N|||F||74.950718|20260903110228|||0||
03.09.2026 11:03:29	Information:	Add Frame:
03.09.2026 11:03:29	Information:	OBX|6|NM|CREA-S|Creatinine (Sarcosine Oxidase Method)|30.703927|?mol/L|-|N|||F||30.703927|20260903110227|||0||
03.09.2026 11:03:29	Information:	Add Frame:
03.09.2026 11:03:29	Information:	OBX|7|NM|UREA|Urea|3.956566|mmol/L|-|N|||F||3.956566|20260903110112|||0||
03.09.2026 11:03:29	Information:	Add Frame:
03.09.2026 11:03:29	Information:	OBX|8|NM|FER|Ferritin|14.381439|ng/mL|-|N|||F||14.381439|20260903110157|||0||
03.09.2026 11:03:29	Information:	Received bytes(encoded):0903105827|||0|RGTE|OBX|10|NM||AST/ALT|2.155172||-|N|||F||2.155172||||||
03.09.2026 11:03:29	Information:	Add Frame:
03.09.2026 11:03:29	Information:	OBX|9|NM||Albumin|43.457511|g/L|-|N|||F||43.457511|20260903105827|||0|RGTE|
03.09.2026 11:03:29	Information:	Add Frame:
03.09.2026 11:03:29	Information:	OBX|10|NM||AST/ALT|2.155172||-|N|||F||2.155172||||||
03.09.2026 11:03:29	Information:	Add Frame:
03.09.2026 11:03:29	Information:	
03.09.2026 11:03:29	Debug:	read message: 2ms
03.09.2026 11:03:29	Information:	The answer message is created successfully
03.09.2026 11:03:29	Information:	Sending answer...
03.09.2026 11:03:29	Information:	We are in ORU Message
03.09.2026 11:03:29	Information:	MSH MSH|^~\&|||||20260903110228||ORU^R01|175|P|2.3.1||||0||ASCII||||
03.09.2026 11:03:29	Information:	PID PID|99|||||||O||||||||||||||||||||||||
03.09.2026 11:03:29	Information:	PatientRecord in message is successfully  processed
03.09.2026 11:03:29	Information:	The patient order is successfully processed
03.09.2026 11:03:29	Information:	The order record is successfully processed
03.09.2026 11:03:29	Information:	The order record is successfully processed
03.09.2026 11:03:29	Information:	The order record is successfully processed
03.09.2026 11:03:29	Information:	The order record is successfully processed
03.09.2026 11:03:29	Information:	The order record is successfully processed
03.09.2026 11:03:29	Information:	The order record is successfully processed
03.09.2026 11:03:29	Information:	The order record is successfully processed
03.09.2026 11:03:29	Information:	The order record is successfully processed
03.09.2026 11:03:29	Information:	The order record is successfully processed
03.09.2026 11:03:29	Information:	The order record is successfully processed
03.09.2026 11:03:29	Information:	The ORU message is successfully processed
03.09.2026 11:03:29	Debug:	Process message: 8ms
03.09.2026 11:03:29	Debug:	Total time : 11ms
03.09.2026 11:03:29	Information:	Sended bytes:  11 77 83 72 124 94 126 92 38 124 77 105 110 100 114 97 121 124 124 124 124 50 48 50 54 48 57 48 51 49 49 48 51 50 57 124 124 65 67 75 94 82 48 49 124 49 55 53 124 80 124 50 46 51 46 49 124 124 124 124 48 124 124 117 115 45 97 115 99 105 105 124 124 124 13 77 83 65 124 65 65 124 49 55 53 124 77 101 115 115 97 103 101 32 97 99 99 101 112 116 101 100 124 124 124 48 124 13 28 13
03.09.2026 11:03:29	Information:	Sended string MSH|^~\&|Mindray||||20260903110329||ACK^R01|175|P|2.3.1||||0||us-ascii|||MSA|AA|175|Message accepted|||0|
03.09.2026 11:03:30	Debug:	SendResults:	check DriverRequests=	0	ms
03.09.2026 11:03:30	Information:	ByBarcode 51563969
03.09.2026 11:03:30	Information:	GetLinesByBarcodes
03.09.2026 11:03:30	Information:	{
"WorkPlaceID": 20747,
"BeginDate": "2026-06-04",
"EndDate": "2026-09-04",
"OrderNumber": "51563969",
"Offset": 0,
"Limit": 1
}


03.09.2026 11:03:30	Information:	GetByBarcodeReturn: 
03.09.2026 11:03:30	Information:	{"Data":[{"ID":31168528,"StrID":"31168528","OrderNumber":"51563969","OrderRegDate":"2026-09-03T02:08:02.193","PlanExecutionDate":"2026-09-03T02:07:00","SenderMoID":45500000000000909,"SenderMo":{"NameRU":"Некоммерческое акционерное общество \"Медицинский университет Семей\"","NameKZ":"\"Семей медицина университеті\" коммерциялық емес акционерлік қоғамы","Name":"Некоммерческое акционерное общество \"Медицинский университет Семей\"","ShortNameRU":"НАО \"МУС\"","ShortNameKZ":"\"СМУ\" КеАҚ","ShortName":"НАО \"МУС\"","PublicCode":"237J","AddressRU":"ВКО, г. Семей, ул. Абая Кунанбаева 103","AddressKZ":"ВКО, г. Семей, ул. Абая Кунанбаева 103","Address":"ВКО, г. Семей, ул. Абая Кунанбаева 103","OriginalID":"45500000000000909","IsWork":true,"RegionID":20,"BIN":"190240004938","MasterDataID":4911,"PhonesData":{"OrgHealthCarePhones":[]},"IsPostmortem":false,"IsHospital":true,"Code":null,"ID":"45500000000000909","StrID":"45500000000000909"},"ReceiverMoID":45500000000000909,"ReceiverMo":null,"PatientDetailID":41095369,"PatientDetail":{"PersonID":"2302702","Person":{"IIN":"241014550740","LastName":"ТӨКЕН","FirstName":"АЙТУАР","SecondName":"БАҚТИЯРҰЛЫ","FullName":"ТӨКЕН АЙТУАР БАҚТИЯРҰЛЫ","FullNameIOF":"АЙТУАР БАҚТИЯРҰЛЫ ТӨКЕН","DisplayText":"241014550740 АЙТУАР БАҚТИЯРҰЛЫ ТӨКЕН 14.10.2024","IinFullName":"241014550740 - ТӨКЕН АЙТУАР БАҚТИЯРҰЛЫ","BirthDate":"2024-10-14T00:00:00","BirthDateStr":"14.10.2024","DeathDate":null,"DeathDateStr":"","BioSexID":3,"BioSex":null,"NationalityID":null,"Nationality":null,"CitizenshipID":null,"Citizenship":null,"MasterDataID":149113799,"RpnID":"15300000056065654","KmisID":"60300000001742093","Type":1,"Age":0,"IsStillborn":false,"IsEarlyNeonatalDeathUp28days":false,"IsDeadPerson":false,"ID":"2302702","StrID":"2302702"},"AddressRU":"РЕСПУБЛИКА: Казахстан , ОБЛАСТЬ: Абайская , ГОРОД ОБЛ.ЗНАЧ.: Семей , ПРОЕЗД: 2-й Проезд , ДОМ: 44А ","AddressKZ":": Қазақстан , : Абай , : Семей Қ. , : 2-ші Проезд , ҮЙ: 44А ","Address":"РЕСПУБЛИКА: Казахстан , ОБЛАСТЬ: Абайская , ГОРОД ОБЛ.ЗНАЧ.: Семей , ПРОЕЗД: 2-й Проезд , ДОМ: 44А ","MasterDataAddressID":2676405,"WorkPlace":null,"WorkPosition":null,"DocumentNumber":"9783574","DocumentTypeID":3,"DocumentType":null,"NationalityID":null,"DocumentTypeName":null,"Phones":"+7 (747) 807-04-66","ExternalCardID":"5975958","CardType":1,"CardNumber":"67708","CitizenshipCategoryID":1,"CitizenshipCategory":null,"ResidenceTypeID":4,"ResidenceType":null,"MotherPersonID":593252,"MotherPerson":null,"IsForeigner":false,"IsHomeless":false,"IsDeadPerson":false,"IsResident":true,"ID":"41095369","StrID":"41095369"},"Person":{"IIN":"241014550740","LastName":"ТӨКЕН","FirstName":"АЙТУАР","SecondName":"БАҚТИЯРҰЛЫ","FullName":"ТӨКЕН АЙТУАР БАҚТИЯРҰЛЫ","FullNameIOF":"АЙТУАР БАҚТИЯРҰЛЫ ТӨКЕН","DisplayText":"241014550740 АЙТУАР БАҚТИЯРҰЛЫ ТӨКЕН 14.10.2024","IinFullName":"241014550740 - ТӨКЕН АЙТУАР БАҚТИЯРҰЛЫ","BirthDate":"2024-10-14T00:00:00","BirthDateStr":"14.10.2024","DeathDate":null,"DeathDateStr":"","BioSexID":3,"BioSex":null,"NationalityID":null,"Nationality":null,"CitizenshipID":null,"Citizenship":null,"MasterDataID":149113799,"RpnID":"15300000056065654","KmisID":"60300000001742093","Type":1,"Age":0,"IsStillborn":false,"IsEarlyNeonatalDeathUp28days":false,"IsDeadPerson":false,"ID":"2302702","StrID":"2302702"},"IsCito":false,"ExternalSystem":1,"OrderResultFileID":null,"OrderResultFileStorageID":null,"OrderResultDate":null,"Status":1,"DeleteDate":null,"ResultNotes":null,"Comment":"","ExternalOrderNumber":"51563969","ExaminationTypeID":null,"ExaminationType":null,"ExaminationIndicationID":null,"ExaminationIndication":null,"Uid":"FF40220A-1CCC-45D8-A967-FC8DEF243744","SenderPostFullName":"КЫДЫРБАЕВА МЕРУЕРТ МАНАРБЕКОВНА","SenderFuncStructureNameRU":"Отделение педиатрии","SenderFuncStructureNameKZ":"Педиатр бөлімі","IsSamplingOfMaterialsAtReceiver":false,"MisID":42194505,"Materials":[{"OrderID":31168528,"Uid":"7d1f86b4-7e13-4d4a-829d-f9ebc628b489","MaterialNumber":"51563969","MaterialTypeID":363,"MaterialType":{"OrderBy":0,"ParentID":202,"HasChildren":false,"MasterDataID":489,"Parent":null,"NameRU":"Кровь венозная","NameKZ":"Кровь венозная","Name":"Кровь венозная","PublicCode":"36300","EndDate":null,"ID":"363","StrID":"363"},"TakeDate":"2026-09-03T02:07:00","TakeDateStr":"03.09.2026 02:07","TakePlace":"педиатрия","RejectionReason":null,"RejectionTakenMeasures":null,"ReceiptDate":null,"ReceiptDateStr":null,"RejectionCreatePostID":null,"RejectionCreatePost":null,"SampleCollectorPostIIN":"670604401046","SampleCollectorPostID":null,"Researches":[],"RejectedMaterialImageID":null,"File":null,"ID":"31455447","StrID":"31455447"}],"Researches":[]}],"Total":1}
03.09.2026 11:03:30	Information:	OrderedWW 51563969 Biomat 0 Device 20747
03.09.2026 11:03:30	Information:	ResearchResult
03.09.2026 11:03:30	Information:	{
"OrderID": "31168528",
"WorkPlaceID": 20747
}


03.09.2026 11:03:30	Information:	[{"OrderResearchID":67171355,"OrderResearch":null,"ParameterID":200918,"Parameter":{"ShortNameRU":"общий белок в сыворотке крови","ShortNameKZ":"қан сарысуындағы жалпы ақуыз","ShortName":"общий белок в сыворотке крови","DataType":0,"DataTypeName":"Число","UnitTypeID":100012,"UnitType":{"OrderBy":13,"MasterDataID":null,"CDD_ID":null,"NameRU":"г/л","NameKZ":"г/л","Name":"г/л","PublicCode":"10001200","EndDate":null,"ID":"100012","StrID":"100012"},"MedicalFormID":null,"MasterDataID":0,"MedicalForm":null,"NameWithDataType":"общий белок в сыворотке крови  (Число)","NameRU":"общий белок в сыворотке крови","NameKZ":"қан сарысуындағы жалпы ақуыз","Name":"общий белок в сыворотке крови","PublicCode":"20091800","EndDate":null,"ID":"200918","StrID":"200918"},"ParameterValues":null,"ParameterValueID":null,"ParameterValue":null,"ResultText":null,"ResultValue":null,"ResultDate":"2026-09-03T11:03:31.0877699+05:00","PostID":"0","Post":null,"ExecuteMethod":2,"SourceResultText":null,"SourceResultValue":null,"SourceResultExpression":null,"SourceUnitTypeID":100012,"SourceUnitType":{"OrderBy":13,"MasterDataID":null,"CDD_ID":null,"NameRU":"г/л","NameKZ":"г/л","Name":"г/л","PublicCode":"10001200","EndDate":null,"ID":"100012","StrID":"100012"},"MultiplierID":null,"IsApproved":false,"IsValidated":false,"StandardMatchType":0,"ApproveDate":null,"ApprovePostID":null,"ApprovePost":null,"OrderNum":1,"WorkPlaceID":20747,"OrderID":null,"BacteriologyResult":null,"AnalyzerId":null,"IsOrderProductionControl":false,"ID":"0","StrID":"0"},{"OrderResearchID":67171356,"OrderResearch":null,"ParameterID":201354,"Parameter":{"ShortNameRU":"альбумин  в сыворотке крови (анализатор)","ShortNameKZ":"қан сарысуындағы альбумин (анализатор)","ShortName":"альбумин  в сыворотке крови (анализатор)","DataType":0,"DataTypeName":"Число","UnitTypeID":100012,"UnitType":{"OrderBy":13,"MasterDataID":null,"CDD_ID":null,"NameRU":"г/л","NameKZ":"г/л","Name":"г/л","PublicCode":"10001200","EndDate":null,"ID":"100012","StrID":"100012"},"MedicalFormID":null,"MasterDataID":0,"MedicalForm":null,"NameWithDataType":"альбумин  в сыворотке крови (анализатор)  (Число)","NameRU":"альбумин  в сыворотке крови (анализатор)","NameKZ":"қан сарысуындағы альбумин (анализатор)","Name":"альбумин  в сыворотке крови (анализатор)","PublicCode":"20135400","EndDate":null,"ID":"201354","StrID":"201354"},"ParameterValues":null,"ParameterValueID":null,"ParameterValue":null,"ResultText":null,"ResultValue":null,"ResultDate":"2026-09-03T11:03:31.0933507+05:00","PostID":"0","Post":null,"ExecuteMethod":2,"SourceResultText":null,"SourceResultValue":null,"SourceResultExpression":null,"SourceUnitTypeID":100012,"SourceUnitType":{"OrderBy":13,"MasterDataID":null,"CDD_ID":null,"NameRU":"г/л","NameKZ":"г/л","Name":"г/л","PublicCode":"10001200","EndDate":null,"ID":"100012","StrID":"100012"},"MultiplierID":null,"IsApproved":false,"IsValidated":false,"StandardMatchType":0,"ApproveDate":null,"ApprovePostID":null,"ApprovePost":null,"OrderNum":1,"WorkPlaceID":20747,"OrderID":null,"BacteriologyResult":null,"AnalyzerId":null,"IsOrderProductionControl":false,"ID":"0","StrID":"0"},{"OrderResearchID":67171357,"OrderResearch":null,"ParameterID":200357,"Parameter":{"ShortNameRU":"АЛаТ","ShortNameKZ":"АЛаТ","ShortName":"АЛаТ","DataType":0,"DataTypeName":"Число","UnitTypeID":100030,"UnitType":{"OrderBy":31,"MasterDataID":null,"CDD_ID":null,"NameRU":"МЕ/л","NameKZ":"ХБ/л","Name":"МЕ/л","PublicCode":"10003000","EndDate":null,"ID":"100030","StrID":"100030"},"MedicalFormID":null,"MasterDataID":0,"MedicalForm":null,"NameWithDataType":"АЛаТ  (Число)","NameRU":"АЛаТ","NameKZ":"АЛаТ","Name":"АЛаТ","PublicCode":"20035700","EndDate":null,"ID":"200357","StrID":"200357"},"ParameterValues":null,"ParameterValueID":null,"ParameterValue":null,"ResultText":null,"ResultValue":null,"ResultDate":"2026-09-03T11:03:31.0953554+05:00","PostID":"0","Post":null,"ExecuteMethod":2,"SourceResultText":null,"SourceResultValue":null,"SourceResultExpression":null,"SourceUnitTypeID":100030,"SourceUnitType":{"OrderBy":31,"MasterDataID":null,"CDD_ID":null,"NameRU":"МЕ/л","NameKZ":"ХБ/л","Name":"МЕ/л","PublicCode":"10003000","EndDate":null,"ID":"100030","StrID":"100030"},"MultiplierID":null,"IsApproved":false,"IsValidated":false,"StandardMatchType":0,"ApproveDate":null,"ApprovePostID":null,"ApprovePost":null,"OrderNum":1,"WorkPlaceID":20747,"OrderID":null,"BacteriologyResult":null,"AnalyzerId":null,"IsOrderProductionControl":false,"ID":"0","StrID":"0"},{"OrderResearchID":67171359,"OrderResearch":null,"ParameterID":200919,"Parameter":{"ShortNameRU":"общий билирубин в сыворотке крови","ShortNameKZ":"қан сарысуындағы жалпы билирубин","ShortName":"общий билирубин в сыворотке крови","DataType":0,"DataTypeName":"Число","UnitTypeID":100041,"UnitType":{"OrderBy":42,"MasterDataID":null,"CDD_ID":null,"NameRU":"мкмоль/л","NameKZ":"мкмоль/л","Name":"мкмоль/л","PublicCode":"10004100","EndDate":null,"ID":"100041","StrID":"100041"},"MedicalFormID":null,"MasterDataID":0,"MedicalForm":null,"NameWithDataType":"общий билирубин в сыворотке крови  (Число)","NameRU":"общий билирубин в сыворотке крови","NameKZ":"қан сарысуындағы жалпы билирубин","Name":"общий билирубин в сыворотке крови","PublicCode":"20091900","EndDate":null,"ID":"200919","StrID":"200919"},"ParameterValues":null,"ParameterValueID":null,"ParameterValue":null,"ResultText":null,"ResultValue":null,"ResultDate":"2026-09-03T11:03:31.0953554+05:00","PostID":"0","Post":null,"ExecuteMethod":2,"SourceResultText":null,"SourceResultValue":null,"SourceResultExpression":null,"SourceUnitTypeID":100041,"SourceUnitType":{"OrderBy":42,"MasterDataID":null,"CDD_ID":null,"NameRU":"мкмоль/л","NameKZ":"мкмоль/л","Name":"мкмоль/л","PublicCode":"10004100","EndDate":null,"ID":"100041","StrID":"100041"},"MultiplierID":null,"IsApproved":false,"IsValidated":false,"StandardMatchType":0,"ApproveDate":null,"ApprovePostID":null,"ApprovePost":null,"OrderNum":1,"WorkPlaceID":20747,"OrderID":null,"BacteriologyResult":null,"AnalyzerId":null,"IsOrderProductionControl":false,"ID":"0","StrID":"0"},{"OrderResearchID":67171358,"OrderResearch":null,"ParameterID":200408,"Parameter":{"ShortNameRU":"АСаТ","ShortNameKZ":"АСаТ","ShortName":"АСаТ","DataType":0,"DataTypeName":"Число","UnitTypeID":100030,"UnitType":{"OrderBy":31,"MasterDataID":null,"CDD_ID":null,"NameRU":"МЕ/л","NameKZ":"ХБ/л","Name":"МЕ/л","PublicCode":"10003000","EndDate":null,"ID":"100030","StrID":"100030"},"MedicalFormID":null,"MasterDataID":0,"MedicalForm":null,"NameWithDataType":"АСаТ  (Число)","NameRU":"АСаТ","NameKZ":"АСаТ","Name":"АСаТ","PublicCode":"20040800","EndDate":null,"ID":"200408","StrID":"200408"},"ParameterValues":null,"ParameterValueID":null,"ParameterValue":null,"ResultText":null,"ResultValue":null,"ResultDate":"2026-09-03T11:03:31.1033857+05:00","PostID":"0","Post":null,"ExecuteMethod":2,"SourceResultText":null,"SourceResultValue":null,"SourceResultExpression":null,"SourceUnitTypeID":100030,"SourceUnitType":{"OrderBy":31,"MasterDataID":null,"CDD_ID":null,"NameRU":"МЕ/л","NameKZ":"ХБ/л","Name":"МЕ/л","PublicCode":"10003000","EndDate":null,"ID":"100030","StrID":"100030"},"MultiplierID":null,"IsApproved":false,"IsValidated":false,"StandardMatchType":0,"ApproveDate":null,"ApprovePostID":null,"ApprovePost":null,"OrderNum":1,"WorkPlaceID":20747,"OrderID":null,"BacteriologyResult":null,"AnalyzerId":null,"IsOrderProductionControl":false,"ID":"0","StrID":"0"},{"OrderResearchID":67171360,"OrderResearch":null,"ParameterID":201234,"Parameter":{"ShortNameRU":"ферритин в сыворотке крови","ShortNameKZ":"қан сарысуындағы ферритин","ShortName":"ферритин в сыворотке крови","DataType":0,"DataTypeName":"Число","UnitTypeID":100035,"UnitType":{"OrderBy":36,"MasterDataID":null,"CDD_ID":null,"NameRU":"мкг/л","NameKZ":"мкг/л","Name":"мкг/л","PublicCode":"10003500","EndDate":null,"ID":"100035","StrID":"100035"},"MedicalFormID":null,"MasterDataID":0,"MedicalForm":null,"NameWithDataType":"ферритин в сыворотке крови  (Число)","NameRU":"ферритин в сыворотке крови","NameKZ":"қан сарысуындағы ферритин","Name":"ферритин в сыворотке крови","PublicCode":"20123400","EndDate":null,"ID":"201234","StrID":"201234"},"ParameterValues":null,"ParameterValueID":null,"ParameterValue":null,"ResultText":null,"ResultValue":null,"ResultDate":"2026-09-03T11:03:31.1033857+05:00","PostID":"0","Post":null,"ExecuteMethod":1,"SourceResultText":null,"SourceResultValue":null,"SourceResultExpression":null,"SourceUnitTypeID":100035,"SourceUnitType":{"OrderBy":36,"MasterDataID":null,"CDD_ID":null,"NameRU":"мкг/л","NameKZ":"мкг/л","Name":"мкг/л","PublicCode":"10003500","EndDate":null,"ID":"100035","StrID":"100035"},"MultiplierID":null,"IsApproved":false,"IsValidated":false,"StandardMatchType":0,"ApproveDate":null,"ApprovePostID":null,"ApprovePost":null,"OrderNum":1,"WorkPlaceID":20747,"OrderID":null,"BacteriologyResult":null,"AnalyzerId":null,"IsOrderProductionControl":false,"ID":"0","StrID":"0"},{"OrderResearchID":67171361,"OrderResearch":null,"ParameterID":200852,"Parameter":{"ShortNameRU":"мочевина в сыворотке крови","ShortNameKZ":"қан сарысуындағы несепнәр","ShortName":"мочевина в сыворотке крови","DataType":0,"DataTypeName":"Число","UnitTypeID":100051,"UnitType":{"OrderBy":52,"MasterDataID":null,"CDD_ID":null,"NameRU":"ммоль/л","NameKZ":"ммоль/л","Name":"ммоль/л","PublicCode":"10005100","EndDate":null,"ID":"100051","StrID":"100051"},"MedicalFormID":null,"MasterDataID":0,"MedicalForm":null,"NameWithDataType":"мочевина в сыворотке крови  (Число)","NameRU":"мочевина в сыворотке крови","NameKZ":"қан сарысуындағы несепнәр","Name":"мочевина в сыворотке крови","PublicCode":"20085200","EndDate":null,"ID":"200852","StrID":"200852"},"ParameterValues":null,"ParameterValueID":null,"ParameterValue":null,"ResultText":null,"ResultValue":null,"ResultDate":"2026-09-03T11:03:31.11139+05:00","PostID":"0","Post":null,"ExecuteMethod":2,"SourceResultText":null,"SourceResultValue":null,"SourceResultExpression":null,"SourceUnitTypeID":100051,"SourceUnitType":{"OrderBy":52,"MasterDataID":null,"CDD_ID":null,"NameRU":"ммоль/л","NameKZ":"ммоль/л","Name":"ммоль/л","PublicCode":"10005100","EndDate":null,"ID":"100051","StrID":"100051"},"MultiplierID":null,"IsApproved":false,"IsValidated":false,"StandardMatchType":0,"ApproveDate":null,"ApprovePostID":null,"ApprovePost":null,"OrderNum":1,"WorkPlaceID":20747,"OrderID":null,"BacteriologyResult":null,"AnalyzerId":null,"IsOrderProductionControl":false,"ID":"0","StrID":"0"},{"OrderResearchID":67171362,"OrderResearch":null,"ParameterID":200744,"Parameter":{"ShortNameRU":"креатинин в крови","ShortNameKZ":"қандағы креатинин","ShortName":"креатинин в крови","DataType":0,"DataTypeName":"Число","UnitTypeID":100041,"UnitType":{"OrderBy":42,"MasterDataID":null,"CDD_ID":null,"NameRU":"мкмоль/л","NameKZ":"мкмоль/л","Name":"мкмоль/л","PublicCode":"10004100","EndDate":null,"ID":"100041","StrID":"100041"},"MedicalFormID":null,"MasterDataID":0,"MedicalForm":null,"NameWithDataType":"креатинин в крови  (Число)","NameRU":"креатинин в крови","NameKZ":"қандағы креатинин","Name":"креатинин в крови","PublicCode":"20074400","EndDate":null,"ID":"200744","StrID":"200744"},"ParameterValues":null,"ParameterValueID":null,"ParameterValue":null,"ResultText":null,"ResultValue":null,"ResultDate":"2026-09-03T11:03:31.115408+05:00","PostID":"0","Post":null,"ExecuteMethod":2,"SourceResultText":null,"SourceResultValue":null,"SourceResultExpression":null,"SourceUnitTypeID":100041,"SourceUnitType":{"OrderBy":42,"MasterDataID":null,"CDD_ID":null,"NameRU":"мкмоль/л","NameKZ":"мкмоль/л","Name":"мкмоль/л","PublicCode":"10004100","EndDate":null,"ID":"100041","StrID":"100041"},"MultiplierID":null,"IsApproved":false,"IsValidated":false,"StandardMatchType":0,"ApproveDate":null,"ApprovePostID":null,"ApprovePost":null,"OrderNum":1,"WorkPlaceID":20747,"OrderID":null,"BacteriologyResult":null,"AnalyzerId":null,"IsOrderProductionControl":false,"ID":"0","StrID":"0"}]
03.09.2026 11:03:30	Information:	TestsWW spec 200918, spec 201354, spec 200357, spec 200919, spec 200408, spec 201234, spec 200852, spec 200744, 
03.09.2026 11:03:30	Information:	Querry lines count: 1
03.09.2026 11:03:30	Debug:	SendResults:	fix DriverRequests=	759	ms
03.09.2026 11:03:30	Information:	SAMPLE! 51563969 DeviceDriverResult Sample: 51563969 Suggest: . Do Request True
03.09.2026 11:03:30	Information:	Sample request count: 1
03.09.2026 11:03:30	Information:	MU is ?mol/L
03.09.2026 11:03:30	Information:	Driver Collations count 0
03.09.2026 11:03:30	Information:	MU collations count=0
03.09.2026 11:03:30	Information:	MU is U/L
03.09.2026 11:03:30	Information:	Driver Collations count 0
03.09.2026 11:03:30	Information:	MU collations count=0
03.09.2026 11:03:30	Information:	MU is U/L
03.09.2026 11:03:30	Information:	Driver Collations count 0
03.09.2026 11:03:30	Information:	MU collations count=0
03.09.2026 11:03:30	Information:	MU is g/L
03.09.2026 11:03:30	Information:	Driver Collations count 0
03.09.2026 11:03:30	Information:	MU collations count=0
03.09.2026 11:03:30	Information:	MU is ?mol/L
03.09.2026 11:03:30	Information:	Driver Collations count 0
03.09.2026 11:03:30	Information:	MU collations count=0
03.09.2026 11:03:30	Information:	MU is mmol/L
03.09.2026 11:03:30	Information:	Driver Collations count 0
03.09.2026 11:03:30	Information:	MU collations count=0
03.09.2026 11:03:30	Information:	MU is ng/mL
03.09.2026 11:03:30	Information:	Driver Collations count 0
03.09.2026 11:03:30	Information:	MU collations count=0
03.09.2026 11:03:30	Debug:	SendResults:	SetTestsValues first SetTestsValues=	76	ms
03.09.2026 11:03:30	Debug:	SendResults:	Device Total = 837 ms
03.09.2026 11:03:30	Information:	Saving 51563969
03.09.2026 11:03:30	Information:	Start test result saving
03.09.2026 11:03:31	Information:	Result object to save: 
03.09.2026 11:03:31	Information:	{"OrderResearchID":67171355,"OrderResearch":null,"ParameterID":200918,"Parameter":{"ShortNameRU":"общий белок в сыворотке крови","ShortNameKZ":"қан сарысуындағы жалпы ақуыз","ShortName":"общий белок в сыворотке крови","DataType":0,"DataTypeName":"Число","UnitTypeID":100012,"UnitType":{"NameRU":"г/л","NameKZ":"г/л","Name":"г/л","PublicCode":"10001200","OrderBy":13,"ID":100012,"StrID":"100012"},"MedicalFormID":null,"MedicalForm":null,"NameRU":"общий белок в сыворотке крови","NameKZ":"қан сарысуындағы жалпы ақуыз","Name":"общий белок в сыворотке крови","PublicCode":"20091800","OrderBy":null,"ID":200918,"StrID":"200918"},"ParameterValueID":null,"ParameterValue":null,"ResultText":"74.95","ResultValue":null,"ResultDate":"2026-09-03T11:03:31.0877699+05:00","PostID":0,"Post":null,"ExecuteMethod":2,"SourceResultText":"74.95","SourceResultValue":null,"SourceResultExpression":null,"SourceUnitTypeID":100012,"SourceUnitType":{"NameRU":"г/л","NameKZ":"г/л","Name":"г/л","PublicCode":"10001200","OrderBy":13,"ID":100012,"StrID":"100012"},"IsApproved":false,"ApproveDate":null,"ApprovePostID":null,"ApprovePost":null,"OrderNum":1,"WorkPlaceID":20747,"DriverManagerID":150,"BacteriologyResult":null,"AnalyzerId":38,"IsOrderProductionControl":false,"ID":0,"StrID":"0"}
03.09.2026 11:03:31	Information:	Save string: 
03.09.2026 11:03:31	Information:	{"OrderResearchID":67171355,"OrderResearch":{"OrderID":31168528,"ServiceMoID":2163201,"ServiceMoMasterDataID":8269447,"ServiceMo":{"OrgHealthCareID":"45500000000000909","ServiceID":236,"NameRU":"Определение общего белка в сыворотке крови на анализаторе","NameKZ":"Қан сарысуындағы жалпы нәруызды талдауышта анықтау ","Name":"Определение общего белка в сыворотке крови на анализаторе","ShortNameRU":"Определение общего белка в сыворотке крови на анализаторе","ShortNameKZ":"Қан сарысуындағы жалпы нәруызды талдауышта анықтау ","ShortName":"Определение общего белка в сыворотке крови на анализаторе","FullName":"B03.397.002 - Определение общего белка в сыворотке крови на анализаторе","Code":"B03.397.002","ExternalCode":null,"ServiceClassID":5,"ServiceClass":{"ServiceTypeID":2,"OrderBy":5,"MasterDataID":5,"NameRU":"Клиническая химия (биохимия)","NameKZ":"Клиникалық химия (биохимия)","Name":"Клиническая химия (биохимия)","PublicCode":"500","EndDate":null,"ID":"5","StrID":"5"},"Service":{"NameRU":"Определение общего белка в сыворотке крови на анализаторе","NameKZ":"Қан сарысуындағы жалпы нәруызды талдауышта анықтау","Name":"Определение общего белка в сыворотке крови на анализаторе","ShortNameRU":"Общий белок на анализаторе","ShortNameKZ":"Общий белок на анализаторе","ShortName":"Общий белок на анализаторе","FullName":"B03.397.002 - Определение общего белка в сыворотке крови на анализаторе","Code":"B03.397.002","ServiceClassID":5,"ServiceClass":null,"ServiceSubClassID":6,"ServiceSubClass":null,"MaterialTypeID":202,"MaterialType":null,"MasterDataID":3079,"ID":"236","StrID":"236"},"MasterDataID":8269447,"ServiceSubClassID":6,"PayType":1,"ServiceSubClass":null,"ID":"2163201","StrID":"2163201"},"FullName":"B03.397.002 - Определение общего белка в сыворотке крови на анализаторе  () ","IsMain":true,"SourceID":"145161201_34025371","WorkPlaceID":20747,"WorkPlace":null,"DriverManager":null,"ParameterID":null,"Parameter":null,"AdditionalInfo":null,"Status":1,"PerformetServiceCount":7,"ResearchResultCount":0,"ApproveResearchResultCount":0,"NotSaveResearchResultCount":0,"ParentID":null,"ScreeningCandidatePlanGuid":null,"ScreeningUrl":null,"TakePlace":null,"MaterialTypeID":null,"MaterialType":null,"PartCount":0,"IsOrderProductionControl":false,"Uid":"c1d0b34d-fbde-43cb-a641-1cd6d0a954f0","OrderPerformerServices":[],"OrderResearchAllergens":[],"Results":[],"IsResumed":false,"ExecutionType":0,"ID":"67171355","StrID":"67171355"},"ParameterID":200918,"Parameter":{"ShortNameRU":"общий белок в сыворотке крови","ShortNameKZ":"қан сарысуындағы жалпы ақуыз","ShortName":"общий белок в сыворотке крови","DataType":0,"DataTypeName":"Число","UnitTypeID":100012,"UnitType":null,"MedicalFormID":null,"MasterDataID":0,"MedicalForm":null,"NameWithDataType":"общий белок в сыворотке крови  (Число)","NameRU":"общий белок в сыворотке крови","NameKZ":"қан сарысуындағы жалпы ақуыз","Name":"общий белок в сыворотке крови","PublicCode":"20091800","EndDate":null,"ID":"200918","StrID":"200918"},"ParameterValues":null,"ParameterValueID":null,"ParameterValue":null,"ResultText":"74.95","ResultValue":"74.95","ResultDate":"2026-09-03T11:03:31.3378332+05:00","PostID":"189416","Post":null,"ExecuteMethod":2,"SourceResultText":"74.95","SourceResultValue":"74.95","SourceResultExpression":null,"SourceUnitTypeID":100012,"SourceUnitType":{"OrderBy":13,"MasterDataID":null,"CDD_ID":null,"NameRU":"г/л","NameKZ":"г/л","Name":"г/л","PublicCode":"10001200","EndDate":null,"ID":"100012","StrID":"100012"},"MultiplierID":null,"IsApproved":false,"IsValidated":false,"StandardMatchType":0,"ApproveDate":null,"ApprovePostID":null,"ApprovePost":null,"OrderNum":1,"WorkPlaceID":20747,"OrderID":null,"BacteriologyResult":null,"AnalyzerId":38,"IsOrderProductionControl":false,"ID":"207484312","StrID":"207484312"}
03.09.2026 11:03:31	Information:	No result for test 201354 for sample with barcode 51563969 for device 20747
03.09.2026 11:03:31	Information:	Result object to save: 
03.09.2026 11:03:31	Information:	{"OrderResearchID":67171357,"OrderResearch":null,"ParameterID":200357,"Parameter":{"ShortNameRU":"АЛаТ","ShortNameKZ":"АЛаТ","ShortName":"АЛаТ","DataType":0,"DataTypeName":"Число","UnitTypeID":100030,"UnitType":{"NameRU":"МЕ/л","NameKZ":"ХБ/л","Name":"МЕ/л","PublicCode":"10003000","OrderBy":31,"ID":100030,"StrID":"100030"},"MedicalFormID":null,"MedicalForm":null,"NameRU":"АЛаТ","NameKZ":"АЛаТ","Name":"АЛаТ","PublicCode":"20035700","OrderBy":null,"ID":200357,"StrID":"200357"},"ParameterValueID":null,"ParameterValue":null,"ResultText":"17.39","ResultValue":null,"ResultDate":"2026-09-03T11:03:31.0953554+05:00","PostID":0,"Post":null,"ExecuteMethod":2,"SourceResultText":"17.39","SourceResultValue":null,"SourceResultExpression":null,"SourceUnitTypeID":100030,"SourceUnitType":{"NameRU":"МЕ/л","NameKZ":"ХБ/л","Name":"МЕ/л","PublicCode":"10003000","OrderBy":31,"ID":100030,"StrID":"100030"},"IsApproved":false,"ApproveDate":null,"ApprovePostID":null,"ApprovePost":null,"OrderNum":1,"WorkPlaceID":20747,"DriverManagerID":150,"BacteriologyResult":null,"AnalyzerId":38,"IsOrderProductionControl":false,"ID":0,"StrID":"0"}
03.09.2026 11:03:31	Information:	Save string: 
03.09.2026 11:03:31	Information:	{"OrderResearchID":67171357,"OrderResearch":{"OrderID":31168528,"ServiceMoID":2163576,"ServiceMoMasterDataID":8269462,"ServiceMo":{"OrgHealthCareID":"45500000000000909","ServiceID":253,"NameRU":"Определение аланинаминотрансферазы (АЛаТ) в сыворотке крови на анализаторе","NameKZ":"Қан сарысуындағы аланинаминотрансферазды (АЛаТ) талдауышта анықтау ","Name":"Определение аланинаминотрансферазы (АЛаТ) в сыворотке крови на анализаторе","ShortNameRU":"Определение аланинаминотрансферазы (АЛаТ) в сыворотке крови на анализаторе","ShortNameKZ":"Қан сарысуындағы аланинаминотрансферазды (АЛаТ) талдауышта анықтау ","ShortName":"Определение аланинаминотрансферазы (АЛаТ) в сыворотке крови на анализаторе","FullName":"B03.155.002 - Определение аланинаминотрансферазы (АЛаТ) в сыворотке крови на анализаторе","Code":"B03.155.002","ExternalCode":null,"ServiceClassID":5,"ServiceClass":{"ServiceTypeID":2,"OrderBy":5,"MasterDataID":5,"NameRU":"Клиническая химия (биохимия)","NameKZ":"Клиникалық химия (биохимия)","Name":"Клиническая химия (биохимия)","PublicCode":"500","EndDate":null,"ID":"5","StrID":"5"},"Service":{"NameRU":"Определение аланинаминотрансферазы (АЛаТ) в сыворотке крови на анализаторе","NameKZ":"Қан сарысуындағы аланинаминотрансферазды (АЛаТ) талдауышта анықтау","Name":"Определение аланинаминотрансферазы (АЛаТ) в сыворотке крови на анализаторе","ShortNameRU":"АЛаТ на анализаторе","ShortNameKZ":"АЛаТ на анализаторе","ShortName":"АЛаТ на анализаторе","FullName":"B03.155.002 - Определение аланинаминотрансферазы (АЛаТ) в сыворотке крови на анализаторе","Code":"B03.155.002","ServiceClassID":5,"ServiceClass":null,"ServiceSubClassID":6,"ServiceSubClass":null,"MaterialTypeID":202,"MaterialType":null,"MasterDataID":3094,"ID":"253","StrID":"253"},"MasterDataID":8269462,"ServiceSubClassID":6,"PayType":1,"ServiceSubClass":null,"ID":"2163576","StrID":"2163576"},"FullName":"B03.155.002 - Определение аланинаминотрансферазы (АЛаТ) в сыворотке крови на анализаторе  () ","IsMain":true,"SourceID":"145161201_34025375","WorkPlaceID":20747,"WorkPlace":null,"DriverManager":null,"ParameterID":null,"Parameter":null,"AdditionalInfo":null,"Status":1,"PerformetServiceCount":9,"ResearchResultCount":0,"ApproveResearchResultCount":0,"NotSaveResearchResultCount":0,"ParentID":null,"ScreeningCandidatePlanGuid":null,"ScreeningUrl":null,"TakePlace":null,"MaterialTypeID":null,"MaterialType":null,"PartCount":0,"IsOrderProductionControl":false,"Uid":"b68cc7fa-6677-4f21-b544-e9f3ca347602","OrderPerformerServices":[],"OrderResearchAllergens":[],"Results":[],"IsResumed":false,"ExecutionType":0,"ID":"67171357","StrID":"67171357"},"ParameterID":200357,"Parameter":{"ShortNameRU":"АЛаТ","ShortNameKZ":"АЛаТ","ShortName":"АЛаТ","DataType":0,"DataTypeName":"Число","UnitTypeID":100030,"UnitType":null,"MedicalFormID":null,"MasterDataID":0,"MedicalForm":null,"NameWithDataType":"АЛаТ  (Число)","NameRU":"АЛаТ","NameKZ":"АЛаТ","Name":"АЛаТ","PublicCode":"20035700","EndDate":null,"ID":"200357","StrID":"200357"},"ParameterValues":null,"ParameterValueID":null,"ParameterValue":null,"ResultText":"17.39","ResultValue":"17.39","ResultDate":"2026-09-03T11:03:31.4998643+05:00","PostID":"189416","Post":null,"ExecuteMethod":2,"SourceResultText":"17.39","SourceResultValue":"17.39","SourceResultExpression":null,"SourceUnitTypeID":100030,"SourceUnitType":{"OrderBy":31,"MasterDataID":null,"CDD_ID":null,"NameRU":"МЕ/л","NameKZ":"ХБ/л","Name":"МЕ/л","PublicCode":"10003000","EndDate":null,"ID":"100030","StrID":"100030"},"MultiplierID":null,"IsApproved":false,"IsValidated":false,"StandardMatchType":0,"ApproveDate":null,"ApprovePostID":null,"ApprovePost":null,"OrderNum":1,"WorkPlaceID":20747,"OrderID":null,"BacteriologyResult":null,"AnalyzerId":38,"IsOrderProductionControl":false,"ID":"207484314","StrID":"207484314"}
03.09.2026 11:03:31	Information:	Result object to save: 
03.09.2026 11:03:31	Information:	{"OrderResearchID":67171359,"OrderResearch":null,"ParameterID":200919,"Parameter":{"ShortNameRU":"общий билирубин в сыворотке крови","ShortNameKZ":"қан сарысуындағы жалпы билирубин","ShortName":"общий билирубин в сыворотке крови","DataType":0,"DataTypeName":"Число","UnitTypeID":100041,"UnitType":{"NameRU":"мкмоль/л","NameKZ":"мкмоль/л","Name":"мкмоль/л","PublicCode":"10004100","OrderBy":42,"ID":100041,"StrID":"100041"},"MedicalFormID":null,"MedicalForm":null,"NameRU":"общий билирубин в сыворотке крови","NameKZ":"қан сарысуындағы жалпы билирубин","Name":"общий билирубин в сыворотке крови","PublicCode":"20091900","OrderBy":null,"ID":200919,"StrID":"200919"},"ParameterValueID":null,"ParameterValue":null,"ResultText":"2.95","ResultValue":null,"ResultDate":"2026-09-03T11:03:31.0953554+05:00","PostID":0,"Post":null,"ExecuteMethod":2,"SourceResultText":"2.95","SourceResultValue":null,"SourceResultExpression":null,"SourceUnitTypeID":100041,"SourceUnitType":{"NameRU":"мкмоль/л","NameKZ":"мкмоль/л","Name":"мкмоль/л","PublicCode":"10004100","OrderBy":42,"ID":100041,"StrID":"100041"},"IsApproved":false,"ApproveDate":null,"ApprovePostID":null,"ApprovePost":null,"OrderNum":1,"WorkPlaceID":20747,"DriverManagerID":150,"BacteriologyResult":null,"AnalyzerId":38,"IsOrderProductionControl":false,"ID":0,"StrID":"0"}
03.09.2026 11:03:31	Information:	Save string: 
03.09.2026 11:03:31	Information:	{"OrderResearchID":67171359,"OrderResearch":{"OrderID":31168528,"ServiceMoID":2163626,"ServiceMoMasterDataID":8269464,"ServiceMo":{"OrgHealthCareID":"45500000000000909","ServiceID":255,"NameRU":"Определение общего билирубина в сыворотке крови на анализаторе","NameKZ":"Қан сарысуындағы жалпы  билирубинді талдауышта анықтау в сыворотке крови на анализаторе","Name":"Определение общего билирубина в сыворотке крови на анализаторе","ShortNameRU":"Определение общего билирубина в сыворотке крови на анализаторе","ShortNameKZ":"Қан сарысуындағы жалпы  билирубинді талдауышта анықтау в сыворотке крови на анализаторе","ShortName":"Определение общего билирубина в сыворотке крови на анализаторе","FullName":"B03.398.002 - Определение общего билирубина в сыворотке крови на анализаторе","Code":"B03.398.002","ExternalCode":null,"ServiceClassID":5,"ServiceClass":{"ServiceTypeID":2,"OrderBy":5,"MasterDataID":5,"NameRU":"Клиническая химия (биохимия)","NameKZ":"Клиникалық химия (биохимия)","Name":"Клиническая химия (биохимия)","PublicCode":"500","EndDate":null,"ID":"5","StrID":"5"},"Service":{"NameRU":"Определение общего билирубина в сыворотке крови на анализаторе","NameKZ":"Қан сарысуындағы жалпы билирубинді талдауышта анықтау в сыворотке крови на анализаторе","Name":"Определение общего билирубина в сыворотке крови на анализаторе","ShortNameRU":"Общий Bi на анализаторе","ShortNameKZ":"Общий Bi на анализаторе","ShortName":"Общий Bi на анализаторе","FullName":"B03.398.002 - Определение общего билирубина в сыворотке крови на анализаторе","Code":"B03.398.002","ServiceClassID":5,"ServiceClass":null,"ServiceSubClassID":6,"ServiceSubClass":null,"MaterialTypeID":202,"MaterialType":null,"MasterDataID":3096,"ID":"255","StrID":"255"},"MasterDataID":8269464,"ServiceSubClassID":6,"PayType":1,"ServiceSubClass":null,"ID":"2163626","StrID":"2163626"},"FullName":"B03.398.002 - Определение общего билирубина в сыворотке крови на анализаторе  () ","IsMain":true,"SourceID":"145161201_34025377","WorkPlaceID":20747,"WorkPlace":null,"DriverManager":null,"ParameterID":null,"Parameter":null,"AdditionalInfo":null,"Status":1,"PerformetServiceCount":7,"ResearchResultCount":0,"ApproveResearchResultCount":0,"NotSaveResearchResultCount":0,"ParentID":null,"ScreeningCandidatePlanGuid":null,"ScreeningUrl":null,"TakePlace":null,"MaterialTypeID":null,"MaterialType":null,"PartCount":0,"IsOrderProductionControl":false,"Uid":"74a35691-9273-4f1c-b452-6dfabf778ce4","OrderPerformerServices":[],"OrderResearchAllergens":[],"Results":[],"IsResumed":false,"ExecutionType":0,"ID":"67171359","StrID":"67171359"},"ParameterID":200919,"Parameter":{"ShortNameRU":"общий билирубин в сыворотке крови","ShortNameKZ":"қан сарысуындағы жалпы билирубин","ShortName":"общий билирубин в сыворотке крови","DataType":0,"DataTypeName":"Число","UnitTypeID":100041,"UnitType":null,"MedicalFormID":null,"MasterDataID":0,"MedicalForm":null,"NameWithDataType":"общий билирубин в сыворотке крови  (Число)","NameRU":"общий билирубин в сыворотке крови","NameKZ":"қан сарысуындағы жалпы билирубин","Name":"общий билирубин в сыворотке крови","PublicCode":"20091900","EndDate":null,"ID":"200919","StrID":"200919"},"ParameterValues":null,"ParameterValueID":null,"ParameterValue":null,"ResultText":"2.95","ResultValue":"2.95","ResultDate":"2026-09-03T11:03:31.9565724+05:00","PostID":"189416","Post":null,"ExecuteMethod":2,"SourceResultText":"2.95","SourceResultValue":"2.95","SourceResultExpression":null,"SourceUnitTypeID":100041,"SourceUnitType":{"OrderBy":42,"MasterDataID":null,"CDD_ID":null,"NameRU":"мкмоль/л","NameKZ":"мкмоль/л","Name":"мкмоль/л","PublicCode":"10004100","EndDate":null,"ID":"100041","StrID":"100041"},"MultiplierID":null,"IsApproved":false,"IsValidated":false,"StandardMatchType":0,"ApproveDate":null,"ApprovePostID":null,"ApprovePost":null,"OrderNum":1,"WorkPlaceID":20747,"OrderID":null,"BacteriologyResult":null,"AnalyzerId":38,"IsOrderProductionControl":false,"ID":"207484317","StrID":"207484317"}
03.09.2026 11:03:33	Information:	Result object to save: 
03.09.2026 11:03:33	Information:	{"OrderResearchID":67171358,"OrderResearch":null,"ParameterID":200408,"Parameter":{"ShortNameRU":"АСаТ","ShortNameKZ":"АСаТ","ShortName":"АСаТ","DataType":0,"DataTypeName":"Число","UnitTypeID":100030,"UnitType":{"NameRU":"МЕ/л","NameKZ":"ХБ/л","Name":"МЕ/л","PublicCode":"10003000","OrderBy":31,"ID":100030,"StrID":"100030"},"MedicalFormID":null,"MedicalForm":null,"NameRU":"АСаТ","NameKZ":"АСаТ","Name":"АСаТ","PublicCode":"20040800","OrderBy":null,"ID":200408,"StrID":"200408"},"ParameterValueID":null,"ParameterValue":null,"ResultText":"37.52","ResultValue":null,"ResultDate":"2026-09-03T11:03:31.1033857+05:00","PostID":0,"Post":null,"ExecuteMethod":2,"SourceResultText":"37.52","SourceResultValue":null,"SourceResultExpression":null,"SourceUnitTypeID":100030,"SourceUnitType":{"NameRU":"МЕ/л","NameKZ":"ХБ/л","Name":"МЕ/л","PublicCode":"10003000","OrderBy":31,"ID":100030,"StrID":"100030"},"IsApproved":false,"ApproveDate":null,"ApprovePostID":null,"ApprovePost":null,"OrderNum":1,"WorkPlaceID":20747,"DriverManagerID":150,"BacteriologyResult":null,"AnalyzerId":38,"IsOrderProductionControl":false,"ID":0,"StrID":"0"}
03.09.2026 11:03:33	Information:	Save string: 
03.09.2026 11:03:33	Information:	{"OrderResearchID":67171358,"OrderResearch":{"OrderID":31168528,"ServiceMoID":2163651,"ServiceMoMasterDataID":8269465,"ServiceMo":{"OrgHealthCareID":"45500000000000909","ServiceID":256,"NameRU":"Определение аспартатаминотрансферазы (АСаТ) в сыворотке крови на анализаторе","NameKZ":"Қан сарысуындағы  аспартатаминотрансферазды  (АСаТ) талдауышта анықтау  ","Name":"Определение аспартатаминотрансферазы (АСаТ) в сыворотке крови на анализаторе","ShortNameRU":"Определение аспартатаминотрансферазы (АСаТ) в сыворотке крови на анализаторе","ShortNameKZ":"Қан сарысуындағы  аспартатаминотрансферазды  (АСаТ) талдауышта анықтау  ","ShortName":"Определение аспартатаминотрансферазы (АСаТ) в сыворотке крови на анализаторе","FullName":"B03.293.002 - Определение аспартатаминотрансферазы (АСаТ) в сыворотке крови на анализаторе","Code":"B03.293.002","ExternalCode":null,"ServiceClassID":5,"ServiceClass":{"ServiceTypeID":2,"OrderBy":5,"MasterDataID":5,"NameRU":"Клиническая химия (биохимия)","NameKZ":"Клиникалық химия (биохимия)","Name":"Клиническая химия (биохимия)","PublicCode":"500","EndDate":null,"ID":"5","StrID":"5"},"Service":{"NameRU":"Определение аспартатаминотрансферазы (АСаТ) в сыворотке крови на анализаторе","NameKZ":"Қан сарысуындағы аспартатаминотрансферазды (АСаТ) талдауышта анықтау","Name":"Определение аспартатаминотрансферазы (АСаТ) в сыворотке крови на анализаторе","ShortNameRU":"АСаТ на анализаторе","ShortNameKZ":"АСаТ на анализаторе","ShortName":"АСаТ на анализаторе","FullName":"B03.293.002 - Определение аспартатаминотрансферазы (АСаТ) в сыворотке крови на анализаторе","Code":"B03.293.002","ServiceClassID":5,"ServiceClass":null,"ServiceSubClassID":6,"ServiceSubClass":null,"MaterialTypeID":202,"MaterialType":null,"MasterDataID":3097,"ID":"256","StrID":"256"},"MasterDataID":8269465,"ServiceSubClassID":6,"PayType":1,"ServiceSubClass":null,"ID":"2163651","StrID":"2163651"},"FullName":"B03.293.002 - Определение аспартатаминотрансферазы (АСаТ) в сыворотке крови на анализаторе  () ","IsMain":true,"SourceID":"145161201_34025376","WorkPlaceID":20747,"WorkPlace":null,"DriverManager":null,"ParameterID":null,"Parameter":null,"AdditionalInfo":null,"Status":1,"PerformetServiceCount":7,"ResearchResultCount":0,"ApproveResearchResultCount":0,"NotSaveResearchResultCount":0,"ParentID":null,"ScreeningCandidatePlanGuid":null,"ScreeningUrl":null,"TakePlace":null,"MaterialTypeID":null,"MaterialType":null,"PartCount":0,"IsOrderProductionControl":false,"Uid":"1156a2b8-08e6-489b-bda3-b8881d246804","OrderPerformerServices":[],"OrderResearchAllergens":[],"Results":[],"IsResumed":false,"ExecutionType":0,"ID":"67171358","StrID":"67171358"},"ParameterID":200408,"Parameter":{"ShortNameRU":"АСаТ","ShortNameKZ":"АСаТ","ShortName":"АСаТ","DataType":0,"DataTypeName":"Число","UnitTypeID":100030,"UnitType":null,"MedicalFormID":null,"MasterDataID":0,"MedicalForm":null,"NameWithDataType":"АСаТ  (Число)","NameRU":"АСаТ","NameKZ":"АСаТ","Name":"АСаТ","PublicCode":"20040800","EndDate":null,"ID":"200408","StrID":"200408"},"ParameterValues":null,"ParameterValueID":null,"ParameterValue":null,"ResultText":"37.52","ResultValue":"37.52","ResultDate":"2026-09-03T11:03:33.40424+05:00","PostID":"189416","Post":null,"ExecuteMethod":2,"SourceResultText":"37.52","SourceResultValue":"37.52","SourceResultExpression":null,"SourceUnitTypeID":100030,"SourceUnitType":{"OrderBy":31,"MasterDataID":null,"CDD_ID":null,"NameRU":"МЕ/л","NameKZ":"ХБ/л","Name":"МЕ/л","PublicCode":"10003000","EndDate":null,"ID":"100030","StrID":"100030"},"MultiplierID":null,"IsApproved":false,"IsValidated":false,"StandardMatchType":0,"ApproveDate":null,"ApprovePostID":null,"ApprovePost":null,"OrderNum":1,"WorkPlaceID":20747,"OrderID":null,"BacteriologyResult":null,"AnalyzerId":38,"IsOrderProductionControl":false,"ID":"207484330","StrID":"207484330"}
03.09.2026 11:03:33	Information:	Result object to save: 
03.09.2026 11:03:33	Information:	{"OrderResearchID":67171360,"OrderResearch":null,"ParameterID":201234,"Parameter":{"ShortNameRU":"ферритин в сыворотке крови","ShortNameKZ":"қан сарысуындағы ферритин","ShortName":"ферритин в сыворотке крови","DataType":0,"DataTypeName":"Число","UnitTypeID":100035,"UnitType":{"NameRU":"мкг/л","NameKZ":"мкг/л","Name":"мкг/л","PublicCode":"10003500","OrderBy":36,"ID":100035,"StrID":"100035"},"MedicalFormID":null,"MedicalForm":null,"NameRU":"ферритин в сыворотке крови","NameKZ":"қан сарысуындағы ферритин","Name":"ферритин в сыворотке крови","PublicCode":"20123400","OrderBy":null,"ID":201234,"StrID":"201234"},"ParameterValueID":null,"ParameterValue":null,"ResultText":"14.38","ResultValue":null,"ResultDate":"2026-09-03T11:03:31.1033857+05:00","PostID":0,"Post":null,"ExecuteMethod":1,"SourceResultText":"14.38","SourceResultValue":null,"SourceResultExpression":null,"SourceUnitTypeID":100035,"SourceUnitType":{"NameRU":"мкг/л","NameKZ":"мкг/л","Name":"мкг/л","PublicCode":"10003500","OrderBy":36,"ID":100035,"StrID":"100035"},"IsApproved":false,"ApproveDate":null,"ApprovePostID":null,"ApprovePost":null,"OrderNum":1,"WorkPlaceID":20747,"DriverManagerID":150,"BacteriologyResult":null,"AnalyzerId":38,"IsOrderProductionControl":false,"ID":0,"StrID":"0"}
03.09.2026 11:03:33	Information:	Save string: 
03.09.2026 11:03:33	Information:	{"OrderResearchID":67171360,"OrderResearch":{"OrderID":31168528,"ServiceMoID":2164351,"ServiceMoMasterDataID":8269493,"ServiceMo":{"OrgHealthCareID":"45500000000000909","ServiceID":284,"NameRU":"Определение ферритина в сыворотке крови на анализаторе","NameKZ":"Қан сарысуындағы ферритинді талдауышта анықтау   ","Name":"Определение ферритина в сыворотке крови на анализаторе","ShortNameRU":"Определение ферритина в сыворотке крови на анализаторе","ShortNameKZ":"Қан сарысуындағы ферритинді талдауышта анықтау   ","ShortName":"Определение ферритина в сыворотке крови на анализаторе","FullName":"B03.500.002 - Определение ферритина в сыворотке крови на анализаторе","Code":"B03.500.002","ExternalCode":null,"ServiceClassID":5,"ServiceClass":{"ServiceTypeID":2,"OrderBy":5,"MasterDataID":5,"NameRU":"Клиническая химия (биохимия)","NameKZ":"Клиникалық химия (биохимия)","Name":"Клиническая химия (биохимия)","PublicCode":"500","EndDate":null,"ID":"5","StrID":"5"},"Service":{"NameRU":"Определение ферритина в сыворотке крови на анализаторе","NameKZ":"Қан сарысуындағы ферритинді талдауышта анықтау","Name":"Определение ферритина в сыворотке крови на анализаторе","ShortNameRU":"Ферритин на анализаторе","ShortNameKZ":"Ферритин на анализаторе","ShortName":"Ферритин на анализаторе","FullName":"B03.500.002 - Определение ферритина в сыворотке крови на анализаторе","Code":"B03.500.002","ServiceClassID":5,"ServiceClass":null,"ServiceSubClassID":6,"ServiceSubClass":null,"MaterialTypeID":202,"MaterialType":null,"MasterDataID":3125,"ID":"284","StrID":"284"},"MasterDataID":8269493,"ServiceSubClassID":6,"PayType":1,"ServiceSubClass":null,"ID":"2164351","StrID":"2164351"},"FullName":"B03.500.002 - Определение ферритина в сыворотке крови на анализаторе  () ","IsMain":true,"SourceID":"145161201_34025378","WorkPlaceID":20747,"WorkPlace":null,"DriverManager":null,"ParameterID":null,"Parameter":null,"AdditionalInfo":null,"Status":1,"PerformetServiceCount":9,"ResearchResultCount":0,"ApproveResearchResultCount":0,"NotSaveResearchResultCount":0,"ParentID":null,"ScreeningCandidatePlanGuid":null,"ScreeningUrl":null,"TakePlace":null,"MaterialTypeID":null,"MaterialType":null,"PartCount":0,"IsOrderProductionControl":false,"Uid":"0fc69fbe-3d2f-4a7f-9595-70c6e57fa746","OrderPerformerServices":[],"OrderResearchAllergens":[],"Results":[],"IsResumed":false,"ExecutionType":0,"ID":"67171360","StrID":"67171360"},"ParameterID":201234,"Parameter":{"ShortNameRU":"ферритин в сыворотке крови","ShortNameKZ":"қан сарысуындағы ферритин","ShortName":"ферритин в сыворотке крови","DataType":0,"DataTypeName":"Число","UnitTypeID":100035,"UnitType":null,"MedicalFormID":null,"MasterDataID":0,"MedicalForm":null,"NameWithDataType":"ферритин в сыворотке крови  (Число)","NameRU":"ферритин в сыворотке крови","NameKZ":"қан сарысуындағы ферритин","Name":"ферритин в сыворотке крови","PublicCode":"20123400","EndDate":null,"ID":"201234","StrID":"201234"},"ParameterValues":null,"ParameterValueID":null,"ParameterValue":null,"ResultText":"14.38000","ResultValue":"14.38000","ResultDate":"2026-09-03T11:03:33.4847678+05:00","PostID":"189416","Post":null,"ExecuteMethod":2,"SourceResultText":"14.38000","SourceResultValue":"14.38000","SourceResultExpression":null,"SourceUnitTypeID":100035,"SourceUnitType":{"OrderBy":36,"MasterDataID":null,"CDD_ID":null,"NameRU":"мкг/л","NameKZ":"мкг/л","Name":"мкг/л","PublicCode":"10003500","EndDate":null,"ID":"100035","StrID":"100035"},"MultiplierID":null,"IsApproved":false,"IsValidated":false,"StandardMatchType":0,"ApproveDate":null,"ApprovePostID":null,"ApprovePost":null,"OrderNum":1,"WorkPlaceID":20747,"OrderID":null,"BacteriologyResult":null,"AnalyzerId":38,"IsOrderProductionControl":false,"ID":"207484331","StrID":"207484331"}
03.09.2026 11:03:33	Information:	Result object to save: 
03.09.2026 11:03:33	Information:	{"OrderResearchID":67171361,"OrderResearch":null,"ParameterID":200852,"Parameter":{"ShortNameRU":"мочевина в сыворотке крови","ShortNameKZ":"қан сарысуындағы несепнәр","ShortName":"мочевина в сыворотке крови","DataType":0,"DataTypeName":"Число","UnitTypeID":100051,"UnitType":{"NameRU":"ммоль/л","NameKZ":"ммоль/л","Name":"ммоль/л","PublicCode":"10005100","OrderBy":52,"ID":100051,"StrID":"100051"},"MedicalFormID":null,"MedicalForm":null,"NameRU":"мочевина в сыворотке крови","NameKZ":"қан сарысуындағы несепнәр","Name":"мочевина в сыворотке крови","PublicCode":"20085200","OrderBy":null,"ID":200852,"StrID":"200852"},"ParameterValueID":null,"ParameterValue":null,"ResultText":"3.96","ResultValue":null,"ResultDate":"2026-09-03T11:03:31.11139+05:00","PostID":0,"Post":null,"ExecuteMethod":2,"SourceResultText":"3.96","SourceResultValue":null,"SourceResultExpression":null,"SourceUnitTypeID":100051,"SourceUnitType":{"NameRU":"ммоль/л","NameKZ":"ммоль/л","Name":"ммоль/л","PublicCode":"10005100","OrderBy":52,"ID":100051,"StrID":"100051"},"IsApproved":false,"ApproveDate":null,"ApprovePostID":null,"ApprovePost":null,"OrderNum":1,"WorkPlaceID":20747,"DriverManagerID":150,"BacteriologyResult":null,"AnalyzerId":38,"IsOrderProductionControl":false,"ID":0,"StrID":"0"}
03.09.2026 11:03:33	Information:	Save string: 
03.09.2026 11:03:33	Information:	{"OrderResearchID":67171361,"OrderResearch":{"OrderID":31168528,"ServiceMoID":2164626,"ServiceMoMasterDataID":8269504,"ServiceMo":{"OrgHealthCareID":"45500000000000909","ServiceID":295,"NameRU":"Определение мочевины в сыворотке крови на анализаторе","NameKZ":"Қан сарысуындағы несепнәрді  талдауышта анықтау ","Name":"Определение мочевины в сыворотке крови на анализаторе","ShortNameRU":"Определение мочевины в сыворотке крови на анализаторе","ShortNameKZ":"Қан сарысуындағы несепнәрді  талдауышта анықтау ","ShortName":"Определение мочевины в сыворотке крови на анализаторе","FullName":"B03.386.002 - Определение мочевины в сыворотке крови на анализаторе","Code":"B03.386.002","ExternalCode":null,"ServiceClassID":5,"ServiceClass":{"ServiceTypeID":2,"OrderBy":5,"MasterDataID":5,"NameRU":"Клиническая химия (биохимия)","NameKZ":"Клиникалық химия (биохимия)","Name":"Клиническая химия (биохимия)","PublicCode":"500","EndDate":null,"ID":"5","StrID":"5"},"Service":{"NameRU":"Определение мочевины в сыворотке крови на анализаторе","NameKZ":"Қан сарысуындағы несепнәрді талдауышта анықтау","Name":"Определение мочевины в сыворотке крови на анализаторе","ShortNameRU":"Мочевина на анализаторе","ShortNameKZ":"Мочевина на анализаторе","ShortName":"Мочевина на анализаторе","FullName":"B03.386.002 - Определение мочевины в сыворотке крови на анализаторе","Code":"B03.386.002","ServiceClassID":5,"ServiceClass":null,"ServiceSubClassID":6,"ServiceSubClass":null,"MaterialTypeID":202,"MaterialType":null,"MasterDataID":3136,"ID":"295","StrID":"295"},"MasterDataID":8269504,"ServiceSubClassID":6,"PayType":1,"ServiceSubClass":null,"ID":"2164626","StrID":"2164626"},"FullName":"B03.386.002 - Определение мочевины в сыворотке крови на анализаторе  () ","IsMain":true,"SourceID":"145161201_34025373","WorkPlaceID":20747,"WorkPlace":null,"DriverManager":null,"ParameterID":null,"Parameter":null,"AdditionalInfo":null,"Status":1,"PerformetServiceCount":7,"ResearchResultCount":0,"ApproveResearchResultCount":0,"NotSaveResearchResultCount":0,"ParentID":null,"ScreeningCandidatePlanGuid":null,"ScreeningUrl":null,"TakePlace":null,"MaterialTypeID":null,"MaterialType":null,"PartCount":0,"IsOrderProductionControl":false,"Uid":"4330cd6e-cd40-47d7-a81b-f65b97043ced","OrderPerformerServices":[],"OrderResearchAllergens":[],"Results":[],"IsResumed":false,"ExecutionType":0,"ID":"67171361","StrID":"67171361"},"ParameterID":200852,"Parameter":{"ShortNameRU":"мочевина в сыворотке крови","ShortNameKZ":"қан сарысуындағы несепнәр","ShortName":"мочевина в сыворотке крови","DataType":0,"DataTypeName":"Число","UnitTypeID":100051,"UnitType":null,"MedicalFormID":null,"MasterDataID":0,"MedicalForm":null,"NameWithDataType":"мочевина в сыворотке крови  (Число)","NameRU":"мочевина в сыворотке крови","NameKZ":"қан сарысуындағы несепнәр","Name":"мочевина в сыворотке крови","PublicCode":"20085200","EndDate":null,"ID":"200852","StrID":"200852"},"ParameterValues":null,"ParameterValueID":null,"ParameterValue":null,"ResultText":"3.96","ResultValue":"3.96","ResultDate":"2026-09-03T11:03:33.5808614+05:00","PostID":"189416","Post":null,"ExecuteMethod":2,"SourceResultText":"3.96","SourceResultValue":"3.96","SourceResultExpression":null,"SourceUnitTypeID":100051,"SourceUnitType":{"OrderBy":52,"MasterDataID":null,"CDD_ID":null,"NameRU":"ммоль/л","NameKZ":"ммоль/л","Name":"ммоль/л","PublicCode":"10005100","EndDate":null,"ID":"100051","StrID":"100051"},"MultiplierID":null,"IsApproved":false,"IsValidated":false,"StandardMatchType":0,"ApproveDate":null,"ApprovePostID":null,"ApprovePost":null,"OrderNum":1,"WorkPlaceID":20747,"OrderID":null,"BacteriologyResult":null,"AnalyzerId":38,"IsOrderProductionControl":false,"ID":"207484333","StrID":"207484333"}
03.09.2026 11:03:33	Information:	Result object to save: 
03.09.2026 11:03:33	Information:	{"OrderResearchID":67171362,"OrderResearch":null,"ParameterID":200744,"Parameter":{"ShortNameRU":"креатинин в крови","ShortNameKZ":"қандағы креатинин","ShortName":"креатинин в крови","DataType":0,"DataTypeName":"Число","UnitTypeID":100041,"UnitType":{"NameRU":"мкмоль/л","NameKZ":"мкмоль/л","Name":"мкмоль/л","PublicCode":"10004100","OrderBy":42,"ID":100041,"StrID":"100041"},"MedicalFormID":null,"MedicalForm":null,"NameRU":"креатинин в крови","NameKZ":"қандағы креатинин","Name":"креатинин в крови","PublicCode":"20074400","OrderBy":null,"ID":200744,"StrID":"200744"},"ParameterValueID":null,"ParameterValue":null,"ResultText":"30.7","ResultValue":null,"ResultDate":"2026-09-03T11:03:31.115408+05:00","PostID":0,"Post":null,"ExecuteMethod":2,"SourceResultText":"30.7","SourceResultValue":null,"SourceResultExpression":null,"SourceUnitTypeID":100041,"SourceUnitType":{"NameRU":"мкмоль/л","NameKZ":"мкмоль/л","Name":"мкмоль/л","PublicCode":"10004100","OrderBy":42,"ID":100041,"StrID":"100041"},"IsApproved":false,"ApproveDate":null,"ApprovePostID":null,"ApprovePost":null,"OrderNum":1,"WorkPlaceID":20747,"DriverManagerID":150,"BacteriologyResult":null,"AnalyzerId":38,"IsOrderProductionControl":false,"ID":0,"StrID":"0"}
03.09.2026 11:03:33	Information:	Save string: 
03.09.2026 11:03:33	Information:	{"OrderResearchID":67171362,"OrderResearch":{"OrderID":31168528,"ServiceMoID":2164651,"ServiceMoMasterDataID":8269505,"ServiceMo":{"OrgHealthCareID":"45500000000000909","ServiceID":296,"NameRU":"Определение креатинина в сыворотке крови на анализаторе","NameKZ":"Қан сарысуындағы  креатининді талдауышта анықтау ","Name":"Определение креатинина в сыворотке крови на анализаторе","ShortNameRU":"Определение креатинина в сыворотке крови на анализаторе","ShortNameKZ":"Қан сарысуындағы  креатининді талдауышта анықтау ","ShortName":"Определение креатинина в сыворотке крови на анализаторе","FullName":"B03.363.002 - Определение креатинина в сыворотке крови на анализаторе","Code":"B03.363.002","ExternalCode":null,"ServiceClassID":5,"ServiceClass":{"ServiceTypeID":2,"OrderBy":5,"MasterDataID":5,"NameRU":"Клиническая химия (биохимия)","NameKZ":"Клиникалық химия (биохимия)","Name":"Клиническая химия (биохимия)","PublicCode":"500","EndDate":null,"ID":"5","StrID":"5"},"Service":{"NameRU":"Определение креатинина в сыворотке крови на анализаторе","NameKZ":"Қан сарысуындағы креатининді талдауышта анықтау","Name":"Определение креатинина в сыворотке крови на анализаторе","ShortNameRU":"Креатинин на анализаторе","ShortNameKZ":"Креатинин на анализаторе","ShortName":"Креатинин на анализаторе","FullName":"B03.363.002 - Определение креатинина в сыворотке крови на анализаторе","Code":"B03.363.002","ServiceClassID":5,"ServiceClass":null,"ServiceSubClassID":6,"ServiceSubClass":null,"MaterialTypeID":202,"MaterialType":null,"MasterDataID":3137,"ID":"296","StrID":"296"},"MasterDataID":8269505,"ServiceSubClassID":6,"PayType":1,"ServiceSubClass":null,"ID":"2164651","StrID":"2164651"},"FullName":"B03.363.002 - Определение креатинина в сыворотке крови на анализаторе  () ","IsMain":true,"SourceID":"145161201_34025374","WorkPlaceID":20747,"WorkPlace":null,"DriverManager":null,"ParameterID":null,"Parameter":null,"AdditionalInfo":null,"Status":1,"PerformetServiceCount":7,"ResearchResultCount":0,"ApproveResearchResultCount":0,"NotSaveResearchResultCount":0,"ParentID":null,"ScreeningCandidatePlanGuid":null,"ScreeningUrl":null,"TakePlace":null,"MaterialTypeID":null,"MaterialType":null,"PartCount":0,"IsOrderProductionControl":false,"Uid":"90e97870-e526-4531-96f8-20a7e94d3360","OrderPerformerServices":[],"OrderResearchAllergens":[],"Results":[],"IsResumed":false,"ExecutionType":0,"ID":"67171362","StrID":"67171362"},"ParameterID":200744,"Parameter":{"ShortNameRU":"креатинин в крови","ShortNameKZ":"қандағы креатинин","ShortName":"креатинин в крови","DataType":0,"DataTypeName":"Число","UnitTypeID":100041,"UnitType":null,"MedicalFormID":null,"MasterDataID":0,"MedicalForm":null,"NameWithDataType":"креатинин в крови  (Число)","NameRU":"креатинин в крови","NameKZ":"қандағы креатинин","Name":"креатинин в крови","PublicCode":"20074400","EndDate":null,"ID":"200744","StrID":"200744"},"ParameterValues":null,"ParameterValueID":null,"ParameterValue":null,"ResultText":"30.70","ResultValue":"30.70","ResultDate":"2026-09-03T11:03:33.7006065+05:00","PostID":"189416","Post":null,"ExecuteMethod":2,"SourceResultText":"30.70","SourceResultValue":"30.70","SourceResultExpression":null,"SourceUnitTypeID":100041,"SourceUnitType":{"OrderBy":42,"MasterDataID":null,"CDD_ID":null,"NameRU":"мкмоль/л","NameKZ":"мкмоль/л","Name":"мкмоль/л","PublicCode":"10004100","EndDate":null,"ID":"100041","StrID":"100041"},"MultiplierID":null,"IsApproved":false,"IsValidated":false,"StandardMatchType":0,"ApproveDate":null,"ApprovePostID":null,"ApprovePost":null,"OrderNum":1,"WorkPlaceID":20747,"OrderID":null,"BacteriologyResult":null,"AnalyzerId":38,"IsOrderProductionControl":false,"ID":"207484335","StrID":"207484335"}
03.09.2026 11:03:33	Debug:	 SendResults SaveDeviceResults = 2503 ms
03.09.2026 11:03:33	Debug:	 total for SendResults = 3341 ms
03.09.2026 11:04:27	Information:	url https://lab-vko.dmed.kz/ /api/DriverManager/PingDevice
03.09.2026 11:04:27	Information:	{
"Hash": "w9LjvpRCyoByGV3Lzv0iX9dSI0tLK0uV+pRojL1kufc=",
"Status": 0
}


03.09.2026 11:04:27	Information:	Ping ret is {"Status":0,"Comment":null}
03.09.2026 11:04:38	Information:	refresh tokens
03.09.2026 11:06:28	Information:	url https://lab-vko.dmed.kz/ /api/DriverManager/PingDevice
03.09.2026 11:06:28	Information:	{
"Hash": "w9LjvpRCyoByGV3Lzv0iX9dSI0tLK0uV+pRojL1kufc=",
"Status": 0
}


03.09.2026 11:06:28	Information:	Ping ret is {"Status":0,"Comment":null}
03.09.2026 11:08:12	Information:	Received bytes(encoded):MSH|^~\&|||||20260903110712||ORU^R01|176|P|2.3.1||||0||ASCII|||PID|100|||||||O|||||||||||||||||||||||OBR|100|51566755|10|^|N|20260903095125|20260903095024|20260903095024||1^8||||20260903095024|?????|||||||||||||||||||||||||||||||||OBX|1|NM|Ca|Calcium|2.326851|mmol/L|-|N|||F||2.326851|20260903105757|||0||OBX|2|NM|T-Bil-V|Bilirubin Total (VOX Method)|3.831965|?mol/L|-|N|||F||3.831965|20260903110428|||0||OBX|3|NM|D-Bil-V|Bilirubin Direct (VOX Method)|1.349825|?mol/L|-|N|||F||1.349825|20260903110443|||0||OBX|4|NM|ALT|Alanine Aminotransferase|10.966911|U/L|-|N|||F||10.966911|20260903110257|||0|RGTE|OBX|5|NM|AST|Aspartate Aminotransferase|15.157281|U/L|-|N|||F||15.157281|20260903110312|||0||OBX|6|NM|CRP|C-Reactive Protein|4.196030|mg/L|-|N|||F||4.196030|20260903110512|||0||OBX|7|NM|TP|Total Protein|70.021894|g/L|-|N|||F||70.021894|20260903110443|||0||OBX|8|NM|CREA-S|Creatinine (Sarcosine Oxidase Method)|46.151714|?mol/L|-|N|||F||46.151714|20260903110442|||0||OBX|9|NM|UREA|Urea|2.769217|mmol/L|-|N|||F||2
03.09.2026 11:08:12	Information:	Add Frame:
03.09.2026 11:08:12	Information:	MSH|^~\&|||||20260903110712||ORU^R01|176|P|2.3.1||||0||ASCII|||
03.09.2026 11:08:12	Information:	In Header
03.09.2026 11:08:12	Information:	MessageType: ORU
03.09.2026 11:08:12	Information:	After message type
03.09.2026 11:08:12	Information:	After ask
03.09.2026 11:08:12	Information:	After version
03.09.2026 11:08:12	Information:	Add Frame:
03.09.2026 11:08:12	Information:	PID|100|||||||O|||||||||||||||||||||||
03.09.2026 11:08:12	Information:	Add Frame:
03.09.2026 11:08:12	Information:	OBR|100|51566755|10|^|N|20260903095125|20260903095024|20260903095024||1^8||||20260903095024|?????|||||||||||||||||||||||||||||||||
03.09.2026 11:08:12	Information:	Add Frame:
03.09.2026 11:08:12	Information:	OBX|1|NM|Ca|Calcium|2.326851|mmol/L|-|N|||F||2.326851|20260903105757|||0||
03.09.2026 11:08:12	Information:	Add Frame:
03.09.2026 11:08:12	Information:	OBX|2|NM|T-Bil-V|Bilirubin Total (VOX Method)|3.831965|?mol/L|-|N|||F||3.831965|20260903110428|||0||
03.09.2026 11:08:12	Information:	Add Frame:
03.09.2026 11:08:12	Information:	OBX|3|NM|D-Bil-V|Bilirubin Direct (VOX Method)|1.349825|?mol/L|-|N|||F||1.349825|20260903110443|||0||
03.09.2026 11:08:12	Information:	Add Frame:
03.09.2026 11:08:12	Information:	OBX|4|NM|ALT|Alanine Aminotransferase|10.966911|U/L|-|N|||F||10.966911|20260903110257|||0|RGTE|
03.09.2026 11:08:12	Information:	Add Frame:
03.09.2026 11:08:12	Information:	OBX|5|NM|AST|Aspartate Aminotransferase|15.157281|U/L|-|N|||F||15.157281|20260903110312|||0||
03.09.2026 11:08:12	Information:	Add Frame:
03.09.2026 11:08:12	Information:	OBX|6|NM|CRP|C-Reactive Protein|4.196030|mg/L|-|N|||F||4.196030|20260903110512|||0||
03.09.2026 11:08:12	Information:	Add Frame:
03.09.2026 11:08:12	Information:	OBX|7|NM|TP|Total Protein|70.021894|g/L|-|N|||F||70.021894|20260903110443|||0||
03.09.2026 11:08:12	Information:	Add Frame:
03.09.2026 11:08:12	Information:	OBX|8|NM|CREA-S|Creatinine (Sarcosine Oxidase Method)|46.151714|?mol/L|-|N|||F||46.151714|20260903110442|||0||
03.09.2026 11:08:12	Information:	Received bytes(encoded):.769217|20260903110327|||0||OBX|10|NM|RF|Rheumatoid Factor|3.916357|IU/mL|-|N|||F||3.916357|20260903110613|||0|RGTE,<|OBX|11|NM|FER|Ferritin|7.526499|ng/mL|-|N|||F||7.526499|20260903110712|||0|<|OBX|12|NM||AST/ALT|1.381818||-|N|||F||1.381818||||||
03.09.2026 11:08:12	Information:	Add Frame:
03.09.2026 11:08:12	Information:	OBX|9|NM|UREA|Urea|2.769217|mmol/L|-|N|||F||2.769217|20260903110327|||0||
03.09.2026 11:08:12	Information:	Add Frame:
03.09.2026 11:08:12	Information:	OBX|10|NM|RF|Rheumatoid Factor|3.916357|IU/mL|-|N|||F||3.916357|20260903110613|||0|RGTE,<|
03.09.2026 11:08:12	Information:	Add Frame:
03.09.2026 11:08:12	Information:	OBX|11|NM|FER|Ferritin|7.526499|ng/mL|-|N|||F||7.526499|20260903110712|||0|<|
03.09.2026 11:08:12	Information:	Add Frame:
03.09.2026 11:08:12	Information:	OBX|12|NM||AST/ALT|1.381818||-|N|||F||1.381818||||||
03.09.2026 11:08:12	Information:	Add Frame:
03.09.2026 11:08:12	Information:	
03.09.2026 11:08:12	Debug:	read message: 4ms
03.09.2026 11:08:12	Information:	The answer message is created successfully
03.09.2026 11:08:12	Information:	Sending answer...
03.09.2026 11:08:12	Information:	We are in ORU Message
03.09.2026 11:08:12	Information:	MSH MSH|^~\&|||||20260903110712||ORU^R01|176|P|2.3.1||||0||ASCII||||
03.09.2026 11:08:12	Information:	PID PID|100|||||||O||||||||||||||||||||||||
03.09.2026 11:08:12	Information:	PatientRecord in message is successfully  processed
03.09.2026 11:08:12	Information:	The patient order is successfully processed
03.09.2026 11:08:12	Information:	The order record is successfully processed
03.09.2026 11:08:12	Information:	The order record is successfully processed
03.09.2026 11:08:12	Information:	The order record is successfully processed
03.09.2026 11:08:12	Information:	The order record is successfully processed
03.09.2026 11:08:12	Information:	The order record is successfully processed
03.09.2026 11:08:12	Information:	The order record is successfully processed
03.09.2026 11:08:12	Information:	The order record is successfully processed
03.09.2026 11:08:12	Information:	The order record is successfully processed
03.09.2026 11:08:12	Information:	The order record is successfully processed
03.09.2026 11:08:12	Information:	The order record is successfully processed
03.09.2026 11:08:12	Information:	The order record is successfully processed
03.09.2026 11:08:12	Information:	The order record is successfully processed
03.09.2026 11:08:12	Information:	The ORU message is successfully processed
03.09.2026 11:08:12	Debug:	Process message: 8ms
03.09.2026 11:08:12	Debug:	Total time : 13ms
03.09.2026 11:08:13	Information:	Sended bytes:  11 77 83 72 124 94 126 92 38 124 77 105 110 100 114 97 121 124 124 124 124 50 48 50 54 48 57 48 51 49 49 48 56 49 50 124 124 65 67 75 94 82 48 49 124 49 55 54 124 80 124 50 46 51 46 49 124 124 124 124 48 124 124 117 115 45 97 115 99 105 105 124 124 124 13 77 83 65 124 65 65 124 49 55 54 124 77 101 115 115 97 103 101 32 97 99 99 101 112 116 101 100 124 124 124 48 124 13 28 13
03.09.2026 11:08:13	Information:	Sended string MSH|^~\&|Mindray||||20260903110812||ACK^R01|176|P|2.3.1||||0||us-ascii|||MSA|AA|176|Message accepted|||0|
03.09.2026 11:08:13	Debug:	SendResults:	check DriverRequests=	0	ms
03.09.2026 11:08:13	Information:	ByBarcode 51566755
03.09.2026 11:08:13	Information:	GetLinesByBarcodes
03.09.2026 11:08:13	Information:	{
"WorkPlaceID": 20747,
"BeginDate": "2026-06-04",
"EndDate": "2026-09-04",
"OrderNumber": "51566755",
"Offset": 0,
"Limit": 1
}


03.09.2026 11:08:13	Information:	GetByBarcodeReturn: 
03.09.2026 11:08:13	Information:	{"Data":[{"ID":31168670,"StrID":"31168670","OrderNumber":"51566755","OrderRegDate":"2026-09-03T05:02:03.843","PlanExecutionDate":"2026-09-03T05:01:00","SenderMoID":45500000000000909,"SenderMo":{"NameRU":"Некоммерческое акционерное общество \"Медицинский университет Семей\"","NameKZ":"\"Семей медицина университеті\" коммерциялық емес акционерлік қоғамы","Name":"Некоммерческое акционерное общество \"Медицинский университет Семей\"","ShortNameRU":"НАО \"МУС\"","ShortNameKZ":"\"СМУ\" КеАҚ","ShortName":"НАО \"МУС\"","PublicCode":"237J","AddressRU":"ВКО, г. Семей, ул. Абая Кунанбаева 103","AddressKZ":"ВКО, г. Семей, ул. Абая Кунанбаева 103","Address":"ВКО, г. Семей, ул. Абая Кунанбаева 103","OriginalID":"45500000000000909","IsWork":true,"RegionID":20,"BIN":"190240004938","MasterDataID":4911,"PhonesData":{"OrgHealthCarePhones":[]},"IsPostmortem":false,"IsHospital":true,"Code":null,"ID":"45500000000000909","StrID":"45500000000000909"},"ReceiverMoID":45500000000000909,"ReceiverMo":null,"PatientDetailID":41023454,"PatientDetail":{"PersonID":"2098927","Person":{"IIN":"101209601522","LastName":"ЭРНСТ","FirstName":"НҰРДАНА","SecondName":"АЙДОСҚЫЗЫ","FullName":"ЭРНСТ НҰРДАНА АЙДОСҚЫЗЫ","FullNameIOF":"НҰРДАНА АЙДОСҚЫЗЫ ЭРНСТ","DisplayText":"101209601522 НҰРДАНА АЙДОСҚЫЗЫ ЭРНСТ 09.12.2010","IinFullName":"101209601522 - ЭРНСТ НҰРДАНА АЙДОСҚЫЗЫ","BirthDate":"2010-12-09T00:00:00","BirthDateStr":"09.12.2010","DeathDate":null,"DeathDateStr":"","BioSexID":2,"BioSex":null,"NationalityID":null,"Nationality":null,"CitizenshipID":85,"Citizenship":null,"MasterDataID":14934126,"RpnID":"15300000015259917","KmisID":"45500000001711704","Type":1,"Age":0,"IsStillborn":false,"IsEarlyNeonatalDeathUp28days":false,"IsDeadPerson":false,"ID":"2098927","StrID":"2098927"},"AddressRU":"РЕСПУБЛИКА: Казахстан , ОБЛАСТЬ: Абайская , ГОРОД ОБЛ.ЗНАЧ.: Семей  , ПЕРЕУЛОК: ЖА?А АУЫЛ , ДОМ: 7","AddressKZ":": Қазақстан , : Абай , : Семей Қ.  , ОРАМЫ: ЖАҢА АУЫЛ , YЙ: 7","Address":"РЕСПУБЛИКА: Казахстан , ОБЛАСТЬ: Абайская , ГОРОД ОБЛ.ЗНАЧ.: Семей  , ПЕРЕУЛОК: ЖА?А АУЫЛ , ДОМ: 7","MasterDataAddressID":10395879,"WorkPlace":" \"Средняя общеобразовательная школа № 15 класс 9","WorkPosition":null,"DocumentNumber":null,"DocumentTypeID":null,"DocumentType":null,"NationalityID":null,"DocumentTypeName":null,"Phones":"+7 (777) 676-46-11","ExternalCardID":"5966243","CardType":1,"CardNumber":"66398","CitizenshipCategoryID":1,"CitizenshipCategory":null,"ResidenceTypeID":4,"ResidenceType":null,"MotherPersonID":null,"MotherPerson":null,"IsForeigner":false,"IsHomeless":false,"IsDeadPerson":false,"IsResident":true,"ID":"41023454","StrID":"41023454"},"Person":{"IIN":"101209601522","LastName":"ЭРНСТ","FirstName":"НҰРДАНА","SecondName":"АЙДОСҚЫЗЫ","FullName":"ЭРНСТ НҰРДАНА АЙДОСҚЫЗЫ","FullNameIOF":"НҰРДАНА АЙДОСҚЫЗЫ ЭРНСТ","DisplayText":"101209601522 НҰРДАНА АЙДОСҚЫЗЫ ЭРНСТ 09.12.2010","IinFullName":"101209601522 - ЭРНСТ НҰРДАНА АЙДОСҚЫЗЫ","BirthDate":"2010-12-09T00:00:00","BirthDateStr":"09.12.2010","DeathDate":null,"DeathDateStr":"","BioSexID":2,"BioSex":null,"NationalityID":null,"Nationality":null,"CitizenshipID":85,"Citizenship":null,"MasterDataID":14934126,"RpnID":"15300000015259917","KmisID":"45500000001711704","Type":1,"Age":0,"IsStillborn":false,"IsEarlyNeonatalDeathUp28days":false,"IsDeadPerson":false,"ID":"2098927","StrID":"2098927"},"IsCito":false,"ExternalSystem":1,"OrderResultFileID":null,"OrderResultFileStorageID":null,"OrderResultDate":null,"Status":1,"DeleteDate":null,"ResultNotes":null,"Comment":"","ExternalOrderNumber":"51566755","ExaminationTypeID":null,"ExaminationType":null,"ExaminationIndicationID":null,"ExaminationIndication":null,"Uid":"93600BBD-C55B-491C-A481-CE1A76C2E203","SenderPostFullName":"ЕСІМХАНОВ АЙБЕК ӘДІЛЕТҰЛЫ","SenderFuncStructureNameRU":"Отделение педиатрии","SenderFuncStructureNameKZ":"Педиатр бөлімі","IsSamplingOfMaterialsAtReceiver":false,"MisID":42194742,"Materials":[{"OrderID":31168670,"Uid":"4a3d0189-3c89-47a6-b5ff-abe52ae81f2d","MaterialNumber":"51566755","MaterialTypeID":363,"MaterialType":{"OrderBy":0,"ParentID":202,"HasChildren":false,"MasterDataID":489,"Parent":null,"NameRU":"Кровь венозная","NameKZ":"Кровь венозная","Name":"Кровь венозная","PublicCode":"36300","EndDate":null,"ID":"363","StrID":"363"},"TakeDate":"2026-09-03T05:01:00","TakeDateStr":"03.09.2026 05:01","TakePlace":"педиатрия","RejectionReason":null,"RejectionTakenMeasures":null,"ReceiptDate":null,"ReceiptDateStr":null,"RejectionCreatePostID":null,"RejectionCreatePost":null,"SampleCollectorPostIIN":"680615401246","SampleCollectorPostID":null,"Researches":[],"RejectedMaterialImageID":null,"File":null,"ID":"31455589","StrID":"31455589"}],"Researches":[]}],"Total":1}
03.09.2026 11:08:14	Information:	OrderedWW 51566755 Biomat 0 Device 20747
03.09.2026 11:08:14	Information:	ResearchResult
03.09.2026 11:08:14	Information:	{
"OrderID": "31168670",
"WorkPlaceID": 20747
}


03.09.2026 11:08:14	Information:	[{"OrderResearchID":67171797,"OrderResearch":null,"ParameterID":200918,"Parameter":{"ShortNameRU":"общий белок в сыворотке крови","ShortNameKZ":"қан сарысуындағы жалпы ақуыз","ShortName":"общий белок в сыворотке крови","DataType":0,"DataTypeName":"Число","UnitTypeID":100012,"UnitType":{"OrderBy":13,"MasterDataID":null,"CDD_ID":null,"NameRU":"г/л","NameKZ":"г/л","Name":"г/л","PublicCode":"10001200","EndDate":null,"ID":"100012","StrID":"100012"},"MedicalFormID":null,"MasterDataID":0,"MedicalForm":null,"NameWithDataType":"общий белок в сыворотке крови  (Число)","NameRU":"общий белок в сыворотке крови","NameKZ":"қан сарысуындағы жалпы ақуыз","Name":"общий белок в сыворотке крови","PublicCode":"20091800","EndDate":null,"ID":"200918","StrID":"200918"},"ParameterValues":null,"ParameterValueID":null,"ParameterValue":null,"ResultText":null,"ResultValue":null,"ResultDate":"2026-09-03T11:08:14.5023912+05:00","PostID":"0","Post":null,"ExecuteMethod":2,"SourceResultText":null,"SourceResultValue":null,"SourceResultExpression":null,"SourceUnitTypeID":100012,"SourceUnitType":{"OrderBy":13,"MasterDataID":null,"CDD_ID":null,"NameRU":"г/л","NameKZ":"г/л","Name":"г/л","PublicCode":"10001200","EndDate":null,"ID":"100012","StrID":"100012"},"MultiplierID":null,"IsApproved":false,"IsValidated":false,"StandardMatchType":0,"ApproveDate":null,"ApprovePostID":null,"ApprovePost":null,"OrderNum":1,"WorkPlaceID":20747,"OrderID":null,"BacteriologyResult":null,"AnalyzerId":null,"IsOrderProductionControl":false,"ID":"0","StrID":"0"},{"OrderResearchID":67171799,"OrderResearch":null,"ParameterID":200357,"Parameter":{"ShortNameRU":"АЛаТ","ShortNameKZ":"АЛаТ","ShortName":"АЛаТ","DataType":0,"DataTypeName":"Число","UnitTypeID":100030,"UnitType":{"OrderBy":31,"MasterDataID":null,"CDD_ID":null,"NameRU":"МЕ/л","NameKZ":"ХБ/л","Name":"МЕ/л","PublicCode":"10003000","EndDate":null,"ID":"100030","StrID":"100030"},"MedicalFormID":null,"MasterDataID":0,"MedicalForm":null,"NameWithDataType":"АЛаТ  (Число)","NameRU":"АЛаТ","NameKZ":"АЛаТ","Name":"АЛаТ","PublicCode":"20035700","EndDate":null,"ID":"200357","StrID":"200357"},"ParameterValues":null,"ParameterValueID":null,"ParameterValue":null,"ResultText":null,"ResultValue":null,"ResultDate":"2026-09-03T11:08:14.5065016+05:00","PostID":"0","Post":null,"ExecuteMethod":2,"SourceResultText":null,"SourceResultValue":null,"SourceResultExpression":null,"SourceUnitTypeID":100030,"SourceUnitType":{"OrderBy":31,"MasterDataID":null,"CDD_ID":null,"NameRU":"МЕ/л","NameKZ":"ХБ/л","Name":"МЕ/л","PublicCode":"10003000","EndDate":null,"ID":"100030","StrID":"100030"},"MultiplierID":null,"IsApproved":false,"IsValidated":false,"StandardMatchType":0,"ApproveDate":null,"ApprovePostID":null,"ApprovePost":null,"OrderNum":1,"WorkPlaceID":20747,"OrderID":null,"BacteriologyResult":null,"AnalyzerId":null,"IsOrderProductionControl":false,"ID":"0","StrID":"0"},{"OrderResearchID":67171800,"OrderResearch":null,"ParameterID":200919,"Parameter":{"ShortNameRU":"общий билирубин в сыворотке крови","ShortNameKZ":"қан сарысуындағы жалпы билирубин","ShortName":"общий билирубин в сыворотке крови","DataType":0,"DataTypeName":"Число","UnitTypeID":100041,"UnitType":{"OrderBy":42,"MasterDataID":null,"CDD_ID":null,"NameRU":"мкмоль/л","NameKZ":"мкмоль/л","Name":"мкмоль/л","PublicCode":"10004100","EndDate":null,"ID":"100041","StrID":"100041"},"MedicalFormID":null,"MasterDataID":0,"MedicalForm":null,"NameWithDataType":"общий билирубин в сыворотке крови  (Число)","NameRU":"общий билирубин в сыворотке крови","NameKZ":"қан сарысуындағы жалпы билирубин","Name":"общий билирубин в сыворотке крови","PublicCode":"20091900","EndDate":null,"ID":"200919","StrID":"200919"},"ParameterValues":null,"ParameterValueID":null,"ParameterValue":null,"ResultText":null,"ResultValue":null,"ResultDate":"2026-09-03T11:08:14.5091888+05:00","PostID":"0","Post":null,"ExecuteMethod":2,"SourceResultText":null,"SourceResultValue":null,"SourceResultExpression":null,"SourceUnitTypeID":100041,"SourceUnitType":{"OrderBy":42,"MasterDataID":null,"CDD_ID":null,"NameRU":"мкмоль/л","NameKZ":"мкмоль/л","Name":"мкмоль/л","PublicCode":"10004100","EndDate":null,"ID":"100041","StrID":"100041"},"MultiplierID":null,"IsApproved":false,"IsValidated":false,"StandardMatchType":0,"ApproveDate":null,"ApprovePostID":null,"ApprovePost":null,"OrderNum":1,"WorkPlaceID":20747,"OrderID":null,"BacteriologyResult":null,"AnalyzerId":null,"IsOrderProductionControl":false,"ID":"0","StrID":"0"},{"OrderResearchID":67171801,"OrderResearch":null,"ParameterID":200408,"Parameter":{"ShortNameRU":"АСаТ","ShortNameKZ":"АСаТ","ShortName":"АСаТ","DataType":0,"DataTypeName":"Число","UnitTypeID":100030,"UnitType":{"OrderBy":31,"MasterDataID":null,"CDD_ID":null,"NameRU":"МЕ/л","NameKZ":"ХБ/л","Name":"МЕ/л","PublicCode":"10003000","EndDate":null,"ID":"100030","StrID":"100030"},"MedicalFormID":null,"MasterDataID":0,"MedicalForm":null,"NameWithDataType":"АСаТ  (Число)","NameRU":"АСаТ","NameKZ":"АСаТ","Name":"АСаТ","PublicCode":"20040800","EndDate":null,"ID":"200408","StrID":"200408"},"ParameterValues":null,"ParameterValueID":null,"ParameterValue":null,"ResultText":null,"ResultValue":null,"ResultDate":"2026-09-03T11:08:14.510703+05:00","PostID":"0","Post":null,"ExecuteMethod":2,"SourceResultText":null,"SourceResultValue":null,"SourceResultExpression":null,"SourceUnitTypeID":100030,"SourceUnitType":{"OrderBy":31,"MasterDataID":null,"CDD_ID":null,"NameRU":"МЕ/л","NameKZ":"ХБ/л","Name":"МЕ/л","PublicCode":"10003000","EndDate":null,"ID":"100030","StrID":"100030"},"MultiplierID":null,"IsApproved":false,"IsValidated":false,"StandardMatchType":0,"ApproveDate":null,"ApprovePostID":null,"ApprovePost":null,"OrderNum":1,"WorkPlaceID":20747,"OrderID":null,"BacteriologyResult":null,"AnalyzerId":null,"IsOrderProductionControl":false,"ID":"0","StrID":"0"},{"OrderResearchID":67171802,"OrderResearch":null,"ParameterID":201415,"Parameter":{"ShortNameRU":"кальций в сыворотке крови (анализатор)","ShortNameKZ":"қан сарысуындағы кальций (анализатор)","ShortName":"кальций в сыворотке крови (анализатор)","DataType":0,"DataTypeName":"Число","UnitTypeID":100051,"UnitType":{"OrderBy":52,"MasterDataID":null,"CDD_ID":null,"NameRU":"ммоль/л","NameKZ":"ммоль/л","Name":"ммоль/л","PublicCode":"10005100","EndDate":null,"ID":"100051","StrID":"100051"},"MedicalFormID":null,"MasterDataID":0,"MedicalForm":null,"NameWithDataType":"кальций в сыворотке крови (анализатор)  (Число)","NameRU":"кальций в сыворотке крови (анализатор)","NameKZ":"қан сарысуындағы кальций (анализатор)","Name":"кальций в сыворотке крови (анализатор)","PublicCode":"20141500","EndDate":null,"ID":"201415","StrID":"201415"},"ParameterValues":null,"ParameterValueID":null,"ParameterValue":null,"ResultText":null,"ResultValue":null,"ResultDate":"2026-09-03T11:08:14.5152551+05:00","PostID":"0","Post":null,"ExecuteMethod":2,"SourceResultText":null,"SourceResultValue":null,"SourceResultExpression":null,"SourceUnitTypeID":100051,"SourceUnitType":{"OrderBy":52,"MasterDataID":null,"CDD_ID":null,"NameRU":"ммоль/л","NameKZ":"ммоль/л","Name":"ммоль/л","PublicCode":"10005100","EndDate":null,"ID":"100051","StrID":"100051"},"MultiplierID":null,"IsApproved":false,"IsValidated":false,"StandardMatchType":0,"ApproveDate":null,"ApprovePostID":null,"ApprovePost":null,"OrderNum":1,"WorkPlaceID":20747,"OrderID":null,"BacteriologyResult":null,"AnalyzerId":null,"IsOrderProductionControl":false,"ID":"0","StrID":"0"},{"OrderResearchID":67171803,"OrderResearch":null,"ParameterID":201234,"Parameter":{"ShortNameRU":"ферритин в сыворотке крови","ShortNameKZ":"қан сарысуындағы ферритин","ShortName":"ферритин в сыворотке крови","DataType":0,"DataTypeName":"Число","UnitTypeID":100035,"UnitType":{"OrderBy":36,"MasterDataID":null,"CDD_ID":null,"NameRU":"мкг/л","NameKZ":"мкг/л","Name":"мкг/л","PublicCode":"10003500","EndDate":null,"ID":"100035","StrID":"100035"},"MedicalFormID":null,"MasterDataID":0,"MedicalForm":null,"NameWithDataType":"ферритин в сыворотке крови  (Число)","NameRU":"ферритин в сыворотке крови","NameKZ":"қан сарысуындағы ферритин","Name":"ферритин в сыворотке крови","PublicCode":"20123400","EndDate":null,"ID":"201234","StrID":"201234"},"ParameterValues":null,"ParameterValueID":null,"ParameterValue":null,"ResultText":null,"ResultValue":null,"ResultDate":"2026-09-03T11:08:14.5192664+05:00","PostID":"0","Post":null,"ExecuteMethod":1,"SourceResultText":null,"SourceResultValue":null,"SourceResultExpression":null,"SourceUnitTypeID":100035,"SourceUnitType":{"OrderBy":36,"MasterDataID":null,"CDD_ID":null,"NameRU":"мкг/л","NameKZ":"мкг/л","Name":"мкг/л","PublicCode":"10003500","EndDate":null,"ID":"100035","StrID":"100035"},"MultiplierID":null,"IsApproved":false,"IsValidated":false,"StandardMatchType":0,"ApproveDate":null,"ApprovePostID":null,"ApprovePost":null,"OrderNum":1,"WorkPlaceID":20747,"OrderID":null,"BacteriologyResult":null,"AnalyzerId":null,"IsOrderProductionControl":false,"ID":"0","StrID":"0"},{"OrderResearchID":67171798,"OrderResearch":null,"ParameterID":200852,"Parameter":{"ShortNameRU":"мочевина в сыворотке крови","ShortNameKZ":"қан сарысуындағы несепнәр","ShortName":"мочевина в сыворотке крови","DataType":0,"DataTypeName":"Число","UnitTypeID":100051,"UnitType":{"OrderBy":52,"MasterDataID":null,"CDD_ID":null,"NameRU":"ммоль/л","NameKZ":"ммоль/л","Name":"ммоль/л","PublicCode":"10005100","EndDate":null,"ID":"100051","StrID":"100051"},"MedicalFormID":null,"MasterDataID":0,"MedicalForm":null,"NameWithDataType":"мочевина в сыворотке крови  (Число)","NameRU":"мочевина в сыворотке крови","NameKZ":"қан сарысуындағы несепнәр","Name":"мочевина в сыворотке крови","PublicCode":"20085200","EndDate":null,"ID":"200852","StrID":"200852"},"ParameterValues":null,"ParameterValueID":null,"ParameterValue":null,"ResultText":null,"ResultValue":null,"ResultDate":"2026-09-03T11:08:14.5192664+05:00","PostID":"0","Post":null,"ExecuteMethod":2,"SourceResultText":null,"SourceResultValue":null,"SourceResultExpression":null,"SourceUnitTypeID":100051,"SourceUnitType":{"OrderBy":52,"MasterDataID":null,"CDD_ID":null,"NameRU":"ммоль/л","NameKZ":"ммоль/л","Name":"ммоль/л","PublicCode":"10005100","EndDate":null,"ID":"100051","StrID":"100051"},"MultiplierID":null,"IsApproved":false,"IsValidated":false,"StandardMatchType":0,"ApproveDate":null,"ApprovePostID":null,"ApprovePost":null,"OrderNum":1,"WorkPlaceID":20747,"OrderID":null,"BacteriologyResult":null,"AnalyzerId":null,"IsOrderProductionControl":false,"ID":"0","StrID":"0"},{"OrderResearchID":67171804,"OrderResearch":null,"ParameterID":200744,"Parameter":{"ShortNameRU":"креатинин в крови","ShortNameKZ":"қандағы креатинин","ShortName":"креатинин в крови","DataType":0,"DataTypeName":"Число","UnitTypeID":100041,"UnitType":{"OrderBy":42,"MasterDataID":null,"CDD_ID":null,"NameRU":"мкмоль/л","NameKZ":"мкмоль/л","Name":"мкмоль/л","PublicCode":"10004100","EndDate":null,"ID":"100041","StrID":"100041"},"MedicalFormID":null,"MasterDataID":0,"MedicalForm":null,"NameWithDataType":"креатинин в крови  (Число)","NameRU":"креатинин в крови","NameKZ":"қандағы креатинин","Name":"креатинин в крови","PublicCode":"20074400","EndDate":null,"ID":"200744","StrID":"200744"},"ParameterValues":null,"ParameterValueID":null,"ParameterValue":null,"ResultText":null,"ResultValue":null,"ResultDate":"2026-09-03T11:08:14.5257941+05:00","PostID":"0","Post":null,"ExecuteMethod":2,"SourceResultText":null,"SourceResultValue":null,"SourceResultExpression":null,"SourceUnitTypeID":100041,"SourceUnitType":{"OrderBy":42,"MasterDataID":null,"CDD_ID":null,"NameRU":"мкмоль/л","NameKZ":"мкмоль/л","Name":"мкмоль/л","PublicCode":"10004100","EndDate":null,"ID":"100041","StrID":"100041"},"MultiplierID":null,"IsApproved":false,"IsValidated":false,"StandardMatchType":0,"ApproveDate":null,"ApprovePostID":null,"ApprovePost":null,"OrderNum":1,"WorkPlaceID":20747,"OrderID":null,"BacteriologyResult":null,"AnalyzerId":null,"IsOrderProductionControl":false,"ID":"0","StrID":"0"},{"OrderResearchID":67171805,"OrderResearch":null,"ParameterID":201150,"Parameter":{"ShortNameRU":"СРБ","ShortNameKZ":"СРА","ShortName":"СРБ","DataType":0,"DataTypeName":"Число","UnitTypeID":100026,"UnitType":{"OrderBy":27,"MasterDataID":null,"CDD_ID":null,"NameRU":"мг/л","NameKZ":"мг/л","Name":"мг/л","PublicCode":"10002600","EndDate":null,"ID":"100026","StrID":"100026"},"MedicalFormID":null,"MasterDataID":0,"MedicalForm":null,"NameWithDataType":"СРБ  (Число)","NameRU":"СРБ","NameKZ":"СРА","Name":"СРБ","PublicCode":"20115000","EndDate":null,"ID":"201150","StrID":"201150"},"ParameterValues":null,"ParameterValueID":null,"ParameterValue":null,"ResultText":null,"ResultValue":null,"ResultDate":"2026-09-03T11:08:14.5293646+05:00","PostID":"0","Post":null,"ExecuteMethod":2,"SourceResultText":null,"SourceResultValue":null,"SourceResultExpression":null,"SourceUnitTypeID":100026,"SourceUnitType":{"OrderBy":27,"MasterDataID":null,"CDD_ID":null,"NameRU":"мг/л","NameKZ":"мг/л","Name":"мг/л","PublicCode":"10002600","EndDate":null,"ID":"100026","StrID":"100026"},"MultiplierID":null,"IsApproved":false,"IsValidated":false,"StandardMatchType":0,"ApproveDate":null,"ApprovePostID":null,"ApprovePost":null,"OrderNum":1,"WorkPlaceID":20747,"OrderID":null,"BacteriologyResult":null,"AnalyzerId":null,"IsOrderProductionControl":false,"ID":"0","StrID":"0"},{"OrderResearchID":67171806,"OrderResearch":null,"ParameterID":201087,"Parameter":{"ShortNameRU":"РФ на анализаторе","ShortNameKZ":"РФ анализаторда","ShortName":"РФ на анализаторе","DataType":0,"DataTypeName":"Число","UnitTypeID":100015,"UnitType":{"OrderBy":16,"MasterDataID":null,"CDD_ID":null,"NameRU":"ЕД/л","NameKZ":"Бірл/л","Name":"ЕД/л","PublicCode":"10001500","EndDate":null,"ID":"100015","StrID":"100015"},"MedicalFormID":null,"MasterDataID":0,"MedicalForm":null,"NameWithDataType":"РФ на анализаторе  (Число)","NameRU":"РФ на анализаторе","NameKZ":"РФ анализаторда","Name":"РФ на анализаторе","PublicCode":"20108700","EndDate":null,"ID":"201087","StrID":"201087"},"ParameterValues":null,"ParameterValueID":null,"ParameterValue":null,"ResultText":null,"ResultValue":null,"ResultDate":"2026-09-03T11:08:14.5308683+05:00","PostID":"0","Post":null,"ExecuteMethod":2,"SourceResultText":null,"SourceResultValue":null,"SourceResultExpression":null,"SourceUnitTypeID":100015,"SourceUnitType":{"OrderBy":16,"MasterDataID":null,"CDD_ID":null,"NameRU":"ЕД/л","NameKZ":"Бірл/л","Name":"ЕД/л","PublicCode":"10001500","EndDate":null,"ID":"100015","StrID":"100015"},"MultiplierID":null,"IsApproved":false,"IsValidated":false,"StandardMatchType":0,"ApproveDate":null,"ApprovePostID":null,"ApprovePost":null,"OrderNum":1,"WorkPlaceID":20747,"OrderID":null,"BacteriologyResult":null,"AnalyzerId":null,"IsOrderProductionControl":false,"ID":"0","StrID":"0"},{"OrderResearchID":67171807,"OrderResearch":null,"ParameterID":200376,"Parameter":{"ShortNameRU":"антистрептолизин \"O\"","ShortNameKZ":"антистрептолизин \"O\"","ShortName":"антистрептолизин \"O\"","DataType":0,"DataTypeName":"Число","UnitTypeID":100030,"UnitType":{"OrderBy":31,"MasterDataID":null,"CDD_ID":null,"NameRU":"МЕ/л","NameKZ":"ХБ/л","Name":"МЕ/л","PublicCode":"10003000","EndDate":null,"ID":"100030","StrID":"100030"},"MedicalFormID":null,"MasterDataID":0,"MedicalForm":null,"NameWithDataType":"антистрептолизин \"O\"  (Число)","NameRU":"антистрептолизин \"O\"","NameKZ":"антистрептолизин \"O\"","Name":"антистрептолизин \"O\"","PublicCode":"20037600","EndDate":null,"ID":"200376","StrID":"200376"},"ParameterValues":null,"ParameterValueID":null,"ParameterValue":null,"ResultText":null,"ResultValue":null,"ResultDate":"2026-09-03T11:08:14.5308683+05:00","PostID":"0","Post":null,"ExecuteMethod":2,"SourceResultText":null,"SourceResultValue":null,"SourceResultExpression":null,"SourceUnitTypeID":100030,"SourceUnitType":{"OrderBy":31,"MasterDataID":null,"CDD_ID":null,"NameRU":"МЕ/л","NameKZ":"ХБ/л","Name":"МЕ/л","PublicCode":"10003000","EndDate":null,"ID":"100030","StrID":"100030"},"MultiplierID":null,"IsApproved":false,"IsValidated":false,"StandardMatchType":0,"ApproveDate":null,"ApprovePostID":null,"ApprovePost":null,"OrderNum":1,"WorkPlaceID":20747,"OrderID":null,"BacteriologyResult":null,"AnalyzerId":null,"IsOrderProductionControl":false,"ID":"0","StrID":"0"}]
03.09.2026 11:08:14	Information:	TestsWW spec 200918, spec 200357, spec 200919, spec 200408, spec 201415, spec 201234, spec 200852, spec 200744, spec 201150, spec 201087, spec 200376, 
03.09.2026 11:08:14	Information:	Querry lines count: 1
03.09.2026 11:08:14	Debug:	SendResults:	fix DriverRequests=	408	ms
03.09.2026 11:08:14	Information:	SAMPLE! 51566755 DeviceDriverResult Sample: 51566755 Suggest: . Do Request True
03.09.2026 11:08:14	Information:	Sample request count: 1
03.09.2026 11:08:14	Information:	MU is ?mol/L
03.09.2026 11:08:14	Information:	Driver Collations count 0
03.09.2026 11:08:14	Information:	MU collations count=0
03.09.2026 11:08:14	Information:	MU is U/L
03.09.2026 11:08:14	Information:	Driver Collations count 0
03.09.2026 11:08:14	Information:	MU collations count=0
03.09.2026 11:08:14	Information:	MU is U/L
03.09.2026 11:08:14	Information:	Driver Collations count 0
03.09.2026 11:08:14	Information:	MU collations count=0
03.09.2026 11:08:14	Information:	MU is mg/L
03.09.2026 11:08:14	Information:	Driver Collations count 0
03.09.2026 11:08:14	Information:	MU collations count=0
03.09.2026 11:08:14	Information:	MU is g/L
03.09.2026 11:08:14	Information:	Driver Collations count 0
03.09.2026 11:08:14	Information:	MU collations count=0
03.09.2026 11:08:14	Information:	MU is ?mol/L
03.09.2026 11:08:14	Information:	Driver Collations count 0
03.09.2026 11:08:14	Information:	MU collations count=0
03.09.2026 11:08:14	Information:	MU is mmol/L
03.09.2026 11:08:14	Information:	Driver Collations count 0
03.09.2026 11:08:14	Information:	MU collations count=0
03.09.2026 11:08:14	Information:	MU is ng/mL
03.09.2026 11:08:14	Information:	Driver Collations count 0
03.09.2026 11:08:14	Information:	MU collations count=0
03.09.2026 11:08:14	Debug:	SendResults:	SetTestsValues first SetTestsValues=	72	ms
03.09.2026 11:08:14	Debug:	SendResults:	Device Total = 483 ms
03.09.2026 11:08:14	Information:	Saving 51566755
03.09.2026 11:08:14	Information:	Start test result saving
03.09.2026 11:08:14	Information:	Result object to save: 
03.09.2026 11:08:14	Information:	{"OrderResearchID":67171797,"OrderResearch":null,"ParameterID":200918,"Parameter":{"ShortNameRU":"общий белок в сыворотке крови","ShortNameKZ":"қан сарысуындағы жалпы ақуыз","ShortName":"общий белок в сыворотке крови","DataType":0,"DataTypeName":"Число","UnitTypeID":100012,"UnitType":{"NameRU":"г/л","NameKZ":"г/л","Name":"г/л","PublicCode":"10001200","OrderBy":13,"ID":100012,"StrID":"100012"},"MedicalFormID":null,"MedicalForm":null,"NameRU":"общий белок в сыворотке крови","NameKZ":"қан сарысуындағы жалпы ақуыз","Name":"общий белок в сыворотке крови","PublicCode":"20091800","OrderBy":null,"ID":200918,"StrID":"200918"},"ParameterValueID":null,"ParameterValue":null,"ResultText":"70.02","ResultValue":null,"ResultDate":"2026-09-03T11:08:14.5023912+05:00","PostID":0,"Post":null,"ExecuteMethod":2,"SourceResultText":"70.02","SourceResultValue":null,"SourceResultExpression":null,"SourceUnitTypeID":100012,"SourceUnitType":{"NameRU":"г/л","NameKZ":"г/л","Name":"г/л","PublicCode":"10001200","OrderBy":13,"ID":100012,"StrID":"100012"},"IsApproved":false,"ApproveDate":null,"ApprovePostID":null,"ApprovePost":null,"OrderNum":1,"WorkPlaceID":20747,"DriverManagerID":150,"BacteriologyResult":null,"AnalyzerId":38,"IsOrderProductionControl":false,"ID":0,"StrID":"0"}
03.09.2026 11:08:14	Information:	Save string: 
03.09.2026 11:08:14	Information:	{"OrderResearchID":67171797,"OrderResearch":{"OrderID":31168670,"ServiceMoID":2163201,"ServiceMoMasterDataID":8269447,"ServiceMo":{"OrgHealthCareID":"45500000000000909","ServiceID":236,"NameRU":"Определение общего белка в сыворотке крови на анализаторе","NameKZ":"Қан сарысуындағы жалпы нәруызды талдауышта анықтау ","Name":"Определение общего белка в сыворотке крови на анализаторе","ShortNameRU":"Определение общего белка в сыворотке крови на анализаторе","ShortNameKZ":"Қан сарысуындағы жалпы нәруызды талдауышта анықтау ","ShortName":"Определение общего белка в сыворотке крови на анализаторе","FullName":"B03.397.002 - Определение общего белка в сыворотке крови на анализаторе","Code":"B03.397.002","ExternalCode":null,"ServiceClassID":5,"ServiceClass":{"ServiceTypeID":2,"OrderBy":5,"MasterDataID":5,"NameRU":"Клиническая химия (биохимия)","NameKZ":"Клиникалық химия (биохимия)","Name":"Клиническая химия (биохимия)","PublicCode":"500","EndDate":null,"ID":"5","StrID":"5"},"Service":{"NameRU":"Определение общего белка в сыворотке крови на анализаторе","NameKZ":"Қан сарысуындағы жалпы нәруызды талдауышта анықтау","Name":"Определение общего белка в сыворотке крови на анализаторе","ShortNameRU":"Общий белок на анализаторе","ShortNameKZ":"Общий белок на анализаторе","ShortName":"Общий белок на анализаторе","FullName":"B03.397.002 - Определение общего белка в сыворотке крови на анализаторе","Code":"B03.397.002","ServiceClassID":5,"ServiceClass":null,"ServiceSubClassID":6,"ServiceSubClass":null,"MaterialTypeID":202,"MaterialType":null,"MasterDataID":3079,"ID":"236","StrID":"236"},"MasterDataID":8269447,"ServiceSubClassID":6,"PayType":1,"ServiceSubClass":null,"ID":"2163201","StrID":"2163201"},"FullName":"B03.397.002 - Определение общего белка в сыворотке крови на анализаторе  () ","IsMain":true,"SourceID":"145110064_33966479","WorkPlaceID":20747,"WorkPlace":null,"DriverManager":null,"ParameterID":null,"Parameter":null,"AdditionalInfo":null,"Status":1,"PerformetServiceCount":7,"ResearchResultCount":0,"ApproveResearchResultCount":0,"NotSaveResearchResultCount":0,"ParentID":null,"ScreeningCandidatePlanGuid":null,"ScreeningUrl":null,"TakePlace":null,"MaterialTypeID":null,"MaterialType":null,"PartCount":0,"IsOrderProductionControl":false,"Uid":"8319d757-cfad-4c7d-bfe3-757e3eaf2328","OrderPerformerServices":[],"OrderResearchAllergens":[],"Results":[],"IsResumed":false,"ExecutionType":0,"ID":"67171797","StrID":"67171797"},"ParameterID":200918,"Parameter":{"ShortNameRU":"общий белок в сыворотке крови","ShortNameKZ":"қан сарысуындағы жалпы ақуыз","ShortName":"общий белок в сыворотке крови","DataType":0,"DataTypeName":"Число","UnitTypeID":100012,"UnitType":null,"MedicalFormID":null,"MasterDataID":0,"MedicalForm":null,"NameWithDataType":"общий белок в сыворотке крови  (Число)","NameRU":"общий белок в сыворотке крови","NameKZ":"қан сарысуындағы жалпы ақуыз","Name":"общий белок в сыворотке крови","PublicCode":"20091800","EndDate":null,"ID":"200918","StrID":"200918"},"ParameterValues":null,"ParameterValueID":null,"ParameterValue":null,"ResultText":"70.02","ResultValue":"70.02","ResultDate":"2026-09-03T11:08:14.7477163+05:00","PostID":"189416","Post":null,"ExecuteMethod":2,"SourceResultText":"70.02","SourceResultValue":"70.02","SourceResultExpression":null,"SourceUnitTypeID":100012,"SourceUnitType":{"OrderBy":13,"MasterDataID":null,"CDD_ID":null,"NameRU":"г/л","NameKZ":"г/л","Name":"г/л","PublicCode":"10001200","EndDate":null,"ID":"100012","StrID":"100012"},"MultiplierID":null,"IsApproved":false,"IsValidated":false,"StandardMatchType":0,"ApproveDate":null,"ApprovePostID":null,"ApprovePost":null,"OrderNum":1,"WorkPlaceID":20747,"OrderID":null,"BacteriologyResult":null,"AnalyzerId":38,"IsOrderProductionControl":false,"ID":"207485854","StrID":"207485854"}
03.09.2026 11:08:14	Information:	Result object to save: 
03.09.2026 11:08:14	Information:	{"OrderResearchID":67171799,"OrderResearch":null,"ParameterID":200357,"Parameter":{"ShortNameRU":"АЛаТ","ShortNameKZ":"АЛаТ","ShortName":"АЛаТ","DataType":0,"DataTypeName":"Число","UnitTypeID":100030,"UnitType":{"NameRU":"МЕ/л","NameKZ":"ХБ/л","Name":"МЕ/л","PublicCode":"10003000","OrderBy":31,"ID":100030,"StrID":"100030"},"MedicalFormID":null,"MedicalForm":null,"NameRU":"АЛаТ","NameKZ":"АЛаТ","Name":"АЛаТ","PublicCode":"20035700","OrderBy":null,"ID":200357,"StrID":"200357"},"ParameterValueID":null,"ParameterValue":null,"ResultText":"10.97","ResultValue":null,"ResultDate":"2026-09-03T11:08:14.5065016+05:00","PostID":0,"Post":null,"ExecuteMethod":2,"SourceResultText":"10.97","SourceResultValue":null,"SourceResultExpression":null,"SourceUnitTypeID":100030,"SourceUnitType":{"NameRU":"МЕ/л","NameKZ":"ХБ/л","Name":"МЕ/л","PublicCode":"10003000","OrderBy":31,"ID":100030,"StrID":"100030"},"IsApproved":false,"ApproveDate":null,"ApprovePostID":null,"ApprovePost":null,"OrderNum":1,"WorkPlaceID":20747,"DriverManagerID":150,"BacteriologyResult":null,"AnalyzerId":38,"IsOrderProductionControl":false,"ID":0,"StrID":"0"}
03.09.2026 11:08:14	Information:	Save string: 
03.09.2026 11:08:14	Information:	{"OrderResearchID":67171799,"OrderResearch":{"OrderID":31168670,"ServiceMoID":2163576,"ServiceMoMasterDataID":8269462,"ServiceMo":{"OrgHealthCareID":"45500000000000909","ServiceID":253,"NameRU":"Определение аланинаминотрансферазы (АЛаТ) в сыворотке крови на анализаторе","NameKZ":"Қан сарысуындағы аланинаминотрансферазды (АЛаТ) талдауышта анықтау ","Name":"Определение аланинаминотрансферазы (АЛаТ) в сыворотке крови на анализаторе","ShortNameRU":"Определение аланинаминотрансферазы (АЛаТ) в сыворотке крови на анализаторе","ShortNameKZ":"Қан сарысуындағы аланинаминотрансферазды (АЛаТ) талдауышта анықтау ","ShortName":"Определение аланинаминотрансферазы (АЛаТ) в сыворотке крови на анализаторе","FullName":"B03.155.002 - Определение аланинаминотрансферазы (АЛаТ) в сыворотке крови на анализаторе","Code":"B03.155.002","ExternalCode":null,"ServiceClassID":5,"ServiceClass":{"ServiceTypeID":2,"OrderBy":5,"MasterDataID":5,"NameRU":"Клиническая химия (биохимия)","NameKZ":"Клиникалық химия (биохимия)","Name":"Клиническая химия (биохимия)","PublicCode":"500","EndDate":null,"ID":"5","StrID":"5"},"Service":{"NameRU":"Определение аланинаминотрансферазы (АЛаТ) в сыворотке крови на анализаторе","NameKZ":"Қан сарысуындағы аланинаминотрансферазды (АЛаТ) талдауышта анықтау","Name":"Определение аланинаминотрансферазы (АЛаТ) в сыворотке крови на анализаторе","ShortNameRU":"АЛаТ на анализаторе","ShortNameKZ":"АЛаТ на анализаторе","ShortName":"АЛаТ на анализаторе","FullName":"B03.155.002 - Определение аланинаминотрансферазы (АЛаТ) в сыворотке крови на анализаторе","Code":"B03.155.002","ServiceClassID":5,"ServiceClass":null,"ServiceSubClassID":6,"ServiceSubClass":null,"MaterialTypeID":202,"MaterialType":null,"MasterDataID":3094,"ID":"253","StrID":"253"},"MasterDataID":8269462,"ServiceSubClassID":6,"PayType":1,"ServiceSubClass":null,"ID":"2163576","StrID":"2163576"},"FullName":"B03.155.002 - Определение аланинаминотрансферазы (АЛаТ) в сыворотке крови на анализаторе  () ","IsMain":true,"SourceID":"145110064_33966482","WorkPlaceID":20747,"WorkPlace":null,"DriverManager":null,"ParameterID":null,"Parameter":null,"AdditionalInfo":null,"Status":1,"PerformetServiceCount":9,"ResearchResultCount":0,"ApproveResearchResultCount":0,"NotSaveResearchResultCount":0,"ParentID":null,"ScreeningCandidatePlanGuid":null,"ScreeningUrl":null,"TakePlace":null,"MaterialTypeID":null,"MaterialType":null,"PartCount":0,"IsOrderProductionControl":false,"Uid":"8500fd5e-3134-424b-a074-136f81b210eb","OrderPerformerServices":[],"OrderResearchAllergens":[],"Results":[],"IsResumed":false,"ExecutionType":0,"ID":"67171799","StrID":"67171799"},"ParameterID":200357,"Parameter":{"ShortNameRU":"АЛаТ","ShortNameKZ":"АЛаТ","ShortName":"АЛаТ","DataType":0,"DataTypeName":"Число","UnitTypeID":100030,"UnitType":null,"MedicalFormID":null,"MasterDataID":0,"MedicalForm":null,"NameWithDataType":"АЛаТ  (Число)","NameRU":"АЛаТ","NameKZ":"АЛаТ","Name":"АЛаТ","PublicCode":"20035700","EndDate":null,"ID":"200357","StrID":"200357"},"ParameterValues":null,"ParameterValueID":null,"ParameterValue":null,"ResultText":"10.97","ResultValue":"10.97","ResultDate":"2026-09-03T11:08:14.8467137+05:00","PostID":"189416","Post":null,"ExecuteMethod":2,"SourceResultText":"10.97","SourceResultValue":"10.97","SourceResultExpression":null,"SourceUnitTypeID":100030,"SourceUnitType":{"OrderBy":31,"MasterDataID":null,"CDD_ID":null,"NameRU":"МЕ/л","NameKZ":"ХБ/л","Name":"МЕ/л","PublicCode":"10003000","EndDate":null,"ID":"100030","StrID":"100030"},"MultiplierID":null,"IsApproved":false,"IsValidated":false,"StandardMatchType":0,"ApproveDate":null,"ApprovePostID":null,"ApprovePost":null,"OrderNum":1,"WorkPlaceID":20747,"OrderID":null,"BacteriologyResult":null,"AnalyzerId":38,"IsOrderProductionControl":false,"ID":"207485857","StrID":"207485857"}
03.09.2026 11:08:14	Information:	Result object to save: 
03.09.2026 11:08:14	Information:	{"OrderResearchID":67171800,"OrderResearch":null,"ParameterID":200919,"Parameter":{"ShortNameRU":"общий билирубин в сыворотке крови","ShortNameKZ":"қан сарысуындағы жалпы билирубин","ShortName":"общий билирубин в сыворотке крови","DataType":0,"DataTypeName":"Число","UnitTypeID":100041,"UnitType":{"NameRU":"мкмоль/л","NameKZ":"мкмоль/л","Name":"мкмоль/л","PublicCode":"10004100","OrderBy":42,"ID":100041,"StrID":"100041"},"MedicalFormID":null,"MedicalForm":null,"NameRU":"общий билирубин в сыворотке крови","NameKZ":"қан сарысуындағы жалпы билирубин","Name":"общий билирубин в сыворотке крови","PublicCode":"20091900","OrderBy":null,"ID":200919,"StrID":"200919"},"ParameterValueID":null,"ParameterValue":null,"ResultText":"3.83","ResultValue":null,"ResultDate":"2026-09-03T11:08:14.5091888+05:00","PostID":0,"Post":null,"ExecuteMethod":2,"SourceResultText":"3.83","SourceResultValue":null,"SourceResultExpression":null,"SourceUnitTypeID":100041,"SourceUnitType":{"NameRU":"мкмоль/л","NameKZ":"мкмоль/л","Name":"мкмоль/л","PublicCode":"10004100","OrderBy":42,"ID":100041,"StrID":"100041"},"IsApproved":false,"ApproveDate":null,"ApprovePostID":null,"ApprovePost":null,"OrderNum":1,"WorkPlaceID":20747,"DriverManagerID":150,"BacteriologyResult":null,"AnalyzerId":38,"IsOrderProductionControl":false,"ID":0,"StrID":"0"}
03.09.2026 11:08:14	Information:	Save string: 
03.09.2026 11:08:14	Information:	{"OrderResearchID":67171800,"OrderResearch":{"OrderID":31168670,"ServiceMoID":2163626,"ServiceMoMasterDataID":8269464,"ServiceMo":{"OrgHealthCareID":"45500000000000909","ServiceID":255,"NameRU":"Определение общего билирубина в сыворотке крови на анализаторе","NameKZ":"Қан сарысуындағы жалпы  билирубинді талдауышта анықтау в сыворотке крови на анализаторе","Name":"Определение общего билирубина в сыворотке крови на анализаторе","ShortNameRU":"Определение общего билирубина в сыворотке крови на анализаторе","ShortNameKZ":"Қан сарысуындағы жалпы  билирубинді талдауышта анықтау в сыворотке крови на анализаторе","ShortName":"Определение общего билирубина в сыворотке крови на анализаторе","FullName":"B03.398.002 - Определение общего билирубина в сыворотке крови на анализаторе","Code":"B03.398.002","ExternalCode":null,"ServiceClassID":5,"ServiceClass":{"ServiceTypeID":2,"OrderBy":5,"MasterDataID":5,"NameRU":"Клиническая химия (биохимия)","NameKZ":"Клиникалық химия (биохимия)","Name":"Клиническая химия (биохимия)","PublicCode":"500","EndDate":null,"ID":"5","StrID":"5"},"Service":{"NameRU":"Определение общего билирубина в сыворотке крови на анализаторе","NameKZ":"Қан сарысуындағы жалпы билирубинді талдауышта анықтау в сыворотке крови на анализаторе","Name":"Определение общего билирубина в сыворотке крови на анализаторе","ShortNameRU":"Общий Bi на анализаторе","ShortNameKZ":"Общий Bi на анализаторе","ShortName":"Общий Bi на анализаторе","FullName":"B03.398.002 - Определение общего билирубина в сыворотке крови на анализаторе","Code":"B03.398.002","ServiceClassID":5,"ServiceClass":null,"ServiceSubClassID":6,"ServiceSubClass":null,"MaterialTypeID":202,"MaterialType":null,"MasterDataID":3096,"ID":"255","StrID":"255"},"MasterDataID":8269464,"ServiceSubClassID":6,"PayType":1,"ServiceSubClass":null,"ID":"2163626","StrID":"2163626"},"FullName":"B03.398.002 - Определение общего билирубина в сыворотке крови на анализаторе  () ","IsMain":true,"SourceID":"145110064_33966484","WorkPlaceID":20747,"WorkPlace":null,"DriverManager":null,"ParameterID":null,"Parameter":null,"AdditionalInfo":null,"Status":1,"PerformetServiceCount":7,"ResearchResultCount":0,"ApproveResearchResultCount":0,"NotSaveResearchResultCount":0,"ParentID":null,"ScreeningCandidatePlanGuid":null,"ScreeningUrl":null,"TakePlace":null,"MaterialTypeID":null,"MaterialType":null,"PartCount":0,"IsOrderProductionControl":false,"Uid":"ba57c513-1e7c-4750-8cb1-48dc5655c612","OrderPerformerServices":[],"OrderResearchAllergens":[],"Results":[],"IsResumed":false,"ExecutionType":0,"ID":"67171800","StrID":"67171800"},"ParameterID":200919,"Parameter":{"ShortNameRU":"общий билирубин в сыворотке крови","ShortNameKZ":"қан сарысуындағы жалпы билирубин","ShortName":"общий билирубин в сыворотке крови","DataType":0,"DataTypeName":"Число","UnitTypeID":100041,"UnitType":null,"MedicalFormID":null,"MasterDataID":0,"MedicalForm":null,"NameWithDataType":"общий билирубин в сыворотке крови  (Число)","NameRU":"общий билирубин в сыворотке крови","NameKZ":"қан сарысуындағы жалпы билирубин","Name":"общий билирубин в сыворотке крови","PublicCode":"20091900","EndDate":null,"ID":"200919","StrID":"200919"},"ParameterValues":null,"ParameterValueID":null,"ParameterValue":null,"ResultText":"3.83","ResultValue":"3.83","ResultDate":"2026-09-03T11:08:14.9211585+05:00","PostID":"189416","Post":null,"ExecuteMethod":2,"SourceResultText":"3.83","SourceResultValue":"3.83","SourceResultExpression":null,"SourceUnitTypeID":100041,"SourceUnitType":{"OrderBy":42,"MasterDataID":null,"CDD_ID":null,"NameRU":"мкмоль/л","NameKZ":"мкмоль/л","Name":"мкмоль/л","PublicCode":"10004100","EndDate":null,"ID":"100041","StrID":"100041"},"MultiplierID":null,"IsApproved":false,"IsValidated":false,"StandardMatchType":0,"ApproveDate":null,"ApprovePostID":null,"ApprovePost":null,"OrderNum":1,"WorkPlaceID":20747,"OrderID":null,"BacteriologyResult":null,"AnalyzerId":38,"IsOrderProductionControl":false,"ID":"207485858","StrID":"207485858"}
03.09.2026 11:08:14	Information:	Result object to save: 
03.09.2026 11:08:14	Information:	{"OrderResearchID":67171801,"OrderResearch":null,"ParameterID":200408,"Parameter":{"ShortNameRU":"АСаТ","ShortNameKZ":"АСаТ","ShortName":"АСаТ","DataType":0,"DataTypeName":"Число","UnitTypeID":100030,"UnitType":{"NameRU":"МЕ/л","NameKZ":"ХБ/л","Name":"МЕ/л","PublicCode":"10003000","OrderBy":31,"ID":100030,"StrID":"100030"},"MedicalFormID":null,"MedicalForm":null,"NameRU":"АСаТ","NameKZ":"АСаТ","Name":"АСаТ","PublicCode":"20040800","OrderBy":null,"ID":200408,"StrID":"200408"},"ParameterValueID":null,"ParameterValue":null,"ResultText":"15.16","ResultValue":null,"ResultDate":"2026-09-03T11:08:14.510703+05:00","PostID":0,"Post":null,"ExecuteMethod":2,"SourceResultText":"15.16","SourceResultValue":null,"SourceResultExpression":null,"SourceUnitTypeID":100030,"SourceUnitType":{"NameRU":"МЕ/л","NameKZ":"ХБ/л","Name":"МЕ/л","PublicCode":"10003000","OrderBy":31,"ID":100030,"StrID":"100030"},"IsApproved":false,"ApproveDate":null,"ApprovePostID":null,"ApprovePost":null,"OrderNum":1,"WorkPlaceID":20747,"DriverManagerID":150,"BacteriologyResult":null,"AnalyzerId":38,"IsOrderProductionControl":false,"ID":0,"StrID":"0"}
03.09.2026 11:08:14	Information:	Save string: 
03.09.2026 11:08:14	Information:	{"OrderResearchID":67171801,"OrderResearch":{"OrderID":31168670,"ServiceMoID":2163651,"ServiceMoMasterDataID":8269465,"ServiceMo":{"OrgHealthCareID":"45500000000000909","ServiceID":256,"NameRU":"Определение аспартатаминотрансферазы (АСаТ) в сыворотке крови на анализаторе","NameKZ":"Қан сарысуындағы  аспартатаминотрансферазды  (АСаТ) талдауышта анықтау  ","Name":"Определение аспартатаминотрансферазы (АСаТ) в сыворотке крови на анализаторе","ShortNameRU":"Определение аспартатаминотрансферазы (АСаТ) в сыворотке крови на анализаторе","ShortNameKZ":"Қан сарысуындағы  аспартатаминотрансферазды  (АСаТ) талдауышта анықтау  ","ShortName":"Определение аспартатаминотрансферазы (АСаТ) в сыворотке крови на анализаторе","FullName":"B03.293.002 - Определение аспартатаминотрансферазы (АСаТ) в сыворотке крови на анализаторе","Code":"B03.293.002","ExternalCode":null,"ServiceClassID":5,"ServiceClass":{"ServiceTypeID":2,"OrderBy":5,"MasterDataID":5,"NameRU":"Клиническая химия (биохимия)","NameKZ":"Клиникалық химия (биохимия)","Name":"Клиническая химия (биохимия)","PublicCode":"500","EndDate":null,"ID":"5","StrID":"5"},"Service":{"NameRU":"Определение аспартатаминотрансферазы (АСаТ) в сыворотке крови на анализаторе","NameKZ":"Қан сарысуындағы аспартатаминотрансферазды (АСаТ) талдауышта анықтау","Name":"Определение аспартатаминотрансферазы (АСаТ) в сыворотке крови на анализаторе","ShortNameRU":"АСаТ на анализаторе","ShortNameKZ":"АСаТ на анализаторе","ShortName":"АСаТ на анализаторе","FullName":"B03.293.002 - Определение аспартатаминотрансферазы (АСаТ) в сыворотке крови на анализаторе","Code":"B03.293.002","ServiceClassID":5,"ServiceClass":null,"ServiceSubClassID":6,"ServiceSubClass":null,"MaterialTypeID":202,"MaterialType":null,"MasterDataID":3097,"ID":"256","StrID":"256"},"MasterDataID":8269465,"ServiceSubClassID":6,"PayType":1,"ServiceSubClass":null,"ID":"2163651","StrID":"2163651"},"FullName":"B03.293.002 - Определение аспартатаминотрансферазы (АСаТ) в сыворотке крови на анализаторе  () ","IsMain":true,"SourceID":"145110064_33966483","WorkPlaceID":20747,"WorkPlace":null,"DriverManager":null,"ParameterID":null,"Parameter":null,"AdditionalInfo":null,"Status":1,"PerformetServiceCount":7,"ResearchResultCount":0,"ApproveResearchResultCount":0,"NotSaveResearchResultCount":0,"ParentID":null,"ScreeningCandidatePlanGuid":null,"ScreeningUrl":null,"TakePlace":null,"MaterialTypeID":null,"MaterialType":null,"PartCount":0,"IsOrderProductionControl":false,"Uid":"33166a9e-ca2c-453d-9f26-abad0e1ca2c2","OrderPerformerServices":[],"OrderResearchAllergens":[],"Results":[],"IsResumed":false,"ExecutionType":0,"ID":"67171801","StrID":"67171801"},"ParameterID":200408,"Parameter":{"ShortNameRU":"АСаТ","ShortNameKZ":"АСаТ","ShortName":"АСаТ","DataType":0,"DataTypeName":"Число","UnitTypeID":100030,"UnitType":null,"MedicalFormID":null,"MasterDataID":0,"MedicalForm":null,"NameWithDataType":"АСаТ  (Число)","NameRU":"АСаТ","NameKZ":"АСаТ","Name":"АСаТ","PublicCode":"20040800","EndDate":null,"ID":"200408","StrID":"200408"},"ParameterValues":null,"ParameterValueID":null,"ParameterValue":null,"ResultText":"15.16","ResultValue":"15.16","ResultDate":"2026-09-03T11:08:14.9898391+05:00","PostID":"189416","Post":null,"ExecuteMethod":2,"SourceResultText":"15.16","SourceResultValue":"15.16","SourceResultExpression":null,"SourceUnitTypeID":100030,"SourceUnitType":{"OrderBy":31,"MasterDataID":null,"CDD_ID":null,"NameRU":"МЕ/л","NameKZ":"ХБ/л","Name":"МЕ/л","PublicCode":"10003000","EndDate":null,"ID":"100030","StrID":"100030"},"MultiplierID":null,"IsApproved":false,"IsValidated":false,"StandardMatchType":0,"ApproveDate":null,"ApprovePostID":null,"ApprovePost":null,"OrderNum":1,"WorkPlaceID":20747,"OrderID":null,"BacteriologyResult":null,"AnalyzerId":38,"IsOrderProductionControl":false,"ID":"207485859","StrID":"207485859"}
03.09.2026 11:08:14	Information:	No result for test 201415 for sample with barcode 51566755 for device 20747
03.09.2026 11:08:14	Information:	Result object to save: 
03.09.2026 11:08:14	Information:	{"OrderResearchID":67171803,"OrderResearch":null,"ParameterID":201234,"Parameter":{"ShortNameRU":"ферритин в сыворотке крови","ShortNameKZ":"қан сарысуындағы ферритин","ShortName":"ферритин в сыворотке крови","DataType":0,"DataTypeName":"Число","UnitTypeID":100035,"UnitType":{"NameRU":"мкг/л","NameKZ":"мкг/л","Name":"мкг/л","PublicCode":"10003500","OrderBy":36,"ID":100035,"StrID":"100035"},"MedicalFormID":null,"MedicalForm":null,"NameRU":"ферритин в сыворотке крови","NameKZ":"қан сарысуындағы ферритин","Name":"ферритин в сыворотке крови","PublicCode":"20123400","OrderBy":null,"ID":201234,"StrID":"201234"},"ParameterValueID":null,"ParameterValue":null,"ResultText":"7.53","ResultValue":null,"ResultDate":"2026-09-03T11:08:14.5192664+05:00","PostID":0,"Post":null,"ExecuteMethod":1,"SourceResultText":"7.53","SourceResultValue":null,"SourceResultExpression":null,"SourceUnitTypeID":100035,"SourceUnitType":{"NameRU":"мкг/л","NameKZ":"мкг/л","Name":"мкг/л","PublicCode":"10003500","OrderBy":36,"ID":100035,"StrID":"100035"},"IsApproved":false,"ApproveDate":null,"ApprovePostID":null,"ApprovePost":null,"OrderNum":1,"WorkPlaceID":20747,"DriverManagerID":150,"BacteriologyResult":null,"AnalyzerId":38,"IsOrderProductionControl":false,"ID":0,"StrID":"0"}
03.09.2026 11:08:14	Information:	Save string: 
03.09.2026 11:08:14	Information:	{"OrderResearchID":67171803,"OrderResearch":{"OrderID":31168670,"ServiceMoID":2164351,"ServiceMoMasterDataID":8269493,"ServiceMo":{"OrgHealthCareID":"45500000000000909","ServiceID":284,"NameRU":"Определение ферритина в сыворотке крови на анализаторе","NameKZ":"Қан сарысуындағы ферритинді талдауышта анықтау   ","Name":"Определение ферритина в сыворотке крови на анализаторе","ShortNameRU":"Определение ферритина в сыворотке крови на анализаторе","ShortNameKZ":"Қан сарысуындағы ферритинді талдауышта анықтау   ","ShortName":"Определение ферритина в сыворотке крови на анализаторе","FullName":"B03.500.002 - Определение ферритина в сыворотке крови на анализаторе","Code":"B03.500.002","ExternalCode":null,"ServiceClassID":5,"ServiceClass":{"ServiceTypeID":2,"OrderBy":5,"MasterDataID":5,"NameRU":"Клиническая химия (биохимия)","NameKZ":"Клиникалық химия (биохимия)","Name":"Клиническая химия (биохимия)","PublicCode":"500","EndDate":null,"ID":"5","StrID":"5"},"Service":{"NameRU":"Определение ферритина в сыворотке крови на анализаторе","NameKZ":"Қан сарысуындағы ферритинді талдауышта анықтау","Name":"Определение ферритина в сыворотке крови на анализаторе","ShortNameRU":"Ферритин на анализаторе","ShortNameKZ":"Ферритин на анализаторе","ShortName":"Ферритин на анализаторе","FullName":"B03.500.002 - Определение ферритина в сыворотке крови на анализаторе","Code":"B03.500.002","ServiceClassID":5,"ServiceClass":null,"ServiceSubClassID":6,"ServiceSubClass":null,"MaterialTypeID":202,"MaterialType":null,"MasterDataID":3125,"ID":"284","StrID":"284"},"MasterDataID":8269493,"ServiceSubClassID":6,"PayType":1,"ServiceSubClass":null,"ID":"2164351","StrID":"2164351"},"FullName":"B03.500.002 - Определение ферритина в сыворотке крови на анализаторе  () ","IsMain":true,"SourceID":"145110064_33966487","WorkPlaceID":20747,"WorkPlace":null,"DriverManager":null,"ParameterID":null,"Parameter":null,"AdditionalInfo":null,"Status":1,"PerformetServiceCount":9,"ResearchResultCount":0,"ApproveResearchResultCount":0,"NotSaveResearchResultCount":0,"ParentID":null,"ScreeningCandidatePlanGuid":null,"ScreeningUrl":null,"TakePlace":null,"MaterialTypeID":null,"MaterialType":null,"PartCount":0,"IsOrderProductionControl":false,"Uid":"a5e35e75-a2be-449b-83c5-592ec30fb08c","OrderPerformerServices":[],"OrderResearchAllergens":[],"Results":[],"IsResumed":false,"ExecutionType":0,"ID":"67171803","StrID":"67171803"},"ParameterID":201234,"Parameter":{"ShortNameRU":"ферритин в сыворотке крови","ShortNameKZ":"қан сарысуындағы ферритин","ShortName":"ферритин в сыворотке крови","DataType":0,"DataTypeName":"Число","UnitTypeID":100035,"UnitType":null,"MedicalFormID":null,"MasterDataID":0,"MedicalForm":null,"NameWithDataType":"ферритин в сыворотке крови  (Число)","NameRU":"ферритин в сыворотке крови","NameKZ":"қан сарысуындағы ферритин","Name":"ферритин в сыворотке крови","PublicCode":"20123400","EndDate":null,"ID":"201234","StrID":"201234"},"ParameterValues":null,"ParameterValueID":null,"ParameterValue":null,"ResultText":"7.53000","ResultValue":"7.53000","ResultDate":"2026-09-03T11:08:15.0607805+05:00","PostID":"189416","Post":null,"ExecuteMethod":2,"SourceResultText":"7.53000","SourceResultValue":"7.53000","SourceResultExpression":null,"SourceUnitTypeID":100035,"SourceUnitType":{"OrderBy":36,"MasterDataID":null,"CDD_ID":null,"NameRU":"мкг/л","NameKZ":"мкг/л","Name":"мкг/л","PublicCode":"10003500","EndDate":null,"ID":"100035","StrID":"100035"},"MultiplierID":null,"IsApproved":false,"IsValidated":false,"StandardMatchType":0,"ApproveDate":null,"ApprovePostID":null,"ApprovePost":null,"OrderNum":1,"WorkPlaceID":20747,"OrderID":null,"BacteriologyResult":null,"AnalyzerId":38,"IsOrderProductionControl":false,"ID":"207485860","StrID":"207485860"}
03.09.2026 11:08:14	Information:	Result object to save: 
03.09.2026 11:08:14	Information:	{"OrderResearchID":67171798,"OrderResearch":null,"ParameterID":200852,"Parameter":{"ShortNameRU":"мочевина в сыворотке крови","ShortNameKZ":"қан сарысуындағы несепнәр","ShortName":"мочевина в сыворотке крови","DataType":0,"DataTypeName":"Число","UnitTypeID":100051,"UnitType":{"NameRU":"ммоль/л","NameKZ":"ммоль/л","Name":"ммоль/л","PublicCode":"10005100","OrderBy":52,"ID":100051,"StrID":"100051"},"MedicalFormID":null,"MedicalForm":null,"NameRU":"мочевина в сыворотке крови","NameKZ":"қан сарысуындағы несепнәр","Name":"мочевина в сыворотке крови","PublicCode":"20085200","OrderBy":null,"ID":200852,"StrID":"200852"},"ParameterValueID":null,"ParameterValue":null,"ResultText":"2.77","ResultValue":null,"ResultDate":"2026-09-03T11:08:14.5192664+05:00","PostID":0,"Post":null,"ExecuteMethod":2,"SourceResultText":"2.77","SourceResultValue":null,"SourceResultExpression":null,"SourceUnitTypeID":100051,"SourceUnitType":{"NameRU":"ммоль/л","NameKZ":"ммоль/л","Name":"ммоль/л","PublicCode":"10005100","OrderBy":52,"ID":100051,"StrID":"100051"},"IsApproved":false,"ApproveDate":null,"ApprovePostID":null,"ApprovePost":null,"OrderNum":1,"WorkPlaceID":20747,"DriverManagerID":150,"BacteriologyResult":null,"AnalyzerId":38,"IsOrderProductionControl":false,"ID":0,"StrID":"0"}
03.09.2026 11:08:14	Information:	Save string: 
03.09.2026 11:08:14	Information:	{"OrderResearchID":67171798,"OrderResearch":{"OrderID":31168670,"ServiceMoID":2164626,"ServiceMoMasterDataID":8269504,"ServiceMo":{"OrgHealthCareID":"45500000000000909","ServiceID":295,"NameRU":"Определение мочевины в сыворотке крови на анализаторе","NameKZ":"Қан сарысуындағы несепнәрді  талдауышта анықтау ","Name":"Определение мочевины в сыворотке крови на анализаторе","ShortNameRU":"Определение мочевины в сыворотке крови на анализаторе","ShortNameKZ":"Қан сарысуындағы несепнәрді  талдауышта анықтау ","ShortName":"Определение мочевины в сыворотке крови на анализаторе","FullName":"B03.386.002 - Определение мочевины в сыворотке крови на анализаторе","Code":"B03.386.002","ExternalCode":null,"ServiceClassID":5,"ServiceClass":{"ServiceTypeID":2,"OrderBy":5,"MasterDataID":5,"NameRU":"Клиническая химия (биохимия)","NameKZ":"Клиникалық химия (биохимия)","Name":"Клиническая химия (биохимия)","PublicCode":"500","EndDate":null,"ID":"5","StrID":"5"},"Service":{"NameRU":"Определение мочевины в сыворотке крови на анализаторе","NameKZ":"Қан сарысуындағы несепнәрді талдауышта анықтау","Name":"Определение мочевины в сыворотке крови на анализаторе","ShortNameRU":"Мочевина на анализаторе","ShortNameKZ":"Мочевина на анализаторе","ShortName":"Мочевина на анализаторе","FullName":"B03.386.002 - Определение мочевины в сыворотке крови на анализаторе","Code":"B03.386.002","ServiceClassID":5,"ServiceClass":null,"ServiceSubClassID":6,"ServiceSubClass":null,"MaterialTypeID":202,"MaterialType":null,"MasterDataID":3136,"ID":"295","StrID":"295"},"MasterDataID":8269504,"ServiceSubClassID":6,"PayType":1,"ServiceSubClass":null,"ID":"2164626","StrID":"2164626"},"FullName":"B03.386.002 - Определение мочевины в сыворотке крови на анализаторе  () ","IsMain":true,"SourceID":"145110064_33966480","WorkPlaceID":20747,"WorkPlace":null,"DriverManager":null,"ParameterID":null,"Parameter":null,"AdditionalInfo":null,"Status":1,"PerformetServiceCount":7,"ResearchResultCount":0,"ApproveResearchResultCount":0,"NotSaveResearchResultCount":0,"ParentID":null,"ScreeningCandidatePlanGuid":null,"ScreeningUrl":null,"TakePlace":null,"MaterialTypeID":null,"MaterialType":null,"PartCount":0,"IsOrderProductionControl":false,"Uid":"2669b46e-8594-4e3f-ad09-4f3c35169533","OrderPerformerServices":[],"OrderResearchAllergens":[],"Results":[],"IsResumed":false,"ExecutionType":0,"ID":"67171798","StrID":"67171798"},"ParameterID":200852,"Parameter":{"ShortNameRU":"мочевина в сыворотке крови","ShortNameKZ":"қан сарысуындағы несепнәр","ShortName":"мочевина в сыворотке крови","DataType":0,"DataTypeName":"Число","UnitTypeID":100051,"UnitType":null,"MedicalFormID":null,"MasterDataID":0,"MedicalForm":null,"NameWithDataType":"мочевина в сыворотке крови  (Число)","NameRU":"мочевина в сыворотке крови","NameKZ":"қан сарысуындағы несепнәр","Name":"мочевина в сыворотке крови","PublicCode":"20085200","EndDate":null,"ID":"200852","StrID":"200852"},"ParameterValues":null,"ParameterValueID":null,"ParameterValue":null,"ResultText":"2.77","ResultValue":"2.77","ResultDate":"2026-09-03T11:08:15.1284903+05:00","PostID":"189416","Post":null,"ExecuteMethod":2,"SourceResultText":"2.77","SourceResultValue":"2.77","SourceResultExpression":null,"SourceUnitTypeID":100051,"SourceUnitType":{"OrderBy":52,"MasterDataID":null,"CDD_ID":null,"NameRU":"ммоль/л","NameKZ":"ммоль/л","Name":"ммоль/л","PublicCode":"10005100","EndDate":null,"ID":"100051","StrID":"100051"},"MultiplierID":null,"IsApproved":false,"IsValidated":false,"StandardMatchType":0,"ApproveDate":null,"ApprovePostID":null,"ApprovePost":null,"OrderNum":1,"WorkPlaceID":20747,"OrderID":null,"BacteriologyResult":null,"AnalyzerId":38,"IsOrderProductionControl":false,"ID":"207485862","StrID":"207485862"}
03.09.2026 11:08:14	Information:	Result object to save: 
03.09.2026 11:08:14	Information:	{"OrderResearchID":67171804,"OrderResearch":null,"ParameterID":200744,"Parameter":{"ShortNameRU":"креатинин в крови","ShortNameKZ":"қандағы креатинин","ShortName":"креатинин в крови","DataType":0,"DataTypeName":"Число","UnitTypeID":100041,"UnitType":{"NameRU":"мкмоль/л","NameKZ":"мкмоль/л","Name":"мкмоль/л","PublicCode":"10004100","OrderBy":42,"ID":100041,"StrID":"100041"},"MedicalFormID":null,"MedicalForm":null,"NameRU":"креатинин в крови","NameKZ":"қандағы креатинин","Name":"креатинин в крови","PublicCode":"20074400","OrderBy":null,"ID":200744,"StrID":"200744"},"ParameterValueID":null,"ParameterValue":null,"ResultText":"46.15","ResultValue":null,"ResultDate":"2026-09-03T11:08:14.5257941+05:00","PostID":0,"Post":null,"ExecuteMethod":2,"SourceResultText":"46.15","SourceResultValue":null,"SourceResultExpression":null,"SourceUnitTypeID":100041,"SourceUnitType":{"NameRU":"мкмоль/л","NameKZ":"мкмоль/л","Name":"мкмоль/л","PublicCode":"10004100","OrderBy":42,"ID":100041,"StrID":"100041"},"IsApproved":false,"ApproveDate":null,"ApprovePostID":null,"ApprovePost":null,"OrderNum":1,"WorkPlaceID":20747,"DriverManagerID":150,"BacteriologyResult":null,"AnalyzerId":38,"IsOrderProductionControl":false,"ID":0,"StrID":"0"}
03.09.2026 11:08:14	Information:	Save string: 
03.09.2026 11:08:14	Information:	{"OrderResearchID":67171804,"OrderResearch":{"OrderID":31168670,"ServiceMoID":2164651,"ServiceMoMasterDataID":8269505,"ServiceMo":{"OrgHealthCareID":"45500000000000909","ServiceID":296,"NameRU":"Определение креатинина в сыворотке крови на анализаторе","NameKZ":"Қан сарысуындағы  креатининді талдауышта анықтау ","Name":"Определение креатинина в сыворотке крови на анализаторе","ShortNameRU":"Определение креатинина в сыворотке крови на анализаторе","ShortNameKZ":"Қан сарысуындағы  креатининді талдауышта анықтау ","ShortName":"Определение креатинина в сыворотке крови на анализаторе","FullName":"B03.363.002 - Определение креатинина в сыворотке крови на анализаторе","Code":"B03.363.002","ExternalCode":null,"ServiceClassID":5,"ServiceClass":{"ServiceTypeID":2,"OrderBy":5,"MasterDataID":5,"NameRU":"Клиническая химия (биохимия)","NameKZ":"Клиникалық химия (биохимия)","Name":"Клиническая химия (биохимия)","PublicCode":"500","EndDate":null,"ID":"5","StrID":"5"},"Service":{"NameRU":"Определение креатинина в сыворотке крови на анализаторе","NameKZ":"Қан сарысуындағы креатининді талдауышта анықтау","Name":"Определение креатинина в сыворотке крови на анализаторе","ShortNameRU":"Креатинин на анализаторе","ShortNameKZ":"Креатинин на анализаторе","ShortName":"Креатинин на анализаторе","FullName":"B03.363.002 - Определение креатинина в сыворотке крови на анализаторе","Code":"B03.363.002","ServiceClassID":5,"ServiceClass":null,"ServiceSubClassID":6,"ServiceSubClass":null,"MaterialTypeID":202,"MaterialType":null,"MasterDataID":3137,"ID":"296","StrID":"296"},"MasterDataID":8269505,"ServiceSubClassID":6,"PayType":1,"ServiceSubClass":null,"ID":"2164651","StrID":"2164651"},"FullName":"B03.363.002 - Определение креатинина в сыворотке крови на анализаторе  () ","IsMain":true,"SourceID":"145110064_33966481","WorkPlaceID":20747,"WorkPlace":null,"DriverManager":null,"ParameterID":null,"Parameter":null,"AdditionalInfo":null,"Status":1,"PerformetServiceCount":7,"ResearchResultCount":0,"ApproveResearchResultCount":0,"NotSaveResearchResultCount":0,"ParentID":null,"ScreeningCandidatePlanGuid":null,"ScreeningUrl":null,"TakePlace":null,"MaterialTypeID":null,"MaterialType":null,"PartCount":0,"IsOrderProductionControl":false,"Uid":"abd9e957-ddfb-4935-8249-e6548927216e","OrderPerformerServices":[],"OrderResearchAllergens":[],"Results":[],"IsResumed":false,"ExecutionType":0,"ID":"67171804","StrID":"67171804"},"ParameterID":200744,"Parameter":{"ShortNameRU":"креатинин в крови","ShortNameKZ":"қандағы креатинин","ShortName":"креатинин в крови","DataType":0,"DataTypeName":"Число","UnitTypeID":100041,"UnitType":null,"MedicalFormID":null,"MasterDataID":0,"MedicalForm":null,"NameWithDataType":"креатинин в крови  (Число)","NameRU":"креатинин в крови","NameKZ":"қандағы креатинин","Name":"креатинин в крови","PublicCode":"20074400","EndDate":null,"ID":"200744","StrID":"200744"},"ParameterValues":null,"ParameterValueID":null,"ParameterValue":null,"ResultText":"46.15","ResultValue":"46.15","ResultDate":"2026-09-03T11:08:15.220765+05:00","PostID":"189416","Post":null,"ExecuteMethod":2,"SourceResultText":"46.15","SourceResultValue":"46.15","SourceResultExpression":null,"SourceUnitTypeID":100041,"SourceUnitType":{"OrderBy":42,"MasterDataID":null,"CDD_ID":null,"NameRU":"мкмоль/л","NameKZ":"мкмоль/л","Name":"мкмоль/л","PublicCode":"10004100","EndDate":null,"ID":"100041","StrID":"100041"},"MultiplierID":null,"IsApproved":false,"IsValidated":false,"StandardMatchType":0,"ApproveDate":null,"ApprovePostID":null,"ApprovePost":null,"OrderNum":1,"WorkPlaceID":20747,"OrderID":null,"BacteriologyResult":null,"AnalyzerId":38,"IsOrderProductionControl":false,"ID":"207485864","StrID":"207485864"}
03.09.2026 11:08:14	Information:	Result object to save: 
03.09.2026 11:08:14	Information:	{"OrderResearchID":67171805,"OrderResearch":null,"ParameterID":201150,"Parameter":{"ShortNameRU":"СРБ","ShortNameKZ":"СРА","ShortName":"СРБ","DataType":0,"DataTypeName":"Число","UnitTypeID":100026,"UnitType":{"NameRU":"мг/л","NameKZ":"мг/л","Name":"мг/л","PublicCode":"10002600","OrderBy":27,"ID":100026,"StrID":"100026"},"MedicalFormID":null,"MedicalForm":null,"NameRU":"СРБ","NameKZ":"СРА","Name":"СРБ","PublicCode":"20115000","OrderBy":null,"ID":201150,"StrID":"201150"},"ParameterValueID":null,"ParameterValue":null,"ResultText":"4.20","ResultValue":null,"ResultDate":"2026-09-03T11:08:14.5293646+05:00","PostID":0,"Post":null,"ExecuteMethod":2,"SourceResultText":"4.20","SourceResultValue":null,"SourceResultExpression":null,"SourceUnitTypeID":100026,"SourceUnitType":{"NameRU":"мг/л","NameKZ":"мг/л","Name":"мг/л","PublicCode":"10002600","OrderBy":27,"ID":100026,"StrID":"100026"},"IsApproved":false,"ApproveDate":null,"ApprovePostID":null,"ApprovePost":null,"OrderNum":1,"WorkPlaceID":20747,"DriverManagerID":150,"BacteriologyResult":null,"AnalyzerId":38,"IsOrderProductionControl":false,"ID":0,"StrID":"0"}
03.09.2026 11:08:14	Information:	Save string: 
03.09.2026 11:08:14	Information:	{"OrderResearchID":67171805,"OrderResearch":{"OrderID":31168670,"ServiceMoID":2164726,"ServiceMoMasterDataID":8269508,"ServiceMo":{"OrgHealthCareID":"45500000000000909","ServiceID":299,"NameRU":"Определение «C» реактивного белка (СРБ) в сыворотке крови количественно","NameKZ":"Қан сарысуында \"C\" реактивті нәруызын сандық анықтау","Name":"Определение «C» реактивного белка (СРБ) в сыворотке крови количественно","ShortNameRU":"Определение «C» реактивного белка (СРБ) в сыворотке крови количественно","ShortNameKZ":"Қан сарысуында \"C\" реактивті нәруызын сандық анықтау","ShortName":"Определение «C» реактивного белка (СРБ) в сыворотке крови количественно","FullName":"B03.115.002 - Определение «C» реактивного белка (СРБ) в сыворотке крови количественно","Code":"B03.115.002","ExternalCode":null,"ServiceClassID":5,"ServiceClass":{"ServiceTypeID":2,"OrderBy":5,"MasterDataID":5,"NameRU":"Клиническая химия (биохимия)","NameKZ":"Клиникалық химия (биохимия)","Name":"Клиническая химия (биохимия)","PublicCode":"500","EndDate":null,"ID":"5","StrID":"5"},"Service":{"NameRU":"Определение «C» реактивного белка (СРБ) в сыворотке крови количественно","NameKZ":"Қан сарысуында \"C\" реактивті нәруызын сандық анықтау","Name":"Определение «C» реактивного белка (СРБ) в сыворотке крови количественно","ShortNameRU":"СРБ на анализаторе","ShortNameKZ":"СРБ на анализаторе","ShortName":"СРБ на анализаторе","FullName":"B03.115.002 - Определение «C» реактивного белка (СРБ) в сыворотке крови количественно","Code":"B03.115.002","ServiceClassID":5,"ServiceClass":null,"ServiceSubClassID":6,"ServiceSubClass":null,"MaterialTypeID":202,"MaterialType":null,"MasterDataID":3140,"ID":"299","StrID":"299"},"MasterDataID":8269508,"ServiceSubClassID":6,"PayType":1,"ServiceSubClass":null,"ID":"2164726","StrID":"2164726"},"FullName":"B03.115.002 - Определение «C» реактивного белка (СРБ) в сыворотке крови количественно  () ","IsMain":true,"SourceID":"145110064_33966489","WorkPlaceID":20747,"WorkPlace":null,"DriverManager":null,"ParameterID":null,"Parameter":null,"AdditionalInfo":null,"Status":1,"PerformetServiceCount":7,"ResearchResultCount":0,"ApproveResearchResultCount":0,"NotSaveResearchResultCount":0,"ParentID":null,"ScreeningCandidatePlanGuid":null,"ScreeningUrl":null,"TakePlace":null,"MaterialTypeID":null,"MaterialType":null,"PartCount":0,"IsOrderProductionControl":false,"Uid":"74296f85-3389-44cb-8b73-1fa5a30a0033","OrderPerformerServices":[],"OrderResearchAllergens":[],"Results":[],"IsResumed":false,"ExecutionType":0,"ID":"67171805","StrID":"67171805"},"ParameterID":201150,"Parameter":{"ShortNameRU":"СРБ","ShortNameKZ":"СРА","ShortName":"СРБ","DataType":0,"DataTypeName":"Число","UnitTypeID":100026,"UnitType":null,"MedicalFormID":null,"MasterDataID":0,"MedicalForm":null,"NameWithDataType":"СРБ  (Число)","NameRU":"СРБ","NameKZ":"СРА","Name":"СРБ","PublicCode":"20115000","EndDate":null,"ID":"201150","StrID":"201150"},"ParameterValues":null,"ParameterValueID":null,"ParameterValue":null,"ResultText":"4.20","ResultValue":"4.20","ResultDate":"2026-09-03T11:08:15.3096672+05:00","PostID":"189416","Post":null,"ExecuteMethod":2,"SourceResultText":"4.20","SourceResultValue":"4.20","SourceResultExpression":null,"SourceUnitTypeID":100026,"SourceUnitType":{"OrderBy":27,"MasterDataID":null,"CDD_ID":null,"NameRU":"мг/л","NameKZ":"мг/л","Name":"мг/л","PublicCode":"10002600","EndDate":null,"ID":"100026","StrID":"100026"},"MultiplierID":null,"IsApproved":false,"IsValidated":false,"StandardMatchType":0,"ApproveDate":null,"ApprovePostID":null,"ApprovePost":null,"OrderNum":1,"WorkPlaceID":20747,"OrderID":null,"BacteriologyResult":null,"AnalyzerId":38,"IsOrderProductionControl":false,"ID":"207485867","StrID":"207485867"}
