01.09.2026 17:38:45	Information:	Result object to save: 
01.09.2026 17:38:45	Information:	{"OrderResearchID":67134163,"OrderResearch":null,"ParameterID":201150,"Parameter":{"ShortNameRU":"СРБ","ShortNameKZ":"СРА","ShortName":"СРБ","DataType":0,"DataTypeName":"Число","UnitTypeID":100026,"UnitType":{"NameRU":"мг/л","NameKZ":"мг/л","Name":"мг/л","PublicCode":"10002600","OrderBy":27,"ID":100026,"StrID":"100026"},"MedicalFormID":null,"MedicalForm":null,"NameRU":"СРБ","NameKZ":"СРА","Name":"СРБ","PublicCode":"20115000","OrderBy":null,"ID":201150,"StrID":"201150"},"ParameterValueID":null,"ParameterValue":null,"ResultText":"14.26","ResultValue":null,"ResultDate":"2026-09-01T17:38:45.5200521+05:00","PostID":0,"Post":null,"ExecuteMethod":2,"SourceResultText":"14.26","SourceResultValue":null,"SourceResultExpression":null,"SourceUnitTypeID":100026,"SourceUnitType":{"NameRU":"мг/л","NameKZ":"мг/л","Name":"мг/л","PublicCode":"10002600","OrderBy":27,"ID":100026,"StrID":"100026"},"IsApproved":false,"ApproveDate":null,"ApprovePostID":null,"ApprovePost":null,"OrderNum":1,"WorkPlaceID":20747,"DriverManagerID":150,"BacteriologyResult":null,"AnalyzerId":38,"IsOrderProductionControl":false,"ID":0,"StrID":"0"}
01.09.2026 17:38:45	Information:	Save string: 
01.09.2026 17:38:45	Information:	{"OrderResearchID":67134163,"OrderResearch":{"OrderID":31151474,"ServiceMoID":2164726,"ServiceMoMasterDataID":8269508,"ServiceMo":{"OrgHealthCareID":"45500000000000909","ServiceID":299,"NameRU":"Определение «C» реактивного белка (СРБ) в сыворотке крови количественно","NameKZ":"Қан сарысуында \"C\" реактивті нәруызын сандық анықтау","Name":"Определение «C» реактивного белка (СРБ) в сыворотке крови количественно","ShortNameRU":"Определение «C» реактивного белка (СРБ) в сыворотке крови количественно","ShortNameKZ":"Қан сарысуында \"C\" реактивті нәруызын сандық анықтау","ShortName":"Определение «C» реактивного белка (СРБ) в сыворотке крови количественно","FullName":"B03.115.002 - Определение «C» реактивного белка (СРБ) в сыворотке крови количественно","Code":"B03.115.002","ExternalCode":null,"ServiceClassID":5,"ServiceClass":{"ServiceTypeID":2,"OrderBy":5,"MasterDataID":5,"NameRU":"Клиническая химия (биохимия)","NameKZ":"Клиникалық химия (биохимия)","Name":"Клиническая химия (биохимия)","PublicCode":"500","EndDate":null,"ID":"5","StrID":"5"},"Service":{"NameRU":"Определение «C» реактивного белка (СРБ) в сыворотке крови количественно","NameKZ":"Қан сарысуында \"C\" реактивті нәруызын сандық анықтау","Name":"Определение «C» реактивного белка (СРБ) в сыворотке крови количественно","ShortNameRU":"СРБ на анализаторе","ShortNameKZ":"СРБ на анализаторе","ShortName":"СРБ на анализаторе","FullName":"B03.115.002 - Определение «C» реактивного белка (СРБ) в сыворотке крови количественно","Code":"B03.115.002","ServiceClassID":5,"ServiceClass":null,"ServiceSubClassID":6,"ServiceSubClass":null,"MaterialTypeID":202,"MaterialType":null,"MasterDataID":3140,"ID":"299","StrID":"299"},"MasterDataID":8269508,"ServiceSubClassID":6,"PayType":1,"ServiceSubClass":null,"ID":"2164726","StrID":"2164726"},"FullName":"B03.115.002 - Определение «C» реактивного белка (СРБ) в сыворотке крови количественно  () ","IsMain":true,"SourceID":"145095411_34009248","WorkPlaceID":20747,"WorkPlace":null,"DriverManager":null,"ParameterID":null,"Parameter":null,"AdditionalInfo":null,"Status":1,"PerformetServiceCount":7,"ResearchResultCount":0,"ApproveResearchResultCount":0,"NotSaveResearchResultCount":0,"ParentID":null,"ScreeningCandidatePlanGuid":null,"ScreeningUrl":null,"TakePlace":null,"MaterialTypeID":null,"MaterialType":null,"PartCount":0,"IsOrderProductionControl":false,"Uid":"6fcd3793-5248-4dac-afcf-a280e4cea450","OrderPerformerServices":[],"OrderResearchAllergens":[],"Results":[],"IsResumed":false,"ExecutionType":0,"ID":"67134163","StrID":"67134163"},"ParameterID":201150,"Parameter":{"ShortNameRU":"СРБ","ShortNameKZ":"СРА","ShortName":"СРБ","DataType":0,"DataTypeName":"Число","UnitTypeID":100026,"UnitType":null,"MedicalFormID":null,"MasterDataID":0,"MedicalForm":null,"NameWithDataType":"СРБ  (Число)","NameRU":"СРБ","NameKZ":"СРА","Name":"СРБ","PublicCode":"20115000","EndDate":null,"ID":"201150","StrID":"201150"},"ParameterValues":null,"ParameterValueID":null,"ParameterValue":null,"ResultText":"14.26","ResultValue":"14.26","ResultDate":"2026-09-01T17:38:46.3106253+05:00","PostID":"189416","Post":null,"ExecuteMethod":2,"SourceResultText":"14.26","SourceResultValue":"14.26","SourceResultExpression":null,"SourceUnitTypeID":100026,"SourceUnitType":{"OrderBy":27,"MasterDataID":null,"CDD_ID":null,"NameRU":"мг/л","NameKZ":"мг/л","Name":"мг/л","PublicCode":"10002600","EndDate":null,"ID":"100026","StrID":"100026"},"MultiplierID":null,"IsApproved":false,"IsValidated":false,"StandardMatchType":0,"ApproveDate":null,"ApprovePostID":null,"ApprovePost":null,"OrderNum":1,"WorkPlaceID":20747,"OrderID":null,"BacteriologyResult":null,"AnalyzerId":38,"IsOrderProductionControl":false,"ID":"207345092","StrID":"207345092"}
01.09.2026 17:38:45	Debug:	 SendResults SaveDeviceResults = 735 ms
01.09.2026 17:38:45	Debug:	 total for SendResults = 1206 ms
01.09.2026 17:40:46	Information:	url https://lab-vko.dmed.kz/ /api/DriverManager/PingDevice
01.09.2026 17:40:46	Information:	{
"Hash": "w9LjvpRCyoByGV3Lzv0iX9dSI0tLK0uV+pRojL1kufc=",
"Status": 0
}


01.09.2026 17:40:46	Information:	Ping ret is {"Status":0,"Comment":null}
01.09.2026 17:42:47	Information:	url https://lab-vko.dmed.kz/ /api/DriverManager/PingDevice
01.09.2026 17:42:47	Information:	{
"Hash": "w9LjvpRCyoByGV3Lzv0iX9dSI0tLK0uV+pRojL1kufc=",
"Status": 0
}


01.09.2026 17:42:47	Information:	Ping ret is {"Status":0,"Comment":null}
01.09.2026 17:44:34	Information:	refresh tokens
01.09.2026 17:44:47	Information:	url https://lab-vko.dmed.kz/ /api/DriverManager/PingDevice
01.09.2026 17:44:47	Information:	{
"Hash": "w9LjvpRCyoByGV3Lzv0iX9dSI0tLK0uV+pRojL1kufc=",
"Status": 0
}


01.09.2026 17:44:47	Information:	Ping ret is {"Status":0,"Comment":null}
01.09.2026 17:46:48	Information:	url https://lab-vko.dmed.kz/ /api/DriverManager/PingDevice
01.09.2026 17:46:48	Information:	{
"Hash": "w9LjvpRCyoByGV3Lzv0iX9dSI0tLK0uV+pRojL1kufc=",
"Status": 0
}


01.09.2026 17:46:48	Information:	Ping ret is {"Status":0,"Comment":null}
01.09.2026 17:48:49	Information:	url https://lab-vko.dmed.kz/ /api/DriverManager/PingDevice
01.09.2026 17:48:49	Information:	{
"Hash": "w9LjvpRCyoByGV3Lzv0iX9dSI0tLK0uV+pRojL1kufc=",
"Status": 0
}


01.09.2026 17:48:49	Information:	Ping ret is {"Status":0,"Comment":null}
01.09.2026 17:50:49	Information:	url https://lab-vko.dmed.kz/ /api/DriverManager/PingDevice
01.09.2026 17:50:49	Information:	{
"Hash": "w9LjvpRCyoByGV3Lzv0iX9dSI0tLK0uV+pRojL1kufc=",
"Status": 0
}


01.09.2026 17:50:49	Information:	Ping ret is {"Status":0,"Comment":null}
01.09.2026 17:52:49	Information:	url https://lab-vko.dmed.kz/ /api/DriverManager/PingDevice
01.09.2026 17:52:49	Information:	{
"Hash": "w9LjvpRCyoByGV3Lzv0iX9dSI0tLK0uV+pRojL1kufc=",
"Status": 0
}


01.09.2026 17:52:49	Information:	Ping ret is {"Status":0,"Comment":null}
01.09.2026 17:54:34	Information:	refresh tokens
01.09.2026 17:54:50	Information:	url https://lab-vko.dmed.kz/ /api/DriverManager/PingDevice
01.09.2026 17:54:50	Information:	{
"Hash": "w9LjvpRCyoByGV3Lzv0iX9dSI0tLK0uV+pRojL1kufc=",
"Status": 0
}


01.09.2026 17:54:50	Information:	Ping ret is {"Status":0,"Comment":null}
01.09.2026 17:56:51	Information:	url https://lab-vko.dmed.kz/ /api/DriverManager/PingDevice
01.09.2026 17:56:51	Information:	{
"Hash": "w9LjvpRCyoByGV3Lzv0iX9dSI0tLK0uV+pRojL1kufc=",
"Status": 0
}


01.09.2026 17:56:51	Information:	Ping ret is {"Status":0,"Comment":null}
01.09.2026 17:58:51	Information:	url https://lab-vko.dmed.kz/ /api/DriverManager/PingDevice
01.09.2026 17:58:51	Information:	{
"Hash": "w9LjvpRCyoByGV3Lzv0iX9dSI0tLK0uV+pRojL1kufc=",
"Status": 0
}


01.09.2026 17:58:51	Information:	Ping ret is {"Status":0,"Comment":null}
01.09.2026 18:00:51	Information:	url https://lab-vko.dmed.kz/ /api/DriverManager/PingDevice
01.09.2026 18:00:51	Information:	{
"Hash": "w9LjvpRCyoByGV3Lzv0iX9dSI0tLK0uV+pRojL1kufc=",
"Status": 0
}


01.09.2026 18:00:51	Information:	Ping ret is {"Status":0,"Comment":null}
01.09.2026 18:02:52	Information:	url https://lab-vko.dmed.kz/ /api/DriverManager/PingDevice
01.09.2026 18:02:52	Information:	{
"Hash": "w9LjvpRCyoByGV3Lzv0iX9dSI0tLK0uV+pRojL1kufc=",
"Status": 0
}


01.09.2026 18:02:52	Information:	Ping ret is {"Status":0,"Comment":null}
01.09.2026 18:04:34	Information:	refresh tokens
01.09.2026 18:04:52	Information:	url https://lab-vko.dmed.kz/ /api/DriverManager/PingDevice
01.09.2026 18:04:52	Information:	{
"Hash": "w9LjvpRCyoByGV3Lzv0iX9dSI0tLK0uV+pRojL1kufc=",
"Status": 0
}


01.09.2026 18:04:52	Information:	Ping ret is {"Status":0,"Comment":null}
01.09.2026 18:06:53	Information:	url https://lab-vko.dmed.kz/ /api/DriverManager/PingDevice
01.09.2026 18:06:53	Information:	{
"Hash": "w9LjvpRCyoByGV3Lzv0iX9dSI0tLK0uV+pRojL1kufc=",
"Status": 0
}


01.09.2026 18:06:53	Information:	Ping ret is {"Status":0,"Comment":null}
01.09.2026 18:08:53	Information:	url https://lab-vko.dmed.kz/ /api/DriverManager/PingDevice
01.09.2026 18:08:53	Information:	{
"Hash": "w9LjvpRCyoByGV3Lzv0iX9dSI0tLK0uV+pRojL1kufc=",
"Status": 0
}


01.09.2026 18:08:53	Information:	Ping ret is {"Status":0,"Comment":null}
01.09.2026 18:10:54	Information:	url https://lab-vko.dmed.kz/ /api/DriverManager/PingDevice
01.09.2026 18:10:54	Information:	{
"Hash": "w9LjvpRCyoByGV3Lzv0iX9dSI0tLK0uV+pRojL1kufc=",
"Status": 0
}


01.09.2026 18:10:54	Information:	Ping ret is {"Status":0,"Comment":null}
01.09.2026 18:12:54	Information:	url https://lab-vko.dmed.kz/ /api/DriverManager/PingDevice
01.09.2026 18:12:54	Information:	{
"Hash": "w9LjvpRCyoByGV3Lzv0iX9dSI0tLK0uV+pRojL1kufc=",
"Status": 0
}


01.09.2026 18:12:54	Information:	Ping ret is {"Status":0,"Comment":null}
01.09.2026 18:14:34	Information:	refresh tokens
01.09.2026 18:14:55	Information:	url https://lab-vko.dmed.kz/ /api/DriverManager/PingDevice
01.09.2026 18:14:55	Information:	{
"Hash": "w9LjvpRCyoByGV3Lzv0iX9dSI0tLK0uV+pRojL1kufc=",
"Status": 0
}


01.09.2026 18:14:55	Information:	Ping ret is {"Status":0,"Comment":null}
01.09.2026 18:16:56	Information:	url https://lab-vko.dmed.kz/ /api/DriverManager/PingDevice
01.09.2026 18:16:56	Information:	{
"Hash": "w9LjvpRCyoByGV3Lzv0iX9dSI0tLK0uV+pRojL1kufc=",
"Status": 0
}


01.09.2026 18:16:56	Information:	Ping ret is {"Status":0,"Comment":null}
01.09.2026 18:18:56	Information:	url https://lab-vko.dmed.kz/ /api/DriverManager/PingDevice
01.09.2026 18:18:56	Information:	{
"Hash": "w9LjvpRCyoByGV3Lzv0iX9dSI0tLK0uV+pRojL1kufc=",
"Status": 0
}


01.09.2026 18:18:56	Information:	Ping ret is {"Status":0,"Comment":null}
01.09.2026 18:20:57	Information:	url https://lab-vko.dmed.kz/ /api/DriverManager/PingDevice
01.09.2026 18:20:57	Information:	{
"Hash": "w9LjvpRCyoByGV3Lzv0iX9dSI0tLK0uV+pRojL1kufc=",
"Status": 0
}


01.09.2026 18:20:57	Information:	Ping ret is {"Status":0,"Comment":null}
01.09.2026 18:22:57	Information:	url https://lab-vko.dmed.kz/ /api/DriverManager/PingDevice
01.09.2026 18:22:57	Information:	{
"Hash": "w9LjvpRCyoByGV3Lzv0iX9dSI0tLK0uV+pRojL1kufc=",
"Status": 0
}


01.09.2026 18:22:57	Information:	Ping ret is {"Status":0,"Comment":null}
01.09.2026 18:24:34	Information:	refresh tokens
01.09.2026 18:24:58	Information:	url https://lab-vko.dmed.kz/ /api/DriverManager/PingDevice
01.09.2026 18:24:58	Information:	{
"Hash": "w9LjvpRCyoByGV3Lzv0iX9dSI0tLK0uV+pRojL1kufc=",
"Status": 0
}


01.09.2026 18:24:58	Information:	Ping ret is {"Status":0,"Comment":null}
01.09.2026 18:26:58	Information:	url https://lab-vko.dmed.kz/ /api/DriverManager/PingDevice
01.09.2026 18:26:58	Information:	{
"Hash": "w9LjvpRCyoByGV3Lzv0iX9dSI0tLK0uV+pRojL1kufc=",
"Status": 0
}


01.09.2026 18:26:58	Information:	Ping ret is {"Status":0,"Comment":null}
01.09.2026 18:28:59	Information:	url https://lab-vko.dmed.kz/ /api/DriverManager/PingDevice
01.09.2026 18:28:59	Information:	{
"Hash": "w9LjvpRCyoByGV3Lzv0iX9dSI0tLK0uV+pRojL1kufc=",
"Status": 0
}


01.09.2026 18:28:59	Information:	Ping ret is {"Status":0,"Comment":null}
01.09.2026 18:30:59	Information:	url https://lab-vko.dmed.kz/ /api/DriverManager/PingDevice
01.09.2026 18:30:59	Information:	{
"Hash": "w9LjvpRCyoByGV3Lzv0iX9dSI0tLK0uV+pRojL1kufc=",
"Status": 0
}


01.09.2026 18:30:59	Information:	Ping ret is {"Status":0,"Comment":null}
01.09.2026 18:33:00	Information:	url https://lab-vko.dmed.kz/ /api/DriverManager/PingDevice
01.09.2026 18:33:00	Information:	{
"Hash": "w9LjvpRCyoByGV3Lzv0iX9dSI0tLK0uV+pRojL1kufc=",
"Status": 0
}


01.09.2026 18:33:00	Information:	Ping ret is {"Status":0,"Comment":null}
01.09.2026 18:34:34	Information:	refresh tokens
01.09.2026 18:35:00	Information:	url https://lab-vko.dmed.kz/ /api/DriverManager/PingDevice
01.09.2026 18:35:00	Information:	{
"Hash": "w9LjvpRCyoByGV3Lzv0iX9dSI0tLK0uV+pRojL1kufc=",
"Status": 0
}


01.09.2026 18:35:00	Information:	Ping ret is {"Status":0,"Comment":null}
01.09.2026 18:37:01	Information:	url https://lab-vko.dmed.kz/ /api/DriverManager/PingDevice
01.09.2026 18:37:01	Information:	{
"Hash": "w9LjvpRCyoByGV3Lzv0iX9dSI0tLK0uV+pRojL1kufc=",
"Status": 0
}


01.09.2026 18:37:01	Information:	Ping ret is {"Status":0,"Comment":null}
01.09.2026 18:39:01	Information:	url https://lab-vko.dmed.kz/ /api/DriverManager/PingDevice
01.09.2026 18:39:01	Information:	{
"Hash": "w9LjvpRCyoByGV3Lzv0iX9dSI0tLK0uV+pRojL1kufc=",
"Status": 0
}


01.09.2026 18:39:01	Information:	Ping ret is {"Status":0,"Comment":null}
01.09.2026 18:41:02	Information:	url https://lab-vko.dmed.kz/ /api/DriverManager/PingDevice
01.09.2026 18:41:02	Information:	{
"Hash": "w9LjvpRCyoByGV3Lzv0iX9dSI0tLK0uV+pRojL1kufc=",
"Status": 0
}


01.09.2026 18:41:02	Information:	Ping ret is {"Status":0,"Comment":null}
01.09.2026 18:43:02	Information:	url https://lab-vko.dmed.kz/ /api/DriverManager/PingDevice
01.09.2026 18:43:02	Information:	{
"Hash": "w9LjvpRCyoByGV3Lzv0iX9dSI0tLK0uV+pRojL1kufc=",
"Status": 0
}


01.09.2026 18:43:02	Information:	Ping ret is {"Status":0,"Comment":null}
01.09.2026 18:44:34	Information:	refresh tokens
01.09.2026 18:45:03	Information:	url https://lab-vko.dmed.kz/ /api/DriverManager/PingDevice
01.09.2026 18:45:03	Information:	{
"Hash": "w9LjvpRCyoByGV3Lzv0iX9dSI0tLK0uV+pRojL1kufc=",
"Status": 0
}


01.09.2026 18:45:03	Information:	Ping ret is {"Status":0,"Comment":null}
01.09.2026 18:47:03	Information:	url https://lab-vko.dmed.kz/ /api/DriverManager/PingDevice
01.09.2026 18:47:03	Information:	{
"Hash": "w9LjvpRCyoByGV3Lzv0iX9dSI0tLK0uV+pRojL1kufc=",
"Status": 0
}


01.09.2026 18:47:03	Information:	Ping ret is {"Status":0,"Comment":null}
01.09.2026 18:49:04	Information:	url https://lab-vko.dmed.kz/ /api/DriverManager/PingDevice
01.09.2026 18:49:04	Information:	{
"Hash": "w9LjvpRCyoByGV3Lzv0iX9dSI0tLK0uV+pRojL1kufc=",
"Status": 0
}


01.09.2026 18:49:04	Information:	Ping ret is {"Status":0,"Comment":null}
01.09.2026 18:51:04	Information:	url https://lab-vko.dmed.kz/ /api/DriverManager/PingDevice
01.09.2026 18:51:04	Information:	{
"Hash": "w9LjvpRCyoByGV3Lzv0iX9dSI0tLK0uV+pRojL1kufc=",
"Status": 0
}


01.09.2026 18:51:04	Information:	Ping ret is {"Status":0,"Comment":null}
01.09.2026 18:53:05	Information:	url https://lab-vko.dmed.kz/ /api/DriverManager/PingDevice
01.09.2026 18:53:05	Information:	{
"Hash": "w9LjvpRCyoByGV3Lzv0iX9dSI0tLK0uV+pRojL1kufc=",
"Status": 0
}


01.09.2026 18:53:05	Information:	Ping ret is {"Status":0,"Comment":null}
01.09.2026 18:54:34	Information:	refresh tokens
01.09.2026 18:55:05	Information:	url https://lab-vko.dmed.kz/ /api/DriverManager/PingDevice
01.09.2026 18:55:05	Information:	{
"Hash": "w9LjvpRCyoByGV3Lzv0iX9dSI0tLK0uV+pRojL1kufc=",
"Status": 0
}


01.09.2026 18:55:05	Information:	Ping ret is {"Status":0,"Comment":null}
01.09.2026 18:57:06	Information:	url https://lab-vko.dmed.kz/ /api/DriverManager/PingDevice
01.09.2026 18:57:06	Information:	{
"Hash": "w9LjvpRCyoByGV3Lzv0iX9dSI0tLK0uV+pRojL1kufc=",
"Status": 0
}


01.09.2026 18:57:06	Information:	Ping ret is {"Status":0,"Comment":null}
01.09.2026 18:59:07	Information:	url https://lab-vko.dmed.kz/ /api/DriverManager/PingDevice
01.09.2026 18:59:07	Information:	{
"Hash": "w9LjvpRCyoByGV3Lzv0iX9dSI0tLK0uV+pRojL1kufc=",
"Status": 0
}


01.09.2026 18:59:07	Information:	Ping ret is {"Status":0,"Comment":null}
01.09.2026 19:01:07	Information:	url https://lab-vko.dmed.kz/ /api/DriverManager/PingDevice
01.09.2026 19:01:07	Information:	{
"Hash": "w9LjvpRCyoByGV3Lzv0iX9dSI0tLK0uV+pRojL1kufc=",
"Status": 0
}


01.09.2026 19:01:07	Information:	Ping ret is {"Status":0,"Comment":null}
01.09.2026 19:03:07	Information:	url https://lab-vko.dmed.kz/ /api/DriverManager/PingDevice
01.09.2026 19:03:07	Information:	{
"Hash": "w9LjvpRCyoByGV3Lzv0iX9dSI0tLK0uV+pRojL1kufc=",
"Status": 0
}


01.09.2026 19:03:07	Information:	Ping ret is {"Status":0,"Comment":null}
01.09.2026 19:04:34	Information:	refresh tokens
01.09.2026 19:05:08	Information:	url https://lab-vko.dmed.kz/ /api/DriverManager/PingDevice
01.09.2026 19:05:08	Information:	{
"Hash": "w9LjvpRCyoByGV3Lzv0iX9dSI0tLK0uV+pRojL1kufc=",
"Status": 0
}


01.09.2026 19:05:08	Information:	Ping ret is {"Status":0,"Comment":null}
01.09.2026 19:07:09	Information:	url https://lab-vko.dmed.kz/ /api/DriverManager/PingDevice
01.09.2026 19:07:09	Information:	{
"Hash": "w9LjvpRCyoByGV3Lzv0iX9dSI0tLK0uV+pRojL1kufc=",
"Status": 0
}


01.09.2026 19:07:09	Information:	Ping ret is {"Status":0,"Comment":null}
01.09.2026 19:09:09	Information:	url https://lab-vko.dmed.kz/ /api/DriverManager/PingDevice
01.09.2026 19:09:09	Information:	{
"Hash": "w9LjvpRCyoByGV3Lzv0iX9dSI0tLK0uV+pRojL1kufc=",
"Status": 0
}


01.09.2026 19:09:09	Information:	Ping ret is {"Status":0,"Comment":null}
01.09.2026 19:10:51	Information:	Received bytes(encoded):MSH|^~\&|||||20260901190952||ORU^R01|72|P|2.3.1||||0||ASCII|||PID|72|||||||O|||||||||||||||||||||||OBR|72|51569321|21|^|N|20260901184901|20260901184735|20260901184735||1^21||||20260901184735|?????|||||||||||||||||||||||||||||||||OBX|1|NM|T-Bil-V|Bilirubin Total (VOX Method)|131.909448|?mol/L|-|N|||F||131.909448|20260901190937|||0||OBX|2|NM|D-Bil-V|Bilirubin Direct (VOX Method)|9.156267|?mol/L|-|N|||F||9.156267|20260901190952|||0||
01.09.2026 19:10:51	Information:	Add Frame:
01.09.2026 19:10:51	Information:	MSH|^~\&|||||20260901190952||ORU^R01|72|P|2.3.1||||0||ASCII|||
01.09.2026 19:10:51	Information:	In Header
01.09.2026 19:10:51	Information:	MessageType: ORU
01.09.2026 19:10:51	Information:	After message type
01.09.2026 19:10:51	Information:	After ask
01.09.2026 19:10:51	Information:	After version
01.09.2026 19:10:51	Information:	Add Frame:
01.09.2026 19:10:51	Information:	PID|72|||||||O|||||||||||||||||||||||
01.09.2026 19:10:51	Information:	Add Frame:
01.09.2026 19:10:51	Information:	OBR|72|51569321|21|^|N|20260901184901|20260901184735|20260901184735||1^21||||20260901184735|?????|||||||||||||||||||||||||||||||||
01.09.2026 19:10:51	Information:	Add Frame:
01.09.2026 19:10:51	Information:	OBX|1|NM|T-Bil-V|Bilirubin Total (VOX Method)|131.909448|?mol/L|-|N|||F||131.909448|20260901190937|||0||
01.09.2026 19:10:51	Information:	Add Frame:
01.09.2026 19:10:51	Information:	OBX|2|NM|D-Bil-V|Bilirubin Direct (VOX Method)|9.156267|?mol/L|-|N|||F||9.156267|20260901190952|||0||
01.09.2026 19:10:51	Information:	Add Frame:
01.09.2026 19:10:51	Information:	
01.09.2026 19:10:51	Debug:	read message: 11ms
01.09.2026 19:10:51	Information:	The answer message is created successfully
01.09.2026 19:10:51	Information:	Sending answer...
01.09.2026 19:10:51	Information:	We are in ORU Message
01.09.2026 19:10:51	Information:	MSH MSH|^~\&|||||20260901190952||ORU^R01|72|P|2.3.1||||0||ASCII||||
01.09.2026 19:10:51	Information:	PID PID|72|||||||O||||||||||||||||||||||||
01.09.2026 19:10:51	Information:	PatientRecord in message is successfully  processed
01.09.2026 19:10:51	Information:	The patient order is successfully processed
01.09.2026 19:10:51	Information:	The order record is successfully processed
01.09.2026 19:10:51	Information:	The order record is successfully processed
01.09.2026 19:10:51	Information:	The ORU message is successfully processed
01.09.2026 19:10:51	Debug:	Process message: 4ms
01.09.2026 19:10:51	Debug:	Total time : 17ms
01.09.2026 19:10:51	Information:	Sended bytes:  11 77 83 72 124 94 126 92 38 124 77 105 110 100 114 97 121 124 124 124 124 50 48 50 54 48 57 48 49 49 57 49 48 53 49 124 124 65 67 75 94 82 48 49 124 55 50 124 80 124 50 46 51 46 49 124 124 124 124 48 124 124 117 115 45 97 115 99 105 105 124 124 124 13 77 83 65 124 65 65 124 55 50 124 77 101 115 115 97 103 101 32 97 99 99 101 112 116 101 100 124 124 124 48 124 13 28 13
01.09.2026 19:10:51	Information:	Sended string MSH|^~\&|Mindray||||20260901191051||ACK^R01|72|P|2.3.1||||0||us-ascii|||MSA|AA|72|Message accepted|||0|
01.09.2026 19:10:51	Debug:	SendResults:	check DriverRequests=	0	ms
01.09.2026 19:10:51	Information:	ByBarcode 51569321
01.09.2026 19:10:52	Information:	GetLinesByBarcodes
01.09.2026 19:10:52	Information:	{
"WorkPlaceID": 20747,
"BeginDate": "2026-06-02",
"EndDate": "2026-09-02",
"OrderNumber": "51569321",
"Offset": 0,
"Limit": 1
}


01.09.2026 19:10:52	Information:	GetByBarcodeReturn: 
01.09.2026 19:10:52	Information:	{"Data":[{"ID":31152361,"StrID":"31152361","OrderNumber":"51569321","OrderRegDate":"2026-09-01T18:16:19.033","PlanExecutionDate":"2026-09-01T18:16:00","SenderMoID":45500000000000909,"SenderMo":{"NameRU":"Некоммерческое акционерное общество \"Медицинский университет Семей\"","NameKZ":"\"Семей медицина университеті\" коммерциялық емес акционерлік қоғамы","Name":"Некоммерческое акционерное общество \"Медицинский университет Семей\"","ShortNameRU":"НАО \"МУС\"","ShortNameKZ":"\"СМУ\" КеАҚ","ShortName":"НАО \"МУС\"","PublicCode":"237J","AddressRU":"ВКО, г. Семей, ул. Абая Кунанбаева 103","AddressKZ":"ВКО, г. Семей, ул. Абая Кунанбаева 103","Address":"ВКО, г. Семей, ул. Абая Кунанбаева 103","OriginalID":"45500000000000909","IsWork":true,"RegionID":20,"BIN":"190240004938","MasterDataID":4911,"PhonesData":{"OrgHealthCarePhones":[]},"IsPostmortem":false,"IsHospital":true,"Code":null,"ID":"45500000000000909","StrID":"45500000000000909"},"ReceiverMoID":45500000000000909,"ReceiverMo":null,"PatientDetailID":41074093,"PatientDetail":{"PersonID":"2412499","Person":{"IIN":"260727550837","LastName":"АЙДЫН","FirstName":"ӘЛЕМ","SecondName":"ҚҰРМАНҒАЗЫҰЛЫ","FullName":"АЙДЫН ӘЛЕМ ҚҰРМАНҒАЗЫҰЛЫ","FullNameIOF":"ӘЛЕМ ҚҰРМАНҒАЗЫҰЛЫ АЙДЫН","DisplayText":"260727550837 ӘЛЕМ ҚҰРМАНҒАЗЫҰЛЫ АЙДЫН 27.07.2026","IinFullName":"260727550837 - АЙДЫН ӘЛЕМ ҚҰРМАНҒАЗЫҰЛЫ","BirthDate":"2026-07-27T00:00:00","BirthDateStr":"27.07.2026","DeathDate":null,"DeathDateStr":"","BioSexID":3,"BioSex":null,"NationalityID":null,"Nationality":null,"CitizenshipID":null,"Citizenship":null,"MasterDataID":151713997,"RpnID":"15300000057832048","KmisID":"60300000005342005","Type":1,"Age":0,"IsStillborn":false,"IsEarlyNeonatalDeathUp28days":false,"IsDeadPerson":false,"ID":"2412499","StrID":"2412499"},"AddressRU":"РЕСПУБЛИКА: Казахстан , ОБЛАСТЬ: Абай , ГОРОД ОБЛ.ЗНАЧ.: Семей  , УЛИЦА: Папанина  , ДОМ: 34а , КВАРТИРА: 29","AddressKZ":": Қазақстан , : Абай , : Семей Қ.  , КӨШЕСІ: Папанина , YЙ: 34а , ПӘТЕР: 29","Address":"РЕСПУБЛИКА: Казахстан , ОБЛАСТЬ: Абай , ГОРОД ОБЛ.ЗНАЧ.: Семей  , УЛИЦА: Папанина  , ДОМ: 34а , КВАРТИРА: 29","MasterDataAddressID":11053808,"WorkPlace":null,"WorkPosition":null,"DocumentNumber":null,"DocumentTypeID":null,"DocumentType":null,"NationalityID":null,"DocumentTypeName":null,"Phones":null,"ExternalCardID":"5973833","CardType":1,"CardNumber":"67454","CitizenshipCategoryID":1,"CitizenshipCategory":null,"ResidenceTypeID":3,"ResidenceType":null,"MotherPersonID":999895,"MotherPerson":null,"IsForeigner":false,"IsHomeless":false,"IsDeadPerson":false,"IsResident":true,"ID":"41074093","StrID":"41074093"},"Person":{"IIN":"260727550837","LastName":"АЙДЫН","FirstName":"ӘЛЕМ","SecondName":"ҚҰРМАНҒАЗЫҰЛЫ","FullName":"АЙДЫН ӘЛЕМ ҚҰРМАНҒАЗЫҰЛЫ","FullNameIOF":"ӘЛЕМ ҚҰРМАНҒАЗЫҰЛЫ АЙДЫН","DisplayText":"260727550837 ӘЛЕМ ҚҰРМАНҒАЗЫҰЛЫ АЙДЫН 27.07.2026","IinFullName":"260727550837 - АЙДЫН ӘЛЕМ ҚҰРМАНҒАЗЫҰЛЫ","BirthDate":"2026-07-27T00:00:00","BirthDateStr":"27.07.2026","DeathDate":null,"DeathDateStr":"","BioSexID":3,"BioSex":null,"NationalityID":null,"Nationality":null,"CitizenshipID":null,"Citizenship":null,"MasterDataID":151713997,"RpnID":"15300000057832048","KmisID":"60300000005342005","Type":1,"Age":0,"IsStillborn":false,"IsEarlyNeonatalDeathUp28days":false,"IsDeadPerson":false,"ID":"2412499","StrID":"2412499"},"IsCito":false,"ExternalSystem":1,"OrderResultFileID":null,"OrderResultFileStorageID":null,"OrderResultDate":null,"Status":1,"DeleteDate":null,"ResultNotes":null,"Comment":"","ExternalOrderNumber":"51569321","ExaminationTypeID":null,"ExaminationType":null,"ExaminationIndicationID":null,"ExaminationIndication":null,"Uid":"4977387E-473A-4CA2-AB8B-F3FBECB348C9","SenderPostFullName":"ШОНБАЕВА САУЛЕ РАХАТОВНА","SenderFuncStructureNameRU":"Приемное отделение детское","SenderFuncStructureNameKZ":"Балалар қабылдау бөлімі","IsSamplingOfMaterialsAtReceiver":false,"MisID":42169270,"Materials":[{"OrderID":31152361,"Uid":"d77568e5-e7fa-4f54-a75c-e80d87f90d57","MaterialNumber":"51569321","MaterialTypeID":363,"MaterialType":{"OrderBy":0,"ParentID":202,"HasChildren":false,"MasterDataID":489,"Parent":null,"NameRU":"Кровь венозная","NameKZ":"Кровь венозная","Name":"Кровь венозная","PublicCode":"36300","EndDate":null,"ID":"363","StrID":"363"},"TakeDate":"2026-09-01T18:16:00","TakeDateStr":"01.09.2026 18:16","TakePlace":"дет пп","RejectionReason":null,"RejectionTakenMeasures":null,"ReceiptDate":null,"ReceiptDateStr":null,"RejectionCreatePostID":null,"RejectionCreatePost":null,"SampleCollectorPostIIN":"071011650704","SampleCollectorPostID":null,"Researches":[],"RejectedMaterialImageID":null,"File":null,"ID":"31439128","StrID":"31439128"}],"Researches":[]}],"Total":1}
01.09.2026 19:10:52	Information:	OrderedWW 51569321 Biomat 0 Device 20747
01.09.2026 19:10:52	Information:	ResearchResult
01.09.2026 19:10:52	Information:	{
"OrderID": "31152361",
"WorkPlaceID": 20747
}


01.09.2026 19:10:52	Information:	[{"OrderResearchID":67135874,"OrderResearch":null,"ParameterID":201032,"Parameter":{"ShortNameRU":"прямой билирубин в сыворотке крови","ShortNameKZ":"қан сарысуындағы тікелей билирубин","ShortName":"прямой билирубин в сыворотке крови","DataType":0,"DataTypeName":"Число","UnitTypeID":100041,"UnitType":{"OrderBy":42,"MasterDataID":null,"CDD_ID":null,"NameRU":"мкмоль/л","NameKZ":"мкмоль/л","Name":"мкмоль/л","PublicCode":"10004100","EndDate":null,"ID":"100041","StrID":"100041"},"MedicalFormID":null,"MasterDataID":0,"MedicalForm":null,"NameWithDataType":"прямой билирубин в сыворотке крови  (Число)","NameRU":"прямой билирубин в сыворотке крови","NameKZ":"қан сарысуындағы тікелей билирубин","Name":"прямой билирубин в сыворотке крови","PublicCode":"20103200","EndDate":null,"ID":"201032","StrID":"201032"},"ParameterValues":null,"ParameterValueID":null,"ParameterValue":null,"ResultText":null,"ResultValue":null,"ResultDate":"2026-09-01T19:10:52.8616759+05:00","PostID":"0","Post":null,"ExecuteMethod":2,"SourceResultText":null,"SourceResultValue":null,"SourceResultExpression":null,"SourceUnitTypeID":100041,"SourceUnitType":{"OrderBy":42,"MasterDataID":null,"CDD_ID":null,"NameRU":"мкмоль/л","NameKZ":"мкмоль/л","Name":"мкмоль/л","PublicCode":"10004100","EndDate":null,"ID":"100041","StrID":"100041"},"MultiplierID":null,"IsApproved":false,"IsValidated":false,"StandardMatchType":0,"ApproveDate":null,"ApprovePostID":null,"ApprovePost":null,"OrderNum":1,"WorkPlaceID":20747,"OrderID":null,"BacteriologyResult":null,"AnalyzerId":null,"IsOrderProductionControl":false,"ID":"0","StrID":"0"},{"OrderResearchID":67135873,"OrderResearch":null,"ParameterID":200919,"Parameter":{"ShortNameRU":"общий билирубин в сыворотке крови","ShortNameKZ":"қан сарысуындағы жалпы билирубин","ShortName":"общий билирубин в сыворотке крови","DataType":0,"DataTypeName":"Число","UnitTypeID":100041,"UnitType":{"OrderBy":42,"MasterDataID":null,"CDD_ID":null,"NameRU":"мкмоль/л","NameKZ":"мкмоль/л","Name":"мкмоль/л","PublicCode":"10004100","EndDate":null,"ID":"100041","StrID":"100041"},"MedicalFormID":null,"MasterDataID":0,"MedicalForm":null,"NameWithDataType":"общий билирубин в сыворотке крови  (Число)","NameRU":"общий билирубин в сыворотке крови","NameKZ":"қан сарысуындағы жалпы билирубин","Name":"общий билирубин в сыворотке крови","PublicCode":"20091900","EndDate":null,"ID":"200919","StrID":"200919"},"ParameterValues":null,"ParameterValueID":null,"ParameterValue":null,"ResultText":null,"ResultValue":null,"ResultDate":"2026-09-01T19:10:52.86579+05:00","PostID":"0","Post":null,"ExecuteMethod":2,"SourceResultText":null,"SourceResultValue":null,"SourceResultExpression":null,"SourceUnitTypeID":100041,"SourceUnitType":{"OrderBy":42,"MasterDataID":null,"CDD_ID":null,"NameRU":"мкмоль/л","NameKZ":"мкмоль/л","Name":"мкмоль/л","PublicCode":"10004100","EndDate":null,"ID":"100041","StrID":"100041"},"MultiplierID":null,"IsApproved":false,"IsValidated":false,"StandardMatchType":0,"ApproveDate":null,"ApprovePostID":null,"ApprovePost":null,"OrderNum":1,"WorkPlaceID":20747,"OrderID":null,"BacteriologyResult":null,"AnalyzerId":null,"IsOrderProductionControl":false,"ID":"0","StrID":"0"}]
01.09.2026 19:10:52	Information:	TestsWW spec 201032, spec 200919, 
01.09.2026 19:10:52	Information:	Querry lines count: 1
01.09.2026 19:10:52	Debug:	SendResults:	fix DriverRequests=	408	ms
01.09.2026 19:10:52	Information:	SAMPLE! 51569321 DeviceDriverResult Sample: 51569321 Suggest: . Do Request True
01.09.2026 19:10:52	Information:	Sample request count: 1
01.09.2026 19:10:52	Information:	MU is ?mol/L
01.09.2026 19:10:52	Information:	Driver Collations count 0
01.09.2026 19:10:52	Information:	MU collations count=0
01.09.2026 19:10:52	Information:	MU is ?mol/L
01.09.2026 19:10:52	Information:	Driver Collations count 0
01.09.2026 19:10:52	Information:	MU collations count=0
01.09.2026 19:10:52	Debug:	SendResults:	SetTestsValues first SetTestsValues=	13	ms
01.09.2026 19:10:52	Debug:	SendResults:	Device Total = 424 ms
01.09.2026 19:10:52	Information:	Saving 51569321
01.09.2026 19:10:52	Information:	Start test result saving
01.09.2026 19:10:52	Information:	Result object to save: 
01.09.2026 19:10:52	Information:	{"OrderResearchID":67135874,"OrderResearch":null,"ParameterID":201032,"Parameter":{"ShortNameRU":"прямой билирубин в сыворотке крови","ShortNameKZ":"қан сарысуындағы тікелей билирубин","ShortName":"прямой билирубин в сыворотке крови","DataType":0,"DataTypeName":"Число","UnitTypeID":100041,"UnitType":{"NameRU":"мкмоль/л","NameKZ":"мкмоль/л","Name":"мкмоль/л","PublicCode":"10004100","OrderBy":42,"ID":100041,"StrID":"100041"},"MedicalFormID":null,"MedicalForm":null,"NameRU":"прямой билирубин в сыворотке крови","NameKZ":"қан сарысуындағы тікелей билирубин","Name":"прямой билирубин в сыворотке крови","PublicCode":"20103200","OrderBy":null,"ID":201032,"StrID":"201032"},"ParameterValueID":null,"ParameterValue":null,"ResultText":"9.16","ResultValue":null,"ResultDate":"2026-09-01T19:10:52.8616759+05:00","PostID":0,"Post":null,"ExecuteMethod":2,"SourceResultText":"9.16","SourceResultValue":null,"SourceResultExpression":null,"SourceUnitTypeID":100041,"SourceUnitType":{"NameRU":"мкмоль/л","NameKZ":"мкмоль/л","Name":"мкмоль/л","PublicCode":"10004100","OrderBy":42,"ID":100041,"StrID":"100041"},"IsApproved":false,"ApproveDate":null,"ApprovePostID":null,"ApprovePost":null,"OrderNum":1,"WorkPlaceID":20747,"DriverManagerID":150,"BacteriologyResult":null,"AnalyzerId":38,"IsOrderProductionControl":false,"ID":0,"StrID":"0"}
01.09.2026 19:10:52	Information:	Save string: 
01.09.2026 19:10:52	Information:	{"OrderResearchID":67135874,"OrderResearch":{"OrderID":31152361,"ServiceMoID":2163601,"ServiceMoMasterDataID":8269463,"ServiceMo":{"OrgHealthCareID":"45500000000000909","ServiceID":254,"NameRU":"Определение прямого билирубина в сыворотке крови на анализаторе","NameKZ":"Қан сарысуындағы тікелей  билирубинді талдауышта анықтау ","Name":"Определение прямого билирубина в сыворотке крови на анализаторе","ShortNameRU":"Определение прямого билирубина в сыворотке крови на анализаторе","ShortNameKZ":"Қан сарысуындағы тікелей  билирубинді талдауышта анықтау ","ShortName":"Определение прямого билирубина в сыворотке крови на анализаторе","FullName":"B03.435.002 - Определение прямого билирубина в сыворотке крови на анализаторе","Code":"B03.435.002","ExternalCode":null,"ServiceClassID":5,"ServiceClass":{"ServiceTypeID":2,"OrderBy":5,"MasterDataID":5,"NameRU":"Клиническая химия (биохимия)","NameKZ":"Клиникалық химия (биохимия)","Name":"Клиническая химия (биохимия)","PublicCode":"500","EndDate":null,"ID":"5","StrID":"5"},"Service":{"NameRU":"Определение прямого билирубина в сыворотке крови на анализаторе","NameKZ":"Қан сарысуындағы тікелей билирубинді талдауышта анықтау","Name":"Определение прямого билирубина в сыворотке крови на анализаторе","ShortNameRU":"Прямой Bi на анализаторе","ShortNameKZ":"Прямой Bi на анализаторе","ShortName":"Прямой Bi на анализаторе","FullName":"B03.435.002 - Определение прямого билирубина в сыворотке крови на анализаторе","Code":"B03.435.002","ServiceClassID":5,"ServiceClass":null,"ServiceSubClassID":6,"ServiceSubClass":null,"MaterialTypeID":202,"MaterialType":null,"MasterDataID":3095,"ID":"254","StrID":"254"},"MasterDataID":8269463,"ServiceSubClassID":6,"PayType":1,"ServiceSubClass":null,"ID":"2163601","StrID":"2163601"},"FullName":"B03.435.002 - Определение прямого билирубина в сыворотке крови на анализаторе  () ","IsMain":true,"SourceID":"145100105_34010988","WorkPlaceID":20747,"WorkPlace":null,"DriverManager":null,"ParameterID":null,"Parameter":null,"AdditionalInfo":null,"Status":1,"PerformetServiceCount":7,"ResearchResultCount":0,"ApproveResearchResultCount":0,"NotSaveResearchResultCount":0,"ParentID":null,"ScreeningCandidatePlanGuid":null,"ScreeningUrl":null,"TakePlace":null,"MaterialTypeID":null,"MaterialType":null,"PartCount":0,"IsOrderProductionControl":false,"Uid":"c890c25a-6bad-497a-99ec-82342e555c33","OrderPerformerServices":[],"OrderResearchAllergens":[],"Results":[],"IsResumed":false,"ExecutionType":0,"ID":"67135874","StrID":"67135874"},"ParameterID":201032,"Parameter":{"ShortNameRU":"прямой билирубин в сыворотке крови","ShortNameKZ":"қан сарысуындағы тікелей билирубин","ShortName":"прямой билирубин в сыворотке крови","DataType":0,"DataTypeName":"Число","UnitTypeID":100041,"UnitType":null,"MedicalFormID":null,"MasterDataID":0,"MedicalForm":null,"NameWithDataType":"прямой билирубин в сыворотке крови  (Число)","NameRU":"прямой билирубин в сыворотке крови","NameKZ":"қан сарысуындағы тікелей билирубин","Name":"прямой билирубин в сыворотке крови","PublicCode":"20103200","EndDate":null,"ID":"201032","StrID":"201032"},"ParameterValues":null,"ParameterValueID":null,"ParameterValue":null,"ResultText":"9.16","ResultValue":"9.16","ResultDate":"2026-09-01T19:10:53.0442492+05:00","PostID":"189416","Post":null,"ExecuteMethod":2,"SourceResultText":"9.16","SourceResultValue":"9.16","SourceResultExpression":null,"SourceUnitTypeID":100041,"SourceUnitType":{"OrderBy":42,"MasterDataID":null,"CDD_ID":null,"NameRU":"мкмоль/л","NameKZ":"мкмоль/л","Name":"мкмоль/л","PublicCode":"10004100","EndDate":null,"ID":"100041","StrID":"100041"},"MultiplierID":null,"IsApproved":false,"IsValidated":false,"StandardMatchType":0,"ApproveDate":null,"ApprovePostID":null,"ApprovePost":null,"OrderNum":1,"WorkPlaceID":20747,"OrderID":null,"BacteriologyResult":null,"AnalyzerId":38,"IsOrderProductionControl":false,"ID":"207347076","StrID":"207347076"}
01.09.2026 19:10:52	Information:	Result object to save: 
01.09.2026 19:10:52	Information:	{"OrderResearchID":67135873,"OrderResearch":null,"ParameterID":200919,"Parameter":{"ShortNameRU":"общий билирубин в сыворотке крови","ShortNameKZ":"қан сарысуындағы жалпы билирубин","ShortName":"общий билирубин в сыворотке крови","DataType":0,"DataTypeName":"Число","UnitTypeID":100041,"UnitType":{"NameRU":"мкмоль/л","NameKZ":"мкмоль/л","Name":"мкмоль/л","PublicCode":"10004100","OrderBy":42,"ID":100041,"StrID":"100041"},"MedicalFormID":null,"MedicalForm":null,"NameRU":"общий билирубин в сыворотке крови","NameKZ":"қан сарысуындағы жалпы билирубин","Name":"общий билирубин в сыворотке крови","PublicCode":"20091900","OrderBy":null,"ID":200919,"StrID":"200919"},"ParameterValueID":null,"ParameterValue":null,"ResultText":"131.9","ResultValue":null,"ResultDate":"2026-09-01T19:10:52.86579+05:00","PostID":0,"Post":null,"ExecuteMethod":2,"SourceResultText":"131.9","SourceResultValue":null,"SourceResultExpression":null,"SourceUnitTypeID":100041,"SourceUnitType":{"NameRU":"мкмоль/л","NameKZ":"мкмоль/л","Name":"мкмоль/л","PublicCode":"10004100","OrderBy":42,"ID":100041,"StrID":"100041"},"IsApproved":false,"ApproveDate":null,"ApprovePostID":null,"ApprovePost":null,"OrderNum":1,"WorkPlaceID":20747,"DriverManagerID":150,"BacteriologyResult":null,"AnalyzerId":38,"IsOrderProductionControl":false,"ID":0,"StrID":"0"}
01.09.2026 19:10:52	Information:	Save string: 
01.09.2026 19:10:52	Information:	{"OrderResearchID":67135873,"OrderResearch":{"OrderID":31152361,"ServiceMoID":2163626,"ServiceMoMasterDataID":8269464,"ServiceMo":{"OrgHealthCareID":"45500000000000909","ServiceID":255,"NameRU":"Определение общего билирубина в сыворотке крови на анализаторе","NameKZ":"Қан сарысуындағы жалпы  билирубинді талдауышта анықтау в сыворотке крови на анализаторе","Name":"Определение общего билирубина в сыворотке крови на анализаторе","ShortNameRU":"Определение общего билирубина в сыворотке крови на анализаторе","ShortNameKZ":"Қан сарысуындағы жалпы  билирубинді талдауышта анықтау в сыворотке крови на анализаторе","ShortName":"Определение общего билирубина в сыворотке крови на анализаторе","FullName":"B03.398.002 - Определение общего билирубина в сыворотке крови на анализаторе","Code":"B03.398.002","ExternalCode":null,"ServiceClassID":5,"ServiceClass":{"ServiceTypeID":2,"OrderBy":5,"MasterDataID":5,"NameRU":"Клиническая химия (биохимия)","NameKZ":"Клиникалық химия (биохимия)","Name":"Клиническая химия (биохимия)","PublicCode":"500","EndDate":null,"ID":"5","StrID":"5"},"Service":{"NameRU":"Определение общего билирубина в сыворотке крови на анализаторе","NameKZ":"Қан сарысуындағы жалпы билирубинді талдауышта анықтау в сыворотке крови на анализаторе","Name":"Определение общего билирубина в сыворотке крови на анализаторе","ShortNameRU":"Общий Bi на анализаторе","ShortNameKZ":"Общий Bi на анализаторе","ShortName":"Общий Bi на анализаторе","FullName":"B03.398.002 - Определение общего билирубина в сыворотке крови на анализаторе","Code":"B03.398.002","ServiceClassID":5,"ServiceClass":null,"ServiceSubClassID":6,"ServiceSubClass":null,"MaterialTypeID":202,"MaterialType":null,"MasterDataID":3096,"ID":"255","StrID":"255"},"MasterDataID":8269464,"ServiceSubClassID":6,"PayType":1,"ServiceSubClass":null,"ID":"2163626","StrID":"2163626"},"FullName":"B03.398.002 - Определение общего билирубина в сыворотке крови на анализаторе  () ","IsMain":true,"SourceID":"145100105_34010987","WorkPlaceID":20747,"WorkPlace":null,"DriverManager":null,"ParameterID":null,"Parameter":null,"AdditionalInfo":null,"Status":1,"PerformetServiceCount":7,"ResearchResultCount":0,"ApproveResearchResultCount":0,"NotSaveResearchResultCount":0,"ParentID":null,"ScreeningCandidatePlanGuid":null,"ScreeningUrl":null,"TakePlace":null,"MaterialTypeID":null,"MaterialType":null,"PartCount":0,"IsOrderProductionControl":false,"Uid":"0f7c285d-3cd8-4562-a733-d41be9f1f0e1","OrderPerformerServices":[],"OrderResearchAllergens":[],"Results":[],"IsResumed":false,"ExecutionType":0,"ID":"67135873","StrID":"67135873"},"ParameterID":200919,"Parameter":{"ShortNameRU":"общий билирубин в сыворотке крови","ShortNameKZ":"қан сарысуындағы жалпы билирубин","ShortName":"общий билирубин в сыворотке крови","DataType":0,"DataTypeName":"Число","UnitTypeID":100041,"UnitType":null,"MedicalFormID":null,"MasterDataID":0,"MedicalForm":null,"NameWithDataType":"общий билирубин в сыворотке крови  (Число)","NameRU":"общий билирубин в сыворотке крови","NameKZ":"қан сарысуындағы жалпы билирубин","Name":"общий билирубин в сыворотке крови","PublicCode":"20091900","EndDate":null,"ID":"200919","StrID":"200919"},"ParameterValues":null,"ParameterValueID":null,"ParameterValue":null,"ResultText":"131.90","ResultValue":"131.90","ResultDate":"2026-09-01T19:10:53.1187525+05:00","PostID":"189416","Post":null,"ExecuteMethod":2,"SourceResultText":"131.90","SourceResultValue":"131.90","SourceResultExpression":null,"SourceUnitTypeID":100041,"SourceUnitType":{"OrderBy":42,"MasterDataID":null,"CDD_ID":null,"NameRU":"мкмоль/л","NameKZ":"мкмоль/л","Name":"мкмоль/л","PublicCode":"10004100","EndDate":null,"ID":"100041","StrID":"100041"},"MultiplierID":null,"IsApproved":false,"IsValidated":false,"StandardMatchType":0,"ApproveDate":null,"ApprovePostID":null,"ApprovePost":null,"OrderNum":1,"WorkPlaceID":20747,"OrderID":null,"BacteriologyResult":null,"AnalyzerId":38,"IsOrderProductionControl":false,"ID":"207347077","StrID":"207347077"}
01.09.2026 19:10:52	Debug:	 SendResults SaveDeviceResults = 243 ms
01.09.2026 19:10:52	Debug:	 total for SendResults = 669 ms
01.09.2026 19:11:10	Information:	url https://lab-vko.dmed.kz/ /api/DriverManager/PingDevice
01.09.2026 19:11:10	Information:	{
"Hash": "w9LjvpRCyoByGV3Lzv0iX9dSI0tLK0uV+pRojL1kufc=",
"Status": 0
}


01.09.2026 19:11:10	Information:	Ping ret is {"Status":0,"Comment":null}
01.09.2026 19:13:11	Information:	url https://lab-vko.dmed.kz/ /api/DriverManager/PingDevice
01.09.2026 19:13:11	Information:	{
"Hash": "w9LjvpRCyoByGV3Lzv0iX9dSI0tLK0uV+pRojL1kufc=",
"Status": 0
}


01.09.2026 19:13:11	Information:	Ping ret is {"Status":0,"Comment":null}
01.09.2026 19:14:34	Information:	refresh tokens
01.09.2026 19:15:11	Information:	url https://lab-vko.dmed.kz/ /api/DriverManager/PingDevice
01.09.2026 19:15:11	Information:	{
"Hash": "w9LjvpRCyoByGV3Lzv0iX9dSI0tLK0uV+pRojL1kufc=",
"Status": 0
}


01.09.2026 19:15:11	Information:	Ping ret is {"Status":0,"Comment":null}
01.09.2026 19:17:12	Information:	url https://lab-vko.dmed.kz/ /api/DriverManager/PingDevice
01.09.2026 19:17:12	Information:	{
"Hash": "w9LjvpRCyoByGV3Lzv0iX9dSI0tLK0uV+pRojL1kufc=",
"Status": 0
}


01.09.2026 19:17:12	Information:	Ping ret is {"Status":0,"Comment":null}
01.09.2026 19:19:12	Information:	url https://lab-vko.dmed.kz/ /api/DriverManager/PingDevice
01.09.2026 19:19:12	Information:	{
"Hash": "w9LjvpRCyoByGV3Lzv0iX9dSI0tLK0uV+pRojL1kufc=",
"Status": 0
}


01.09.2026 19:19:12	Information:	Ping ret is {"Status":0,"Comment":null}
01.09.2026 19:21:13	Information:	url https://lab-vko.dmed.kz/ /api/DriverManager/PingDevice
01.09.2026 19:21:13	Information:	{
"Hash": "w9LjvpRCyoByGV3Lzv0iX9dSI0tLK0uV+pRojL1kufc=",
"Status": 0
}


01.09.2026 19:21:13	Information:	Ping ret is {"Status":0,"Comment":null}
01.09.2026 19:23:13	Information:	url https://lab-vko.dmed.kz/ /api/DriverManager/PingDevice
01.09.2026 19:23:13	Information:	{
"Hash": "w9LjvpRCyoByGV3Lzv0iX9dSI0tLK0uV+pRojL1kufc=",
"Status": 0
}


01.09.2026 19:23:13	Information:	Ping ret is {"Status":0,"Comment":null}
01.09.2026 19:24:34	Information:	refresh tokens
01.09.2026 19:25:14	Information:	url https://lab-vko.dmed.kz/ /api/DriverManager/PingDevice
01.09.2026 19:25:14	Information:	{
"Hash": "w9LjvpRCyoByGV3Lzv0iX9dSI0tLK0uV+pRojL1kufc=",
"Status": 0
}


01.09.2026 19:25:14	Information:	Ping ret is {"Status":0,"Comment":null}
01.09.2026 19:27:14	Information:	url https://lab-vko.dmed.kz/ /api/DriverManager/PingDevice
01.09.2026 19:27:14	Information:	{
"Hash": "w9LjvpRCyoByGV3Lzv0iX9dSI0tLK0uV+pRojL1kufc=",
"Status": 0
}


01.09.2026 19:27:14	Information:	Ping ret is {"Status":0,"Comment":null}
01.09.2026 19:29:15	Information:	url https://lab-vko.dmed.kz/ /api/DriverManager/PingDevice
01.09.2026 19:29:15	Information:	{
"Hash": "w9LjvpRCyoByGV3Lzv0iX9dSI0tLK0uV+pRojL1kufc=",
"Status": 0
}


01.09.2026 19:29:15	Information:	Ping ret is {"Status":0,"Comment":null}
01.09.2026 19:31:15	Information:	url https://lab-vko.dmed.kz/ /api/DriverManager/PingDevice
01.09.2026 19:31:15	Information:	{
"Hash": "w9LjvpRCyoByGV3Lzv0iX9dSI0tLK0uV+pRojL1kufc=",
"Status": 0
}


01.09.2026 19:31:15	Information:	Ping ret is {"Status":0,"Comment":null}
01.09.2026 19:33:16	Information:	url https://lab-vko.dmed.kz/ /api/DriverManager/PingDevice
01.09.2026 19:33:16	Information:	{
"Hash": "w9LjvpRCyoByGV3Lzv0iX9dSI0tLK0uV+pRojL1kufc=",
"Status": 0
}


01.09.2026 19:33:16	Information:	Ping ret is {"Status":0,"Comment":null}
01.09.2026 19:34:34	Information:	refresh tokens
01.09.2026 19:35:16	Information:	url https://lab-vko.dmed.kz/ /api/DriverManager/PingDevice
01.09.2026 19:35:16	Information:	{
"Hash": "w9LjvpRCyoByGV3Lzv0iX9dSI0tLK0uV+pRojL1kufc=",
"Status": 0
}


01.09.2026 19:35:16	Information:	Ping ret is {"Status":0,"Comment":null}
01.09.2026 19:37:17	Information:	url https://lab-vko.dmed.kz/ /api/DriverManager/PingDevice
01.09.2026 19:37:17	Information:	{
"Hash": "w9LjvpRCyoByGV3Lzv0iX9dSI0tLK0uV+pRojL1kufc=",
"Status": 0
}


01.09.2026 19:37:17	Information:	Ping ret is {"Status":0,"Comment":null}
01.09.2026 19:39:18	Information:	url https://lab-vko.dmed.kz/ /api/DriverManager/PingDevice
01.09.2026 19:39:18	Information:	{
"Hash": "w9LjvpRCyoByGV3Lzv0iX9dSI0tLK0uV+pRojL1kufc=",
"Status": 0
}


01.09.2026 19:39:18	Information:	Ping ret is {"Status":0,"Comment":null}
01.09.2026 19:41:18	Information:	url https://lab-vko.dmed.kz/ /api/DriverManager/PingDevice
01.09.2026 19:41:18	Information:	{
"Hash": "w9LjvpRCyoByGV3Lzv0iX9dSI0tLK0uV+pRojL1kufc=",
"Status": 0
}


01.09.2026 19:41:18	Information:	Ping ret is {"Status":0,"Comment":null}
01.09.2026 19:43:19	Information:	url https://lab-vko.dmed.kz/ /api/DriverManager/PingDevice
01.09.2026 19:43:19	Information:	{
"Hash": "w9LjvpRCyoByGV3Lzv0iX9dSI0tLK0uV+pRojL1kufc=",
"Status": 0
}


01.09.2026 19:43:19	Information:	Ping ret is {"Status":0,"Comment":null}
01.09.2026 19:44:34	Information:	refresh tokens
01.09.2026 19:45:19	Information:	url https://lab-vko.dmed.kz/ /api/DriverManager/PingDevice
01.09.2026 19:45:19	Information:	{
"Hash": "w9LjvpRCyoByGV3Lzv0iX9dSI0tLK0uV+pRojL1kufc=",
"Status": 0
}


01.09.2026 19:45:19	Information:	Ping ret is {"Status":0,"Comment":null}
01.09.2026 19:47:20	Information:	url https://lab-vko.dmed.kz/ /api/DriverManager/PingDevice
01.09.2026 19:47:20	Information:	{
"Hash": "w9LjvpRCyoByGV3Lzv0iX9dSI0tLK0uV+pRojL1kufc=",
"Status": 0
}


01.09.2026 19:47:20	Information:	Ping ret is {"Status":0,"Comment":null}
01.09.2026 19:49:20	Information:	url https://lab-vko.dmed.kz/ /api/DriverManager/PingDevice
01.09.2026 19:49:20	Information:	{
"Hash": "w9LjvpRCyoByGV3Lzv0iX9dSI0tLK0uV+pRojL1kufc=",
"Status": 0
}


01.09.2026 19:49:20	Information:	Ping ret is {"Status":0,"Comment":null}
01.09.2026 19:51:21	Information:	url https://lab-vko.dmed.kz/ /api/DriverManager/PingDevice
01.09.2026 19:51:21	Information:	{
"Hash": "w9LjvpRCyoByGV3Lzv0iX9dSI0tLK0uV+pRojL1kufc=",
"Status": 0
}


01.09.2026 19:51:21	Information:	Ping ret is {"Status":0,"Comment":null}
01.09.2026 19:53:21	Information:	url https://lab-vko.dmed.kz/ /api/DriverManager/PingDevice
01.09.2026 19:53:21	Information:	{
"Hash": "w9LjvpRCyoByGV3Lzv0iX9dSI0tLK0uV+pRojL1kufc=",
"Status": 0
}


01.09.2026 19:53:21	Information:	Ping ret is {"Status":0,"Comment":null}
01.09.2026 19:54:34	Information:	refresh tokens
01.09.2026 19:55:22	Information:	url https://lab-vko.dmed.kz/ /api/DriverManager/PingDevice
01.09.2026 19:55:22	Information:	{
"Hash": "w9LjvpRCyoByGV3Lzv0iX9dSI0tLK0uV+pRojL1kufc=",
"Status": 0
}


01.09.2026 19:55:22	Information:	Ping ret is {"Status":0,"Comment":null}
01.09.2026 19:57:22	Information:	url https://lab-vko.dmed.kz/ /api/DriverManager/PingDevice
01.09.2026 19:57:22	Information:	{
"Hash": "w9LjvpRCyoByGV3Lzv0iX9dSI0tLK0uV+pRojL1kufc=",
"Status": 0
}


01.09.2026 19:57:22	Information:	Ping ret is {"Status":0,"Comment":null}
01.09.2026 19:59:23	Information:	url https://lab-vko.dmed.kz/ /api/DriverManager/PingDevice
01.09.2026 19:59:23	Information:	{
"Hash": "w9LjvpRCyoByGV3Lzv0iX9dSI0tLK0uV+pRojL1kufc=",
"Status": 0
}


01.09.2026 19:59:23	Information:	Ping ret is {"Status":0,"Comment":null}
01.09.2026 20:01:23	Information:	url https://lab-vko.dmed.kz/ /api/DriverManager/PingDevice
01.09.2026 20:01:23	Information:	{
"Hash": "w9LjvpRCyoByGV3Lzv0iX9dSI0tLK0uV+pRojL1kufc=",
"Status": 0
}


01.09.2026 20:01:23	Information:	Ping ret is {"Status":0,"Comment":null}
01.09.2026 20:03:24	Information:	url https://lab-vko.dmed.kz/ /api/DriverManager/PingDevice
01.09.2026 20:03:24	Information:	{
"Hash": "w9LjvpRCyoByGV3Lzv0iX9dSI0tLK0uV+pRojL1kufc=",
"Status": 0
}


01.09.2026 20:03:24	Information:	Ping ret is {"Status":0,"Comment":null}
01.09.2026 20:04:34	Information:	refresh tokens
01.09.2026 20:05:24	Information:	url https://lab-vko.dmed.kz/ /api/DriverManager/PingDevice
01.09.2026 20:05:24	Information:	{
"Hash": "w9LjvpRCyoByGV3Lzv0iX9dSI0tLK0uV+pRojL1kufc=",
"Status": 0
}


01.09.2026 20:05:24	Information:	Ping ret is {"Status":0,"Comment":null}
01.09.2026 20:07:25	Information:	url https://lab-vko.dmed.kz/ /api/DriverManager/PingDevice
01.09.2026 20:07:25	Information:	{
"Hash": "w9LjvpRCyoByGV3Lzv0iX9dSI0tLK0uV+pRojL1kufc=",
"Status": 0
}


01.09.2026 20:07:25	Information:	Ping ret is {"Status":0,"Comment":null}
01.09.2026 20:09:25	Information:	url https://lab-vko.dmed.kz/ /api/DriverManager/PingDevice
01.09.2026 20:09:25	Information:	{
"Hash": "w9LjvpRCyoByGV3Lzv0iX9dSI0tLK0uV+pRojL1kufc=",
"Status": 0
}


01.09.2026 20:09:25	Information:	Ping ret is {"Status":0,"Comment":null}
01.09.2026 20:11:26	Information:	url https://lab-vko.dmed.kz/ /api/DriverManager/PingDevice
01.09.2026 20:11:26	Information:	{
"Hash": "w9LjvpRCyoByGV3Lzv0iX9dSI0tLK0uV+pRojL1kufc=",
"Status": 0
}


01.09.2026 20:11:26	Information:	Ping ret is {"Status":0,"Comment":null}
01.09.2026 20:13:26	Information:	url https://lab-vko.dmed.kz/ /api/DriverManager/PingDevice
01.09.2026 20:13:26	Information:	{
"Hash": "w9LjvpRCyoByGV3Lzv0iX9dSI0tLK0uV+pRojL1kufc=",
"Status": 0
}


01.09.2026 20:13:26	Information:	Ping ret is {"Status":0,"Comment":null}
01.09.2026 20:14:34	Information:	refresh tokens
01.09.2026 20:15:27	Information:	url https://lab-vko.dmed.kz/ /api/DriverManager/PingDevice
01.09.2026 20:15:27	Information:	{
"Hash": "w9LjvpRCyoByGV3Lzv0iX9dSI0tLK0uV+pRojL1kufc=",
"Status": 0
}


01.09.2026 20:15:27	Information:	Ping ret is {"Status":0,"Comment":null}
01.09.2026 20:17:27	Information:	url https://lab-vko.dmed.kz/ /api/DriverManager/PingDevice
01.09.2026 20:17:27	Information:	{
"Hash": "w9LjvpRCyoByGV3Lzv0iX9dSI0tLK0uV+pRojL1kufc=",
"Status": 0
}


01.09.2026 20:17:27	Information:	Ping ret is {"Status":0,"Comment":null}
01.09.2026 20:19:28	Information:	url https://lab-vko.dmed.kz/ /api/DriverManager/PingDevice
01.09.2026 20:19:28	Information:	{
"Hash": "w9LjvpRCyoByGV3Lzv0iX9dSI0tLK0uV+pRojL1kufc=",
"Status": 0
}


01.09.2026 20:19:28	Information:	Ping ret is {"Status":0,"Comment":null}
01.09.2026 20:21:28	Information:	url https://lab-vko.dmed.kz/ /api/DriverManager/PingDevice
01.09.2026 20:21:28	Information:	{
"Hash": "w9LjvpRCyoByGV3Lzv0iX9dSI0tLK0uV+pRojL1kufc=",
"Status": 0
}


01.09.2026 20:21:28	Information:	Ping ret is {"Status":0,"Comment":null}
01.09.2026 20:23:29	Information:	url https://lab-vko.dmed.kz/ /api/DriverManager/PingDevice
01.09.2026 20:23:29	Information:	{
"Hash": "w9LjvpRCyoByGV3Lzv0iX9dSI0tLK0uV+pRojL1kufc=",
"Status": 0
}


01.09.2026 20:23:29	Information:	Ping ret is {"Status":0,"Comment":null}
01.09.2026 20:24:34	Information:	refresh tokens
01.09.2026 20:25:30	Information:	url https://lab-vko.dmed.kz/ /api/DriverManager/PingDevice
01.09.2026 20:25:30	Information:	{
"Hash": "w9LjvpRCyoByGV3Lzv0iX9dSI0tLK0uV+pRojL1kufc=",
"Status": 0
}


01.09.2026 20:25:30	Information:	Ping ret is {"Status":0,"Comment":null}
01.09.2026 20:27:30	Information:	url https://lab-vko.dmed.kz/ /api/DriverManager/PingDevice
01.09.2026 20:27:30	Information:	{
"Hash": "w9LjvpRCyoByGV3Lzv0iX9dSI0tLK0uV+pRojL1kufc=",
"Status": 0
}


01.09.2026 20:27:30	Information:	Ping ret is {"Status":0,"Comment":null}
01.09.2026 20:29:31	Information:	url https://lab-vko.dmed.kz/ /api/DriverManager/PingDevice
01.09.2026 20:29:31	Information:	{
"Hash": "w9LjvpRCyoByGV3Lzv0iX9dSI0tLK0uV+pRojL1kufc=",
"Status": 0
}


01.09.2026 20:29:31	Information:	Ping ret is {"Status":0,"Comment":null}
01.09.2026 20:31:31	Information:	url https://lab-vko.dmed.kz/ /api/DriverManager/PingDevice
01.09.2026 20:31:31	Information:	{
"Hash": "w9LjvpRCyoByGV3Lzv0iX9dSI0tLK0uV+pRojL1kufc=",
"Status": 0
}


01.09.2026 20:31:31	Information:	Ping ret is {"Status":0,"Comment":null}
01.09.2026 20:33:32	Information:	url https://lab-vko.dmed.kz/ /api/DriverManager/PingDevice
01.09.2026 20:33:32	Information:	{
"Hash": "w9LjvpRCyoByGV3Lzv0iX9dSI0tLK0uV+pRojL1kufc=",
"Status": 0
}


01.09.2026 20:33:32	Information:	Ping ret is {"Status":0,"Comment":null}
01.09.2026 20:34:34	Information:	refresh tokens
01.09.2026 20:35:32	Information:	url https://lab-vko.dmed.kz/ /api/DriverManager/PingDevice
01.09.2026 20:35:32	Information:	{
"Hash": "w9LjvpRCyoByGV3Lzv0iX9dSI0tLK0uV+pRojL1kufc=",
"Status": 0
}


01.09.2026 20:35:32	Information:	Ping ret is {"Status":0,"Comment":null}
01.09.2026 20:37:33	Information:	url https://lab-vko.dmed.kz/ /api/DriverManager/PingDevice
01.09.2026 20:37:33	Information:	{
"Hash": "w9LjvpRCyoByGV3Lzv0iX9dSI0tLK0uV+pRojL1kufc=",
"Status": 0
}


01.09.2026 20:37:33	Information:	Ping ret is {"Status":0,"Comment":null}
01.09.2026 20:39:33	Information:	url https://lab-vko.dmed.kz/ /api/DriverManager/PingDevice
01.09.2026 20:39:33	Information:	{
"Hash": "w9LjvpRCyoByGV3Lzv0iX9dSI0tLK0uV+pRojL1kufc=",
"Status": 0
}


01.09.2026 20:39:33	Information:	Ping ret is {"Status":0,"Comment":null}
01.09.2026 20:41:33	Information:	url https://lab-vko.dmed.kz/ /api/DriverManager/PingDevice
01.09.2026 20:41:33	Information:	{
"Hash": "w9LjvpRCyoByGV3Lzv0iX9dSI0tLK0uV+pRojL1kufc=",
"Status": 0
}


01.09.2026 20:41:33	Information:	Ping ret is {"Status":0,"Comment":null}
01.09.2026 20:43:34	Information:	url https://lab-vko.dmed.kz/ /api/DriverManager/PingDevice
01.09.2026 20:43:34	Information:	{
"Hash": "w9LjvpRCyoByGV3Lzv0iX9dSI0tLK0uV+pRojL1kufc=",
"Status": 0
}


01.09.2026 20:43:34	Information:	Ping ret is {"Status":0,"Comment":null}
01.09.2026 20:44:34	Information:	refresh tokens
01.09.2026 20:45:35	Information:	url https://lab-vko.dmed.kz/ /api/DriverManager/PingDevice
01.09.2026 20:45:35	Information:	{
"Hash": "w9LjvpRCyoByGV3Lzv0iX9dSI0tLK0uV+pRojL1kufc=",
"Status": 0
}


01.09.2026 20:45:35	Information:	Ping ret is {"Status":0,"Comment":null}
01.09.2026 20:47:35	Information:	url https://lab-vko.dmed.kz/ /api/DriverManager/PingDevice
01.09.2026 20:47:35	Information:	{
"Hash": "w9LjvpRCyoByGV3Lzv0iX9dSI0tLK0uV+pRojL1kufc=",
"Status": 0
}


01.09.2026 20:47:35	Information:	Ping ret is {"Status":0,"Comment":null}
01.09.2026 20:49:36	Information:	url https://lab-vko.dmed.kz/ /api/DriverManager/PingDevice
01.09.2026 20:49:36	Information:	{
"Hash": "w9LjvpRCyoByGV3Lzv0iX9dSI0tLK0uV+pRojL1kufc=",
"Status": 0
}


01.09.2026 20:49:36	Information:	Ping ret is {"Status":0,"Comment":null}
01.09.2026 20:51:36	Information:	url https://lab-vko.dmed.kz/ /api/DriverManager/PingDevice
01.09.2026 20:51:36	Information:	{
"Hash": "w9LjvpRCyoByGV3Lzv0iX9dSI0tLK0uV+pRojL1kufc=",
"Status": 0
}


01.09.2026 20:51:36	Information:	Ping ret is {"Status":0,"Comment":null}
01.09.2026 20:53:37	Information:	url https://lab-vko.dmed.kz/ /api/DriverManager/PingDevice
01.09.2026 20:53:37	Information:	{
"Hash": "w9LjvpRCyoByGV3Lzv0iX9dSI0tLK0uV+pRojL1kufc=",
"Status": 0
}


01.09.2026 20:53:37	Information:	Ping ret is {"Status":0,"Comment":null}
01.09.2026 20:54:34	Information:	refresh tokens
01.09.2026 20:55:37	Information:	url https://lab-vko.dmed.kz/ /api/DriverManager/PingDevice
01.09.2026 20:55:37	Information:	{
"Hash": "w9LjvpRCyoByGV3Lzv0iX9dSI0tLK0uV+pRojL1kufc=",
"Status": 0
}


01.09.2026 20:55:37	Information:	Ping ret is {"Status":0,"Comment":null}
01.09.2026 20:57:38	Information:	url https://lab-vko.dmed.kz/ /api/DriverManager/PingDevice
01.09.2026 20:57:38	Information:	{
"Hash": "w9LjvpRCyoByGV3Lzv0iX9dSI0tLK0uV+pRojL1kufc=",
"Status": 0
}


01.09.2026 20:57:38	Information:	Ping ret is {"Status":0,"Comment":null}
01.09.2026 20:59:39	Information:	url https://lab-vko.dmed.kz/ /api/DriverManager/PingDevice
01.09.2026 20:59:39	Information:	{
"Hash": "w9LjvpRCyoByGV3Lzv0iX9dSI0tLK0uV+pRojL1kufc=",
"Status": 0
}


01.09.2026 20:59:39	Information:	Ping ret is {"Status":0,"Comment":null}
01.09.2026 21:01:40	Information:	url https://lab-vko.dmed.kz/ /api/DriverManager/PingDevice
01.09.2026 21:01:40	Information:	{
"Hash": "w9LjvpRCyoByGV3Lzv0iX9dSI0tLK0uV+pRojL1kufc=",
"Status": 0
}


01.09.2026 21:01:40	Information:	Ping ret is {"Status":0,"Comment":null}
01.09.2026 21:03:40	Information:	url https://lab-vko.dmed.kz/ /api/DriverManager/PingDevice
01.09.2026 21:03:40	Information:	{
"Hash": "w9LjvpRCyoByGV3Lzv0iX9dSI0tLK0uV+pRojL1kufc=",
"Status": 0
}


01.09.2026 21:03:40	Information:	Ping ret is {"Status":0,"Comment":null}
01.09.2026 21:04:34	Information:	refresh tokens
01.09.2026 21:05:41	Information:	url https://lab-vko.dmed.kz/ /api/DriverManager/PingDevice
01.09.2026 21:05:41	Information:	{
"Hash": "w9LjvpRCyoByGV3Lzv0iX9dSI0tLK0uV+pRojL1kufc=",
"Status": 0
}


01.09.2026 21:05:41	Information:	Ping ret is {"Status":0,"Comment":null}
01.09.2026 21:07:42	Information:	url https://lab-vko.dmed.kz/ /api/DriverManager/PingDevice
01.09.2026 21:07:42	Information:	{
"Hash": "w9LjvpRCyoByGV3Lzv0iX9dSI0tLK0uV+pRojL1kufc=",
"Status": 0
}


01.09.2026 21:07:42	Information:	Ping ret is {"Status":0,"Comment":null}
01.09.2026 21:09:42	Information:	url https://lab-vko.dmed.kz/ /api/DriverManager/PingDevice
01.09.2026 21:09:42	Information:	{
"Hash": "w9LjvpRCyoByGV3Lzv0iX9dSI0tLK0uV+pRojL1kufc=",
"Status": 0
}


01.09.2026 21:09:42	Information:	Ping ret is {"Status":0,"Comment":null}
01.09.2026 21:11:43	Information:	url https://lab-vko.dmed.kz/ /api/DriverManager/PingDevice
01.09.2026 21:11:43	Information:	{
"Hash": "w9LjvpRCyoByGV3Lzv0iX9dSI0tLK0uV+pRojL1kufc=",
"Status": 0
}


01.09.2026 21:11:43	Information:	Ping ret is {"Status":0,"Comment":null}
01.09.2026 21:13:44	Information:	url https://lab-vko.dmed.kz/ /api/DriverManager/PingDevice
01.09.2026 21:13:44	Information:	{
"Hash": "w9LjvpRCyoByGV3Lzv0iX9dSI0tLK0uV+pRojL1kufc=",
"Status": 0
}


01.09.2026 21:13:44	Information:	Ping ret is {"Status":0,"Comment":null}
01.09.2026 21:14:34	Information:	refresh tokens
01.09.2026 21:15:44	Information:	url https://lab-vko.dmed.kz/ /api/DriverManager/PingDevice
01.09.2026 21:15:44	Information:	{
"Hash": "w9LjvpRCyoByGV3Lzv0iX9dSI0tLK0uV+pRojL1kufc=",
"Status": 0
}


01.09.2026 21:15:44	Information:	Ping ret is {"Status":0,"Comment":null}
01.09.2026 21:17:45	Information:	url https://lab-vko.dmed.kz/ /api/DriverManager/PingDevice
01.09.2026 21:17:45	Information:	{
"Hash": "w9LjvpRCyoByGV3Lzv0iX9dSI0tLK0uV+pRojL1kufc=",
"Status": 0
}


01.09.2026 21:17:45	Information:	Ping ret is {"Status":0,"Comment":null}
01.09.2026 21:19:45	Information:	url https://lab-vko.dmed.kz/ /api/DriverManager/PingDevice
01.09.2026 21:19:45	Information:	{
"Hash": "w9LjvpRCyoByGV3Lzv0iX9dSI0tLK0uV+pRojL1kufc=",
"Status": 0
}


01.09.2026 21:19:45	Information:	Ping ret is {"Status":0,"Comment":null}
01.09.2026 21:21:46	Information:	url https://lab-vko.dmed.kz/ /api/DriverManager/PingDevice
01.09.2026 21:21:46	Information:	{
"Hash": "w9LjvpRCyoByGV3Lzv0iX9dSI0tLK0uV+pRojL1kufc=",
"Status": 0
}


01.09.2026 21:21:46	Information:	Ping ret is {"Status":0,"Comment":null}
01.09.2026 21:23:47	Information:	url https://lab-vko.dmed.kz/ /api/DriverManager/PingDevice
01.09.2026 21:23:47	Information:	{
"Hash": "w9LjvpRCyoByGV3Lzv0iX9dSI0tLK0uV+pRojL1kufc=",
"Status": 0
}


01.09.2026 21:23:47	Information:	Ping ret is {"Status":0,"Comment":null}
01.09.2026 21:24:34	Information:	refresh tokens
01.09.2026 21:25:47	Information:	url https://lab-vko.dmed.kz/ /api/DriverManager/PingDevice
01.09.2026 21:25:47	Information:	{
"Hash": "w9LjvpRCyoByGV3Lzv0iX9dSI0tLK0uV+pRojL1kufc=",
"Status": 0
}


01.09.2026 21:25:47	Information:	Ping ret is {"Status":0,"Comment":null}
01.09.2026 21:27:48	Information:	url https://lab-vko.dmed.kz/ /api/DriverManager/PingDevice
01.09.2026 21:27:48	Information:	{
"Hash": "w9LjvpRCyoByGV3Lzv0iX9dSI0tLK0uV+pRojL1kufc=",
"Status": 0
}


01.09.2026 21:27:48	Information:	Ping ret is {"Status":0,"Comment":null}
01.09.2026 21:29:48	Information:	url https://lab-vko.dmed.kz/ /api/DriverManager/PingDevice
01.09.2026 21:29:48	Information:	{
"Hash": "w9LjvpRCyoByGV3Lzv0iX9dSI0tLK0uV+pRojL1kufc=",
"Status": 0
}


01.09.2026 21:29:48	Information:	Ping ret is {"Status":0,"Comment":null}
01.09.2026 21:31:49	Information:	url https://lab-vko.dmed.kz/ /api/DriverManager/PingDevice
01.09.2026 21:31:49	Information:	{
"Hash": "w9LjvpRCyoByGV3Lzv0iX9dSI0tLK0uV+pRojL1kufc=",
"Status": 0
}


01.09.2026 21:31:49	Information:	Ping ret is {"Status":0,"Comment":null}
01.09.2026 21:33:49	Information:	url https://lab-vko.dmed.kz/ /api/DriverManager/PingDevice
01.09.2026 21:33:49	Information:	{
"Hash": "w9LjvpRCyoByGV3Lzv0iX9dSI0tLK0uV+pRojL1kufc=",
"Status": 0
}


01.09.2026 21:33:49	Information:	Ping ret is {"Status":0,"Comment":null}
01.09.2026 21:34:34	Information:	refresh tokens
01.09.2026 21:35:50	Information:	url https://lab-vko.dmed.kz/ /api/DriverManager/PingDevice
01.09.2026 21:35:50	Information:	{
"Hash": "w9LjvpRCyoByGV3Lzv0iX9dSI0tLK0uV+pRojL1kufc=",
"Status": 0
}


01.09.2026 21:35:50	Information:	Ping ret is {"Status":0,"Comment":null}
01.09.2026 21:37:50	Information:	url https://lab-vko.dmed.kz/ /api/DriverManager/PingDevice
01.09.2026 21:37:50	Information:	{
"Hash": "w9LjvpRCyoByGV3Lzv0iX9dSI0tLK0uV+pRojL1kufc=",
"Status": 0
}


01.09.2026 21:37:50	Information:	Ping ret is {"Status":0,"Comment":null}
01.09.2026 21:39:51	Information:	url https://lab-vko.dmed.kz/ /api/DriverManager/PingDevice
01.09.2026 21:39:51	Information:	{
"Hash": "w9LjvpRCyoByGV3Lzv0iX9dSI0tLK0uV+pRojL1kufc=",
"Status": 0
}


01.09.2026 21:39:51	Information:	Ping ret is {"Status":0,"Comment":null}
01.09.2026 21:41:51	Information:	url https://lab-vko.dmed.kz/ /api/DriverManager/PingDevice
01.09.2026 21:41:51	Information:	{
"Hash": "w9LjvpRCyoByGV3Lzv0iX9dSI0tLK0uV+pRojL1kufc=",
"Status": 0
}


01.09.2026 21:41:51	Information:	Ping ret is {"Status":0,"Comment":null}
01.09.2026 21:43:52	Information:	url https://lab-vko.dmed.kz/ /api/DriverManager/PingDevice
01.09.2026 21:43:52	Information:	{
"Hash": "w9LjvpRCyoByGV3Lzv0iX9dSI0tLK0uV+pRojL1kufc=",
"Status": 0
}


01.09.2026 21:43:52	Information:	Ping ret is {"Status":0,"Comment":null}
01.09.2026 21:44:34	Information:	refresh tokens
01.09.2026 21:45:52	Information:	url https://lab-vko.dmed.kz/ /api/DriverManager/PingDevice
01.09.2026 21:45:52	Information:	{
"Hash": "w9LjvpRCyoByGV3Lzv0iX9dSI0tLK0uV+pRojL1kufc=",
"Status": 0
}


01.09.2026 21:45:52	Information:	Ping ret is {"Status":0,"Comment":null}
01.09.2026 21:47:53	Information:	url https://lab-vko.dmed.kz/ /api/DriverManager/PingDevice
01.09.2026 21:47:53	Information:	{
"Hash": "w9LjvpRCyoByGV3Lzv0iX9dSI0tLK0uV+pRojL1kufc=",
"Status": 0
}


01.09.2026 21:47:53	Information:	Ping ret is {"Status":0,"Comment":null}
01.09.2026 21:49:53	Information:	url https://lab-vko.dmed.kz/ /api/DriverManager/PingDevice
01.09.2026 21:49:53	Information:	{
"Hash": "w9LjvpRCyoByGV3Lzv0iX9dSI0tLK0uV+pRojL1kufc=",
"Status": 0
}


01.09.2026 21:49:53	Information:	Ping ret is {"Status":0,"Comment":null}
01.09.2026 21:51:54	Information:	url https://lab-vko.dmed.kz/ /api/DriverManager/PingDevice
01.09.2026 21:51:54	Information:	{
"Hash": "w9LjvpRCyoByGV3Lzv0iX9dSI0tLK0uV+pRojL1kufc=",
"Status": 0
}


01.09.2026 21:51:54	Information:	Ping ret is {"Status":0,"Comment":null}
01.09.2026 21:53:55	Information:	url https://lab-vko.dmed.kz/ /api/DriverManager/PingDevice
01.09.2026 21:53:55	Information:	{
"Hash": "w9LjvpRCyoByGV3Lzv0iX9dSI0tLK0uV+pRojL1kufc=",
"Status": 0
}


01.09.2026 21:53:55	Information:	Ping ret is {"Status":0,"Comment":null}
01.09.2026 21:54:34	Information:	refresh tokens
01.09.2026 21:55:55	Information:	url https://lab-vko.dmed.kz/ /api/DriverManager/PingDevice
01.09.2026 21:55:55	Information:	{
"Hash": "w9LjvpRCyoByGV3Lzv0iX9dSI0tLK0uV+pRojL1kufc=",
"Status": 0
}


01.09.2026 21:55:55	Information:	Ping ret is {"Status":0,"Comment":null}
01.09.2026 21:57:56	Information:	url https://lab-vko.dmed.kz/ /api/DriverManager/PingDevice
01.09.2026 21:57:56	Information:	{
"Hash": "w9LjvpRCyoByGV3Lzv0iX9dSI0tLK0uV+pRojL1kufc=",
"Status": 0
}


01.09.2026 21:57:56	Information:	Ping ret is {"Status":0,"Comment":null}
01.09.2026 21:59:56	Information:	url https://lab-vko.dmed.kz/ /api/DriverManager/PingDevice
01.09.2026 21:59:56	Information:	{
"Hash": "w9LjvpRCyoByGV3Lzv0iX9dSI0tLK0uV+pRojL1kufc=",
"Status": 0
}


01.09.2026 21:59:56	Information:	Ping ret is {"Status":0,"Comment":null}
01.09.2026 22:01:57	Information:	url https://lab-vko.dmed.kz/ /api/DriverManager/PingDevice
01.09.2026 22:01:57	Information:	{
"Hash": "w9LjvpRCyoByGV3Lzv0iX9dSI0tLK0uV+pRojL1kufc=",
"Status": 0
}


01.09.2026 22:01:57	Information:	Ping ret is {"Status":0,"Comment":null}
01.09.2026 22:03:57	Information:	url https://lab-vko.dmed.kz/ /api/DriverManager/PingDevice
01.09.2026 22:03:57	Information:	{
"Hash": "w9LjvpRCyoByGV3Lzv0iX9dSI0tLK0uV+pRojL1kufc=",
"Status": 0
}


01.09.2026 22:03:57	Information:	Ping ret is {"Status":0,"Comment":null}
01.09.2026 22:04:34	Information:	refresh tokens
01.09.2026 22:05:58	Information:	url https://lab-vko.dmed.kz/ /api/DriverManager/PingDevice
01.09.2026 22:05:58	Information:	{
"Hash": "w9LjvpRCyoByGV3Lzv0iX9dSI0tLK0uV+pRojL1kufc=",
"Status": 0
}


01.09.2026 22:05:58	Information:	Ping ret is {"Status":0,"Comment":null}
01.09.2026 22:07:58	Information:	url https://lab-vko.dmed.kz/ /api/DriverManager/PingDevice
01.09.2026 22:07:58	Information:	{
"Hash": "w9LjvpRCyoByGV3Lzv0iX9dSI0tLK0uV+pRojL1kufc=",
"Status": 0
}


01.09.2026 22:07:58	Information:	Ping ret is {"Status":0,"Comment":null}
01.09.2026 22:09:59	Information:	url https://lab-vko.dmed.kz/ /api/DriverManager/PingDevice
01.09.2026 22:09:59	Information:	{
"Hash": "w9LjvpRCyoByGV3Lzv0iX9dSI0tLK0uV+pRojL1kufc=",
"Status": 0
}


01.09.2026 22:09:59	Information:	Ping ret is {"Status":0,"Comment":null}
01.09.2026 22:11:59	Information:	url https://lab-vko.dmed.kz/ /api/DriverManager/PingDevice
01.09.2026 22:11:59	Information:	{
"Hash": "w9LjvpRCyoByGV3Lzv0iX9dSI0tLK0uV+pRojL1kufc=",
"Status": 0
}


01.09.2026 22:11:59	Information:	Ping ret is {"Status":0,"Comment":null}
01.09.2026 22:14:00	Information:	url https://lab-vko.dmed.kz/ /api/DriverManager/PingDevice
01.09.2026 22:14:00	Information:	{
"Hash": "w9LjvpRCyoByGV3Lzv0iX9dSI0tLK0uV+pRojL1kufc=",
"Status": 0
}


01.09.2026 22:14:00	Information:	Ping ret is {"Status":0,"Comment":null}
01.09.2026 22:14:34	Information:	refresh tokens
01.09.2026 22:16:01	Information:	url https://lab-vko.dmed.kz/ /api/DriverManager/PingDevice
01.09.2026 22:16:01	Information:	{
"Hash": "w9LjvpRCyoByGV3Lzv0iX9dSI0tLK0uV+pRojL1kufc=",
"Status": 0
}


01.09.2026 22:16:01	Information:	Ping ret is {"Status":0,"Comment":null}
01.09.2026 22:18:01	Information:	url https://lab-vko.dmed.kz/ /api/DriverManager/PingDevice
01.09.2026 22:18:01	Information:	{
"Hash": "w9LjvpRCyoByGV3Lzv0iX9dSI0tLK0uV+pRojL1kufc=",
"Status": 0
}


01.09.2026 22:18:01	Information:	Ping ret is {"Status":0,"Comment":null}
01.09.2026 22:20:02	Information:	url https://lab-vko.dmed.kz/ /api/DriverManager/PingDevice
01.09.2026 22:20:02	Information:	{
"Hash": "w9LjvpRCyoByGV3Lzv0iX9dSI0tLK0uV+pRojL1kufc=",
"Status": 0
}


01.09.2026 22:20:02	Information:	Ping ret is {"Status":0,"Comment":null}
01.09.2026 22:22:02	Information:	url https://lab-vko.dmed.kz/ /api/DriverManager/PingDevice
01.09.2026 22:22:02	Information:	{
"Hash": "w9LjvpRCyoByGV3Lzv0iX9dSI0tLK0uV+pRojL1kufc=",
"Status": 0
}


01.09.2026 22:22:02	Information:	Ping ret is {"Status":0,"Comment":null}
01.09.2026 22:24:03	Information:	url https://lab-vko.dmed.kz/ /api/DriverManager/PingDevice
01.09.2026 22:24:03	Information:	{
"Hash": "w9LjvpRCyoByGV3Lzv0iX9dSI0tLK0uV+pRojL1kufc=",
"Status": 0
}


01.09.2026 22:24:03	Information:	Ping ret is {"Status":0,"Comment":null}
01.09.2026 22:24:34	Information:	refresh tokens
01.09.2026 22:26:04	Information:	url https://lab-vko.dmed.kz/ /api/DriverManager/PingDevice
01.09.2026 22:26:04	Information:	{
"Hash": "w9LjvpRCyoByGV3Lzv0iX9dSI0tLK0uV+pRojL1kufc=",
"Status": 0
}


01.09.2026 22:26:04	Information:	Ping ret is {"Status":0,"Comment":null}
01.09.2026 22:28:04	Information:	url https://lab-vko.dmed.kz/ /api/DriverManager/PingDevice
01.09.2026 22:28:04	Information:	{
"Hash": "w9LjvpRCyoByGV3Lzv0iX9dSI0tLK0uV+pRojL1kufc=",
"Status": 0
}


01.09.2026 22:28:04	Information:	Ping ret is {"Status":0,"Comment":null}
01.09.2026 22:30:05	Information:	url https://lab-vko.dmed.kz/ /api/DriverManager/PingDevice
01.09.2026 22:30:05	Information:	{
"Hash": "w9LjvpRCyoByGV3Lzv0iX9dSI0tLK0uV+pRojL1kufc=",
"Status": 0
}


01.09.2026 22:30:05	Information:	Ping ret is {"Status":0,"Comment":null}
01.09.2026 22:32:05	Information:	url https://lab-vko.dmed.kz/ /api/DriverManager/PingDevice
01.09.2026 22:32:05	Information:	{
"Hash": "w9LjvpRCyoByGV3Lzv0iX9dSI0tLK0uV+pRojL1kufc=",
"Status": 0
}


01.09.2026 22:32:05	Information:	Ping ret is {"Status":0,"Comment":null}
01.09.2026 22:34:06	Information:	url https://lab-vko.dmed.kz/ /api/DriverManager/PingDevice
01.09.2026 22:34:06	Information:	{
"Hash": "w9LjvpRCyoByGV3Lzv0iX9dSI0tLK0uV+pRojL1kufc=",
"Status": 0
}


01.09.2026 22:34:06	Information:	Ping ret is {"Status":0,"Comment":null}
01.09.2026 22:34:34	Information:	refresh tokens
01.09.2026 22:36:06	Information:	url https://lab-vko.dmed.kz/ /api/DriverManager/PingDevice
01.09.2026 22:36:06	Information:	{
"Hash": "w9LjvpRCyoByGV3Lzv0iX9dSI0tLK0uV+pRojL1kufc=",
"Status": 0
}


01.09.2026 22:36:06	Information:	Ping ret is {"Status":0,"Comment":null}
01.09.2026 22:38:07	Information:	url https://lab-vko.dmed.kz/ /api/DriverManager/PingDevice
01.09.2026 22:38:07	Information:	{
"Hash": "w9LjvpRCyoByGV3Lzv0iX9dSI0tLK0uV+pRojL1kufc=",
"Status": 0
}


01.09.2026 22:38:07	Information:	Ping ret is {"Status":0,"Comment":null}
01.09.2026 22:40:07	Information:	url https://lab-vko.dmed.kz/ /api/DriverManager/PingDevice
01.09.2026 22:40:07	Information:	{
"Hash": "w9LjvpRCyoByGV3Lzv0iX9dSI0tLK0uV+pRojL1kufc=",
"Status": 0
}


01.09.2026 22:40:07	Information:	Ping ret is {"Status":0,"Comment":null}
01.09.2026 22:42:08	Information:	url https://lab-vko.dmed.kz/ /api/DriverManager/PingDevice
01.09.2026 22:42:08	Information:	{
"Hash": "w9LjvpRCyoByGV3Lzv0iX9dSI0tLK0uV+pRojL1kufc=",
"Status": 0
}


01.09.2026 22:42:08	Information:	Ping ret is {"Status":0,"Comment":null}
01.09.2026 22:44:08	Information:	url https://lab-vko.dmed.kz/ /api/DriverManager/PingDevice
01.09.2026 22:44:08	Information:	{
"Hash": "w9LjvpRCyoByGV3Lzv0iX9dSI0tLK0uV+pRojL1kufc=",
"Status": 0
}


01.09.2026 22:44:08	Information:	Ping ret is {"Status":0,"Comment":null}
01.09.2026 22:44:34	Information:	refresh tokens
01.09.2026 22:46:09	Information:	url https://lab-vko.dmed.kz/ /api/DriverManager/PingDevice
01.09.2026 22:46:09	Information:	{
"Hash": "w9LjvpRCyoByGV3Lzv0iX9dSI0tLK0uV+pRojL1kufc=",
"Status": 0
}


01.09.2026 22:46:09	Information:	Ping ret is {"Status":0,"Comment":null}
01.09.2026 22:48:09	Information:	url https://lab-vko.dmed.kz/ /api/DriverManager/PingDevice
01.09.2026 22:48:09	Information:	{
"Hash": "w9LjvpRCyoByGV3Lzv0iX9dSI0tLK0uV+pRojL1kufc=",
"Status": 0
}


01.09.2026 22:48:09	Information:	Ping ret is {"Status":0,"Comment":null}
01.09.2026 22:50:10	Information:	url https://lab-vko.dmed.kz/ /api/DriverManager/PingDevice
01.09.2026 22:50:10	Information:	{
"Hash": "w9LjvpRCyoByGV3Lzv0iX9dSI0tLK0uV+pRojL1kufc=",
"Status": 0
}


01.09.2026 22:50:10	Information:	Ping ret is {"Status":0,"Comment":null}
01.09.2026 22:52:10	Information:	url https://lab-vko.dmed.kz/ /api/DriverManager/PingDevice
01.09.2026 22:52:10	Information:	{
"Hash": "w9LjvpRCyoByGV3Lzv0iX9dSI0tLK0uV+pRojL1kufc=",
"Status": 0
}


01.09.2026 22:52:10	Information:	Ping ret is {"Status":0,"Comment":null}
01.09.2026 22:54:11	Information:	url https://lab-vko.dmed.kz/ /api/DriverManager/PingDevice
01.09.2026 22:54:11	Information:	{
"Hash": "w9LjvpRCyoByGV3Lzv0iX9dSI0tLK0uV+pRojL1kufc=",
"Status": 0
}


01.09.2026 22:54:11	Information:	Ping ret is {"Status":0,"Comment":null}
01.09.2026 22:54:34	Information:	refresh tokens
01.09.2026 22:56:12	Information:	url https://lab-vko.dmed.kz/ /api/DriverManager/PingDevice
01.09.2026 22:56:12	Information:	{
"Hash": "w9LjvpRCyoByGV3Lzv0iX9dSI0tLK0uV+pRojL1kufc=",
"Status": 0
}


01.09.2026 22:56:12	Information:	Ping ret is {"Status":0,"Comment":null}
01.09.2026 22:58:12	Information:	url https://lab-vko.dmed.kz/ /api/DriverManager/PingDevice
01.09.2026 22:58:12	Information:	{
"Hash": "w9LjvpRCyoByGV3Lzv0iX9dSI0tLK0uV+pRojL1kufc=",
"Status": 0
}


01.09.2026 22:58:12	Information:	Ping ret is {"Status":0,"Comment":null}
01.09.2026 23:00:13	Information:	url https://lab-vko.dmed.kz/ /api/DriverManager/PingDevice
01.09.2026 23:00:13	Information:	{
"Hash": "w9LjvpRCyoByGV3Lzv0iX9dSI0tLK0uV+pRojL1kufc=",
"Status": 0
}


01.09.2026 23:00:13	Information:	Ping ret is {"Status":0,"Comment":null}
01.09.2026 23:02:13	Information:	url https://lab-vko.dmed.kz/ /api/DriverManager/PingDevice
01.09.2026 23:02:13	Information:	{
"Hash": "w9LjvpRCyoByGV3Lzv0iX9dSI0tLK0uV+pRojL1kufc=",
"Status": 0
}


01.09.2026 23:02:13	Information:	Ping ret is {"Status":0,"Comment":null}
01.09.2026 23:04:14	Information:	url https://lab-vko.dmed.kz/ /api/DriverManager/PingDevice
01.09.2026 23:04:14	Information:	{
"Hash": "w9LjvpRCyoByGV3Lzv0iX9dSI0tLK0uV+pRojL1kufc=",
"Status": 0
}


01.09.2026 23:04:14	Information:	Ping ret is {"Status":0,"Comment":null}
01.09.2026 23:04:34	Information:	refresh tokens
01.09.2026 23:06:14	Information:	url https://lab-vko.dmed.kz/ /api/DriverManager/PingDevice
01.09.2026 23:06:14	Information:	{
"Hash": "w9LjvpRCyoByGV3Lzv0iX9dSI0tLK0uV+pRojL1kufc=",
"Status": 0
}


01.09.2026 23:06:14	Information:	Ping ret is {"Status":0,"Comment":null}
01.09.2026 23:08:15	Information:	url https://lab-vko.dmed.kz/ /api/DriverManager/PingDevice
01.09.2026 23:08:15	Information:	{
"Hash": "w9LjvpRCyoByGV3Lzv0iX9dSI0tLK0uV+pRojL1kufc=",
"Status": 0
}


01.09.2026 23:08:15	Information:	Ping ret is {"Status":0,"Comment":null}
01.09.2026 23:10:15	Information:	url https://lab-vko.dmed.kz/ /api/DriverManager/PingDevice
01.09.2026 23:10:15	Information:	{
"Hash": "w9LjvpRCyoByGV3Lzv0iX9dSI0tLK0uV+pRojL1kufc=",
"Status": 0
}


01.09.2026 23:10:15	Information:	Ping ret is {"Status":0,"Comment":null}
01.09.2026 23:12:16	Information:	url https://lab-vko.dmed.kz/ /api/DriverManager/PingDevice
01.09.2026 23:12:16	Information:	{
"Hash": "w9LjvpRCyoByGV3Lzv0iX9dSI0tLK0uV+pRojL1kufc=",
"Status": 0
}


01.09.2026 23:12:16	Information:	Ping ret is {"Status":0,"Comment":null}
01.09.2026 23:14:16	Information:	url https://lab-vko.dmed.kz/ /api/DriverManager/PingDevice
01.09.2026 23:14:16	Information:	{
"Hash": "w9LjvpRCyoByGV3Lzv0iX9dSI0tLK0uV+pRojL1kufc=",
"Status": 0
}


01.09.2026 23:14:16	Information:	Ping ret is {"Status":0,"Comment":null}
01.09.2026 23:14:34	Information:	refresh tokens
01.09.2026 23:16:17	Information:	url https://lab-vko.dmed.kz/ /api/DriverManager/PingDevice
01.09.2026 23:16:17	Information:	{
"Hash": "w9LjvpRCyoByGV3Lzv0iX9dSI0tLK0uV+pRojL1kufc=",
"Status": 0
}


01.09.2026 23:16:17	Information:	Ping ret is {"Status":0,"Comment":null}
01.09.2026 23:18:17	Information:	url https://lab-vko.dmed.kz/ /api/DriverManager/PingDevice
01.09.2026 23:18:17	Information:	{
"Hash": "w9LjvpRCyoByGV3Lzv0iX9dSI0tLK0uV+pRojL1kufc=",
"Status": 0
}


01.09.2026 23:18:17	Information:	Ping ret is {"Status":0,"Comment":null}
01.09.2026 23:20:18	Information:	url https://lab-vko.dmed.kz/ /api/DriverManager/PingDevice
01.09.2026 23:20:18	Information:	{
"Hash": "w9LjvpRCyoByGV3Lzv0iX9dSI0tLK0uV+pRojL1kufc=",
"Status": 0
}


01.09.2026 23:20:18	Information:	Ping ret is {"Status":0,"Comment":null}
01.09.2026 23:22:18	Information:	url https://lab-vko.dmed.kz/ /api/DriverManager/PingDevice
01.09.2026 23:22:18	Information:	{
"Hash": "w9LjvpRCyoByGV3Lzv0iX9dSI0tLK0uV+pRojL1kufc=",
"Status": 0
}


01.09.2026 23:22:18	Information:	Ping ret is {"Status":0,"Comment":null}
01.09.2026 23:24:19	Information:	url https://lab-vko.dmed.kz/ /api/DriverManager/PingDevice
01.09.2026 23:24:19	Information:	{
"Hash": "w9LjvpRCyoByGV3Lzv0iX9dSI0tLK0uV+pRojL1kufc=",
"Status": 0
}


01.09.2026 23:24:19	Information:	Ping ret is {"Status":0,"Comment":null}
01.09.2026 23:24:34	Information:	refresh tokens
01.09.2026 23:26:19	Information:	url https://lab-vko.dmed.kz/ /api/DriverManager/PingDevice
01.09.2026 23:26:19	Information:	{
"Hash": "w9LjvpRCyoByGV3Lzv0iX9dSI0tLK0uV+pRojL1kufc=",
"Status": 0
}


01.09.2026 23:26:19	Information:	Ping ret is {"Status":0,"Comment":null}
01.09.2026 23:28:20	Information:	url https://lab-vko.dmed.kz/ /api/DriverManager/PingDevice
01.09.2026 23:28:20	Information:	{
"Hash": "w9LjvpRCyoByGV3Lzv0iX9dSI0tLK0uV+pRojL1kufc=",
"Status": 0
}


01.09.2026 23:28:20	Information:	Ping ret is {"Status":0,"Comment":null}
01.09.2026 23:30:20	Information:	url https://lab-vko.dmed.kz/ /api/DriverManager/PingDevice
01.09.2026 23:30:20	Information:	{
"Hash": "w9LjvpRCyoByGV3Lzv0iX9dSI0tLK0uV+pRojL1kufc=",
"Status": 0
}


01.09.2026 23:30:20	Information:	Ping ret is {"Status":0,"Comment":null}
01.09.2026 23:32:21	Information:	url https://lab-vko.dmed.kz/ /api/DriverManager/PingDevice
01.09.2026 23:32:21	Information:	{
"Hash": "w9LjvpRCyoByGV3Lzv0iX9dSI0tLK0uV+pRojL1kufc=",
"Status": 0
}


01.09.2026 23:32:21	Information:	Ping ret is {"Status":0,"Comment":null}
01.09.2026 23:34:21	Information:	url https://lab-vko.dmed.kz/ /api/DriverManager/PingDevice
01.09.2026 23:34:21	Information:	{
"Hash": "w9LjvpRCyoByGV3Lzv0iX9dSI0tLK0uV+pRojL1kufc=",
"Status": 0
}


01.09.2026 23:34:21	Information:	Ping ret is {"Status":0,"Comment":null}
01.09.2026 23:34:34	Information:	refresh tokens
01.09.2026 23:36:22	Information:	url https://lab-vko.dmed.kz/ /api/DriverManager/PingDevice
01.09.2026 23:36:22	Information:	{
"Hash": "w9LjvpRCyoByGV3Lzv0iX9dSI0tLK0uV+pRojL1kufc=",
"Status": 0
}


01.09.2026 23:36:22	Information:	Ping ret is {"Status":0,"Comment":null}
01.09.2026 23:38:22	Information:	url https://lab-vko.dmed.kz/ /api/DriverManager/PingDevice
01.09.2026 23:38:22	Information:	{
"Hash": "w9LjvpRCyoByGV3Lzv0iX9dSI0tLK0uV+pRojL1kufc=",
"Status": 0
}


01.09.2026 23:38:22	Information:	Ping ret is {"Status":0,"Comment":null}
01.09.2026 23:40:23	Information:	url https://lab-vko.dmed.kz/ /api/DriverManager/PingDevice
01.09.2026 23:40:23	Information:	{
"Hash": "w9LjvpRCyoByGV3Lzv0iX9dSI0tLK0uV+pRojL1kufc=",
"Status": 0
}


01.09.2026 23:40:23	Information:	Ping ret is {"Status":0,"Comment":null}
01.09.2026 23:42:23	Information:	url https://lab-vko.dmed.kz/ /api/DriverManager/PingDevice
01.09.2026 23:42:23	Information:	{
"Hash": "w9LjvpRCyoByGV3Lzv0iX9dSI0tLK0uV+pRojL1kufc=",
"Status": 0
}


01.09.2026 23:42:23	Information:	Ping ret is {"Status":0,"Comment":null}
01.09.2026 23:44:24	Information:	url https://lab-vko.dmed.kz/ /api/DriverManager/PingDevice
01.09.2026 23:44:24	Information:	{
"Hash": "w9LjvpRCyoByGV3Lzv0iX9dSI0tLK0uV+pRojL1kufc=",
"Status": 0
}


01.09.2026 23:44:24	Information:	Ping ret is {"Status":0,"Comment":null}
01.09.2026 23:44:34	Information:	refresh tokens
01.09.2026 23:46:25	Information:	url https://lab-vko.dmed.kz/ /api/DriverManager/PingDevice
01.09.2026 23:46:25	Information:	{
"Hash": "w9LjvpRCyoByGV3Lzv0iX9dSI0tLK0uV+pRojL1kufc=",
"Status": 0
}


01.09.2026 23:46:25	Information:	Ping ret is {"Status":0,"Comment":null}
01.09.2026 23:48:25	Information:	url https://lab-vko.dmed.kz/ /api/DriverManager/PingDevice
01.09.2026 23:48:25	Information:	{
"Hash": "w9LjvpRCyoByGV3Lzv0iX9dSI0tLK0uV+pRojL1kufc=",
"Status": 0
}


01.09.2026 23:48:25	Information:	Ping ret is {"Status":0,"Comment":null}
01.09.2026 23:50:25	Information:	url https://lab-vko.dmed.kz/ /api/DriverManager/PingDevice
01.09.2026 23:50:25	Information:	{
"Hash": "w9LjvpRCyoByGV3Lzv0iX9dSI0tLK0uV+pRojL1kufc=",
"Status": 0
}


01.09.2026 23:50:25	Information:	Ping ret is {"Status":0,"Comment":null}
01.09.2026 23:52:26	Information:	url https://lab-vko.dmed.kz/ /api/DriverManager/PingDevice
01.09.2026 23:52:26	Information:	{
"Hash": "w9LjvpRCyoByGV3Lzv0iX9dSI0tLK0uV+pRojL1kufc=",
"Status": 0
}


01.09.2026 23:52:26	Information:	Ping ret is {"Status":0,"Comment":null}
01.09.2026 23:54:26	Information:	url https://lab-vko.dmed.kz/ /api/DriverManager/PingDevice
01.09.2026 23:54:26	Information:	{
"Hash": "w9LjvpRCyoByGV3Lzv0iX9dSI0tLK0uV+pRojL1kufc=",
"Status": 0
}


01.09.2026 23:54:26	Information:	Ping ret is {"Status":0,"Comment":null}
01.09.2026 23:54:34	Information:	refresh tokens
01.09.2026 23:56:27	Information:	url https://lab-vko.dmed.kz/ /api/DriverManager/PingDevice
01.09.2026 23:56:27	Information:	{
"Hash": "w9LjvpRCyoByGV3Lzv0iX9dSI0tLK0uV+pRojL1kufc=",
"Status": 0
}


01.09.2026 23:56:27	Information:	Ping ret is {"Status":0,"Comment":null}
01.09.2026 23:58:28	Information:	url https://lab-vko.dmed.kz/ /api/DriverManager/PingDevice
01.09.2026 23:58:28	Information:	{
"Hash": "w9LjvpRCyoByGV3Lzv0iX9dSI0tLK0uV+pRojL1kufc=",
"Status": 0
}


01.09.2026 23:58:28	Information:	Ping ret is {"Status":0,"Comment":null}
02.09.2026 0:00:28	Information:	url https://lab-vko.dmed.kz/ /api/DriverManager/PingDevice
02.09.2026 0:00:28	Information:	{
"Hash": "w9LjvpRCyoByGV3Lzv0iX9dSI0tLK0uV+pRojL1kufc=",
"Status": 0
}


02.09.2026 0:00:28	Information:	Ping ret is {"Status":0,"Comment":null}
02.09.2026 0:02:29	Information:	url https://lab-vko.dmed.kz/ /api/DriverManager/PingDevice
02.09.2026 0:02:29	Information:	{
"Hash": "w9LjvpRCyoByGV3Lzv0iX9dSI0tLK0uV+pRojL1kufc=",
"Status": 0
}


02.09.2026 0:02:29	Information:	Ping ret is {"Status":0,"Comment":null}
02.09.2026 0:04:29	Information:	url https://lab-vko.dmed.kz/ /api/DriverManager/PingDevice
02.09.2026 0:04:29	Information:	{
"Hash": "w9LjvpRCyoByGV3Lzv0iX9dSI0tLK0uV+pRojL1kufc=",
"Status": 0
}


02.09.2026 0:04:29	Information:	Ping ret is {"Status":0,"Comment":null}
02.09.2026 0:04:34	Information:	refresh tokens
02.09.2026 0:06:30	Information:	url https://lab-vko.dmed.kz/ /api/DriverManager/PingDevice
02.09.2026 0:06:30	Information:	{
"Hash": "w9LjvpRCyoByGV3Lzv0iX9dSI0tLK0uV+pRojL1kufc=",
"Status": 0
}


02.09.2026 0:06:30	Information:	Ping ret is {"Status":0,"Comment":null}
02.09.2026 0:08:31	Information:	url https://lab-vko.dmed.kz/ /api/DriverManager/PingDevice
02.09.2026 0:08:31	Information:	{
"Hash": "w9LjvpRCyoByGV3Lzv0iX9dSI0tLK0uV+pRojL1kufc=",
"Status": 0
}


02.09.2026 0:08:31	Information:	Ping ret is {"Status":0,"Comment":null}
02.09.2026 0:10:31	Information:	url https://lab-vko.dmed.kz/ /api/DriverManager/PingDevice
02.09.2026 0:10:31	Information:	{
"Hash": "w9LjvpRCyoByGV3Lzv0iX9dSI0tLK0uV+pRojL1kufc=",
"Status": 0
}


02.09.2026 0:10:31	Information:	Ping ret is {"Status":0,"Comment":null}
02.09.2026 0:12:32	Information:	url https://lab-vko.dmed.kz/ /api/DriverManager/PingDevice
02.09.2026 0:12:32	Information:	{
"Hash": "w9LjvpRCyoByGV3Lzv0iX9dSI0tLK0uV+pRojL1kufc=",
"Status": 0
}


02.09.2026 0:12:32	Information:	Ping ret is {"Status":0,"Comment":null}
02.09.2026 0:14:33	Information:	url https://lab-vko.dmed.kz/ /api/DriverManager/PingDevice
02.09.2026 0:14:33	Information:	{
"Hash": "w9LjvpRCyoByGV3Lzv0iX9dSI0tLK0uV+pRojL1kufc=",
"Status": 0
}


02.09.2026 0:14:33	Information:	Ping ret is {"Status":0,"Comment":null}
02.09.2026 0:14:35	Information:	refresh tokens
02.09.2026 0:16:34	Information:	url https://lab-vko.dmed.kz/ /api/DriverManager/PingDevice
02.09.2026 0:16:34	Information:	{
"Hash": "w9LjvpRCyoByGV3Lzv0iX9dSI0tLK0uV+pRojL1kufc=",
"Status": 0
}


02.09.2026 0:16:34	Information:	Ping ret is {"Status":0,"Comment":null}
02.09.2026 0:18:34	Information:	url https://lab-vko.dmed.kz/ /api/DriverManager/PingDevice
02.09.2026 0:18:34	Information:	{
"Hash": "w9LjvpRCyoByGV3Lzv0iX9dSI0tLK0uV+pRojL1kufc=",
"Status": 0
}


02.09.2026 0:18:34	Information:	Ping ret is {"Status":0,"Comment":null}
02.09.2026 0:20:35	Information:	url https://lab-vko.dmed.kz/ /api/DriverManager/PingDevice
02.09.2026 0:20:35	Information:	{
"Hash": "w9LjvpRCyoByGV3Lzv0iX9dSI0tLK0uV+pRojL1kufc=",
"Status": 0
}


02.09.2026 0:20:35	Information:	Ping ret is {"Status":0,"Comment":null}
02.09.2026 0:22:36	Information:	url https://lab-vko.dmed.kz/ /api/DriverManager/PingDevice
02.09.2026 0:22:36	Information:	{
"Hash": "w9LjvpRCyoByGV3Lzv0iX9dSI0tLK0uV+pRojL1kufc=",
"Status": 0
}


02.09.2026 0:22:36	Information:	Ping ret is {"Status":0,"Comment":null}
02.09.2026 0:24:35	Information:	refresh tokens
02.09.2026 0:24:36	Information:	url https://lab-vko.dmed.kz/ /api/DriverManager/PingDevice
02.09.2026 0:24:36	Information:	{
"Hash": "w9LjvpRCyoByGV3Lzv0iX9dSI0tLK0uV+pRojL1kufc=",
"Status": 0
}


02.09.2026 0:24:36	Information:	Ping ret is {"Status":0,"Comment":null}
02.09.2026 0:26:37	Information:	url https://lab-vko.dmed.kz/ /api/DriverManager/PingDevice
02.09.2026 0:26:37	Information:	{
"Hash": "w9LjvpRCyoByGV3Lzv0iX9dSI0tLK0uV+pRojL1kufc=",
"Status": 0
}


02.09.2026 0:26:37	Information:	Ping ret is {"Status":0,"Comment":null}
02.09.2026 0:28:38	Information:	url https://lab-vko.dmed.kz/ /api/DriverManager/PingDevice
02.09.2026 0:28:38	Information:	{
"Hash": "w9LjvpRCyoByGV3Lzv0iX9dSI0tLK0uV+pRojL1kufc=",
"Status": 0
}


02.09.2026 0:28:38	Information:	Ping ret is {"Status":0,"Comment":null}
02.09.2026 0:30:38	Information:	url https://lab-vko.dmed.kz/ /api/DriverManager/PingDevice
02.09.2026 0:30:38	Information:	{
"Hash": "w9LjvpRCyoByGV3Lzv0iX9dSI0tLK0uV+pRojL1kufc=",
"Status": 0
}


02.09.2026 0:30:38	Information:	Ping ret is {"Status":0,"Comment":null}
02.09.2026 0:32:38	Information:	url https://lab-vko.dmed.kz/ /api/DriverManager/PingDevice
02.09.2026 0:32:38	Information:	{
"Hash": "w9LjvpRCyoByGV3Lzv0iX9dSI0tLK0uV+pRojL1kufc=",
"Status": 0
}


02.09.2026 0:32:38	Information:	Ping ret is {"Status":0,"Comment":null}
02.09.2026 0:34:35	Information:	refresh tokens
02.09.2026 0:34:39	Information:	url https://lab-vko.dmed.kz/ /api/DriverManager/PingDevice
02.09.2026 0:34:39	Information:	{
"Hash": "w9LjvpRCyoByGV3Lzv0iX9dSI0tLK0uV+pRojL1kufc=",
"Status": 0
}


02.09.2026 0:34:39	Information:	Ping ret is {"Status":0,"Comment":null}
02.09.2026 0:36:39	Information:	url https://lab-vko.dmed.kz/ /api/DriverManager/PingDevice
02.09.2026 0:36:39	Information:	{
"Hash": "w9LjvpRCyoByGV3Lzv0iX9dSI0tLK0uV+pRojL1kufc=",
"Status": 0
}


02.09.2026 0:36:40	Information:	Ping ret is {"Status":0,"Comment":null}
02.09.2026 0:38:40	Information:	url https://lab-vko.dmed.kz/ /api/DriverManager/PingDevice
02.09.2026 0:38:40	Information:	{
"Hash": "w9LjvpRCyoByGV3Lzv0iX9dSI0tLK0uV+pRojL1kufc=",
"Status": 0
}


02.09.2026 0:38:40	Information:	Ping ret is {"Status":0,"Comment":null}
02.09.2026 0:40:40	Information:	url https://lab-vko.dmed.kz/ /api/DriverManager/PingDevice
02.09.2026 0:40:40	Information:	{
"Hash": "w9LjvpRCyoByGV3Lzv0iX9dSI0tLK0uV+pRojL1kufc=",
"Status": 0
}


02.09.2026 0:40:40	Information:	Ping ret is {"Status":0,"Comment":null}
02.09.2026 0:42:41	Information:	url https://lab-vko.dmed.kz/ /api/DriverManager/PingDevice
02.09.2026 0:42:41	Information:	{
"Hash": "w9LjvpRCyoByGV3Lzv0iX9dSI0tLK0uV+pRojL1kufc=",
"Status": 0
}


02.09.2026 0:42:41	Information:	Ping ret is {"Status":0,"Comment":null}
02.09.2026 0:44:35	Information:	refresh tokens
02.09.2026 0:44:41	Information:	url https://lab-vko.dmed.kz/ /api/DriverManager/PingDevice
02.09.2026 0:44:41	Information:	{
"Hash": "w9LjvpRCyoByGV3Lzv0iX9dSI0tLK0uV+pRojL1kufc=",
"Status": 0
}


02.09.2026 0:44:41	Information:	Ping ret is {"Status":0,"Comment":null}
02.09.2026 0:46:42	Information:	url https://lab-vko.dmed.kz/ /api/DriverManager/PingDevice
02.09.2026 0:46:42	Information:	{
"Hash": "w9LjvpRCyoByGV3Lzv0iX9dSI0tLK0uV+pRojL1kufc=",
"Status": 0
}


02.09.2026 0:46:42	Information:	Ping ret is {"Status":0,"Comment":null}
02.09.2026 0:48:43	Information:	url https://lab-vko.dmed.kz/ /api/DriverManager/PingDevice
02.09.2026 0:48:43	Information:	{
"Hash": "w9LjvpRCyoByGV3Lzv0iX9dSI0tLK0uV+pRojL1kufc=",
"Status": 0
}


02.09.2026 0:48:43	Information:	Ping ret is {"Status":0,"Comment":null}
02.09.2026 0:50:43	Information:	url https://lab-vko.dmed.kz/ /api/DriverManager/PingDevice
02.09.2026 0:50:43	Information:	{
"Hash": "w9LjvpRCyoByGV3Lzv0iX9dSI0tLK0uV+pRojL1kufc=",
"Status": 0
}


02.09.2026 0:50:43	Information:	Ping ret is {"Status":0,"Comment":null}
02.09.2026 0:52:44	Information:	url https://lab-vko.dmed.kz/ /api/DriverManager/PingDevice
02.09.2026 0:52:44	Information:	{
"Hash": "w9LjvpRCyoByGV3Lzv0iX9dSI0tLK0uV+pRojL1kufc=",
"Status": 0
}


02.09.2026 0:52:44	Information:	Ping ret is {"Status":0,"Comment":null}
02.09.2026 0:54:35	Information:	refresh tokens
02.09.2026 0:54:44	Information:	url https://lab-vko.dmed.kz/ /api/DriverManager/PingDevice
02.09.2026 0:54:44	Information:	{
"Hash": "w9LjvpRCyoByGV3Lzv0iX9dSI0tLK0uV+pRojL1kufc=",
"Status": 0
}


02.09.2026 0:54:44	Information:	Ping ret is {"Status":0,"Comment":null}
02.09.2026 0:56:45	Information:	url https://lab-vko.dmed.kz/ /api/DriverManager/PingDevice
02.09.2026 0:56:45	Information:	{
"Hash": "w9LjvpRCyoByGV3Lzv0iX9dSI0tLK0uV+pRojL1kufc=",
"Status": 0
}


02.09.2026 0:56:45	Information:	Ping ret is {"Status":0,"Comment":null}
02.09.2026 0:58:45	Information:	url https://lab-vko.dmed.kz/ /api/DriverManager/PingDevice
02.09.2026 0:58:45	Information:	{
"Hash": "w9LjvpRCyoByGV3Lzv0iX9dSI0tLK0uV+pRojL1kufc=",
"Status": 0
}


02.09.2026 0:58:45	Information:	Ping ret is {"Status":0,"Comment":null}
02.09.2026 1:00:46	Information:	url https://lab-vko.dmed.kz/ /api/DriverManager/PingDevice
02.09.2026 1:00:46	Information:	{
"Hash": "w9LjvpRCyoByGV3Lzv0iX9dSI0tLK0uV+pRojL1kufc=",
"Status": 0
}


02.09.2026 1:00:46	Information:	Ping ret is {"Status":0,"Comment":null}
02.09.2026 1:02:46	Information:	url https://lab-vko.dmed.kz/ /api/DriverManager/PingDevice
02.09.2026 1:02:46	Information:	{
"Hash": "w9LjvpRCyoByGV3Lzv0iX9dSI0tLK0uV+pRojL1kufc=",
"Status": 0
}


02.09.2026 1:02:46	Information:	Ping ret is {"Status":0,"Comment":null}
02.09.2026 1:04:35	Information:	refresh tokens
02.09.2026 1:04:47	Information:	url https://lab-vko.dmed.kz/ /api/DriverManager/PingDevice
02.09.2026 1:04:47	Information:	{
"Hash": "w9LjvpRCyoByGV3Lzv0iX9dSI0tLK0uV+pRojL1kufc=",
"Status": 0
}


02.09.2026 1:04:47	Information:	Ping ret is {"Status":0,"Comment":null}
02.09.2026 1:06:47	Information:	url https://lab-vko.dmed.kz/ /api/DriverManager/PingDevice
02.09.2026 1:06:47	Information:	{
"Hash": "w9LjvpRCyoByGV3Lzv0iX9dSI0tLK0uV+pRojL1kufc=",
"Status": 0
}


02.09.2026 1:06:47	Information:	Ping ret is {"Status":0,"Comment":null}
02.09.2026 1:08:48	Information:	url https://lab-vko.dmed.kz/ /api/DriverManager/PingDevice
02.09.2026 1:08:48	Information:	{
"Hash": "w9LjvpRCyoByGV3Lzv0iX9dSI0tLK0uV+pRojL1kufc=",
"Status": 0
}


02.09.2026 1:08:48	Information:	Ping ret is {"Status":0,"Comment":null}
02.09.2026 1:10:48	Information:	url https://lab-vko.dmed.kz/ /api/DriverManager/PingDevice
02.09.2026 1:10:48	Information:	{
"Hash": "w9LjvpRCyoByGV3Lzv0iX9dSI0tLK0uV+pRojL1kufc=",
"Status": 0
}


02.09.2026 1:10:48	Information:	Ping ret is {"Status":0,"Comment":null}
02.09.2026 1:12:49	Information:	url https://lab-vko.dmed.kz/ /api/DriverManager/PingDevice
02.09.2026 1:12:49	Information:	{
"Hash": "w9LjvpRCyoByGV3Lzv0iX9dSI0tLK0uV+pRojL1kufc=",
"Status": 0
}


02.09.2026 1:12:49	Information:	Ping ret is {"Status":0,"Comment":null}
02.09.2026 1:14:35	Information:	refresh tokens
02.09.2026 1:14:50	Information:	url https://lab-vko.dmed.kz/ /api/DriverManager/PingDevice
02.09.2026 1:14:50	Information:	{
"Hash": "w9LjvpRCyoByGV3Lzv0iX9dSI0tLK0uV+pRojL1kufc=",
"Status": 0
}


02.09.2026 1:14:50	Information:	Ping ret is {"Status":0,"Comment":null}
02.09.2026 1:16:50	Information:	url https://lab-vko.dmed.kz/ /api/DriverManager/PingDevice
02.09.2026 1:16:50	Information:	{
"Hash": "w9LjvpRCyoByGV3Lzv0iX9dSI0tLK0uV+pRojL1kufc=",
"Status": 0
}


02.09.2026 1:16:50	Information:	Ping ret is {"Status":0,"Comment":null}
02.09.2026 1:18:51	Information:	url https://lab-vko.dmed.kz/ /api/DriverManager/PingDevice
02.09.2026 1:18:51	Information:	{
"Hash": "w9LjvpRCyoByGV3Lzv0iX9dSI0tLK0uV+pRojL1kufc=",
"Status": 0
}


02.09.2026 1:18:51	Information:	Ping ret is {"Status":0,"Comment":null}
02.09.2026 1:20:51	Information:	url https://lab-vko.dmed.kz/ /api/DriverManager/PingDevice
02.09.2026 1:20:51	Information:	{
"Hash": "w9LjvpRCyoByGV3Lzv0iX9dSI0tLK0uV+pRojL1kufc=",
"Status": 0
}


02.09.2026 1:20:51	Information:	Ping ret is {"Status":0,"Comment":null}
02.09.2026 1:22:52	Information:	url https://lab-vko.dmed.kz/ /api/DriverManager/PingDevice
02.09.2026 1:22:52	Information:	{
"Hash": "w9LjvpRCyoByGV3Lzv0iX9dSI0tLK0uV+pRojL1kufc=",
"Status": 0
}


02.09.2026 1:22:52	Information:	Ping ret is {"Status":0,"Comment":null}
02.09.2026 1:24:35	Information:	refresh tokens
02.09.2026 1:24:52	Information:	url https://lab-vko.dmed.kz/ /api/DriverManager/PingDevice
02.09.2026 1:24:52	Information:	{
"Hash": "w9LjvpRCyoByGV3Lzv0iX9dSI0tLK0uV+pRojL1kufc=",
"Status": 0
}


02.09.2026 1:24:52	Information:	Ping ret is {"Status":0,"Comment":null}
02.09.2026 1:26:53	Information:	url https://lab-vko.dmed.kz/ /api/DriverManager/PingDevice
02.09.2026 1:26:53	Information:	{
"Hash": "w9LjvpRCyoByGV3Lzv0iX9dSI0tLK0uV+pRojL1kufc=",
"Status": 0
}


02.09.2026 1:26:53	Information:	Ping ret is {"Status":0,"Comment":null}
02.09.2026 1:28:53	Information:	url https://lab-vko.dmed.kz/ /api/DriverManager/PingDevice
02.09.2026 1:28:53	Information:	{
"Hash": "w9LjvpRCyoByGV3Lzv0iX9dSI0tLK0uV+pRojL1kufc=",
"Status": 0
}


02.09.2026 1:28:53	Information:	Ping ret is {"Status":0,"Comment":null}
02.09.2026 1:30:54	Information:	url https://lab-vko.dmed.kz/ /api/DriverManager/PingDevice
02.09.2026 1:30:54	Information:	{
"Hash": "w9LjvpRCyoByGV3Lzv0iX9dSI0tLK0uV+pRojL1kufc=",
"Status": 0
}


02.09.2026 1:30:54	Information:	Ping ret is {"Status":0,"Comment":null}
02.09.2026 1:32:54	Information:	url https://lab-vko.dmed.kz/ /api/DriverManager/PingDevice
02.09.2026 1:32:54	Information:	{
"Hash": "w9LjvpRCyoByGV3Lzv0iX9dSI0tLK0uV+pRojL1kufc=",
"Status": 0
}


02.09.2026 1:32:54	Information:	Ping ret is {"Status":0,"Comment":null}
02.09.2026 1:34:35	Information:	refresh tokens
02.09.2026 1:34:55	Information:	url https://lab-vko.dmed.kz/ /api/DriverManager/PingDevice
02.09.2026 1:34:55	Information:	{
"Hash": "w9LjvpRCyoByGV3Lzv0iX9dSI0tLK0uV+pRojL1kufc=",
"Status": 0
}


02.09.2026 1:34:55	Information:	Ping ret is {"Status":0,"Comment":null}
02.09.2026 1:36:55	Information:	url https://lab-vko.dmed.kz/ /api/DriverManager/PingDevice
02.09.2026 1:36:55	Information:	{
"Hash": "w9LjvpRCyoByGV3Lzv0iX9dSI0tLK0uV+pRojL1kufc=",
"Status": 0
}


02.09.2026 1:36:55	Information:	Ping ret is {"Status":0,"Comment":null}
02.09.2026 1:38:56	Information:	url https://lab-vko.dmed.kz/ /api/DriverManager/PingDevice
02.09.2026 1:38:56	Information:	{
"Hash": "w9LjvpRCyoByGV3Lzv0iX9dSI0tLK0uV+pRojL1kufc=",
"Status": 0
}


02.09.2026 1:38:56	Information:	Ping ret is {"Status":0,"Comment":null}
02.09.2026 1:40:56	Information:	url https://lab-vko.dmed.kz/ /api/DriverManager/PingDevice
02.09.2026 1:40:56	Information:	{
"Hash": "w9LjvpRCyoByGV3Lzv0iX9dSI0tLK0uV+pRojL1kufc=",
"Status": 0
}


02.09.2026 1:40:56	Information:	Ping ret is {"Status":0,"Comment":null}
02.09.2026 1:42:57	Information:	url https://lab-vko.dmed.kz/ /api/DriverManager/PingDevice
02.09.2026 1:42:57	Information:	{
"Hash": "w9LjvpRCyoByGV3Lzv0iX9dSI0tLK0uV+pRojL1kufc=",
"Status": 0
}


02.09.2026 1:42:57	Information:	Ping ret is {"Status":0,"Comment":null}
02.09.2026 1:44:35	Information:	refresh tokens
02.09.2026 1:44:57	Information:	url https://lab-vko.dmed.kz/ /api/DriverManager/PingDevice
02.09.2026 1:44:57	Information:	{
"Hash": "w9LjvpRCyoByGV3Lzv0iX9dSI0tLK0uV+pRojL1kufc=",
"Status": 0
}


02.09.2026 1:44:57	Information:	Ping ret is {"Status":0,"Comment":null}
02.09.2026 1:46:58	Information:	url https://lab-vko.dmed.kz/ /api/DriverManager/PingDevice
02.09.2026 1:46:58	Information:	{
"Hash": "w9LjvpRCyoByGV3Lzv0iX9dSI0tLK0uV+pRojL1kufc=",
"Status": 0
}


02.09.2026 1:46:58	Information:	Ping ret is {"Status":0,"Comment":null}
02.09.2026 1:48:58	Information:	url https://lab-vko.dmed.kz/ /api/DriverManager/PingDevice
02.09.2026 1:48:58	Information:	{
"Hash": "w9LjvpRCyoByGV3Lzv0iX9dSI0tLK0uV+pRojL1kufc=",
"Status": 0
}


02.09.2026 1:48:58	Information:	Ping ret is {"Status":0,"Comment":null}
02.09.2026 1:50:59	Information:	url https://lab-vko.dmed.kz/ /api/DriverManager/PingDevice
02.09.2026 1:50:59	Information:	{
"Hash": "w9LjvpRCyoByGV3Lzv0iX9dSI0tLK0uV+pRojL1kufc=",
"Status": 0
}


02.09.2026 1:50:59	Information:	Ping ret is {"Status":0,"Comment":null}
02.09.2026 1:52:59	Information:	url https://lab-vko.dmed.kz/ /api/DriverManager/PingDevice
02.09.2026 1:52:59	Information:	{
"Hash": "w9LjvpRCyoByGV3Lzv0iX9dSI0tLK0uV+pRojL1kufc=",
"Status": 0
}


02.09.2026 1:52:59	Information:	Ping ret is {"Status":0,"Comment":null}
02.09.2026 1:54:35	Information:	refresh tokens
02.09.2026 1:55:00	Information:	url https://lab-vko.dmed.kz/ /api/DriverManager/PingDevice
02.09.2026 1:55:00	Information:	{
"Hash": "w9LjvpRCyoByGV3Lzv0iX9dSI0tLK0uV+pRojL1kufc=",
"Status": 0
}


02.09.2026 1:55:00	Information:	Ping ret is {"Status":0,"Comment":null}
02.09.2026 1:57:00	Information:	url https://lab-vko.dmed.kz/ /api/DriverManager/PingDevice
02.09.2026 1:57:00	Information:	{
"Hash": "w9LjvpRCyoByGV3Lzv0iX9dSI0tLK0uV+pRojL1kufc=",
"Status": 0
}


02.09.2026 1:57:00	Information:	Ping ret is {"Status":0,"Comment":null}
02.09.2026 1:59:01	Information:	url https://lab-vko.dmed.kz/ /api/DriverManager/PingDevice
02.09.2026 1:59:01	Information:	{
"Hash": "w9LjvpRCyoByGV3Lzv0iX9dSI0tLK0uV+pRojL1kufc=",
"Status": 0
}


02.09.2026 1:59:01	Information:	Ping ret is {"Status":0,"Comment":null}
02.09.2026 2:01:02	Information:	url https://lab-vko.dmed.kz/ /api/DriverManager/PingDevice
02.09.2026 2:01:02	Information:	{
"Hash": "w9LjvpRCyoByGV3Lzv0iX9dSI0tLK0uV+pRojL1kufc=",
"Status": 0
}


02.09.2026 2:01:02	Information:	Ping ret is {"Status":0,"Comment":null}
02.09.2026 2:03:02	Information:	url https://lab-vko.dmed.kz/ /api/DriverManager/PingDevice
02.09.2026 2:03:02	Information:	{
"Hash": "w9LjvpRCyoByGV3Lzv0iX9dSI0tLK0uV+pRojL1kufc=",
"Status": 0
}


02.09.2026 2:03:02	Information:	Ping ret is {"Status":0,"Comment":null}
02.09.2026 2:04:35	Information:	refresh tokens
02.09.2026 2:05:03	Information:	url https://lab-vko.dmed.kz/ /api/DriverManager/PingDevice
02.09.2026 2:05:03	Information:	{
"Hash": "w9LjvpRCyoByGV3Lzv0iX9dSI0tLK0uV+pRojL1kufc=",
"Status": 0
}


02.09.2026 2:05:03	Information:	Ping ret is {"Status":0,"Comment":null}
02.09.2026 2:07:03	Information:	url https://lab-vko.dmed.kz/ /api/DriverManager/PingDevice
02.09.2026 2:07:03	Information:	{
"Hash": "w9LjvpRCyoByGV3Lzv0iX9dSI0tLK0uV+pRojL1kufc=",
"Status": 0
}


02.09.2026 2:07:03	Information:	Ping ret is {"Status":0,"Comment":null}
02.09.2026 2:09:04	Information:	url https://lab-vko.dmed.kz/ /api/DriverManager/PingDevice
02.09.2026 2:09:04	Information:	{
"Hash": "w9LjvpRCyoByGV3Lzv0iX9dSI0tLK0uV+pRojL1kufc=",
"Status": 0
}


02.09.2026 2:09:04	Information:	Ping ret is {"Status":0,"Comment":null}
02.09.2026 2:11:04	Information:	url https://lab-vko.dmed.kz/ /api/DriverManager/PingDevice
02.09.2026 2:11:04	Information:	{
"Hash": "w9LjvpRCyoByGV3Lzv0iX9dSI0tLK0uV+pRojL1kufc=",
"Status": 0
}


02.09.2026 2:11:04	Information:	Ping ret is {"Status":0,"Comment":null}
02.09.2026 2:13:05	Information:	url https://lab-vko.dmed.kz/ /api/DriverManager/PingDevice
02.09.2026 2:13:05	Information:	{
"Hash": "w9LjvpRCyoByGV3Lzv0iX9dSI0tLK0uV+pRojL1kufc=",
"Status": 0
}


02.09.2026 2:13:05	Information:	Ping ret is {"Status":0,"Comment":null}
02.09.2026 2:14:35	Information:	refresh tokens
02.09.2026 2:15:05	Information:	url https://lab-vko.dmed.kz/ /api/DriverManager/PingDevice
02.09.2026 2:15:05	Information:	{
"Hash": "w9LjvpRCyoByGV3Lzv0iX9dSI0tLK0uV+pRojL1kufc=",
"Status": 0
}


02.09.2026 2:15:05	Information:	Ping ret is {"Status":0,"Comment":null}
02.09.2026 2:17:06	Information:	url https://lab-vko.dmed.kz/ /api/DriverManager/PingDevice
02.09.2026 2:17:06	Information:	{
"Hash": "w9LjvpRCyoByGV3Lzv0iX9dSI0tLK0uV+pRojL1kufc=",
"Status": 0
}


02.09.2026 2:17:06	Information:	Ping ret is {"Status":0,"Comment":null}
02.09.2026 2:19:07	Information:	url https://lab-vko.dmed.kz/ /api/DriverManager/PingDevice
02.09.2026 2:19:07	Information:	{
"Hash": "w9LjvpRCyoByGV3Lzv0iX9dSI0tLK0uV+pRojL1kufc=",
"Status": 0
}


02.09.2026 2:19:07	Information:	Ping ret is {"Status":0,"Comment":null}
02.09.2026 2:21:07	Information:	url https://lab-vko.dmed.kz/ /api/DriverManager/PingDevice
02.09.2026 2:21:07	Information:	{
"Hash": "w9LjvpRCyoByGV3Lzv0iX9dSI0tLK0uV+pRojL1kufc=",
"Status": 0
}


02.09.2026 2:21:07	Information:	Ping ret is {"Status":0,"Comment":null}
02.09.2026 2:23:08	Information:	url https://lab-vko.dmed.kz/ /api/DriverManager/PingDevice
02.09.2026 2:23:08	Information:	{
"Hash": "w9LjvpRCyoByGV3Lzv0iX9dSI0tLK0uV+pRojL1kufc=",
"Status": 0
}


02.09.2026 2:23:08	Information:	Ping ret is {"Status":0,"Comment":null}
02.09.2026 2:24:35	Information:	refresh tokens
02.09.2026 2:25:08	Information:	url https://lab-vko.dmed.kz/ /api/DriverManager/PingDevice
02.09.2026 2:25:08	Information:	{
"Hash": "w9LjvpRCyoByGV3Lzv0iX9dSI0tLK0uV+pRojL1kufc=",
"Status": 0
}


02.09.2026 2:25:08	Information:	Ping ret is {"Status":0,"Comment":null}
02.09.2026 2:27:09	Information:	url https://lab-vko.dmed.kz/ /api/DriverManager/PingDevice
02.09.2026 2:27:09	Information:	{
"Hash": "w9LjvpRCyoByGV3Lzv0iX9dSI0tLK0uV+pRojL1kufc=",
"Status": 0
}


02.09.2026 2:27:09	Information:	Ping ret is {"Status":0,"Comment":null}
02.09.2026 2:29:09	Information:	url https://lab-vko.dmed.kz/ /api/DriverManager/PingDevice
02.09.2026 2:29:09	Information:	{
"Hash": "w9LjvpRCyoByGV3Lzv0iX9dSI0tLK0uV+pRojL1kufc=",
"Status": 0
}


02.09.2026 2:29:09	Information:	Ping ret is {"Status":0,"Comment":null}
02.09.2026 2:31:10	Information:	url https://lab-vko.dmed.kz/ /api/DriverManager/PingDevice
02.09.2026 2:31:10	Information:	{
"Hash": "w9LjvpRCyoByGV3Lzv0iX9dSI0tLK0uV+pRojL1kufc=",
"Status": 0
}


02.09.2026 2:31:10	Information:	Ping ret is {"Status":0,"Comment":null}
02.09.2026 2:33:10	Information:	url https://lab-vko.dmed.kz/ /api/DriverManager/PingDevice
02.09.2026 2:33:10	Information:	{
"Hash": "w9LjvpRCyoByGV3Lzv0iX9dSI0tLK0uV+pRojL1kufc=",
"Status": 0
}


02.09.2026 2:33:10	Information:	Ping ret is {"Status":0,"Comment":null}
02.09.2026 2:34:35	Information:	refresh tokens
02.09.2026 2:35:11	Information:	url https://lab-vko.dmed.kz/ /api/DriverManager/PingDevice
02.09.2026 2:35:11	Information:	{
"Hash": "w9LjvpRCyoByGV3Lzv0iX9dSI0tLK0uV+pRojL1kufc=",
"Status": 0
}


02.09.2026 2:35:11	Information:	Ping ret is {"Status":0,"Comment":null}
02.09.2026 2:37:11	Information:	url https://lab-vko.dmed.kz/ /api/DriverManager/PingDevice
02.09.2026 2:37:11	Information:	{
"Hash": "w9LjvpRCyoByGV3Lzv0iX9dSI0tLK0uV+pRojL1kufc=",
"Status": 0
}


02.09.2026 2:37:11	Information:	Ping ret is {"Status":0,"Comment":null}
02.09.2026 2:39:12	Information:	url https://lab-vko.dmed.kz/ /api/DriverManager/PingDevice
02.09.2026 2:39:12	Information:	{
"Hash": "w9LjvpRCyoByGV3Lzv0iX9dSI0tLK0uV+pRojL1kufc=",
"Status": 0
}


02.09.2026 2:39:12	Information:	Ping ret is {"Status":0,"Comment":null}
02.09.2026 2:41:12	Information:	url https://lab-vko.dmed.kz/ /api/DriverManager/PingDevice
02.09.2026 2:41:12	Information:	{
"Hash": "w9LjvpRCyoByGV3Lzv0iX9dSI0tLK0uV+pRojL1kufc=",
"Status": 0
}


02.09.2026 2:41:12	Information:	Ping ret is {"Status":0,"Comment":null}
02.09.2026 2:43:13	Information:	url https://lab-vko.dmed.kz/ /api/DriverManager/PingDevice
02.09.2026 2:43:13	Information:	{
"Hash": "w9LjvpRCyoByGV3Lzv0iX9dSI0tLK0uV+pRojL1kufc=",
"Status": 0
}


02.09.2026 2:43:13	Information:	Ping ret is {"Status":0,"Comment":null}
02.09.2026 2:44:35	Information:	refresh tokens
02.09.2026 2:45:13	Information:	url https://lab-vko.dmed.kz/ /api/DriverManager/PingDevice
02.09.2026 2:45:13	Information:	{
"Hash": "w9LjvpRCyoByGV3Lzv0iX9dSI0tLK0uV+pRojL1kufc=",
"Status": 0
}


02.09.2026 2:45:13	Information:	Ping ret is {"Status":0,"Comment":null}
02.09.2026 2:47:14	Information:	url https://lab-vko.dmed.kz/ /api/DriverManager/PingDevice
02.09.2026 2:47:14	Information:	{
"Hash": "w9LjvpRCyoByGV3Lzv0iX9dSI0tLK0uV+pRojL1kufc=",
"Status": 0
}


02.09.2026 2:47:14	Information:	Ping ret is {"Status":0,"Comment":null}
02.09.2026 2:49:14	Information:	url https://lab-vko.dmed.kz/ /api/DriverManager/PingDevice
02.09.2026 2:49:14	Information:	{
"Hash": "w9LjvpRCyoByGV3Lzv0iX9dSI0tLK0uV+pRojL1kufc=",
"Status": 0
}


02.09.2026 2:49:14	Information:	Ping ret is {"Status":0,"Comment":null}
02.09.2026 2:51:15	Information:	url https://lab-vko.dmed.kz/ /api/DriverManager/PingDevice
02.09.2026 2:51:15	Information:	{
"Hash": "w9LjvpRCyoByGV3Lzv0iX9dSI0tLK0uV+pRojL1kufc=",
"Status": 0
}


02.09.2026 2:51:15	Information:	Ping ret is {"Status":0,"Comment":null}
02.09.2026 2:53:15	Information:	url https://lab-vko.dmed.kz/ /api/DriverManager/PingDevice
02.09.2026 2:53:15	Information:	{
"Hash": "w9LjvpRCyoByGV3Lzv0iX9dSI0tLK0uV+pRojL1kufc=",
"Status": 0
}


02.09.2026 2:53:15	Information:	Ping ret is {"Status":0,"Comment":null}
02.09.2026 2:54:35	Information:	refresh tokens
02.09.2026 2:55:16	Information:	url https://lab-vko.dmed.kz/ /api/DriverManager/PingDevice
02.09.2026 2:55:16	Information:	{
"Hash": "w9LjvpRCyoByGV3Lzv0iX9dSI0tLK0uV+pRojL1kufc=",
"Status": 0
}


02.09.2026 2:55:16	Information:	Ping ret is {"Status":0,"Comment":null}
02.09.2026 2:57:16	Information:	url https://lab-vko.dmed.kz/ /api/DriverManager/PingDevice
02.09.2026 2:57:16	Information:	{
"Hash": "w9LjvpRCyoByGV3Lzv0iX9dSI0tLK0uV+pRojL1kufc=",
"Status": 0
}


02.09.2026 2:57:16	Information:	Ping ret is {"Status":0,"Comment":null}
02.09.2026 2:59:17	Information:	url https://lab-vko.dmed.kz/ /api/DriverManager/PingDevice
02.09.2026 2:59:17	Information:	{
"Hash": "w9LjvpRCyoByGV3Lzv0iX9dSI0tLK0uV+pRojL1kufc=",
"Status": 0
}


02.09.2026 2:59:17	Information:	Ping ret is {"Status":0,"Comment":null}
02.09.2026 3:01:17	Information:	url https://lab-vko.dmed.kz/ /api/DriverManager/PingDevice
02.09.2026 3:01:17	Information:	{
"Hash": "w9LjvpRCyoByGV3Lzv0iX9dSI0tLK0uV+pRojL1kufc=",
"Status": 0
}


02.09.2026 3:01:17	Information:	Ping ret is {"Status":0,"Comment":null}
02.09.2026 3:03:18	Information:	url https://lab-vko.dmed.kz/ /api/DriverManager/PingDevice
02.09.2026 3:03:18	Information:	{
"Hash": "w9LjvpRCyoByGV3Lzv0iX9dSI0tLK0uV+pRojL1kufc=",
"Status": 0
}


02.09.2026 3:03:18	Information:	Ping ret is {"Status":0,"Comment":null}
02.09.2026 3:04:35	Information:	refresh tokens
02.09.2026 3:05:18	Information:	url https://lab-vko.dmed.kz/ /api/DriverManager/PingDevice
02.09.2026 3:05:18	Information:	{
"Hash": "w9LjvpRCyoByGV3Lzv0iX9dSI0tLK0uV+pRojL1kufc=",
"Status": 0
}


02.09.2026 3:05:18	Information:	Ping ret is {"Status":0,"Comment":null}
02.09.2026 3:07:19	Information:	url https://lab-vko.dmed.kz/ /api/DriverManager/PingDevice
02.09.2026 3:07:19	Information:	{
"Hash": "w9LjvpRCyoByGV3Lzv0iX9dSI0tLK0uV+pRojL1kufc=",
"Status": 0
}


02.09.2026 3:07:19	Information:	Ping ret is {"Status":0,"Comment":null}
02.09.2026 3:09:19	Information:	url https://lab-vko.dmed.kz/ /api/DriverManager/PingDevice
02.09.2026 3:09:19	Information:	{
"Hash": "w9LjvpRCyoByGV3Lzv0iX9dSI0tLK0uV+pRojL1kufc=",
"Status": 0
}


02.09.2026 3:09:19	Information:	Ping ret is {"Status":0,"Comment":null}
02.09.2026 3:11:20	Information:	url https://lab-vko.dmed.kz/ /api/DriverManager/PingDevice
02.09.2026 3:11:20	Information:	{
"Hash": "w9LjvpRCyoByGV3Lzv0iX9dSI0tLK0uV+pRojL1kufc=",
"Status": 0
}


02.09.2026 3:11:20	Information:	Ping ret is {"Status":0,"Comment":null}
02.09.2026 3:13:20	Information:	url https://lab-vko.dmed.kz/ /api/DriverManager/PingDevice
02.09.2026 3:13:20	Information:	{
"Hash": "w9LjvpRCyoByGV3Lzv0iX9dSI0tLK0uV+pRojL1kufc=",
"Status": 0
}


02.09.2026 3:13:20	Information:	Ping ret is {"Status":0,"Comment":null}
02.09.2026 3:14:35	Information:	refresh tokens
02.09.2026 3:15:21	Information:	url https://lab-vko.dmed.kz/ /api/DriverManager/PingDevice
02.09.2026 3:15:21	Information:	{
"Hash": "w9LjvpRCyoByGV3Lzv0iX9dSI0tLK0uV+pRojL1kufc=",
"Status": 0
}


02.09.2026 3:15:21	Information:	Ping ret is {"Status":0,"Comment":null}
02.09.2026 3:17:22	Information:	url https://lab-vko.dmed.kz/ /api/DriverManager/PingDevice
02.09.2026 3:17:22	Information:	{
"Hash": "w9LjvpRCyoByGV3Lzv0iX9dSI0tLK0uV+pRojL1kufc=",
"Status": 0
}


02.09.2026 3:17:22	Information:	Ping ret is {"Status":0,"Comment":null}
02.09.2026 3:19:22	Information:	url https://lab-vko.dmed.kz/ /api/DriverManager/PingDevice
02.09.2026 3:19:22	Information:	{
"Hash": "w9LjvpRCyoByGV3Lzv0iX9dSI0tLK0uV+pRojL1kufc=",
"Status": 0
}


02.09.2026 3:19:22	Information:	Ping ret is {"Status":0,"Comment":null}
02.09.2026 3:21:23	Information:	url https://lab-vko.dmed.kz/ /api/DriverManager/PingDevice
02.09.2026 3:21:23	Information:	{
"Hash": "w9LjvpRCyoByGV3Lzv0iX9dSI0tLK0uV+pRojL1kufc=",
"Status": 0
}


02.09.2026 3:21:23	Information:	Ping ret is {"Status":0,"Comment":null}
02.09.2026 3:23:23	Information:	url https://lab-vko.dmed.kz/ /api/DriverManager/PingDevice
02.09.2026 3:23:23	Information:	{
"Hash": "w9LjvpRCyoByGV3Lzv0iX9dSI0tLK0uV+pRojL1kufc=",
"Status": 0
}


02.09.2026 3:23:23	Information:	Ping ret is {"Status":0,"Comment":null}
02.09.2026 3:24:35	Information:	refresh tokens
02.09.2026 3:25:24	Information:	url https://lab-vko.dmed.kz/ /api/DriverManager/PingDevice
02.09.2026 3:25:24	Information:	{
"Hash": "w9LjvpRCyoByGV3Lzv0iX9dSI0tLK0uV+pRojL1kufc=",
"Status": 0
}


02.09.2026 3:25:24	Information:	Ping ret is {"Status":0,"Comment":null}
02.09.2026 3:27:24	Information:	url https://lab-vko.dmed.kz/ /api/DriverManager/PingDevice
02.09.2026 3:27:24	Information:	{
"Hash": "w9LjvpRCyoByGV3Lzv0iX9dSI0tLK0uV+pRojL1kufc=",
"Status": 0
}


02.09.2026 3:27:24	Information:	Ping ret is {"Status":0,"Comment":null}
02.09.2026 3:29:25	Information:	url https://lab-vko.dmed.kz/ /api/DriverManager/PingDevice
02.09.2026 3:29:25	Information:	{
"Hash": "w9LjvpRCyoByGV3Lzv0iX9dSI0tLK0uV+pRojL1kufc=",
"Status": 0
}


02.09.2026 3:29:25	Information:	Ping ret is {"Status":0,"Comment":null}
02.09.2026 3:31:25	Information:	url https://lab-vko.dmed.kz/ /api/DriverManager/PingDevice
02.09.2026 3:31:25	Information:	{
"Hash": "w9LjvpRCyoByGV3Lzv0iX9dSI0tLK0uV+pRojL1kufc=",
"Status": 0
}


02.09.2026 3:31:25	Information:	Ping ret is {"Status":0,"Comment":null}
02.09.2026 3:33:26	Information:	url https://lab-vko.dmed.kz/ /api/DriverManager/PingDevice
02.09.2026 3:33:26	Information:	{
"Hash": "w9LjvpRCyoByGV3Lzv0iX9dSI0tLK0uV+pRojL1kufc=",
"Status": 0
}


02.09.2026 3:33:26	Information:	Ping ret is {"Status":0,"Comment":null}
02.09.2026 3:34:35	Information:	refresh tokens
02.09.2026 3:35:26	Information:	url https://lab-vko.dmed.kz/ /api/DriverManager/PingDevice
02.09.2026 3:35:26	Information:	{
"Hash": "w9LjvpRCyoByGV3Lzv0iX9dSI0tLK0uV+pRojL1kufc=",
"Status": 0
}


02.09.2026 3:35:26	Information:	Ping ret is {"Status":0,"Comment":null}
02.09.2026 3:37:27	Information:	url https://lab-vko.dmed.kz/ /api/DriverManager/PingDevice
02.09.2026 3:37:27	Information:	{
"Hash": "w9LjvpRCyoByGV3Lzv0iX9dSI0tLK0uV+pRojL1kufc=",
"Status": 0
}


02.09.2026 3:37:27	Information:	Ping ret is {"Status":0,"Comment":null}
02.09.2026 3:39:27	Information:	url https://lab-vko.dmed.kz/ /api/DriverManager/PingDevice
02.09.2026 3:39:27	Information:	{
"Hash": "w9LjvpRCyoByGV3Lzv0iX9dSI0tLK0uV+pRojL1kufc=",
"Status": 0
}


02.09.2026 3:39:27	Information:	Ping ret is {"Status":0,"Comment":null}
02.09.2026 3:41:28	Information:	url https://lab-vko.dmed.kz/ /api/DriverManager/PingDevice
02.09.2026 3:41:28	Information:	{
"Hash": "w9LjvpRCyoByGV3Lzv0iX9dSI0tLK0uV+pRojL1kufc=",
"Status": 0
}


02.09.2026 3:41:28	Information:	Ping ret is {"Status":0,"Comment":null}
02.09.2026 3:43:28	Information:	url https://lab-vko.dmed.kz/ /api/DriverManager/PingDevice
02.09.2026 3:43:28	Information:	{
"Hash": "w9LjvpRCyoByGV3Lzv0iX9dSI0tLK0uV+pRojL1kufc=",
"Status": 0
}


02.09.2026 3:43:28	Information:	Ping ret is {"Status":0,"Comment":null}
02.09.2026 3:44:35	Information:	refresh tokens
02.09.2026 3:45:29	Information:	url https://lab-vko.dmed.kz/ /api/DriverManager/PingDevice
02.09.2026 3:45:29	Information:	{
"Hash": "w9LjvpRCyoByGV3Lzv0iX9dSI0tLK0uV+pRojL1kufc=",
"Status": 0
}


02.09.2026 3:45:29	Information:	Ping ret is {"Status":0,"Comment":null}
02.09.2026 3:47:30	Information:	url https://lab-vko.dmed.kz/ /api/DriverManager/PingDevice
02.09.2026 3:47:30	Information:	{
"Hash": "w9LjvpRCyoByGV3Lzv0iX9dSI0tLK0uV+pRojL1kufc=",
"Status": 0
}


02.09.2026 3:47:30	Information:	Ping ret is {"Status":0,"Comment":null}
02.09.2026 3:49:30	Information:	url https://lab-vko.dmed.kz/ /api/DriverManager/PingDevice
02.09.2026 3:49:30	Information:	{
"Hash": "w9LjvpRCyoByGV3Lzv0iX9dSI0tLK0uV+pRojL1kufc=",
"Status": 0
}


02.09.2026 3:49:30	Information:	Ping ret is {"Status":0,"Comment":null}
02.09.2026 3:51:31	Information:	url https://lab-vko.dmed.kz/ /api/DriverManager/PingDevice
02.09.2026 3:51:31	Information:	{
"Hash": "w9LjvpRCyoByGV3Lzv0iX9dSI0tLK0uV+pRojL1kufc=",
"Status": 0
}


02.09.2026 3:51:31	Information:	Ping ret is {"Status":0,"Comment":null}
02.09.2026 3:53:31	Information:	url https://lab-vko.dmed.kz/ /api/DriverManager/PingDevice
02.09.2026 3:53:31	Information:	{
"Hash": "w9LjvpRCyoByGV3Lzv0iX9dSI0tLK0uV+pRojL1kufc=",
"Status": 0
}


02.09.2026 3:53:31	Information:	Ping ret is {"Status":0,"Comment":null}
02.09.2026 3:54:35	Information:	refresh tokens
02.09.2026 3:55:32	Information:	url https://lab-vko.dmed.kz/ /api/DriverManager/PingDevice
02.09.2026 3:55:32	Information:	{
"Hash": "w9LjvpRCyoByGV3Lzv0iX9dSI0tLK0uV+pRojL1kufc=",
"Status": 0
}


02.09.2026 3:55:32	Information:	Ping ret is {"Status":0,"Comment":null}
02.09.2026 3:57:32	Information:	url https://lab-vko.dmed.kz/ /api/DriverManager/PingDevice
02.09.2026 3:57:32	Information:	{
"Hash": "w9LjvpRCyoByGV3Lzv0iX9dSI0tLK0uV+pRojL1kufc=",
"Status": 0
}


02.09.2026 3:57:32	Information:	Ping ret is {"Status":0,"Comment":null}
02.09.2026 3:59:33	Information:	url https://lab-vko.dmed.kz/ /api/DriverManager/PingDevice
02.09.2026 3:59:33	Information:	{
"Hash": "w9LjvpRCyoByGV3Lzv0iX9dSI0tLK0uV+pRojL1kufc=",
"Status": 0
}


02.09.2026 3:59:33	Information:	Ping ret is {"Status":0,"Comment":null}
02.09.2026 4:01:33	Information:	url https://lab-vko.dmed.kz/ /api/DriverManager/PingDevice
02.09.2026 4:01:33	Information:	{
"Hash": "w9LjvpRCyoByGV3Lzv0iX9dSI0tLK0uV+pRojL1kufc=",
"Status": 0
}


02.09.2026 4:01:33	Information:	Ping ret is {"Status":0,"Comment":null}
02.09.2026 4:03:34	Information:	url https://lab-vko.dmed.kz/ /api/DriverManager/PingDevice
02.09.2026 4:03:34	Information:	{
"Hash": "w9LjvpRCyoByGV3Lzv0iX9dSI0tLK0uV+pRojL1kufc=",
"Status": 0
}


02.09.2026 4:03:34	Information:	Ping ret is {"Status":0,"Comment":null}
02.09.2026 4:04:35	Information:	refresh tokens
02.09.2026 4:05:34	Information:	url https://lab-vko.dmed.kz/ /api/DriverManager/PingDevice
02.09.2026 4:05:34	Information:	{
"Hash": "w9LjvpRCyoByGV3Lzv0iX9dSI0tLK0uV+pRojL1kufc=",
"Status": 0
}


02.09.2026 4:05:34	Information:	Ping ret is {"Status":0,"Comment":null}
02.09.2026 4:07:35	Information:	url https://lab-vko.dmed.kz/ /api/DriverManager/PingDevice
02.09.2026 4:07:35	Information:	{
"Hash": "w9LjvpRCyoByGV3Lzv0iX9dSI0tLK0uV+pRojL1kufc=",
"Status": 0
}


02.09.2026 4:07:35	Information:	Ping ret is {"Status":0,"Comment":null}
02.09.2026 4:09:35	Information:	url https://lab-vko.dmed.kz/ /api/DriverManager/PingDevice
02.09.2026 4:09:35	Information:	{
"Hash": "w9LjvpRCyoByGV3Lzv0iX9dSI0tLK0uV+pRojL1kufc=",
"Status": 0
}


02.09.2026 4:09:35	Information:	Ping ret is {"Status":0,"Comment":null}
02.09.2026 4:11:36	Information:	url https://lab-vko.dmed.kz/ /api/DriverManager/PingDevice
02.09.2026 4:11:36	Information:	{
"Hash": "w9LjvpRCyoByGV3Lzv0iX9dSI0tLK0uV+pRojL1kufc=",
"Status": 0
}


02.09.2026 4:11:36	Information:	Ping ret is {"Status":0,"Comment":null}
02.09.2026 4:13:36	Information:	url https://lab-vko.dmed.kz/ /api/DriverManager/PingDevice
02.09.2026 4:13:36	Information:	{
"Hash": "w9LjvpRCyoByGV3Lzv0iX9dSI0tLK0uV+pRojL1kufc=",
"Status": 0
}


02.09.2026 4:13:36	Information:	Ping ret is {"Status":0,"Comment":null}
02.09.2026 4:14:35	Information:	refresh tokens
02.09.2026 4:15:37	Information:	url https://lab-vko.dmed.kz/ /api/DriverManager/PingDevice
02.09.2026 4:15:37	Information:	{
"Hash": "w9LjvpRCyoByGV3Lzv0iX9dSI0tLK0uV+pRojL1kufc=",
"Status": 0
}


02.09.2026 4:15:37	Information:	Ping ret is {"Status":0,"Comment":null}
02.09.2026 4:17:38	Information:	url https://lab-vko.dmed.kz/ /api/DriverManager/PingDevice
02.09.2026 4:17:38	Information:	{
"Hash": "w9LjvpRCyoByGV3Lzv0iX9dSI0tLK0uV+pRojL1kufc=",
"Status": 0
}


02.09.2026 4:17:38	Information:	Ping ret is {"Status":0,"Comment":null}
02.09.2026 4:19:38	Information:	url https://lab-vko.dmed.kz/ /api/DriverManager/PingDevice
02.09.2026 4:19:38	Information:	{
"Hash": "w9LjvpRCyoByGV3Lzv0iX9dSI0tLK0uV+pRojL1kufc=",
"Status": 0
}


02.09.2026 4:19:38	Information:	Ping ret is {"Status":0,"Comment":null}
02.09.2026 4:21:39	Information:	url https://lab-vko.dmed.kz/ /api/DriverManager/PingDevice
02.09.2026 4:21:39	Information:	{
"Hash": "w9LjvpRCyoByGV3Lzv0iX9dSI0tLK0uV+pRojL1kufc=",
"Status": 0
}


02.09.2026 4:21:39	Information:	Ping ret is {"Status":0,"Comment":null}
02.09.2026 4:23:39	Information:	url https://lab-vko.dmed.kz/ /api/DriverManager/PingDevice
02.09.2026 4:23:39	Information:	{
"Hash": "w9LjvpRCyoByGV3Lzv0iX9dSI0tLK0uV+pRojL1kufc=",
"Status": 0
}


02.09.2026 4:23:39	Information:	Ping ret is {"Status":0,"Comment":null}
02.09.2026 4:24:35	Information:	refresh tokens
02.09.2026 4:25:40	Information:	url https://lab-vko.dmed.kz/ /api/DriverManager/PingDevice
02.09.2026 4:25:40	Information:	{
"Hash": "w9LjvpRCyoByGV3Lzv0iX9dSI0tLK0uV+pRojL1kufc=",
"Status": 0
}


02.09.2026 4:25:40	Information:	Ping ret is {"Status":0,"Comment":null}
02.09.2026 4:27:40	Information:	url https://lab-vko.dmed.kz/ /api/DriverManager/PingDevice
02.09.2026 4:27:40	Information:	{
"Hash": "w9LjvpRCyoByGV3Lzv0iX9dSI0tLK0uV+pRojL1kufc=",
"Status": 0
}


02.09.2026 4:27:40	Information:	Ping ret is {"Status":0,"Comment":null}
02.09.2026 4:29:41	Information:	url https://lab-vko.dmed.kz/ /api/DriverManager/PingDevice
02.09.2026 4:29:41	Information:	{
"Hash": "w9LjvpRCyoByGV3Lzv0iX9dSI0tLK0uV+pRojL1kufc=",
"Status": 0
}


02.09.2026 4:29:41	Information:	Ping ret is {"Status":0,"Comment":null}
02.09.2026 4:31:41	Information:	url https://lab-vko.dmed.kz/ /api/DriverManager/PingDevice
02.09.2026 4:31:41	Information:	{
"Hash": "w9LjvpRCyoByGV3Lzv0iX9dSI0tLK0uV+pRojL1kufc=",
"Status": 0
}


02.09.2026 4:31:41	Information:	Ping ret is {"Status":0,"Comment":null}
02.09.2026 4:33:42	Information:	url https://lab-vko.dmed.kz/ /api/DriverManager/PingDevice
02.09.2026 4:33:42	Information:	{
"Hash": "w9LjvpRCyoByGV3Lzv0iX9dSI0tLK0uV+pRojL1kufc=",
"Status": 0
}


02.09.2026 4:33:42	Information:	Ping ret is {"Status":0,"Comment":null}
02.09.2026 4:34:35	Information:	refresh tokens
02.09.2026 4:35:42	Information:	url https://lab-vko.dmed.kz/ /api/DriverManager/PingDevice
02.09.2026 4:35:42	Information:	{
"Hash": "w9LjvpRCyoByGV3Lzv0iX9dSI0tLK0uV+pRojL1kufc=",
"Status": 0
}


02.09.2026 4:35:42	Information:	Ping ret is {"Status":0,"Comment":null}
02.09.2026 4:37:43	Information:	url https://lab-vko.dmed.kz/ /api/DriverManager/PingDevice
02.09.2026 4:37:43	Information:	{
"Hash": "w9LjvpRCyoByGV3Lzv0iX9dSI0tLK0uV+pRojL1kufc=",
"Status": 0
}


02.09.2026 4:37:43	Information:	Ping ret is {"Status":0,"Comment":null}
02.09.2026 4:39:43	Information:	url https://lab-vko.dmed.kz/ /api/DriverManager/PingDevice
02.09.2026 4:39:43	Information:	{
"Hash": "w9LjvpRCyoByGV3Lzv0iX9dSI0tLK0uV+pRojL1kufc=",
"Status": 0
}


02.09.2026 4:39:43	Information:	Ping ret is {"Status":0,"Comment":null}
02.09.2026 4:41:44	Information:	url https://lab-vko.dmed.kz/ /api/DriverManager/PingDevice
02.09.2026 4:41:44	Information:	{
"Hash": "w9LjvpRCyoByGV3Lzv0iX9dSI0tLK0uV+pRojL1kufc=",
"Status": 0
}


02.09.2026 4:41:44	Information:	Ping ret is {"Status":0,"Comment":null}
02.09.2026 4:43:44	Information:	url https://lab-vko.dmed.kz/ /api/DriverManager/PingDevice
02.09.2026 4:43:44	Information:	{
"Hash": "w9LjvpRCyoByGV3Lzv0iX9dSI0tLK0uV+pRojL1kufc=",
"Status": 0
}


02.09.2026 4:43:44	Information:	Ping ret is {"Status":0,"Comment":null}
02.09.2026 4:44:35	Information:	refresh tokens
02.09.2026 4:45:45	Information:	url https://lab-vko.dmed.kz/ /api/DriverManager/PingDevice
02.09.2026 4:45:45	Information:	{
"Hash": "w9LjvpRCyoByGV3Lzv0iX9dSI0tLK0uV+pRojL1kufc=",
"Status": 0
}


02.09.2026 4:45:45	Information:	Ping ret is {"Status":0,"Comment":null}
02.09.2026 4:47:45	Information:	url https://lab-vko.dmed.kz/ /api/DriverManager/PingDevice
02.09.2026 4:47:45	Information:	{
"Hash": "w9LjvpRCyoByGV3Lzv0iX9dSI0tLK0uV+pRojL1kufc=",
"Status": 0
}


02.09.2026 4:47:45	Information:	Ping ret is {"Status":0,"Comment":null}
02.09.2026 4:49:46	Information:	url https://lab-vko.dmed.kz/ /api/DriverManager/PingDevice
02.09.2026 4:49:46	Information:	{
"Hash": "w9LjvpRCyoByGV3Lzv0iX9dSI0tLK0uV+pRojL1kufc=",
"Status": 0
}


02.09.2026 4:49:46	Information:	Ping ret is {"Status":0,"Comment":null}
02.09.2026 4:51:46	Information:	url https://lab-vko.dmed.kz/ /api/DriverManager/PingDevice
02.09.2026 4:51:46	Information:	{
"Hash": "w9LjvpRCyoByGV3Lzv0iX9dSI0tLK0uV+pRojL1kufc=",
"Status": 0
}


02.09.2026 4:51:46	Information:	Ping ret is {"Status":0,"Comment":null}
02.09.2026 4:53:47	Information:	url https://lab-vko.dmed.kz/ /api/DriverManager/PingDevice
02.09.2026 4:53:47	Information:	{
"Hash": "w9LjvpRCyoByGV3Lzv0iX9dSI0tLK0uV+pRojL1kufc=",
"Status": 0
}


02.09.2026 4:53:47	Information:	Ping ret is {"Status":0,"Comment":null}
02.09.2026 4:54:35	Information:	refresh tokens
02.09.2026 4:55:47	Information:	url https://lab-vko.dmed.kz/ /api/DriverManager/PingDevice
02.09.2026 4:55:47	Information:	{
"Hash": "w9LjvpRCyoByGV3Lzv0iX9dSI0tLK0uV+pRojL1kufc=",
"Status": 0
}


02.09.2026 4:55:47	Information:	Ping ret is {"Status":0,"Comment":null}
02.09.2026 4:57:48	Information:	url https://lab-vko.dmed.kz/ /api/DriverManager/PingDevice
02.09.2026 4:57:48	Information:	{
"Hash": "w9LjvpRCyoByGV3Lzv0iX9dSI0tLK0uV+pRojL1kufc=",
"Status": 0
}


02.09.2026 4:57:48	Information:	Ping ret is {"Status":0,"Comment":null}
02.09.2026 4:59:48	Information:	url https://lab-vko.dmed.kz/ /api/DriverManager/PingDevice
02.09.2026 4:59:48	Information:	{
"Hash": "w9LjvpRCyoByGV3Lzv0iX9dSI0tLK0uV+pRojL1kufc=",
"Status": 0
}


02.09.2026 4:59:48	Information:	Ping ret is {"Status":0,"Comment":null}
02.09.2026 5:01:49	Information:	url https://lab-vko.dmed.kz/ /api/DriverManager/PingDevice
02.09.2026 5:01:49	Information:	{
"Hash": "w9LjvpRCyoByGV3Lzv0iX9dSI0tLK0uV+pRojL1kufc=",
"Status": 0
}


02.09.2026 5:01:49	Information:	Ping ret is {"Status":0,"Comment":null}
02.09.2026 5:03:49	Information:	url https://lab-vko.dmed.kz/ /api/DriverManager/PingDevice
02.09.2026 5:03:49	Information:	{
"Hash": "w9LjvpRCyoByGV3Lzv0iX9dSI0tLK0uV+pRojL1kufc=",
"Status": 0
}


02.09.2026 5:03:49	Information:	Ping ret is {"Status":0,"Comment":null}
02.09.2026 5:04:35	Information:	refresh tokens
02.09.2026 5:05:50	Information:	url https://lab-vko.dmed.kz/ /api/DriverManager/PingDevice
02.09.2026 5:05:50	Information:	{
"Hash": "w9LjvpRCyoByGV3Lzv0iX9dSI0tLK0uV+pRojL1kufc=",
"Status": 0
}


02.09.2026 5:05:50	Information:	Ping ret is {"Status":0,"Comment":null}
02.09.2026 5:07:50	Information:	url https://lab-vko.dmed.kz/ /api/DriverManager/PingDevice
02.09.2026 5:07:50	Information:	{
"Hash": "w9LjvpRCyoByGV3Lzv0iX9dSI0tLK0uV+pRojL1kufc=",
"Status": 0
}


02.09.2026 5:07:50	Information:	Ping ret is {"Status":0,"Comment":null}
02.09.2026 5:09:51	Information:	url https://lab-vko.dmed.kz/ /api/DriverManager/PingDevice
02.09.2026 5:09:51	Information:	{
"Hash": "w9LjvpRCyoByGV3Lzv0iX9dSI0tLK0uV+pRojL1kufc=",
"Status": 0
}


02.09.2026 5:09:51	Information:	Ping ret is {"Status":0,"Comment":null}
02.09.2026 5:11:51	Information:	url https://lab-vko.dmed.kz/ /api/DriverManager/PingDevice
02.09.2026 5:11:51	Information:	{
"Hash": "w9LjvpRCyoByGV3Lzv0iX9dSI0tLK0uV+pRojL1kufc=",
"Status": 0
}


02.09.2026 5:11:51	Information:	Ping ret is {"Status":0,"Comment":null}
02.09.2026 5:13:52	Information:	url https://lab-vko.dmed.kz/ /api/DriverManager/PingDevice
02.09.2026 5:13:52	Information:	{
"Hash": "w9LjvpRCyoByGV3Lzv0iX9dSI0tLK0uV+pRojL1kufc=",
"Status": 0
}


02.09.2026 5:13:52	Information:	Ping ret is {"Status":0,"Comment":null}
02.09.2026 5:14:35	Information:	refresh tokens
02.09.2026 5:15:52	Information:	url https://lab-vko.dmed.kz/ /api/DriverManager/PingDevice
02.09.2026 5:15:52	Information:	{
"Hash": "w9LjvpRCyoByGV3Lzv0iX9dSI0tLK0uV+pRojL1kufc=",
"Status": 0
}


02.09.2026 5:15:52	Information:	Ping ret is {"Status":0,"Comment":null}
02.09.2026 5:17:53	Information:	url https://lab-vko.dmed.kz/ /api/DriverManager/PingDevice
02.09.2026 5:17:53	Information:	{
"Hash": "w9LjvpRCyoByGV3Lzv0iX9dSI0tLK0uV+pRojL1kufc=",
"Status": 0
}


02.09.2026 5:17:53	Information:	Ping ret is {"Status":0,"Comment":null}
02.09.2026 5:19:53	Information:	url https://lab-vko.dmed.kz/ /api/DriverManager/PingDevice
02.09.2026 5:19:53	Information:	{
"Hash": "w9LjvpRCyoByGV3Lzv0iX9dSI0tLK0uV+pRojL1kufc=",
"Status": 0
}


02.09.2026 5:19:53	Information:	Ping ret is {"Status":0,"Comment":null}
02.09.2026 5:21:54	Information:	url https://lab-vko.dmed.kz/ /api/DriverManager/PingDevice
02.09.2026 5:21:54	Information:	{
"Hash": "w9LjvpRCyoByGV3Lzv0iX9dSI0tLK0uV+pRojL1kufc=",
"Status": 0
}


02.09.2026 5:21:54	Information:	Ping ret is {"Status":0,"Comment":null}
02.09.2026 5:23:55	Information:	url https://lab-vko.dmed.kz/ /api/DriverManager/PingDevice
02.09.2026 5:23:55	Information:	{
"Hash": "w9LjvpRCyoByGV3Lzv0iX9dSI0tLK0uV+pRojL1kufc=",
"Status": 0
}


02.09.2026 5:23:55	Information:	Ping ret is {"Status":0,"Comment":null}
02.09.2026 5:24:35	Information:	refresh tokens
02.09.2026 5:25:55	Information:	url https://lab-vko.dmed.kz/ /api/DriverManager/PingDevice
02.09.2026 5:25:55	Information:	{
"Hash": "w9LjvpRCyoByGV3Lzv0iX9dSI0tLK0uV+pRojL1kufc=",
"Status": 0
}


02.09.2026 5:25:55	Information:	Ping ret is {"Status":0,"Comment":null}
02.09.2026 5:27:56	Information:	url https://lab-vko.dmed.kz/ /api/DriverManager/PingDevice
02.09.2026 5:27:56	Information:	{
"Hash": "w9LjvpRCyoByGV3Lzv0iX9dSI0tLK0uV+pRojL1kufc=",
"Status": 0
}


02.09.2026 5:27:56	Information:	Ping ret is {"Status":0,"Comment":null}
02.09.2026 5:29:56	Information:	url https://lab-vko.dmed.kz/ /api/DriverManager/PingDevice
02.09.2026 5:29:56	Information:	{
"Hash": "w9LjvpRCyoByGV3Lzv0iX9dSI0tLK0uV+pRojL1kufc=",
"Status": 0
}


02.09.2026 5:29:56	Information:	Ping ret is {"Status":0,"Comment":null}
02.09.2026 5:31:57	Information:	url https://lab-vko.dmed.kz/ /api/DriverManager/PingDevice
02.09.2026 5:31:57	Information:	{
"Hash": "w9LjvpRCyoByGV3Lzv0iX9dSI0tLK0uV+pRojL1kufc=",
"Status": 0
}


02.09.2026 5:31:57	Information:	Ping ret is {"Status":0,"Comment":null}
02.09.2026 5:33:57	Information:	url https://lab-vko.dmed.kz/ /api/DriverManager/PingDevice
02.09.2026 5:33:57	Information:	{
"Hash": "w9LjvpRCyoByGV3Lzv0iX9dSI0tLK0uV+pRojL1kufc=",
"Status": 0
}


02.09.2026 5:33:57	Information:	Ping ret is {"Status":0,"Comment":null}
02.09.2026 5:34:35	Information:	refresh tokens
02.09.2026 5:35:58	Information:	url https://lab-vko.dmed.kz/ /api/DriverManager/PingDevice
02.09.2026 5:35:58	Information:	{
"Hash": "w9LjvpRCyoByGV3Lzv0iX9dSI0tLK0uV+pRojL1kufc=",
"Status": 0
}


02.09.2026 5:35:58	Information:	Ping ret is {"Status":0,"Comment":null}
02.09.2026 5:37:58	Information:	url https://lab-vko.dmed.kz/ /api/DriverManager/PingDevice
02.09.2026 5:37:58	Information:	{
"Hash": "w9LjvpRCyoByGV3Lzv0iX9dSI0tLK0uV+pRojL1kufc=",
"Status": 0
}


02.09.2026 5:37:58	Information:	Ping ret is {"Status":0,"Comment":null}
02.09.2026 5:39:59	Information:	url https://lab-vko.dmed.kz/ /api/DriverManager/PingDevice
02.09.2026 5:39:59	Information:	{
"Hash": "w9LjvpRCyoByGV3Lzv0iX9dSI0tLK0uV+pRojL1kufc=",
"Status": 0
}


02.09.2026 5:39:59	Information:	Ping ret is {"Status":0,"Comment":null}
02.09.2026 5:41:59	Information:	url https://lab-vko.dmed.kz/ /api/DriverManager/PingDevice
02.09.2026 5:41:59	Information:	{
"Hash": "w9LjvpRCyoByGV3Lzv0iX9dSI0tLK0uV+pRojL1kufc=",
"Status": 0
}


02.09.2026 5:41:59	Information:	Ping ret is {"Status":0,"Comment":null}
02.09.2026 5:44:00	Information:	url https://lab-vko.dmed.kz/ /api/DriverManager/PingDevice
02.09.2026 5:44:00	Information:	{
"Hash": "w9LjvpRCyoByGV3Lzv0iX9dSI0tLK0uV+pRojL1kufc=",
"Status": 0
}


02.09.2026 5:44:00	Information:	Ping ret is {"Status":0,"Comment":null}
02.09.2026 5:44:35	Information:	refresh tokens
02.09.2026 5:46:00	Information:	url https://lab-vko.dmed.kz/ /api/DriverManager/PingDevice
02.09.2026 5:46:00	Information:	{
"Hash": "w9LjvpRCyoByGV3Lzv0iX9dSI0tLK0uV+pRojL1kufc=",
"Status": 0
}


02.09.2026 5:46:00	Information:	Ping ret is {"Status":0,"Comment":null}
02.09.2026 5:48:01	Information:	url https://lab-vko.dmed.kz/ /api/DriverManager/PingDevice
02.09.2026 5:48:01	Information:	{
"Hash": "w9LjvpRCyoByGV3Lzv0iX9dSI0tLK0uV+pRojL1kufc=",
"Status": 0
}


02.09.2026 5:48:01	Information:	Ping ret is {"Status":0,"Comment":null}
02.09.2026 5:50:01	Information:	url https://lab-vko.dmed.kz/ /api/DriverManager/PingDevice
02.09.2026 5:50:01	Information:	{
"Hash": "w9LjvpRCyoByGV3Lzv0iX9dSI0tLK0uV+pRojL1kufc=",
"Status": 0
}


02.09.2026 5:50:01	Information:	Ping ret is {"Status":0,"Comment":null}
02.09.2026 5:52:01	Information:	url https://lab-vko.dmed.kz/ /api/DriverManager/PingDevice
02.09.2026 5:52:01	Information:	{
"Hash": "w9LjvpRCyoByGV3Lzv0iX9dSI0tLK0uV+pRojL1kufc=",
"Status": 0
}


02.09.2026 5:52:01	Information:	Ping ret is {"Status":0,"Comment":null}
02.09.2026 5:54:02	Information:	url https://lab-vko.dmed.kz/ /api/DriverManager/PingDevice
02.09.2026 5:54:02	Information:	{
"Hash": "w9LjvpRCyoByGV3Lzv0iX9dSI0tLK0uV+pRojL1kufc=",
"Status": 0
}


02.09.2026 5:54:02	Information:	Ping ret is {"Status":0,"Comment":null}
02.09.2026 5:54:35	Information:	refresh tokens
02.09.2026 5:56:02	Information:	url https://lab-vko.dmed.kz/ /api/DriverManager/PingDevice
02.09.2026 5:56:02	Information:	{
"Hash": "w9LjvpRCyoByGV3Lzv0iX9dSI0tLK0uV+pRojL1kufc=",
"Status": 0
}


02.09.2026 5:56:02	Information:	Ping ret is {"Status":0,"Comment":null}
02.09.2026 5:58:03	Information:	url https://lab-vko.dmed.kz/ /api/DriverManager/PingDevice
02.09.2026 5:58:03	Information:	{
"Hash": "w9LjvpRCyoByGV3Lzv0iX9dSI0tLK0uV+pRojL1kufc=",
"Status": 0
}


02.09.2026 5:58:03	Information:	Ping ret is {"Status":0,"Comment":null}
02.09.2026 6:00:03	Information:	url https://lab-vko.dmed.kz/ /api/DriverManager/PingDevice
02.09.2026 6:00:03	Information:	{
"Hash": "w9LjvpRCyoByGV3Lzv0iX9dSI0tLK0uV+pRojL1kufc=",
"Status": 0
}


02.09.2026 6:00:03	Information:	Ping ret is {"Status":0,"Comment":null}
02.09.2026 6:02:04	Information:	url https://lab-vko.dmed.kz/ /api/DriverManager/PingDevice
02.09.2026 6:02:04	Information:	{
"Hash": "w9LjvpRCyoByGV3Lzv0iX9dSI0tLK0uV+pRojL1kufc=",
"Status": 0
}


02.09.2026 6:02:04	Information:	Ping ret is {"Status":0,"Comment":null}
02.09.2026 6:04:04	Information:	url https://lab-vko.dmed.kz/ /api/DriverManager/PingDevice
02.09.2026 6:04:04	Information:	{
"Hash": "w9LjvpRCyoByGV3Lzv0iX9dSI0tLK0uV+pRojL1kufc=",
"Status": 0
}


02.09.2026 6:04:04	Information:	Ping ret is {"Status":0,"Comment":null}
02.09.2026 6:04:35	Information:	refresh tokens
02.09.2026 6:06:05	Information:	url https://lab-vko.dmed.kz/ /api/DriverManager/PingDevice
02.09.2026 6:06:05	Information:	{
"Hash": "w9LjvpRCyoByGV3Lzv0iX9dSI0tLK0uV+pRojL1kufc=",
"Status": 0
}


02.09.2026 6:06:05	Information:	Ping ret is {"Status":0,"Comment":null}
02.09.2026 6:08:05	Information:	url https://lab-vko.dmed.kz/ /api/DriverManager/PingDevice
02.09.2026 6:08:05	Information:	{
"Hash": "w9LjvpRCyoByGV3Lzv0iX9dSI0tLK0uV+pRojL1kufc=",
"Status": 0
}


02.09.2026 6:08:06	Information:	Ping ret is {"Status":0,"Comment":null}
02.09.2026 6:10:06	Information:	url https://lab-vko.dmed.kz/ /api/DriverManager/PingDevice
02.09.2026 6:10:06	Information:	{
"Hash": "w9LjvpRCyoByGV3Lzv0iX9dSI0tLK0uV+pRojL1kufc=",
"Status": 0
}


02.09.2026 6:10:06	Information:	Ping ret is {"Status":0,"Comment":null}
02.09.2026 6:12:07	Information:	url https://lab-vko.dmed.kz/ /api/DriverManager/PingDevice
02.09.2026 6:12:07	Information:	{
"Hash": "w9LjvpRCyoByGV3Lzv0iX9dSI0tLK0uV+pRojL1kufc=",
"Status": 0
}


02.09.2026 6:12:07	Information:	Ping ret is {"Status":0,"Comment":null}
02.09.2026 6:14:07	Information:	url https://lab-vko.dmed.kz/ /api/DriverManager/PingDevice
02.09.2026 6:14:07	Information:	{
"Hash": "w9LjvpRCyoByGV3Lzv0iX9dSI0tLK0uV+pRojL1kufc=",
"Status": 0
}


02.09.2026 6:14:07	Information:	Ping ret is {"Status":0,"Comment":null}
02.09.2026 6:14:35	Information:	refresh tokens
02.09.2026 6:16:08	Information:	url https://lab-vko.dmed.kz/ /api/DriverManager/PingDevice
02.09.2026 6:16:08	Information:	{
"Hash": "w9LjvpRCyoByGV3Lzv0iX9dSI0tLK0uV+pRojL1kufc=",
"Status": 0
}


02.09.2026 6:16:08	Information:	Ping ret is {"Status":0,"Comment":null}
02.09.2026 6:18:08	Information:	url https://lab-vko.dmed.kz/ /api/DriverManager/PingDevice
02.09.2026 6:18:08	Information:	{
"Hash": "w9LjvpRCyoByGV3Lzv0iX9dSI0tLK0uV+pRojL1kufc=",
"Status": 0
}


02.09.2026 6:18:08	Information:	Ping ret is {"Status":0,"Comment":null}
02.09.2026 6:20:09	Information:	url https://lab-vko.dmed.kz/ /api/DriverManager/PingDevice
02.09.2026 6:20:09	Information:	{
"Hash": "w9LjvpRCyoByGV3Lzv0iX9dSI0tLK0uV+pRojL1kufc=",
"Status": 0
}


02.09.2026 6:20:09	Information:	Ping ret is {"Status":0,"Comment":null}
02.09.2026 6:22:09	Information:	url https://lab-vko.dmed.kz/ /api/DriverManager/PingDevice
02.09.2026 6:22:09	Information:	{
"Hash": "w9LjvpRCyoByGV3Lzv0iX9dSI0tLK0uV+pRojL1kufc=",
"Status": 0
}


02.09.2026 6:22:09	Information:	Ping ret is {"Status":0,"Comment":null}
02.09.2026 6:24:09	Information:	url https://lab-vko.dmed.kz/ /api/DriverManager/PingDevice
02.09.2026 6:24:09	Information:	{
"Hash": "w9LjvpRCyoByGV3Lzv0iX9dSI0tLK0uV+pRojL1kufc=",
"Status": 0
}


02.09.2026 6:24:09	Information:	Ping ret is {"Status":0,"Comment":null}
02.09.2026 6:24:35	Information:	refresh tokens
02.09.2026 6:26:10	Information:	url https://lab-vko.dmed.kz/ /api/DriverManager/PingDevice
02.09.2026 6:26:10	Information:	{
"Hash": "w9LjvpRCyoByGV3Lzv0iX9dSI0tLK0uV+pRojL1kufc=",
"Status": 0
}


02.09.2026 6:26:10	Information:	Ping ret is {"Status":0,"Comment":null}
02.09.2026 6:28:11	Information:	url https://lab-vko.dmed.kz/ /api/DriverManager/PingDevice
02.09.2026 6:28:11	Information:	{
"Hash": "w9LjvpRCyoByGV3Lzv0iX9dSI0tLK0uV+pRojL1kufc=",
"Status": 0
}


02.09.2026 6:28:11	Information:	Ping ret is {"Status":0,"Comment":null}
02.09.2026 6:30:11	Information:	url https://lab-vko.dmed.kz/ /api/DriverManager/PingDevice
02.09.2026 6:30:11	Information:	{
"Hash": "w9LjvpRCyoByGV3Lzv0iX9dSI0tLK0uV+pRojL1kufc=",
"Status": 0
}


02.09.2026 6:30:11	Information:	Ping ret is {"Status":0,"Comment":null}
02.09.2026 6:32:11	Information:	url https://lab-vko.dmed.kz/ /api/DriverManager/PingDevice
02.09.2026 6:32:11	Information:	{
"Hash": "w9LjvpRCyoByGV3Lzv0iX9dSI0tLK0uV+pRojL1kufc=",
"Status": 0
}


02.09.2026 6:32:11	Information:	Ping ret is {"Status":0,"Comment":null}
02.09.2026 6:34:12	Information:	url https://lab-vko.dmed.kz/ /api/DriverManager/PingDevice
02.09.2026 6:34:12	Information:	{
"Hash": "w9LjvpRCyoByGV3Lzv0iX9dSI0tLK0uV+pRojL1kufc=",
"Status": 0
}


02.09.2026 6:34:12	Information:	Ping ret is {"Status":0,"Comment":null}
02.09.2026 6:34:35	Information:	refresh tokens
02.09.2026 6:36:12	Information:	url https://lab-vko.dmed.kz/ /api/DriverManager/PingDevice
02.09.2026 6:36:13	Information:	{
"Hash": "w9LjvpRCyoByGV3Lzv0iX9dSI0tLK0uV+pRojL1kufc=",
"Status": 0
}


02.09.2026 6:36:13	Information:	Ping ret is {"Status":0,"Comment":null}
02.09.2026 6:38:13	Information:	url https://lab-vko.dmed.kz/ /api/DriverManager/PingDevice
02.09.2026 6:38:13	Information:	{
"Hash": "w9LjvpRCyoByGV3Lzv0iX9dSI0tLK0uV+pRojL1kufc=",
"Status": 0
}


02.09.2026 6:38:13	Information:	Ping ret is {"Status":0,"Comment":null}
02.09.2026 6:40:13	Information:	url https://lab-vko.dmed.kz/ /api/DriverManager/PingDevice
02.09.2026 6:40:13	Information:	{
"Hash": "w9LjvpRCyoByGV3Lzv0iX9dSI0tLK0uV+pRojL1kufc=",
"Status": 0
}


02.09.2026 6:40:13	Information:	Ping ret is {"Status":0,"Comment":null}
02.09.2026 6:42:14	Information:	url https://lab-vko.dmed.kz/ /api/DriverManager/PingDevice
02.09.2026 6:42:14	Information:	{
"Hash": "w9LjvpRCyoByGV3Lzv0iX9dSI0tLK0uV+pRojL1kufc=",
"Status": 0
}


02.09.2026 6:42:14	Information:	Ping ret is {"Status":0,"Comment":null}
02.09.2026 6:44:14	Information:	url https://lab-vko.dmed.kz/ /api/DriverManager/PingDevice
02.09.2026 6:44:14	Information:	{
"Hash": "w9LjvpRCyoByGV3Lzv0iX9dSI0tLK0uV+pRojL1kufc=",
"Status": 0
}


02.09.2026 6:44:14	Information:	Ping ret is {"Status":0,"Comment":null}
02.09.2026 6:44:35	Information:	refresh tokens
02.09.2026 6:46:15	Information:	url https://lab-vko.dmed.kz/ /api/DriverManager/PingDevice
02.09.2026 6:46:15	Information:	{
"Hash": "w9LjvpRCyoByGV3Lzv0iX9dSI0tLK0uV+pRojL1kufc=",
"Status": 0
}


02.09.2026 6:46:15	Information:	Ping ret is {"Status":0,"Comment":null}
02.09.2026 6:48:15	Information:	url https://lab-vko.dmed.kz/ /api/DriverManager/PingDevice
02.09.2026 6:48:15	Information:	{
"Hash": "w9LjvpRCyoByGV3Lzv0iX9dSI0tLK0uV+pRojL1kufc=",
"Status": 0
}


02.09.2026 6:48:15	Information:	Ping ret is {"Status":0,"Comment":null}
02.09.2026 6:50:16	Information:	url https://lab-vko.dmed.kz/ /api/DriverManager/PingDevice
02.09.2026 6:50:16	Information:	{
"Hash": "w9LjvpRCyoByGV3Lzv0iX9dSI0tLK0uV+pRojL1kufc=",
"Status": 0
}


02.09.2026 6:50:16	Information:	Ping ret is {"Status":0,"Comment":null}
02.09.2026 6:52:17	Information:	url https://lab-vko.dmed.kz/ /api/DriverManager/PingDevice
02.09.2026 6:52:17	Information:	{
"Hash": "w9LjvpRCyoByGV3Lzv0iX9dSI0tLK0uV+pRojL1kufc=",
"Status": 0
}


02.09.2026 6:52:17	Information:	Ping ret is {"Status":0,"Comment":null}
02.09.2026 6:54:17	Information:	url https://lab-vko.dmed.kz/ /api/DriverManager/PingDevice
02.09.2026 6:54:17	Information:	{
"Hash": "w9LjvpRCyoByGV3Lzv0iX9dSI0tLK0uV+pRojL1kufc=",
"Status": 0
}


02.09.2026 6:54:17	Information:	Ping ret is {"Status":0,"Comment":null}
02.09.2026 6:54:35	Information:	refresh tokens
02.09.2026 6:56:18	Information:	url https://lab-vko.dmed.kz/ /api/DriverManager/PingDevice
02.09.2026 6:56:18	Information:	{
"Hash": "w9LjvpRCyoByGV3Lzv0iX9dSI0tLK0uV+pRojL1kufc=",
"Status": 0
}


02.09.2026 6:56:18	Information:	Ping ret is {"Status":0,"Comment":null}
02.09.2026 6:58:19	Information:	url https://lab-vko.dmed.kz/ /api/DriverManager/PingDevice
02.09.2026 6:58:19	Information:	{
"Hash": "w9LjvpRCyoByGV3Lzv0iX9dSI0tLK0uV+pRojL1kufc=",
"Status": 0
}


02.09.2026 6:58:19	Information:	Ping ret is {"Status":0,"Comment":null}
02.09.2026 7:00:19	Information:	url https://lab-vko.dmed.kz/ /api/DriverManager/PingDevice
02.09.2026 7:00:19	Information:	{
"Hash": "w9LjvpRCyoByGV3Lzv0iX9dSI0tLK0uV+pRojL1kufc=",
"Status": 0
}


02.09.2026 7:00:19	Information:	Ping ret is {"Status":0,"Comment":null}
02.09.2026 7:02:20	Information:	url https://lab-vko.dmed.kz/ /api/DriverManager/PingDevice
02.09.2026 7:02:20	Information:	{
"Hash": "w9LjvpRCyoByGV3Lzv0iX9dSI0tLK0uV+pRojL1kufc=",
"Status": 0
}


02.09.2026 7:02:20	Information:	Ping ret is {"Status":0,"Comment":null}
02.09.2026 7:04:20	Information:	url https://lab-vko.dmed.kz/ /api/DriverManager/PingDevice
02.09.2026 7:04:20	Information:	{
"Hash": "w9LjvpRCyoByGV3Lzv0iX9dSI0tLK0uV+pRojL1kufc=",
"Status": 0
}


02.09.2026 7:04:20	Information:	Ping ret is {"Status":0,"Comment":null}
02.09.2026 7:04:35	Information:	refresh tokens
02.09.2026 7:06:21	Information:	url https://lab-vko.dmed.kz/ /api/DriverManager/PingDevice
02.09.2026 7:06:21	Information:	{
"Hash": "w9LjvpRCyoByGV3Lzv0iX9dSI0tLK0uV+pRojL1kufc=",
"Status": 0
}


02.09.2026 7:06:21	Information:	Ping ret is {"Status":0,"Comment":null}
02.09.2026 7:08:21	Information:	url https://lab-vko.dmed.kz/ /api/DriverManager/PingDevice
02.09.2026 7:08:21	Information:	{
"Hash": "w9LjvpRCyoByGV3Lzv0iX9dSI0tLK0uV+pRojL1kufc=",
"Status": 0
}


02.09.2026 7:08:21	Information:	Ping ret is {"Status":0,"Comment":null}
02.09.2026 7:10:22	Information:	url https://lab-vko.dmed.kz/ /api/DriverManager/PingDevice
02.09.2026 7:10:22	Information:	{
"Hash": "w9LjvpRCyoByGV3Lzv0iX9dSI0tLK0uV+pRojL1kufc=",
"Status": 0
}


02.09.2026 7:10:22	Information:	Ping ret is {"Status":0,"Comment":null}
02.09.2026 7:12:22	Information:	url https://lab-vko.dmed.kz/ /api/DriverManager/PingDevice
02.09.2026 7:12:22	Information:	{
"Hash": "w9LjvpRCyoByGV3Lzv0iX9dSI0tLK0uV+pRojL1kufc=",
"Status": 0
}


02.09.2026 7:12:22	Information:	Ping ret is {"Status":0,"Comment":null}
02.09.2026 7:14:23	Information:	url https://lab-vko.dmed.kz/ /api/DriverManager/PingDevice
02.09.2026 7:14:23	Information:	{
"Hash": "w9LjvpRCyoByGV3Lzv0iX9dSI0tLK0uV+pRojL1kufc=",
"Status": 0
}


02.09.2026 7:14:23	Information:	Ping ret is {"Status":0,"Comment":null}
02.09.2026 7:14:35	Information:	refresh tokens
02.09.2026 7:16:23	Information:	url https://lab-vko.dmed.kz/ /api/DriverManager/PingDevice
02.09.2026 7:16:23	Information:	{
"Hash": "w9LjvpRCyoByGV3Lzv0iX9dSI0tLK0uV+pRojL1kufc=",
"Status": 0
}


02.09.2026 7:16:23	Information:	Ping ret is {"Status":0,"Comment":null}
02.09.2026 7:18:24	Information:	url https://lab-vko.dmed.kz/ /api/DriverManager/PingDevice
02.09.2026 7:18:24	Information:	{
"Hash": "w9LjvpRCyoByGV3Lzv0iX9dSI0tLK0uV+pRojL1kufc=",
"Status": 0
}


02.09.2026 7:18:24	Information:	Ping ret is {"Status":0,"Comment":null}
02.09.2026 7:20:24	Information:	url https://lab-vko.dmed.kz/ /api/DriverManager/PingDevice
02.09.2026 7:20:24	Information:	{
"Hash": "w9LjvpRCyoByGV3Lzv0iX9dSI0tLK0uV+pRojL1kufc=",
"Status": 0
}


02.09.2026 7:20:24	Information:	Ping ret is {"Status":0,"Comment":null}
02.09.2026 7:22:25	Information:	url https://lab-vko.dmed.kz/ /api/DriverManager/PingDevice
02.09.2026 7:22:25	Information:	{
"Hash": "w9LjvpRCyoByGV3Lzv0iX9dSI0tLK0uV+pRojL1kufc=",
"Status": 0
}


02.09.2026 7:22:25	Information:	Ping ret is {"Status":0,"Comment":null}
02.09.2026 7:24:25	Information:	url https://lab-vko.dmed.kz/ /api/DriverManager/PingDevice
02.09.2026 7:24:25	Information:	{
"Hash": "w9LjvpRCyoByGV3Lzv0iX9dSI0tLK0uV+pRojL1kufc=",
"Status": 0
}


02.09.2026 7:24:25	Information:	Ping ret is {"Status":0,"Comment":null}
02.09.2026 7:24:35	Information:	refresh tokens
02.09.2026 7:26:26	Information:	url https://lab-vko.dmed.kz/ /api/DriverManager/PingDevice
02.09.2026 7:26:26	Information:	{
"Hash": "w9LjvpRCyoByGV3Lzv0iX9dSI0tLK0uV+pRojL1kufc=",
"Status": 0
}


02.09.2026 7:26:26	Information:	Ping ret is {"Status":0,"Comment":null}
02.09.2026 7:28:26	Information:	url https://lab-vko.dmed.kz/ /api/DriverManager/PingDevice
02.09.2026 7:28:26	Information:	{
"Hash": "w9LjvpRCyoByGV3Lzv0iX9dSI0tLK0uV+pRojL1kufc=",
"Status": 0
}


02.09.2026 7:28:26	Information:	Ping ret is {"Status":0,"Comment":null}
02.09.2026 7:29:11	Information:	Received bytes(encoded):MSH|^~\&|||||20260902072812||ORU^R01|73|P|2.3.1||||0||ASCII|||PID|73|||||||O|||||||||||||||||||||||OBR|73|51563026|1|^|N|20260902071056|20260902071038|20260902071038||1^1||||20260902071038|?????|||||||||||||||||||||||||||||||||OBX|1|NM|CREA-S|Creatinine (Sarcosine Oxidase Method)|19.036423|?mol/L|-|N|||F||19.036423|20260902072812|||0||OBX|2|NM|UREA|Urea|3.972885|mmol/L|-|N|||F||3.972885|20260902072657|||0||
02.09.2026 7:29:11	Information:	Add Frame:
02.09.2026 7:29:11	Information:	MSH|^~\&|||||20260902072812||ORU^R01|73|P|2.3.1||||0||ASCII|||
02.09.2026 7:29:11	Information:	In Header
02.09.2026 7:29:11	Information:	MessageType: ORU
02.09.2026 7:29:11	Information:	After message type
02.09.2026 7:29:11	Information:	After ask
02.09.2026 7:29:11	Information:	After version
02.09.2026 7:29:11	Information:	Add Frame:
02.09.2026 7:29:11	Information:	PID|73|||||||O|||||||||||||||||||||||
02.09.2026 7:29:11	Information:	Add Frame:
02.09.2026 7:29:11	Information:	OBR|73|51563026|1|^|N|20260902071056|20260902071038|20260902071038||1^1||||20260902071038|?????|||||||||||||||||||||||||||||||||
02.09.2026 7:29:11	Information:	Add Frame:
02.09.2026 7:29:11	Information:	OBX|1|NM|CREA-S|Creatinine (Sarcosine Oxidase Method)|19.036423|?mol/L|-|N|||F||19.036423|20260902072812|||0||
02.09.2026 7:29:11	Information:	Add Frame:
02.09.2026 7:29:11	Information:	OBX|2|NM|UREA|Urea|3.972885|mmol/L|-|N|||F||3.972885|20260902072657|||0||
02.09.2026 7:29:11	Information:	Add Frame:
02.09.2026 7:29:11	Information:	
02.09.2026 7:29:11	Debug:	read message: 11ms
02.09.2026 7:29:11	Information:	The answer message is created successfully
02.09.2026 7:29:11	Information:	Sending answer...
02.09.2026 7:29:11	Information:	We are in ORU Message
02.09.2026 7:29:11	Information:	MSH MSH|^~\&|||||20260902072812||ORU^R01|73|P|2.3.1||||0||ASCII||||
02.09.2026 7:29:11	Information:	PID PID|73|||||||O||||||||||||||||||||||||
02.09.2026 7:29:11	Information:	PatientRecord in message is successfully  processed
02.09.2026 7:29:11	Information:	The patient order is successfully processed
02.09.2026 7:29:11	Information:	The order record is successfully processed
02.09.2026 7:29:11	Information:	The order record is successfully processed
02.09.2026 7:29:11	Information:	The ORU message is successfully processed
02.09.2026 7:29:11	Debug:	Process message: 4ms
02.09.2026 7:29:11	Debug:	Total time : 16ms
02.09.2026 7:29:11	Information:	Sended bytes:  11 77 83 72 124 94 126 92 38 124 77 105 110 100 114 97 121 124 124 124 124 50 48 50 54 48 57 48 50 48 55 50 57 49 49 124 124 65 67 75 94 82 48 49 124 55 51 124 80 124 50 46 51 46 49 124 124 124 124 48 124 124 117 115 45 97 115 99 105 105 124 124 124 13 77 83 65 124 65 65 124 55 51 124 77 101 115 115 97 103 101 32 97 99 99 101 112 116 101 100 124 124 124 48 124 13 28 13
02.09.2026 7:29:11	Information:	Sended string MSH|^~\&|Mindray||||20260902072911||ACK^R01|73|P|2.3.1||||0||us-ascii|||MSA|AA|73|Message accepted|||0|
02.09.2026 7:29:11	Debug:	SendResults:	check DriverRequests=	0	ms
02.09.2026 7:29:11	Information:	ByBarcode 51563026
02.09.2026 7:29:12	Information:	GetLinesByBarcodes
02.09.2026 7:29:12	Information:	{
"WorkPlaceID": 20747,
"BeginDate": "2026-06-03",
"EndDate": "2026-09-03",
"OrderNumber": "51563026",
"Offset": 0,
"Limit": 1
}


02.09.2026 7:29:12	Information:	GetByBarcodeReturn: 
02.09.2026 7:29:12	Information:	{"Data":[{"ID":31153591,"StrID":"31153591","OrderNumber":"51563026","OrderRegDate":"2026-09-02T06:35:59.703","PlanExecutionDate":"2026-09-02T06:35:00","SenderMoID":45500000000000909,"SenderMo":{"NameRU":"Некоммерческое акционерное общество \"Медицинский университет Семей\"","NameKZ":"\"Семей медицина университеті\" коммерциялық емес акционерлік қоғамы","Name":"Некоммерческое акционерное общество \"Медицинский университет Семей\"","ShortNameRU":"НАО \"МУС\"","ShortNameKZ":"\"СМУ\" КеАҚ","ShortName":"НАО \"МУС\"","PublicCode":"237J","AddressRU":"ВКО, г. Семей, ул. Абая Кунанбаева 103","AddressKZ":"ВКО, г. Семей, ул. Абая Кунанбаева 103","Address":"ВКО, г. Семей, ул. Абая Кунанбаева 103","OriginalID":"45500000000000909","IsWork":true,"RegionID":20,"BIN":"190240004938","MasterDataID":4911,"PhonesData":{"OrgHealthCarePhones":[]},"IsPostmortem":false,"IsHospital":true,"Code":null,"ID":"45500000000000909","StrID":"45500000000000909"},"ReceiverMoID":45500000000000909,"ReceiverMo":null,"PatientDetailID":41074893,"PatientDetail":{"PersonID":"2328047","Person":{"IIN":"240322653218","LastName":"РАХМЕТОВА","FirstName":"АЛАНА","SecondName":"АЛТАЙҚЫЗЫ","FullName":"РАХМЕТОВА АЛАНА АЛТАЙҚЫЗЫ","FullNameIOF":"АЛАНА АЛТАЙҚЫЗЫ РАХМЕТОВА","DisplayText":"240322653218 АЛАНА АЛТАЙҚЫЗЫ РАХМЕТОВА 22.03.2024","IinFullName":"240322653218 - РАХМЕТОВА АЛАНА АЛТАЙҚЫЗЫ","BirthDate":"2024-03-22T00:00:00","BirthDateStr":"22.03.2024","DeathDate":null,"DeathDateStr":"","BioSexID":2,"BioSex":null,"NationalityID":null,"Nationality":null,"CitizenshipID":85,"Citizenship":null,"MasterDataID":148163538,"RpnID":"15300000055141357","KmisID":"60300000001597729","Type":1,"Age":0,"IsStillborn":false,"IsEarlyNeonatalDeathUp28days":false,"IsDeadPerson":false,"ID":"2328047","StrID":"2328047"},"AddressRU":"РЕСПУБЛИКА: Казахстан , ОБЛАСТЬ: Абайская , ГОРОД ОБЛ.ЗНАЧ.: Семей , УЛИЦА: ГОГОЛЯ, ДОМ: 106 , КВАРТИРА: 17","AddressKZ":": Қазақстан , : Абай , : Семей Қ. , ГОГОЛЬ көшесі, ҮЙ: 106 , ПӘТЕР: 17","Address":"РЕСПУБЛИКА: Казахстан , ОБЛАСТЬ: Абайская , ГОРОД ОБЛ.ЗНАЧ.: Семей , УЛИЦА: ГОГОЛЯ, ДОМ: 106 , КВАРТИРА: 17","MasterDataAddressID":11624659,"WorkPlace":"Сад/Детский сад НУРДАУЛЕТ , группа родничок, ","WorkPosition":null,"DocumentNumber":null,"DocumentTypeID":null,"DocumentType":null,"NationalityID":null,"DocumentTypeName":null,"Phones":"+7 (705) 234-77-77","ExternalCardID":"5974147","CardType":1,"CardNumber":"67506","CitizenshipCategoryID":1,"CitizenshipCategory":null,"ResidenceTypeID":3,"ResidenceType":null,"MotherPersonID":1154875,"MotherPerson":null,"IsForeigner":false,"IsHomeless":false,"IsDeadPerson":false,"IsResident":true,"ID":"41074893","StrID":"41074893"},"Person":{"IIN":"240322653218","LastName":"РАХМЕТОВА","FirstName":"АЛАНА","SecondName":"АЛТАЙҚЫЗЫ","FullName":"РАХМЕТОВА АЛАНА АЛТАЙҚЫЗЫ","FullNameIOF":"АЛАНА АЛТАЙҚЫЗЫ РАХМЕТОВА","DisplayText":"240322653218 АЛАНА АЛТАЙҚЫЗЫ РАХМЕТОВА 22.03.2024","IinFullName":"240322653218 - РАХМЕТОВА АЛАНА АЛТАЙҚЫЗЫ","BirthDate":"2024-03-22T00:00:00","BirthDateStr":"22.03.2024","DeathDate":null,"DeathDateStr":"","BioSexID":2,"BioSex":null,"NationalityID":null,"Nationality":null,"CitizenshipID":85,"Citizenship":null,"MasterDataID":148163538,"RpnID":"15300000055141357","KmisID":"60300000001597729","Type":1,"Age":0,"IsStillborn":false,"IsEarlyNeonatalDeathUp28days":false,"IsDeadPerson":false,"ID":"2328047","StrID":"2328047"},"IsCito":true,"ExternalSystem":1,"OrderResultFileID":null,"OrderResultFileStorageID":null,"OrderResultDate":null,"Status":1,"DeleteDate":null,"ResultNotes":null,"Comment":"","ExternalOrderNumber":"51563026","ExaminationTypeID":null,"ExaminationType":null,"ExaminationIndicationID":null,"ExaminationIndication":null,"Uid":"1BB21A5F-CCBE-4DEA-AE79-58708DB69854","SenderPostFullName":"ӘСЕТОВ ЖАСҰЛАН ӘСЕТҰЛЫ","SenderFuncStructureNameRU":"Отделение детской травматологии","SenderFuncStructureNameKZ":"Балалар травматологиясы бөлімі","IsSamplingOfMaterialsAtReceiver":false,"MisID":42171628,"Materials":[{"OrderID":31153591,"Uid":"ea5a7128-5f61-4a91-8bd8-18790d3c2360","MaterialNumber":"51563026","MaterialTypeID":363,"MaterialType":{"OrderBy":0,"ParentID":202,"HasChildren":false,"MasterDataID":489,"Parent":null,"NameRU":"Кровь венозная","NameKZ":"Кровь венозная","Name":"Кровь венозная","PublicCode":"36300","EndDate":null,"ID":"363","StrID":"363"},"TakeDate":"2026-09-02T06:35:00","TakeDateStr":"02.09.2026 06:35","TakePlace":"ДЕТ Т О","RejectionReason":null,"RejectionTakenMeasures":null,"ReceiptDate":null,"ReceiptDateStr":null,"RejectionCreatePostID":null,"RejectionCreatePost":null,"SampleCollectorPostIIN":"720916400879","SampleCollectorPostID":null,"Researches":[],"RejectedMaterialImageID":null,"File":null,"ID":"31440364","StrID":"31440364"}],"Researches":[]}],"Total":1}
02.09.2026 7:29:12	Information:	OrderedWW 51563026 Biomat 0 Device 20747
02.09.2026 7:29:12	Information:	ResearchResult
02.09.2026 7:29:12	Information:	{
"OrderID": "31153591",
"WorkPlaceID": 20747
}


02.09.2026 7:29:12	Information:	[{"OrderResearchID":67138750,"OrderResearch":null,"ParameterID":200852,"Parameter":{"ShortNameRU":"мочевина в сыворотке крови","ShortNameKZ":"қан сарысуындағы несепнәр","ShortName":"мочевина в сыворотке крови","DataType":0,"DataTypeName":"Число","UnitTypeID":100051,"UnitType":{"OrderBy":52,"MasterDataID":null,"CDD_ID":null,"NameRU":"ммоль/л","NameKZ":"ммоль/л","Name":"ммоль/л","PublicCode":"10005100","EndDate":null,"ID":"100051","StrID":"100051"},"MedicalFormID":null,"MasterDataID":0,"MedicalForm":null,"NameWithDataType":"мочевина в сыворотке крови  (Число)","NameRU":"мочевина в сыворотке крови","NameKZ":"қан сарысуындағы несепнәр","Name":"мочевина в сыворотке крови","PublicCode":"20085200","EndDate":null,"ID":"200852","StrID":"200852"},"ParameterValues":null,"ParameterValueID":null,"ParameterValue":null,"ResultText":null,"ResultValue":null,"ResultDate":"2026-09-02T07:29:13.1883074+05:00","PostID":"0","Post":null,"ExecuteMethod":2,"SourceResultText":null,"SourceResultValue":null,"SourceResultExpression":null,"SourceUnitTypeID":100051,"SourceUnitType":{"OrderBy":52,"MasterDataID":null,"CDD_ID":null,"NameRU":"ммоль/л","NameKZ":"ммоль/л","Name":"ммоль/л","PublicCode":"10005100","EndDate":null,"ID":"100051","StrID":"100051"},"MultiplierID":null,"IsApproved":false,"IsValidated":false,"StandardMatchType":0,"ApproveDate":null,"ApprovePostID":null,"ApprovePost":null,"OrderNum":1,"WorkPlaceID":20747,"OrderID":null,"BacteriologyResult":null,"AnalyzerId":null,"IsOrderProductionControl":false,"ID":"0","StrID":"0"},{"OrderResearchID":67138749,"OrderResearch":null,"ParameterID":200744,"Parameter":{"ShortNameRU":"креатинин в крови","ShortNameKZ":"қандағы креатинин","ShortName":"креатинин в крови","DataType":0,"DataTypeName":"Число","UnitTypeID":100041,"UnitType":{"OrderBy":42,"MasterDataID":null,"CDD_ID":null,"NameRU":"мкмоль/л","NameKZ":"мкмоль/л","Name":"мкмоль/л","PublicCode":"10004100","EndDate":null,"ID":"100041","StrID":"100041"},"MedicalFormID":null,"MasterDataID":0,"MedicalForm":null,"NameWithDataType":"креатинин в крови  (Число)","NameRU":"креатинин в крови","NameKZ":"қандағы креатинин","Name":"креатинин в крови","PublicCode":"20074400","EndDate":null,"ID":"200744","StrID":"200744"},"ParameterValues":null,"ParameterValueID":null,"ParameterValue":null,"ResultText":null,"ResultValue":null,"ResultDate":"2026-09-02T07:29:13.1883074+05:00","PostID":"0","Post":null,"ExecuteMethod":2,"SourceResultText":null,"SourceResultValue":null,"SourceResultExpression":null,"SourceUnitTypeID":100041,"SourceUnitType":{"OrderBy":42,"MasterDataID":null,"CDD_ID":null,"NameRU":"мкмоль/л","NameKZ":"мкмоль/л","Name":"мкмоль/л","PublicCode":"10004100","EndDate":null,"ID":"100041","StrID":"100041"},"MultiplierID":null,"IsApproved":false,"IsValidated":false,"StandardMatchType":0,"ApproveDate":null,"ApprovePostID":null,"ApprovePost":null,"OrderNum":1,"WorkPlaceID":20747,"OrderID":null,"BacteriologyResult":null,"AnalyzerId":null,"IsOrderProductionControl":false,"ID":"0","StrID":"0"}]
02.09.2026 7:29:12	Information:	TestsWW spec 200852, spec 200744, 
02.09.2026 7:29:12	Information:	Querry lines count: 1
02.09.2026 7:29:12	Debug:	SendResults:	fix DriverRequests=	344	ms
02.09.2026 7:29:12	Information:	SAMPLE! 51563026 DeviceDriverResult Sample: 51563026 Suggest: . Do Request True
02.09.2026 7:29:12	Information:	Sample request count: 1
02.09.2026 7:29:12	Information:	MU is ?mol/L
02.09.2026 7:29:12	Information:	Driver Collations count 0
02.09.2026 7:29:12	Information:	MU collations count=0
02.09.2026 7:29:12	Information:	MU is mmol/L
02.09.2026 7:29:12	Information:	Driver Collations count 0
02.09.2026 7:29:12	Information:	MU collations count=0
02.09.2026 7:29:12	Debug:	SendResults:	SetTestsValues first SetTestsValues=	11	ms
02.09.2026 7:29:12	Debug:	SendResults:	Device Total = 359 ms
02.09.2026 7:29:12	Information:	Saving 51563026
02.09.2026 7:29:12	Information:	Start test result saving
02.09.2026 7:29:12	Information:	Result object to save: 
02.09.2026 7:29:12	Information:	{"OrderResearchID":67138750,"OrderResearch":null,"ParameterID":200852,"Parameter":{"ShortNameRU":"мочевина в сыворотке крови","ShortNameKZ":"қан сарысуындағы несепнәр","ShortName":"мочевина в сыворотке крови","DataType":0,"DataTypeName":"Число","UnitTypeID":100051,"UnitType":{"NameRU":"ммоль/л","NameKZ":"ммоль/л","Name":"ммоль/л","PublicCode":"10005100","OrderBy":52,"ID":100051,"StrID":"100051"},"MedicalFormID":null,"MedicalForm":null,"NameRU":"мочевина в сыворотке крови","NameKZ":"қан сарысуындағы несепнәр","Name":"мочевина в сыворотке крови","PublicCode":"20085200","OrderBy":null,"ID":200852,"StrID":"200852"},"ParameterValueID":null,"ParameterValue":null,"ResultText":"3.97","ResultValue":null,"ResultDate":"2026-09-02T07:29:13.1883074+05:00","PostID":0,"Post":null,"ExecuteMethod":2,"SourceResultText":"3.97","SourceResultValue":null,"SourceResultExpression":null,"SourceUnitTypeID":100051,"SourceUnitType":{"NameRU":"ммоль/л","NameKZ":"ммоль/л","Name":"ммоль/л","PublicCode":"10005100","OrderBy":52,"ID":100051,"StrID":"100051"},"IsApproved":false,"ApproveDate":null,"ApprovePostID":null,"ApprovePost":null,"OrderNum":1,"WorkPlaceID":20747,"DriverManagerID":150,"BacteriologyResult":null,"AnalyzerId":38,"IsOrderProductionControl":false,"ID":0,"StrID":"0"}
02.09.2026 7:29:12	Information:	Save string: 
02.09.2026 7:29:12	Information:	{"OrderResearchID":67138750,"OrderResearch":{"OrderID":31153591,"ServiceMoID":2164626,"ServiceMoMasterDataID":8269504,"ServiceMo":{"OrgHealthCareID":"45500000000000909","ServiceID":295,"NameRU":"Определение мочевины в сыворотке крови на анализаторе","NameKZ":"Қан сарысуындағы несепнәрді  талдауышта анықтау ","Name":"Определение мочевины в сыворотке крови на анализаторе","ShortNameRU":"Определение мочевины в сыворотке крови на анализаторе","ShortNameKZ":"Қан сарысуындағы несепнәрді  талдауышта анықтау ","ShortName":"Определение мочевины в сыворотке крови на анализаторе","FullName":"B03.386.002 - Определение мочевины в сыворотке крови на анализаторе","Code":"B03.386.002","ExternalCode":null,"ServiceClassID":5,"ServiceClass":{"ServiceTypeID":2,"OrderBy":5,"MasterDataID":5,"NameRU":"Клиническая химия (биохимия)","NameKZ":"Клиникалық химия (биохимия)","Name":"Клиническая химия (биохимия)","PublicCode":"500","EndDate":null,"ID":"5","StrID":"5"},"Service":{"NameRU":"Определение мочевины в сыворотке крови на анализаторе","NameKZ":"Қан сарысуындағы несепнәрді талдауышта анықтау","Name":"Определение мочевины в сыворотке крови на анализаторе","ShortNameRU":"Мочевина на анализаторе","ShortNameKZ":"Мочевина на анализаторе","ShortName":"Мочевина на анализаторе","FullName":"B03.386.002 - Определение мочевины в сыворотке крови на анализаторе","Code":"B03.386.002","ServiceClassID":5,"ServiceClass":null,"ServiceSubClassID":6,"ServiceSubClass":null,"MaterialTypeID":202,"MaterialType":null,"MasterDataID":3136,"ID":"295","StrID":"295"},"MasterDataID":8269504,"ServiceSubClassID":6,"PayType":1,"ServiceSubClass":null,"ID":"2164626","StrID":"2164626"},"FullName":"B03.386.002 - Определение мочевины в сыворотке крови на анализаторе  () ","IsMain":true,"SourceID":"145106008_34013638","WorkPlaceID":20747,"WorkPlace":null,"DriverManager":null,"ParameterID":null,"Parameter":null,"AdditionalInfo":null,"Status":1,"PerformetServiceCount":7,"ResearchResultCount":0,"ApproveResearchResultCount":0,"NotSaveResearchResultCount":0,"ParentID":null,"ScreeningCandidatePlanGuid":null,"ScreeningUrl":null,"TakePlace":null,"MaterialTypeID":null,"MaterialType":null,"PartCount":0,"IsOrderProductionControl":false,"Uid":"d8c2c782-f7a9-40eb-9236-ec7025e0c248","OrderPerformerServices":[],"OrderResearchAllergens":[],"Results":[],"IsResumed":false,"ExecutionType":0,"ID":"67138750","StrID":"67138750"},"ParameterID":200852,"Parameter":{"ShortNameRU":"мочевина в сыворотке крови","ShortNameKZ":"қан сарысуындағы несепнәр","ShortName":"мочевина в сыворотке крови","DataType":0,"DataTypeName":"Число","UnitTypeID":100051,"UnitType":null,"MedicalFormID":null,"MasterDataID":0,"MedicalForm":null,"NameWithDataType":"мочевина в сыворотке крови  (Число)","NameRU":"мочевина в сыворотке крови","NameKZ":"қан сарысуындағы несепнәр","Name":"мочевина в сыворотке крови","PublicCode":"20085200","EndDate":null,"ID":"200852","StrID":"200852"},"ParameterValues":null,"ParameterValueID":null,"ParameterValue":null,"ResultText":"3.97","ResultValue":"3.97","ResultDate":"2026-09-02T07:29:13.3283073+05:00","PostID":"189416","Post":null,"ExecuteMethod":2,"SourceResultText":"3.97","SourceResultValue":"3.97","SourceResultExpression":null,"SourceUnitTypeID":100051,"SourceUnitType":{"OrderBy":52,"MasterDataID":null,"CDD_ID":null,"NameRU":"ммоль/л","NameKZ":"ммоль/л","Name":"ммоль/л","PublicCode":"10005100","EndDate":null,"ID":"100051","StrID":"100051"},"MultiplierID":null,"IsApproved":false,"IsValidated":false,"StandardMatchType":0,"ApproveDate":null,"ApprovePostID":null,"ApprovePost":null,"OrderNum":1,"WorkPlaceID":20747,"OrderID":null,"BacteriologyResult":null,"AnalyzerId":38,"IsOrderProductionControl":false,"ID":"207352181","StrID":"207352181"}
02.09.2026 7:29:12	Information:	Result object to save: 
02.09.2026 7:29:12	Information:	{"OrderResearchID":67138749,"OrderResearch":null,"ParameterID":200744,"Parameter":{"ShortNameRU":"креатинин в крови","ShortNameKZ":"қандағы креатинин","ShortName":"креатинин в крови","DataType":0,"DataTypeName":"Число","UnitTypeID":100041,"UnitType":{"NameRU":"мкмоль/л","NameKZ":"мкмоль/л","Name":"мкмоль/л","PublicCode":"10004100","OrderBy":42,"ID":100041,"StrID":"100041"},"MedicalFormID":null,"MedicalForm":null,"NameRU":"креатинин в крови","NameKZ":"қандағы креатинин","Name":"креатинин в крови","PublicCode":"20074400","OrderBy":null,"ID":200744,"StrID":"200744"},"ParameterValueID":null,"ParameterValue":null,"ResultText":"19.04","ResultValue":null,"ResultDate":"2026-09-02T07:29:13.1883074+05:00","PostID":0,"Post":null,"ExecuteMethod":2,"SourceResultText":"19.04","SourceResultValue":null,"SourceResultExpression":null,"SourceUnitTypeID":100041,"SourceUnitType":{"NameRU":"мкмоль/л","NameKZ":"мкмоль/л","Name":"мкмоль/л","PublicCode":"10004100","OrderBy":42,"ID":100041,"StrID":"100041"},"IsApproved":false,"ApproveDate":null,"ApprovePostID":null,"ApprovePost":null,"OrderNum":1,"WorkPlaceID":20747,"DriverManagerID":150,"BacteriologyResult":null,"AnalyzerId":38,"IsOrderProductionControl":false,"ID":0,"StrID":"0"}
02.09.2026 7:29:12	Information:	Save string: 
02.09.2026 7:29:12	Information:	{"OrderResearchID":67138749,"OrderResearch":{"OrderID":31153591,"ServiceMoID":2164651,"ServiceMoMasterDataID":8269505,"ServiceMo":{"OrgHealthCareID":"45500000000000909","ServiceID":296,"NameRU":"Определение креатинина в сыворотке крови на анализаторе","NameKZ":"Қан сарысуындағы  креатининді талдауышта анықтау ","Name":"Определение креатинина в сыворотке крови на анализаторе","ShortNameRU":"Определение креатинина в сыворотке крови на анализаторе","ShortNameKZ":"Қан сарысуындағы  креатининді талдауышта анықтау ","ShortName":"Определение креатинина в сыворотке крови на анализаторе","FullName":"B03.363.002 - Определение креатинина в сыворотке крови на анализаторе","Code":"B03.363.002","ExternalCode":null,"ServiceClassID":5,"ServiceClass":{"ServiceTypeID":2,"OrderBy":5,"MasterDataID":5,"NameRU":"Клиническая химия (биохимия)","NameKZ":"Клиникалық химия (биохимия)","Name":"Клиническая химия (биохимия)","PublicCode":"500","EndDate":null,"ID":"5","StrID":"5"},"Service":{"NameRU":"Определение креатинина в сыворотке крови на анализаторе","NameKZ":"Қан сарысуындағы креатининді талдауышта анықтау","Name":"Определение креатинина в сыворотке крови на анализаторе","ShortNameRU":"Креатинин на анализаторе","ShortNameKZ":"Креатинин на анализаторе","ShortName":"Креатинин на анализаторе","FullName":"B03.363.002 - Определение креатинина в сыворотке крови на анализаторе","Code":"B03.363.002","ServiceClassID":5,"ServiceClass":null,"ServiceSubClassID":6,"ServiceSubClass":null,"MaterialTypeID":202,"MaterialType":null,"MasterDataID":3137,"ID":"296","StrID":"296"},"MasterDataID":8269505,"ServiceSubClassID":6,"PayType":1,"ServiceSubClass":null,"ID":"2164651","StrID":"2164651"},"FullName":"B03.363.002 - Определение креатинина в сыворотке крови на анализаторе  () ","IsMain":true,"SourceID":"145106008_34013637","WorkPlaceID":20747,"WorkPlace":null,"DriverManager":null,"ParameterID":null,"Parameter":null,"AdditionalInfo":null,"Status":1,"PerformetServiceCount":7,"ResearchResultCount":0,"ApproveResearchResultCount":0,"NotSaveResearchResultCount":0,"ParentID":null,"ScreeningCandidatePlanGuid":null,"ScreeningUrl":null,"TakePlace":null,"MaterialTypeID":null,"MaterialType":null,"PartCount":0,"IsOrderProductionControl":false,"Uid":"fe8f56d9-ea17-4570-9f2c-0210f4dbae5d","OrderPerformerServices":[],"OrderResearchAllergens":[],"Results":[],"IsResumed":false,"ExecutionType":0,"ID":"67138749","StrID":"67138749"},"ParameterID":200744,"Parameter":{"ShortNameRU":"креатинин в крови","ShortNameKZ":"қандағы креатинин","ShortName":"креатинин в крови","DataType":0,"DataTypeName":"Число","UnitTypeID":100041,"UnitType":null,"MedicalFormID":null,"MasterDataID":0,"MedicalForm":null,"NameWithDataType":"креатинин в крови  (Число)","NameRU":"креатинин в крови","NameKZ":"қандағы креатинин","Name":"креатинин в крови","PublicCode":"20074400","EndDate":null,"ID":"200744","StrID":"200744"},"ParameterValues":null,"ParameterValueID":null,"ParameterValue":null,"ResultText":"19.04","ResultValue":"19.04","ResultDate":"2026-09-02T07:29:13.4064259+05:00","PostID":"189416","Post":null,"ExecuteMethod":2,"SourceResultText":"19.04","SourceResultValue":"19.04","SourceResultExpression":null,"SourceUnitTypeID":100041,"SourceUnitType":{"OrderBy":42,"MasterDataID":null,"CDD_ID":null,"NameRU":"мкмоль/л","NameKZ":"мкмоль/л","Name":"мкмоль/л","PublicCode":"10004100","EndDate":null,"ID":"100041","StrID":"100041"},"MultiplierID":null,"IsApproved":false,"IsValidated":false,"StandardMatchType":0,"ApproveDate":null,"ApprovePostID":null,"ApprovePost":null,"OrderNum":1,"WorkPlaceID":20747,"OrderID":null,"BacteriologyResult":null,"AnalyzerId":38,"IsOrderProductionControl":false,"ID":"207352182","StrID":"207352182"}
02.09.2026 7:29:12	Debug:	 SendResults SaveDeviceResults = 217 ms
02.09.2026 7:29:12	Debug:	 total for SendResults = 579 ms
02.09.2026 7:30:27	Information:	url https://lab-vko.dmed.kz/ /api/DriverManager/PingDevice
02.09.2026 7:30:27	Information:	{
"Hash": "w9LjvpRCyoByGV3Lzv0iX9dSI0tLK0uV+pRojL1kufc=",
"Status": 0
}


02.09.2026 7:30:27	Information:	Ping ret is {"Status":0,"Comment":null}
02.09.2026 7:32:28	Information:	url https://lab-vko.dmed.kz/ /api/DriverManager/PingDevice
02.09.2026 7:32:28	Information:	{
"Hash": "w9LjvpRCyoByGV3Lzv0iX9dSI0tLK0uV+pRojL1kufc=",
"Status": 0
}


02.09.2026 7:32:28	Information:	Ping ret is {"Status":0,"Comment":null}
02.09.2026 7:34:28	Information:	url https://lab-vko.dmed.kz/ /api/DriverManager/PingDevice
02.09.2026 7:34:28	Information:	{
"Hash": "w9LjvpRCyoByGV3Lzv0iX9dSI0tLK0uV+pRojL1kufc=",
"Status": 0
}


02.09.2026 7:34:28	Information:	Ping ret is {"Status":0,"Comment":null}
02.09.2026 7:34:35	Information:	refresh tokens
02.09.2026 7:36:29	Information:	url https://lab-vko.dmed.kz/ /api/DriverManager/PingDevice
02.09.2026 7:36:29	Information:	{
"Hash": "w9LjvpRCyoByGV3Lzv0iX9dSI0tLK0uV+pRojL1kufc=",
"Status": 0
}


02.09.2026 7:36:29	Information:	Ping ret is {"Status":0,"Comment":null}
02.09.2026 7:38:30	Information:	url https://lab-vko.dmed.kz/ /api/DriverManager/PingDevice
02.09.2026 7:38:30	Information:	{
"Hash": "w9LjvpRCyoByGV3Lzv0iX9dSI0tLK0uV+pRojL1kufc=",
"Status": 0
}


02.09.2026 7:38:30	Information:	Ping ret is {"Status":0,"Comment":null}
02.09.2026 7:40:31	Information:	url https://lab-vko.dmed.kz/ /api/DriverManager/PingDevice
02.09.2026 7:40:31	Information:	{
"Hash": "w9LjvpRCyoByGV3Lzv0iX9dSI0tLK0uV+pRojL1kufc=",
"Status": 0
}


02.09.2026 7:40:31	Information:	Ping ret is {"Status":0,"Comment":null}
02.09.2026 7:42:31	Information:	url https://lab-vko.dmed.kz/ /api/DriverManager/PingDevice
02.09.2026 7:42:31	Information:	{
"Hash": "w9LjvpRCyoByGV3Lzv0iX9dSI0tLK0uV+pRojL1kufc=",
"Status": 0
}


02.09.2026 7:42:31	Information:	Ping ret is {"Status":0,"Comment":null}
02.09.2026 7:44:32	Information:	url https://lab-vko.dmed.kz/ /api/DriverManager/PingDevice
02.09.2026 7:44:32	Information:	{
"Hash": "w9LjvpRCyoByGV3Lzv0iX9dSI0tLK0uV+pRojL1kufc=",
"Status": 0
}


02.09.2026 7:44:32	Information:	Ping ret is {"Status":0,"Comment":null}
02.09.2026 7:44:35	Information:	refresh tokens
02.09.2026 7:46:33	Information:	url https://lab-vko.dmed.kz/ /api/DriverManager/PingDevice
02.09.2026 7:46:33	Information:	{
"Hash": "w9LjvpRCyoByGV3Lzv0iX9dSI0tLK0uV+pRojL1kufc=",
"Status": 0
}


02.09.2026 7:46:33	Information:	Ping ret is {"Status":0,"Comment":null}
02.09.2026 7:48:33	Information:	url https://lab-vko.dmed.kz/ /api/DriverManager/PingDevice
02.09.2026 7:48:33	Information:	{
"Hash": "w9LjvpRCyoByGV3Lzv0iX9dSI0tLK0uV+pRojL1kufc=",
"Status": 0
}


02.09.2026 7:48:33	Information:	Ping ret is {"Status":0,"Comment":null}
02.09.2026 7:50:34	Information:	url https://lab-vko.dmed.kz/ /api/DriverManager/PingDevice
02.09.2026 7:50:34	Information:	{
"Hash": "w9LjvpRCyoByGV3Lzv0iX9dSI0tLK0uV+pRojL1kufc=",
"Status": 0
}


02.09.2026 7:50:34	Information:	Ping ret is {"Status":0,"Comment":null}
02.09.2026 7:52:34	Information:	url https://lab-vko.dmed.kz/ /api/DriverManager/PingDevice
02.09.2026 7:52:35	Information:	{
"Hash": "w9LjvpRCyoByGV3Lzv0iX9dSI0tLK0uV+pRojL1kufc=",
"Status": 0
}


02.09.2026 7:52:35	Information:	Ping ret is {"Status":0,"Comment":null}
02.09.2026 7:54:35	Information:	url https://lab-vko.dmed.kz/ /api/DriverManager/PingDevice
02.09.2026 7:54:35	Information:	{
"Hash": "w9LjvpRCyoByGV3Lzv0iX9dSI0tLK0uV+pRojL1kufc=",
"Status": 0
}


02.09.2026 7:54:35	Information:	Ping ret is {"Status":0,"Comment":null}
02.09.2026 7:54:35	Information:	refresh tokens
02.09.2026 7:56:36	Information:	url https://lab-vko.dmed.kz/ /api/DriverManager/PingDevice
02.09.2026 7:56:36	Information:	{
"Hash": "w9LjvpRCyoByGV3Lzv0iX9dSI0tLK0uV+pRojL1kufc=",
"Status": 0
}


02.09.2026 7:56:36	Information:	Ping ret is {"Status":0,"Comment":null}
02.09.2026 7:58:37	Information:	url https://lab-vko.dmed.kz/ /api/DriverManager/PingDevice
02.09.2026 7:58:37	Information:	{
"Hash": "w9LjvpRCyoByGV3Lzv0iX9dSI0tLK0uV+pRojL1kufc=",
"Status": 0
}


02.09.2026 7:58:37	Information:	Ping ret is {"Status":0,"Comment":null}
02.09.2026 8:00:38	Information:	url https://lab-vko.dmed.kz/ /api/DriverManager/PingDevice
02.09.2026 8:00:38	Information:	{
"Hash": "w9LjvpRCyoByGV3Lzv0iX9dSI0tLK0uV+pRojL1kufc=",
"Status": 0
}


02.09.2026 8:00:38	Information:	Ping ret is {"Status":0,"Comment":null}
02.09.2026 8:02:38	Information:	url https://lab-vko.dmed.kz/ /api/DriverManager/PingDevice
02.09.2026 8:02:39	Information:	{
"Hash": "w9LjvpRCyoByGV3Lzv0iX9dSI0tLK0uV+pRojL1kufc=",
"Status": 0
}


02.09.2026 8:02:39	Information:	Ping ret is {"Status":0,"Comment":null}
02.09.2026 8:04:35	Information:	refresh tokens
02.09.2026 8:04:39	Information:	url https://lab-vko.dmed.kz/ /api/DriverManager/PingDevice
02.09.2026 8:04:39	Information:	{
"Hash": "w9LjvpRCyoByGV3Lzv0iX9dSI0tLK0uV+pRojL1kufc=",
"Status": 0
}


02.09.2026 8:04:39	Information:	Ping ret is {"Status":0,"Comment":null}
02.09.2026 8:06:40	Information:	url https://lab-vko.dmed.kz/ /api/DriverManager/PingDevice
02.09.2026 8:06:40	Information:	{
"Hash": "w9LjvpRCyoByGV3Lzv0iX9dSI0tLK0uV+pRojL1kufc=",
"Status": 0
}


02.09.2026 8:06:40	Information:	Ping ret is {"Status":0,"Comment":null}
02.09.2026 8:08:40	Information:	url https://lab-vko.dmed.kz/ /api/DriverManager/PingDevice
02.09.2026 8:08:40	Information:	{
"Hash": "w9LjvpRCyoByGV3Lzv0iX9dSI0tLK0uV+pRojL1kufc=",
"Status": 0
}


02.09.2026 8:08:40	Information:	Ping ret is {"Status":0,"Comment":null}
02.09.2026 8:10:41	Information:	url https://lab-vko.dmed.kz/ /api/DriverManager/PingDevice
02.09.2026 8:10:41	Information:	{
"Hash": "w9LjvpRCyoByGV3Lzv0iX9dSI0tLK0uV+pRojL1kufc=",
"Status": 0
}


02.09.2026 8:10:41	Information:	Ping ret is {"Status":0,"Comment":null}
02.09.2026 8:12:41	Information:	url https://lab-vko.dmed.kz/ /api/DriverManager/PingDevice
02.09.2026 8:12:41	Information:	{
"Hash": "w9LjvpRCyoByGV3Lzv0iX9dSI0tLK0uV+pRojL1kufc=",
"Status": 0
}


02.09.2026 8:12:41	Information:	Ping ret is {"Status":0,"Comment":null}
02.09.2026 8:14:35	Information:	refresh tokens
02.09.2026 8:14:42	Information:	url https://lab-vko.dmed.kz/ /api/DriverManager/PingDevice
02.09.2026 8:14:42	Information:	{
"Hash": "w9LjvpRCyoByGV3Lzv0iX9dSI0tLK0uV+pRojL1kufc=",
"Status": 0
}


02.09.2026 8:14:42	Information:	Ping ret is {"Status":0,"Comment":null}
02.09.2026 8:16:43	Information:	url https://lab-vko.dmed.kz/ /api/DriverManager/PingDevice
02.09.2026 8:16:43	Information:	{
"Hash": "w9LjvpRCyoByGV3Lzv0iX9dSI0tLK0uV+pRojL1kufc=",
"Status": 0
}


02.09.2026 8:16:43	Information:	Ping ret is {"Status":0,"Comment":null}
02.09.2026 8:18:43	Information:	url https://lab-vko.dmed.kz/ /api/DriverManager/PingDevice
02.09.2026 8:18:43	Information:	{
"Hash": "w9LjvpRCyoByGV3Lzv0iX9dSI0tLK0uV+pRojL1kufc=",
"Status": 0
}


02.09.2026 8:18:43	Information:	Ping ret is {"Status":0,"Comment":null}
02.09.2026 8:20:44	Information:	url https://lab-vko.dmed.kz/ /api/DriverManager/PingDevice
02.09.2026 8:20:44	Information:	{
"Hash": "w9LjvpRCyoByGV3Lzv0iX9dSI0tLK0uV+pRojL1kufc=",
"Status": 0
}


02.09.2026 8:20:44	Information:	Ping ret is {"Status":0,"Comment":null}
02.09.2026 8:22:44	Information:	url https://lab-vko.dmed.kz/ /api/DriverManager/PingDevice
02.09.2026 8:22:44	Information:	{
"Hash": "w9LjvpRCyoByGV3Lzv0iX9dSI0tLK0uV+pRojL1kufc=",
"Status": 0
}


02.09.2026 8:22:44	Information:	Ping ret is {"Status":0,"Comment":null}
02.09.2026 8:24:35	Information:	refresh tokens
02.09.2026 8:24:45	Information:	url https://lab-vko.dmed.kz/ /api/DriverManager/PingDevice
02.09.2026 8:24:45	Information:	{
"Hash": "w9LjvpRCyoByGV3Lzv0iX9dSI0tLK0uV+pRojL1kufc=",
"Status": 0
}


02.09.2026 8:24:45	Information:	Ping ret is {"Status":0,"Comment":null}
02.09.2026 8:26:45	Information:	url https://lab-vko.dmed.kz/ /api/DriverManager/PingDevice
02.09.2026 8:26:45	Information:	{
"Hash": "w9LjvpRCyoByGV3Lzv0iX9dSI0tLK0uV+pRojL1kufc=",
"Status": 0
}


02.09.2026 8:26:45	Information:	Ping ret is {"Status":0,"Comment":null}
02.09.2026 8:28:46	Information:	url https://lab-vko.dmed.kz/ /api/DriverManager/PingDevice
02.09.2026 8:28:46	Information:	{
"Hash": "w9LjvpRCyoByGV3Lzv0iX9dSI0tLK0uV+pRojL1kufc=",
"Status": 0
}


02.09.2026 8:28:46	Information:	Ping ret is {"Status":0,"Comment":null}
02.09.2026 8:30:46	Information:	url https://lab-vko.dmed.kz/ /api/DriverManager/PingDevice
02.09.2026 8:30:46	Information:	{
"Hash": "w9LjvpRCyoByGV3Lzv0iX9dSI0tLK0uV+pRojL1kufc=",
"Status": 0
}


02.09.2026 8:30:46	Information:	Ping ret is {"Status":0,"Comment":null}
02.09.2026 8:32:47	Information:	url https://lab-vko.dmed.kz/ /api/DriverManager/PingDevice
02.09.2026 8:32:47	Information:	{
"Hash": "w9LjvpRCyoByGV3Lzv0iX9dSI0tLK0uV+pRojL1kufc=",
"Status": 0
}


02.09.2026 8:32:47	Information:	Ping ret is {"Status":0,"Comment":null}
02.09.2026 8:34:10	Information:	Received bytes(encoded):MSH|^~\&|||||20260902083311||ORU^R01|74|P|2.3.1||||2||ASCII|||OBR|1|Ca|Ca|^|?????|20260902081059|20260902080955|20260902082357|||1|1|CC-LEV1-|059325005|20270514||M|2.200000|0.080000|1.997818|mmol/L|||||||2.7s||||||||||||||||||||
02.09.2026 8:34:10	Information:	Add Frame:
02.09.2026 8:34:10	Information:	MSH|^~\&|||||20260902083311||ORU^R01|74|P|2.3.1||||2||ASCII|||
02.09.2026 8:34:10	Information:	In Header
02.09.2026 8:34:10	Information:	MessageType: ORU
02.09.2026 8:34:10	Information:	After message type
02.09.2026 8:34:10	Information:	After ask
02.09.2026 8:34:10	Information:	After version
02.09.2026 8:34:10	Information:	Add Frame:
02.09.2026 8:34:10	Information:	OBR|1|Ca|Ca|^|?????|20260902081059|20260902080955|20260902082357|||1|1|CC-LEV1-|059325005|20270514||M|2.200000|0.080000|1.997818|mmol/L|||||||2.7s||||||||||||||||||||
02.09.2026 8:34:10	Information:	Add Frame:
02.09.2026 8:34:10	Information:	
02.09.2026 8:34:10	Debug:	read message: 9ms
02.09.2026 8:34:10	Information:	The answer message is created successfully
02.09.2026 8:34:10	Information:	Sending answer...
02.09.2026 8:34:10	Information:	We are in ORU Message
02.09.2026 8:34:10	Information:	MSH MSH|^~\&|||||20260902083311||ORU^R01|74|P|2.3.1||||2||ASCII||||
02.09.2026 8:34:10	Information:	OBR OBR|1|Ca|Ca|^|?????|20260902081059|20260902080955|20260902082357|||1|1|CC-LEV1-|059325005|20270514||M|2.200000|0.080000|1.997818|mmol/L|||||||2.7s|||||||||||||||||||||
02.09.2026 8:34:10	Information:	PatientRecord in message is successfully  processed
02.09.2026 8:34:10	Information:	The patient order is successfully processed
02.09.2026 8:34:10	Information:	The ORU message is successfully processed
02.09.2026 8:34:10	Information:	No results to save
02.09.2026 8:34:10	Debug:	Process message: 4ms
02.09.2026 8:34:10	Debug:	Total time : 14ms
02.09.2026 8:34:11	Information:	Sended bytes:  11 77 83 72 124 94 126 92 38 124 77 105 110 100 114 97 121 124 124 124 124 50 48 50 54 48 57 48 50 48 56 51 52 49 48 124 124 65 67 75 94 82 48 49 124 55 52 124 80 124 50 46 51 46 49 124 124 124 124 50 124 124 117 115 45 97 115 99 105 105 124 124 124 13 77 83 65 124 65 65 124 55 52 124 77 101 115 115 97 103 101 32 97 99 99 101 112 116 101 100 124 124 124 48 124 13 28 13
02.09.2026 8:34:11	Information:	Sended string MSH|^~\&|Mindray||||20260902083410||ACK^R01|74|P|2.3.1||||2||us-ascii|||MSA|AA|74|Message accepted|||0|
02.09.2026 8:34:11	Information:	Received bytes(encoded):MSH|^~\&|||||20260902083312||ORU^R01|75|P|2.3.1||||2||ASCII|||OBR|2|Glu-G|Glu-G|^|?????|20260902081059|20260902080955|20260902082841|||1|1|CC-LEV1-|059325005|20270514||M|5.630000|0.280000|5.272779|mmol/L|||||||RGTE||||||||||||||||||||
02.09.2026 8:34:11	Information:	Add Frame:
02.09.2026 8:34:11	Information:	MSH|^~\&|||||20260902083312||ORU^R01|75|P|2.3.1||||2||ASCII|||
02.09.2026 8:34:11	Information:	In Header
02.09.2026 8:34:11	Information:	MessageType: ORU
02.09.2026 8:34:11	Information:	After message type
02.09.2026 8:34:11	Information:	After ask
02.09.2026 8:34:11	Information:	After version
02.09.2026 8:34:11	Information:	Add Frame:
02.09.2026 8:34:11	Information:	OBR|2|Glu-G|Glu-G|^|?????|20260902081059|20260902080955|20260902082841|||1|1|CC-LEV1-|059325005|20270514||M|5.630000|0.280000|5.272779|mmol/L|||||||RGTE||||||||||||||||||||
02.09.2026 8:34:11	Information:	Add Frame:
02.09.2026 8:34:11	Information:	
02.09.2026 8:34:11	Debug:	read message: 4ms
02.09.2026 8:34:11	Information:	The answer message is created successfully
02.09.2026 8:34:11	Information:	Sending answer...
02.09.2026 8:34:11	Information:	We are in ORU Message
02.09.2026 8:34:11	Information:	MSH MSH|^~\&|||||20260902083312||ORU^R01|75|P|2.3.1||||2||ASCII||||
02.09.2026 8:34:11	Information:	OBR OBR|2|Glu-G|Glu-G|^|?????|20260902081059|20260902080955|20260902082841|||1|1|CC-LEV1-|059325005|20270514||M|5.630000|0.280000|5.272779|mmol/L|||||||RGTE|||||||||||||||||||||
02.09.2026 8:34:11	Information:	PatientRecord in message is successfully  processed
02.09.2026 8:34:11	Information:	The patient order is successfully processed
02.09.2026 8:34:11	Information:	The ORU message is successfully processed
02.09.2026 8:34:11	Information:	No results to save
02.09.2026 8:34:11	Debug:	Process message: 3ms
02.09.2026 8:34:11	Debug:	Total time : 8ms
02.09.2026 8:34:12	Information:	Sended bytes:  11 77 83 72 124 94 126 92 38 124 77 105 110 100 114 97 121 124 124 124 124 50 48 50 54 48 57 48 50 48 56 51 52 49 49 124 124 65 67 75 94 82 48 49 124 55 53 124 80 124 50 46 51 46 49 124 124 124 124 50 124 124 117 115 45 97 115 99 105 105 124 124 124 13 77 83 65 124 65 65 124 55 53 124 77 101 115 115 97 103 101 32 97 99 99 101 112 116 101 100 124 124 124 48 124 13 28 13
02.09.2026 8:34:12	Information:	Sended string MSH|^~\&|Mindray||||20260902083411||ACK^R01|75|P|2.3.1||||2||us-ascii|||MSA|AA|75|Message accepted|||0|
02.09.2026 8:34:12	Information:	Received bytes(encoded):MSH|^~\&|||||20260902083313||ORU^R01|76|P|2.3.1||||2||ASCII|||OBR|3|T-Bil-V|T-Bil-V|^|?????|20260902081059|20260902080955|20260902082842|||1|1|CC-LEV1-|059325005|20270514||M|17.100000|1.300000|17.217608|?mol/L|||||||||||||||||||||||||||
02.09.2026 8:34:12	Information:	Add Frame:
02.09.2026 8:34:12	Information:	MSH|^~\&|||||20260902083313||ORU^R01|76|P|2.3.1||||2||ASCII|||
02.09.2026 8:34:12	Information:	In Header
02.09.2026 8:34:12	Information:	MessageType: ORU
02.09.2026 8:34:12	Information:	After message type
02.09.2026 8:34:12	Information:	After ask
02.09.2026 8:34:12	Information:	After version
02.09.2026 8:34:12	Information:	Add Frame:
02.09.2026 8:34:12	Information:	OBR|3|T-Bil-V|T-Bil-V|^|?????|20260902081059|20260902080955|20260902082842|||1|1|CC-LEV1-|059325005|20270514||M|17.100000|1.300000|17.217608|?mol/L|||||||||||||||||||||||||||
02.09.2026 8:34:12	Information:	Add Frame:
02.09.2026 8:34:12	Information:	
02.09.2026 8:34:12	Debug:	read message: 4ms
02.09.2026 8:34:12	Information:	The answer message is created successfully
02.09.2026 8:34:12	Information:	Sending answer...
02.09.2026 8:34:12	Information:	We are in ORU Message
02.09.2026 8:34:12	Information:	MSH MSH|^~\&|||||20260902083313||ORU^R01|76|P|2.3.1||||2||ASCII||||
02.09.2026 8:34:12	Information:	OBR OBR|3|T-Bil-V|T-Bil-V|^|?????|20260902081059|20260902080955|20260902082842|||1|1|CC-LEV1-|059325005|20270514||M|17.100000|1.300000|17.217608|?mol/L||||||||||||||||||||||||||||
02.09.2026 8:34:12	Information:	PatientRecord in message is successfully  processed
02.09.2026 8:34:12	Information:	The patient order is successfully processed
02.09.2026 8:34:12	Information:	The ORU message is successfully processed
02.09.2026 8:34:12	Information:	No results to save
02.09.2026 8:34:12	Debug:	Process message: 3ms
02.09.2026 8:34:12	Debug:	Total time : 9ms
02.09.2026 8:34:13	Information:	Sended bytes:  11 77 83 72 124 94 126 92 38 124 77 105 110 100 114 97 121 124 124 124 124 50 48 50 54 48 57 48 50 48 56 51 52 49 50 124 124 65 67 75 94 82 48 49 124 55 54 124 80 124 50 46 51 46 49 124 124 124 124 50 124 124 117 115 45 97 115 99 105 105 124 124 124 13 77 83 65 124 65 65 124 55 54 124 77 101 115 115 97 103 101 32 97 99 99 101 112 116 101 100 124 124 124 48 124 13 28 13
02.09.2026 8:34:13	Information:	Sended string MSH|^~\&|Mindray||||20260902083412||ACK^R01|76|P|2.3.1||||2||us-ascii|||MSA|AA|76|Message accepted|||0|
02.09.2026 8:34:13	Information:	Received bytes(encoded):MSH|^~\&|||||20260902083314||ORU^R01|77|P|2.3.1||||2||ASCII|||OBR|4|D-Bil-V|D-Bil-V|^|?????|20260902081059|20260902080955|20260902082857|||1|1|CC-LEV1-|059325005|20270514||M|10.900000|0.800000|10.248998|?mol/L|||||||||||||||||||||||||||
02.09.2026 8:34:13	Information:	Add Frame:
02.09.2026 8:34:13	Information:	MSH|^~\&|||||20260902083314||ORU^R01|77|P|2.3.1||||2||ASCII|||
02.09.2026 8:34:13	Information:	In Header
02.09.2026 8:34:13	Information:	MessageType: ORU
02.09.2026 8:34:13	Information:	After message type
02.09.2026 8:34:13	Information:	After ask
02.09.2026 8:34:13	Information:	After version
02.09.2026 8:34:13	Information:	Add Frame:
02.09.2026 8:34:13	Information:	OBR|4|D-Bil-V|D-Bil-V|^|?????|20260902081059|20260902080955|20260902082857|||1|1|CC-LEV1-|059325005|20270514||M|10.900000|0.800000|10.248998|?mol/L|||||||||||||||||||||||||||
02.09.2026 8:34:13	Information:	Add Frame:
02.09.2026 8:34:13	Information:	
02.09.2026 8:34:13	Debug:	read message: 4ms
02.09.2026 8:34:13	Information:	The answer message is created successfully
02.09.2026 8:34:13	Information:	Sending answer...
02.09.2026 8:34:13	Information:	We are in ORU Message
02.09.2026 8:34:13	Information:	MSH MSH|^~\&|||||20260902083314||ORU^R01|77|P|2.3.1||||2||ASCII||||
02.09.2026 8:34:13	Information:	OBR OBR|4|D-Bil-V|D-Bil-V|^|?????|20260902081059|20260902080955|20260902082857|||1|1|CC-LEV1-|059325005|20270514||M|10.900000|0.800000|10.248998|?mol/L||||||||||||||||||||||||||||
02.09.2026 8:34:13	Information:	PatientRecord in message is successfully  processed
02.09.2026 8:34:13	Information:	The patient order is successfully processed
02.09.2026 8:34:13	Information:	The ORU message is successfully processed
02.09.2026 8:34:13	Information:	No results to save
02.09.2026 8:34:13	Debug:	Process message: 3ms
02.09.2026 8:34:13	Debug:	Total time : 8ms
02.09.2026 8:34:14	Information:	Sended bytes:  11 77 83 72 124 94 126 92 38 124 77 105 110 100 114 97 121 124 124 124 124 50 48 50 54 48 57 48 50 48 56 51 52 49 51 124 124 65 67 75 94 82 48 49 124 55 55 124 80 124 50 46 51 46 49 124 124 124 124 50 124 124 117 115 45 97 115 99 105 105 124 124 124 13 77 83 65 124 65 65 124 55 55 124 77 101 115 115 97 103 101 32 97 99 99 101 112 116 101 100 124 124 124 48 124 13 28 13
02.09.2026 8:34:14	Information:	Sended string MSH|^~\&|Mindray||||20260902083413||ACK^R01|77|P|2.3.1||||2||us-ascii|||MSA|AA|77|Message accepted|||0|
02.09.2026 8:34:14	Information:	Received bytes(encoded):MSH|^~\&|||||20260902083315||ORU^R01|78|P|2.3.1||||2||ASCII|||OBR|5|ALT|ALT|^|?????|20260902081059|20260902080955|20260902082711|||1|1|CC-LEV1-|059325005|20270514||M|56.900000|2.800000|57.844405|U/L|||||||||||||||||||||||||||
02.09.2026 8:34:14	Information:	Add Frame:
02.09.2026 8:34:14	Information:	MSH|^~\&|||||20260902083315||ORU^R01|78|P|2.3.1||||2||ASCII|||
02.09.2026 8:34:14	Information:	In Header
02.09.2026 8:34:14	Information:	MessageType: ORU
02.09.2026 8:34:14	Information:	After message type
02.09.2026 8:34:14	Information:	After ask
02.09.2026 8:34:14	Information:	After version
02.09.2026 8:34:14	Information:	Add Frame:
02.09.2026 8:34:14	Information:	OBR|5|ALT|ALT|^|?????|20260902081059|20260902080955|20260902082711|||1|1|CC-LEV1-|059325005|20270514||M|56.900000|2.800000|57.844405|U/L|||||||||||||||||||||||||||
02.09.2026 8:34:14	Information:	Add Frame:
02.09.2026 8:34:14	Information:	
02.09.2026 8:34:14	Debug:	read message: 8ms
02.09.2026 8:34:14	Information:	The answer message is created successfully
02.09.2026 8:34:14	Information:	Sending answer...
02.09.2026 8:34:14	Information:	We are in ORU Message
02.09.2026 8:34:14	Information:	MSH MSH|^~\&|||||20260902083315||ORU^R01|78|P|2.3.1||||2||ASCII||||
02.09.2026 8:34:14	Information:	OBR OBR|5|ALT|ALT|^|?????|20260902081059|20260902080955|20260902082711|||1|1|CC-LEV1-|059325005|20270514||M|56.900000|2.800000|57.844405|U/L||||||||||||||||||||||||||||
02.09.2026 8:34:14	Information:	PatientRecord in message is successfully  processed
02.09.2026 8:34:14	Information:	The patient order is successfully processed
02.09.2026 8:34:14	Information:	The ORU message is successfully processed
02.09.2026 8:34:14	Information:	No results to save
02.09.2026 8:34:14	Debug:	Process message: 3ms
02.09.2026 8:34:14	Debug:	Total time : 12ms
02.09.2026 8:34:15	Information:	Sended bytes:  11 77 83 72 124 94 126 92 38 124 77 105 110 100 114 97 121 124 124 124 124 50 48 50 54 48 57 48 50 48 56 51 52 49 52 124 124 65 67 75 94 82 48 49 124 55 56 124 80 124 50 46 51 46 49 124 124 124 124 50 124 124 117 115 45 97 115 99 105 105 124 124 124 13 77 83 65 124 65 65 124 55 56 124 77 101 115 115 97 103 101 32 97 99 99 101 112 116 101 100 124 124 124 48 124 13 28 13
02.09.2026 8:34:15	Information:	Sended string MSH|^~\&|Mindray||||20260902083414||ACK^R01|78|P|2.3.1||||2||us-ascii|||MSA|AA|78|Message accepted|||0|
02.09.2026 8:34:15	Information:	Received bytes(encoded):MSH|^~\&|||||20260902083316||ORU^R01|79|P|2.3.1||||2||ASCII|||OBR|6|AST|AST|^|?????|20260902081059|20260902080955|20260902082726|||1|1|CC-LEV1-|059325005|20270514||M|49.100000|2.500000|47.496906|U/L|||||||||||||||||||||||||||
02.09.2026 8:34:15	Information:	Add Frame:
02.09.2026 8:34:15	Information:	MSH|^~\&|||||20260902083316||ORU^R01|79|P|2.3.1||||2||ASCII|||
02.09.2026 8:34:15	Information:	In Header
02.09.2026 8:34:15	Information:	MessageType: ORU
02.09.2026 8:34:15	Information:	After message type
02.09.2026 8:34:15	Information:	After ask
02.09.2026 8:34:15	Information:	After version
02.09.2026 8:34:15	Information:	Add Frame:
02.09.2026 8:34:15	Information:	OBR|6|AST|AST|^|?????|20260902081059|20260902080955|20260902082726|||1|1|CC-LEV1-|059325005|20270514||M|49.100000|2.500000|47.496906|U/L|||||||||||||||||||||||||||
02.09.2026 8:34:15	Information:	Add Frame:
02.09.2026 8:34:15	Information:	
02.09.2026 8:34:15	Debug:	read message: 4ms
02.09.2026 8:34:15	Information:	The answer message is created successfully
02.09.2026 8:34:15	Information:	Sending answer...
02.09.2026 8:34:15	Information:	We are in ORU Message
02.09.2026 8:34:15	Information:	MSH MSH|^~\&|||||20260902083316||ORU^R01|79|P|2.3.1||||2||ASCII||||
02.09.2026 8:34:15	Information:	OBR OBR|6|AST|AST|^|?????|20260902081059|20260902080955|20260902082726|||1|1|CC-LEV1-|059325005|20270514||M|49.100000|2.500000|47.496906|U/L||||||||||||||||||||||||||||
02.09.2026 8:34:15	Information:	PatientRecord in message is successfully  processed
02.09.2026 8:34:15	Information:	The patient order is successfully processed
02.09.2026 8:34:15	Information:	The ORU message is successfully processed
02.09.2026 8:34:15	Information:	No results to save
02.09.2026 8:34:15	Debug:	Process message: 3ms
02.09.2026 8:34:15	Debug:	Total time : 9ms
02.09.2026 8:34:16	Information:	Sended bytes:  11 77 83 72 124 94 126 92 38 124 77 105 110 100 114 97 121 124 124 124 124 50 48 50 54 48 57 48 50 48 56 51 52 49 53 124 124 65 67 75 94 82 48 49 124 55 57 124 80 124 50 46 51 46 49 124 124 124 124 50 124 124 117 115 45 97 115 99 105 105 124 124 124 13 77 83 65 124 65 65 124 55 57 124 77 101 115 115 97 103 101 32 97 99 99 101 112 116 101 100 124 124 124 48 124 13 28 13
02.09.2026 8:34:16	Information:	Sended string MSH|^~\&|Mindray||||20260902083415||ACK^R01|79|P|2.3.1||||2||us-ascii|||MSA|AA|79|Message accepted|||0|
02.09.2026 8:34:16	Information:	Received bytes(encoded):MSH|^~\&|||||20260902083317||ORU^R01|80|P|2.3.1||||2||ASCII|||OBR|7|CRP|CRP ?|^|?????|20260902081059|20260902080955|20260902082941|||1|1|CC-LEV1-|059325005|20270514||M|5.930000|0.590000|3.565835|mg/L|||||||2.7s,1-3s||||||||||||||||||||
02.09.2026 8:34:16	Information:	Add Frame:
02.09.2026 8:34:16	Information:	MSH|^~\&|||||20260902083317||ORU^R01|80|P|2.3.1||||2||ASCII|||
02.09.2026 8:34:16	Information:	In Header
02.09.2026 8:34:16	Information:	MessageType: ORU
02.09.2026 8:34:16	Information:	After message type
02.09.2026 8:34:16	Information:	After ask
02.09.2026 8:34:16	Information:	After version
02.09.2026 8:34:16	Information:	Add Frame:
02.09.2026 8:34:16	Information:	OBR|7|CRP|CRP ?|^|?????|20260902081059|20260902080955|20260902082941|||1|1|CC-LEV1-|059325005|20270514||M|5.930000|0.590000|3.565835|mg/L|||||||2.7s,1-3s||||||||||||||||||||
02.09.2026 8:34:16	Information:	Add Frame:
02.09.2026 8:34:16	Information:	
02.09.2026 8:34:16	Debug:	read message: 4ms
02.09.2026 8:34:16	Information:	The answer message is created successfully
02.09.2026 8:34:16	Information:	Sending answer...
02.09.2026 8:34:16	Information:	We are in ORU Message
02.09.2026 8:34:16	Information:	MSH MSH|^~\&|||||20260902083317||ORU^R01|80|P|2.3.1||||2||ASCII||||
02.09.2026 8:34:16	Information:	OBR OBR|7|CRP|CRP ?|^|?????|20260902081059|20260902080955|20260902082941|||1|1|CC-LEV1-|059325005|20270514||M|5.930000|0.590000|3.565835|mg/L|||||||2.7s,1-3s|||||||||||||||||||||
02.09.2026 8:34:16	Information:	PatientRecord in message is successfully  processed
02.09.2026 8:34:16	Information:	The patient order is successfully processed
02.09.2026 8:34:16	Information:	The ORU message is successfully processed
02.09.2026 8:34:16	Information:	No results to save
02.09.2026 8:34:16	Debug:	Process message: 3ms
02.09.2026 8:34:16	Debug:	Total time : 9ms
02.09.2026 8:34:17	Information:	Sended bytes:  11 77 83 72 124 94 126 92 38 124 77 105 110 100 114 97 121 124 124 124 124 50 48 50 54 48 57 48 50 48 56 51 52 49 54 124 124 65 67 75 94 82 48 49 124 56 48 124 80 124 50 46 51 46 49 124 124 124 124 50 124 124 117 115 45 97 115 99 105 105 124 124 124 13 77 83 65 124 65 65 124 56 48 124 77 101 115 115 97 103 101 32 97 99 99 101 112 116 101 100 124 124 124 48 124 13 28 13
02.09.2026 8:34:17	Information:	Sended string MSH|^~\&|Mindray||||20260902083416||ACK^R01|80|P|2.3.1||||2||us-ascii|||MSA|AA|80|Message accepted|||0|
02.09.2026 8:34:17	Information:	Received bytes(encoded):MSH|^~\&|||||20260902083318||ORU^R01|81|P|2.3.1||||2||ASCII|||OBR|8|ALP|ALP|^|?????|20260902081059|20260902080955|20260902083126|||1|1|CC-LEV1-|059325005|20270514||M|103.000000|5.000000|80.968933|U/L|||||||RGTE,2.7s,1-3s||||||||||||||||||||
02.09.2026 8:34:17	Information:	Add Frame:
02.09.2026 8:34:17	Information:	MSH|^~\&|||||20260902083318||ORU^R01|81|P|2.3.1||||2||ASCII|||
02.09.2026 8:34:17	Information:	In Header
02.09.2026 8:34:17	Information:	MessageType: ORU
02.09.2026 8:34:17	Information:	After message type
02.09.2026 8:34:17	Information:	After ask
02.09.2026 8:34:17	Information:	After version
02.09.2026 8:34:17	Information:	Add Frame:
02.09.2026 8:34:17	Information:	OBR|8|ALP|ALP|^|?????|20260902081059|20260902080955|20260902083126|||1|1|CC-LEV1-|059325005|20270514||M|103.000000|5.000000|80.968933|U/L|||||||RGTE,2.7s,1-3s||||||||||||||||||||
02.09.2026 8:34:17	Information:	Add Frame:
02.09.2026 8:34:17	Information:	
02.09.2026 8:34:17	Debug:	read message: 4ms
02.09.2026 8:34:17	Information:	The answer message is created successfully
02.09.2026 8:34:17	Information:	Sending answer...
02.09.2026 8:34:17	Information:	We are in ORU Message
02.09.2026 8:34:17	Information:	MSH MSH|^~\&|||||20260902083318||ORU^R01|81|P|2.3.1||||2||ASCII||||
02.09.2026 8:34:17	Information:	OBR OBR|8|ALP|ALP|^|?????|20260902081059|20260902080955|20260902083126|||1|1|CC-LEV1-|059325005|20270514||M|103.000000|5.000000|80.968933|U/L|||||||RGTE,2.7s,1-3s|||||||||||||||||||||
02.09.2026 8:34:17	Information:	PatientRecord in message is successfully  processed
02.09.2026 8:34:17	Information:	The patient order is successfully processed
02.09.2026 8:34:17	Information:	The ORU message is successfully processed
02.09.2026 8:34:17	Information:	No results to save
02.09.2026 8:34:17	Debug:	Process message: 3ms
02.09.2026 8:34:17	Debug:	Total time : 9ms
02.09.2026 8:34:18	Information:	Sended bytes:  11 77 83 72 124 94 126 92 38 124 77 105 110 100 114 97 121 124 124 124 124 50 48 50 54 48 57 48 50 48 56 51 52 49 55 124 124 65 67 75 94 82 48 49 124 56 49 124 80 124 50 46 51 46 49 124 124 124 124 50 124 124 117 115 45 97 115 99 105 105 124 124 124 13 77 83 65 124 65 65 124 56 49 124 77 101 115 115 97 103 101 32 97 99 99 101 112 116 101 100 124 124 124 48 124 13 28 13
02.09.2026 8:34:18	Information:	Sended string MSH|^~\&|Mindray||||20260902083417||ACK^R01|81|P|2.3.1||||2||us-ascii|||MSA|AA|81|Message accepted|||0|
02.09.2026 8:34:18	Information:	Received bytes(encoded):MSH|^~\&|||||20260902083319||ORU^R01|82|P|2.3.1||||2||ASCII|||OBR|9|TP|TP|^|?????|20260902081059|20260902080955|20260902082912|||1|1|CC-LEV1-|059325005|20270514||M|50.400000|2.500000|49.212719|g/L|||||||||||||||||||||||||||
02.09.2026 8:34:18	Information:	Add Frame:
02.09.2026 8:34:18	Information:	MSH|^~\&|||||20260902083319||ORU^R01|82|P|2.3.1||||2||ASCII|||
02.09.2026 8:34:18	Information:	In Header
02.09.2026 8:34:18	Information:	MessageType: ORU
02.09.2026 8:34:18	Information:	After message type
02.09.2026 8:34:18	Information:	After ask
02.09.2026 8:34:18	Information:	After version
02.09.2026 8:34:18	Information:	Add Frame:
02.09.2026 8:34:18	Information:	OBR|9|TP|TP|^|?????|20260902081059|20260902080955|20260902082912|||1|1|CC-LEV1-|059325005|20270514||M|50.400000|2.500000|49.212719|g/L|||||||||||||||||||||||||||
02.09.2026 8:34:18	Information:	Add Frame:
02.09.2026 8:34:18	Information:	
02.09.2026 8:34:18	Debug:	read message: 4ms
02.09.2026 8:34:18	Information:	The answer message is created successfully
02.09.2026 8:34:18	Information:	Sending answer...
02.09.2026 8:34:18	Information:	We are in ORU Message
02.09.2026 8:34:18	Information:	MSH MSH|^~\&|||||20260902083319||ORU^R01|82|P|2.3.1||||2||ASCII||||
02.09.2026 8:34:18	Information:	OBR OBR|9|TP|TP|^|?????|20260902081059|20260902080955|20260902082912|||1|1|CC-LEV1-|059325005|20270514||M|50.400000|2.500000|49.212719|g/L||||||||||||||||||||||||||||
02.09.2026 8:34:18	Information:	PatientRecord in message is successfully  processed
02.09.2026 8:34:18	Information:	The patient order is successfully processed
02.09.2026 8:34:18	Information:	The ORU message is successfully processed
02.09.2026 8:34:18	Information:	No results to save
02.09.2026 8:34:18	Debug:	Process message: 3ms
02.09.2026 8:34:18	Debug:	Total time : 9ms
02.09.2026 8:34:19	Information:	Sended bytes:  11 77 83 72 124 94 126 92 38 124 77 105 110 100 114 97 121 124 124 124 124 50 48 50 54 48 57 48 50 48 56 51 52 49 56 124 124 65 67 75 94 82 48 49 124 56 50 124 80 124 50 46 51 46 49 124 124 124 124 50 124 124 117 115 45 97 115 99 105 105 124 124 124 13 77 83 65 124 65 65 124 56 50 124 77 101 115 115 97 103 101 32 97 99 99 101 112 116 101 100 124 124 124 48 124 13 28 13
02.09.2026 8:34:19	Information:	Sended string MSH|^~\&|Mindray||||20260902083418||ACK^R01|82|P|2.3.1||||2||us-ascii|||MSA|AA|82|Message accepted|||0|
02.09.2026 8:34:19	Information:	Received bytes(encoded):MSH|^~\&|||||20260902083320||ORU^R01|83|P|2.3.1||||2||ASCII|||OBR|10|AMY|?-AMY|^|?????|20260902081059|20260902080955|20260902082926|||1|1|CC-LEV1-|059325005|20270514||M|86.900000|4.300000|82.112840|U/L|||||||||||||||||||||||||||
02.09.2026 8:34:19	Information:	Add Frame:
02.09.2026 8:34:19	Information:	MSH|^~\&|||||20260902083320||ORU^R01|83|P|2.3.1||||2||ASCII|||
02.09.2026 8:34:19	Information:	In Header
02.09.2026 8:34:19	Information:	MessageType: ORU
02.09.2026 8:34:19	Information:	After message type
02.09.2026 8:34:19	Information:	After ask
02.09.2026 8:34:19	Information:	After version
02.09.2026 8:34:19	Information:	Add Frame:
02.09.2026 8:34:19	Information:	OBR|10|AMY|?-AMY|^|?????|20260902081059|20260902080955|20260902082926|||1|1|CC-LEV1-|059325005|20270514||M|86.900000|4.300000|82.112840|U/L|||||||||||||||||||||||||||
02.09.2026 8:34:19	Information:	Add Frame:
02.09.2026 8:34:19	Information:	
02.09.2026 8:34:19	Debug:	read message: 4ms
02.09.2026 8:34:19	Information:	The answer message is created successfully
02.09.2026 8:34:19	Information:	Sending answer...
02.09.2026 8:34:19	Information:	We are in ORU Message
02.09.2026 8:34:19	Information:	MSH MSH|^~\&|||||20260902083320||ORU^R01|83|P|2.3.1||||2||ASCII||||
02.09.2026 8:34:19	Information:	OBR OBR|10|AMY|?-AMY|^|?????|20260902081059|20260902080955|20260902082926|||1|1|CC-LEV1-|059325005|20270514||M|86.900000|4.300000|82.112840|U/L||||||||||||||||||||||||||||
02.09.2026 8:34:19	Information:	PatientRecord in message is successfully  processed
02.09.2026 8:34:19	Information:	The patient order is successfully processed
02.09.2026 8:34:19	Information:	The ORU message is successfully processed
02.09.2026 8:34:19	Information:	No results to save
02.09.2026 8:34:19	Debug:	Process message: 3ms
02.09.2026 8:34:19	Debug:	Total time : 8ms
02.09.2026 8:34:20	Information:	Sended bytes:  11 77 83 72 124 94 126 92 38 124 77 105 110 100 114 97 121 124 124 124 124 50 48 50 54 48 57 48 50 48 56 51 52 49 57 124 124 65 67 75 94 82 48 49 124 56 51 124 80 124 50 46 51 46 49 124 124 124 124 50 124 124 117 115 45 97 115 99 105 105 124 124 124 13 77 83 65 124 65 65 124 56 51 124 77 101 115 115 97 103 101 32 97 99 99 101 112 116 101 100 124 124 124 48 124 13 28 13
02.09.2026 8:34:20	Information:	Sended string MSH|^~\&|Mindray||||20260902083419||ACK^R01|83|P|2.3.1||||2||us-ascii|||MSA|AA|83|Message accepted|||0|
02.09.2026 8:34:20	Information:	Received bytes(encoded):MSH|^~\&|||||20260902083321||ORU^R01|84|P|2.3.1||||2||ASCII|||OBR|11|TC|TC|^|?????|20260902081059|20260902080955|20260902082726|||1|1|CC-LEV1-|059325005|20270514||M|2.620000|0.120000|2.548868|mmol/L|||||||RGTE||||||||||||||||||||
02.09.2026 8:34:20	Information:	Add Frame:
02.09.2026 8:34:20	Information:	MSH|^~\&|||||20260902083321||ORU^R01|84|P|2.3.1||||2||ASCII|||
02.09.2026 8:34:20	Information:	In Header
02.09.2026 8:34:20	Information:	MessageType: ORU
02.09.2026 8:34:20	Information:	After message type
02.09.2026 8:34:20	Information:	After ask
02.09.2026 8:34:20	Information:	After version
02.09.2026 8:34:20	Information:	Add Frame:
02.09.2026 8:34:20	Information:	OBR|11|TC|TC|^|?????|20260902081059|20260902080955|20260902082726|||1|1|CC-LEV1-|059325005|20270514||M|2.620000|0.120000|2.548868|mmol/L|||||||RGTE||||||||||||||||||||
02.09.2026 8:34:20	Information:	Add Frame:
02.09.2026 8:34:20	Information:	
02.09.2026 8:34:20	Debug:	read message: 4ms
02.09.2026 8:34:20	Information:	The answer message is created successfully
02.09.2026 8:34:20	Information:	Sending answer...
02.09.2026 8:34:20	Information:	We are in ORU Message
02.09.2026 8:34:20	Information:	MSH MSH|^~\&|||||20260902083321||ORU^R01|84|P|2.3.1||||2||ASCII||||
02.09.2026 8:34:20	Information:	OBR OBR|11|TC|TC|^|?????|20260902081059|20260902080955|20260902082726|||1|1|CC-LEV1-|059325005|20270514||M|2.620000|0.120000|2.548868|mmol/L|||||||RGTE|||||||||||||||||||||
02.09.2026 8:34:20	Information:	PatientRecord in message is successfully  processed
02.09.2026 8:34:20	Information:	The patient order is successfully processed
02.09.2026 8:34:20	Information:	The ORU message is successfully processed
02.09.2026 8:34:20	Information:	No results to save
02.09.2026 8:34:20	Debug:	Process message: 3ms
02.09.2026 8:34:20	Debug:	Total time : 8ms
02.09.2026 8:34:21	Information:	Sended bytes:  11 77 83 72 124 94 126 92 38 124 77 105 110 100 114 97 121 124 124 124 124 50 48 50 54 48 57 48 50 48 56 51 52 50 48 124 124 65 67 75 94 82 48 49 124 56 52 124 80 124 50 46 51 46 49 124 124 124 124 50 124 124 117 115 45 97 115 99 105 105 124 124 124 13 77 83 65 124 65 65 124 56 52 124 77 101 115 115 97 103 101 32 97 99 99 101 112 116 101 100 124 124 124 48 124 13 28 13
02.09.2026 8:34:21	Information:	Sended string MSH|^~\&|Mindray||||20260902083420||ACK^R01|84|P|2.3.1||||2||us-ascii|||MSA|AA|84|Message accepted|||0|
02.09.2026 8:34:21	Information:	Received bytes(encoded):MSH|^~\&|||||20260902083322||ORU^R01|85|P|2.3.1||||2||ASCII|||OBR|12|CREA-S|CREA-S|^|?????|20260902081059|20260902080955|20260902082911|||1|1|CC-LEV1-|059325005|20270514||M|93.800000|4.700000|114.816690|?mol/L|||||||2.7s,1-3s||||||||||||||||||||
02.09.2026 8:34:21	Information:	Add Frame:
02.09.2026 8:34:21	Information:	MSH|^~\&|||||20260902083322||ORU^R01|85|P|2.3.1||||2||ASCII|||
02.09.2026 8:34:21	Information:	In Header
02.09.2026 8:34:21	Information:	MessageType: ORU
02.09.2026 8:34:21	Information:	After message type
02.09.2026 8:34:21	Information:	After ask
02.09.2026 8:34:21	Information:	After version
02.09.2026 8:34:21	Information:	Add Frame:
02.09.2026 8:34:21	Information:	OBR|12|CREA-S|CREA-S|^|?????|20260902081059|20260902080955|20260902082911|||1|1|CC-LEV1-|059325005|20270514||M|93.800000|4.700000|114.816690|?mol/L|||||||2.7s,1-3s||||||||||||||||||||
02.09.2026 8:34:21	Information:	Add Frame:
02.09.2026 8:34:21	Information:	
02.09.2026 8:34:21	Debug:	read message: 4ms
02.09.2026 8:34:21	Information:	The answer message is created successfully
02.09.2026 8:34:21	Information:	Sending answer...
02.09.2026 8:34:21	Information:	We are in ORU Message
02.09.2026 8:34:21	Information:	MSH MSH|^~\&|||||20260902083322||ORU^R01|85|P|2.3.1||||2||ASCII||||
02.09.2026 8:34:21	Information:	OBR OBR|12|CREA-S|CREA-S|^|?????|20260902081059|20260902080955|20260902082911|||1|1|CC-LEV1-|059325005|20270514||M|93.800000|4.700000|114.816690|?mol/L|||||||2.7s,1-3s|||||||||||||||||||||
02.09.2026 8:34:21	Information:	PatientRecord in message is successfully  processed
02.09.2026 8:34:21	Information:	The patient order is successfully processed
02.09.2026 8:34:21	Information:	The ORU message is successfully processed
02.09.2026 8:34:21	Information:	No results to save
02.09.2026 8:34:21	Debug:	Process message: 3ms
02.09.2026 8:34:21	Debug:	Total time : 9ms
02.09.2026 8:34:22	Information:	Sended bytes:  11 77 83 72 124 94 126 92 38 124 77 105 110 100 114 97 121 124 124 124 124 50 48 50 54 48 57 48 50 48 56 51 52 50 49 124 124 65 67 75 94 82 48 49 124 56 53 124 80 124 50 46 51 46 49 124 124 124 124 50 124 124 117 115 45 97 115 99 105 105 124 124 124 13 77 83 65 124 65 65 124 56 53 124 77 101 115 115 97 103 101 32 97 99 99 101 112 116 101 100 124 124 124 48 124 13 28 13
02.09.2026 8:34:22	Information:	Sended string MSH|^~\&|Mindray||||20260902083421||ACK^R01|85|P|2.3.1||||2||us-ascii|||MSA|AA|85|Message accepted|||0|
02.09.2026 8:34:22	Information:	Received bytes(encoded):MSH|^~\&|||||20260902083323||ORU^R01|86|P|2.3.1||||2||ASCII|||OBR|13|UREA|UREA|^|?????|20260902081059|20260902080955|20260902082926|||1|1|CC-LEV1-|059325005|20270514||M|6.830000|0.340000|7.075431|mmol/L|||||||||||||||||||||||||||
02.09.2026 8:34:22	Information:	Add Frame:
02.09.2026 8:34:22	Information:	MSH|^~\&|||||20260902083323||ORU^R01|86|P|2.3.1||||2||ASCII|||
02.09.2026 8:34:22	Information:	In Header
02.09.2026 8:34:22	Information:	MessageType: ORU
02.09.2026 8:34:22	Information:	After message type
02.09.2026 8:34:22	Information:	After ask
02.09.2026 8:34:22	Information:	After version
02.09.2026 8:34:22	Information:	Add Frame:
02.09.2026 8:34:22	Information:	OBR|13|UREA|UREA|^|?????|20260902081059|20260902080955|20260902082926|||1|1|CC-LEV1-|059325005|20270514||M|6.830000|0.340000|7.075431|mmol/L|||||||||||||||||||||||||||
02.09.2026 8:34:22	Information:	Add Frame:
02.09.2026 8:34:22	Information:	
02.09.2026 8:34:22	Debug:	read message: 4ms
02.09.2026 8:34:22	Information:	The answer message is created successfully
02.09.2026 8:34:22	Information:	Sending answer...
02.09.2026 8:34:22	Information:	We are in ORU Message
02.09.2026 8:34:22	Information:	MSH MSH|^~\&|||||20260902083323||ORU^R01|86|P|2.3.1||||2||ASCII||||
02.09.2026 8:34:22	Information:	OBR OBR|13|UREA|UREA|^|?????|20260902081059|20260902080955|20260902082926|||1|1|CC-LEV1-|059325005|20270514||M|6.830000|0.340000|7.075431|mmol/L||||||||||||||||||||||||||||
02.09.2026 8:34:22	Information:	PatientRecord in message is successfully  processed
02.09.2026 8:34:22	Information:	The patient order is successfully processed
02.09.2026 8:34:22	Information:	The ORU message is successfully processed
02.09.2026 8:34:22	Information:	No results to save
02.09.2026 8:34:22	Debug:	Process message: 3ms
02.09.2026 8:34:22	Debug:	Total time : 9ms
02.09.2026 8:34:23	Information:	Sended bytes:  11 77 83 72 124 94 126 92 38 124 77 105 110 100 114 97 121 124 124 124 124 50 48 50 54 48 57 48 50 48 56 51 52 50 50 124 124 65 67 75 94 82 48 49 124 56 54 124 80 124 50 46 51 46 49 124 124 124 124 50 124 124 117 115 45 97 115 99 105 105 124 124 124 13 77 83 65 124 65 65 124 56 54 124 77 101 115 115 97 103 101 32 97 99 99 101 112 116 101 100 124 124 124 48 124 13 28 13
02.09.2026 8:34:23	Information:	Sended string MSH|^~\&|Mindray||||20260902083422||ACK^R01|86|P|2.3.1||||2||us-ascii|||MSA|AA|86|Message accepted|||0|
02.09.2026 8:34:23	Information:	Received bytes(encoded):MSH|^~\&|||||20260902083324||ORU^R01|87|P|2.3.1||||2||ASCII|||OBR|14|Fe|Fe|^|?????|20260902081059|20260902080955|20260902083257|||1|1|CC-LEV1-|059325005|20270514||M|19.500000|1.300000|21.341867|?mol/L|||||||RGTE||||||||||||||||||||
02.09.2026 8:34:23	Information:	Add Frame:
02.09.2026 8:34:23	Information:	MSH|^~\&|||||20260902083324||ORU^R01|87|P|2.3.1||||2||ASCII|||
02.09.2026 8:34:23	Information:	In Header
02.09.2026 8:34:23	Information:	MessageType: ORU
02.09.2026 8:34:23	Information:	After message type
02.09.2026 8:34:23	Information:	After ask
02.09.2026 8:34:23	Information:	After version
02.09.2026 8:34:23	Information:	Add Frame:
02.09.2026 8:34:23	Information:	OBR|14|Fe|Fe|^|?????|20260902081059|20260902080955|20260902083257|||1|1|CC-LEV1-|059325005|20270514||M|19.500000|1.300000|21.341867|?mol/L|||||||RGTE||||||||||||||||||||
02.09.2026 8:34:23	Information:	Add Frame:
02.09.2026 8:34:23	Information:	
02.09.2026 8:34:23	Debug:	read message: 14ms
02.09.2026 8:34:23	Information:	The answer message is created successfully
02.09.2026 8:34:23	Information:	Sending answer...
02.09.2026 8:34:23	Information:	We are in ORU Message
02.09.2026 8:34:23	Information:	MSH MSH|^~\&|||||20260902083324||ORU^R01|87|P|2.3.1||||2||ASCII||||
02.09.2026 8:34:23	Information:	OBR OBR|14|Fe|Fe|^|?????|20260902081059|20260902080955|20260902083257|||1|1|CC-LEV1-|059325005|20270514||M|19.500000|1.300000|21.341867|?mol/L|||||||RGTE|||||||||||||||||||||
02.09.2026 8:34:23	Information:	PatientRecord in message is successfully  processed
02.09.2026 8:34:23	Information:	The patient order is successfully processed
02.09.2026 8:34:23	Information:	The ORU message is successfully processed
02.09.2026 8:34:23	Information:	No results to save
02.09.2026 8:34:23	Debug:	Process message: 3ms
02.09.2026 8:34:23	Debug:	Total time : 18ms
02.09.2026 8:34:24	Information:	Sended bytes:  11 77 83 72 124 94 126 92 38 124 77 105 110 100 114 97 121 124 124 124 124 50 48 50 54 48 57 48 50 48 56 51 52 50 51 124 124 65 67 75 94 82 48 49 124 56 55 124 80 124 50 46 51 46 49 124 124 124 124 50 124 124 117 115 45 97 115 99 105 105 124 124 124 13 77 83 65 124 65 65 124 56 55 124 77 101 115 115 97 103 101 32 97 99 99 101 112 116 101 100 124 124 124 48 124 13 28 13
02.09.2026 8:34:24	Information:	Sended string MSH|^~\&|Mindray||||20260902083423||ACK^R01|87|P|2.3.1||||2||us-ascii|||MSA|AA|87|Message accepted|||0|
02.09.2026 8:34:24	Information:	Received bytes(encoded):MSH|^~\&|||||20260902083325||ORU^R01|88|P|2.3.1||||2||ASCII|||OBR|15|FER|FER|^|?????|20260902081059|20260902080955|20260902083041|||1|1|CC-LEV1-|059325005|20270514||M|88.900000|4.400000|84.698331|ng/mL|||||||||||||||||||||||||||
02.09.2026 8:34:24	Information:	Add Frame:
02.09.2026 8:34:24	Information:	MSH|^~\&|||||20260902083325||ORU^R01|88|P|2.3.1||||2||ASCII|||
02.09.2026 8:34:24	Information:	In Header
02.09.2026 8:34:24	Information:	MessageType: ORU
02.09.2026 8:34:24	Information:	After message type
02.09.2026 8:34:24	Information:	After ask
02.09.2026 8:34:24	Information:	After version
02.09.2026 8:34:24	Information:	Add Frame:
02.09.2026 8:34:24	Information:	OBR|15|FER|FER|^|?????|20260902081059|20260902080955|20260902083041|||1|1|CC-LEV1-|059325005|20270514||M|88.900000|4.400000|84.698331|ng/mL|||||||||||||||||||||||||||
02.09.2026 8:34:24	Information:	Add Frame:
02.09.2026 8:34:24	Information:	
02.09.2026 8:34:24	Debug:	read message: 4ms
02.09.2026 8:34:24	Information:	The answer message is created successfully
02.09.2026 8:34:24	Information:	Sending answer...
02.09.2026 8:34:24	Information:	We are in ORU Message
02.09.2026 8:34:24	Information:	MSH MSH|^~\&|||||20260902083325||ORU^R01|88|P|2.3.1||||2||ASCII||||
02.09.2026 8:34:24	Information:	OBR OBR|15|FER|FER|^|?????|20260902081059|20260902080955|20260902083041|||1|1|CC-LEV1-|059325005|20270514||M|88.900000|4.400000|84.698331|ng/mL||||||||||||||||||||||||||||
02.09.2026 8:34:24	Information:	PatientRecord in message is successfully  processed
02.09.2026 8:34:24	Information:	The patient order is successfully processed
02.09.2026 8:34:24	Information:	The ORU message is successfully processed
02.09.2026 8:34:24	Information:	No results to save
02.09.2026 8:34:24	Debug:	Process message: 5ms
02.09.2026 8:34:24	Debug:	Total time : 11ms
02.09.2026 8:34:25	Information:	Sended bytes:  11 77 83 72 124 94 126 92 38 124 77 105 110 100 114 97 121 124 124 124 124 50 48 50 54 48 57 48 50 48 56 51 52 50 52 124 124 65 67 75 94 82 48 49 124 56 56 124 80 124 50 46 51 46 49 124 124 124 124 50 124 124 117 115 45 97 115 99 105 105 124 124 124 13 77 83 65 124 65 65 124 56 56 124 77 101 115 115 97 103 101 32 97 99 99 101 112 116 101 100 124 124 124 48 124 13 28 13
02.09.2026 8:34:25	Information:	Sended string MSH|^~\&|Mindray||||20260902083424||ACK^R01|88|P|2.3.1||||2||us-ascii|||MSA|AA|88|Message accepted|||0|
02.09.2026 8:34:25	Information:	Received bytes(encoded):MSH|^~\&|||||20260902083326||ORU^R01|89|P|2.3.1||||2||ASCII|||OBR|16||ALB ?|^|?????|20260902081059|20260902080955|20260902082756|||1|1|CC-LEV1-|059325005|20270514||M|31.400000|1.600000|29.847221|g/L|||||||RGTE||||||||||||||||||||
02.09.2026 8:34:25	Information:	Add Frame:
02.09.2026 8:34:25	Information:	MSH|^~\&|||||20260902083326||ORU^R01|89|P|2.3.1||||2||ASCII|||
02.09.2026 8:34:25	Information:	In Header
02.09.2026 8:34:25	Information:	MessageType: ORU
02.09.2026 8:34:25	Information:	After message type
02.09.2026 8:34:25	Information:	After ask
02.09.2026 8:34:25	Information:	After version
02.09.2026 8:34:25	Information:	Add Frame:
02.09.2026 8:34:25	Information:	OBR|16||ALB ?|^|?????|20260902081059|20260902080955|20260902082756|||1|1|CC-LEV1-|059325005|20270514||M|31.400000|1.600000|29.847221|g/L|||||||RGTE||||||||||||||||||||
02.09.2026 8:34:25	Information:	Add Frame:
02.09.2026 8:34:25	Information:	
02.09.2026 8:34:25	Debug:	read message: 4ms
02.09.2026 8:34:25	Information:	The answer message is created successfully
02.09.2026 8:34:25	Information:	Sending answer...
02.09.2026 8:34:25	Information:	We are in ORU Message
02.09.2026 8:34:25	Information:	MSH MSH|^~\&|||||20260902083326||ORU^R01|89|P|2.3.1||||2||ASCII||||
02.09.2026 8:34:25	Information:	OBR OBR|16||ALB ?|^|?????|20260902081059|20260902080955|20260902082756|||1|1|CC-LEV1-|059325005|20270514||M|31.400000|1.600000|29.847221|g/L|||||||RGTE|||||||||||||||||||||
02.09.2026 8:34:25	Information:	PatientRecord in message is successfully  processed
02.09.2026 8:34:25	Information:	The patient order is successfully processed
02.09.2026 8:34:25	Information:	The ORU message is successfully processed
02.09.2026 8:34:25	Information:	No results to save
02.09.2026 8:34:25	Debug:	Process message: 3ms
02.09.2026 8:34:25	Debug:	Total time : 8ms
02.09.2026 8:34:26	Information:	Sended bytes:  11 77 83 72 124 94 126 92 38 124 77 105 110 100 114 97 121 124 124 124 124 50 48 50 54 48 57 48 50 48 56 51 52 50 53 124 124 65 67 75 94 82 48 49 124 56 57 124 80 124 50 46 51 46 49 124 124 124 124 50 124 124 117 115 45 97 115 99 105 105 124 124 124 13 77 83 65 124 65 65 124 56 57 124 77 101 115 115 97 103 101 32 97 99 99 101 112 116 101 100 124 124 124 48 124 13 28 13
02.09.2026 8:34:26	Information:	Sended string MSH|^~\&|Mindray||||20260902083425||ACK^R01|89|P|2.3.1||||2||us-ascii|||MSA|AA|89|Message accepted|||0|
02.09.2026 8:34:26	Information:	Received bytes(encoded):MSH|^~\&|||||20260902083327||ORU^R01|90|P|2.3.1||||2||ASCII|||OBR|17||C3|^|?????|20260902081059|20260902080955|20260902083256|||1|1|CC-LEV1-|059325005|20270514||M|1.000000|0.070000|1.068936|g/L|||||||RGTE||||||||||||||||||||
02.09.2026 8:34:26	Information:	Add Frame:
02.09.2026 8:34:26	Information:	MSH|^~\&|||||20260902083327||ORU^R01|90|P|2.3.1||||2||ASCII|||
02.09.2026 8:34:26	Information:	In Header
02.09.2026 8:34:26	Information:	MessageType: ORU
02.09.2026 8:34:26	Information:	After message type
02.09.2026 8:34:26	Information:	After ask
02.09.2026 8:34:26	Information:	After version
02.09.2026 8:34:26	Information:	Add Frame:
02.09.2026 8:34:26	Information:	OBR|17||C3|^|?????|20260902081059|20260902080955|20260902083256|||1|1|CC-LEV1-|059325005|20270514||M|1.000000|0.070000|1.068936|g/L|||||||RGTE||||||||||||||||||||
02.09.2026 8:34:26	Information:	Add Frame:
02.09.2026 8:34:26	Information:	
02.09.2026 8:34:26	Debug:	read message: 4ms
02.09.2026 8:34:26	Information:	The answer message is created successfully
02.09.2026 8:34:26	Information:	Sending answer...
02.09.2026 8:34:26	Information:	We are in ORU Message
02.09.2026 8:34:26	Information:	MSH MSH|^~\&|||||20260902083327||ORU^R01|90|P|2.3.1||||2||ASCII||||
02.09.2026 8:34:26	Information:	OBR OBR|17||C3|^|?????|20260902081059|20260902080955|20260902083256|||1|1|CC-LEV1-|059325005|20270514||M|1.000000|0.070000|1.068936|g/L|||||||RGTE|||||||||||||||||||||
02.09.2026 8:34:26	Information:	PatientRecord in message is successfully  processed
02.09.2026 8:34:26	Information:	The patient order is successfully processed
02.09.2026 8:34:26	Information:	The ORU message is successfully processed
02.09.2026 8:34:26	Information:	No results to save
02.09.2026 8:34:26	Debug:	Process message: 3ms
02.09.2026 8:34:26	Debug:	Total time : 9ms
02.09.2026 8:34:27	Information:	Sended bytes:  11 77 83 72 124 94 126 92 38 124 77 105 110 100 114 97 121 124 124 124 124 50 48 50 54 48 57 48 50 48 56 51 52 50 54 124 124 65 67 75 94 82 48 49 124 57 48 124 80 124 50 46 51 46 49 124 124 124 124 50 124 124 117 115 45 97 115 99 105 105 124 124 124 13 77 83 65 124 65 65 124 57 48 124 77 101 115 115 97 103 101 32 97 99 99 101 112 116 101 100 124 124 124 48 124 13 28 13
02.09.2026 8:34:27	Information:	Sended string MSH|^~\&|Mindray||||20260902083426||ACK^R01|90|P|2.3.1||||2||us-ascii|||MSA|AA|90|Message accepted|||0|
02.09.2026 8:34:27	Information:	Received bytes(encoded):MSH|^~\&|||||20260902083328||ORU^R01|91|P|2.3.1||||2||ASCII|||OBR|18||C4|^|?????|20260902081059|20260902080955|20260902083311|||1|1|CC-LEV1-|059325005|20270514||M|0.186000|0.013000|0.180854|g/L|||||||RGTE||||||||||||||||||||
02.09.2026 8:34:27	Information:	Add Frame:
02.09.2026 8:34:27	Information:	MSH|^~\&|||||20260902083328||ORU^R01|91|P|2.3.1||||2||ASCII|||
02.09.2026 8:34:27	Information:	In Header
02.09.2026 8:34:27	Information:	MessageType: ORU
02.09.2026 8:34:27	Information:	After message type
02.09.2026 8:34:27	Information:	After ask
02.09.2026 8:34:27	Information:	After version
02.09.2026 8:34:27	Information:	Add Frame:
02.09.2026 8:34:27	Information:	OBR|18||C4|^|?????|20260902081059|20260902080955|20260902083311|||1|1|CC-LEV1-|059325005|20270514||M|0.186000|0.013000|0.180854|g/L|||||||RGTE||||||||||||||||||||
02.09.2026 8:34:27	Information:	Add Frame:
02.09.2026 8:34:27	Information:	
02.09.2026 8:34:27	Debug:	read message: 4ms
02.09.2026 8:34:27	Information:	The answer message is created successfully
02.09.2026 8:34:27	Information:	Sending answer...
02.09.2026 8:34:27	Information:	We are in ORU Message
02.09.2026 8:34:27	Information:	MSH MSH|^~\&|||||20260902083328||ORU^R01|91|P|2.3.1||||2||ASCII||||
02.09.2026 8:34:27	Information:	OBR OBR|18||C4|^|?????|20260902081059|20260902080955|20260902083311|||1|1|CC-LEV1-|059325005|20270514||M|0.186000|0.013000|0.180854|g/L|||||||RGTE|||||||||||||||||||||
02.09.2026 8:34:27	Information:	PatientRecord in message is successfully  processed
02.09.2026 8:34:27	Information:	The patient order is successfully processed
02.09.2026 8:34:27	Information:	The ORU message is successfully processed
02.09.2026 8:34:27	Information:	No results to save
02.09.2026 8:34:27	Debug:	Process message: 4ms
02.09.2026 8:34:27	Debug:	Total time : 9ms
02.09.2026 8:34:28	Information:	Sended bytes:  11 77 83 72 124 94 126 92 38 124 77 105 110 100 114 97 121 124 124 124 124 50 48 50 54 48 57 48 50 48 56 51 52 50 55 124 124 65 67 75 94 82 48 49 124 57 49 124 80 124 50 46 51 46 49 124 124 124 124 50 124 124 117 115 45 97 115 99 105 105 124 124 124 13 77 83 65 124 65 65 124 57 49 124 77 101 115 115 97 103 101 32 97 99 99 101 112 116 101 100 124 124 124 48 124 13 28 13
02.09.2026 8:34:28	Information:	Sended string MSH|^~\&|Mindray||||20260902083427||ACK^R01|91|P|2.3.1||||2||us-ascii|||MSA|AA|91|Message accepted|||0|
02.09.2026 8:34:28	Information:	Received bytes(encoded):MSH|^~\&|||||20260902083329||ORU^R01|92|P|2.3.1||||2||ASCII|||OBR|19||P|^|?????|20260902081059|20260902080955|20260902083156|||1|1|CC-LEV1-|059325005|20270514||M|1.430000|0.070000|1.405399|mmol/L|||||||||||||||||||||||||||
02.09.2026 8:34:28	Information:	Add Frame:
02.09.2026 8:34:28	Information:	MSH|^~\&|||||20260902083329||ORU^R01|92|P|2.3.1||||2||ASCII|||
02.09.2026 8:34:28	Information:	In Header
02.09.2026 8:34:28	Information:	MessageType: ORU
02.09.2026 8:34:28	Information:	After message type
02.09.2026 8:34:28	Information:	After ask
02.09.2026 8:34:28	Information:	After version
02.09.2026 8:34:28	Information:	Add Frame:
02.09.2026 8:34:28	Information:	OBR|19||P|^|?????|20260902081059|20260902080955|20260902083156|||1|1|CC-LEV1-|059325005|20270514||M|1.430000|0.070000|1.405399|mmol/L|||||||||||||||||||||||||||
02.09.2026 8:34:28	Information:	Add Frame:
02.09.2026 8:34:28	Information:	
02.09.2026 8:34:28	Debug:	read message: 4ms
02.09.2026 8:34:28	Information:	The answer message is created successfully
02.09.2026 8:34:28	Information:	Sending answer...
02.09.2026 8:34:28	Information:	We are in ORU Message
02.09.2026 8:34:28	Information:	MSH MSH|^~\&|||||20260902083329||ORU^R01|92|P|2.3.1||||2||ASCII||||
02.09.2026 8:34:28	Information:	OBR OBR|19||P|^|?????|20260902081059|20260902080955|20260902083156|||1|1|CC-LEV1-|059325005|20270514||M|1.430000|0.070000|1.405399|mmol/L||||||||||||||||||||||||||||
02.09.2026 8:34:28	Information:	PatientRecord in message is successfully  processed
02.09.2026 8:34:28	Information:	The patient order is successfully processed
02.09.2026 8:34:28	Information:	The ORU message is successfully processed
02.09.2026 8:34:28	Information:	No results to save
02.09.2026 8:34:28	Debug:	Process message: 3ms
02.09.2026 8:34:28	Debug:	Total time : 8ms
02.09.2026 8:34:29	Information:	Sended bytes:  11 77 83 72 124 94 126 92 38 124 77 105 110 100 114 97 121 124 124 124 124 50 48 50 54 48 57 48 50 48 56 51 52 50 56 124 124 65 67 75 94 82 48 49 124 57 50 124 80 124 50 46 51 46 49 124 124 124 124 50 124 124 117 115 45 97 115 99 105 105 124 124 124 13 77 83 65 124 65 65 124 57 50 124 77 101 115 115 97 103 101 32 97 99 99 101 112 116 101 100 124 124 124 48 124 13 28 13
02.09.2026 8:34:29	Information:	Sended string MSH|^~\&|Mindray||||20260902083428||ACK^R01|92|P|2.3.1||||2||us-ascii|||MSA|AA|92|Message accepted|||0|
02.09.2026 8:34:35	Information:	refresh tokens
02.09.2026 8:34:47	Information:	url https://lab-vko.dmed.kz/ /api/DriverManager/PingDevice
02.09.2026 8:34:47	Information:	{
"Hash": "w9LjvpRCyoByGV3Lzv0iX9dSI0tLK0uV+pRojL1kufc=",
"Status": 0
}


02.09.2026 8:34:47	Information:	Ping ret is {"Status":0,"Comment":null}
02.09.2026 8:36:48	Information:	url https://lab-vko.dmed.kz/ /api/DriverManager/PingDevice
02.09.2026 8:36:48	Information:	{
"Hash": "w9LjvpRCyoByGV3Lzv0iX9dSI0tLK0uV+pRojL1kufc=",
"Status": 0
}


02.09.2026 8:36:48	Information:	Ping ret is {"Status":0,"Comment":null}
02.09.2026 8:38:49	Information:	url https://lab-vko.dmed.kz/ /api/DriverManager/PingDevice
02.09.2026 8:38:49	Information:	{
"Hash": "w9LjvpRCyoByGV3Lzv0iX9dSI0tLK0uV+pRojL1kufc=",
"Status": 0
}


02.09.2026 8:38:49	Information:	Ping ret is {"Status":0,"Comment":null}
02.09.2026 8:38:55	Information:	Received bytes(encoded):MSH|^~\&|||||20260902083756||ORU^R01|93|P|2.3.1||||2||ASCII|||OBR|20|Ca|Ca|^|?????|20260902081059|20260902081045|20260902082841|||1|2|CC-LEV2-|059425004|20270331||M|3.170000|0.120000|2.915017|mmol/L|||||||||||||||||||||||||||
02.09.2026 8:38:55	Information:	Add Frame:
02.09.2026 8:38:55	Information:	MSH|^~\&|||||20260902083756||ORU^R01|93|P|2.3.1||||2||ASCII|||
02.09.2026 8:38:55	Information:	In Header
02.09.2026 8:38:55	Information:	MessageType: ORU
02.09.2026 8:38:55	Information:	After message type
02.09.2026 8:38:55	Information:	After ask
02.09.2026 8:38:55	Information:	After version
02.09.2026 8:38:55	Information:	Add Frame:
02.09.2026 8:38:55	Information:	OBR|20|Ca|Ca|^|?????|20260902081059|20260902081045|20260902082841|||1|2|CC-LEV2-|059425004|20270331||M|3.170000|0.120000|2.915017|mmol/L|||||||||||||||||||||||||||
02.09.2026 8:38:55	Information:	Add Frame:
02.09.2026 8:38:55	Information:	
02.09.2026 8:38:55	Debug:	read message: 5ms
02.09.2026 8:38:55	Information:	The answer message is created successfully
02.09.2026 8:38:55	Information:	Sending answer...
02.09.2026 8:38:55	Information:	We are in ORU Message
02.09.2026 8:38:55	Information:	MSH MSH|^~\&|||||20260902083756||ORU^R01|93|P|2.3.1||||2||ASCII||||
02.09.2026 8:38:55	Information:	OBR OBR|20|Ca|Ca|^|?????|20260902081059|20260902081045|20260902082841|||1|2|CC-LEV2-|059425004|20270331||M|3.170000|0.120000|2.915017|mmol/L||||||||||||||||||||||||||||
02.09.2026 8:38:55	Information:	PatientRecord in message is successfully  processed
02.09.2026 8:38:55	Information:	The patient order is successfully processed
02.09.2026 8:38:55	Information:	The ORU message is successfully processed
02.09.2026 8:38:55	Information:	No results to save
02.09.2026 8:38:55	Debug:	Process message: 4ms
02.09.2026 8:38:55	Debug:	Total time : 10ms
02.09.2026 8:38:56	Information:	Sended bytes:  11 77 83 72 124 94 126 92 38 124 77 105 110 100 114 97 121 124 124 124 124 50 48 50 54 48 57 48 50 48 56 51 56 53 53 124 124 65 67 75 94 82 48 49 124 57 51 124 80 124 50 46 51 46 49 124 124 124 124 50 124 124 117 115 45 97 115 99 105 105 124 124 124 13 77 83 65 124 65 65 124 57 51 124 77 101 115 115 97 103 101 32 97 99 99 101 112 116 101 100 124 124 124 48 124 13 28 13
02.09.2026 8:38:56	Information:	Sended string MSH|^~\&|Mindray||||20260902083855||ACK^R01|93|P|2.3.1||||2||us-ascii|||MSA|AA|93|Message accepted|||0|
02.09.2026 8:38:56	Information:	Received bytes(encoded):MSH|^~\&|||||20260902083757||ORU^R01|94|P|2.3.1||||2||ASCII|||OBR|21|Glu-G|Glu-G|^|?????|20260902081059|20260902081045|20260902083441|||1|2|CC-LEV2-|059425004|20270331||M|13.300000|0.700000|12.813617|mmol/L|||||||RGTE||||||||||||||||||||
02.09.2026 8:38:56	Information:	Add Frame:
02.09.2026 8:38:56	Information:	MSH|^~\&|||||20260902083757||ORU^R01|94|P|2.3.1||||2||ASCII|||
02.09.2026 8:38:56	Information:	In Header
02.09.2026 8:38:56	Information:	MessageType: ORU
02.09.2026 8:38:56	Information:	After message type
02.09.2026 8:38:56	Information:	After ask
02.09.2026 8:38:56	Information:	After version
02.09.2026 8:38:56	Information:	Add Frame:
02.09.2026 8:38:56	Information:	OBR|21|Glu-G|Glu-G|^|?????|20260902081059|20260902081045|20260902083441|||1|2|CC-LEV2-|059425004|20270331||M|13.300000|0.700000|12.813617|mmol/L|||||||RGTE||||||||||||||||||||
02.09.2026 8:38:56	Information:	Add Frame:
02.09.2026 8:38:56	Information:	
02.09.2026 8:38:56	Debug:	read message: 4ms
02.09.2026 8:38:56	Information:	The answer message is created successfully
02.09.2026 8:38:56	Information:	Sending answer...
02.09.2026 8:38:56	Information:	We are in ORU Message
02.09.2026 8:38:56	Information:	MSH MSH|^~\&|||||20260902083757||ORU^R01|94|P|2.3.1||||2||ASCII||||
02.09.2026 8:38:56	Information:	OBR OBR|21|Glu-G|Glu-G|^|?????|20260902081059|20260902081045|20260902083441|||1|2|CC-LEV2-|059425004|20270331||M|13.300000|0.700000|12.813617|mmol/L|||||||RGTE|||||||||||||||||||||
02.09.2026 8:38:56	Information:	PatientRecord in message is successfully  processed
02.09.2026 8:38:56	Information:	The patient order is successfully processed
02.09.2026 8:38:56	Information:	The ORU message is successfully processed
02.09.2026 8:38:56	Information:	No results to save
02.09.2026 8:38:56	Debug:	Process message: 3ms
02.09.2026 8:38:56	Debug:	Total time : 9ms
02.09.2026 8:38:57	Information:	Sended bytes:  11 77 83 72 124 94 126 92 38 124 77 105 110 100 114 97 121 124 124 124 124 50 48 50 54 48 57 48 50 48 56 51 56 53 54 124 124 65 67 75 94 82 48 49 124 57 52 124 80 124 50 46 51 46 49 124 124 124 124 50 124 124 117 115 45 97 115 99 105 105 124 124 124 13 77 83 65 124 65 65 124 57 52 124 77 101 115 115 97 103 101 32 97 99 99 101 112 116 101 100 124 124 124 48 124 13 28 13
02.09.2026 8:38:57	Information:	Sended string MSH|^~\&|Mindray||||20260902083856||ACK^R01|94|P|2.3.1||||2||us-ascii|||MSA|AA|94|Message accepted|||0|
02.09.2026 8:38:57	Information:	Received bytes(encoded):MSH|^~\&|||||20260902083758||ORU^R01|95|P|2.3.1||||2||ASCII|||OBR|22|T-Bil-V|T-Bil-V|^|?????|20260902081059|20260902081045|20260902083442|||1|2|CC-LEV2-|059425004|20270331||M|64.000000|4.800000|65.140351|?mol/L|||||||||||||||||||||||||||
02.09.2026 8:38:57	Information:	Add Frame:
02.09.2026 8:38:57	Information:	MSH|^~\&|||||20260902083758||ORU^R01|95|P|2.3.1||||2||ASCII|||
02.09.2026 8:38:57	Information:	In Header
02.09.2026 8:38:57	Information:	MessageType: ORU
02.09.2026 8:38:57	Information:	After message type
02.09.2026 8:38:57	Information:	After ask
02.09.2026 8:38:57	Information:	After version
02.09.2026 8:38:57	Information:	Add Frame:
02.09.2026 8:38:57	Information:	OBR|22|T-Bil-V|T-Bil-V|^|?????|20260902081059|20260902081045|20260902083442|||1|2|CC-LEV2-|059425004|20270331||M|64.000000|4.800000|65.140351|?mol/L|||||||||||||||||||||||||||
02.09.2026 8:38:57	Information:	Add Frame:
02.09.2026 8:38:57	Information:	
02.09.2026 8:38:57	Debug:	read message: 5ms
02.09.2026 8:38:57	Information:	The answer message is created successfully
02.09.2026 8:38:57	Information:	Sending answer...
02.09.2026 8:38:57	Information:	We are in ORU Message
02.09.2026 8:38:57	Information:	MSH MSH|^~\&|||||20260902083758||ORU^R01|95|P|2.3.1||||2||ASCII||||
02.09.2026 8:38:57	Information:	OBR OBR|22|T-Bil-V|T-Bil-V|^|?????|20260902081059|20260902081045|20260902083442|||1|2|CC-LEV2-|059425004|20270331||M|64.000000|4.800000|65.140351|?mol/L||||||||||||||||||||||||||||
02.09.2026 8:38:57	Information:	PatientRecord in message is successfully  processed
02.09.2026 8:38:57	Information:	The patient order is successfully processed
02.09.2026 8:38:57	Information:	The ORU message is successfully processed
02.09.2026 8:38:57	Information:	No results to save
02.09.2026 8:38:57	Debug:	Process message: 3ms
02.09.2026 8:38:57	Debug:	Total time : 10ms
02.09.2026 8:38:58	Information:	Sended bytes:  11 77 83 72 124 94 126 92 38 124 77 105 110 100 114 97 121 124 124 124 124 50 48 50 54 48 57 48 50 48 56 51 56 53 55 124 124 65 67 75 94 82 48 49 124 57 53 124 80 124 50 46 51 46 49 124 124 124 124 50 124 124 117 115 45 97 115 99 105 105 124 124 124 13 77 83 65 124 65 65 124 57 53 124 77 101 115 115 97 103 101 32 97 99 99 101 112 116 101 100 124 124 124 48 124 13 28 13
02.09.2026 8:38:58	Information:	Sended string MSH|^~\&|Mindray||||20260902083857||ACK^R01|95|P|2.3.1||||2||us-ascii|||MSA|AA|95|Message accepted|||0|
02.09.2026 8:38:58	Information:	Received bytes(encoded):MSH|^~\&|||||20260902083759||ORU^R01|96|P|2.3.1||||2||ASCII|||OBR|23|D-Bil-V|D-Bil-V|^|?????|20260902081059|20260902081045|20260902083457|||1|2|CC-LEV2-|059425004|20270331||M|31.200000|2.300000|29.626747|?mol/L|||||||||||||||||||||||||||
02.09.2026 8:38:58	Information:	Add Frame:
02.09.2026 8:38:58	Information:	MSH|^~\&|||||20260902083759||ORU^R01|96|P|2.3.1||||2||ASCII|||
02.09.2026 8:38:58	Information:	In Header
02.09.2026 8:38:58	Information:	MessageType: ORU
02.09.2026 8:38:58	Information:	After message type
02.09.2026 8:38:58	Information:	After ask
02.09.2026 8:38:58	Information:	After version
02.09.2026 8:38:58	Information:	Add Frame:
02.09.2026 8:38:58	Information:	OBR|23|D-Bil-V|D-Bil-V|^|?????|20260902081059|20260902081045|20260902083457|||1|2|CC-LEV2-|059425004|20270331||M|31.200000|2.300000|29.626747|?mol/L|||||||||||||||||||||||||||
02.09.2026 8:38:58	Information:	Add Frame:
02.09.2026 8:38:58	Information:	
02.09.2026 8:38:58	Debug:	read message: 4ms
02.09.2026 8:38:58	Information:	The answer message is created successfully
02.09.2026 8:38:58	Information:	Sending answer...
02.09.2026 8:38:58	Information:	We are in ORU Message
02.09.2026 8:38:58	Information:	MSH MSH|^~\&|||||20260902083759||ORU^R01|96|P|2.3.1||||2||ASCII||||
02.09.2026 8:38:58	Information:	OBR OBR|23|D-Bil-V|D-Bil-V|^|?????|20260902081059|20260902081045|20260902083457|||1|2|CC-LEV2-|059425004|20270331||M|31.200000|2.300000|29.626747|?mol/L||||||||||||||||||||||||||||
02.09.2026 8:38:58	Information:	PatientRecord in message is successfully  processed
02.09.2026 8:38:58	Information:	The patient order is successfully processed
02.09.2026 8:38:58	Information:	The ORU message is successfully processed
02.09.2026 8:38:58	Information:	No results to save
02.09.2026 8:38:58	Debug:	Process message: 3ms
02.09.2026 8:38:58	Debug:	Total time : 9ms
02.09.2026 8:38:59	Information:	Sended bytes:  11 77 83 72 124 94 126 92 38 124 77 105 110 100 114 97 121 124 124 124 124 50 48 50 54 48 57 48 50 48 56 51 56 53 56 124 124 65 67 75 94 82 48 49 124 57 54 124 80 124 50 46 51 46 49 124 124 124 124 50 124 124 117 115 45 97 115 99 105 105 124 124 124 13 77 83 65 124 65 65 124 57 54 124 77 101 115 115 97 103 101 32 97 99 99 101 112 116 101 100 124 124 124 48 124 13 28 13
02.09.2026 8:38:59	Information:	Sended string MSH|^~\&|Mindray||||20260902083858||ACK^R01|96|P|2.3.1||||2||us-ascii|||MSA|AA|96|Message accepted|||0|
02.09.2026 8:38:59	Information:	Received bytes(encoded):MSH|^~\&|||||20260902083800||ORU^R01|97|P|2.3.1||||2||ASCII|||OBR|24|ALT|ALT|^|?????|20260902081059|20260902081045|20260902083311|||1|2|CC-LEV2-|059425004|20270331||M|134.000000|7.000000|136.708773|U/L|||||||||||||||||||||||||||
02.09.2026 8:38:59	Information:	Add Frame:
02.09.2026 8:38:59	Information:	MSH|^~\&|||||20260902083800||ORU^R01|97|P|2.3.1||||2||ASCII|||
02.09.2026 8:38:59	Information:	In Header
02.09.2026 8:38:59	Information:	MessageType: ORU
02.09.2026 8:38:59	Information:	After message type
02.09.2026 8:38:59	Information:	After ask
02.09.2026 8:38:59	Information:	After version
02.09.2026 8:38:59	Information:	Add Frame:
02.09.2026 8:38:59	Information:	OBR|24|ALT|ALT|^|?????|20260902081059|20260902081045|20260902083311|||1|2|CC-LEV2-|059425004|20270331||M|134.000000|7.000000|136.708773|U/L|||||||||||||||||||||||||||
02.09.2026 8:38:59	Information:	Add Frame:
02.09.2026 8:38:59	Information:	
02.09.2026 8:38:59	Debug:	read message: 4ms
02.09.2026 8:38:59	Information:	The answer message is created successfully
02.09.2026 8:38:59	Information:	Sending answer...
02.09.2026 8:38:59	Information:	We are in ORU Message
02.09.2026 8:38:59	Information:	MSH MSH|^~\&|||||20260902083800||ORU^R01|97|P|2.3.1||||2||ASCII||||
02.09.2026 8:38:59	Information:	OBR OBR|24|ALT|ALT|^|?????|20260902081059|20260902081045|20260902083311|||1|2|CC-LEV2-|059425004|20270331||M|134.000000|7.000000|136.708773|U/L||||||||||||||||||||||||||||
02.09.2026 8:38:59	Information:	PatientRecord in message is successfully  processed
02.09.2026 8:38:59	Information:	The patient order is successfully processed
02.09.2026 8:38:59	Information:	The ORU message is successfully processed
02.09.2026 8:38:59	Information:	No results to save
02.09.2026 8:38:59	Debug:	Process message: 3ms
02.09.2026 8:38:59	Debug:	Total time : 8ms
02.09.2026 8:39:00	Information:	Sended bytes:  11 77 83 72 124 94 126 92 38 124 77 105 110 100 114 97 121 124 124 124 124 50 48 50 54 48 57 48 50 48 56 51 56 53 57 124 124 65 67 75 94 82 48 49 124 57 55 124 80 124 50 46 51 46 49 124 124 124 124 50 124 124 117 115 45 97 115 99 105 105 124 124 124 13 77 83 65 124 65 65 124 57 55 124 77 101 115 115 97 103 101 32 97 99 99 101 112 116 101 100 124 124 124 48 124 13 28 13
02.09.2026 8:39:00	Information:	Sended string MSH|^~\&|Mindray||||20260902083859||ACK^R01|97|P|2.3.1||||2||us-ascii|||MSA|AA|97|Message accepted|||0|
02.09.2026 8:39:00	Information:	Received bytes(encoded):MSH|^~\&|||||20260902083801||ORU^R01|98|P|2.3.1||||2||ASCII|||OBR|25|AST|AST|^|?????|20260902081059|20260902081045|20260902083326|||1|2|CC-LEV2-|059425004|20270331||M|149.000000|7.000000|145.227059|U/L|||||||||||||||||||||||||||
02.09.2026 8:39:00	Information:	Add Frame:
02.09.2026 8:39:00	Information:	MSH|^~\&|||||20260902083801||ORU^R01|98|P|2.3.1||||2||ASCII|||
02.09.2026 8:39:00	Information:	In Header
02.09.2026 8:39:00	Information:	MessageType: ORU
02.09.2026 8:39:00	Information:	After message type
02.09.2026 8:39:00	Information:	After ask
02.09.2026 8:39:00	Information:	After version
02.09.2026 8:39:00	Information:	Add Frame:
02.09.2026 8:39:00	Information:	OBR|25|AST|AST|^|?????|20260902081059|20260902081045|20260902083326|||1|2|CC-LEV2-|059425004|20270331||M|149.000000|7.000000|145.227059|U/L|||||||||||||||||||||||||||
02.09.2026 8:39:00	Information:	Add Frame:
02.09.2026 8:39:00	Information:	
02.09.2026 8:39:00	Debug:	read message: 5ms
02.09.2026 8:39:00	Information:	The answer message is created successfully
02.09.2026 8:39:00	Information:	Sending answer...
02.09.2026 8:39:00	Information:	We are in ORU Message
02.09.2026 8:39:00	Information:	MSH MSH|^~\&|||||20260902083801||ORU^R01|98|P|2.3.1||||2||ASCII||||
02.09.2026 8:39:00	Information:	OBR OBR|25|AST|AST|^|?????|20260902081059|20260902081045|20260902083326|||1|2|CC-LEV2-|059425004|20270331||M|149.000000|7.000000|145.227059|U/L||||||||||||||||||||||||||||
02.09.2026 8:39:00	Information:	PatientRecord in message is successfully  processed
02.09.2026 8:39:00	Information:	The patient order is successfully processed
02.09.2026 8:39:00	Information:	The ORU message is successfully processed
02.09.2026 8:39:00	Information:	No results to save
02.09.2026 8:39:00	Debug:	Process message: 3ms
02.09.2026 8:39:00	Debug:	Total time : 10ms
02.09.2026 8:39:01	Information:	Sended bytes:  11 77 83 72 124 94 126 92 38 124 77 105 110 100 114 97 121 124 124 124 124 50 48 50 54 48 57 48 50 48 56 51 57 48 48 124 124 65 67 75 94 82 48 49 124 57 56 124 80 124 50 46 51 46 49 124 124 124 124 50 124 124 117 115 45 97 115 99 105 105 124 124 124 13 77 83 65 124 65 65 124 57 56 124 77 101 115 115 97 103 101 32 97 99 99 101 112 116 101 100 124 124 124 48 124 13 28 13
02.09.2026 8:39:01	Information:	Sended string MSH|^~\&|Mindray||||20260902083900||ACK^R01|98|P|2.3.1||||2||us-ascii|||MSA|AA|98|Message accepted|||0|
02.09.2026 8:39:01	Information:	Received bytes(encoded):MSH|^~\&|||||20260902083802||ORU^R01|99|P|2.3.1||||2||ASCII|||OBR|26|CRP|CRP ?|^|?????|20260902081059|20260902081045|20260902083541|||1|2|CC-LEV2-|059425004|20270331||M|53.500000|5.400000|55.512255|mg/L|||||||||||||||||||||||||||
02.09.2026 8:39:01	Information:	Add Frame:
02.09.2026 8:39:01	Information:	MSH|^~\&|||||20260902083802||ORU^R01|99|P|2.3.1||||2||ASCII|||
02.09.2026 8:39:01	Information:	In Header
02.09.2026 8:39:01	Information:	MessageType: ORU
02.09.2026 8:39:01	Information:	After message type
02.09.2026 8:39:01	Information:	After ask
02.09.2026 8:39:01	Information:	After version
02.09.2026 8:39:01	Information:	Add Frame:
02.09.2026 8:39:01	Information:	OBR|26|CRP|CRP ?|^|?????|20260902081059|20260902081045|20260902083541|||1|2|CC-LEV2-|059425004|20270331||M|53.500000|5.400000|55.512255|mg/L|||||||||||||||||||||||||||
02.09.2026 8:39:01	Information:	Add Frame:
02.09.2026 8:39:01	Information:	
02.09.2026 8:39:01	Debug:	read message: 4ms
02.09.2026 8:39:01	Information:	The answer message is created successfully
02.09.2026 8:39:01	Information:	Sending answer...
02.09.2026 8:39:01	Information:	We are in ORU Message
02.09.2026 8:39:01	Information:	MSH MSH|^~\&|||||20260902083802||ORU^R01|99|P|2.3.1||||2||ASCII||||
02.09.2026 8:39:01	Information:	OBR OBR|26|CRP|CRP ?|^|?????|20260902081059|20260902081045|20260902083541|||1|2|CC-LEV2-|059425004|20270331||M|53.500000|5.400000|55.512255|mg/L||||||||||||||||||||||||||||
02.09.2026 8:39:01	Information:	PatientRecord in message is successfully  processed
02.09.2026 8:39:01	Information:	The patient order is successfully processed
02.09.2026 8:39:01	Information:	The ORU message is successfully processed
02.09.2026 8:39:01	Information:	No results to save
02.09.2026 8:39:01	Debug:	Process message: 3ms
02.09.2026 8:39:01	Debug:	Total time : 8ms
02.09.2026 8:39:02	Information:	Sended bytes:  11 77 83 72 124 94 126 92 38 124 77 105 110 100 114 97 121 124 124 124 124 50 48 50 54 48 57 48 50 48 56 51 57 48 49 124 124 65 67 75 94 82 48 49 124 57 57 124 80 124 50 46 51 46 49 124 124 124 124 50 124 124 117 115 45 97 115 99 105 105 124 124 124 13 77 83 65 124 65 65 124 57 57 124 77 101 115 115 97 103 101 32 97 99 99 101 112 116 101 100 124 124 124 48 124 13 28 13
02.09.2026 8:39:02	Information:	Sended string MSH|^~\&|Mindray||||20260902083901||ACK^R01|99|P|2.3.1||||2||us-ascii|||MSA|AA|99|Message accepted|||0|
02.09.2026 8:39:02	Information:	Received bytes(encoded):MSH|^~\&|||||20260902083803||ORU^R01|100|P|2.3.1||||2||ASCII|||OBR|27|ALP|ALP|^|?????|20260902081059|20260902081045|20260902083611|||1|2|CC-LEV2-|059425004|20270331||M|237.000000|12.000000|207.756375|U/L|||||||RGTE||||||||||||||||||||
02.09.2026 8:39:02	Information:	Add Frame:
02.09.2026 8:39:02	Information:	MSH|^~\&|||||20260902083803||ORU^R01|100|P|2.3.1||||2||ASCII|||
02.09.2026 8:39:02	Information:	In Header
02.09.2026 8:39:02	Information:	MessageType: ORU
02.09.2026 8:39:02	Information:	After message type
02.09.2026 8:39:02	Information:	After ask
02.09.2026 8:39:02	Information:	After version
02.09.2026 8:39:02	Information:	Add Frame:
02.09.2026 8:39:02	Information:	OBR|27|ALP|ALP|^|?????|20260902081059|20260902081045|20260902083611|||1|2|CC-LEV2-|059425004|20270331||M|237.000000|12.000000|207.756375|U/L|||||||RGTE||||||||||||||||||||
02.09.2026 8:39:02	Information:	Add Frame:
02.09.2026 8:39:02	Information:	
02.09.2026 8:39:02	Debug:	read message: 4ms
02.09.2026 8:39:02	Information:	The answer message is created successfully
02.09.2026 8:39:02	Information:	Sending answer...
02.09.2026 8:39:02	Information:	We are in ORU Message
02.09.2026 8:39:02	Information:	MSH MSH|^~\&|||||20260902083803||ORU^R01|100|P|2.3.1||||2||ASCII||||
02.09.2026 8:39:02	Information:	OBR OBR|27|ALP|ALP|^|?????|20260902081059|20260902081045|20260902083611|||1|2|CC-LEV2-|059425004|20270331||M|237.000000|12.000000|207.756375|U/L|||||||RGTE|||||||||||||||||||||
02.09.2026 8:39:02	Information:	PatientRecord in message is successfully  processed
02.09.2026 8:39:02	Information:	The patient order is successfully processed
02.09.2026 8:39:02	Information:	The ORU message is successfully processed
02.09.2026 8:39:02	Information:	No results to save
02.09.2026 8:39:02	Debug:	Process message: 3ms
02.09.2026 8:39:02	Debug:	Total time : 8ms
02.09.2026 8:39:03	Information:	Sended bytes:  11 77 83 72 124 94 126 92 38 124 77 105 110 100 114 97 121 124 124 124 124 50 48 50 54 48 57 48 50 48 56 51 57 48 50 124 124 65 67 75 94 82 48 49 124 49 48 48 124 80 124 50 46 51 46 49 124 124 124 124 50 124 124 117 115 45 97 115 99 105 105 124 124 124 13 77 83 65 124 65 65 124 49 48 48 124 77 101 115 115 97 103 101 32 97 99 99 101 112 116 101 100 124 124 124 48 124 13 28 13
02.09.2026 8:39:03	Information:	Sended string MSH|^~\&|Mindray||||20260902083902||ACK^R01|100|P|2.3.1||||2||us-ascii|||MSA|AA|100|Message accepted|||0|
02.09.2026 8:39:03	Information:	Received bytes(encoded):MSH|^~\&|||||20260902083804||ORU^R01|101|P|2.3.1||||2||ASCII|||OBR|28|TP|TP|^|?????|20260902081059|20260902081045|20260902083512|||1|2|CC-LEV2-|059425004|20270331||M|77.800000|3.900000|80.540361|g/L|||||||||||||||||||||||||||
02.09.2026 8:39:03	Information:	Add Frame:
02.09.2026 8:39:03	Information:	MSH|^~\&|||||20260902083804||ORU^R01|101|P|2.3.1||||2||ASCII|||
02.09.2026 8:39:03	Information:	In Header
02.09.2026 8:39:03	Information:	MessageType: ORU
02.09.2026 8:39:03	Information:	After message type
02.09.2026 8:39:03	Information:	After ask
02.09.2026 8:39:03	Information:	After version
02.09.2026 8:39:03	Information:	Add Frame:
02.09.2026 8:39:03	Information:	OBR|28|TP|TP|^|?????|20260902081059|20260902081045|20260902083512|||1|2|CC-LEV2-|059425004|20270331||M|77.800000|3.900000|80.540361|g/L|||||||||||||||||||||||||||
02.09.2026 8:39:03	Information:	Add Frame:
02.09.2026 8:39:03	Information:	
02.09.2026 8:39:03	Debug:	read message: 4ms
02.09.2026 8:39:03	Information:	The answer message is created successfully
02.09.2026 8:39:03	Information:	Sending answer...
02.09.2026 8:39:03	Information:	We are in ORU Message
02.09.2026 8:39:03	Information:	MSH MSH|^~\&|||||20260902083804||ORU^R01|101|P|2.3.1||||2||ASCII||||
02.09.2026 8:39:03	Information:	OBR OBR|28|TP|TP|^|?????|20260902081059|20260902081045|20260902083512|||1|2|CC-LEV2-|059425004|20270331||M|77.800000|3.900000|80.540361|g/L||||||||||||||||||||||||||||
02.09.2026 8:39:03	Information:	PatientRecord in message is successfully  processed
02.09.2026 8:39:03	Information:	The patient order is successfully processed
02.09.2026 8:39:03	Information:	The ORU message is successfully processed
02.09.2026 8:39:03	Information:	No results to save
02.09.2026 8:39:03	Debug:	Process message: 3ms
02.09.2026 8:39:03	Debug:	Total time : 9ms
02.09.2026 8:39:04	Information:	Sended bytes:  11 77 83 72 124 94 126 92 38 124 77 105 110 100 114 97 121 124 124 124 124 50 48 50 54 48 57 48 50 48 56 51 57 48 51 124 124 65 67 75 94 82 48 49 124 49 48 49 124 80 124 50 46 51 46 49 124 124 124 124 50 124 124 117 115 45 97 115 99 105 105 124 124 124 13 77 83 65 124 65 65 124 49 48 49 124 77 101 115 115 97 103 101 32 97 99 99 101 112 116 101 100 124 124 124 48 124 13 28 13
02.09.2026 8:39:04	Information:	Sended string MSH|^~\&|Mindray||||20260902083903||ACK^R01|101|P|2.3.1||||2||us-ascii|||MSA|AA|101|Message accepted|||0|
02.09.2026 8:39:04	Information:	Received bytes(encoded):MSH|^~\&|||||20260902083805||ORU^R01|102|P|2.3.1||||2||ASCII|||OBR|29|AMY|?-AMY|^|?????|20260902081059|20260902081045|20260902083411|||1|2|CC-LEV2-|059425004|20270331||M|202.000000|10.000000|200.057292|U/L|||||||||||||||||||||||||||
02.09.2026 8:39:04	Information:	Add Frame:
02.09.2026 8:39:04	Information:	MSH|^~\&|||||20260902083805||ORU^R01|102|P|2.3.1||||2||ASCII|||
02.09.2026 8:39:04	Information:	In Header
02.09.2026 8:39:04	Information:	MessageType: ORU
02.09.2026 8:39:04	Information:	After message type
02.09.2026 8:39:04	Information:	After ask
02.09.2026 8:39:04	Information:	After version
02.09.2026 8:39:04	Information:	Add Frame:
02.09.2026 8:39:04	Information:	OBR|29|AMY|?-AMY|^|?????|20260902081059|20260902081045|20260902083411|||1|2|CC-LEV2-|059425004|20270331||M|202.000000|10.000000|200.057292|U/L|||||||||||||||||||||||||||
02.09.2026 8:39:04	Information:	Add Frame:
02.09.2026 8:39:04	Information:	
02.09.2026 8:39:04	Debug:	read message: 4ms
02.09.2026 8:39:04	Information:	The answer message is created successfully
02.09.2026 8:39:04	Information:	Sending answer...
02.09.2026 8:39:04	Information:	We are in ORU Message
02.09.2026 8:39:04	Information:	MSH MSH|^~\&|||||20260902083805||ORU^R01|102|P|2.3.1||||2||ASCII||||
02.09.2026 8:39:04	Information:	OBR OBR|29|AMY|?-AMY|^|?????|20260902081059|20260902081045|20260902083411|||1|2|CC-LEV2-|059425004|20270331||M|202.000000|10.000000|200.057292|U/L||||||||||||||||||||||||||||
02.09.2026 8:39:04	Information:	PatientRecord in message is successfully  processed
02.09.2026 8:39:04	Information:	The patient order is successfully processed
02.09.2026 8:39:04	Information:	The ORU message is successfully processed
02.09.2026 8:39:04	Information:	No results to save
02.09.2026 8:39:04	Debug:	Process message: 3ms
02.09.2026 8:39:04	Debug:	Total time : 9ms
02.09.2026 8:39:05	Information:	Sended bytes:  11 77 83 72 124 94 126 92 38 124 77 105 110 100 114 97 121 124 124 124 124 50 48 50 54 48 57 48 50 48 56 51 57 48 52 124 124 65 67 75 94 82 48 49 124 49 48 50 124 80 124 50 46 51 46 49 124 124 124 124 50 124 124 117 115 45 97 115 99 105 105 124 124 124 13 77 83 65 124 65 65 124 49 48 50 124 77 101 115 115 97 103 101 32 97 99 99 101 112 116 101 100 124 124 124 48 124 13 28 13
02.09.2026 8:39:05	Information:	Sended string MSH|^~\&|Mindray||||20260902083904||ACK^R01|102|P|2.3.1||||2||us-ascii|||MSA|AA|102|Message accepted|||0|
02.09.2026 8:39:05	Information:	Received bytes(encoded):MSH|^~\&|||||20260902083806||ORU^R01|103|P|2.3.1||||2||ASCII|||OBR|30|TC|TC|^|?????|20260902081059|20260902081045|20260902083211|||1|2|CC-LEV2-|059425004|20270331||M|4.420000|0.200000|4.221818|mmol/L|||||||RGTE||||||||||||||||||||
02.09.2026 8:39:05	Information:	Add Frame:
02.09.2026 8:39:05	Information:	MSH|^~\&|||||20260902083806||ORU^R01|103|P|2.3.1||||2||ASCII|||
02.09.2026 8:39:05	Information:	In Header
02.09.2026 8:39:05	Information:	MessageType: ORU
02.09.2026 8:39:05	Information:	After message type
02.09.2026 8:39:05	Information:	After ask
02.09.2026 8:39:05	Information:	After version
02.09.2026 8:39:05	Information:	Add Frame:
02.09.2026 8:39:05	Information:	OBR|30|TC|TC|^|?????|20260902081059|20260902081045|20260902083211|||1|2|CC-LEV2-|059425004|20270331||M|4.420000|0.200000|4.221818|mmol/L|||||||RGTE||||||||||||||||||||
02.09.2026 8:39:05	Information:	Add Frame:
02.09.2026 8:39:05	Information:	
02.09.2026 8:39:05	Debug:	read message: 4ms
02.09.2026 8:39:05	Information:	The answer message is created successfully
02.09.2026 8:39:05	Information:	Sending answer...
02.09.2026 8:39:05	Information:	We are in ORU Message
02.09.2026 8:39:05	Information:	MSH MSH|^~\&|||||20260902083806||ORU^R01|103|P|2.3.1||||2||ASCII||||
02.09.2026 8:39:05	Information:	OBR OBR|30|TC|TC|^|?????|20260902081059|20260902081045|20260902083211|||1|2|CC-LEV2-|059425004|20270331||M|4.420000|0.200000|4.221818|mmol/L|||||||RGTE|||||||||||||||||||||
02.09.2026 8:39:05	Information:	PatientRecord in message is successfully  processed
02.09.2026 8:39:05	Information:	The patient order is successfully processed
02.09.2026 8:39:05	Information:	The ORU message is successfully processed
02.09.2026 8:39:05	Information:	No results to save
02.09.2026 8:39:05	Debug:	Process message: 3ms
02.09.2026 8:39:05	Debug:	Total time : 9ms
02.09.2026 8:39:06	Information:	Sended bytes:  11 77 83 72 124 94 126 92 38 124 77 105 110 100 114 97 121 124 124 124 124 50 48 50 54 48 57 48 50 48 56 51 57 48 53 124 124 65 67 75 94 82 48 49 124 49 48 51 124 80 124 50 46 51 46 49 124 124 124 124 50 124 124 117 115 45 97 115 99 105 105 124 124 124 13 77 83 65 124 65 65 124 49 48 51 124 77 101 115 115 97 103 101 32 97 99 99 101 112 116 101 100 124 124 124 48 124 13 28 13
02.09.2026 8:39:06	Information:	Sended string MSH|^~\&|Mindray||||20260902083905||ACK^R01|103|P|2.3.1||||2||us-ascii|||MSA|AA|103|Message accepted|||0|
02.09.2026 8:39:06	Information:	Received bytes(encoded):MSH|^~\&|||||20260902083807||ORU^R01|104|P|2.3.1||||2||ASCII|||OBR|31|CREA-S|CREA-S|^|?????|20260902081059|20260902081045|20260902083511|||1|2|CC-LEV2-|059425004|20270331||M|363.000000|18.000000|373.048245|?mol/L|||||||||||||||||||||||||||
02.09.2026 8:39:06	Information:	Add Frame:
02.09.2026 8:39:06	Information:	MSH|^~\&|||||20260902083807||ORU^R01|104|P|2.3.1||||2||ASCII|||
02.09.2026 8:39:06	Information:	In Header
02.09.2026 8:39:06	Information:	MessageType: ORU
02.09.2026 8:39:06	Information:	After message type
02.09.2026 8:39:06	Information:	After ask
02.09.2026 8:39:06	Information:	After version
02.09.2026 8:39:06	Information:	Add Frame:
02.09.2026 8:39:06	Information:	OBR|31|CREA-S|CREA-S|^|?????|20260902081059|20260902081045|20260902083511|||1|2|CC-LEV2-|059425004|20270331||M|363.000000|18.000000|373.048245|?mol/L|||||||||||||||||||||||||||
02.09.2026 8:39:06	Information:	Add Frame:
02.09.2026 8:39:06	Information:	
02.09.2026 8:39:06	Debug:	read message: 6ms
02.09.2026 8:39:06	Information:	The answer message is created successfully
02.09.2026 8:39:06	Information:	Sending answer...
02.09.2026 8:39:06	Information:	We are in ORU Message
02.09.2026 8:39:06	Information:	MSH MSH|^~\&|||||20260902083807||ORU^R01|104|P|2.3.1||||2||ASCII||||
02.09.2026 8:39:06	Information:	OBR OBR|31|CREA-S|CREA-S|^|?????|20260902081059|20260902081045|20260902083511|||1|2|CC-LEV2-|059425004|20270331||M|363.000000|18.000000|373.048245|?mol/L||||||||||||||||||||||||||||
02.09.2026 8:39:06	Information:	PatientRecord in message is successfully  processed
02.09.2026 8:39:06	Information:	The patient order is successfully processed
02.09.2026 8:39:06	Information:	The ORU message is successfully processed
02.09.2026 8:39:06	Information:	No results to save
02.09.2026 8:39:06	Debug:	Process message: 4ms
02.09.2026 8:39:06	Debug:	Total time : 11ms
02.09.2026 8:39:07	Information:	Sended bytes:  11 77 83 72 124 94 126 92 38 124 77 105 110 100 114 97 121 124 124 124 124 50 48 50 54 48 57 48 50 48 56 51 57 48 54 124 124 65 67 75 94 82 48 49 124 49 48 52 124 80 124 50 46 51 46 49 124 124 124 124 50 124 124 117 115 45 97 115 99 105 105 124 124 124 13 77 83 65 124 65 65 124 49 48 52 124 77 101 115 115 97 103 101 32 97 99 99 101 112 116 101 100 124 124 124 48 124 13 28 13
02.09.2026 8:39:07	Information:	Sended string MSH|^~\&|Mindray||||20260902083906||ACK^R01|104|P|2.3.1||||2||us-ascii|||MSA|AA|104|Message accepted|||0|
02.09.2026 8:39:07	Information:	Received bytes(encoded):MSH|^~\&|||||20260902083808||ORU^R01|105|P|2.3.1||||2||ASCII|||OBR|32|UREA|UREA|^|?????|20260902081059|20260902081045|20260902083356|||1|2|CC-LEV2-|059425004|20270331||M|20.600000|1.000000|22.307516|mmol/L|||||||||||||||||||||||||||
02.09.2026 8:39:07	Information:	Add Frame:
02.09.2026 8:39:07	Information:	MSH|^~\&|||||20260902083808||ORU^R01|105|P|2.3.1||||2||ASCII|||
02.09.2026 8:39:07	Information:	In Header
02.09.2026 8:39:07	Information:	MessageType: ORU
02.09.2026 8:39:07	Information:	After message type
02.09.2026 8:39:07	Information:	After ask
02.09.2026 8:39:07	Information:	After version
02.09.2026 8:39:07	Information:	Add Frame:
02.09.2026 8:39:07	Information:	OBR|32|UREA|UREA|^|?????|20260902081059|20260902081045|20260902083356|||1|2|CC-LEV2-|059425004|20270331||M|20.600000|1.000000|22.307516|mmol/L|||||||||||||||||||||||||||
02.09.2026 8:39:07	Information:	Add Frame:
02.09.2026 8:39:07	Information:	
02.09.2026 8:39:07	Debug:	read message: 4ms
02.09.2026 8:39:07	Information:	The answer message is created successfully
02.09.2026 8:39:07	Information:	Sending answer...
02.09.2026 8:39:07	Information:	We are in ORU Message
02.09.2026 8:39:07	Information:	MSH MSH|^~\&|||||20260902083808||ORU^R01|105|P|2.3.1||||2||ASCII||||
02.09.2026 8:39:07	Information:	OBR OBR|32|UREA|UREA|^|?????|20260902081059|20260902081045|20260902083356|||1|2|CC-LEV2-|059425004|20270331||M|20.600000|1.000000|22.307516|mmol/L||||||||||||||||||||||||||||
02.09.2026 8:39:07	Information:	PatientRecord in message is successfully  processed
02.09.2026 8:39:07	Information:	The patient order is successfully processed
02.09.2026 8:39:07	Information:	The ORU message is successfully processed
02.09.2026 8:39:07	Information:	No results to save
02.09.2026 8:39:07	Debug:	Process message: 3ms
02.09.2026 8:39:07	Debug:	Total time : 9ms
02.09.2026 8:39:08	Information:	Sended bytes:  11 77 83 72 124 94 126 92 38 124 77 105 110 100 114 97 121 124 124 124 124 50 48 50 54 48 57 48 50 48 56 51 57 48 55 124 124 65 67 75 94 82 48 49 124 49 48 53 124 80 124 50 46 51 46 49 124 124 124 124 50 124 124 117 115 45 97 115 99 105 105 124 124 124 13 77 83 65 124 65 65 124 49 48 53 124 77 101 115 115 97 103 101 32 97 99 99 101 112 116 101 100 124 124 124 48 124 13 28 13
02.09.2026 8:39:08	Information:	Sended string MSH|^~\&|Mindray||||20260902083907||ACK^R01|105|P|2.3.1||||2||us-ascii|||MSA|AA|105|Message accepted|||0|
02.09.2026 8:39:08	Information:	Received bytes(encoded):MSH|^~\&|||||20260902083809||ORU^R01|106|P|2.3.1||||2||ASCII|||OBR|33|Fe|Fe|^|?????|20260902081059|20260902081045|20260902083742|||1|2|CC-LEV2-|059425004|20270331||M|43.300000|2.900000|46.181119|?mol/L|||||||RGTE||||||||||||||||||||
02.09.2026 8:39:08	Information:	Add Frame:
02.09.2026 8:39:08	Information:	MSH|^~\&|||||20260902083809||ORU^R01|106|P|2.3.1||||2||ASCII|||
02.09.2026 8:39:08	Information:	In Header
02.09.2026 8:39:08	Information:	MessageType: ORU
02.09.2026 8:39:08	Information:	After message type
02.09.2026 8:39:08	Information:	After ask
02.09.2026 8:39:08	Information:	After version
02.09.2026 8:39:08	Information:	Add Frame:
02.09.2026 8:39:08	Information:	OBR|33|Fe|Fe|^|?????|20260902081059|20260902081045|20260902083742|||1|2|CC-LEV2-|059425004|20270331||M|43.300000|2.900000|46.181119|?mol/L|||||||RGTE||||||||||||||||||||
02.09.2026 8:39:08	Information:	Add Frame:
02.09.2026 8:39:08	Information:	
02.09.2026 8:39:08	Debug:	read message: 4ms
02.09.2026 8:39:08	Information:	The answer message is created successfully
02.09.2026 8:39:08	Information:	Sending answer...
02.09.2026 8:39:08	Information:	We are in ORU Message
02.09.2026 8:39:08	Information:	MSH MSH|^~\&|||||20260902083809||ORU^R01|106|P|2.3.1||||2||ASCII||||
02.09.2026 8:39:08	Information:	OBR OBR|33|Fe|Fe|^|?????|20260902081059|20260902081045|20260902083742|||1|2|CC-LEV2-|059425004|20270331||M|43.300000|2.900000|46.181119|?mol/L|||||||RGTE|||||||||||||||||||||
02.09.2026 8:39:08	Information:	PatientRecord in message is successfully  processed
02.09.2026 8:39:08	Information:	The patient order is successfully processed
02.09.2026 8:39:08	Information:	The ORU message is successfully processed
02.09.2026 8:39:08	Information:	No results to save
02.09.2026 8:39:08	Debug:	Process message: 3ms
02.09.2026 8:39:08	Debug:	Total time : 9ms
02.09.2026 8:39:09	Information:	Sended bytes:  11 77 83 72 124 94 126 92 38 124 77 105 110 100 114 97 121 124 124 124 124 50 48 50 54 48 57 48 50 48 56 51 57 48 56 124 124 65 67 75 94 82 48 49 124 49 48 54 124 80 124 50 46 51 46 49 124 124 124 124 50 124 124 117 115 45 97 115 99 105 105 124 124 124 13 77 83 65 124 65 65 124 49 48 54 124 77 101 115 115 97 103 101 32 97 99 99 101 112 116 101 100 124 124 124 48 124 13 28 13
02.09.2026 8:39:09	Information:	Sended string MSH|^~\&|Mindray||||20260902083908||ACK^R01|106|P|2.3.1||||2||us-ascii|||MSA|AA|106|Message accepted|||0|
02.09.2026 8:39:09	Information:	Received bytes(encoded):MSH|^~\&|||||20260902083810||ORU^R01|107|P|2.3.1||||2||ASCII|||OBR|34|FER|FER|^|?????|20260902081059|20260902081045|20260902083526|||1|2|CC-LEV2-|059425004|20270331||M|179.000000|9.000000|173.739385|ng/mL|||||||||||||||||||||||||||
02.09.2026 8:39:09	Information:	Add Frame:
02.09.2026 8:39:09	Information:	MSH|^~\&|||||20260902083810||ORU^R01|107|P|2.3.1||||2||ASCII|||
02.09.2026 8:39:09	Information:	In Header
02.09.2026 8:39:09	Information:	MessageType: ORU
02.09.2026 8:39:09	Information:	After message type
02.09.2026 8:39:09	Information:	After ask
02.09.2026 8:39:09	Information:	After version
02.09.2026 8:39:09	Information:	Add Frame:
02.09.2026 8:39:09	Information:	OBR|34|FER|FER|^|?????|20260902081059|20260902081045|20260902083526|||1|2|CC-LEV2-|059425004|20270331||M|179.000000|9.000000|173.739385|ng/mL|||||||||||||||||||||||||||
02.09.2026 8:39:09	Information:	Add Frame:
02.09.2026 8:39:09	Information:	
02.09.2026 8:39:09	Debug:	read message: 4ms
02.09.2026 8:39:09	Information:	The answer message is created successfully
02.09.2026 8:39:09	Information:	Sending answer...
02.09.2026 8:39:09	Information:	We are in ORU Message
02.09.2026 8:39:09	Information:	MSH MSH|^~\&|||||20260902083810||ORU^R01|107|P|2.3.1||||2||ASCII||||
02.09.2026 8:39:09	Information:	OBR OBR|34|FER|FER|^|?????|20260902081059|20260902081045|20260902083526|||1|2|CC-LEV2-|059425004|20270331||M|179.000000|9.000000|173.739385|ng/mL||||||||||||||||||||||||||||
02.09.2026 8:39:09	Information:	PatientRecord in message is successfully  processed
02.09.2026 8:39:09	Information:	The patient order is successfully processed
02.09.2026 8:39:09	Information:	The ORU message is successfully processed
02.09.2026 8:39:09	Information:	No results to save
02.09.2026 8:39:09	Debug:	Process message: 3ms
02.09.2026 8:39:09	Debug:	Total time : 9ms
02.09.2026 8:39:10	Information:	Sended bytes:  11 77 83 72 124 94 126 92 38 124 77 105 110 100 114 97 121 124 124 124 124 50 48 50 54 48 57 48 50 48 56 51 57 48 57 124 124 65 67 75 94 82 48 49 124 49 48 55 124 80 124 50 46 51 46 49 124 124 124 124 50 124 124 117 115 45 97 115 99 105 105 124 124 124 13 77 83 65 124 65 65 124 49 48 55 124 77 101 115 115 97 103 101 32 97 99 99 101 112 116 101 100 124 124 124 48 124 13 28 13
02.09.2026 8:39:10	Information:	Sended string MSH|^~\&|Mindray||||20260902083909||ACK^R01|107|P|2.3.1||||2||us-ascii|||MSA|AA|107|Message accepted|||0|
02.09.2026 8:39:10	Information:	Received bytes(encoded):MSH|^~\&|||||20260902083811||ORU^R01|108|P|2.3.1||||2||ASCII|||OBR|35||ALB ?|^|?????|20260902081059|20260902081045|20260902083241|||1|2|CC-LEV2-|059425004|20270331||M|46.100000|2.300000|44.068814|g/L|||||||RGTE||||||||||||||||||||
02.09.2026 8:39:10	Information:	Add Frame:
02.09.2026 8:39:10	Information:	MSH|^~\&|||||20260902083811||ORU^R01|108|P|2.3.1||||2||ASCII|||
02.09.2026 8:39:10	Information:	In Header
02.09.2026 8:39:10	Information:	MessageType: ORU
02.09.2026 8:39:10	Information:	After message type
02.09.2026 8:39:10	Information:	After ask
02.09.2026 8:39:10	Information:	After version
02.09.2026 8:39:10	Information:	Add Frame:
02.09.2026 8:39:10	Information:	OBR|35||ALB ?|^|?????|20260902081059|20260902081045|20260902083241|||1|2|CC-LEV2-|059425004|20270331||M|46.100000|2.300000|44.068814|g/L|||||||RGTE||||||||||||||||||||
02.09.2026 8:39:10	Information:	Add Frame:
02.09.2026 8:39:10	Information:	
02.09.2026 8:39:10	Debug:	read message: 4ms
02.09.2026 8:39:10	Information:	The answer message is created successfully
02.09.2026 8:39:10	Information:	Sending answer...
02.09.2026 8:39:10	Information:	We are in ORU Message
02.09.2026 8:39:10	Information:	MSH MSH|^~\&|||||20260902083811||ORU^R01|108|P|2.3.1||||2||ASCII||||
02.09.2026 8:39:10	Information:	OBR OBR|35||ALB ?|^|?????|20260902081059|20260902081045|20260902083241|||1|2|CC-LEV2-|059425004|20270331||M|46.100000|2.300000|44.068814|g/L|||||||RGTE|||||||||||||||||||||
02.09.2026 8:39:10	Information:	PatientRecord in message is successfully  processed
02.09.2026 8:39:10	Information:	The patient order is successfully processed
02.09.2026 8:39:10	Information:	The ORU message is successfully processed
02.09.2026 8:39:10	Information:	No results to save
02.09.2026 8:39:10	Debug:	Process message: 3ms
02.09.2026 8:39:10	Debug:	Total time : 9ms
02.09.2026 8:39:11	Information:	Sended bytes:  11 77 83 72 124 94 126 92 38 124 77 105 110 100 114 97 121 124 124 124 124 50 48 50 54 48 57 48 50 48 56 51 57 49 48 124 124 65 67 75 94 82 48 49 124 49 48 56 124 80 124 50 46 51 46 49 124 124 124 124 50 124 124 117 115 45 97 115 99 105 105 124 124 124 13 77 83 65 124 65 65 124 49 48 56 124 77 101 115 115 97 103 101 32 97 99 99 101 112 116 101 100 124 124 124 48 124 13 28 13
02.09.2026 8:39:11	Information:	Sended string MSH|^~\&|Mindray||||20260902083910||ACK^R01|108|P|2.3.1||||2||us-ascii|||MSA|AA|108|Message accepted|||0|
02.09.2026 8:39:11	Information:	Received bytes(encoded):MSH|^~\&|||||20260902083812||ORU^R01|109|P|2.3.1||||2||ASCII|||OBR|36||C3|^|?????|20260902081059|20260902081045|20260902083741|||1|2|CC-LEV2-|059425004|20270331||M|1.510000|0.100000|1.609473|g/L|||||||RGTE||||||||||||||||||||
02.09.2026 8:39:11	Information:	Add Frame:
02.09.2026 8:39:11	Information:	MSH|^~\&|||||20260902083812||ORU^R01|109|P|2.3.1||||2||ASCII|||
02.09.2026 8:39:11	Information:	In Header
02.09.2026 8:39:11	Information:	MessageType: ORU
02.09.2026 8:39:11	Information:	After message type
02.09.2026 8:39:11	Information:	After ask
02.09.2026 8:39:11	Information:	After version
02.09.2026 8:39:11	Information:	Add Frame:
02.09.2026 8:39:11	Information:	OBR|36||C3|^|?????|20260902081059|20260902081045|20260902083741|||1|2|CC-LEV2-|059425004|20270331||M|1.510000|0.100000|1.609473|g/L|||||||RGTE||||||||||||||||||||
02.09.2026 8:39:11	Information:	Add Frame:
02.09.2026 8:39:11	Information:	
02.09.2026 8:39:11	Debug:	read message: 4ms
02.09.2026 8:39:11	Information:	The answer message is created successfully
02.09.2026 8:39:11	Information:	Sending answer...
02.09.2026 8:39:11	Information:	We are in ORU Message
02.09.2026 8:39:11	Information:	MSH MSH|^~\&|||||20260902083812||ORU^R01|109|P|2.3.1||||2||ASCII||||
02.09.2026 8:39:11	Information:	OBR OBR|36||C3|^|?????|20260902081059|20260902081045|20260902083741|||1|2|CC-LEV2-|059425004|20270331||M|1.510000|0.100000|1.609473|g/L|||||||RGTE|||||||||||||||||||||
02.09.2026 8:39:11	Information:	PatientRecord in message is successfully  processed
02.09.2026 8:39:11	Information:	The patient order is successfully processed
02.09.2026 8:39:11	Information:	The ORU message is successfully processed
02.09.2026 8:39:11	Information:	No results to save
02.09.2026 8:39:11	Debug:	Process message: 3ms
02.09.2026 8:39:11	Debug:	Total time : 8ms
02.09.2026 8:39:12	Information:	Sended bytes:  11 77 83 72 124 94 126 92 38 124 77 105 110 100 114 97 121 124 124 124 124 50 48 50 54 48 57 48 50 48 56 51 57 49 49 124 124 65 67 75 94 82 48 49 124 49 48 57 124 80 124 50 46 51 46 49 124 124 124 124 50 124 124 117 115 45 97 115 99 105 105 124 124 124 13 77 83 65 124 65 65 124 49 48 57 124 77 101 115 115 97 103 101 32 97 99 99 101 112 116 101 100 124 124 124 48 124 13 28 13
02.09.2026 8:39:12	Information:	Sended string MSH|^~\&|Mindray||||20260902083911||ACK^R01|109|P|2.3.1||||2||us-ascii|||MSA|AA|109|Message accepted|||0|
02.09.2026 8:39:12	Information:	Received bytes(encoded):MSH|^~\&|||||20260902083813||ORU^R01|110|P|2.3.1||||2||ASCII|||OBR|37||C4|^|?????|20260902081059|20260902081045|20260902083756|||1|2|CC-LEV2-|059425004|20270331||M|0.264000|0.018000|0.264999|g/L|||||||RGTE||||||||||||||||||||
02.09.2026 8:39:12	Information:	Add Frame:
02.09.2026 8:39:12	Information:	MSH|^~\&|||||20260902083813||ORU^R01|110|P|2.3.1||||2||ASCII|||
02.09.2026 8:39:12	Information:	In Header
02.09.2026 8:39:12	Information:	MessageType: ORU
02.09.2026 8:39:12	Information:	After message type
02.09.2026 8:39:12	Information:	After ask
02.09.2026 8:39:12	Information:	After version
02.09.2026 8:39:12	Information:	Add Frame:
02.09.2026 8:39:12	Information:	OBR|37||C4|^|?????|20260902081059|20260902081045|20260902083756|||1|2|CC-LEV2-|059425004|20270331||M|0.264000|0.018000|0.264999|g/L|||||||RGTE||||||||||||||||||||
02.09.2026 8:39:12	Information:	Add Frame:
02.09.2026 8:39:12	Information:	
02.09.2026 8:39:12	Debug:	read message: 4ms
02.09.2026 8:39:12	Information:	The answer message is created successfully
02.09.2026 8:39:12	Information:	Sending answer...
02.09.2026 8:39:12	Information:	We are in ORU Message
02.09.2026 8:39:12	Information:	MSH MSH|^~\&|||||20260902083813||ORU^R01|110|P|2.3.1||||2||ASCII||||
02.09.2026 8:39:12	Information:	OBR OBR|37||C4|^|?????|20260902081059|20260902081045|20260902083756|||1|2|CC-LEV2-|059425004|20270331||M|0.264000|0.018000|0.264999|g/L|||||||RGTE|||||||||||||||||||||
02.09.2026 8:39:12	Information:	PatientRecord in message is successfully  processed
02.09.2026 8:39:12	Information:	The patient order is successfully processed
02.09.2026 8:39:12	Information:	The ORU message is successfully processed
02.09.2026 8:39:12	Information:	No results to save
02.09.2026 8:39:12	Debug:	Process message: 3ms
02.09.2026 8:39:12	Debug:	Total time : 9ms
02.09.2026 8:39:13	Information:	Sended bytes:  11 77 83 72 124 94 126 92 38 124 77 105 110 100 114 97 121 124 124 124 124 50 48 50 54 48 57 48 50 48 56 51 57 49 50 124 124 65 67 75 94 82 48 49 124 49 49 48 124 80 124 50 46 51 46 49 124 124 124 124 50 124 124 117 115 45 97 115 99 105 105 124 124 124 13 77 83 65 124 65 65 124 49 49 48 124 77 101 115 115 97 103 101 32 97 99 99 101 112 116 101 100 124 124 124 48 124 13 28 13
02.09.2026 8:39:13	Information:	Sended string MSH|^~\&|Mindray||||20260902083912||ACK^R01|110|P|2.3.1||||2||us-ascii|||MSA|AA|110|Message accepted|||0|
02.09.2026 8:39:13	Information:	Received bytes(encoded):MSH|^~\&|||||20260902083814||ORU^R01|111|P|2.3.1||||2||ASCII|||OBR|38||P|^|?????|20260902081059|20260902081045|20260902083641|||1|2|CC-LEV2-|059425004|20270331||M|2.910000|0.150000|2.877355|mmol/L|||||||||||||||||||||||||||
02.09.2026 8:39:13	Information:	Add Frame:
02.09.2026 8:39:13	Information:	MSH|^~\&|||||20260902083814||ORU^R01|111|P|2.3.1||||2||ASCII|||
02.09.2026 8:39:13	Information:	In Header
02.09.2026 8:39:13	Information:	MessageType: ORU
02.09.2026 8:39:13	Information:	After message type
02.09.2026 8:39:13	Information:	After ask
02.09.2026 8:39:13	Information:	After version
02.09.2026 8:39:13	Information:	Add Frame:
02.09.2026 8:39:13	Information:	OBR|38||P|^|?????|20260902081059|20260902081045|20260902083641|||1|2|CC-LEV2-|059425004|20270331||M|2.910000|0.150000|2.877355|mmol/L|||||||||||||||||||||||||||
02.09.2026 8:39:13	Information:	Add Frame:
02.09.2026 8:39:13	Information:	
02.09.2026 8:39:13	Debug:	read message: 4ms
02.09.2026 8:39:13	Information:	The answer message is created successfully
02.09.2026 8:39:13	Information:	Sending answer...
02.09.2026 8:39:13	Information:	We are in ORU Message
02.09.2026 8:39:13	Information:	MSH MSH|^~\&|||||20260902083814||ORU^R01|111|P|2.3.1||||2||ASCII||||
02.09.2026 8:39:13	Information:	OBR OBR|38||P|^|?????|20260902081059|20260902081045|20260902083641|||1|2|CC-LEV2-|059425004|20270331||M|2.910000|0.150000|2.877355|mmol/L||||||||||||||||||||||||||||
02.09.2026 8:39:13	Information:	PatientRecord in message is successfully  processed
02.09.2026 8:39:13	Information:	The patient order is successfully processed
02.09.2026 8:39:13	Information:	The ORU message is successfully processed
02.09.2026 8:39:13	Information:	No results to save
02.09.2026 8:39:13	Debug:	Process message: 4ms
02.09.2026 8:39:13	Debug:	Total time : 10ms
02.09.2026 8:39:14	Information:	Sended bytes:  11 77 83 72 124 94 126 92 38 124 77 105 110 100 114 97 121 124 124 124 124 50 48 50 54 48 57 48 50 48 56 51 57 49 51 124 124 65 67 75 94 82 48 49 124 49 49 49 124 80 124 50 46 51 46 49 124 124 124 124 50 124 124 117 115 45 97 115 99 105 105 124 124 124 13 77 83 65 124 65 65 124 49 49 49 124 77 101 115 115 97 103 101 32 97 99 99 101 112 116 101 100 124 124 124 48 124 13 28 13
02.09.2026 8:39:14	Information:	Sended string MSH|^~\&|Mindray||||20260902083913||ACK^R01|111|P|2.3.1||||2||us-ascii|||MSA|AA|111|Message accepted|||0|
02.09.2026 8:40:49	Information:	url https://lab-vko.dmed.kz/ /api/DriverManager/PingDevice
02.09.2026 8:40:49	Information:	{
"Hash": "w9LjvpRCyoByGV3Lzv0iX9dSI0tLK0uV+pRojL1kufc=",
"Status": 0
}


02.09.2026 8:40:49	Information:	Ping ret is {"Status":0,"Comment":null}
02.09.2026 8:42:50	Information:	url https://lab-vko.dmed.kz/ /api/DriverManager/PingDevice
02.09.2026 8:42:50	Information:	{
"Hash": "w9LjvpRCyoByGV3Lzv0iX9dSI0tLK0uV+pRojL1kufc=",
"Status": 0
}


02.09.2026 8:42:50	Information:	Ping ret is {"Status":0,"Comment":null}
02.09.2026 8:44:35	Information:	refresh tokens
02.09.2026 8:44:50	Information:	url https://lab-vko.dmed.kz/ /api/DriverManager/PingDevice
02.09.2026 8:44:50	Information:	{
"Hash": "w9LjvpRCyoByGV3Lzv0iX9dSI0tLK0uV+pRojL1kufc=",
"Status": 0
}


02.09.2026 8:44:50	Information:	Ping ret is {"Status":0,"Comment":null}
02.09.2026 8:46:51	Information:	url https://lab-vko.dmed.kz/ /api/DriverManager/PingDevice
02.09.2026 8:46:51	Information:	{
"Hash": "w9LjvpRCyoByGV3Lzv0iX9dSI0tLK0uV+pRojL1kufc=",
"Status": 0
}


02.09.2026 8:46:51	Information:	Ping ret is {"Status":0,"Comment":null}
02.09.2026 8:48:51	Information:	url https://lab-vko.dmed.kz/ /api/DriverManager/PingDevice
02.09.2026 8:48:51	Information:	{
"Hash": "w9LjvpRCyoByGV3Lzv0iX9dSI0tLK0uV+pRojL1kufc=",
"Status": 0
}


02.09.2026 8:48:51	Information:	Ping ret is {"Status":0,"Comment":null}
02.09.2026 8:50:52	Information:	url https://lab-vko.dmed.kz/ /api/DriverManager/PingDevice
02.09.2026 8:50:52	Information:	{
"Hash": "w9LjvpRCyoByGV3Lzv0iX9dSI0tLK0uV+pRojL1kufc=",
"Status": 0
}


02.09.2026 8:50:52	Information:	Ping ret is {"Status":0,"Comment":null}
02.09.2026 8:52:52	Information:	url https://lab-vko.dmed.kz/ /api/DriverManager/PingDevice
02.09.2026 8:52:52	Information:	{
"Hash": "w9LjvpRCyoByGV3Lzv0iX9dSI0tLK0uV+pRojL1kufc=",
"Status": 0
}


02.09.2026 8:52:52	Information:	Ping ret is {"Status":0,"Comment":null}
02.09.2026 8:54:35	Information:	refresh tokens
02.09.2026 8:54:53	Information:	url https://lab-vko.dmed.kz/ /api/DriverManager/PingDevice
02.09.2026 8:54:53	Information:	{
"Hash": "w9LjvpRCyoByGV3Lzv0iX9dSI0tLK0uV+pRojL1kufc=",
"Status": 0
}


02.09.2026 8:54:53	Information:	Ping ret is {"Status":0,"Comment":null}
02.09.2026 8:56:54	Information:	url https://lab-vko.dmed.kz/ /api/DriverManager/PingDevice
02.09.2026 8:56:54	Information:	{
"Hash": "w9LjvpRCyoByGV3Lzv0iX9dSI0tLK0uV+pRojL1kufc=",
"Status": 0
}


02.09.2026 8:56:54	Information:	Ping ret is {"Status":0,"Comment":null}
02.09.2026 8:58:54	Information:	url https://lab-vko.dmed.kz/ /api/DriverManager/PingDevice
02.09.2026 8:58:54	Information:	{
"Hash": "w9LjvpRCyoByGV3Lzv0iX9dSI0tLK0uV+pRojL1kufc=",
"Status": 0
}


02.09.2026 8:58:54	Information:	Ping ret is {"Status":0,"Comment":null}
02.09.2026 9:00:55	Information:	url https://lab-vko.dmed.kz/ /api/DriverManager/PingDevice
02.09.2026 9:00:55	Information:	{
"Hash": "w9LjvpRCyoByGV3Lzv0iX9dSI0tLK0uV+pRojL1kufc=",
"Status": 0
}


02.09.2026 9:00:55	Information:	Ping ret is {"Status":0,"Comment":null}
02.09.2026 9:02:55	Information:	url https://lab-vko.dmed.kz/ /api/DriverManager/PingDevice
02.09.2026 9:02:55	Information:	{
"Hash": "w9LjvpRCyoByGV3Lzv0iX9dSI0tLK0uV+pRojL1kufc=",
"Status": 0
}


02.09.2026 9:02:55	Information:	Ping ret is {"Status":0,"Comment":null}
02.09.2026 9:04:35	Information:	refresh tokens
02.09.2026 9:04:55	Information:	url https://lab-vko.dmed.kz/ /api/DriverManager/PingDevice
02.09.2026 9:04:55	Information:	{
"Hash": "w9LjvpRCyoByGV3Lzv0iX9dSI0tLK0uV+pRojL1kufc=",
"Status": 0
}


02.09.2026 9:04:55	Information:	Ping ret is {"Status":0,"Comment":null}
02.09.2026 9:06:56	Information:	url https://lab-vko.dmed.kz/ /api/DriverManager/PingDevice
02.09.2026 9:06:56	Information:	{
"Hash": "w9LjvpRCyoByGV3Lzv0iX9dSI0tLK0uV+pRojL1kufc=",
"Status": 0
}


02.09.2026 9:06:56	Information:	Ping ret is {"Status":0,"Comment":null}
02.09.2026 9:08:57	Information:	url https://lab-vko.dmed.kz/ /api/DriverManager/PingDevice
02.09.2026 9:08:57	Information:	{
"Hash": "w9LjvpRCyoByGV3Lzv0iX9dSI0tLK0uV+pRojL1kufc=",
"Status": 0
}


02.09.2026 9:08:57	Information:	Ping ret is {"Status":0,"Comment":null}
02.09.2026 9:10:57	Information:	url https://lab-vko.dmed.kz/ /api/DriverManager/PingDevice
02.09.2026 9:10:57	Information:	{
"Hash": "w9LjvpRCyoByGV3Lzv0iX9dSI0tLK0uV+pRojL1kufc=",
"Status": 0
}


02.09.2026 9:10:57	Information:	Ping ret is {"Status":0,"Comment":null}
02.09.2026 9:12:58	Information:	url https://lab-vko.dmed.kz/ /api/DriverManager/PingDevice
02.09.2026 9:12:58	Information:	{
"Hash": "w9LjvpRCyoByGV3Lzv0iX9dSI0tLK0uV+pRojL1kufc=",
"Status": 0
}


02.09.2026 9:12:58	Information:	Ping ret is {"Status":0,"Comment":null}
02.09.2026 9:14:35	Information:	refresh tokens
02.09.2026 9:14:58	Information:	url https://lab-vko.dmed.kz/ /api/DriverManager/PingDevice
02.09.2026 9:14:58	Information:	{
"Hash": "w9LjvpRCyoByGV3Lzv0iX9dSI0tLK0uV+pRojL1kufc=",
"Status": 0
}


02.09.2026 9:14:58	Information:	Ping ret is {"Status":0,"Comment":null}
02.09.2026 9:16:59	Information:	url https://lab-vko.dmed.kz/ /api/DriverManager/PingDevice
02.09.2026 9:16:59	Information:	{
"Hash": "w9LjvpRCyoByGV3Lzv0iX9dSI0tLK0uV+pRojL1kufc=",
"Status": 0
}


02.09.2026 9:16:59	Information:	Ping ret is {"Status":0,"Comment":null}
02.09.2026 9:18:59	Information:	url https://lab-vko.dmed.kz/ /api/DriverManager/PingDevice
02.09.2026 9:18:59	Information:	{
"Hash": "w9LjvpRCyoByGV3Lzv0iX9dSI0tLK0uV+pRojL1kufc=",
"Status": 0
}


02.09.2026 9:18:59	Information:	Ping ret is {"Status":0,"Comment":null}
02.09.2026 9:21:00	Information:	url https://lab-vko.dmed.kz/ /api/DriverManager/PingDevice
02.09.2026 9:21:00	Information:	{
"Hash": "w9LjvpRCyoByGV3Lzv0iX9dSI0tLK0uV+pRojL1kufc=",
"Status": 0
}


02.09.2026 9:21:00	Information:	Ping ret is {"Status":0,"Comment":null}
02.09.2026 9:23:01	Information:	url https://lab-vko.dmed.kz/ /api/DriverManager/PingDevice
02.09.2026 9:23:01	Information:	{
"Hash": "w9LjvpRCyoByGV3Lzv0iX9dSI0tLK0uV+pRojL1kufc=",
"Status": 0
}


02.09.2026 9:23:01	Information:	Ping ret is {"Status":0,"Comment":null}
02.09.2026 9:24:35	Information:	refresh tokens
02.09.2026 9:25:01	Information:	url https://lab-vko.dmed.kz/ /api/DriverManager/PingDevice
02.09.2026 9:25:01	Information:	{
"Hash": "w9LjvpRCyoByGV3Lzv0iX9dSI0tLK0uV+pRojL1kufc=",
"Status": 0
}


02.09.2026 9:25:01	Information:	Ping ret is {"Status":0,"Comment":null}
02.09.2026 9:27:02	Information:	url https://lab-vko.dmed.kz/ /api/DriverManager/PingDevice
02.09.2026 9:27:02	Information:	{
"Hash": "w9LjvpRCyoByGV3Lzv0iX9dSI0tLK0uV+pRojL1kufc=",
"Status": 0
}


02.09.2026 9:27:02	Information:	Ping ret is {"Status":0,"Comment":null}
02.09.2026 9:29:02	Information:	url https://lab-vko.dmed.kz/ /api/DriverManager/PingDevice
02.09.2026 9:29:02	Information:	{
"Hash": "w9LjvpRCyoByGV3Lzv0iX9dSI0tLK0uV+pRojL1kufc=",
"Status": 0
}


02.09.2026 9:29:02	Information:	Ping ret is {"Status":0,"Comment":null}
02.09.2026 9:31:03	Information:	url https://lab-vko.dmed.kz/ /api/DriverManager/PingDevice
02.09.2026 9:31:03	Information:	{
"Hash": "w9LjvpRCyoByGV3Lzv0iX9dSI0tLK0uV+pRojL1kufc=",
"Status": 0
}


02.09.2026 9:31:03	Information:	Ping ret is {"Status":0,"Comment":null}
02.09.2026 9:33:03	Information:	url https://lab-vko.dmed.kz/ /api/DriverManager/PingDevice
02.09.2026 9:33:03	Information:	{
"Hash": "w9LjvpRCyoByGV3Lzv0iX9dSI0tLK0uV+pRojL1kufc=",
"Status": 0
}


02.09.2026 9:33:03	Information:	Ping ret is {"Status":0,"Comment":null}
02.09.2026 9:34:35	Information:	refresh tokens
02.09.2026 9:35:04	Information:	url https://lab-vko.dmed.kz/ /api/DriverManager/PingDevice
02.09.2026 9:35:04	Information:	{
"Hash": "w9LjvpRCyoByGV3Lzv0iX9dSI0tLK0uV+pRojL1kufc=",
"Status": 0
}


02.09.2026 9:35:04	Information:	Ping ret is {"Status":0,"Comment":null}
02.09.2026 9:37:04	Information:	url https://lab-vko.dmed.kz/ /api/DriverManager/PingDevice
02.09.2026 9:37:04	Information:	{
"Hash": "w9LjvpRCyoByGV3Lzv0iX9dSI0tLK0uV+pRojL1kufc=",
"Status": 0
}


02.09.2026 9:37:04	Information:	Ping ret is {"Status":0,"Comment":null}
02.09.2026 9:39:05	Information:	url https://lab-vko.dmed.kz/ /api/DriverManager/PingDevice
02.09.2026 9:39:05	Information:	{
"Hash": "w9LjvpRCyoByGV3Lzv0iX9dSI0tLK0uV+pRojL1kufc=",
"Status": 0
}


02.09.2026 9:39:05	Information:	Ping ret is {"Status":0,"Comment":null}
02.09.2026 9:41:05	Information:	url https://lab-vko.dmed.kz/ /api/DriverManager/PingDevice
02.09.2026 9:41:05	Information:	{
"Hash": "w9LjvpRCyoByGV3Lzv0iX9dSI0tLK0uV+pRojL1kufc=",
"Status": 0
}


02.09.2026 9:41:05	Information:	Ping ret is {"Status":0,"Comment":null}
02.09.2026 9:43:06	Information:	url https://lab-vko.dmed.kz/ /api/DriverManager/PingDevice
02.09.2026 9:43:06	Information:	{
"Hash": "w9LjvpRCyoByGV3Lzv0iX9dSI0tLK0uV+pRojL1kufc=",
"Status": 0
}


02.09.2026 9:43:06	Information:	Ping ret is {"Status":0,"Comment":null}
02.09.2026 9:44:35	Information:	refresh tokens
02.09.2026 9:45:06	Information:	url https://lab-vko.dmed.kz/ /api/DriverManager/PingDevice
02.09.2026 9:45:06	Information:	{
"Hash": "w9LjvpRCyoByGV3Lzv0iX9dSI0tLK0uV+pRojL1kufc=",
"Status": 0
}


02.09.2026 9:45:06	Information:	Ping ret is {"Status":0,"Comment":null}
02.09.2026 9:47:07	Information:	url https://lab-vko.dmed.kz/ /api/DriverManager/PingDevice
02.09.2026 9:47:07	Information:	{
"Hash": "w9LjvpRCyoByGV3Lzv0iX9dSI0tLK0uV+pRojL1kufc=",
"Status": 0
}


02.09.2026 9:47:07	Information:	Ping ret is {"Status":0,"Comment":null}
02.09.2026 9:49:08	Information:	url https://lab-vko.dmed.kz/ /api/DriverManager/PingDevice
02.09.2026 9:49:08	Information:	{
"Hash": "w9LjvpRCyoByGV3Lzv0iX9dSI0tLK0uV+pRojL1kufc=",
"Status": 0
}


02.09.2026 9:49:08	Information:	Ping ret is {"Status":0,"Comment":null}
02.09.2026 9:51:08	Information:	url https://lab-vko.dmed.kz/ /api/DriverManager/PingDevice
02.09.2026 9:51:08	Information:	{
"Hash": "w9LjvpRCyoByGV3Lzv0iX9dSI0tLK0uV+pRojL1kufc=",
"Status": 0
}


02.09.2026 9:51:08	Information:	Ping ret is {"Status":0,"Comment":null}
02.09.2026 9:53:09	Information:	url https://lab-vko.dmed.kz/ /api/DriverManager/PingDevice
02.09.2026 9:53:09	Information:	{
"Hash": "w9LjvpRCyoByGV3Lzv0iX9dSI0tLK0uV+pRojL1kufc=",
"Status": 0
}


02.09.2026 9:53:09	Information:	Ping ret is {"Status":0,"Comment":null}
02.09.2026 9:54:35	Information:	refresh tokens
02.09.2026 9:55:09	Information:	url https://lab-vko.dmed.kz/ /api/DriverManager/PingDevice
02.09.2026 9:55:09	Information:	{
"Hash": "w9LjvpRCyoByGV3Lzv0iX9dSI0tLK0uV+pRojL1kufc=",
"Status": 0
}


02.09.2026 9:55:09	Information:	Ping ret is {"Status":0,"Comment":null}
02.09.2026 9:57:10	Information:	url https://lab-vko.dmed.kz/ /api/DriverManager/PingDevice
02.09.2026 9:57:10	Information:	{
"Hash": "w9LjvpRCyoByGV3Lzv0iX9dSI0tLK0uV+pRojL1kufc=",
"Status": 0
}


02.09.2026 9:57:10	Information:	Ping ret is {"Status":0,"Comment":null}
02.09.2026 9:59:11	Information:	url https://lab-vko.dmed.kz/ /api/DriverManager/PingDevice
02.09.2026 9:59:11	Information:	{
"Hash": "w9LjvpRCyoByGV3Lzv0iX9dSI0tLK0uV+pRojL1kufc=",
"Status": 0
}


02.09.2026 9:59:11	Information:	Ping ret is {"Status":0,"Comment":null}
02.09.2026 10:01:11	Information:	url https://lab-vko.dmed.kz/ /api/DriverManager/PingDevice
02.09.2026 10:01:11	Information:	{
"Hash": "w9LjvpRCyoByGV3Lzv0iX9dSI0tLK0uV+pRojL1kufc=",
"Status": 0
}


02.09.2026 10:01:11	Information:	Ping ret is {"Status":0,"Comment":null}
02.09.2026 10:03:12	Information:	url https://lab-vko.dmed.kz/ /api/DriverManager/PingDevice
02.09.2026 10:03:12	Information:	{
"Hash": "w9LjvpRCyoByGV3Lzv0iX9dSI0tLK0uV+pRojL1kufc=",
"Status": 0
}


02.09.2026 10:03:12	Information:	Ping ret is {"Status":0,"Comment":null}
02.09.2026 10:04:35	Information:	refresh tokens
02.09.2026 10:05:12	Information:	url https://lab-vko.dmed.kz/ /api/DriverManager/PingDevice
02.09.2026 10:05:12	Information:	{
"Hash": "w9LjvpRCyoByGV3Lzv0iX9dSI0tLK0uV+pRojL1kufc=",
"Status": 0
}


02.09.2026 10:05:12	Information:	Ping ret is {"Status":0,"Comment":null}
02.09.2026 10:07:13	Information:	url https://lab-vko.dmed.kz/ /api/DriverManager/PingDevice
02.09.2026 10:07:13	Information:	{
"Hash": "w9LjvpRCyoByGV3Lzv0iX9dSI0tLK0uV+pRojL1kufc=",
"Status": 0
}


02.09.2026 10:07:13	Information:	Ping ret is {"Status":0,"Comment":null}
02.09.2026 10:09:14	Information:	url https://lab-vko.dmed.kz/ /api/DriverManager/PingDevice
02.09.2026 10:09:14	Information:	{
"Hash": "w9LjvpRCyoByGV3Lzv0iX9dSI0tLK0uV+pRojL1kufc=",
"Status": 0
}


02.09.2026 10:09:14	Information:	Ping ret is {"Status":0,"Comment":null}
02.09.2026 10:11:14	Information:	url https://lab-vko.dmed.kz/ /api/DriverManager/PingDevice
02.09.2026 10:11:14	Information:	{
"Hash": "w9LjvpRCyoByGV3Lzv0iX9dSI0tLK0uV+pRojL1kufc=",
"Status": 0
}


02.09.2026 10:11:14	Information:	Ping ret is {"Status":0,"Comment":null}
02.09.2026 10:13:15	Information:	url https://lab-vko.dmed.kz/ /api/DriverManager/PingDevice
02.09.2026 10:13:15	Information:	{
"Hash": "w9LjvpRCyoByGV3Lzv0iX9dSI0tLK0uV+pRojL1kufc=",
"Status": 0
}


02.09.2026 10:13:15	Information:	Ping ret is {"Status":0,"Comment":null}
02.09.2026 10:14:35	Information:	refresh tokens
02.09.2026 10:15:16	Information:	url https://lab-vko.dmed.kz/ /api/DriverManager/PingDevice
02.09.2026 10:15:16	Information:	{
"Hash": "w9LjvpRCyoByGV3Lzv0iX9dSI0tLK0uV+pRojL1kufc=",
"Status": 0
}


02.09.2026 10:15:16	Information:	Ping ret is {"Status":0,"Comment":null}
02.09.2026 10:17:16	Information:	url https://lab-vko.dmed.kz/ /api/DriverManager/PingDevice
02.09.2026 10:17:16	Information:	{
"Hash": "w9LjvpRCyoByGV3Lzv0iX9dSI0tLK0uV+pRojL1kufc=",
"Status": 0
}


02.09.2026 10:17:16	Information:	Ping ret is {"Status":0,"Comment":null}
02.09.2026 10:19:17	Information:	url https://lab-vko.dmed.kz/ /api/DriverManager/PingDevice
02.09.2026 10:19:17	Information:	{
"Hash": "w9LjvpRCyoByGV3Lzv0iX9dSI0tLK0uV+pRojL1kufc=",
"Status": 0
}


02.09.2026 10:19:17	Information:	Ping ret is {"Status":0,"Comment":null}
02.09.2026 10:21:18	Information:	url https://lab-vko.dmed.kz/ /api/DriverManager/PingDevice
02.09.2026 10:21:18	Information:	{
"Hash": "w9LjvpRCyoByGV3Lzv0iX9dSI0tLK0uV+pRojL1kufc=",
"Status": 0
}


02.09.2026 10:21:18	Information:	Ping ret is {"Status":0,"Comment":null}
02.09.2026 10:23:18	Information:	url https://lab-vko.dmed.kz/ /api/DriverManager/PingDevice
02.09.2026 10:23:18	Information:	{
"Hash": "w9LjvpRCyoByGV3Lzv0iX9dSI0tLK0uV+pRojL1kufc=",
"Status": 0
}


02.09.2026 10:23:18	Information:	Ping ret is {"Status":0,"Comment":null}
02.09.2026 10:24:35	Information:	refresh tokens
02.09.2026 10:25:19	Information:	url https://lab-vko.dmed.kz/ /api/DriverManager/PingDevice
02.09.2026 10:25:19	Information:	{
"Hash": "w9LjvpRCyoByGV3Lzv0iX9dSI0tLK0uV+pRojL1kufc=",
"Status": 0
}


02.09.2026 10:25:19	Information:	Ping ret is {"Status":0,"Comment":null}
02.09.2026 10:27:19	Information:	url https://lab-vko.dmed.kz/ /api/DriverManager/PingDevice
02.09.2026 10:27:19	Information:	{
"Hash": "w9LjvpRCyoByGV3Lzv0iX9dSI0tLK0uV+pRojL1kufc=",
"Status": 0
}


02.09.2026 10:27:19	Information:	Ping ret is {"Status":0,"Comment":null}
02.09.2026 10:29:12	Information:	Received bytes(encoded):MSH|^~\&|||||20260902102813||ORU^R01|112|P|2.3.1||||0||ASCII|||PID|74|||||||O|||||||||||||||||||||||OBR|74|51563025|2|^|N|20260902100321|20260902100242|20260902100242||1^1||||20260902100242|?????|||||||||||||||||||||||||||||||||OBX|1|NM|Glu-G|Glucose (GOD-POD Method)|4.793861|mmol/L|-|N|||F||4.793861|20260902102741|||0||OBX|2|NM|T-Bil-V|Bilirubin Total (VOX Method)|4.659732|?mol/L|-|N|||F||4.659732|20260902102743|||0||OBX|3|NM|D-Bil-V|Bilirubin Direct (VOX Method)|1.518548|?mol/L|-|N|||F||1.518548|20260902102758|||0||OBX|4|NM|ALT|Alanine Aminotransferase|20.424019|U/L|-|N|||F||20.424019|20260902102611|||0||OBX|5|NM|AST|Aspartate Aminotransferase|41.989851|U/L|-|N|||F||41.989851|20260902102626|||0||OBX|6|NM|TP|Total Protein|71.579722|g/L|-|N|||F||71.579722|20260902102813|||0||OBX|7|NM|CREA-S|Creatinine (Sarcosine Oxidase Method)|19.666178|?mol/L|-|N|||F||19.666178|20260902102811|||0||OBX|8|NM|UREA|Urea|4.168432|mmol/L|-|N|||F||4.168432|20260902102656|||0||OBX|9|NM||AST/ALT|2.058824||-|N|||F||2.0588
02.09.2026 10:29:12	Information:	Add Frame:
02.09.2026 10:29:12	Information:	MSH|^~\&|||||20260902102813||ORU^R01|112|P|2.3.1||||0||ASCII|||
02.09.2026 10:29:12	Information:	In Header
02.09.2026 10:29:12	Information:	MessageType: ORU
02.09.2026 10:29:12	Information:	After message type
02.09.2026 10:29:12	Information:	After ask
02.09.2026 10:29:12	Information:	After version
02.09.2026 10:29:12	Information:	Add Frame:
02.09.2026 10:29:12	Information:	PID|74|||||||O|||||||||||||||||||||||
02.09.2026 10:29:12	Information:	Add Frame:
02.09.2026 10:29:12	Information:	OBR|74|51563025|2|^|N|20260902100321|20260902100242|20260902100242||1^1||||20260902100242|?????|||||||||||||||||||||||||||||||||
02.09.2026 10:29:12	Information:	Add Frame:
02.09.2026 10:29:12	Information:	OBX|1|NM|Glu-G|Glucose (GOD-POD Method)|4.793861|mmol/L|-|N|||F||4.793861|20260902102741|||0||
02.09.2026 10:29:12	Information:	Add Frame:
02.09.2026 10:29:12	Information:	OBX|2|NM|T-Bil-V|Bilirubin Total (VOX Method)|4.659732|?mol/L|-|N|||F||4.659732|20260902102743|||0||
02.09.2026 10:29:12	Information:	Add Frame:
02.09.2026 10:29:12	Information:	OBX|3|NM|D-Bil-V|Bilirubin Direct (VOX Method)|1.518548|?mol/L|-|N|||F||1.518548|20260902102758|||0||
02.09.2026 10:29:12	Information:	Add Frame:
02.09.2026 10:29:12	Information:	OBX|4|NM|ALT|Alanine Aminotransferase|20.424019|U/L|-|N|||F||20.424019|20260902102611|||0||
02.09.2026 10:29:12	Information:	Add Frame:
02.09.2026 10:29:12	Information:	OBX|5|NM|AST|Aspartate Aminotransferase|41.989851|U/L|-|N|||F||41.989851|20260902102626|||0||
02.09.2026 10:29:12	Information:	Add Frame:
02.09.2026 10:29:12	Information:	OBX|6|NM|TP|Total Protein|71.579722|g/L|-|N|||F||71.579722|20260902102813|||0||
02.09.2026 10:29:12	Information:	Add Frame:
02.09.2026 10:29:12	Information:	OBX|7|NM|CREA-S|Creatinine (Sarcosine Oxidase Method)|19.666178|?mol/L|-|N|||F||19.666178|20260902102811|||0||
02.09.2026 10:29:12	Information:	Add Frame:
02.09.2026 10:29:12	Information:	OBX|8|NM|UREA|Urea|4.168432|mmol/L|-|N|||F||4.168432|20260902102656|||0||
02.09.2026 10:29:12	Information:	Received bytes(encoded):24||||||
02.09.2026 10:29:12	Information:	Add Frame:
02.09.2026 10:29:12	Information:	OBX|9|NM||AST/ALT|2.058824||-|N|||F||2.058824||||||
02.09.2026 10:29:12	Information:	Add Frame:
02.09.2026 10:29:12	Information:	
02.09.2026 10:29:12	Debug:	read message: 2ms
02.09.2026 10:29:12	Information:	The answer message is created successfully
02.09.2026 10:29:12	Information:	Sending answer...
02.09.2026 10:29:12	Information:	We are in ORU Message
02.09.2026 10:29:12	Information:	MSH MSH|^~\&|||||20260902102813||ORU^R01|112|P|2.3.1||||0||ASCII||||
02.09.2026 10:29:12	Information:	PID PID|74|||||||O||||||||||||||||||||||||
02.09.2026 10:29:12	Information:	PatientRecord in message is successfully  processed
02.09.2026 10:29:12	Information:	The patient order is successfully processed
02.09.2026 10:29:12	Information:	The order record is successfully processed
02.09.2026 10:29:12	Information:	The order record is successfully processed
02.09.2026 10:29:12	Information:	The order record is successfully processed
02.09.2026 10:29:12	Information:	The order record is successfully processed
02.09.2026 10:29:12	Information:	The order record is successfully processed
02.09.2026 10:29:12	Information:	The order record is successfully processed
02.09.2026 10:29:12	Information:	The order record is successfully processed
02.09.2026 10:29:12	Information:	The order record is successfully processed
02.09.2026 10:29:12	Information:	The order record is successfully processed
02.09.2026 10:29:12	Information:	The ORU message is successfully processed
02.09.2026 10:29:12	Debug:	Process message: 7ms
02.09.2026 10:29:12	Debug:	Total time : 10ms
02.09.2026 10:29:13	Information:	Sended bytes:  11 77 83 72 124 94 126 92 38 124 77 105 110 100 114 97 121 124 124 124 124 50 48 50 54 48 57 48 50 49 48 50 57 49 50 124 124 65 67 75 94 82 48 49 124 49 49 50 124 80 124 50 46 51 46 49 124 124 124 124 48 124 124 117 115 45 97 115 99 105 105 124 124 124 13 77 83 65 124 65 65 124 49 49 50 124 77 101 115 115 97 103 101 32 97 99 99 101 112 116 101 100 124 124 124 48 124 13 28 13
02.09.2026 10:29:13	Information:	Sended string MSH|^~\&|Mindray||||20260902102912||ACK^R01|112|P|2.3.1||||0||us-ascii|||MSA|AA|112|Message accepted|||0|
02.09.2026 10:29:14	Debug:	SendResults:	check DriverRequests=	0	ms
02.09.2026 10:29:14	Information:	ByBarcode 51563025
02.09.2026 10:29:14	Information:	GetLinesByBarcodes
02.09.2026 10:29:14	Information:	{
"WorkPlaceID": 20747,
"BeginDate": "2026-06-03",
"EndDate": "2026-09-03",
"OrderNumber": "51563025",
"Offset": 0,
"Limit": 1
}


02.09.2026 10:29:14	Information:	GetByBarcodeReturn: 
02.09.2026 10:29:14	Information:	{"Data":[{"ID":31153575,"StrID":"31153575","OrderNumber":"51563025","OrderRegDate":"2026-09-02T06:34:15.847","PlanExecutionDate":"2026-09-02T06:33:00","SenderMoID":45500000000000909,"SenderMo":{"NameRU":"Некоммерческое акционерное общество \"Медицинский университет Семей\"","NameKZ":"\"Семей медицина университеті\" коммерциялық емес акционерлік қоғамы","Name":"Некоммерческое акционерное общество \"Медицинский университет Семей\"","ShortNameRU":"НАО \"МУС\"","ShortNameKZ":"\"СМУ\" КеАҚ","ShortName":"НАО \"МУС\"","PublicCode":"237J","AddressRU":"ВКО, г. Семей, ул. Абая Кунанбаева 103","AddressKZ":"ВКО, г. Семей, ул. Абая Кунанбаева 103","Address":"ВКО, г. Семей, ул. Абая Кунанбаева 103","OriginalID":"45500000000000909","IsWork":true,"RegionID":20,"BIN":"190240004938","MasterDataID":4911,"PhonesData":{"OrgHealthCarePhones":[]},"IsPostmortem":false,"IsHospital":true,"Code":null,"ID":"45500000000000909","StrID":"45500000000000909"},"ReceiverMoID":45500000000000909,"ReceiverMo":null,"PatientDetailID":41074997,"PatientDetail":{"PersonID":"2416627","Person":{"IIN":"230609551451","LastName":"САРСЕМБАЙ","FirstName":"ӘЛИ","SecondName":"АЛМАСҰЛЫ","FullName":"САРСЕМБАЙ ӘЛИ АЛМАСҰЛЫ","FullNameIOF":"ӘЛИ АЛМАСҰЛЫ САРСЕМБАЙ","DisplayText":"230609551451 ӘЛИ АЛМАСҰЛЫ САРСЕМБАЙ 09.06.2023","IinFullName":"230609551451 - САРСЕМБАЙ ӘЛИ АЛМАСҰЛЫ","BirthDate":"2023-06-09T00:00:00","BirthDateStr":"09.06.2023","DeathDate":null,"DeathDateStr":"","BioSexID":3,"BioSex":null,"NationalityID":null,"Nationality":null,"CitizenshipID":85,"Citizenship":null,"MasterDataID":146884455,"RpnID":"15300000054073504","KmisID":"60300000001465450","Type":1,"Age":0,"IsStillborn":false,"IsEarlyNeonatalDeathUp28days":false,"IsDeadPerson":false,"ID":"2416627","StrID":"2416627"},"AddressRU":" РЕСПУБЛИКА: Казахстан , ОБЛАСТЬ: Абайская , РАЙОН: УРДЖАРСКИЙ, СЕЛЬСКИЙ ОКРУГ: ЖАНА ТИЛЕКСКИЙ, АУЛ(СЕЛО): ТАСАРЫК, УЛИЦА: БАЙКЕНОВА, ДОМ: 28, КВАРТИРА: 1","AddressKZ":" : Қазақстан , Абай облысы, ҮРЖАР ауданы, ЖАҢА ТІЛЕК ауылды округы, ТАСАРЫҚ ауылы, БАЙКЕНОВ көшесі, ҮЙ: 28, ПӘТЕР: 1","Address":" РЕСПУБЛИКА: Казахстан , ОБЛАСТЬ: Абайская , РАЙОН: УРДЖАРСКИЙ, СЕЛЬСКИЙ ОКРУГ: ЖАНА ТИЛЕКСКИЙ, АУЛ(СЕЛО): ТАСАРЫК, УЛИЦА: БАЙКЕНОВА, ДОМ: 28, КВАРТИРА: 1","MasterDataAddressID":1958891,"WorkPlace":"догода","WorkPosition":"нет","DocumentNumber":null,"DocumentTypeID":null,"DocumentType":null,"NationalityID":null,"DocumentTypeName":null,"Phones":null,"ExternalCardID":"5974361","CardType":1,"CardNumber":"67530","CitizenshipCategoryID":1,"CitizenshipCategory":null,"ResidenceTypeID":4,"ResidenceType":null,"MotherPersonID":748792,"MotherPerson":null,"IsForeigner":false,"IsHomeless":false,"IsDeadPerson":false,"IsResident":true,"ID":"41074997","StrID":"41074997"},"Person":{"IIN":"230609551451","LastName":"САРСЕМБАЙ","FirstName":"ӘЛИ","SecondName":"АЛМАСҰЛЫ","FullName":"САРСЕМБАЙ ӘЛИ АЛМАСҰЛЫ","FullNameIOF":"ӘЛИ АЛМАСҰЛЫ САРСЕМБАЙ","DisplayText":"230609551451 ӘЛИ АЛМАСҰЛЫ САРСЕМБАЙ 09.06.2023","IinFullName":"230609551451 - САРСЕМБАЙ ӘЛИ АЛМАСҰЛЫ","BirthDate":"2023-06-09T00:00:00","BirthDateStr":"09.06.2023","DeathDate":null,"DeathDateStr":"","BioSexID":3,"BioSex":null,"NationalityID":null,"Nationality":null,"CitizenshipID":85,"Citizenship":null,"MasterDataID":146884455,"RpnID":"15300000054073504","KmisID":"60300000001465450","Type":1,"Age":0,"IsStillborn":false,"IsEarlyNeonatalDeathUp28days":false,"IsDeadPerson":false,"ID":"2416627","StrID":"2416627"},"IsCito":false,"ExternalSystem":1,"OrderResultFileID":null,"OrderResultFileStorageID":null,"OrderResultDate":null,"Status":1,"DeleteDate":null,"ResultNotes":null,"Comment":"","ExternalOrderNumber":"51563025","ExaminationTypeID":null,"ExaminationType":null,"ExaminationIndicationID":null,"ExaminationIndication":null,"Uid":"FA9A0506-2274-423A-ADDD-071252D3D006","SenderPostFullName":"ӘСЕТОВ ЖАСҰЛАН ӘСЕТҰЛЫ","SenderFuncStructureNameRU":"Отделение детской травматологии","SenderFuncStructureNameKZ":"Балалар травматологиясы бөлімі","IsSamplingOfMaterialsAtReceiver":false,"MisID":42171601,"Materials":[{"OrderID":31153575,"Uid":"b9238f68-5c34-4f55-ba66-940d458e4ef4","MaterialNumber":"51563025","MaterialTypeID":363,"MaterialType":{"OrderBy":0,"ParentID":202,"HasChildren":false,"MasterDataID":489,"Parent":null,"NameRU":"Кровь венозная","NameKZ":"Кровь венозная","Name":"Кровь венозная","PublicCode":"36300","EndDate":null,"ID":"363","StrID":"363"},"TakeDate":"2026-09-02T06:34:00","TakeDateStr":"02.09.2026 06:34","TakePlace":"ДЕТ Т О","RejectionReason":null,"RejectionTakenMeasures":null,"ReceiptDate":null,"ReceiptDateStr":null,"RejectionCreatePostID":null,"RejectionCreatePost":null,"SampleCollectorPostIIN":"720916400879","SampleCollectorPostID":null,"Researches":[],"RejectedMaterialImageID":null,"File":null,"ID":"31440348","StrID":"31440348"}],"Researches":[]}],"Total":1}
02.09.2026 10:29:14	Information:	OrderedWW 51563025 Biomat 0 Device 20747
02.09.2026 10:29:14	Information:	ResearchResult
02.09.2026 10:29:14	Information:	{
"OrderID": "31153575",
"WorkPlaceID": 20747
}


02.09.2026 10:29:14	Information:	[{"OrderResearchID":67138713,"OrderResearch":null,"ParameterID":200918,"Parameter":{"ShortNameRU":"общий белок в сыворотке крови","ShortNameKZ":"қан сарысуындағы жалпы ақуыз","ShortName":"общий белок в сыворотке крови","DataType":0,"DataTypeName":"Число","UnitTypeID":100012,"UnitType":{"OrderBy":13,"MasterDataID":null,"CDD_ID":null,"NameRU":"г/л","NameKZ":"г/л","Name":"г/л","PublicCode":"10001200","EndDate":null,"ID":"100012","StrID":"100012"},"MedicalFormID":null,"MasterDataID":0,"MedicalForm":null,"NameWithDataType":"общий белок в сыворотке крови  (Число)","NameRU":"общий белок в сыворотке крови","NameKZ":"қан сарысуындағы жалпы ақуыз","Name":"общий белок в сыворотке крови","PublicCode":"20091800","EndDate":null,"ID":"200918","StrID":"200918"},"ParameterValues":null,"ParameterValueID":null,"ParameterValue":null,"ResultText":null,"ResultValue":null,"ResultDate":"2026-09-02T10:29:15.5214831+05:00","PostID":"0","Post":null,"ExecuteMethod":2,"SourceResultText":null,"SourceResultValue":null,"SourceResultExpression":null,"SourceUnitTypeID":100012,"SourceUnitType":{"OrderBy":13,"MasterDataID":null,"CDD_ID":null,"NameRU":"г/л","NameKZ":"г/л","Name":"г/л","PublicCode":"10001200","EndDate":null,"ID":"100012","StrID":"100012"},"MultiplierID":null,"IsApproved":false,"IsValidated":false,"StandardMatchType":0,"ApproveDate":null,"ApprovePostID":null,"ApprovePost":null,"OrderNum":1,"WorkPlaceID":20747,"OrderID":null,"BacteriologyResult":null,"AnalyzerId":null,"IsOrderProductionControl":false,"ID":"0","StrID":"0"},{"OrderResearchID":67138715,"OrderResearch":null,"ParameterID":200357,"Parameter":{"ShortNameRU":"АЛаТ","ShortNameKZ":"АЛаТ","ShortName":"АЛаТ","DataType":0,"DataTypeName":"Число","UnitTypeID":100030,"UnitType":{"OrderBy":31,"MasterDataID":null,"CDD_ID":null,"NameRU":"МЕ/л","NameKZ":"ХБ/л","Name":"МЕ/л","PublicCode":"10003000","EndDate":null,"ID":"100030","StrID":"100030"},"MedicalFormID":null,"MasterDataID":0,"MedicalForm":null,"NameWithDataType":"АЛаТ  (Число)","NameRU":"АЛаТ","NameKZ":"АЛаТ","Name":"АЛаТ","PublicCode":"20035700","EndDate":null,"ID":"200357","StrID":"200357"},"ParameterValues":null,"ParameterValueID":null,"ParameterValue":null,"ResultText":null,"ResultValue":null,"ResultDate":"2026-09-02T10:29:15.5251205+05:00","PostID":"0","Post":null,"ExecuteMethod":2,"SourceResultText":null,"SourceResultValue":null,"SourceResultExpression":null,"SourceUnitTypeID":100030,"SourceUnitType":{"OrderBy":31,"MasterDataID":null,"CDD_ID":null,"NameRU":"МЕ/л","NameKZ":"ХБ/л","Name":"МЕ/л","PublicCode":"10003000","EndDate":null,"ID":"100030","StrID":"100030"},"MultiplierID":null,"IsApproved":false,"IsValidated":false,"StandardMatchType":0,"ApproveDate":null,"ApprovePostID":null,"ApprovePost":null,"OrderNum":1,"WorkPlaceID":20747,"OrderID":null,"BacteriologyResult":null,"AnalyzerId":null,"IsOrderProductionControl":false,"ID":"0","StrID":"0"},{"OrderResearchID":67138716,"OrderResearch":null,"ParameterID":200919,"Parameter":{"ShortNameRU":"общий билирубин в сыворотке крови","ShortNameKZ":"қан сарысуындағы жалпы билирубин","ShortName":"общий билирубин в сыворотке крови","DataType":0,"DataTypeName":"Число","UnitTypeID":100041,"UnitType":{"OrderBy":42,"MasterDataID":null,"CDD_ID":null,"NameRU":"мкмоль/л","NameKZ":"мкмоль/л","Name":"мкмоль/л","PublicCode":"10004100","EndDate":null,"ID":"100041","StrID":"100041"},"MedicalFormID":null,"MasterDataID":0,"MedicalForm":null,"NameWithDataType":"общий билирубин в сыворотке крови  (Число)","NameRU":"общий билирубин в сыворотке крови","NameKZ":"қан сарысуындағы жалпы билирубин","Name":"общий билирубин в сыворотке крови","PublicCode":"20091900","EndDate":null,"ID":"200919","StrID":"200919"},"ParameterValues":null,"ParameterValueID":null,"ParameterValue":null,"ResultText":null,"ResultValue":null,"ResultDate":"2026-09-02T10:29:15.5286881+05:00","PostID":"0","Post":null,"ExecuteMethod":2,"SourceResultText":null,"SourceResultValue":null,"SourceResultExpression":null,"SourceUnitTypeID":100041,"SourceUnitType":{"OrderBy":42,"MasterDataID":null,"CDD_ID":null,"NameRU":"мкмоль/л","NameKZ":"мкмоль/л","Name":"мкмоль/л","PublicCode":"10004100","EndDate":null,"ID":"100041","StrID":"100041"},"MultiplierID":null,"IsApproved":false,"IsValidated":false,"StandardMatchType":0,"ApproveDate":null,"ApprovePostID":null,"ApprovePost":null,"OrderNum":1,"WorkPlaceID":20747,"OrderID":null,"BacteriologyResult":null,"AnalyzerId":null,"IsOrderProductionControl":false,"ID":"0","StrID":"0"},{"OrderResearchID":67138717,"OrderResearch":null,"ParameterID":200408,"Parameter":{"ShortNameRU":"АСаТ","ShortNameKZ":"АСаТ","ShortName":"АСаТ","DataType":0,"DataTypeName":"Число","UnitTypeID":100030,"UnitType":{"OrderBy":31,"MasterDataID":null,"CDD_ID":null,"NameRU":"МЕ/л","NameKZ":"ХБ/л","Name":"МЕ/л","PublicCode":"10003000","EndDate":null,"ID":"100030","StrID":"100030"},"MedicalFormID":null,"MasterDataID":0,"MedicalForm":null,"NameWithDataType":"АСаТ  (Число)","NameRU":"АСаТ","NameKZ":"АСаТ","Name":"АСаТ","PublicCode":"20040800","EndDate":null,"ID":"200408","StrID":"200408"},"ParameterValues":null,"ParameterValueID":null,"ParameterValue":null,"ResultText":null,"ResultValue":null,"ResultDate":"2026-09-02T10:29:15.5318182+05:00","PostID":"0","Post":null,"ExecuteMethod":2,"SourceResultText":null,"SourceResultValue":null,"SourceResultExpression":null,"SourceUnitTypeID":100030,"SourceUnitType":{"OrderBy":31,"MasterDataID":null,"CDD_ID":null,"NameRU":"МЕ/л","NameKZ":"ХБ/л","Name":"МЕ/л","PublicCode":"10003000","EndDate":null,"ID":"100030","StrID":"100030"},"MultiplierID":null,"IsApproved":false,"IsValidated":false,"StandardMatchType":0,"ApproveDate":null,"ApprovePostID":null,"ApprovePost":null,"OrderNum":1,"WorkPlaceID":20747,"OrderID":null,"BacteriologyResult":null,"AnalyzerId":null,"IsOrderProductionControl":false,"ID":"0","StrID":"0"},{"OrderResearchID":67138718,"OrderResearch":null,"ParameterID":200549,"Parameter":{"ShortNameRU":"глюкоза в сыворотке крови","ShortNameKZ":"қан сарысуындағы глюкоза","ShortName":"глюкоза в сыворотке крови","DataType":0,"DataTypeName":"Число","UnitTypeID":100051,"UnitType":{"OrderBy":52,"MasterDataID":null,"CDD_ID":null,"NameRU":"ммоль/л","NameKZ":"ммоль/л","Name":"ммоль/л","PublicCode":"10005100","EndDate":null,"ID":"100051","StrID":"100051"},"MedicalFormID":null,"MasterDataID":0,"MedicalForm":null,"NameWithDataType":"глюкоза в сыворотке крови  (Число)","NameRU":"глюкоза в сыворотке крови","NameKZ":"қан сарысуындағы глюкоза","Name":"глюкоза в сыворотке крови","PublicCode":"20054900","EndDate":null,"ID":"200549","StrID":"200549"},"ParameterValues":null,"ParameterValueID":null,"ParameterValue":null,"ResultText":null,"ResultValue":null,"ResultDate":"2026-09-02T10:29:15.5348927+05:00","PostID":"0","Post":null,"ExecuteMethod":2,"SourceResultText":null,"SourceResultValue":null,"SourceResultExpression":null,"SourceUnitTypeID":100051,"SourceUnitType":{"OrderBy":52,"MasterDataID":null,"CDD_ID":null,"NameRU":"ммоль/л","NameKZ":"ммоль/л","Name":"ммоль/л","PublicCode":"10005100","EndDate":null,"ID":"100051","StrID":"100051"},"MultiplierID":null,"IsApproved":false,"IsValidated":false,"StandardMatchType":0,"ApproveDate":null,"ApprovePostID":null,"ApprovePost":null,"OrderNum":1,"WorkPlaceID":20747,"OrderID":null,"BacteriologyResult":null,"AnalyzerId":null,"IsOrderProductionControl":false,"ID":"0","StrID":"0"},{"OrderResearchID":67138719,"OrderResearch":null,"ParameterID":200852,"Parameter":{"ShortNameRU":"мочевина в сыворотке крови","ShortNameKZ":"қан сарысуындағы несепнәр","ShortName":"мочевина в сыворотке крови","DataType":0,"DataTypeName":"Число","UnitTypeID":100051,"UnitType":{"OrderBy":52,"MasterDataID":null,"CDD_ID":null,"NameRU":"ммоль/л","NameKZ":"ммоль/л","Name":"ммоль/л","PublicCode":"10005100","EndDate":null,"ID":"100051","StrID":"100051"},"MedicalFormID":null,"MasterDataID":0,"MedicalForm":null,"NameWithDataType":"мочевина в сыворотке крови  (Число)","NameRU":"мочевина в сыворотке крови","NameKZ":"қан сарысуындағы несепнәр","Name":"мочевина в сыворотке крови","PublicCode":"20085200","EndDate":null,"ID":"200852","StrID":"200852"},"ParameterValues":null,"ParameterValueID":null,"ParameterValue":null,"ResultText":null,"ResultValue":null,"ResultDate":"2026-09-02T10:29:15.5380698+05:00","PostID":"0","Post":null,"ExecuteMethod":2,"SourceResultText":null,"SourceResultValue":null,"SourceResultExpression":null,"SourceUnitTypeID":100051,"SourceUnitType":{"OrderBy":52,"MasterDataID":null,"CDD_ID":null,"NameRU":"ммоль/л","NameKZ":"ммоль/л","Name":"ммоль/л","PublicCode":"10005100","EndDate":null,"ID":"100051","StrID":"100051"},"MultiplierID":null,"IsApproved":false,"IsValidated":false,"StandardMatchType":0,"ApproveDate":null,"ApprovePostID":null,"ApprovePost":null,"OrderNum":1,"WorkPlaceID":20747,"OrderID":null,"BacteriologyResult":null,"AnalyzerId":null,"IsOrderProductionControl":false,"ID":"0","StrID":"0"},{"OrderResearchID":67138714,"OrderResearch":null,"ParameterID":200744,"Parameter":{"ShortNameRU":"креатинин в крови","ShortNameKZ":"қандағы креатинин","ShortName":"креатинин в крови","DataType":0,"DataTypeName":"Число","UnitTypeID":100041,"UnitType":{"OrderBy":42,"MasterDataID":null,"CDD_ID":null,"NameRU":"мкмоль/л","NameKZ":"мкмоль/л","Name":"мкмоль/л","PublicCode":"10004100","EndDate":null,"ID":"100041","StrID":"100041"},"MedicalFormID":null,"MasterDataID":0,"MedicalForm":null,"NameWithDataType":"креатинин в крови  (Число)","NameRU":"креатинин в крови","NameKZ":"қандағы креатинин","Name":"креатинин в крови","PublicCode":"20074400","EndDate":null,"ID":"200744","StrID":"200744"},"ParameterValues":null,"ParameterValueID":null,"ParameterValue":null,"ResultText":null,"ResultValue":null,"ResultDate":"2026-09-02T10:29:15.5420324+05:00","PostID":"0","Post":null,"ExecuteMethod":2,"SourceResultText":null,"SourceResultValue":null,"SourceResultExpression":null,"SourceUnitTypeID":100041,"SourceUnitType":{"OrderBy":42,"MasterDataID":null,"CDD_ID":null,"NameRU":"мкмоль/л","NameKZ":"мкмоль/л","Name":"мкмоль/л","PublicCode":"10004100","EndDate":null,"ID":"100041","StrID":"100041"},"MultiplierID":null,"IsApproved":false,"IsValidated":false,"StandardMatchType":0,"ApproveDate":null,"ApprovePostID":null,"ApprovePost":null,"OrderNum":1,"WorkPlaceID":20747,"OrderID":null,"BacteriologyResult":null,"AnalyzerId":null,"IsOrderProductionControl":false,"ID":"0","StrID":"0"}]
02.09.2026 10:29:14	Information:	TestsWW spec 200918, spec 200357, spec 200919, spec 200408, spec 200549, spec 200852, spec 200744, 
02.09.2026 10:29:14	Information:	Querry lines count: 1
02.09.2026 10:29:14	Debug:	SendResults:	fix DriverRequests=	386	ms
02.09.2026 10:29:14	Information:	SAMPLE! 51563025 DeviceDriverResult Sample: 51563025 Suggest: . Do Request True
02.09.2026 10:29:14	Information:	Sample request count: 1
02.09.2026 10:29:14	Information:	MU is mmol/L
02.09.2026 10:29:14	Information:	Driver Collations count 0
02.09.2026 10:29:14	Information:	MU collations count=0
02.09.2026 10:29:14	Information:	MU is ?mol/L
02.09.2026 10:29:14	Information:	Driver Collations count 0
02.09.2026 10:29:14	Information:	MU collations count=0
02.09.2026 10:29:14	Information:	MU is U/L
02.09.2026 10:29:14	Information:	Driver Collations count 0
02.09.2026 10:29:14	Information:	MU collations count=0
02.09.2026 10:29:14	Information:	MU is U/L
02.09.2026 10:29:14	Information:	Driver Collations count 0
02.09.2026 10:29:14	Information:	MU collations count=0
02.09.2026 10:29:14	Information:	MU is g/L
02.09.2026 10:29:14	Information:	Driver Collations count 0
02.09.2026 10:29:14	Information:	MU collations count=0
02.09.2026 10:29:14	Information:	MU is ?mol/L
02.09.2026 10:29:14	Information:	Driver Collations count 0
02.09.2026 10:29:14	Information:	MU collations count=0
02.09.2026 10:29:14	Information:	MU is mmol/L
02.09.2026 10:29:14	Information:	Driver Collations count 0
02.09.2026 10:29:14	Information:	MU collations count=0
02.09.2026 10:29:14	Debug:	SendResults:	SetTestsValues first SetTestsValues=	48	ms
02.09.2026 10:29:14	Debug:	SendResults:	Device Total = 437 ms
02.09.2026 10:29:14	Information:	Saving 51563025
02.09.2026 10:29:14	Information:	Start test result saving
02.09.2026 10:29:14	Information:	Result object to save: 
02.09.2026 10:29:14	Information:	{"OrderResearchID":67138713,"OrderResearch":null,"ParameterID":200918,"Parameter":{"ShortNameRU":"общий белок в сыворотке крови","ShortNameKZ":"қан сарысуындағы жалпы ақуыз","ShortName":"общий белок в сыворотке крови","DataType":0,"DataTypeName":"Число","UnitTypeID":100012,"UnitType":{"NameRU":"г/л","NameKZ":"г/л","Name":"г/л","PublicCode":"10001200","OrderBy":13,"ID":100012,"StrID":"100012"},"MedicalFormID":null,"MedicalForm":null,"NameRU":"общий белок в сыворотке крови","NameKZ":"қан сарысуындағы жалпы ақуыз","Name":"общий белок в сыворотке крови","PublicCode":"20091800","OrderBy":null,"ID":200918,"StrID":"200918"},"ParameterValueID":null,"ParameterValue":null,"ResultText":"71.58","ResultValue":null,"ResultDate":"2026-09-02T10:29:15.5214831+05:00","PostID":0,"Post":null,"ExecuteMethod":2,"SourceResultText":"71.58","SourceResultValue":null,"SourceResultExpression":null,"SourceUnitTypeID":100012,"SourceUnitType":{"NameRU":"г/л","NameKZ":"г/л","Name":"г/л","PublicCode":"10001200","OrderBy":13,"ID":100012,"StrID":"100012"},"IsApproved":false,"ApproveDate":null,"ApprovePostID":null,"ApprovePost":null,"OrderNum":1,"WorkPlaceID":20747,"DriverManagerID":150,"BacteriologyResult":null,"AnalyzerId":38,"IsOrderProductionControl":false,"ID":0,"StrID":"0"}
02.09.2026 10:29:14	Information:	Save string: 
02.09.2026 10:29:14	Information:	{"OrderResearchID":67138713,"OrderResearch":{"OrderID":31153575,"ServiceMoID":2163201,"ServiceMoMasterDataID":8269447,"ServiceMo":{"OrgHealthCareID":"45500000000000909","ServiceID":236,"NameRU":"Определение общего белка в сыворотке крови на анализаторе","NameKZ":"Қан сарысуындағы жалпы нәруызды талдауышта анықтау ","Name":"Определение общего белка в сыворотке крови на анализаторе","ShortNameRU":"Определение общего белка в сыворотке крови на анализаторе","ShortNameKZ":"Қан сарысуындағы жалпы нәруызды талдауышта анықтау ","ShortName":"Определение общего белка в сыворотке крови на анализаторе","FullName":"B03.397.002 - Определение общего белка в сыворотке крови на анализаторе","Code":"B03.397.002","ExternalCode":null,"ServiceClassID":5,"ServiceClass":{"ServiceTypeID":2,"OrderBy":5,"MasterDataID":5,"NameRU":"Клиническая химия (биохимия)","NameKZ":"Клиникалық химия (биохимия)","Name":"Клиническая химия (биохимия)","PublicCode":"500","EndDate":null,"ID":"5","StrID":"5"},"Service":{"NameRU":"Определение общего белка в сыворотке крови на анализаторе","NameKZ":"Қан сарысуындағы жалпы нәруызды талдауышта анықтау","Name":"Определение общего белка в сыворотке крови на анализаторе","ShortNameRU":"Общий белок на анализаторе","ShortNameKZ":"Общий белок на анализаторе","ShortName":"Общий белок на анализаторе","FullName":"B03.397.002 - Определение общего белка в сыворотке крови на анализаторе","Code":"B03.397.002","ServiceClassID":5,"ServiceClass":null,"ServiceSubClassID":6,"ServiceSubClass":null,"MaterialTypeID":202,"MaterialType":null,"MasterDataID":3079,"ID":"236","StrID":"236"},"MasterDataID":8269447,"ServiceSubClassID":6,"PayType":1,"ServiceSubClass":null,"ID":"2163201","StrID":"2163201"},"FullName":"B03.397.002 - Определение общего белка в сыворотке крови на анализаторе  () ","IsMain":true,"SourceID":"145108660_34014846","WorkPlaceID":20747,"WorkPlace":null,"DriverManager":null,"ParameterID":null,"Parameter":null,"AdditionalInfo":null,"Status":1,"PerformetServiceCount":7,"ResearchResultCount":0,"ApproveResearchResultCount":0,"NotSaveResearchResultCount":0,"ParentID":null,"ScreeningCandidatePlanGuid":null,"ScreeningUrl":null,"TakePlace":null,"MaterialTypeID":null,"MaterialType":null,"PartCount":0,"IsOrderProductionControl":false,"Uid":"bb8dc867-0c32-456d-9549-614d93ee60e2","OrderPerformerServices":[],"OrderResearchAllergens":[],"Results":[],"IsResumed":false,"ExecutionType":0,"ID":"67138713","StrID":"67138713"},"ParameterID":200918,"Parameter":{"ShortNameRU":"общий белок в сыворотке крови","ShortNameKZ":"қан сарысуындағы жалпы ақуыз","ShortName":"общий белок в сыворотке крови","DataType":0,"DataTypeName":"Число","UnitTypeID":100012,"UnitType":null,"MedicalFormID":null,"MasterDataID":0,"MedicalForm":null,"NameWithDataType":"общий белок в сыворотке крови  (Число)","NameRU":"общий белок в сыворотке крови","NameKZ":"қан сарысуындағы жалпы ақуыз","Name":"общий белок в сыворотке крови","PublicCode":"20091800","EndDate":null,"ID":"200918","StrID":"200918"},"ParameterValues":null,"ParameterValueID":null,"ParameterValue":null,"ResultText":"71.58","ResultValue":"71.58","ResultDate":"2026-09-02T10:29:15.7429377+05:00","PostID":"189416","Post":null,"ExecuteMethod":2,"SourceResultText":"71.58","SourceResultValue":"71.58","SourceResultExpression":null,"SourceUnitTypeID":100012,"SourceUnitType":{"OrderBy":13,"MasterDataID":null,"CDD_ID":null,"NameRU":"г/л","NameKZ":"г/л","Name":"г/л","PublicCode":"10001200","EndDate":null,"ID":"100012","StrID":"100012"},"MultiplierID":null,"IsApproved":false,"IsValidated":false,"StandardMatchType":0,"ApproveDate":null,"ApprovePostID":null,"ApprovePost":null,"OrderNum":1,"WorkPlaceID":20747,"OrderID":null,"BacteriologyResult":null,"AnalyzerId":38,"IsOrderProductionControl":false,"ID":"207371355","StrID":"207371355"}
02.09.2026 10:29:14	Information:	Result object to save: 
02.09.2026 10:29:14	Information:	{"OrderResearchID":67138715,"OrderResearch":null,"ParameterID":200357,"Parameter":{"ShortNameRU":"АЛаТ","ShortNameKZ":"АЛаТ","ShortName":"АЛаТ","DataType":0,"DataTypeName":"Число","UnitTypeID":100030,"UnitType":{"NameRU":"МЕ/л","NameKZ":"ХБ/л","Name":"МЕ/л","PublicCode":"10003000","OrderBy":31,"ID":100030,"StrID":"100030"},"MedicalFormID":null,"MedicalForm":null,"NameRU":"АЛаТ","NameKZ":"АЛаТ","Name":"АЛаТ","PublicCode":"20035700","OrderBy":null,"ID":200357,"StrID":"200357"},"ParameterValueID":null,"ParameterValue":null,"ResultText":"20.42","ResultValue":null,"ResultDate":"2026-09-02T10:29:15.5251205+05:00","PostID":0,"Post":null,"ExecuteMethod":2,"SourceResultText":"20.42","SourceResultValue":null,"SourceResultExpression":null,"SourceUnitTypeID":100030,"SourceUnitType":{"NameRU":"МЕ/л","NameKZ":"ХБ/л","Name":"МЕ/л","PublicCode":"10003000","OrderBy":31,"ID":100030,"StrID":"100030"},"IsApproved":false,"ApproveDate":null,"ApprovePostID":null,"ApprovePost":null,"OrderNum":1,"WorkPlaceID":20747,"DriverManagerID":150,"BacteriologyResult":null,"AnalyzerId":38,"IsOrderProductionControl":false,"ID":0,"StrID":"0"}
02.09.2026 10:29:14	Information:	Save string: 
02.09.2026 10:29:14	Information:	{"OrderResearchID":67138715,"OrderResearch":{"OrderID":31153575,"ServiceMoID":2163576,"ServiceMoMasterDataID":8269462,"ServiceMo":{"OrgHealthCareID":"45500000000000909","ServiceID":253,"NameRU":"Определение аланинаминотрансферазы (АЛаТ) в сыворотке крови на анализаторе","NameKZ":"Қан сарысуындағы аланинаминотрансферазды (АЛаТ) талдауышта анықтау ","Name":"Определение аланинаминотрансферазы (АЛаТ) в сыворотке крови на анализаторе","ShortNameRU":"Определение аланинаминотрансферазы (АЛаТ) в сыворотке крови на анализаторе","ShortNameKZ":"Қан сарысуындағы аланинаминотрансферазды (АЛаТ) талдауышта анықтау ","ShortName":"Определение аланинаминотрансферазы (АЛаТ) в сыворотке крови на анализаторе","FullName":"B03.155.002 - Определение аланинаминотрансферазы (АЛаТ) в сыворотке крови на анализаторе","Code":"B03.155.002","ExternalCode":null,"ServiceClassID":5,"ServiceClass":{"ServiceTypeID":2,"OrderBy":5,"MasterDataID":5,"NameRU":"Клиническая химия (биохимия)","NameKZ":"Клиникалық химия (биохимия)","Name":"Клиническая химия (биохимия)","PublicCode":"500","EndDate":null,"ID":"5","StrID":"5"},"Service":{"NameRU":"Определение аланинаминотрансферазы (АЛаТ) в сыворотке крови на анализаторе","NameKZ":"Қан сарысуындағы аланинаминотрансферазды (АЛаТ) талдауышта анықтау","Name":"Определение аланинаминотрансферазы (АЛаТ) в сыворотке крови на анализаторе","ShortNameRU":"АЛаТ на анализаторе","ShortNameKZ":"АЛаТ на анализаторе","ShortName":"АЛаТ на анализаторе","FullName":"B03.155.002 - Определение аланинаминотрансферазы (АЛаТ) в сыворотке крови на анализаторе","Code":"B03.155.002","ServiceClassID":5,"ServiceClass":null,"ServiceSubClassID":6,"ServiceSubClass":null,"MaterialTypeID":202,"MaterialType":null,"MasterDataID":3094,"ID":"253","StrID":"253"},"MasterDataID":8269462,"ServiceSubClassID":6,"PayType":1,"ServiceSubClass":null,"ID":"2163576","StrID":"2163576"},"FullName":"B03.155.002 - Определение аланинаминотрансферазы (АЛаТ) в сыворотке крови на анализаторе  () ","IsMain":true,"SourceID":"145108660_34014850","WorkPlaceID":20747,"WorkPlace":null,"DriverManager":null,"ParameterID":null,"Parameter":null,"AdditionalInfo":null,"Status":1,"PerformetServiceCount":9,"ResearchResultCount":0,"ApproveResearchResultCount":0,"NotSaveResearchResultCount":0,"ParentID":null,"ScreeningCandidatePlanGuid":null,"ScreeningUrl":null,"TakePlace":null,"MaterialTypeID":null,"MaterialType":null,"PartCount":0,"IsOrderProductionControl":false,"Uid":"d5fea568-5967-4030-b156-049fbc2f5427","OrderPerformerServices":[],"OrderResearchAllergens":[],"Results":[],"IsResumed":false,"ExecutionType":0,"ID":"67138715","StrID":"67138715"},"ParameterID":200357,"Parameter":{"ShortNameRU":"АЛаТ","ShortNameKZ":"АЛаТ","ShortName":"АЛаТ","DataType":0,"DataTypeName":"Число","UnitTypeID":100030,"UnitType":null,"MedicalFormID":null,"MasterDataID":0,"MedicalForm":null,"NameWithDataType":"АЛаТ  (Число)","NameRU":"АЛаТ","NameKZ":"АЛаТ","Name":"АЛаТ","PublicCode":"20035700","EndDate":null,"ID":"200357","StrID":"200357"},"ParameterValues":null,"ParameterValueID":null,"ParameterValue":null,"ResultText":"20.42","ResultValue":"20.42","ResultDate":"2026-09-02T10:29:15.8073451+05:00","PostID":"189416","Post":null,"ExecuteMethod":2,"SourceResultText":"20.42","SourceResultValue":"20.42","SourceResultExpression":null,"SourceUnitTypeID":100030,"SourceUnitType":{"OrderBy":31,"MasterDataID":null,"CDD_ID":null,"NameRU":"МЕ/л","NameKZ":"ХБ/л","Name":"МЕ/л","PublicCode":"10003000","EndDate":null,"ID":"100030","StrID":"100030"},"MultiplierID":null,"IsApproved":false,"IsValidated":false,"StandardMatchType":0,"ApproveDate":null,"ApprovePostID":null,"ApprovePost":null,"OrderNum":1,"WorkPlaceID":20747,"OrderID":null,"BacteriologyResult":null,"AnalyzerId":38,"IsOrderProductionControl":false,"ID":"207371356","StrID":"207371356"}
02.09.2026 10:29:14	Information:	Result object to save: 
02.09.2026 10:29:14	Information:	{"OrderResearchID":67138716,"OrderResearch":null,"ParameterID":200919,"Parameter":{"ShortNameRU":"общий билирубин в сыворотке крови","ShortNameKZ":"қан сарысуындағы жалпы билирубин","ShortName":"общий билирубин в сыворотке крови","DataType":0,"DataTypeName":"Число","UnitTypeID":100041,"UnitType":{"NameRU":"мкмоль/л","NameKZ":"мкмоль/л","Name":"мкмоль/л","PublicCode":"10004100","OrderBy":42,"ID":100041,"StrID":"100041"},"MedicalFormID":null,"MedicalForm":null,"NameRU":"общий билирубин в сыворотке крови","NameKZ":"қан сарысуындағы жалпы билирубин","Name":"общий билирубин в сыворотке крови","PublicCode":"20091900","OrderBy":null,"ID":200919,"StrID":"200919"},"ParameterValueID":null,"ParameterValue":null,"ResultText":"4.66","ResultValue":null,"ResultDate":"2026-09-02T10:29:15.5286881+05:00","PostID":0,"Post":null,"ExecuteMethod":2,"SourceResultText":"4.66","SourceResultValue":null,"SourceResultExpression":null,"SourceUnitTypeID":100041,"SourceUnitType":{"NameRU":"мкмоль/л","NameKZ":"мкмоль/л","Name":"мкмоль/л","PublicCode":"10004100","OrderBy":42,"ID":100041,"StrID":"100041"},"IsApproved":false,"ApproveDate":null,"ApprovePostID":null,"ApprovePost":null,"OrderNum":1,"WorkPlaceID":20747,"DriverManagerID":150,"BacteriologyResult":null,"AnalyzerId":38,"IsOrderProductionControl":false,"ID":0,"StrID":"0"}
02.09.2026 10:29:14	Information:	Save string: 
02.09.2026 10:29:14	Information:	{"OrderResearchID":67138716,"OrderResearch":{"OrderID":31153575,"ServiceMoID":2163626,"ServiceMoMasterDataID":8269464,"ServiceMo":{"OrgHealthCareID":"45500000000000909","ServiceID":255,"NameRU":"Определение общего билирубина в сыворотке крови на анализаторе","NameKZ":"Қан сарысуындағы жалпы  билирубинді талдауышта анықтау в сыворотке крови на анализаторе","Name":"Определение общего билирубина в сыворотке крови на анализаторе","ShortNameRU":"Определение общего билирубина в сыворотке крови на анализаторе","ShortNameKZ":"Қан сарысуындағы жалпы  билирубинді талдауышта анықтау в сыворотке крови на анализаторе","ShortName":"Определение общего билирубина в сыворотке крови на анализаторе","FullName":"B03.398.002 - Определение общего билирубина в сыворотке крови на анализаторе","Code":"B03.398.002","ExternalCode":null,"ServiceClassID":5,"ServiceClass":{"ServiceTypeID":2,"OrderBy":5,"MasterDataID":5,"NameRU":"Клиническая химия (биохимия)","NameKZ":"Клиникалық химия (биохимия)","Name":"Клиническая химия (биохимия)","PublicCode":"500","EndDate":null,"ID":"5","StrID":"5"},"Service":{"NameRU":"Определение общего билирубина в сыворотке крови на анализаторе","NameKZ":"Қан сарысуындағы жалпы билирубинді талдауышта анықтау в сыворотке крови на анализаторе","Name":"Определение общего билирубина в сыворотке крови на анализаторе","ShortNameRU":"Общий Bi на анализаторе","ShortNameKZ":"Общий Bi на анализаторе","ShortName":"Общий Bi на анализаторе","FullName":"B03.398.002 - Определение общего билирубина в сыворотке крови на анализаторе","Code":"B03.398.002","ServiceClassID":5,"ServiceClass":null,"ServiceSubClassID":6,"ServiceSubClass":null,"MaterialTypeID":202,"MaterialType":null,"MasterDataID":3096,"ID":"255","StrID":"255"},"MasterDataID":8269464,"ServiceSubClassID":6,"PayType":1,"ServiceSubClass":null,"ID":"2163626","StrID":"2163626"},"FullName":"B03.398.002 - Определение общего билирубина в сыворотке крови на анализаторе  () ","IsMain":true,"SourceID":"145108660_34014849","WorkPlaceID":20747,"WorkPlace":null,"DriverManager":null,"ParameterID":null,"Parameter":null,"AdditionalInfo":null,"Status":1,"PerformetServiceCount":7,"ResearchResultCount":0,"ApproveResearchResultCount":0,"NotSaveResearchResultCount":0,"ParentID":null,"ScreeningCandidatePlanGuid":null,"ScreeningUrl":null,"TakePlace":null,"MaterialTypeID":null,"MaterialType":null,"PartCount":0,"IsOrderProductionControl":false,"Uid":"1605a529-d066-4cf0-a711-f06fdf2442ee","OrderPerformerServices":[],"OrderResearchAllergens":[],"Results":[],"IsResumed":false,"ExecutionType":0,"ID":"67138716","StrID":"67138716"},"ParameterID":200919,"Parameter":{"ShortNameRU":"общий билирубин в сыворотке крови","ShortNameKZ":"қан сарысуындағы жалпы билирубин","ShortName":"общий билирубин в сыворотке крови","DataType":0,"DataTypeName":"Число","UnitTypeID":100041,"UnitType":null,"MedicalFormID":null,"MasterDataID":0,"MedicalForm":null,"NameWithDataType":"общий билирубин в сыворотке крови  (Число)","NameRU":"общий билирубин в сыворотке крови","NameKZ":"қан сарысуындағы жалпы билирубин","Name":"общий билирубин в сыворотке крови","PublicCode":"20091900","EndDate":null,"ID":"200919","StrID":"200919"},"ParameterValues":null,"ParameterValueID":null,"ParameterValue":null,"ResultText":"4.66","ResultValue":"4.66","ResultDate":"2026-09-02T10:29:15.8692459+05:00","PostID":"189416","Post":null,"ExecuteMethod":2,"SourceResultText":"4.66","SourceResultValue":"4.66","SourceResultExpression":null,"SourceUnitTypeID":100041,"SourceUnitType":{"OrderBy":42,"MasterDataID":null,"CDD_ID":null,"NameRU":"мкмоль/л","NameKZ":"мкмоль/л","Name":"мкмоль/л","PublicCode":"10004100","EndDate":null,"ID":"100041","StrID":"100041"},"MultiplierID":null,"IsApproved":false,"IsValidated":false,"StandardMatchType":0,"ApproveDate":null,"ApprovePostID":null,"ApprovePost":null,"OrderNum":1,"WorkPlaceID":20747,"OrderID":null,"BacteriologyResult":null,"AnalyzerId":38,"IsOrderProductionControl":false,"ID":"207371357","StrID":"207371357"}
02.09.2026 10:29:14	Information:	Result object to save: 
02.09.2026 10:29:14	Information:	{"OrderResearchID":67138717,"OrderResearch":null,"ParameterID":200408,"Parameter":{"ShortNameRU":"АСаТ","ShortNameKZ":"АСаТ","ShortName":"АСаТ","DataType":0,"DataTypeName":"Число","UnitTypeID":100030,"UnitType":{"NameRU":"МЕ/л","NameKZ":"ХБ/л","Name":"МЕ/л","PublicCode":"10003000","OrderBy":31,"ID":100030,"StrID":"100030"},"MedicalFormID":null,"MedicalForm":null,"NameRU":"АСаТ","NameKZ":"АСаТ","Name":"АСаТ","PublicCode":"20040800","OrderBy":null,"ID":200408,"StrID":"200408"},"ParameterValueID":null,"ParameterValue":null,"ResultText":"41.99","ResultValue":null,"ResultDate":"2026-09-02T10:29:15.5318182+05:00","PostID":0,"Post":null,"ExecuteMethod":2,"SourceResultText":"41.99","SourceResultValue":null,"SourceResultExpression":null,"SourceUnitTypeID":100030,"SourceUnitType":{"NameRU":"МЕ/л","NameKZ":"ХБ/л","Name":"МЕ/л","PublicCode":"10003000","OrderBy":31,"ID":100030,"StrID":"100030"},"IsApproved":false,"ApproveDate":null,"ApprovePostID":null,"ApprovePost":null,"OrderNum":1,"WorkPlaceID":20747,"DriverManagerID":150,"BacteriologyResult":null,"AnalyzerId":38,"IsOrderProductionControl":false,"ID":0,"StrID":"0"}
02.09.2026 10:29:14	Information:	Save string: 
02.09.2026 10:29:14	Information:	{"OrderResearchID":67138717,"OrderResearch":{"OrderID":31153575,"ServiceMoID":2163651,"ServiceMoMasterDataID":8269465,"ServiceMo":{"OrgHealthCareID":"45500000000000909","ServiceID":256,"NameRU":"Определение аспартатаминотрансферазы (АСаТ) в сыворотке крови на анализаторе","NameKZ":"Қан сарысуындағы  аспартатаминотрансферазды  (АСаТ) талдауышта анықтау  ","Name":"Определение аспартатаминотрансферазы (АСаТ) в сыворотке крови на анализаторе","ShortNameRU":"Определение аспартатаминотрансферазы (АСаТ) в сыворотке крови на анализаторе","ShortNameKZ":"Қан сарысуындағы  аспартатаминотрансферазды  (АСаТ) талдауышта анықтау  ","ShortName":"Определение аспартатаминотрансферазы (АСаТ) в сыворотке крови на анализаторе","FullName":"B03.293.002 - Определение аспартатаминотрансферазы (АСаТ) в сыворотке крови на анализаторе","Code":"B03.293.002","ExternalCode":null,"ServiceClassID":5,"ServiceClass":{"ServiceTypeID":2,"OrderBy":5,"MasterDataID":5,"NameRU":"Клиническая химия (биохимия)","NameKZ":"Клиникалық химия (биохимия)","Name":"Клиническая химия (биохимия)","PublicCode":"500","EndDate":null,"ID":"5","StrID":"5"},"Service":{"NameRU":"Определение аспартатаминотрансферазы (АСаТ) в сыворотке крови на анализаторе","NameKZ":"Қан сарысуындағы аспартатаминотрансферазды (АСаТ) талдауышта анықтау","Name":"Определение аспартатаминотрансферазы (АСаТ) в сыворотке крови на анализаторе","ShortNameRU":"АСаТ на анализаторе","ShortNameKZ":"АСаТ на анализаторе","ShortName":"АСаТ на анализаторе","FullName":"B03.293.002 - Определение аспартатаминотрансферазы (АСаТ) в сыворотке крови на анализаторе","Code":"B03.293.002","ServiceClassID":5,"ServiceClass":null,"ServiceSubClassID":6,"ServiceSubClass":null,"MaterialTypeID":202,"MaterialType":null,"MasterDataID":3097,"ID":"256","StrID":"256"},"MasterDataID":8269465,"ServiceSubClassID":6,"PayType":1,"ServiceSubClass":null,"ID":"2163651","StrID":"2163651"},"FullName":"B03.293.002 - Определение аспартатаминотрансферазы (АСаТ) в сыворотке крови на анализаторе  () ","IsMain":true,"SourceID":"145108660_34014851","WorkPlaceID":20747,"WorkPlace":null,"DriverManager":null,"ParameterID":null,"Parameter":null,"AdditionalInfo":null,"Status":1,"PerformetServiceCount":7,"ResearchResultCount":0,"ApproveResearchResultCount":0,"NotSaveResearchResultCount":0,"ParentID":null,"ScreeningCandidatePlanGuid":null,"ScreeningUrl":null,"TakePlace":null,"MaterialTypeID":null,"MaterialType":null,"PartCount":0,"IsOrderProductionControl":false,"Uid":"d156327f-3fee-46de-a649-06bd8420c1dd","OrderPerformerServices":[],"OrderResearchAllergens":[],"Results":[],"IsResumed":false,"ExecutionType":0,"ID":"67138717","StrID":"67138717"},"ParameterID":200408,"Parameter":{"ShortNameRU":"АСаТ","ShortNameKZ":"АСаТ","ShortName":"АСаТ","DataType":0,"DataTypeName":"Число","UnitTypeID":100030,"UnitType":null,"MedicalFormID":null,"MasterDataID":0,"MedicalForm":null,"NameWithDataType":"АСаТ  (Число)","NameRU":"АСаТ","NameKZ":"АСаТ","Name":"АСаТ","PublicCode":"20040800","EndDate":null,"ID":"200408","StrID":"200408"},"ParameterValues":null,"ParameterValueID":null,"ParameterValue":null,"ResultText":"41.99","ResultValue":"41.99","ResultDate":"2026-09-02T10:29:15.9495875+05:00","PostID":"189416","Post":null,"ExecuteMethod":2,"SourceResultText":"41.99","SourceResultValue":"41.99","SourceResultExpression":null,"SourceUnitTypeID":100030,"SourceUnitType":{"OrderBy":31,"MasterDataID":null,"CDD_ID":null,"NameRU":"МЕ/л","NameKZ":"ХБ/л","Name":"МЕ/л","PublicCode":"10003000","EndDate":null,"ID":"100030","StrID":"100030"},"MultiplierID":null,"IsApproved":false,"IsValidated":false,"StandardMatchType":0,"ApproveDate":null,"ApprovePostID":null,"ApprovePost":null,"OrderNum":1,"WorkPlaceID":20747,"OrderID":null,"BacteriologyResult":null,"AnalyzerId":38,"IsOrderProductionControl":false,"ID":"207371358","StrID":"207371358"}
02.09.2026 10:29:15	Information:	Result object to save: 
02.09.2026 10:29:15	Information:	{"OrderResearchID":67138718,"OrderResearch":null,"ParameterID":200549,"Parameter":{"ShortNameRU":"глюкоза в сыворотке крови","ShortNameKZ":"қан сарысуындағы глюкоза","ShortName":"глюкоза в сыворотке крови","DataType":0,"DataTypeName":"Число","UnitTypeID":100051,"UnitType":{"NameRU":"ммоль/л","NameKZ":"ммоль/л","Name":"ммоль/л","PublicCode":"10005100","OrderBy":52,"ID":100051,"StrID":"100051"},"MedicalFormID":null,"MedicalForm":null,"NameRU":"глюкоза в сыворотке крови","NameKZ":"қан сарысуындағы глюкоза","Name":"глюкоза в сыворотке крови","PublicCode":"20054900","OrderBy":null,"ID":200549,"StrID":"200549"},"ParameterValueID":null,"ParameterValue":null,"ResultText":"4.79","ResultValue":null,"ResultDate":"2026-09-02T10:29:15.5348927+05:00","PostID":0,"Post":null,"ExecuteMethod":2,"SourceResultText":"4.79","SourceResultValue":null,"SourceResultExpression":null,"SourceUnitTypeID":100051,"SourceUnitType":{"NameRU":"ммоль/л","NameKZ":"ммоль/л","Name":"ммоль/л","PublicCode":"10005100","OrderBy":52,"ID":100051,"StrID":"100051"},"IsApproved":false,"ApproveDate":null,"ApprovePostID":null,"ApprovePost":null,"OrderNum":1,"WorkPlaceID":20747,"DriverManagerID":150,"BacteriologyResult":null,"AnalyzerId":38,"IsOrderProductionControl":false,"ID":0,"StrID":"0"}
02.09.2026 10:29:15	Information:	Save string: 
02.09.2026 10:29:15	Information:	{"OrderResearchID":67138718,"OrderResearch":{"OrderID":31153575,"ServiceMoID":2164501,"ServiceMoMasterDataID":8269499,"ServiceMo":{"OrgHealthCareID":"45500000000000909","ServiceID":290,"NameRU":"Определение глюкозы в сыворотке крови на анализаторе","NameKZ":"Қан сарысуындағы глюкозаны талдауышта анықтау ","Name":"Определение глюкозы в сыворотке крови на анализаторе","ShortNameRU":"Определение глюкозы в сыворотке крови на анализаторе","ShortNameKZ":"Қан сарысуындағы глюкозаны талдауышта анықтау ","ShortName":"Определение глюкозы в сыворотке крови на анализаторе","FullName":"B03.335.002 - Определение глюкозы в сыворотке крови на анализаторе","Code":"B03.335.002","ExternalCode":null,"ServiceClassID":5,"ServiceClass":{"ServiceTypeID":2,"OrderBy":5,"MasterDataID":5,"NameRU":"Клиническая химия (биохимия)","NameKZ":"Клиникалық химия (биохимия)","Name":"Клиническая химия (биохимия)","PublicCode":"500","EndDate":null,"ID":"5","StrID":"5"},"Service":{"NameRU":"Определение глюкозы в сыворотке крови на анализаторе","NameKZ":"Қан сарысуындағы глюкозаны талдауышта анықтау","Name":"Определение глюкозы в сыворотке крови на анализаторе","ShortNameRU":"Глюкоза в сыворотке крови на анализаторе","ShortNameKZ":"Глюкоза в сыворотке крови на анализаторе","ShortName":"Глюкоза в сыворотке крови на анализаторе","FullName":"B03.335.002 - Определение глюкозы в сыворотке крови на анализаторе","Code":"B03.335.002","ServiceClassID":5,"ServiceClass":null,"ServiceSubClassID":6,"ServiceSubClass":null,"MaterialTypeID":202,"MaterialType":null,"MasterDataID":3131,"ID":"290","StrID":"290"},"MasterDataID":8269499,"ServiceSubClassID":6,"PayType":1,"ServiceSubClass":null,"ID":"2164501","StrID":"2164501"},"FullName":"B03.335.002 - Определение глюкозы в сыворотке крови на анализаторе  () ","IsMain":true,"SourceID":"145108660_34014852","WorkPlaceID":20747,"WorkPlace":null,"DriverManager":null,"ParameterID":null,"Parameter":null,"AdditionalInfo":null,"Status":1,"PerformetServiceCount":7,"ResearchResultCount":0,"ApproveResearchResultCount":0,"NotSaveResearchResultCount":0,"ParentID":null,"ScreeningCandidatePlanGuid":null,"ScreeningUrl":null,"TakePlace":null,"MaterialTypeID":null,"MaterialType":null,"PartCount":0,"IsOrderProductionControl":false,"Uid":"cf0914c5-0cc3-45b5-bb39-7a108cb65ab5","OrderPerformerServices":[],"OrderResearchAllergens":[],"Results":[],"IsResumed":false,"ExecutionType":0,"ID":"67138718","StrID":"67138718"},"ParameterID":200549,"Parameter":{"ShortNameRU":"глюкоза в сыворотке крови","ShortNameKZ":"қан сарысуындағы глюкоза","ShortName":"глюкоза в сыворотке крови","DataType":0,"DataTypeName":"Число","UnitTypeID":100051,"UnitType":null,"MedicalFormID":null,"MasterDataID":0,"MedicalForm":null,"NameWithDataType":"глюкоза в сыворотке крови  (Число)","NameRU":"глюкоза в сыворотке крови","NameKZ":"қан сарысуындағы глюкоза","Name":"глюкоза в сыворотке крови","PublicCode":"20054900","EndDate":null,"ID":"200549","StrID":"200549"},"ParameterValues":null,"ParameterValueID":null,"ParameterValue":null,"ResultText":"4.79","ResultValue":"4.79","ResultDate":"2026-09-02T10:29:16.0182436+05:00","PostID":"189416","Post":null,"ExecuteMethod":2,"SourceResultText":"4.79","SourceResultValue":"4.79","SourceResultExpression":null,"SourceUnitTypeID":100051,"SourceUnitType":{"OrderBy":52,"MasterDataID":null,"CDD_ID":null,"NameRU":"ммоль/л","NameKZ":"ммоль/л","Name":"ммоль/л","PublicCode":"10005100","EndDate":null,"ID":"100051","StrID":"100051"},"MultiplierID":null,"IsApproved":false,"IsValidated":false,"StandardMatchType":0,"ApproveDate":null,"ApprovePostID":null,"ApprovePost":null,"OrderNum":1,"WorkPlaceID":20747,"OrderID":null,"BacteriologyResult":null,"AnalyzerId":38,"IsOrderProductionControl":false,"ID":"207371359","StrID":"207371359"}
02.09.2026 10:29:15	Information:	Result object to save: 
02.09.2026 10:29:15	Information:	{"OrderResearchID":67138719,"OrderResearch":null,"ParameterID":200852,"Parameter":{"ShortNameRU":"мочевина в сыворотке крови","ShortNameKZ":"қан сарысуындағы несепнәр","ShortName":"мочевина в сыворотке крови","DataType":0,"DataTypeName":"Число","UnitTypeID":100051,"UnitType":{"NameRU":"ммоль/л","NameKZ":"ммоль/л","Name":"ммоль/л","PublicCode":"10005100","OrderBy":52,"ID":100051,"StrID":"100051"},"MedicalFormID":null,"MedicalForm":null,"NameRU":"мочевина в сыворотке крови","NameKZ":"қан сарысуындағы несепнәр","Name":"мочевина в сыворотке крови","PublicCode":"20085200","OrderBy":null,"ID":200852,"StrID":"200852"},"ParameterValueID":null,"ParameterValue":null,"ResultText":"4.17","ResultValue":null,"ResultDate":"2026-09-02T10:29:15.5380698+05:00","PostID":0,"Post":null,"ExecuteMethod":2,"SourceResultText":"4.17","SourceResultValue":null,"SourceResultExpression":null,"SourceUnitTypeID":100051,"SourceUnitType":{"NameRU":"ммоль/л","NameKZ":"ммоль/л","Name":"ммоль/л","PublicCode":"10005100","OrderBy":52,"ID":100051,"StrID":"100051"},"IsApproved":false,"ApproveDate":null,"ApprovePostID":null,"ApprovePost":null,"OrderNum":1,"WorkPlaceID":20747,"DriverManagerID":150,"BacteriologyResult":null,"AnalyzerId":38,"IsOrderProductionControl":false,"ID":0,"StrID":"0"}
02.09.2026 10:29:15	Information:	Save string: 
02.09.2026 10:29:15	Information:	{"OrderResearchID":67138719,"OrderResearch":{"OrderID":31153575,"ServiceMoID":2164626,"ServiceMoMasterDataID":8269504,"ServiceMo":{"OrgHealthCareID":"45500000000000909","ServiceID":295,"NameRU":"Определение мочевины в сыворотке крови на анализаторе","NameKZ":"Қан сарысуындағы несепнәрді  талдауышта анықтау ","Name":"Определение мочевины в сыворотке крови на анализаторе","ShortNameRU":"Определение мочевины в сыворотке крови на анализаторе","ShortNameKZ":"Қан сарысуындағы несепнәрді  талдауышта анықтау ","ShortName":"Определение мочевины в сыворотке крови на анализаторе","FullName":"B03.386.002 - Определение мочевины в сыворотке крови на анализаторе","Code":"B03.386.002","ExternalCode":null,"ServiceClassID":5,"ServiceClass":{"ServiceTypeID":2,"OrderBy":5,"MasterDataID":5,"NameRU":"Клиническая химия (биохимия)","NameKZ":"Клиникалық химия (биохимия)","Name":"Клиническая химия (биохимия)","PublicCode":"500","EndDate":null,"ID":"5","StrID":"5"},"Service":{"NameRU":"Определение мочевины в сыворотке крови на анализаторе","NameKZ":"Қан сарысуындағы несепнәрді талдауышта анықтау","Name":"Определение мочевины в сыворотке крови на анализаторе","ShortNameRU":"Мочевина на анализаторе","ShortNameKZ":"Мочевина на анализаторе","ShortName":"Мочевина на анализаторе","FullName":"B03.386.002 - Определение мочевины в сыворотке крови на анализаторе","Code":"B03.386.002","ServiceClassID":5,"ServiceClass":null,"ServiceSubClassID":6,"ServiceSubClass":null,"MaterialTypeID":202,"MaterialType":null,"MasterDataID":3136,"ID":"295","StrID":"295"},"MasterDataID":8269504,"ServiceSubClassID":6,"PayType":1,"ServiceSubClass":null,"ID":"2164626","StrID":"2164626"},"FullName":"B03.386.002 - Определение мочевины в сыворотке крови на анализаторе  () ","IsMain":true,"SourceID":"145108660_34014848","WorkPlaceID":20747,"WorkPlace":null,"DriverManager":null,"ParameterID":null,"Parameter":null,"AdditionalInfo":null,"Status":1,"PerformetServiceCount":7,"ResearchResultCount":0,"ApproveResearchResultCount":0,"NotSaveResearchResultCount":0,"ParentID":null,"ScreeningCandidatePlanGuid":null,"ScreeningUrl":null,"TakePlace":null,"MaterialTypeID":null,"MaterialType":null,"PartCount":0,"IsOrderProductionControl":false,"Uid":"af7dd562-932e-4cf4-b816-9e647f9cfc19","OrderPerformerServices":[],"OrderResearchAllergens":[],"Results":[],"IsResumed":false,"ExecutionType":0,"ID":"67138719","StrID":"67138719"},"ParameterID":200852,"Parameter":{"ShortNameRU":"мочевина в сыворотке крови","ShortNameKZ":"қан сарысуындағы несепнәр","ShortName":"мочевина в сыворотке крови","DataType":0,"DataTypeName":"Число","UnitTypeID":100051,"UnitType":null,"MedicalFormID":null,"MasterDataID":0,"MedicalForm":null,"NameWithDataType":"мочевина в сыворотке крови  (Число)","NameRU":"мочевина в сыворотке крови","NameKZ":"қан сарысуындағы несепнәр","Name":"мочевина в сыворотке крови","PublicCode":"20085200","EndDate":null,"ID":"200852","StrID":"200852"},"ParameterValues":null,"ParameterValueID":null,"ParameterValue":null,"ResultText":"4.17","ResultValue":"4.17","ResultDate":"2026-09-02T10:29:16.086913+05:00","PostID":"189416","Post":null,"ExecuteMethod":2,"SourceResultText":"4.17","SourceResultValue":"4.17","SourceResultExpression":null,"SourceUnitTypeID":100051,"SourceUnitType":{"OrderBy":52,"MasterDataID":null,"CDD_ID":null,"NameRU":"ммоль/л","NameKZ":"ммоль/л","Name":"ммоль/л","PublicCode":"10005100","EndDate":null,"ID":"100051","StrID":"100051"},"MultiplierID":null,"IsApproved":false,"IsValidated":false,"StandardMatchType":0,"ApproveDate":null,"ApprovePostID":null,"ApprovePost":null,"OrderNum":1,"WorkPlaceID":20747,"OrderID":null,"BacteriologyResult":null,"AnalyzerId":38,"IsOrderProductionControl":false,"ID":"207371360","StrID":"207371360"}
02.09.2026 10:29:15	Information:	Result object to save: 
02.09.2026 10:29:15	Information:	{"OrderResearchID":67138714,"OrderResearch":null,"ParameterID":200744,"Parameter":{"ShortNameRU":"креатинин в крови","ShortNameKZ":"қандағы креатинин","ShortName":"креатинин в крови","DataType":0,"DataTypeName":"Число","UnitTypeID":100041,"UnitType":{"NameRU":"мкмоль/л","NameKZ":"мкмоль/л","Name":"мкмоль/л","PublicCode":"10004100","OrderBy":42,"ID":100041,"StrID":"100041"},"MedicalFormID":null,"MedicalForm":null,"NameRU":"креатинин в крови","NameKZ":"қандағы креатинин","Name":"креатинин в крови","PublicCode":"20074400","OrderBy":null,"ID":200744,"StrID":"200744"},"ParameterValueID":null,"ParameterValue":null,"ResultText":"19.67","ResultValue":null,"ResultDate":"2026-09-02T10:29:15.5420324+05:00","PostID":0,"Post":null,"ExecuteMethod":2,"SourceResultText":"19.67","SourceResultValue":null,"SourceResultExpression":null,"SourceUnitTypeID":100041,"SourceUnitType":{"NameRU":"мкмоль/л","NameKZ":"мкмоль/л","Name":"мкмоль/л","PublicCode":"10004100","OrderBy":42,"ID":100041,"StrID":"100041"},"IsApproved":false,"ApproveDate":null,"ApprovePostID":null,"ApprovePost":null,"OrderNum":1,"WorkPlaceID":20747,"DriverManagerID":150,"BacteriologyResult":null,"AnalyzerId":38,"IsOrderProductionControl":false,"ID":0,"StrID":"0"}
02.09.2026 10:29:15	Information:	Save string: 
02.09.2026 10:29:15	Information:	{"OrderResearchID":67138714,"OrderResearch":{"OrderID":31153575,"ServiceMoID":2164651,"ServiceMoMasterDataID":8269505,"ServiceMo":{"OrgHealthCareID":"45500000000000909","ServiceID":296,"NameRU":"Определение креатинина в сыворотке крови на анализаторе","NameKZ":"Қан сарысуындағы  креатининді талдауышта анықтау ","Name":"Определение креатинина в сыворотке крови на анализаторе","ShortNameRU":"Определение креатинина в сыворотке крови на анализаторе","ShortNameKZ":"Қан сарысуындағы  креатининді талдауышта анықтау ","ShortName":"Определение креатинина в сыворотке крови на анализаторе","FullName":"B03.363.002 - Определение креатинина в сыворотке крови на анализаторе","Code":"B03.363.002","ExternalCode":null,"ServiceClassID":5,"ServiceClass":{"ServiceTypeID":2,"OrderBy":5,"MasterDataID":5,"NameRU":"Клиническая химия (биохимия)","NameKZ":"Клиникалық химия (биохимия)","Name":"Клиническая химия (биохимия)","PublicCode":"500","EndDate":null,"ID":"5","StrID":"5"},"Service":{"NameRU":"Определение креатинина в сыворотке крови на анализаторе","NameKZ":"Қан сарысуындағы креатининді талдауышта анықтау","Name":"Определение креатинина в сыворотке крови на анализаторе","ShortNameRU":"Креатинин на анализаторе","ShortNameKZ":"Креатинин на анализаторе","ShortName":"Креатинин на анализаторе","FullName":"B03.363.002 - Определение креатинина в сыворотке крови на анализаторе","Code":"B03.363.002","ServiceClassID":5,"ServiceClass":null,"ServiceSubClassID":6,"ServiceSubClass":null,"MaterialTypeID":202,"MaterialType":null,"MasterDataID":3137,"ID":"296","StrID":"296"},"MasterDataID":8269505,"ServiceSubClassID":6,"PayType":1,"ServiceSubClass":null,"ID":"2164651","StrID":"2164651"},"FullName":"B03.363.002 - Определение креатинина в сыворотке крови на анализаторе  () ","IsMain":true,"SourceID":"145108660_34014847","WorkPlaceID":20747,"WorkPlace":null,"DriverManager":null,"ParameterID":null,"Parameter":null,"AdditionalInfo":null,"Status":1,"PerformetServiceCount":7,"ResearchResultCount":0,"ApproveResearchResultCount":0,"NotSaveResearchResultCount":0,"ParentID":null,"ScreeningCandidatePlanGuid":null,"ScreeningUrl":null,"TakePlace":null,"MaterialTypeID":null,"MaterialType":null,"PartCount":0,"IsOrderProductionControl":false,"Uid":"aacc0851-c979-4a7d-9736-b55ab7537b5f","OrderPerformerServices":[],"OrderResearchAllergens":[],"Results":[],"IsResumed":false,"ExecutionType":0,"ID":"67138714","StrID":"67138714"},"ParameterID":200744,"Parameter":{"ShortNameRU":"креатинин в крови","ShortNameKZ":"қандағы креатинин","ShortName":"креатинин в крови","DataType":0,"DataTypeName":"Число","UnitTypeID":100041,"UnitType":null,"MedicalFormID":null,"MasterDataID":0,"MedicalForm":null,"NameWithDataType":"креатинин в крови  (Число)","NameRU":"креатинин в крови","NameKZ":"қандағы креатинин","Name":"креатинин в крови","PublicCode":"20074400","EndDate":null,"ID":"200744","StrID":"200744"},"ParameterValues":null,"ParameterValueID":null,"ParameterValue":null,"ResultText":"19.67","ResultValue":"19.67","ResultDate":"2026-09-02T10:29:16.2187139+05:00","PostID":"189416","Post":null,"ExecuteMethod":2,"SourceResultText":"19.67","SourceResultValue":"19.67","SourceResultExpression":null,"SourceUnitTypeID":100041,"SourceUnitType":{"OrderBy":42,"MasterDataID":null,"CDD_ID":null,"NameRU":"мкмоль/л","NameKZ":"мкмоль/л","Name":"мкмоль/л","PublicCode":"10004100","EndDate":null,"ID":"100041","StrID":"100041"},"MultiplierID":null,"IsApproved":false,"IsValidated":false,"StandardMatchType":0,"ApproveDate":null,"ApprovePostID":null,"ApprovePost":null,"OrderNum":1,"WorkPlaceID":20747,"OrderID":null,"BacteriologyResult":null,"AnalyzerId":38,"IsOrderProductionControl":false,"ID":"207371361","StrID":"207371361"}
02.09.2026 10:29:15	Debug:	 SendResults SaveDeviceResults = 651 ms
02.09.2026 10:29:15	Debug:	 total for SendResults = 1089 ms
02.09.2026 10:29:21	Information:	url https://lab-vko.dmed.kz/ /api/DriverManager/PingDevice
02.09.2026 10:29:21	Information:	{
"Hash": "w9LjvpRCyoByGV3Lzv0iX9dSI0tLK0uV+pRojL1kufc=",
"Status": 0
}


02.09.2026 10:29:21	Information:	Ping ret is {"Status":0,"Comment":null}
02.09.2026 10:31:21	Information:	url https://lab-vko.dmed.kz/ /api/DriverManager/PingDevice
02.09.2026 10:31:21	Information:	{
"Hash": "w9LjvpRCyoByGV3Lzv0iX9dSI0tLK0uV+pRojL1kufc=",
"Status": 0
}


02.09.2026 10:31:21	Information:	Ping ret is {"Status":0,"Comment":null}
02.09.2026 10:32:12	Information:	Received bytes(encoded):MSH|^~\&|||||20260902103113||ORU^R01|113|P|2.3.1||||0||ASCII|||PID|75|||||||O|||||||||||||||||||||||OBR|75|51563226|3|^|N|20260902100338|20260902100321|20260902100321||1^2||||20260902100321|?????|||||||||||||||||||||||||||||||||OBX|1|NM|Glu-G|Glucose (GOD-POD Method)|5.583749|mmol/L|-|N|||F||5.583749|20260902103041|||0||OBX|2|NM|T-Bil-V|Bilirubin Total (VOX Method)|5.659398|?mol/L|-|N|||F||5.659398|20260902103043|||0||OBX|3|NM|D-Bil-V|Bilirubin Direct (VOX Method)|1.951615|?mol/L|-|N|||F||1.951615|20260902103058|||0||OBX|4|NM|ALT|Alanine Aminotransferase|5.297991|U/L|-|N|||F||5.297991|20260902102811|||0||OBX|5|NM|AST|Aspartate Aminotransferase|20.105533|U/L|-|N|||F||20.105533|20260902102926|||0||OBX|6|NM|TP|Total Protein|76.377767|g/L|-|N|||F||76.377767|20260902103113|||0||OBX|7|NM|CREA-S|Creatinine (Sarcosine Oxidase Method)|54.497336|?mol/L|-|N|||F||54.497336|20260902103111|||0||OBX|8|NM|UREA|Urea|2.401612|mmol/L|-|N|||F||2.401612|20260902102956|||0||OBX|9|NM||AST/ALT|3.792453||-|N|||F||3.792453
02.09.2026 10:32:12	Information:	Add Frame:
02.09.2026 10:32:12	Information:	MSH|^~\&|||||20260902103113||ORU^R01|113|P|2.3.1||||0||ASCII|||
02.09.2026 10:32:12	Information:	In Header
02.09.2026 10:32:12	Information:	MessageType: ORU
02.09.2026 10:32:12	Information:	After message type
02.09.2026 10:32:12	Information:	After ask
02.09.2026 10:32:12	Information:	After version
02.09.2026 10:32:12	Information:	Add Frame:
02.09.2026 10:32:12	Information:	PID|75|||||||O|||||||||||||||||||||||
02.09.2026 10:32:12	Information:	Add Frame:
02.09.2026 10:32:12	Information:	OBR|75|51563226|3|^|N|20260902100338|20260902100321|20260902100321||1^2||||20260902100321|?????|||||||||||||||||||||||||||||||||
02.09.2026 10:32:12	Information:	Add Frame:
02.09.2026 10:32:12	Information:	OBX|1|NM|Glu-G|Glucose (GOD-POD Method)|5.583749|mmol/L|-|N|||F||5.583749|20260902103041|||0||
02.09.2026 10:32:12	Information:	Add Frame:
02.09.2026 10:32:12	Information:	OBX|2|NM|T-Bil-V|Bilirubin Total (VOX Method)|5.659398|?mol/L|-|N|||F||5.659398|20260902103043|||0||
02.09.2026 10:32:12	Information:	Add Frame:
02.09.2026 10:32:12	Information:	OBX|3|NM|D-Bil-V|Bilirubin Direct (VOX Method)|1.951615|?mol/L|-|N|||F||1.951615|20260902103058|||0||
02.09.2026 10:32:12	Information:	Add Frame:
02.09.2026 10:32:12	Information:	OBX|4|NM|ALT|Alanine Aminotransferase|5.297991|U/L|-|N|||F||5.297991|20260902102811|||0||
02.09.2026 10:32:12	Information:	Add Frame:
02.09.2026 10:32:12	Information:	OBX|5|NM|AST|Aspartate Aminotransferase|20.105533|U/L|-|N|||F||20.105533|20260902102926|||0||
02.09.2026 10:32:12	Information:	Add Frame:
02.09.2026 10:32:12	Information:	OBX|6|NM|TP|Total Protein|76.377767|g/L|-|N|||F||76.377767|20260902103113|||0||
02.09.2026 10:32:12	Information:	Add Frame:
02.09.2026 10:32:12	Information:	OBX|7|NM|CREA-S|Creatinine (Sarcosine Oxidase Method)|54.497336|?mol/L|-|N|||F||54.497336|20260902103111|||0||
02.09.2026 10:32:12	Information:	Add Frame:
02.09.2026 10:32:12	Information:	OBX|8|NM|UREA|Urea|2.401612|mmol/L|-|N|||F||2.401612|20260902102956|||0||
02.09.2026 10:32:12	Information:	Received bytes(encoded):||||||
02.09.2026 10:32:12	Information:	Add Frame:
02.09.2026 10:32:12	Information:	OBX|9|NM||AST/ALT|3.792453||-|N|||F||3.792453||||||
02.09.2026 10:32:12	Information:	Add Frame:
02.09.2026 10:32:12	Information:	
02.09.2026 10:32:12	Debug:	read message: 1ms
02.09.2026 10:32:12	Information:	The answer message is created successfully
02.09.2026 10:32:12	Information:	Sending answer...
02.09.2026 10:32:12	Information:	We are in ORU Message
02.09.2026 10:32:12	Information:	MSH MSH|^~\&|||||20260902103113||ORU^R01|113|P|2.3.1||||0||ASCII||||
02.09.2026 10:32:12	Information:	PID PID|75|||||||O||||||||||||||||||||||||
02.09.2026 10:32:12	Information:	PatientRecord in message is successfully  processed
02.09.2026 10:32:12	Information:	The patient order is successfully processed
02.09.2026 10:32:12	Information:	The order record is successfully processed
02.09.2026 10:32:12	Information:	The order record is successfully processed
02.09.2026 10:32:12	Information:	The order record is successfully processed
02.09.2026 10:32:12	Information:	The order record is successfully processed
02.09.2026 10:32:12	Information:	The order record is successfully processed
02.09.2026 10:32:12	Information:	The order record is successfully processed
02.09.2026 10:32:12	Information:	The order record is successfully processed
02.09.2026 10:32:12	Information:	The order record is successfully processed
02.09.2026 10:32:12	Information:	The order record is successfully processed
02.09.2026 10:32:12	Information:	The ORU message is successfully processed
02.09.2026 10:32:12	Debug:	Process message: 7ms
02.09.2026 10:32:12	Debug:	Total time : 9ms
02.09.2026 10:32:12	Information:	Sended bytes:  11 77 83 72 124 94 126 92 38 124 77 105 110 100 114 97 121 124 124 124 124 50 48 50 54 48 57 48 50 49 48 51 50 49 50 124 124 65 67 75 94 82 48 49 124 49 49 51 124 80 124 50 46 51 46 49 124 124 124 124 48 124 124 117 115 45 97 115 99 105 105 124 124 124 13 77 83 65 124 65 65 124 49 49 51 124 77 101 115 115 97 103 101 32 97 99 99 101 112 116 101 100 124 124 124 48 124 13 28 13
02.09.2026 10:32:12	Information:	Sended string MSH|^~\&|Mindray||||20260902103212||ACK^R01|113|P|2.3.1||||0||us-ascii|||MSA|AA|113|Message accepted|||0|
02.09.2026 10:32:12	Debug:	SendResults:	check DriverRequests=	1	ms
02.09.2026 10:32:12	Information:	ByBarcode 51563226
02.09.2026 10:32:13	Information:	GetLinesByBarcodes
02.09.2026 10:32:13	Information:	{
"WorkPlaceID": 20747,
"BeginDate": "2026-06-03",
"EndDate": "2026-09-03",
"OrderNumber": "51563226",
"Offset": 0,
"Limit": 1
}


02.09.2026 10:32:13	Information:	GetByBarcodeReturn: 
02.09.2026 10:32:13	Information:	{"Data":[{"ID":31152329,"StrID":"31152329","OrderNumber":"51563226","OrderRegDate":"2026-09-01T18:09:56.567","PlanExecutionDate":"2026-09-01T18:09:00","SenderMoID":45500000000000909,"SenderMo":{"NameRU":"Некоммерческое акционерное общество \"Медицинский университет Семей\"","NameKZ":"\"Семей медицина университеті\" коммерциялық емес акционерлік қоғамы","Name":"Некоммерческое акционерное общество \"Медицинский университет Семей\"","ShortNameRU":"НАО \"МУС\"","ShortNameKZ":"\"СМУ\" КеАҚ","ShortName":"НАО \"МУС\"","PublicCode":"237J","AddressRU":"ВКО, г. Семей, ул. Абая Кунанбаева 103","AddressKZ":"ВКО, г. Семей, ул. Абая Кунанбаева 103","Address":"ВКО, г. Семей, ул. Абая Кунанбаева 103","OriginalID":"45500000000000909","IsWork":true,"RegionID":20,"BIN":"190240004938","MasterDataID":4911,"PhonesData":{"OrgHealthCarePhones":[]},"IsPostmortem":false,"IsHospital":true,"Code":null,"ID":"45500000000000909","StrID":"45500000000000909"},"ReceiverMoID":45500000000000909,"ReceiverMo":null,"PatientDetailID":41073721,"PatientDetail":{"PersonID":"678025","Person":{"IIN":"121107602371","LastName":"НҰРБЕКҚЫЗЫ","FirstName":"АҚТОТЫ","SecondName":null,"FullName":"НҰРБЕКҚЫЗЫ АҚТОТЫ","FullNameIOF":"АҚТОТЫ НҰРБЕКҚЫЗЫ","DisplayText":"121107602371 АҚТОТЫ НҰРБЕКҚЫЗЫ 07.11.2012","IinFullName":"НҰРБЕКҚЫЗЫ АҚТОТЫ","BirthDate":"2012-11-07T00:00:00","BirthDateStr":"07.11.2012","DeathDate":null,"DeathDateStr":"","BioSexID":2,"BioSex":null,"NationalityID":null,"Nationality":null,"CitizenshipID":85,"Citizenship":null,"MasterDataID":14989144,"RpnID":"15300000019508222","KmisID":"45500000005740298","Type":1,"Age":0,"IsStillborn":false,"IsEarlyNeonatalDeathUp28days":false,"IsDeadPerson":false,"ID":"678025","StrID":"678025"},"AddressRU":"РЕСПУБЛИКА: Казахстан , ОБЛАСТЬ: Восточно-казахстанская , ГОРОД ОБЛ.ЗНАЧ.: Семей , УЛИЦА: ЛУКПАНА УТЕПБАЕВА, ДОМ: 52, КВАРТИРА: 76","AddressKZ":": Қазақстан , : Шығыс Қазақстан , : Семей Қ. , ЛҰҚПАН ҮТЕПБАЕВ көшесі, ҮЙ: 52, ПӘТЕР: 76","Address":"РЕСПУБЛИКА: Казахстан , ОБЛАСТЬ: Восточно-казахстанская , ГОРОД ОБЛ.ЗНАЧ.: Семей , УЛИЦА: ЛУКПАНА УТЕПБАЕВА, ДОМ: 52, КВАРТИРА: 76","MasterDataAddressID":3256358,"WorkPlace":"Школа ОСШВИ","WorkPosition":null,"DocumentNumber":null,"DocumentTypeID":null,"DocumentType":null,"NationalityID":null,"DocumentTypeName":null,"Phones":"+77472087420","ExternalCardID":"5973751","CardType":1,"CardNumber":"67442","CitizenshipCategoryID":1,"CitizenshipCategory":null,"ResidenceTypeID":3,"ResidenceType":null,"MotherPersonID":null,"MotherPerson":null,"IsForeigner":false,"IsHomeless":false,"IsDeadPerson":false,"IsResident":true,"ID":"41073721","StrID":"41073721"},"Person":{"IIN":"121107602371","LastName":"НҰРБЕКҚЫЗЫ","FirstName":"АҚТОТЫ","SecondName":null,"FullName":"НҰРБЕКҚЫЗЫ АҚТОТЫ","FullNameIOF":"АҚТОТЫ НҰРБЕКҚЫЗЫ","DisplayText":"121107602371 АҚТОТЫ НҰРБЕКҚЫЗЫ 07.11.2012","IinFullName":"НҰРБЕКҚЫЗЫ АҚТОТЫ","BirthDate":"2012-11-07T00:00:00","BirthDateStr":"07.11.2012","DeathDate":null,"DeathDateStr":"","BioSexID":2,"BioSex":null,"NationalityID":null,"Nationality":null,"CitizenshipID":85,"Citizenship":null,"MasterDataID":14989144,"RpnID":"15300000019508222","KmisID":"45500000005740298","Type":1,"Age":0,"IsStillborn":false,"IsEarlyNeonatalDeathUp28days":false,"IsDeadPerson":false,"ID":"678025","StrID":"678025"},"IsCito":false,"ExternalSystem":1,"OrderResultFileID":null,"OrderResultFileStorageID":null,"OrderResultDate":null,"Status":1,"DeleteDate":null,"ResultNotes":null,"Comment":"","ExternalOrderNumber":"51563226","ExaminationTypeID":null,"ExaminationType":null,"ExaminationIndicationID":null,"ExaminationIndication":null,"Uid":"057CBE27-C363-4CC9-854B-C86D7319FDA5","SenderPostFullName":"ӘСЕТОВ ЖАСҰЛАН ӘСЕТҰЛЫ","SenderFuncStructureNameRU":"Отделение детской травматологии","SenderFuncStructureNameKZ":"Балалар травматологиясы бөлімі","IsSamplingOfMaterialsAtReceiver":false,"MisID":42169222,"Materials":[{"OrderID":31152329,"Uid":"9d063b0a-40a1-4f3f-bc4d-894ec5c4d54a","MaterialNumber":"51563226","MaterialTypeID":363,"MaterialType":{"OrderBy":0,"ParentID":202,"HasChildren":false,"MasterDataID":489,"Parent":null,"NameRU":"Кровь венозная","NameKZ":"Кровь венозная","Name":"Кровь венозная","PublicCode":"36300","EndDate":null,"ID":"363","StrID":"363"},"TakeDate":"2026-09-01T18:09:00","TakeDateStr":"01.09.2026 18:09","TakePlace":"ДЕТ Т О","RejectionReason":null,"RejectionTakenMeasures":null,"ReceiptDate":null,"ReceiptDateStr":null,"RejectionCreatePostID":null,"RejectionCreatePost":null,"SampleCollectorPostIIN":"720916400879","SampleCollectorPostID":null,"Researches":[],"RejectedMaterialImageID":null,"File":null,"ID":"31439096","StrID":"31439096"}],"Researches":[]}],"Total":1}
02.09.2026 10:32:13	Information:	OrderedWW 51563226 Biomat 0 Device 20747
02.09.2026 10:32:13	Information:	ResearchResult
02.09.2026 10:32:13	Information:	{
"OrderID": "31152329",
"WorkPlaceID": 20747
}


02.09.2026 10:32:13	Information:	[{"OrderResearchID":67135835,"OrderResearch":null,"ParameterID":200918,"Parameter":{"ShortNameRU":"общий белок в сыворотке крови","ShortNameKZ":"қан сарысуындағы жалпы ақуыз","ShortName":"общий белок в сыворотке крови","DataType":0,"DataTypeName":"Число","UnitTypeID":100012,"UnitType":{"OrderBy":13,"MasterDataID":null,"CDD_ID":null,"NameRU":"г/л","NameKZ":"г/л","Name":"г/л","PublicCode":"10001200","EndDate":null,"ID":"100012","StrID":"100012"},"MedicalFormID":null,"MasterDataID":0,"MedicalForm":null,"NameWithDataType":"общий белок в сыворотке крови  (Число)","NameRU":"общий белок в сыворотке крови","NameKZ":"қан сарысуындағы жалпы ақуыз","Name":"общий белок в сыворотке крови","PublicCode":"20091800","EndDate":null,"ID":"200918","StrID":"200918"},"ParameterValues":null,"ParameterValueID":null,"ParameterValue":null,"ResultText":null,"ResultValue":null,"ResultDate":"2026-09-02T10:32:14.0701773+05:00","PostID":"0","Post":null,"ExecuteMethod":2,"SourceResultText":null,"SourceResultValue":null,"SourceResultExpression":null,"SourceUnitTypeID":100012,"SourceUnitType":{"OrderBy":13,"MasterDataID":null,"CDD_ID":null,"NameRU":"г/л","NameKZ":"г/л","Name":"г/л","PublicCode":"10001200","EndDate":null,"ID":"100012","StrID":"100012"},"MultiplierID":null,"IsApproved":false,"IsValidated":false,"StandardMatchType":0,"ApproveDate":null,"ApprovePostID":null,"ApprovePost":null,"OrderNum":1,"WorkPlaceID":20747,"OrderID":null,"BacteriologyResult":null,"AnalyzerId":null,"IsOrderProductionControl":false,"ID":"0","StrID":"0"},{"OrderResearchID":67135837,"OrderResearch":null,"ParameterID":200357,"Parameter":{"ShortNameRU":"АЛаТ","ShortNameKZ":"АЛаТ","ShortName":"АЛаТ","DataType":0,"DataTypeName":"Число","UnitTypeID":100030,"UnitType":{"OrderBy":31,"MasterDataID":null,"CDD_ID":null,"NameRU":"МЕ/л","NameKZ":"ХБ/л","Name":"МЕ/л","PublicCode":"10003000","EndDate":null,"ID":"100030","StrID":"100030"},"MedicalFormID":null,"MasterDataID":0,"MedicalForm":null,"NameWithDataType":"АЛаТ  (Число)","NameRU":"АЛаТ","NameKZ":"АЛаТ","Name":"АЛаТ","PublicCode":"20035700","EndDate":null,"ID":"200357","StrID":"200357"},"ParameterValues":null,"ParameterValueID":null,"ParameterValue":null,"ResultText":null,"ResultValue":null,"ResultDate":"2026-09-02T10:32:14.0701773+05:00","PostID":"0","Post":null,"ExecuteMethod":2,"SourceResultText":null,"SourceResultValue":null,"SourceResultExpression":null,"SourceUnitTypeID":100030,"SourceUnitType":{"OrderBy":31,"MasterDataID":null,"CDD_ID":null,"NameRU":"МЕ/л","NameKZ":"ХБ/л","Name":"МЕ/л","PublicCode":"10003000","EndDate":null,"ID":"100030","StrID":"100030"},"MultiplierID":null,"IsApproved":false,"IsValidated":false,"StandardMatchType":0,"ApproveDate":null,"ApprovePostID":null,"ApprovePost":null,"OrderNum":1,"WorkPlaceID":20747,"OrderID":null,"BacteriologyResult":null,"AnalyzerId":null,"IsOrderProductionControl":false,"ID":"0","StrID":"0"},{"OrderResearchID":67135838,"OrderResearch":null,"ParameterID":200919,"Parameter":{"ShortNameRU":"общий билирубин в сыворотке крови","ShortNameKZ":"қан сарысуындағы жалпы билирубин","ShortName":"общий билирубин в сыворотке крови","DataType":0,"DataTypeName":"Число","UnitTypeID":100041,"UnitType":{"OrderBy":42,"MasterDataID":null,"CDD_ID":null,"NameRU":"мкмоль/л","NameKZ":"мкмоль/л","Name":"мкмоль/л","PublicCode":"10004100","EndDate":null,"ID":"100041","StrID":"100041"},"MedicalFormID":null,"MasterDataID":0,"MedicalForm":null,"NameWithDataType":"общий билирубин в сыворотке крови  (Число)","NameRU":"общий билирубин в сыворотке крови","NameKZ":"қан сарысуындағы жалпы билирубин","Name":"общий билирубин в сыворотке крови","PublicCode":"20091900","EndDate":null,"ID":"200919","StrID":"200919"},"ParameterValues":null,"ParameterValueID":null,"ParameterValue":null,"ResultText":null,"ResultValue":null,"ResultDate":"2026-09-02T10:32:14.0701773+05:00","PostID":"0","Post":null,"ExecuteMethod":2,"SourceResultText":null,"SourceResultValue":null,"SourceResultExpression":null,"SourceUnitTypeID":100041,"SourceUnitType":{"OrderBy":42,"MasterDataID":null,"CDD_ID":null,"NameRU":"мкмоль/л","NameKZ":"мкмоль/л","Name":"мкмоль/л","PublicCode":"10004100","EndDate":null,"ID":"100041","StrID":"100041"},"MultiplierID":null,"IsApproved":false,"IsValidated":false,"StandardMatchType":0,"ApproveDate":null,"ApprovePostID":null,"ApprovePost":null,"OrderNum":1,"WorkPlaceID":20747,"OrderID":null,"BacteriologyResult":null,"AnalyzerId":null,"IsOrderProductionControl":false,"ID":"0","StrID":"0"},{"OrderResearchID":67135839,"OrderResearch":null,"ParameterID":200408,"Parameter":{"ShortNameRU":"АСаТ","ShortNameKZ":"АСаТ","ShortName":"АСаТ","DataType":0,"DataTypeName":"Число","UnitTypeID":100030,"UnitType":{"OrderBy":31,"MasterDataID":null,"CDD_ID":null,"NameRU":"МЕ/л","NameKZ":"ХБ/л","Name":"МЕ/л","PublicCode":"10003000","EndDate":null,"ID":"100030","StrID":"100030"},"MedicalFormID":null,"MasterDataID":0,"MedicalForm":null,"NameWithDataType":"АСаТ  (Число)","NameRU":"АСаТ","NameKZ":"АСаТ","Name":"АСаТ","PublicCode":"20040800","EndDate":null,"ID":"200408","StrID":"200408"},"ParameterValues":null,"ParameterValueID":null,"ParameterValue":null,"ResultText":null,"ResultValue":null,"ResultDate":"2026-09-02T10:32:14.0701773+05:00","PostID":"0","Post":null,"ExecuteMethod":2,"SourceResultText":null,"SourceResultValue":null,"SourceResultExpression":null,"SourceUnitTypeID":100030,"SourceUnitType":{"OrderBy":31,"MasterDataID":null,"CDD_ID":null,"NameRU":"МЕ/л","NameKZ":"ХБ/л","Name":"МЕ/л","PublicCode":"10003000","EndDate":null,"ID":"100030","StrID":"100030"},"MultiplierID":null,"IsApproved":false,"IsValidated":false,"StandardMatchType":0,"ApproveDate":null,"ApprovePostID":null,"ApprovePost":null,"OrderNum":1,"WorkPlaceID":20747,"OrderID":null,"BacteriologyResult":null,"AnalyzerId":null,"IsOrderProductionControl":false,"ID":"0","StrID":"0"},{"OrderResearchID":67135840,"OrderResearch":null,"ParameterID":200549,"Parameter":{"ShortNameRU":"глюкоза в сыворотке крови","ShortNameKZ":"қан сарысуындағы глюкоза","ShortName":"глюкоза в сыворотке крови","DataType":0,"DataTypeName":"Число","UnitTypeID":100051,"UnitType":{"OrderBy":52,"MasterDataID":null,"CDD_ID":null,"NameRU":"ммоль/л","NameKZ":"ммоль/л","Name":"ммоль/л","PublicCode":"10005100","EndDate":null,"ID":"100051","StrID":"100051"},"MedicalFormID":null,"MasterDataID":0,"MedicalForm":null,"NameWithDataType":"глюкоза в сыворотке крови  (Число)","NameRU":"глюкоза в сыворотке крови","NameKZ":"қан сарысуындағы глюкоза","Name":"глюкоза в сыворотке крови","PublicCode":"20054900","EndDate":null,"ID":"200549","StrID":"200549"},"ParameterValues":null,"ParameterValueID":null,"ParameterValue":null,"ResultText":null,"ResultValue":null,"ResultDate":"2026-09-02T10:32:14.0701773+05:00","PostID":"0","Post":null,"ExecuteMethod":2,"SourceResultText":null,"SourceResultValue":null,"SourceResultExpression":null,"SourceUnitTypeID":100051,"SourceUnitType":{"OrderBy":52,"MasterDataID":null,"CDD_ID":null,"NameRU":"ммоль/л","NameKZ":"ммоль/л","Name":"ммоль/л","PublicCode":"10005100","EndDate":null,"ID":"100051","StrID":"100051"},"MultiplierID":null,"IsApproved":false,"IsValidated":false,"StandardMatchType":0,"ApproveDate":null,"ApprovePostID":null,"ApprovePost":null,"OrderNum":1,"WorkPlaceID":20747,"OrderID":null,"BacteriologyResult":null,"AnalyzerId":null,"IsOrderProductionControl":false,"ID":"0","StrID":"0"},{"OrderResearchID":67135841,"OrderResearch":null,"ParameterID":200852,"Parameter":{"ShortNameRU":"мочевина в сыворотке крови","ShortNameKZ":"қан сарысуындағы несепнәр","ShortName":"мочевина в сыворотке крови","DataType":0,"DataTypeName":"Число","UnitTypeID":100051,"UnitType":{"OrderBy":52,"MasterDataID":null,"CDD_ID":null,"NameRU":"ммоль/л","NameKZ":"ммоль/л","Name":"ммоль/л","PublicCode":"10005100","EndDate":null,"ID":"100051","StrID":"100051"},"MedicalFormID":null,"MasterDataID":0,"MedicalForm":null,"NameWithDataType":"мочевина в сыворотке крови  (Число)","NameRU":"мочевина в сыворотке крови","NameKZ":"қан сарысуындағы несепнәр","Name":"мочевина в сыворотке крови","PublicCode":"20085200","EndDate":null,"ID":"200852","StrID":"200852"},"ParameterValues":null,"ParameterValueID":null,"ParameterValue":null,"ResultText":null,"ResultValue":null,"ResultDate":"2026-09-02T10:32:14.085801+05:00","PostID":"0","Post":null,"ExecuteMethod":2,"SourceResultText":null,"SourceResultValue":null,"SourceResultExpression":null,"SourceUnitTypeID":100051,"SourceUnitType":{"OrderBy":52,"MasterDataID":null,"CDD_ID":null,"NameRU":"ммоль/л","NameKZ":"ммоль/л","Name":"ммоль/л","PublicCode":"10005100","EndDate":null,"ID":"100051","StrID":"100051"},"MultiplierID":null,"IsApproved":false,"IsValidated":false,"StandardMatchType":0,"ApproveDate":null,"ApprovePostID":null,"ApprovePost":null,"OrderNum":1,"WorkPlaceID":20747,"OrderID":null,"BacteriologyResult":null,"AnalyzerId":null,"IsOrderProductionControl":false,"ID":"0","StrID":"0"},{"OrderResearchID":67135836,"OrderResearch":null,"ParameterID":200744,"Parameter":{"ShortNameRU":"креатинин в крови","ShortNameKZ":"қандағы креатинин","ShortName":"креатинин в крови","DataType":0,"DataTypeName":"Число","UnitTypeID":100041,"UnitType":{"OrderBy":42,"MasterDataID":null,"CDD_ID":null,"NameRU":"мкмоль/л","NameKZ":"мкмоль/л","Name":"мкмоль/л","PublicCode":"10004100","EndDate":null,"ID":"100041","StrID":"100041"},"MedicalFormID":null,"MasterDataID":0,"MedicalForm":null,"NameWithDataType":"креатинин в крови  (Число)","NameRU":"креатинин в крови","NameKZ":"қандағы креатинин","Name":"креатинин в крови","PublicCode":"20074400","EndDate":null,"ID":"200744","StrID":"200744"},"ParameterValues":null,"ParameterValueID":null,"ParameterValue":null,"ResultText":null,"ResultValue":null,"ResultDate":"2026-09-02T10:32:14.085801+05:00","PostID":"0","Post":null,"ExecuteMethod":2,"SourceResultText":null,"SourceResultValue":null,"SourceResultExpression":null,"SourceUnitTypeID":100041,"SourceUnitType":{"OrderBy":42,"MasterDataID":null,"CDD_ID":null,"NameRU":"мкмоль/л","NameKZ":"мкмоль/л","Name":"мкмоль/л","PublicCode":"10004100","EndDate":null,"ID":"100041","StrID":"100041"},"MultiplierID":null,"IsApproved":false,"IsValidated":false,"StandardMatchType":0,"ApproveDate":null,"ApprovePostID":null,"ApprovePost":null,"OrderNum":1,"WorkPlaceID":20747,"OrderID":null,"BacteriologyResult":null,"AnalyzerId":null,"IsOrderProductionControl":false,"ID":"0","StrID":"0"}]
02.09.2026 10:32:13	Information:	TestsWW spec 200918, spec 200357, spec 200919, spec 200408, spec 200549, spec 200852, spec 200744, 
02.09.2026 10:32:13	Information:	Querry lines count: 1
02.09.2026 10:32:13	Debug:	SendResults:	fix DriverRequests=	187	ms
02.09.2026 10:32:13	Information:	SAMPLE! 51563226 DeviceDriverResult Sample: 51563226 Suggest: . Do Request True
02.09.2026 10:32:13	Information:	Sample request count: 1
02.09.2026 10:32:13	Information:	MU is mmol/L
02.09.2026 10:32:13	Information:	Driver Collations count 0
02.09.2026 10:32:13	Information:	MU collations count=0
02.09.2026 10:32:13	Information:	MU is ?mol/L
02.09.2026 10:32:13	Information:	Driver Collations count 0
02.09.2026 10:32:13	Information:	MU collations count=0
02.09.2026 10:32:13	Information:	MU is U/L
02.09.2026 10:32:13	Information:	Driver Collations count 0
02.09.2026 10:32:13	Information:	MU collations count=0
02.09.2026 10:32:13	Information:	MU is U/L
02.09.2026 10:32:13	Information:	Driver Collations count 0
02.09.2026 10:32:13	Information:	MU collations count=0
02.09.2026 10:32:13	Information:	MU is g/L
02.09.2026 10:32:13	Information:	Driver Collations count 0
02.09.2026 10:32:13	Information:	MU collations count=0
02.09.2026 10:32:13	Information:	MU is ?mol/L
02.09.2026 10:32:13	Information:	Driver Collations count 0
02.09.2026 10:32:13	Information:	MU collations count=0
02.09.2026 10:32:13	Information:	MU is mmol/L
02.09.2026 10:32:13	Information:	Driver Collations count 0
02.09.2026 10:32:13	Information:	MU collations count=0
02.09.2026 10:32:13	Debug:	SendResults:	SetTestsValues first SetTestsValues=	59	ms
02.09.2026 10:32:13	Debug:	SendResults:	Device Total = 255 ms
02.09.2026 10:32:13	Information:	Saving 51563226
02.09.2026 10:32:13	Information:	Start test result saving
02.09.2026 10:32:13	Information:	Result object to save: 
02.09.2026 10:32:13	Information:	{"OrderResearchID":67135835,"OrderResearch":null,"ParameterID":200918,"Parameter":{"ShortNameRU":"общий белок в сыворотке крови","ShortNameKZ":"қан сарысуындағы жалпы ақуыз","ShortName":"общий белок в сыворотке крови","DataType":0,"DataTypeName":"Число","UnitTypeID":100012,"UnitType":{"NameRU":"г/л","NameKZ":"г/л","Name":"г/л","PublicCode":"10001200","OrderBy":13,"ID":100012,"StrID":"100012"},"MedicalFormID":null,"MedicalForm":null,"NameRU":"общий белок в сыворотке крови","NameKZ":"қан сарысуындағы жалпы ақуыз","Name":"общий белок в сыворотке крови","PublicCode":"20091800","OrderBy":null,"ID":200918,"StrID":"200918"},"ParameterValueID":null,"ParameterValue":null,"ResultText":"76.38","ResultValue":null,"ResultDate":"2026-09-02T10:32:14.0701773+05:00","PostID":0,"Post":null,"ExecuteMethod":2,"SourceResultText":"76.38","SourceResultValue":null,"SourceResultExpression":null,"SourceUnitTypeID":100012,"SourceUnitType":{"NameRU":"г/л","NameKZ":"г/л","Name":"г/л","PublicCode":"10001200","OrderBy":13,"ID":100012,"StrID":"100012"},"IsApproved":false,"ApproveDate":null,"ApprovePostID":null,"ApprovePost":null,"OrderNum":1,"WorkPlaceID":20747,"DriverManagerID":150,"BacteriologyResult":null,"AnalyzerId":38,"IsOrderProductionControl":false,"ID":0,"StrID":"0"}
02.09.2026 10:32:13	Information:	Save string: 
02.09.2026 10:32:13	Information:	{"OrderResearchID":67135835,"OrderResearch":{"OrderID":31152329,"ServiceMoID":2163201,"ServiceMoMasterDataID":8269447,"ServiceMo":{"OrgHealthCareID":"45500000000000909","ServiceID":236,"NameRU":"Определение общего белка в сыворотке крови на анализаторе","NameKZ":"Қан сарысуындағы жалпы нәруызды талдауышта анықтау ","Name":"Определение общего белка в сыворотке крови на анализаторе","ShortNameRU":"Определение общего белка в сыворотке крови на анализаторе","ShortNameKZ":"Қан сарысуындағы жалпы нәруызды талдауышта анықтау ","ShortName":"Определение общего белка в сыворотке крови на анализаторе","FullName":"B03.397.002 - Определение общего белка в сыворотке крови на анализаторе","Code":"B03.397.002","ExternalCode":null,"ServiceClassID":5,"ServiceClass":{"ServiceTypeID":2,"OrderBy":5,"MasterDataID":5,"NameRU":"Клиническая химия (биохимия)","NameKZ":"Клиникалық химия (биохимия)","Name":"Клиническая химия (биохимия)","PublicCode":"500","EndDate":null,"ID":"5","StrID":"5"},"Service":{"NameRU":"Определение общего белка в сыворотке крови на анализаторе","NameKZ":"Қан сарысуындағы жалпы нәруызды талдауышта анықтау","Name":"Определение общего белка в сыворотке крови на анализаторе","ShortNameRU":"Общий белок на анализаторе","ShortNameKZ":"Общий белок на анализаторе","ShortName":"Общий белок на анализаторе","FullName":"B03.397.002 - Определение общего белка в сыворотке крови на анализаторе","Code":"B03.397.002","ServiceClassID":5,"ServiceClass":null,"ServiceSubClassID":6,"ServiceSubClass":null,"MaterialTypeID":202,"MaterialType":null,"MasterDataID":3079,"ID":"236","StrID":"236"},"MasterDataID":8269447,"ServiceSubClassID":6,"PayType":1,"ServiceSubClass":null,"ID":"2163201","StrID":"2163201"},"FullName":"B03.397.002 - Определение общего белка в сыворотке крови на анализаторе  () ","IsMain":true,"SourceID":"145099476_34010531","WorkPlaceID":20747,"WorkPlace":null,"DriverManager":null,"ParameterID":null,"Parameter":null,"AdditionalInfo":null,"Status":1,"PerformetServiceCount":7,"ResearchResultCount":0,"ApproveResearchResultCount":0,"NotSaveResearchResultCount":0,"ParentID":null,"ScreeningCandidatePlanGuid":null,"ScreeningUrl":null,"TakePlace":null,"MaterialTypeID":null,"MaterialType":null,"PartCount":0,"IsOrderProductionControl":false,"Uid":"5dff33c4-c78d-4d1f-ae05-7217041118bd","OrderPerformerServices":[],"OrderResearchAllergens":[],"Results":[],"IsResumed":false,"ExecutionType":0,"ID":"67135835","StrID":"67135835"},"ParameterID":200918,"Parameter":{"ShortNameRU":"общий белок в сыворотке крови","ShortNameKZ":"қан сарысуындағы жалпы ақуыз","ShortName":"общий белок в сыворотке крови","DataType":0,"DataTypeName":"Число","UnitTypeID":100012,"UnitType":null,"MedicalFormID":null,"MasterDataID":0,"MedicalForm":null,"NameWithDataType":"общий белок в сыворотке крови  (Число)","NameRU":"общий белок в сыворотке крови","NameKZ":"қан сарысуындағы жалпы ақуыз","Name":"общий белок в сыворотке крови","PublicCode":"20091800","EndDate":null,"ID":"200918","StrID":"200918"},"ParameterValues":null,"ParameterValueID":null,"ParameterValue":null,"ResultText":"76.38","ResultValue":"76.38","ResultDate":"2026-09-02T10:32:14.2272765+05:00","PostID":"189416","Post":null,"ExecuteMethod":2,"SourceResultText":"76.38","SourceResultValue":"76.38","SourceResultExpression":null,"SourceUnitTypeID":100012,"SourceUnitType":{"OrderBy":13,"MasterDataID":null,"CDD_ID":null,"NameRU":"г/л","NameKZ":"г/л","Name":"г/л","PublicCode":"10001200","EndDate":null,"ID":"100012","StrID":"100012"},"MultiplierID":null,"IsApproved":false,"IsValidated":false,"StandardMatchType":0,"ApproveDate":null,"ApprovePostID":null,"ApprovePost":null,"OrderNum":1,"WorkPlaceID":20747,"OrderID":null,"BacteriologyResult":null,"AnalyzerId":38,"IsOrderProductionControl":false,"ID":"207372193","StrID":"207372193"}
02.09.2026 10:32:13	Information:	Result object to save: 
02.09.2026 10:32:13	Information:	{"OrderResearchID":67135837,"OrderResearch":null,"ParameterID":200357,"Parameter":{"ShortNameRU":"АЛаТ","ShortNameKZ":"АЛаТ","ShortName":"АЛаТ","DataType":0,"DataTypeName":"Число","UnitTypeID":100030,"UnitType":{"NameRU":"МЕ/л","NameKZ":"ХБ/л","Name":"МЕ/л","PublicCode":"10003000","OrderBy":31,"ID":100030,"StrID":"100030"},"MedicalFormID":null,"MedicalForm":null,"NameRU":"АЛаТ","NameKZ":"АЛаТ","Name":"АЛаТ","PublicCode":"20035700","OrderBy":null,"ID":200357,"StrID":"200357"},"ParameterValueID":null,"ParameterValue":null,"ResultText":"5.30","ResultValue":null,"ResultDate":"2026-09-02T10:32:14.0701773+05:00","PostID":0,"Post":null,"ExecuteMethod":2,"SourceResultText":"5.30","SourceResultValue":null,"SourceResultExpression":null,"SourceUnitTypeID":100030,"SourceUnitType":{"NameRU":"МЕ/л","NameKZ":"ХБ/л","Name":"МЕ/л","PublicCode":"10003000","OrderBy":31,"ID":100030,"StrID":"100030"},"IsApproved":false,"ApproveDate":null,"ApprovePostID":null,"ApprovePost":null,"OrderNum":1,"WorkPlaceID":20747,"DriverManagerID":150,"BacteriologyResult":null,"AnalyzerId":38,"IsOrderProductionControl":false,"ID":0,"StrID":"0"}
02.09.2026 10:32:13	Information:	Save string: 
02.09.2026 10:32:13	Information:	{"OrderResearchID":67135837,"OrderResearch":{"OrderID":31152329,"ServiceMoID":2163576,"ServiceMoMasterDataID":8269462,"ServiceMo":{"OrgHealthCareID":"45500000000000909","ServiceID":253,"NameRU":"Определение аланинаминотрансферазы (АЛаТ) в сыворотке крови на анализаторе","NameKZ":"Қан сарысуындағы аланинаминотрансферазды (АЛаТ) талдауышта анықтау ","Name":"Определение аланинаминотрансферазы (АЛаТ) в сыворотке крови на анализаторе","ShortNameRU":"Определение аланинаминотрансферазы (АЛаТ) в сыворотке крови на анализаторе","ShortNameKZ":"Қан сарысуындағы аланинаминотрансферазды (АЛаТ) талдауышта анықтау ","ShortName":"Определение аланинаминотрансферазы (АЛаТ) в сыворотке крови на анализаторе","FullName":"B03.155.002 - Определение аланинаминотрансферазы (АЛаТ) в сыворотке крови на анализаторе","Code":"B03.155.002","ExternalCode":null,"ServiceClassID":5,"ServiceClass":{"ServiceTypeID":2,"OrderBy":5,"MasterDataID":5,"NameRU":"Клиническая химия (биохимия)","NameKZ":"Клиникалық химия (биохимия)","Name":"Клиническая химия (биохимия)","PublicCode":"500","EndDate":null,"ID":"5","StrID":"5"},"Service":{"NameRU":"Определение аланинаминотрансферазы (АЛаТ) в сыворотке крови на анализаторе","NameKZ":"Қан сарысуындағы аланинаминотрансферазды (АЛаТ) талдауышта анықтау","Name":"Определение аланинаминотрансферазы (АЛаТ) в сыворотке крови на анализаторе","ShortNameRU":"АЛаТ на анализаторе","ShortNameKZ":"АЛаТ на анализаторе","ShortName":"АЛаТ на анализаторе","FullName":"B03.155.002 - Определение аланинаминотрансферазы (АЛаТ) в сыворотке крови на анализаторе","Code":"B03.155.002","ServiceClassID":5,"ServiceClass":null,"ServiceSubClassID":6,"ServiceSubClass":null,"MaterialTypeID":202,"MaterialType":null,"MasterDataID":3094,"ID":"253","StrID":"253"},"MasterDataID":8269462,"ServiceSubClassID":6,"PayType":1,"ServiceSubClass":null,"ID":"2163576","StrID":"2163576"},"FullName":"B03.155.002 - Определение аланинаминотрансферазы (АЛаТ) в сыворотке крови на анализаторе  () ","IsMain":true,"SourceID":"145099476_34010535","WorkPlaceID":20747,"WorkPlace":null,"DriverManager":null,"ParameterID":null,"Parameter":null,"AdditionalInfo":null,"Status":1,"PerformetServiceCount":9,"ResearchResultCount":0,"ApproveResearchResultCount":0,"NotSaveResearchResultCount":0,"ParentID":null,"ScreeningCandidatePlanGuid":null,"ScreeningUrl":null,"TakePlace":null,"MaterialTypeID":null,"MaterialType":null,"PartCount":0,"IsOrderProductionControl":false,"Uid":"259a810c-5240-4ca3-b0c8-1ae4a6c0c6d0","OrderPerformerServices":[],"OrderResearchAllergens":[],"Results":[],"IsResumed":false,"ExecutionType":0,"ID":"67135837","StrID":"67135837"},"ParameterID":200357,"Parameter":{"ShortNameRU":"АЛаТ","ShortNameKZ":"АЛаТ","ShortName":"АЛаТ","DataType":0,"DataTypeName":"Число","UnitTypeID":100030,"UnitType":null,"MedicalFormID":null,"MasterDataID":0,"MedicalForm":null,"NameWithDataType":"АЛаТ  (Число)","NameRU":"АЛаТ","NameKZ":"АЛаТ","Name":"АЛаТ","PublicCode":"20035700","EndDate":null,"ID":"200357","StrID":"200357"},"ParameterValues":null,"ParameterValueID":null,"ParameterValue":null,"ResultText":"5.30","ResultValue":"5.30","ResultDate":"2026-09-02T10:32:14.2909422+05:00","PostID":"189416","Post":null,"ExecuteMethod":2,"SourceResultText":"5.30","SourceResultValue":"5.30","SourceResultExpression":null,"SourceUnitTypeID":100030,"SourceUnitType":{"OrderBy":31,"MasterDataID":null,"CDD_ID":null,"NameRU":"МЕ/л","NameKZ":"ХБ/л","Name":"МЕ/л","PublicCode":"10003000","EndDate":null,"ID":"100030","StrID":"100030"},"MultiplierID":null,"IsApproved":false,"IsValidated":false,"StandardMatchType":0,"ApproveDate":null,"ApprovePostID":null,"ApprovePost":null,"OrderNum":1,"WorkPlaceID":20747,"OrderID":null,"BacteriologyResult":null,"AnalyzerId":38,"IsOrderProductionControl":false,"ID":"207372194","StrID":"207372194"}
02.09.2026 10:32:13	Information:	Result object to save: 
02.09.2026 10:32:13	Information:	{"OrderResearchID":67135838,"OrderResearch":null,"ParameterID":200919,"Parameter":{"ShortNameRU":"общий билирубин в сыворотке крови","ShortNameKZ":"қан сарысуындағы жалпы билирубин","ShortName":"общий билирубин в сыворотке крови","DataType":0,"DataTypeName":"Число","UnitTypeID":100041,"UnitType":{"NameRU":"мкмоль/л","NameKZ":"мкмоль/л","Name":"мкмоль/л","PublicCode":"10004100","OrderBy":42,"ID":100041,"StrID":"100041"},"MedicalFormID":null,"MedicalForm":null,"NameRU":"общий билирубин в сыворотке крови","NameKZ":"қан сарысуындағы жалпы билирубин","Name":"общий билирубин в сыворотке крови","PublicCode":"20091900","OrderBy":null,"ID":200919,"StrID":"200919"},"ParameterValueID":null,"ParameterValue":null,"ResultText":"5.66","ResultValue":null,"ResultDate":"2026-09-02T10:32:14.0701773+05:00","PostID":0,"Post":null,"ExecuteMethod":2,"SourceResultText":"5.66","SourceResultValue":null,"SourceResultExpression":null,"SourceUnitTypeID":100041,"SourceUnitType":{"NameRU":"мкмоль/л","NameKZ":"мкмоль/л","Name":"мкмоль/л","PublicCode":"10004100","OrderBy":42,"ID":100041,"StrID":"100041"},"IsApproved":false,"ApproveDate":null,"ApprovePostID":null,"ApprovePost":null,"OrderNum":1,"WorkPlaceID":20747,"DriverManagerID":150,"BacteriologyResult":null,"AnalyzerId":38,"IsOrderProductionControl":false,"ID":0,"StrID":"0"}
02.09.2026 10:32:13	Information:	Save string: 
02.09.2026 10:32:13	Information:	{"OrderResearchID":67135838,"OrderResearch":{"OrderID":31152329,"ServiceMoID":2163626,"ServiceMoMasterDataID":8269464,"ServiceMo":{"OrgHealthCareID":"45500000000000909","ServiceID":255,"NameRU":"Определение общего билирубина в сыворотке крови на анализаторе","NameKZ":"Қан сарысуындағы жалпы  билирубинді талдауышта анықтау в сыворотке крови на анализаторе","Name":"Определение общего билирубина в сыворотке крови на анализаторе","ShortNameRU":"Определение общего билирубина в сыворотке крови на анализаторе","ShortNameKZ":"Қан сарысуындағы жалпы  билирубинді талдауышта анықтау в сыворотке крови на анализаторе","ShortName":"Определение общего билирубина в сыворотке крови на анализаторе","FullName":"B03.398.002 - Определение общего билирубина в сыворотке крови на анализаторе","Code":"B03.398.002","ExternalCode":null,"ServiceClassID":5,"ServiceClass":{"ServiceTypeID":2,"OrderBy":5,"MasterDataID":5,"NameRU":"Клиническая химия (биохимия)","NameKZ":"Клиникалық химия (биохимия)","Name":"Клиническая химия (биохимия)","PublicCode":"500","EndDate":null,"ID":"5","StrID":"5"},"Service":{"NameRU":"Определение общего билирубина в сыворотке крови на анализаторе","NameKZ":"Қан сарысуындағы жалпы билирубинді талдауышта анықтау в сыворотке крови на анализаторе","Name":"Определение общего билирубина в сыворотке крови на анализаторе","ShortNameRU":"Общий Bi на анализаторе","ShortNameKZ":"Общий Bi на анализаторе","ShortName":"Общий Bi на анализаторе","FullName":"B03.398.002 - Определение общего билирубина в сыворотке крови на анализаторе","Code":"B03.398.002","ServiceClassID":5,"ServiceClass":null,"ServiceSubClassID":6,"ServiceSubClass":null,"MaterialTypeID":202,"MaterialType":null,"MasterDataID":3096,"ID":"255","StrID":"255"},"MasterDataID":8269464,"ServiceSubClassID":6,"PayType":1,"ServiceSubClass":null,"ID":"2163626","StrID":"2163626"},"FullName":"B03.398.002 - Определение общего билирубина в сыворотке крови на анализаторе  () ","IsMain":true,"SourceID":"145099476_34010534","WorkPlaceID":20747,"WorkPlace":null,"DriverManager":null,"ParameterID":null,"Parameter":null,"AdditionalInfo":null,"Status":1,"PerformetServiceCount":7,"ResearchResultCount":0,"ApproveResearchResultCount":0,"NotSaveResearchResultCount":0,"ParentID":null,"ScreeningCandidatePlanGuid":null,"ScreeningUrl":null,"TakePlace":null,"MaterialTypeID":null,"MaterialType":null,"PartCount":0,"IsOrderProductionControl":false,"Uid":"eb710790-bf92-4218-ac6d-2183ca9854c3","OrderPerformerServices":[],"OrderResearchAllergens":[],"Results":[],"IsResumed":false,"ExecutionType":0,"ID":"67135838","StrID":"67135838"},"ParameterID":200919,"Parameter":{"ShortNameRU":"общий билирубин в сыворотке крови","ShortNameKZ":"қан сарысуындағы жалпы билирубин","ShortName":"общий билирубин в сыворотке крови","DataType":0,"DataTypeName":"Число","UnitTypeID":100041,"UnitType":null,"MedicalFormID":null,"MasterDataID":0,"MedicalForm":null,"NameWithDataType":"общий билирубин в сыворотке крови  (Число)","NameRU":"общий билирубин в сыворотке крови","NameKZ":"қан сарысуындағы жалпы билирубин","Name":"общий билирубин в сыворотке крови","PublicCode":"20091900","EndDate":null,"ID":"200919","StrID":"200919"},"ParameterValues":null,"ParameterValueID":null,"ParameterValue":null,"ResultText":"5.66","ResultValue":"5.66","ResultDate":"2026-09-02T10:32:14.3537853+05:00","PostID":"189416","Post":null,"ExecuteMethod":2,"SourceResultText":"5.66","SourceResultValue":"5.66","SourceResultExpression":null,"SourceUnitTypeID":100041,"SourceUnitType":{"OrderBy":42,"MasterDataID":null,"CDD_ID":null,"NameRU":"мкмоль/л","NameKZ":"мкмоль/л","Name":"мкмоль/л","PublicCode":"10004100","EndDate":null,"ID":"100041","StrID":"100041"},"MultiplierID":null,"IsApproved":false,"IsValidated":false,"StandardMatchType":0,"ApproveDate":null,"ApprovePostID":null,"ApprovePost":null,"OrderNum":1,"WorkPlaceID":20747,"OrderID":null,"BacteriologyResult":null,"AnalyzerId":38,"IsOrderProductionControl":false,"ID":"207372195","StrID":"207372195"}
02.09.2026 10:32:13	Information:	Result object to save: 
02.09.2026 10:32:13	Information:	{"OrderResearchID":67135839,"OrderResearch":null,"ParameterID":200408,"Parameter":{"ShortNameRU":"АСаТ","ShortNameKZ":"АСаТ","ShortName":"АСаТ","DataType":0,"DataTypeName":"Число","UnitTypeID":100030,"UnitType":{"NameRU":"МЕ/л","NameKZ":"ХБ/л","Name":"МЕ/л","PublicCode":"10003000","OrderBy":31,"ID":100030,"StrID":"100030"},"MedicalFormID":null,"MedicalForm":null,"NameRU":"АСаТ","NameKZ":"АСаТ","Name":"АСаТ","PublicCode":"20040800","OrderBy":null,"ID":200408,"StrID":"200408"},"ParameterValueID":null,"ParameterValue":null,"ResultText":"20.1","ResultValue":null,"ResultDate":"2026-09-02T10:32:14.0701773+05:00","PostID":0,"Post":null,"ExecuteMethod":2,"SourceResultText":"20.1","SourceResultValue":null,"SourceResultExpression":null,"SourceUnitTypeID":100030,"SourceUnitType":{"NameRU":"МЕ/л","NameKZ":"ХБ/л","Name":"МЕ/л","PublicCode":"10003000","OrderBy":31,"ID":100030,"StrID":"100030"},"IsApproved":false,"ApproveDate":null,"ApprovePostID":null,"ApprovePost":null,"OrderNum":1,"WorkPlaceID":20747,"DriverManagerID":150,"BacteriologyResult":null,"AnalyzerId":38,"IsOrderProductionControl":false,"ID":0,"StrID":"0"}
02.09.2026 10:32:13	Information:	Save string: 
02.09.2026 10:32:13	Information:	{"OrderResearchID":67135839,"OrderResearch":{"OrderID":31152329,"ServiceMoID":2163651,"ServiceMoMasterDataID":8269465,"ServiceMo":{"OrgHealthCareID":"45500000000000909","ServiceID":256,"NameRU":"Определение аспартатаминотрансферазы (АСаТ) в сыворотке крови на анализаторе","NameKZ":"Қан сарысуындағы  аспартатаминотрансферазды  (АСаТ) талдауышта анықтау  ","Name":"Определение аспартатаминотрансферазы (АСаТ) в сыворотке крови на анализаторе","ShortNameRU":"Определение аспартатаминотрансферазы (АСаТ) в сыворотке крови на анализаторе","ShortNameKZ":"Қан сарысуындағы  аспартатаминотрансферазды  (АСаТ) талдауышта анықтау  ","ShortName":"Определение аспартатаминотрансферазы (АСаТ) в сыворотке крови на анализаторе","FullName":"B03.293.002 - Определение аспартатаминотрансферазы (АСаТ) в сыворотке крови на анализаторе","Code":"B03.293.002","ExternalCode":null,"ServiceClassID":5,"ServiceClass":{"ServiceTypeID":2,"OrderBy":5,"MasterDataID":5,"NameRU":"Клиническая химия (биохимия)","NameKZ":"Клиникалық химия (биохимия)","Name":"Клиническая химия (биохимия)","PublicCode":"500","EndDate":null,"ID":"5","StrID":"5"},"Service":{"NameRU":"Определение аспартатаминотрансферазы (АСаТ) в сыворотке крови на анализаторе","NameKZ":"Қан сарысуындағы аспартатаминотрансферазды (АСаТ) талдауышта анықтау","Name":"Определение аспартатаминотрансферазы (АСаТ) в сыворотке крови на анализаторе","ShortNameRU":"АСаТ на анализаторе","ShortNameKZ":"АСаТ на анализаторе","ShortName":"АСаТ на анализаторе","FullName":"B03.293.002 - Определение аспартатаминотрансферазы (АСаТ) в сыворотке крови на анализаторе","Code":"B03.293.002","ServiceClassID":5,"ServiceClass":null,"ServiceSubClassID":6,"ServiceSubClass":null,"MaterialTypeID":202,"MaterialType":null,"MasterDataID":3097,"ID":"256","StrID":"256"},"MasterDataID":8269465,"ServiceSubClassID":6,"PayType":1,"ServiceSubClass":null,"ID":"2163651","StrID":"2163651"},"FullName":"B03.293.002 - Определение аспартатаминотрансферазы (АСаТ) в сыворотке крови на анализаторе  () ","IsMain":true,"SourceID":"145099476_34010536","WorkPlaceID":20747,"WorkPlace":null,"DriverManager":null,"ParameterID":null,"Parameter":null,"AdditionalInfo":null,"Status":1,"PerformetServiceCount":7,"ResearchResultCount":0,"ApproveResearchResultCount":0,"NotSaveResearchResultCount":0,"ParentID":null,"ScreeningCandidatePlanGuid":null,"ScreeningUrl":null,"TakePlace":null,"MaterialTypeID":null,"MaterialType":null,"PartCount":0,"IsOrderProductionControl":false,"Uid":"1b00b1b9-cb94-4812-b1d9-3ab3f4bb8b87","OrderPerformerServices":[],"OrderResearchAllergens":[],"Results":[],"IsResumed":false,"ExecutionType":0,"ID":"67135839","StrID":"67135839"},"ParameterID":200408,"Parameter":{"ShortNameRU":"АСаТ","ShortNameKZ":"АСаТ","ShortName":"АСаТ","DataType":0,"DataTypeName":"Число","UnitTypeID":100030,"UnitType":null,"MedicalFormID":null,"MasterDataID":0,"MedicalForm":null,"NameWithDataType":"АСаТ  (Число)","NameRU":"АСаТ","NameKZ":"АСаТ","Name":"АСаТ","PublicCode":"20040800","EndDate":null,"ID":"200408","StrID":"200408"},"ParameterValues":null,"ParameterValueID":null,"ParameterValue":null,"ResultText":"20.10","ResultValue":"20.10","ResultDate":"2026-09-02T10:32:14.4328543+05:00","PostID":"189416","Post":null,"ExecuteMethod":2,"SourceResultText":"20.10","SourceResultValue":"20.10","SourceResultExpression":null,"SourceUnitTypeID":100030,"SourceUnitType":{"OrderBy":31,"MasterDataID":null,"CDD_ID":null,"NameRU":"МЕ/л","NameKZ":"ХБ/л","Name":"МЕ/л","PublicCode":"10003000","EndDate":null,"ID":"100030","StrID":"100030"},"MultiplierID":null,"IsApproved":false,"IsValidated":false,"StandardMatchType":0,"ApproveDate":null,"ApprovePostID":null,"ApprovePost":null,"OrderNum":1,"WorkPlaceID":20747,"OrderID":null,"BacteriologyResult":null,"AnalyzerId":38,"IsOrderProductionControl":false,"ID":"207372196","StrID":"207372196"}
02.09.2026 10:32:13	Information:	Result object to save: 
02.09.2026 10:32:13	Information:	{"OrderResearchID":67135840,"OrderResearch":null,"ParameterID":200549,"Parameter":{"ShortNameRU":"глюкоза в сыворотке крови","ShortNameKZ":"қан сарысуындағы глюкоза","ShortName":"глюкоза в сыворотке крови","DataType":0,"DataTypeName":"Число","UnitTypeID":100051,"UnitType":{"NameRU":"ммоль/л","NameKZ":"ммоль/л","Name":"ммоль/л","PublicCode":"10005100","OrderBy":52,"ID":100051,"StrID":"100051"},"MedicalFormID":null,"MedicalForm":null,"NameRU":"глюкоза в сыворотке крови","NameKZ":"қан сарысуындағы глюкоза","Name":"глюкоза в сыворотке крови","PublicCode":"20054900","OrderBy":null,"ID":200549,"StrID":"200549"},"ParameterValueID":null,"ParameterValue":null,"ResultText":"5.58","ResultValue":null,"ResultDate":"2026-09-02T10:32:14.0701773+05:00","PostID":0,"Post":null,"ExecuteMethod":2,"SourceResultText":"5.58","SourceResultValue":null,"SourceResultExpression":null,"SourceUnitTypeID":100051,"SourceUnitType":{"NameRU":"ммоль/л","NameKZ":"ммоль/л","Name":"ммоль/л","PublicCode":"10005100","OrderBy":52,"ID":100051,"StrID":"100051"},"IsApproved":false,"ApproveDate":null,"ApprovePostID":null,"ApprovePost":null,"OrderNum":1,"WorkPlaceID":20747,"DriverManagerID":150,"BacteriologyResult":null,"AnalyzerId":38,"IsOrderProductionControl":false,"ID":0,"StrID":"0"}
02.09.2026 10:32:13	Information:	Save string: 
02.09.2026 10:32:13	Information:	{"OrderResearchID":67135840,"OrderResearch":{"OrderID":31152329,"ServiceMoID":2164501,"ServiceMoMasterDataID":8269499,"ServiceMo":{"OrgHealthCareID":"45500000000000909","ServiceID":290,"NameRU":"Определение глюкозы в сыворотке крови на анализаторе","NameKZ":"Қан сарысуындағы глюкозаны талдауышта анықтау ","Name":"Определение глюкозы в сыворотке крови на анализаторе","ShortNameRU":"Определение глюкозы в сыворотке крови на анализаторе","ShortNameKZ":"Қан сарысуындағы глюкозаны талдауышта анықтау ","ShortName":"Определение глюкозы в сыворотке крови на анализаторе","FullName":"B03.335.002 - Определение глюкозы в сыворотке крови на анализаторе","Code":"B03.335.002","ExternalCode":null,"ServiceClassID":5,"ServiceClass":{"ServiceTypeID":2,"OrderBy":5,"MasterDataID":5,"NameRU":"Клиническая химия (биохимия)","NameKZ":"Клиникалық химия (биохимия)","Name":"Клиническая химия (биохимия)","PublicCode":"500","EndDate":null,"ID":"5","StrID":"5"},"Service":{"NameRU":"Определение глюкозы в сыворотке крови на анализаторе","NameKZ":"Қан сарысуындағы глюкозаны талдауышта анықтау","Name":"Определение глюкозы в сыворотке крови на анализаторе","ShortNameRU":"Глюкоза в сыворотке крови на анализаторе","ShortNameKZ":"Глюкоза в сыворотке крови на анализаторе","ShortName":"Глюкоза в сыворотке крови на анализаторе","FullName":"B03.335.002 - Определение глюкозы в сыворотке крови на анализаторе","Code":"B03.335.002","ServiceClassID":5,"ServiceClass":null,"ServiceSubClassID":6,"ServiceSubClass":null,"MaterialTypeID":202,"MaterialType":null,"MasterDataID":3131,"ID":"290","StrID":"290"},"MasterDataID":8269499,"ServiceSubClassID":6,"PayType":1,"ServiceSubClass":null,"ID":"2164501","StrID":"2164501"},"FullName":"B03.335.002 - Определение глюкозы в сыворотке крови на анализаторе  () ","IsMain":true,"SourceID":"145099476_34010537","WorkPlaceID":20747,"WorkPlace":null,"DriverManager":null,"ParameterID":null,"Parameter":null,"AdditionalInfo":null,"Status":1,"PerformetServiceCount":7,"ResearchResultCount":0,"ApproveResearchResultCount":0,"NotSaveResearchResultCount":0,"ParentID":null,"ScreeningCandidatePlanGuid":null,"ScreeningUrl":null,"TakePlace":null,"MaterialTypeID":null,"MaterialType":null,"PartCount":0,"IsOrderProductionControl":false,"Uid":"b045ddb2-b393-42c0-9b64-a87808a5f4df","OrderPerformerServices":[],"OrderResearchAllergens":[],"Results":[],"IsResumed":false,"ExecutionType":0,"ID":"67135840","StrID":"67135840"},"ParameterID":200549,"Parameter":{"ShortNameRU":"глюкоза в сыворотке крови","ShortNameKZ":"қан сарысуындағы глюкоза","ShortName":"глюкоза в сыворотке крови","DataType":0,"DataTypeName":"Число","UnitTypeID":100051,"UnitType":null,"MedicalFormID":null,"MasterDataID":0,"MedicalForm":null,"NameWithDataType":"глюкоза в сыворотке крови  (Число)","NameRU":"глюкоза в сыворотке крови","NameKZ":"қан сарысуындағы глюкоза","Name":"глюкоза в сыворотке крови","PublicCode":"20054900","EndDate":null,"ID":"200549","StrID":"200549"},"ParameterValues":null,"ParameterValueID":null,"ParameterValue":null,"ResultText":"5.58","ResultValue":"5.58","ResultDate":"2026-09-02T10:32:14.4970496+05:00","PostID":"189416","Post":null,"ExecuteMethod":2,"SourceResultText":"5.58","SourceResultValue":"5.58","SourceResultExpression":null,"SourceUnitTypeID":100051,"SourceUnitType":{"OrderBy":52,"MasterDataID":null,"CDD_ID":null,"NameRU":"ммоль/л","NameKZ":"ммоль/л","Name":"ммоль/л","PublicCode":"10005100","EndDate":null,"ID":"100051","StrID":"100051"},"MultiplierID":null,"IsApproved":false,"IsValidated":false,"StandardMatchType":0,"ApproveDate":null,"ApprovePostID":null,"ApprovePost":null,"OrderNum":1,"WorkPlaceID":20747,"OrderID":null,"BacteriologyResult":null,"AnalyzerId":38,"IsOrderProductionControl":false,"ID":"207372197","StrID":"207372197"}
02.09.2026 10:32:13	Information:	Result object to save: 
02.09.2026 10:32:13	Information:	{"OrderResearchID":67135841,"OrderResearch":null,"ParameterID":200852,"Parameter":{"ShortNameRU":"мочевина в сыворотке крови","ShortNameKZ":"қан сарысуындағы несепнәр","ShortName":"мочевина в сыворотке крови","DataType":0,"DataTypeName":"Число","UnitTypeID":100051,"UnitType":{"NameRU":"ммоль/л","NameKZ":"ммоль/л","Name":"ммоль/л","PublicCode":"10005100","OrderBy":52,"ID":100051,"StrID":"100051"},"MedicalFormID":null,"MedicalForm":null,"NameRU":"мочевина в сыворотке крови","NameKZ":"қан сарысуындағы несепнәр","Name":"мочевина в сыворотке крови","PublicCode":"20085200","OrderBy":null,"ID":200852,"StrID":"200852"},"ParameterValueID":null,"ParameterValue":null,"ResultText":"2.4","ResultValue":null,"ResultDate":"2026-09-02T10:32:14.085801+05:00","PostID":0,"Post":null,"ExecuteMethod":2,"SourceResultText":"2.4","SourceResultValue":null,"SourceResultExpression":null,"SourceUnitTypeID":100051,"SourceUnitType":{"NameRU":"ммоль/л","NameKZ":"ммоль/л","Name":"ммоль/л","PublicCode":"10005100","OrderBy":52,"ID":100051,"StrID":"100051"},"IsApproved":false,"ApproveDate":null,"ApprovePostID":null,"ApprovePost":null,"OrderNum":1,"WorkPlaceID":20747,"DriverManagerID":150,"BacteriologyResult":null,"AnalyzerId":38,"IsOrderProductionControl":false,"ID":0,"StrID":"0"}
02.09.2026 10:32:13	Information:	Save string: 
02.09.2026 10:32:13	Information:	{"OrderResearchID":67135841,"OrderResearch":{"OrderID":31152329,"ServiceMoID":2164626,"ServiceMoMasterDataID":8269504,"ServiceMo":{"OrgHealthCareID":"45500000000000909","ServiceID":295,"NameRU":"Определение мочевины в сыворотке крови на анализаторе","NameKZ":"Қан сарысуындағы несепнәрді  талдауышта анықтау ","Name":"Определение мочевины в сыворотке крови на анализаторе","ShortNameRU":"Определение мочевины в сыворотке крови на анализаторе","ShortNameKZ":"Қан сарысуындағы несепнәрді  талдауышта анықтау ","ShortName":"Определение мочевины в сыворотке крови на анализаторе","FullName":"B03.386.002 - Определение мочевины в сыворотке крови на анализаторе","Code":"B03.386.002","ExternalCode":null,"ServiceClassID":5,"ServiceClass":{"ServiceTypeID":2,"OrderBy":5,"MasterDataID":5,"NameRU":"Клиническая химия (биохимия)","NameKZ":"Клиникалық химия (биохимия)","Name":"Клиническая химия (биохимия)","PublicCode":"500","EndDate":null,"ID":"5","StrID":"5"},"Service":{"NameRU":"Определение мочевины в сыворотке крови на анализаторе","NameKZ":"Қан сарысуындағы несепнәрді талдауышта анықтау","Name":"Определение мочевины в сыворотке крови на анализаторе","ShortNameRU":"Мочевина на анализаторе","ShortNameKZ":"Мочевина на анализаторе","ShortName":"Мочевина на анализаторе","FullName":"B03.386.002 - Определение мочевины в сыворотке крови на анализаторе","Code":"B03.386.002","ServiceClassID":5,"ServiceClass":null,"ServiceSubClassID":6,"ServiceSubClass":null,"MaterialTypeID":202,"MaterialType":null,"MasterDataID":3136,"ID":"295","StrID":"295"},"MasterDataID":8269504,"ServiceSubClassID":6,"PayType":1,"ServiceSubClass":null,"ID":"2164626","StrID":"2164626"},"FullName":"B03.386.002 - Определение мочевины в сыворотке крови на анализаторе  () ","IsMain":true,"SourceID":"145099476_34010533","WorkPlaceID":20747,"WorkPlace":null,"DriverManager":null,"ParameterID":null,"Parameter":null,"AdditionalInfo":null,"Status":1,"PerformetServiceCount":7,"ResearchResultCount":0,"ApproveResearchResultCount":0,"NotSaveResearchResultCount":0,"ParentID":null,"ScreeningCandidatePlanGuid":null,"ScreeningUrl":null,"TakePlace":null,"MaterialTypeID":null,"MaterialType":null,"PartCount":0,"IsOrderProductionControl":false,"Uid":"110e3681-858f-4c99-8c44-b059defe11e7","OrderPerformerServices":[],"OrderResearchAllergens":[],"Results":[],"IsResumed":false,"ExecutionType":0,"ID":"67135841","StrID":"67135841"},"ParameterID":200852,"Parameter":{"ShortNameRU":"мочевина в сыворотке крови","ShortNameKZ":"қан сарысуындағы несепнәр","ShortName":"мочевина в сыворотке крови","DataType":0,"DataTypeName":"Число","UnitTypeID":100051,"UnitType":null,"MedicalFormID":null,"MasterDataID":0,"MedicalForm":null,"NameWithDataType":"мочевина в сыворотке крови  (Число)","NameRU":"мочевина в сыворотке крови","NameKZ":"қан сарысуындағы несепнәр","Name":"мочевина в сыворотке крови","PublicCode":"20085200","EndDate":null,"ID":"200852","StrID":"200852"},"ParameterValues":null,"ParameterValueID":null,"ParameterValue":null,"ResultText":"2.40","ResultValue":"2.40","ResultDate":"2026-09-02T10:32:14.5520256+05:00","PostID":"189416","Post":null,"ExecuteMethod":2,"SourceResultText":"2.40","SourceResultValue":"2.40","SourceResultExpression":null,"SourceUnitTypeID":100051,"SourceUnitType":{"OrderBy":52,"MasterDataID":null,"CDD_ID":null,"NameRU":"ммоль/л","NameKZ":"ммоль/л","Name":"ммоль/л","PublicCode":"10005100","EndDate":null,"ID":"100051","StrID":"100051"},"MultiplierID":null,"IsApproved":false,"IsValidated":false,"StandardMatchType":0,"ApproveDate":null,"ApprovePostID":null,"ApprovePost":null,"OrderNum":1,"WorkPlaceID":20747,"OrderID":null,"BacteriologyResult":null,"AnalyzerId":38,"IsOrderProductionControl":false,"ID":"207372198","StrID":"207372198"}
02.09.2026 10:32:13	Information:	Result object to save: 
02.09.2026 10:32:13	Information:	{"OrderResearchID":67135836,"OrderResearch":null,"ParameterID":200744,"Parameter":{"ShortNameRU":"креатинин в крови","ShortNameKZ":"қандағы креатинин","ShortName":"креатинин в крови","DataType":0,"DataTypeName":"Число","UnitTypeID":100041,"UnitType":{"NameRU":"мкмоль/л","NameKZ":"мкмоль/л","Name":"мкмоль/л","PublicCode":"10004100","OrderBy":42,"ID":100041,"StrID":"100041"},"MedicalFormID":null,"MedicalForm":null,"NameRU":"креатинин в крови","NameKZ":"қандағы креатинин","Name":"креатинин в крови","PublicCode":"20074400","OrderBy":null,"ID":200744,"StrID":"200744"},"ParameterValueID":null,"ParameterValue":null,"ResultText":"54.50","ResultValue":null,"ResultDate":"2026-09-02T10:32:14.085801+05:00","PostID":0,"Post":null,"ExecuteMethod":2,"SourceResultText":"54.50","SourceResultValue":null,"SourceResultExpression":null,"SourceUnitTypeID":100041,"SourceUnitType":{"NameRU":"мкмоль/л","NameKZ":"мкмоль/л","Name":"мкмоль/л","PublicCode":"10004100","OrderBy":42,"ID":100041,"StrID":"100041"},"IsApproved":false,"ApproveDate":null,"ApprovePostID":null,"ApprovePost":null,"OrderNum":1,"WorkPlaceID":20747,"DriverManagerID":150,"BacteriologyResult":null,"AnalyzerId":38,"IsOrderProductionControl":false,"ID":0,"StrID":"0"}
02.09.2026 10:32:13	Information:	Save string: 
02.09.2026 10:32:13	Information:	{"OrderResearchID":67135836,"OrderResearch":{"OrderID":31152329,"ServiceMoID":2164651,"ServiceMoMasterDataID":8269505,"ServiceMo":{"OrgHealthCareID":"45500000000000909","ServiceID":296,"NameRU":"Определение креатинина в сыворотке крови на анализаторе","NameKZ":"Қан сарысуындағы  креатининді талдауышта анықтау ","Name":"Определение креатинина в сыворотке крови на анализаторе","ShortNameRU":"Определение креатинина в сыворотке крови на анализаторе","ShortNameKZ":"Қан сарысуындағы  креатининді талдауышта анықтау ","ShortName":"Определение креатинина в сыворотке крови на анализаторе","FullName":"B03.363.002 - Определение креатинина в сыворотке крови на анализаторе","Code":"B03.363.002","ExternalCode":null,"ServiceClassID":5,"ServiceClass":{"ServiceTypeID":2,"OrderBy":5,"MasterDataID":5,"NameRU":"Клиническая химия (биохимия)","NameKZ":"Клиникалық химия (биохимия)","Name":"Клиническая химия (биохимия)","PublicCode":"500","EndDate":null,"ID":"5","StrID":"5"},"Service":{"NameRU":"Определение креатинина в сыворотке крови на анализаторе","NameKZ":"Қан сарысуындағы креатининді талдауышта анықтау","Name":"Определение креатинина в сыворотке крови на анализаторе","ShortNameRU":"Креатинин на анализаторе","ShortNameKZ":"Креатинин на анализаторе","ShortName":"Креатинин на анализаторе","FullName":"B03.363.002 - Определение креатинина в сыворотке крови на анализаторе","Code":"B03.363.002","ServiceClassID":5,"ServiceClass":null,"ServiceSubClassID":6,"ServiceSubClass":null,"MaterialTypeID":202,"MaterialType":null,"MasterDataID":3137,"ID":"296","StrID":"296"},"MasterDataID":8269505,"ServiceSubClassID":6,"PayType":1,"ServiceSubClass":null,"ID":"2164651","StrID":"2164651"},"FullName":"B03.363.002 - Определение креатинина в сыворотке крови на анализаторе  () ","IsMain":true,"SourceID":"145099476_34010532","WorkPlaceID":20747,"WorkPlace":null,"DriverManager":null,"ParameterID":null,"Parameter":null,"AdditionalInfo":null,"Status":1,"PerformetServiceCount":7,"ResearchResultCount":0,"ApproveResearchResultCount":0,"NotSaveResearchResultCount":0,"ParentID":null,"ScreeningCandidatePlanGuid":null,"ScreeningUrl":null,"TakePlace":null,"MaterialTypeID":null,"MaterialType":null,"PartCount":0,"IsOrderProductionControl":false,"Uid":"4909f8d5-70aa-47ce-ab1e-1d7416b332d0","OrderPerformerServices":[],"OrderResearchAllergens":[],"Results":[],"IsResumed":false,"ExecutionType":0,"ID":"67135836","StrID":"67135836"},"ParameterID":200744,"Parameter":{"ShortNameRU":"креатинин в крови","ShortNameKZ":"қандағы креатинин","ShortName":"креатинин в крови","DataType":0,"DataTypeName":"Число","UnitTypeID":100041,"UnitType":null,"MedicalFormID":null,"MasterDataID":0,"MedicalForm":null,"NameWithDataType":"креатинин в крови  (Число)","NameRU":"креатинин в крови","NameKZ":"қандағы креатинин","Name":"креатинин в крови","PublicCode":"20074400","EndDate":null,"ID":"200744","StrID":"200744"},"ParameterValues":null,"ParameterValueID":null,"ParameterValue":null,"ResultText":"54.50","ResultValue":"54.50","ResultDate":"2026-09-02T10:32:14.6264245+05:00","PostID":"189416","Post":null,"ExecuteMethod":2,"SourceResultText":"54.50","SourceResultValue":"54.50","SourceResultExpression":null,"SourceUnitTypeID":100041,"SourceUnitType":{"OrderBy":42,"MasterDataID":null,"CDD_ID":null,"NameRU":"мкмоль/л","NameKZ":"мкмоль/л","Name":"мкмоль/л","PublicCode":"10004100","EndDate":null,"ID":"100041","StrID":"100041"},"MultiplierID":null,"IsApproved":false,"IsValidated":false,"StandardMatchType":0,"ApproveDate":null,"ApprovePostID":null,"ApprovePost":null,"OrderNum":1,"WorkPlaceID":20747,"OrderID":null,"BacteriologyResult":null,"AnalyzerId":38,"IsOrderProductionControl":false,"ID":"207372199","StrID":"207372199"}
02.09.2026 10:32:13	Debug:	 SendResults SaveDeviceResults = 481 ms
02.09.2026 10:32:13	Debug:	 total for SendResults = 739 ms
02.09.2026 10:33:23	Information:	url https://lab-vko.dmed.kz/ /api/DriverManager/PingDevice
02.09.2026 10:33:23	Information:	{
"Hash": "w9LjvpRCyoByGV3Lzv0iX9dSI0tLK0uV+pRojL1kufc=",
"Status": 0
}


02.09.2026 10:33:23	Information:	Ping ret is {"Status":0,"Comment":null}
02.09.2026 10:34:12	Information:	Received bytes(encoded):MSH|^~\&|||||20260902103313||ORU^R01|114|P|2.3.1||||0||ASCII|||PID|76|||||||O|||||||||||||||||||||||OBR|76|51563229|4|^|N|20260902100357|20260902100338|20260902100338||1^3||||20260902100338|?????|||||||||||||||||||||||||||||||||OBX|1|NM|Glu-G|Glucose (GOD-POD Method)|4.195057|mmol/L|-|N|||F||4.195057|20260902103241|||0||OBX|2|NM|T-Bil-V|Bilirubin Total (VOX Method)|14.945465|?mol/L|-|N|||F||14.945465|20260902103243|||0||OBX|3|NM|D-Bil-V|Bilirubin Direct (VOX Method)|3.941101|?mol/L|-|N|||F||3.941101|20260902103258|||0||OBX|4|NM|ALT|Alanine Aminotransferase|12.702783|U/L|-|N|||F||12.702783|20260902103111|||0||OBX|5|NM|AST|Aspartate Aminotransferase|22.835116|U/L|-|N|||F||22.835116|20260902103126|||0||OBX|6|NM|TP|Total Protein|72.068643|g/L|-|N|||F||72.068643|20260902103313|||0||OBX|7|NM|CREA-S|Creatinine (Sarcosine Oxidase Method)|39.107318|?mol/L|-|N|||F||39.107318|20260902103311|||0||OBX|8|NM|UREA|Urea|3.186576|mmol/L|-|N|||F||3.186576|20260902103156|||0||OBX|9|NM||AST/ALT|1.795276||-|N|||F||1.79
02.09.2026 10:34:12	Information:	Add Frame:
02.09.2026 10:34:12	Information:	MSH|^~\&|||||20260902103313||ORU^R01|114|P|2.3.1||||0||ASCII|||
02.09.2026 10:34:12	Information:	In Header
02.09.2026 10:34:12	Information:	MessageType: ORU
02.09.2026 10:34:12	Information:	After message type
02.09.2026 10:34:12	Information:	After ask
02.09.2026 10:34:12	Information:	After version
02.09.2026 10:34:12	Information:	Add Frame:
02.09.2026 10:34:12	Information:	PID|76|||||||O|||||||||||||||||||||||
02.09.2026 10:34:12	Information:	Add Frame:
02.09.2026 10:34:12	Information:	OBR|76|51563229|4|^|N|20260902100357|20260902100338|20260902100338||1^3||||20260902100338|?????|||||||||||||||||||||||||||||||||
02.09.2026 10:34:12	Information:	Add Frame:
02.09.2026 10:34:12	Information:	OBX|1|NM|Glu-G|Glucose (GOD-POD Method)|4.195057|mmol/L|-|N|||F||4.195057|20260902103241|||0||
02.09.2026 10:34:12	Information:	Add Frame:
02.09.2026 10:34:12	Information:	OBX|2|NM|T-Bil-V|Bilirubin Total (VOX Method)|14.945465|?mol/L|-|N|||F||14.945465|20260902103243|||0||
02.09.2026 10:34:12	Information:	Add Frame:
02.09.2026 10:34:12	Information:	OBX|3|NM|D-Bil-V|Bilirubin Direct (VOX Method)|3.941101|?mol/L|-|N|||F||3.941101|20260902103258|||0||
02.09.2026 10:34:12	Information:	Add Frame:
02.09.2026 10:34:12	Information:	OBX|4|NM|ALT|Alanine Aminotransferase|12.702783|U/L|-|N|||F||12.702783|20260902103111|||0||
02.09.2026 10:34:12	Information:	Add Frame:
02.09.2026 10:34:12	Information:	OBX|5|NM|AST|Aspartate Aminotransferase|22.835116|U/L|-|N|||F||22.835116|20260902103126|||0||
02.09.2026 10:34:12	Information:	Add Frame:
02.09.2026 10:34:12	Information:	OBX|6|NM|TP|Total Protein|72.068643|g/L|-|N|||F||72.068643|20260902103313|||0||
02.09.2026 10:34:12	Information:	Add Frame:
02.09.2026 10:34:12	Information:	OBX|7|NM|CREA-S|Creatinine (Sarcosine Oxidase Method)|39.107318|?mol/L|-|N|||F||39.107318|20260902103311|||0||
02.09.2026 10:34:12	Information:	Add Frame:
02.09.2026 10:34:12	Information:	OBX|8|NM|UREA|Urea|3.186576|mmol/L|-|N|||F||3.186576|20260902103156|||0||
02.09.2026 10:34:12	Information:	Received bytes(encoded):5276||||||
02.09.2026 10:34:12	Information:	Add Frame:
02.09.2026 10:34:12	Information:	OBX|9|NM||AST/ALT|1.795276||-|N|||F||1.795276||||||
02.09.2026 10:34:12	Information:	Add Frame:
02.09.2026 10:34:12	Information:	
02.09.2026 10:34:12	Debug:	read message: 2ms
02.09.2026 10:34:12	Information:	The answer message is created successfully
02.09.2026 10:34:12	Information:	Sending answer...
02.09.2026 10:34:12	Information:	We are in ORU Message
02.09.2026 10:34:12	Information:	MSH MSH|^~\&|||||20260902103313||ORU^R01|114|P|2.3.1||||0||ASCII||||
02.09.2026 10:34:12	Information:	PID PID|76|||||||O||||||||||||||||||||||||
02.09.2026 10:34:12	Information:	PatientRecord in message is successfully  processed
02.09.2026 10:34:12	Information:	The patient order is successfully processed
02.09.2026 10:34:12	Information:	The order record is successfully processed
02.09.2026 10:34:12	Information:	The order record is successfully processed
02.09.2026 10:34:12	Information:	The order record is successfully processed
02.09.2026 10:34:12	Information:	The order record is successfully processed
02.09.2026 10:34:12	Information:	The order record is successfully processed
02.09.2026 10:34:12	Information:	The order record is successfully processed
02.09.2026 10:34:12	Information:	The order record is successfully processed
02.09.2026 10:34:12	Information:	The order record is successfully processed
02.09.2026 10:34:12	Information:	The order record is successfully processed
02.09.2026 10:34:12	Information:	The ORU message is successfully processed
02.09.2026 10:34:12	Debug:	Process message: 7ms
02.09.2026 10:34:12	Debug:	Total time : 10ms
02.09.2026 10:34:13	Information:	Sended bytes:  11 77 83 72 124 94 126 92 38 124 77 105 110 100 114 97 121 124 124 124 124 50 48 50 54 48 57 48 50 49 48 51 52 49 50 124 124 65 67 75 94 82 48 49 124 49 49 52 124 80 124 50 46 51 46 49 124 124 124 124 48 124 124 117 115 45 97 115 99 105 105 124 124 124 13 77 83 65 124 65 65 124 49 49 52 124 77 101 115 115 97 103 101 32 97 99 99 101 112 116 101 100 124 124 124 48 124 13 28 13
02.09.2026 10:34:13	Information:	Sended string MSH|^~\&|Mindray||||20260902103412||ACK^R01|114|P|2.3.1||||0||us-ascii|||MSA|AA|114|Message accepted|||0|
02.09.2026 10:34:14	Debug:	SendResults:	check DriverRequests=	0	ms
02.09.2026 10:34:14	Information:	ByBarcode 51563229
02.09.2026 10:34:14	Information:	GetLinesByBarcodes
02.09.2026 10:34:14	Information:	{
"WorkPlaceID": 20747,
"BeginDate": "2026-06-03",
"EndDate": "2026-09-03",
"OrderNumber": "51563229",
"Offset": 0,
"Limit": 1
}


02.09.2026 10:34:14	Information:	GetByBarcodeReturn: 
02.09.2026 10:34:14	Information:	{"Data":[{"ID":31149907,"StrID":"31149907","OrderNumber":"51563229","OrderRegDate":"2026-09-01T14:27:52.51","PlanExecutionDate":"2026-09-01T14:27:00","SenderMoID":45500000000000909,"SenderMo":{"NameRU":"Некоммерческое акционерное общество \"Медицинский университет Семей\"","NameKZ":"\"Семей медицина университеті\" коммерциялық емес акционерлік қоғамы","Name":"Некоммерческое акционерное общество \"Медицинский университет Семей\"","ShortNameRU":"НАО \"МУС\"","ShortNameKZ":"\"СМУ\" КеАҚ","ShortName":"НАО \"МУС\"","PublicCode":"237J","AddressRU":"ВКО, г. Семей, ул. Абая Кунанбаева 103","AddressKZ":"ВКО, г. Семей, ул. Абая Кунанбаева 103","Address":"ВКО, г. Семей, ул. Абая Кунанбаева 103","OriginalID":"45500000000000909","IsWork":true,"RegionID":20,"BIN":"190240004938","MasterDataID":4911,"PhonesData":{"OrgHealthCarePhones":[]},"IsPostmortem":false,"IsHospital":true,"Code":null,"ID":"45500000000000909","StrID":"45500000000000909"},"ReceiverMoID":45500000000000909,"ReceiverMo":null,"PatientDetailID":41066998,"PatientDetail":{"PersonID":"909253","Person":{"IIN":"181107603935","LastName":"АБДУРАШИД","FirstName":"АЙША","SecondName":"РҮСТЕМҚЫЗЫ","FullName":"АБДУРАШИД АЙША РҮСТЕМҚЫЗЫ","FullNameIOF":"АЙША РҮСТЕМҚЫЗЫ АБДУРАШИД","DisplayText":"181107603935 АЙША РҮСТЕМҚЫЗЫ АБДУРАШИД 07.11.2018","IinFullName":"181107603935 - АБДУРАШИД АЙША РҮСТЕМҚЫЗЫ","BirthDate":"2018-11-07T00:00:00","BirthDateStr":"07.11.2018","DeathDate":null,"DeathDateStr":"","BioSexID":2,"BioSex":null,"NationalityID":null,"Nationality":null,"CitizenshipID":85,"Citizenship":null,"MasterDataID":138007087,"RpnID":"15300000041169910","KmisID":"60300000000622844","Type":1,"Age":0,"IsStillborn":false,"IsEarlyNeonatalDeathUp28days":false,"IsDeadPerson":false,"ID":"909253","StrID":"909253"},"AddressRU":" РЕСПУБЛИКА: Казахстан , ОБЛАСТЬ: Абайская , РАЙОН: УРДЖАРСКИЙ, СЕЛЬСКИЙ ОКРУГ: УРДЖАРСКИЙ, АУЛ(СЕЛО): УРДЖАР, УЛИЦА: БЕЛИНСКОГО, ДОМ: 21","AddressKZ":" : Қазақстан , Абай облысы, ҮРЖАР ауданы, ҮРЖАР ауылды округы, ҮРЖАР ауылы, БЕЛИНСКИЙ көшесі, ҮЙ: 21","Address":" РЕСПУБЛИКА: Казахстан , ОБЛАСТЬ: Абайская , РАЙОН: УРДЖАРСКИЙ, СЕЛЬСКИЙ ОКРУГ: УРДЖАРСКИЙ, АУЛ(СЕЛО): УРДЖАР, УЛИЦА: БЕЛИНСКОГО, ДОМ: 21","MasterDataAddressID":2687178,"WorkPlace":null,"WorkPosition":null,"DocumentNumber":null,"DocumentTypeID":null,"DocumentType":null,"NationalityID":null,"DocumentTypeName":null,"Phones":null,"ExternalCardID":"5973214","CardType":1,"CardNumber":"67374","CitizenshipCategoryID":1,"CitizenshipCategory":null,"ResidenceTypeID":4,"ResidenceType":null,"MotherPersonID":310212,"MotherPerson":null,"IsForeigner":false,"IsHomeless":false,"IsDeadPerson":false,"IsResident":true,"ID":"41066998","StrID":"41066998"},"Person":{"IIN":"181107603935","LastName":"АБДУРАШИД","FirstName":"АЙША","SecondName":"РҮСТЕМҚЫЗЫ","FullName":"АБДУРАШИД АЙША РҮСТЕМҚЫЗЫ","FullNameIOF":"АЙША РҮСТЕМҚЫЗЫ АБДУРАШИД","DisplayText":"181107603935 АЙША РҮСТЕМҚЫЗЫ АБДУРАШИД 07.11.2018","IinFullName":"181107603935 - АБДУРАШИД АЙША РҮСТЕМҚЫЗЫ","BirthDate":"2018-11-07T00:00:00","BirthDateStr":"07.11.2018","DeathDate":null,"DeathDateStr":"","BioSexID":2,"BioSex":null,"NationalityID":null,"Nationality":null,"CitizenshipID":85,"Citizenship":null,"MasterDataID":138007087,"RpnID":"15300000041169910","KmisID":"60300000000622844","Type":1,"Age":0,"IsStillborn":false,"IsEarlyNeonatalDeathUp28days":false,"IsDeadPerson":false,"ID":"909253","StrID":"909253"},"IsCito":false,"ExternalSystem":1,"OrderResultFileID":null,"OrderResultFileStorageID":null,"OrderResultDate":null,"Status":1,"DeleteDate":null,"ResultNotes":null,"Comment":"","ExternalOrderNumber":"51563229","ExaminationTypeID":null,"ExaminationType":null,"ExaminationIndicationID":null,"ExaminationIndication":null,"Uid":"39689F7A-2D44-4E39-9EDD-D069306A56DE","SenderPostFullName":"БАЛТАШ ӘЛІШЕР ӘЛЕМҰЛЫ","SenderFuncStructureNameRU":"Отделение детской травматологии","SenderFuncStructureNameKZ":"Балалар травматологиясы бөлімі","IsSamplingOfMaterialsAtReceiver":false,"MisID":42165254,"Materials":[{"OrderID":31149907,"Uid":"9021cccf-2c8e-4aca-b9d4-314b06cc1df0","MaterialNumber":"51563229","MaterialTypeID":363,"MaterialType":{"OrderBy":0,"ParentID":202,"HasChildren":false,"MasterDataID":489,"Parent":null,"NameRU":"Кровь венозная","NameKZ":"Кровь венозная","Name":"Кровь венозная","PublicCode":"36300","EndDate":null,"ID":"363","StrID":"363"},"TakeDate":"2026-09-01T14:27:00","TakeDateStr":"01.09.2026 14:27","TakePlace":"ДЕТ Т О","RejectionReason":null,"RejectionTakenMeasures":null,"ReceiptDate":null,"ReceiptDateStr":null,"RejectionCreatePostID":null,"RejectionCreatePost":null,"SampleCollectorPostIIN":"680429400940","SampleCollectorPostID":null,"Researches":[],"RejectedMaterialImageID":null,"File":null,"ID":"31436656","StrID":"31436656"}],"Researches":[]}],"Total":1}
02.09.2026 10:34:14	Information:	OrderedWW 51563229 Biomat 0 Device 20747
02.09.2026 10:34:14	Information:	ResearchResult
02.09.2026 10:34:14	Information:	{
"OrderID": "31149907",
"WorkPlaceID": 20747
}


02.09.2026 10:34:14	Information:	[{"OrderResearchID":67131205,"OrderResearch":null,"ParameterID":200918,"Parameter":{"ShortNameRU":"общий белок в сыворотке крови","ShortNameKZ":"қан сарысуындағы жалпы ақуыз","ShortName":"общий белок в сыворотке крови","DataType":0,"DataTypeName":"Число","UnitTypeID":100012,"UnitType":{"OrderBy":13,"MasterDataID":null,"CDD_ID":null,"NameRU":"г/л","NameKZ":"г/л","Name":"г/л","PublicCode":"10001200","EndDate":null,"ID":"100012","StrID":"100012"},"MedicalFormID":null,"MasterDataID":0,"MedicalForm":null,"NameWithDataType":"общий белок в сыворотке крови  (Число)","NameRU":"общий белок в сыворотке крови","NameKZ":"қан сарысуындағы жалпы ақуыз","Name":"общий белок в сыворотке крови","PublicCode":"20091800","EndDate":null,"ID":"200918","StrID":"200918"},"ParameterValues":null,"ParameterValueID":null,"ParameterValue":null,"ResultText":null,"ResultValue":null,"ResultDate":"2026-09-02T10:34:15.3314837+05:00","PostID":"0","Post":null,"ExecuteMethod":2,"SourceResultText":null,"SourceResultValue":null,"SourceResultExpression":null,"SourceUnitTypeID":100012,"SourceUnitType":{"OrderBy":13,"MasterDataID":null,"CDD_ID":null,"NameRU":"г/л","NameKZ":"г/л","Name":"г/л","PublicCode":"10001200","EndDate":null,"ID":"100012","StrID":"100012"},"MultiplierID":null,"IsApproved":false,"IsValidated":false,"StandardMatchType":0,"ApproveDate":null,"ApprovePostID":null,"ApprovePost":null,"OrderNum":1,"WorkPlaceID":20747,"OrderID":null,"BacteriologyResult":null,"AnalyzerId":null,"IsOrderProductionControl":false,"ID":"0","StrID":"0"},{"OrderResearchID":67131207,"OrderResearch":null,"ParameterID":200357,"Parameter":{"ShortNameRU":"АЛаТ","ShortNameKZ":"АЛаТ","ShortName":"АЛаТ","DataType":0,"DataTypeName":"Число","UnitTypeID":100030,"UnitType":{"OrderBy":31,"MasterDataID":null,"CDD_ID":null,"NameRU":"МЕ/л","NameKZ":"ХБ/л","Name":"МЕ/л","PublicCode":"10003000","EndDate":null,"ID":"100030","StrID":"100030"},"MedicalFormID":null,"MasterDataID":0,"MedicalForm":null,"NameWithDataType":"АЛаТ  (Число)","NameRU":"АЛаТ","NameKZ":"АЛаТ","Name":"АЛаТ","PublicCode":"20035700","EndDate":null,"ID":"200357","StrID":"200357"},"ParameterValues":null,"ParameterValueID":null,"ParameterValue":null,"ResultText":null,"ResultValue":null,"ResultDate":"2026-09-02T10:34:15.3314837+05:00","PostID":"0","Post":null,"ExecuteMethod":2,"SourceResultText":null,"SourceResultValue":null,"SourceResultExpression":null,"SourceUnitTypeID":100030,"SourceUnitType":{"OrderBy":31,"MasterDataID":null,"CDD_ID":null,"NameRU":"МЕ/л","NameKZ":"ХБ/л","Name":"МЕ/л","PublicCode":"10003000","EndDate":null,"ID":"100030","StrID":"100030"},"MultiplierID":null,"IsApproved":false,"IsValidated":false,"StandardMatchType":0,"ApproveDate":null,"ApprovePostID":null,"ApprovePost":null,"OrderNum":1,"WorkPlaceID":20747,"OrderID":null,"BacteriologyResult":null,"AnalyzerId":null,"IsOrderProductionControl":false,"ID":"0","StrID":"0"},{"OrderResearchID":67131208,"OrderResearch":null,"ParameterID":201032,"Parameter":{"ShortNameRU":"прямой билирубин в сыворотке крови","ShortNameKZ":"қан сарысуындағы тікелей билирубин","ShortName":"прямой билирубин в сыворотке крови","DataType":0,"DataTypeName":"Число","UnitTypeID":100041,"UnitType":{"OrderBy":42,"MasterDataID":null,"CDD_ID":null,"NameRU":"мкмоль/л","NameKZ":"мкмоль/л","Name":"мкмоль/л","PublicCode":"10004100","EndDate":null,"ID":"100041","StrID":"100041"},"MedicalFormID":null,"MasterDataID":0,"MedicalForm":null,"NameWithDataType":"прямой билирубин в сыворотке крови  (Число)","NameRU":"прямой билирубин в сыворотке крови","NameKZ":"қан сарысуындағы тікелей билирубин","Name":"прямой билирубин в сыворотке крови","PublicCode":"20103200","EndDate":null,"ID":"201032","StrID":"201032"},"ParameterValues":null,"ParameterValueID":null,"ParameterValue":null,"ResultText":null,"ResultValue":null,"ResultDate":"2026-09-02T10:34:15.3314837+05:00","PostID":"0","Post":null,"ExecuteMethod":2,"SourceResultText":null,"SourceResultValue":null,"SourceResultExpression":null,"SourceUnitTypeID":100041,"SourceUnitType":{"OrderBy":42,"MasterDataID":null,"CDD_ID":null,"NameRU":"мкмоль/л","NameKZ":"мкмоль/л","Name":"мкмоль/л","PublicCode":"10004100","EndDate":null,"ID":"100041","StrID":"100041"},"MultiplierID":null,"IsApproved":false,"IsValidated":false,"StandardMatchType":0,"ApproveDate":null,"ApprovePostID":null,"ApprovePost":null,"OrderNum":1,"WorkPlaceID":20747,"OrderID":null,"BacteriologyResult":null,"AnalyzerId":null,"IsOrderProductionControl":false,"ID":"0","StrID":"0"},{"OrderResearchID":67131209,"OrderResearch":null,"ParameterID":200919,"Parameter":{"ShortNameRU":"общий билирубин в сыворотке крови","ShortNameKZ":"қан сарысуындағы жалпы билирубин","ShortName":"общий билирубин в сыворотке крови","DataType":0,"DataTypeName":"Число","UnitTypeID":100041,"UnitType":{"OrderBy":42,"MasterDataID":null,"CDD_ID":null,"NameRU":"мкмоль/л","NameKZ":"мкмоль/л","Name":"мкмоль/л","PublicCode":"10004100","EndDate":null,"ID":"100041","StrID":"100041"},"MedicalFormID":null,"MasterDataID":0,"MedicalForm":null,"NameWithDataType":"общий билирубин в сыворотке крови  (Число)","NameRU":"общий билирубин в сыворотке крови","NameKZ":"қан сарысуындағы жалпы билирубин","Name":"общий билирубин в сыворотке крови","PublicCode":"20091900","EndDate":null,"ID":"200919","StrID":"200919"},"ParameterValues":null,"ParameterValueID":null,"ParameterValue":null,"ResultText":null,"ResultValue":null,"ResultDate":"2026-09-02T10:34:15.3471064+05:00","PostID":"0","Post":null,"ExecuteMethod":2,"SourceResultText":null,"SourceResultValue":null,"SourceResultExpression":null,"SourceUnitTypeID":100041,"SourceUnitType":{"OrderBy":42,"MasterDataID":null,"CDD_ID":null,"NameRU":"мкмоль/л","NameKZ":"мкмоль/л","Name":"мкмоль/л","PublicCode":"10004100","EndDate":null,"ID":"100041","StrID":"100041"},"MultiplierID":null,"IsApproved":false,"IsValidated":false,"StandardMatchType":0,"ApproveDate":null,"ApprovePostID":null,"ApprovePost":null,"OrderNum":1,"WorkPlaceID":20747,"OrderID":null,"BacteriologyResult":null,"AnalyzerId":null,"IsOrderProductionControl":false,"ID":"0","StrID":"0"},{"OrderResearchID":67131210,"OrderResearch":null,"ParameterID":200408,"Parameter":{"ShortNameRU":"АСаТ","ShortNameKZ":"АСаТ","ShortName":"АСаТ","DataType":0,"DataTypeName":"Число","UnitTypeID":100030,"UnitType":{"OrderBy":31,"MasterDataID":null,"CDD_ID":null,"NameRU":"МЕ/л","NameKZ":"ХБ/л","Name":"МЕ/л","PublicCode":"10003000","EndDate":null,"ID":"100030","StrID":"100030"},"MedicalFormID":null,"MasterDataID":0,"MedicalForm":null,"NameWithDataType":"АСаТ  (Число)","NameRU":"АСаТ","NameKZ":"АСаТ","Name":"АСаТ","PublicCode":"20040800","EndDate":null,"ID":"200408","StrID":"200408"},"ParameterValues":null,"ParameterValueID":null,"ParameterValue":null,"ResultText":null,"ResultValue":null,"ResultDate":"2026-09-02T10:34:15.3471064+05:00","PostID":"0","Post":null,"ExecuteMethod":2,"SourceResultText":null,"SourceResultValue":null,"SourceResultExpression":null,"SourceUnitTypeID":100030,"SourceUnitType":{"OrderBy":31,"MasterDataID":null,"CDD_ID":null,"NameRU":"МЕ/л","NameKZ":"ХБ/л","Name":"МЕ/л","PublicCode":"10003000","EndDate":null,"ID":"100030","StrID":"100030"},"MultiplierID":null,"IsApproved":false,"IsValidated":false,"StandardMatchType":0,"ApproveDate":null,"ApprovePostID":null,"ApprovePost":null,"OrderNum":1,"WorkPlaceID":20747,"OrderID":null,"BacteriologyResult":null,"AnalyzerId":null,"IsOrderProductionControl":false,"ID":"0","StrID":"0"},{"OrderResearchID":67131206,"OrderResearch":null,"ParameterID":200549,"Parameter":{"ShortNameRU":"глюкоза в сыворотке крови","ShortNameKZ":"қан сарысуындағы глюкоза","ShortName":"глюкоза в сыворотке крови","DataType":0,"DataTypeName":"Число","UnitTypeID":100051,"UnitType":{"OrderBy":52,"MasterDataID":null,"CDD_ID":null,"NameRU":"ммоль/л","NameKZ":"ммоль/л","Name":"ммоль/л","PublicCode":"10005100","EndDate":null,"ID":"100051","StrID":"100051"},"MedicalFormID":null,"MasterDataID":0,"MedicalForm":null,"NameWithDataType":"глюкоза в сыворотке крови  (Число)","NameRU":"глюкоза в сыворотке крови","NameKZ":"қан сарысуындағы глюкоза","Name":"глюкоза в сыворотке крови","PublicCode":"20054900","EndDate":null,"ID":"200549","StrID":"200549"},"ParameterValues":null,"ParameterValueID":null,"ParameterValue":null,"ResultText":null,"ResultValue":null,"ResultDate":"2026-09-02T10:34:15.3471064+05:00","PostID":"0","Post":null,"ExecuteMethod":2,"SourceResultText":null,"SourceResultValue":null,"SourceResultExpression":null,"SourceUnitTypeID":100051,"SourceUnitType":{"OrderBy":52,"MasterDataID":null,"CDD_ID":null,"NameRU":"ммоль/л","NameKZ":"ммоль/л","Name":"ммоль/л","PublicCode":"10005100","EndDate":null,"ID":"100051","StrID":"100051"},"MultiplierID":null,"IsApproved":false,"IsValidated":false,"StandardMatchType":0,"ApproveDate":null,"ApprovePostID":null,"ApprovePost":null,"OrderNum":1,"WorkPlaceID":20747,"OrderID":null,"BacteriologyResult":null,"AnalyzerId":null,"IsOrderProductionControl":false,"ID":"0","StrID":"0"},{"OrderResearchID":67131211,"OrderResearch":null,"ParameterID":200852,"Parameter":{"ShortNameRU":"мочевина в сыворотке крови","ShortNameKZ":"қан сарысуындағы несепнәр","ShortName":"мочевина в сыворотке крови","DataType":0,"DataTypeName":"Число","UnitTypeID":100051,"UnitType":{"OrderBy":52,"MasterDataID":null,"CDD_ID":null,"NameRU":"ммоль/л","NameKZ":"ммоль/л","Name":"ммоль/л","PublicCode":"10005100","EndDate":null,"ID":"100051","StrID":"100051"},"MedicalFormID":null,"MasterDataID":0,"MedicalForm":null,"NameWithDataType":"мочевина в сыворотке крови  (Число)","NameRU":"мочевина в сыворотке крови","NameKZ":"қан сарысуындағы несепнәр","Name":"мочевина в сыворотке крови","PublicCode":"20085200","EndDate":null,"ID":"200852","StrID":"200852"},"ParameterValues":null,"ParameterValueID":null,"ParameterValue":null,"ResultText":null,"ResultValue":null,"ResultDate":"2026-09-02T10:34:15.3471064+05:00","PostID":"0","Post":null,"ExecuteMethod":2,"SourceResultText":null,"SourceResultValue":null,"SourceResultExpression":null,"SourceUnitTypeID":100051,"SourceUnitType":{"OrderBy":52,"MasterDataID":null,"CDD_ID":null,"NameRU":"ммоль/л","NameKZ":"ммоль/л","Name":"ммоль/л","PublicCode":"10005100","EndDate":null,"ID":"100051","StrID":"100051"},"MultiplierID":null,"IsApproved":false,"IsValidated":false,"StandardMatchType":0,"ApproveDate":null,"ApprovePostID":null,"ApprovePost":null,"OrderNum":1,"WorkPlaceID":20747,"OrderID":null,"BacteriologyResult":null,"AnalyzerId":null,"IsOrderProductionControl":false,"ID":"0","StrID":"0"},{"OrderResearchID":67131212,"OrderResearch":null,"ParameterID":200744,"Parameter":{"ShortNameRU":"креатинин в крови","ShortNameKZ":"қандағы креатинин","ShortName":"креатинин в крови","DataType":0,"DataTypeName":"Число","UnitTypeID":100041,"UnitType":{"OrderBy":42,"MasterDataID":null,"CDD_ID":null,"NameRU":"мкмоль/л","NameKZ":"мкмоль/л","Name":"мкмоль/л","PublicCode":"10004100","EndDate":null,"ID":"100041","StrID":"100041"},"MedicalFormID":null,"MasterDataID":0,"MedicalForm":null,"NameWithDataType":"креатинин в крови  (Число)","NameRU":"креатинин в крови","NameKZ":"қандағы креатинин","Name":"креатинин в крови","PublicCode":"20074400","EndDate":null,"ID":"200744","StrID":"200744"},"ParameterValues":null,"ParameterValueID":null,"ParameterValue":null,"ResultText":null,"ResultValue":null,"ResultDate":"2026-09-02T10:34:15.3628283+05:00","PostID":"0","Post":null,"ExecuteMethod":2,"SourceResultText":null,"SourceResultValue":null,"SourceResultExpression":null,"SourceUnitTypeID":100041,"SourceUnitType":{"OrderBy":42,"MasterDataID":null,"CDD_ID":null,"NameRU":"мкмоль/л","NameKZ":"мкмоль/л","Name":"мкмоль/л","PublicCode":"10004100","EndDate":null,"ID":"100041","StrID":"100041"},"MultiplierID":null,"IsApproved":false,"IsValidated":false,"StandardMatchType":0,"ApproveDate":null,"ApprovePostID":null,"ApprovePost":null,"OrderNum":1,"WorkPlaceID":20747,"OrderID":null,"BacteriologyResult":null,"AnalyzerId":null,"IsOrderProductionControl":false,"ID":"0","StrID":"0"}]
02.09.2026 10:34:14	Information:	TestsWW spec 200918, spec 200357, spec 201032, spec 200919, spec 200408, spec 200549, spec 200852, spec 200744, 
02.09.2026 10:34:14	Information:	Querry lines count: 1
02.09.2026 10:34:14	Debug:	SendResults:	fix DriverRequests=	150	ms
02.09.2026 10:34:14	Information:	SAMPLE! 51563229 DeviceDriverResult Sample: 51563229 Suggest: . Do Request True
02.09.2026 10:34:14	Information:	Sample request count: 1
02.09.2026 10:34:14	Information:	MU is mmol/L
02.09.2026 10:34:14	Information:	Driver Collations count 0
02.09.2026 10:34:14	Information:	MU collations count=0
02.09.2026 10:34:14	Information:	MU is ?mol/L
02.09.2026 10:34:14	Information:	Driver Collations count 0
02.09.2026 10:34:14	Information:	MU collations count=0
02.09.2026 10:34:14	Information:	MU is ?mol/L
02.09.2026 10:34:14	Information:	Driver Collations count 0
02.09.2026 10:34:14	Information:	MU collations count=0
02.09.2026 10:34:14	Information:	MU is U/L
02.09.2026 10:34:14	Information:	Driver Collations count 0
02.09.2026 10:34:14	Information:	MU collations count=0
02.09.2026 10:34:14	Information:	MU is U/L
02.09.2026 10:34:14	Information:	Driver Collations count 0
02.09.2026 10:34:14	Information:	MU collations count=0
02.09.2026 10:34:14	Information:	MU is g/L
02.09.2026 10:34:14	Information:	Driver Collations count 0
02.09.2026 10:34:14	Information:	MU collations count=0
02.09.2026 10:34:14	Information:	MU is ?mol/L
02.09.2026 10:34:14	Information:	Driver Collations count 0
02.09.2026 10:34:14	Information:	MU collations count=0
02.09.2026 10:34:14	Information:	MU is mmol/L
02.09.2026 10:34:14	Information:	Driver Collations count 0
02.09.2026 10:34:14	Information:	MU collations count=0
02.09.2026 10:34:14	Debug:	SendResults:	SetTestsValues first SetTestsValues=	70	ms
02.09.2026 10:34:14	Debug:	SendResults:	Device Total = 224 ms
02.09.2026 10:34:14	Information:	Saving 51563229
02.09.2026 10:34:14	Information:	Start test result saving
02.09.2026 10:34:14	Information:	Result object to save: 
02.09.2026 10:34:14	Information:	{"OrderResearchID":67131205,"OrderResearch":null,"ParameterID":200918,"Parameter":{"ShortNameRU":"общий белок в сыворотке крови","ShortNameKZ":"қан сарысуындағы жалпы ақуыз","ShortName":"общий белок в сыворотке крови","DataType":0,"DataTypeName":"Число","UnitTypeID":100012,"UnitType":{"NameRU":"г/л","NameKZ":"г/л","Name":"г/л","PublicCode":"10001200","OrderBy":13,"ID":100012,"StrID":"100012"},"MedicalFormID":null,"MedicalForm":null,"NameRU":"общий белок в сыворотке крови","NameKZ":"қан сарысуындағы жалпы ақуыз","Name":"общий белок в сыворотке крови","PublicCode":"20091800","OrderBy":null,"ID":200918,"StrID":"200918"},"ParameterValueID":null,"ParameterValue":null,"ResultText":"72.07","ResultValue":null,"ResultDate":"2026-09-02T10:34:15.3314837+05:00","PostID":0,"Post":null,"ExecuteMethod":2,"SourceResultText":"72.07","SourceResultValue":null,"SourceResultExpression":null,"SourceUnitTypeID":100012,"SourceUnitType":{"NameRU":"г/л","NameKZ":"г/л","Name":"г/л","PublicCode":"10001200","OrderBy":13,"ID":100012,"StrID":"100012"},"IsApproved":false,"ApproveDate":null,"ApprovePostID":null,"ApprovePost":null,"OrderNum":1,"WorkPlaceID":20747,"DriverManagerID":150,"BacteriologyResult":null,"AnalyzerId":38,"IsOrderProductionControl":false,"ID":0,"StrID":"0"}
02.09.2026 10:34:14	Information:	Save string: 
02.09.2026 10:34:14	Information:	{"OrderResearchID":67131205,"OrderResearch":{"OrderID":31149907,"ServiceMoID":2163201,"ServiceMoMasterDataID":8269447,"ServiceMo":{"OrgHealthCareID":"45500000000000909","ServiceID":236,"NameRU":"Определение общего белка в сыворотке крови на анализаторе","NameKZ":"Қан сарысуындағы жалпы нәруызды талдауышта анықтау ","Name":"Определение общего белка в сыворотке крови на анализаторе","ShortNameRU":"Определение общего белка в сыворотке крови на анализаторе","ShortNameKZ":"Қан сарысуындағы жалпы нәруызды талдауышта анықтау ","ShortName":"Определение общего белка в сыворотке крови на анализаторе","FullName":"B03.397.002 - Определение общего белка в сыворотке крови на анализаторе","Code":"B03.397.002","ExternalCode":null,"ServiceClassID":5,"ServiceClass":{"ServiceTypeID":2,"OrderBy":5,"MasterDataID":5,"NameRU":"Клиническая химия (биохимия)","NameKZ":"Клиникалық химия (биохимия)","Name":"Клиническая химия (биохимия)","PublicCode":"500","EndDate":null,"ID":"5","StrID":"5"},"Service":{"NameRU":"Определение общего белка в сыворотке крови на анализаторе","NameKZ":"Қан сарысуындағы жалпы нәруызды талдауышта анықтау","Name":"Определение общего белка в сыворотке крови на анализаторе","ShortNameRU":"Общий белок на анализаторе","ShortNameKZ":"Общий белок на анализаторе","ShortName":"Общий белок на анализаторе","FullName":"B03.397.002 - Определение общего белка в сыворотке крови на анализаторе","Code":"B03.397.002","ServiceClassID":5,"ServiceClass":null,"ServiceSubClassID":6,"ServiceSubClass":null,"MaterialTypeID":202,"MaterialType":null,"MasterDataID":3079,"ID":"236","StrID":"236"},"MasterDataID":8269447,"ServiceSubClassID":6,"PayType":1,"ServiceSubClass":null,"ID":"2163201","StrID":"2163201"},"FullName":"B03.397.002 - Определение общего белка в сыворотке крови на анализаторе  () ","IsMain":true,"SourceID":"145083630_34007189","WorkPlaceID":20747,"WorkPlace":null,"DriverManager":null,"ParameterID":null,"Parameter":null,"AdditionalInfo":null,"Status":1,"PerformetServiceCount":7,"ResearchResultCount":0,"ApproveResearchResultCount":0,"NotSaveResearchResultCount":0,"ParentID":null,"ScreeningCandidatePlanGuid":null,"ScreeningUrl":null,"TakePlace":null,"MaterialTypeID":null,"MaterialType":null,"PartCount":0,"IsOrderProductionControl":false,"Uid":"f614510c-4d92-40cc-9cae-38592e8a5629","OrderPerformerServices":[],"OrderResearchAllergens":[],"Results":[],"IsResumed":false,"ExecutionType":0,"ID":"67131205","StrID":"67131205"},"ParameterID":200918,"Parameter":{"ShortNameRU":"общий белок в сыворотке крови","ShortNameKZ":"қан сарысуындағы жалпы ақуыз","ShortName":"общий белок в сыворотке крови","DataType":0,"DataTypeName":"Число","UnitTypeID":100012,"UnitType":null,"MedicalFormID":null,"MasterDataID":0,"MedicalForm":null,"NameWithDataType":"общий белок в сыворотке крови  (Число)","NameRU":"общий белок в сыворотке крови","NameKZ":"қан сарысуындағы жалпы ақуыз","Name":"общий белок в сыворотке крови","PublicCode":"20091800","EndDate":null,"ID":"200918","StrID":"200918"},"ParameterValues":null,"ParameterValueID":null,"ParameterValue":null,"ResultText":"72.07","ResultValue":"72.07","ResultDate":"2026-09-02T10:34:15.4730475+05:00","PostID":"189416","Post":null,"ExecuteMethod":2,"SourceResultText":"72.07","SourceResultValue":"72.07","SourceResultExpression":null,"SourceUnitTypeID":100012,"SourceUnitType":{"OrderBy":13,"MasterDataID":null,"CDD_ID":null,"NameRU":"г/л","NameKZ":"г/л","Name":"г/л","PublicCode":"10001200","EndDate":null,"ID":"100012","StrID":"100012"},"MultiplierID":null,"IsApproved":false,"IsValidated":false,"StandardMatchType":0,"ApproveDate":null,"ApprovePostID":null,"ApprovePost":null,"OrderNum":1,"WorkPlaceID":20747,"OrderID":null,"BacteriologyResult":null,"AnalyzerId":38,"IsOrderProductionControl":false,"ID":"207372641","StrID":"207372641"}
02.09.2026 10:34:14	Information:	Result object to save: 
02.09.2026 10:34:14	Information:	{"OrderResearchID":67131207,"OrderResearch":null,"ParameterID":200357,"Parameter":{"ShortNameRU":"АЛаТ","ShortNameKZ":"АЛаТ","ShortName":"АЛаТ","DataType":0,"DataTypeName":"Число","UnitTypeID":100030,"UnitType":{"NameRU":"МЕ/л","NameKZ":"ХБ/л","Name":"МЕ/л","PublicCode":"10003000","OrderBy":31,"ID":100030,"StrID":"100030"},"MedicalFormID":null,"MedicalForm":null,"NameRU":"АЛаТ","NameKZ":"АЛаТ","Name":"АЛаТ","PublicCode":"20035700","OrderBy":null,"ID":200357,"StrID":"200357"},"ParameterValueID":null,"ParameterValue":null,"ResultText":"12.7","ResultValue":null,"ResultDate":"2026-09-02T10:34:15.3314837+05:00","PostID":0,"Post":null,"ExecuteMethod":2,"SourceResultText":"12.7","SourceResultValue":null,"SourceResultExpression":null,"SourceUnitTypeID":100030,"SourceUnitType":{"NameRU":"МЕ/л","NameKZ":"ХБ/л","Name":"МЕ/л","PublicCode":"10003000","OrderBy":31,"ID":100030,"StrID":"100030"},"IsApproved":false,"ApproveDate":null,"ApprovePostID":null,"ApprovePost":null,"OrderNum":1,"WorkPlaceID":20747,"DriverManagerID":150,"BacteriologyResult":null,"AnalyzerId":38,"IsOrderProductionControl":false,"ID":0,"StrID":"0"}
02.09.2026 10:34:14	Information:	Save string: 
02.09.2026 10:34:14	Information:	{"OrderResearchID":67131207,"OrderResearch":{"OrderID":31149907,"ServiceMoID":2163576,"ServiceMoMasterDataID":8269462,"ServiceMo":{"OrgHealthCareID":"45500000000000909","ServiceID":253,"NameRU":"Определение аланинаминотрансферазы (АЛаТ) в сыворотке крови на анализаторе","NameKZ":"Қан сарысуындағы аланинаминотрансферазды (АЛаТ) талдауышта анықтау ","Name":"Определение аланинаминотрансферазы (АЛаТ) в сыворотке крови на анализаторе","ShortNameRU":"Определение аланинаминотрансферазы (АЛаТ) в сыворотке крови на анализаторе","ShortNameKZ":"Қан сарысуындағы аланинаминотрансферазды (АЛаТ) талдауышта анықтау ","ShortName":"Определение аланинаминотрансферазы (АЛаТ) в сыворотке крови на анализаторе","FullName":"B03.155.002 - Определение аланинаминотрансферазы (АЛаТ) в сыворотке крови на анализаторе","Code":"B03.155.002","ExternalCode":null,"ServiceClassID":5,"ServiceClass":{"ServiceTypeID":2,"OrderBy":5,"MasterDataID":5,"NameRU":"Клиническая химия (биохимия)","NameKZ":"Клиникалық химия (биохимия)","Name":"Клиническая химия (биохимия)","PublicCode":"500","EndDate":null,"ID":"5","StrID":"5"},"Service":{"NameRU":"Определение аланинаминотрансферазы (АЛаТ) в сыворотке крови на анализаторе","NameKZ":"Қан сарысуындағы аланинаминотрансферазды (АЛаТ) талдауышта анықтау","Name":"Определение аланинаминотрансферазы (АЛаТ) в сыворотке крови на анализаторе","ShortNameRU":"АЛаТ на анализаторе","ShortNameKZ":"АЛаТ на анализаторе","ShortName":"АЛаТ на анализаторе","FullName":"B03.155.002 - Определение аланинаминотрансферазы (АЛаТ) в сыворотке крови на анализаторе","Code":"B03.155.002","ServiceClassID":5,"ServiceClass":null,"ServiceSubClassID":6,"ServiceSubClass":null,"MaterialTypeID":202,"MaterialType":null,"MasterDataID":3094,"ID":"253","StrID":"253"},"MasterDataID":8269462,"ServiceSubClassID":6,"PayType":1,"ServiceSubClass":null,"ID":"2163576","StrID":"2163576"},"FullName":"B03.155.002 - Определение аланинаминотрансферазы (АЛаТ) в сыворотке крови на анализаторе  () ","IsMain":true,"SourceID":"145083630_34007193","WorkPlaceID":20747,"WorkPlace":null,"DriverManager":null,"ParameterID":null,"Parameter":null,"AdditionalInfo":null,"Status":1,"PerformetServiceCount":9,"ResearchResultCount":0,"ApproveResearchResultCount":0,"NotSaveResearchResultCount":0,"ParentID":null,"ScreeningCandidatePlanGuid":null,"ScreeningUrl":null,"TakePlace":null,"MaterialTypeID":null,"MaterialType":null,"PartCount":0,"IsOrderProductionControl":false,"Uid":"b42d8726-f3bf-477b-b595-e4abc79aa2f4","OrderPerformerServices":[],"OrderResearchAllergens":[],"Results":[],"IsResumed":false,"ExecutionType":0,"ID":"67131207","StrID":"67131207"},"ParameterID":200357,"Parameter":{"ShortNameRU":"АЛаТ","ShortNameKZ":"АЛаТ","ShortName":"АЛаТ","DataType":0,"DataTypeName":"Число","UnitTypeID":100030,"UnitType":null,"MedicalFormID":null,"MasterDataID":0,"MedicalForm":null,"NameWithDataType":"АЛаТ  (Число)","NameRU":"АЛаТ","NameKZ":"АЛаТ","Name":"АЛаТ","PublicCode":"20035700","EndDate":null,"ID":"200357","StrID":"200357"},"ParameterValues":null,"ParameterValueID":null,"ParameterValue":null,"ResultText":"12.70","ResultValue":"12.70","ResultDate":"2026-09-02T10:34:15.5361216+05:00","PostID":"189416","Post":null,"ExecuteMethod":2,"SourceResultText":"12.70","SourceResultValue":"12.70","SourceResultExpression":null,"SourceUnitTypeID":100030,"SourceUnitType":{"OrderBy":31,"MasterDataID":null,"CDD_ID":null,"NameRU":"МЕ/л","NameKZ":"ХБ/л","Name":"МЕ/л","PublicCode":"10003000","EndDate":null,"ID":"100030","StrID":"100030"},"MultiplierID":null,"IsApproved":false,"IsValidated":false,"StandardMatchType":0,"ApproveDate":null,"ApprovePostID":null,"ApprovePost":null,"OrderNum":1,"WorkPlaceID":20747,"OrderID":null,"BacteriologyResult":null,"AnalyzerId":38,"IsOrderProductionControl":false,"ID":"207372642","StrID":"207372642"}
02.09.2026 10:34:14	Information:	Result object to save: 
02.09.2026 10:34:14	Information:	{"OrderResearchID":67131208,"OrderResearch":null,"ParameterID":201032,"Parameter":{"ShortNameRU":"прямой билирубин в сыворотке крови","ShortNameKZ":"қан сарысуындағы тікелей билирубин","ShortName":"прямой билирубин в сыворотке крови","DataType":0,"DataTypeName":"Число","UnitTypeID":100041,"UnitType":{"NameRU":"мкмоль/л","NameKZ":"мкмоль/л","Name":"мкмоль/л","PublicCode":"10004100","OrderBy":42,"ID":100041,"StrID":"100041"},"MedicalFormID":null,"MedicalForm":null,"NameRU":"прямой билирубин в сыворотке крови","NameKZ":"қан сарысуындағы тікелей билирубин","Name":"прямой билирубин в сыворотке крови","PublicCode":"20103200","OrderBy":null,"ID":201032,"StrID":"201032"},"ParameterValueID":null,"ParameterValue":null,"ResultText":"3.94","ResultValue":null,"ResultDate":"2026-09-02T10:34:15.3314837+05:00","PostID":0,"Post":null,"ExecuteMethod":2,"SourceResultText":"3.94","SourceResultValue":null,"SourceResultExpression":null,"SourceUnitTypeID":100041,"SourceUnitType":{"NameRU":"мкмоль/л","NameKZ":"мкмоль/л","Name":"мкмоль/л","PublicCode":"10004100","OrderBy":42,"ID":100041,"StrID":"100041"},"IsApproved":false,"ApproveDate":null,"ApprovePostID":null,"ApprovePost":null,"OrderNum":1,"WorkPlaceID":20747,"DriverManagerID":150,"BacteriologyResult":null,"AnalyzerId":38,"IsOrderProductionControl":false,"ID":0,"StrID":"0"}
02.09.2026 10:34:14	Information:	Save string: 
02.09.2026 10:34:14	Information:	{"OrderResearchID":67131208,"OrderResearch":{"OrderID":31149907,"ServiceMoID":2163601,"ServiceMoMasterDataID":8269463,"ServiceMo":{"OrgHealthCareID":"45500000000000909","ServiceID":254,"NameRU":"Определение прямого билирубина в сыворотке крови на анализаторе","NameKZ":"Қан сарысуындағы тікелей  билирубинді талдауышта анықтау ","Name":"Определение прямого билирубина в сыворотке крови на анализаторе","ShortNameRU":"Определение прямого билирубина в сыворотке крови на анализаторе","ShortNameKZ":"Қан сарысуындағы тікелей  билирубинді талдауышта анықтау ","ShortName":"Определение прямого билирубина в сыворотке крови на анализаторе","FullName":"B03.435.002 - Определение прямого билирубина в сыворотке крови на анализаторе","Code":"B03.435.002","ExternalCode":null,"ServiceClassID":5,"ServiceClass":{"ServiceTypeID":2,"OrderBy":5,"MasterDataID":5,"NameRU":"Клиническая химия (биохимия)","NameKZ":"Клиникалық химия (биохимия)","Name":"Клиническая химия (биохимия)","PublicCode":"500","EndDate":null,"ID":"5","StrID":"5"},"Service":{"NameRU":"Определение прямого билирубина в сыворотке крови на анализаторе","NameKZ":"Қан сарысуындағы тікелей билирубинді талдауышта анықтау","Name":"Определение прямого билирубина в сыворотке крови на анализаторе","ShortNameRU":"Прямой Bi на анализаторе","ShortNameKZ":"Прямой Bi на анализаторе","ShortName":"Прямой Bi на анализаторе","FullName":"B03.435.002 - Определение прямого билирубина в сыворотке крови на анализаторе","Code":"B03.435.002","ServiceClassID":5,"ServiceClass":null,"ServiceSubClassID":6,"ServiceSubClass":null,"MaterialTypeID":202,"MaterialType":null,"MasterDataID":3095,"ID":"254","StrID":"254"},"MasterDataID":8269463,"ServiceSubClassID":6,"PayType":1,"ServiceSubClass":null,"ID":"2163601","StrID":"2163601"},"FullName":"B03.435.002 - Определение прямого билирубина в сыворотке крови на анализаторе  () ","IsMain":true,"SourceID":"145083630_34007192","WorkPlaceID":20747,"WorkPlace":null,"DriverManager":null,"ParameterID":null,"Parameter":null,"AdditionalInfo":null,"Status":1,"PerformetServiceCount":7,"ResearchResultCount":0,"ApproveResearchResultCount":0,"NotSaveResearchResultCount":0,"ParentID":null,"ScreeningCandidatePlanGuid":null,"ScreeningUrl":null,"TakePlace":null,"MaterialTypeID":null,"MaterialType":null,"PartCount":0,"IsOrderProductionControl":false,"Uid":"0ce8f8de-847f-447d-8014-c7907dca04c9","OrderPerformerServices":[],"OrderResearchAllergens":[],"Results":[],"IsResumed":false,"ExecutionType":0,"ID":"67131208","StrID":"67131208"},"ParameterID":201032,"Parameter":{"ShortNameRU":"прямой билирубин в сыворотке крови","ShortNameKZ":"қан сарысуындағы тікелей билирубин","ShortName":"прямой билирубин в сыворотке крови","DataType":0,"DataTypeName":"Число","UnitTypeID":100041,"UnitType":null,"MedicalFormID":null,"MasterDataID":0,"MedicalForm":null,"NameWithDataType":"прямой билирубин в сыворотке крови  (Число)","NameRU":"прямой билирубин в сыворотке крови","NameKZ":"қан сарысуындағы тікелей билирубин","Name":"прямой билирубин в сыворотке крови","PublicCode":"20103200","EndDate":null,"ID":"201032","StrID":"201032"},"ParameterValues":null,"ParameterValueID":null,"ParameterValue":null,"ResultText":"3.94","ResultValue":"3.94","ResultDate":"2026-09-02T10:34:15.5830032+05:00","PostID":"189416","Post":null,"ExecuteMethod":2,"SourceResultText":"3.94","SourceResultValue":"3.94","SourceResultExpression":null,"SourceUnitTypeID":100041,"SourceUnitType":{"OrderBy":42,"MasterDataID":null,"CDD_ID":null,"NameRU":"мкмоль/л","NameKZ":"мкмоль/л","Name":"мкмоль/л","PublicCode":"10004100","EndDate":null,"ID":"100041","StrID":"100041"},"MultiplierID":null,"IsApproved":false,"IsValidated":false,"StandardMatchType":0,"ApproveDate":null,"ApprovePostID":null,"ApprovePost":null,"OrderNum":1,"WorkPlaceID":20747,"OrderID":null,"BacteriologyResult":null,"AnalyzerId":38,"IsOrderProductionControl":false,"ID":"207372643","StrID":"207372643"}
02.09.2026 10:34:14	Information:	Result object to save: 
02.09.2026 10:34:14	Information:	{"OrderResearchID":67131209,"OrderResearch":null,"ParameterID":200919,"Parameter":{"ShortNameRU":"общий билирубин в сыворотке крови","ShortNameKZ":"қан сарысуындағы жалпы билирубин","ShortName":"общий билирубин в сыворотке крови","DataType":0,"DataTypeName":"Число","UnitTypeID":100041,"UnitType":{"NameRU":"мкмоль/л","NameKZ":"мкмоль/л","Name":"мкмоль/л","PublicCode":"10004100","OrderBy":42,"ID":100041,"StrID":"100041"},"MedicalFormID":null,"MedicalForm":null,"NameRU":"общий билирубин в сыворотке крови","NameKZ":"қан сарысуындағы жалпы билирубин","Name":"общий билирубин в сыворотке крови","PublicCode":"20091900","OrderBy":null,"ID":200919,"StrID":"200919"},"ParameterValueID":null,"ParameterValue":null,"ResultText":"14.95","ResultValue":null,"ResultDate":"2026-09-02T10:34:15.3471064+05:00","PostID":0,"Post":null,"ExecuteMethod":2,"SourceResultText":"14.95","SourceResultValue":null,"SourceResultExpression":null,"SourceUnitTypeID":100041,"SourceUnitType":{"NameRU":"мкмоль/л","NameKZ":"мкмоль/л","Name":"мкмоль/л","PublicCode":"10004100","OrderBy":42,"ID":100041,"StrID":"100041"},"IsApproved":false,"ApproveDate":null,"ApprovePostID":null,"ApprovePost":null,"OrderNum":1,"WorkPlaceID":20747,"DriverManagerID":150,"BacteriologyResult":null,"AnalyzerId":38,"IsOrderProductionControl":false,"ID":0,"StrID":"0"}
02.09.2026 10:34:14	Information:	Save string: 
02.09.2026 10:34:14	Information:	{"OrderResearchID":67131209,"OrderResearch":{"OrderID":31149907,"ServiceMoID":2163626,"ServiceMoMasterDataID":8269464,"ServiceMo":{"OrgHealthCareID":"45500000000000909","ServiceID":255,"NameRU":"Определение общего билирубина в сыворотке крови на анализаторе","NameKZ":"Қан сарысуындағы жалпы  билирубинді талдауышта анықтау в сыворотке крови на анализаторе","Name":"Определение общего билирубина в сыворотке крови на анализаторе","ShortNameRU":"Определение общего билирубина в сыворотке крови на анализаторе","ShortNameKZ":"Қан сарысуындағы жалпы  билирубинді талдауышта анықтау в сыворотке крови на анализаторе","ShortName":"Определение общего билирубина в сыворотке крови на анализаторе","FullName":"B03.398.002 - Определение общего билирубина в сыворотке крови на анализаторе","Code":"B03.398.002","ExternalCode":null,"ServiceClassID":5,"ServiceClass":{"ServiceTypeID":2,"OrderBy":5,"MasterDataID":5,"NameRU":"Клиническая химия (биохимия)","NameKZ":"Клиникалық химия (биохимия)","Name":"Клиническая химия (биохимия)","PublicCode":"500","EndDate":null,"ID":"5","StrID":"5"},"Service":{"NameRU":"Определение общего билирубина в сыворотке крови на анализаторе","NameKZ":"Қан сарысуындағы жалпы билирубинді талдауышта анықтау в сыворотке крови на анализаторе","Name":"Определение общего билирубина в сыворотке крови на анализаторе","ShortNameRU":"Общий Bi на анализаторе","ShortNameKZ":"Общий Bi на анализаторе","ShortName":"Общий Bi на анализаторе","FullName":"B03.398.002 - Определение общего билирубина в сыворотке крови на анализаторе","Code":"B03.398.002","ServiceClassID":5,"ServiceClass":null,"ServiceSubClassID":6,"ServiceSubClass":null,"MaterialTypeID":202,"MaterialType":null,"MasterDataID":3096,"ID":"255","StrID":"255"},"MasterDataID":8269464,"ServiceSubClassID":6,"PayType":1,"ServiceSubClass":null,"ID":"2163626","StrID":"2163626"},"FullName":"B03.398.002 - Определение общего билирубина в сыворотке крови на анализаторе  () ","IsMain":true,"SourceID":"145083630_34007191","WorkPlaceID":20747,"WorkPlace":null,"DriverManager":null,"ParameterID":null,"Parameter":null,"AdditionalInfo":null,"Status":1,"PerformetServiceCount":7,"ResearchResultCount":0,"ApproveResearchResultCount":0,"NotSaveResearchResultCount":0,"ParentID":null,"ScreeningCandidatePlanGuid":null,"ScreeningUrl":null,"TakePlace":null,"MaterialTypeID":null,"MaterialType":null,"PartCount":0,"IsOrderProductionControl":false,"Uid":"59a705d0-5d70-4760-9e67-33370e2cf097","OrderPerformerServices":[],"OrderResearchAllergens":[],"Results":[],"IsResumed":false,"ExecutionType":0,"ID":"67131209","StrID":"67131209"},"ParameterID":200919,"Parameter":{"ShortNameRU":"общий билирубин в сыворотке крови","ShortNameKZ":"қан сарысуындағы жалпы билирубин","ShortName":"общий билирубин в сыворотке крови","DataType":0,"DataTypeName":"Число","UnitTypeID":100041,"UnitType":null,"MedicalFormID":null,"MasterDataID":0,"MedicalForm":null,"NameWithDataType":"общий билирубин в сыворотке крови  (Число)","NameRU":"общий билирубин в сыворотке крови","NameKZ":"қан сарысуындағы жалпы билирубин","Name":"общий билирубин в сыворотке крови","PublicCode":"20091900","EndDate":null,"ID":"200919","StrID":"200919"},"ParameterValues":null,"ParameterValueID":null,"ParameterValue":null,"ResultText":"14.95","ResultValue":"14.95","ResultDate":"2026-09-02T10:34:15.6767468+05:00","PostID":"189416","Post":null,"ExecuteMethod":2,"SourceResultText":"14.95","SourceResultValue":"14.95","SourceResultExpression":null,"SourceUnitTypeID":100041,"SourceUnitType":{"OrderBy":42,"MasterDataID":null,"CDD_ID":null,"NameRU":"мкмоль/л","NameKZ":"мкмоль/л","Name":"мкмоль/л","PublicCode":"10004100","EndDate":null,"ID":"100041","StrID":"100041"},"MultiplierID":null,"IsApproved":false,"IsValidated":false,"StandardMatchType":0,"ApproveDate":null,"ApprovePostID":null,"ApprovePost":null,"OrderNum":1,"WorkPlaceID":20747,"OrderID":null,"BacteriologyResult":null,"AnalyzerId":38,"IsOrderProductionControl":false,"ID":"207372644","StrID":"207372644"}
02.09.2026 10:34:14	Information:	Result object to save: 
02.09.2026 10:34:14	Information:	{"OrderResearchID":67131210,"OrderResearch":null,"ParameterID":200408,"Parameter":{"ShortNameRU":"АСаТ","ShortNameKZ":"АСаТ","ShortName":"АСаТ","DataType":0,"DataTypeName":"Число","UnitTypeID":100030,"UnitType":{"NameRU":"МЕ/л","NameKZ":"ХБ/л","Name":"МЕ/л","PublicCode":"10003000","OrderBy":31,"ID":100030,"StrID":"100030"},"MedicalFormID":null,"MedicalForm":null,"NameRU":"АСаТ","NameKZ":"АСаТ","Name":"АСаТ","PublicCode":"20040800","OrderBy":null,"ID":200408,"StrID":"200408"},"ParameterValueID":null,"ParameterValue":null,"ResultText":"22.84","ResultValue":null,"ResultDate":"2026-09-02T10:34:15.3471064+05:00","PostID":0,"Post":null,"ExecuteMethod":2,"SourceResultText":"22.84","SourceResultValue":null,"SourceResultExpression":null,"SourceUnitTypeID":100030,"SourceUnitType":{"NameRU":"МЕ/л","NameKZ":"ХБ/л","Name":"МЕ/л","PublicCode":"10003000","OrderBy":31,"ID":100030,"StrID":"100030"},"IsApproved":false,"ApproveDate":null,"ApprovePostID":null,"ApprovePost":null,"OrderNum":1,"WorkPlaceID":20747,"DriverManagerID":150,"BacteriologyResult":null,"AnalyzerId":38,"IsOrderProductionControl":false,"ID":0,"StrID":"0"}
02.09.2026 10:34:14	Information:	Save string: 
02.09.2026 10:34:14	Information:	{"OrderResearchID":67131210,"OrderResearch":{"OrderID":31149907,"ServiceMoID":2163651,"ServiceMoMasterDataID":8269465,"ServiceMo":{"OrgHealthCareID":"45500000000000909","ServiceID":256,"NameRU":"Определение аспартатаминотрансферазы (АСаТ) в сыворотке крови на анализаторе","NameKZ":"Қан сарысуындағы  аспартатаминотрансферазды  (АСаТ) талдауышта анықтау  ","Name":"Определение аспартатаминотрансферазы (АСаТ) в сыворотке крови на анализаторе","ShortNameRU":"Определение аспартатаминотрансферазы (АСаТ) в сыворотке крови на анализаторе","ShortNameKZ":"Қан сарысуындағы  аспартатаминотрансферазды  (АСаТ) талдауышта анықтау  ","ShortName":"Определение аспартатаминотрансферазы (АСаТ) в сыворотке крови на анализаторе","FullName":"B03.293.002 - Определение аспартатаминотрансферазы (АСаТ) в сыворотке крови на анализаторе","Code":"B03.293.002","ExternalCode":null,"ServiceClassID":5,"ServiceClass":{"ServiceTypeID":2,"OrderBy":5,"MasterDataID":5,"NameRU":"Клиническая химия (биохимия)","NameKZ":"Клиникалық химия (биохимия)","Name":"Клиническая химия (биохимия)","PublicCode":"500","EndDate":null,"ID":"5","StrID":"5"},"Service":{"NameRU":"Определение аспартатаминотрансферазы (АСаТ) в сыворотке крови на анализаторе","NameKZ":"Қан сарысуындағы аспартатаминотрансферазды (АСаТ) талдауышта анықтау","Name":"Определение аспартатаминотрансферазы (АСаТ) в сыворотке крови на анализаторе","ShortNameRU":"АСаТ на анализаторе","ShortNameKZ":"АСаТ на анализаторе","ShortName":"АСаТ на анализаторе","FullName":"B03.293.002 - Определение аспартатаминотрансферазы (АСаТ) в сыворотке крови на анализаторе","Code":"B03.293.002","ServiceClassID":5,"ServiceClass":null,"ServiceSubClassID":6,"ServiceSubClass":null,"MaterialTypeID":202,"MaterialType":null,"MasterDataID":3097,"ID":"256","StrID":"256"},"MasterDataID":8269465,"ServiceSubClassID":6,"PayType":1,"ServiceSubClass":null,"ID":"2163651","StrID":"2163651"},"FullName":"B03.293.002 - Определение аспартатаминотрансферазы (АСаТ) в сыворотке крови на анализаторе  () ","IsMain":true,"SourceID":"145083630_34007194","WorkPlaceID":20747,"WorkPlace":null,"DriverManager":null,"ParameterID":null,"Parameter":null,"AdditionalInfo":null,"Status":1,"PerformetServiceCount":7,"ResearchResultCount":0,"ApproveResearchResultCount":0,"NotSaveResearchResultCount":0,"ParentID":null,"ScreeningCandidatePlanGuid":null,"ScreeningUrl":null,"TakePlace":null,"MaterialTypeID":null,"MaterialType":null,"PartCount":0,"IsOrderProductionControl":false,"Uid":"05f8a88c-4edb-4ef0-bec1-046d35372979","OrderPerformerServices":[],"OrderResearchAllergens":[],"Results":[],"IsResumed":false,"ExecutionType":0,"ID":"67131210","StrID":"67131210"},"ParameterID":200408,"Parameter":{"ShortNameRU":"АСаТ","ShortNameKZ":"АСаТ","ShortName":"АСаТ","DataType":0,"DataTypeName":"Число","UnitTypeID":100030,"UnitType":null,"MedicalFormID":null,"MasterDataID":0,"MedicalForm":null,"NameWithDataType":"АСаТ  (Число)","NameRU":"АСаТ","NameKZ":"АСаТ","Name":"АСаТ","PublicCode":"20040800","EndDate":null,"ID":"200408","StrID":"200408"},"ParameterValues":null,"ParameterValueID":null,"ParameterValue":null,"ResultText":"22.84","ResultValue":"22.84","ResultDate":"2026-09-02T10:34:15.739843+05:00","PostID":"189416","Post":null,"ExecuteMethod":2,"SourceResultText":"22.84","SourceResultValue":"22.84","SourceResultExpression":null,"SourceUnitTypeID":100030,"SourceUnitType":{"OrderBy":31,"MasterDataID":null,"CDD_ID":null,"NameRU":"МЕ/л","NameKZ":"ХБ/л","Name":"МЕ/л","PublicCode":"10003000","EndDate":null,"ID":"100030","StrID":"100030"},"MultiplierID":null,"IsApproved":false,"IsValidated":false,"StandardMatchType":0,"ApproveDate":null,"ApprovePostID":null,"ApprovePost":null,"OrderNum":1,"WorkPlaceID":20747,"OrderID":null,"BacteriologyResult":null,"AnalyzerId":38,"IsOrderProductionControl":false,"ID":"207372645","StrID":"207372645"}
02.09.2026 10:34:14	Information:	Result object to save: 
02.09.2026 10:34:14	Information:	{"OrderResearchID":67131206,"OrderResearch":null,"ParameterID":200549,"Parameter":{"ShortNameRU":"глюкоза в сыворотке крови","ShortNameKZ":"қан сарысуындағы глюкоза","ShortName":"глюкоза в сыворотке крови","DataType":0,"DataTypeName":"Число","UnitTypeID":100051,"UnitType":{"NameRU":"ммоль/л","NameKZ":"ммоль/л","Name":"ммоль/л","PublicCode":"10005100","OrderBy":52,"ID":100051,"StrID":"100051"},"MedicalFormID":null,"MedicalForm":null,"NameRU":"глюкоза в сыворотке крови","NameKZ":"қан сарысуындағы глюкоза","Name":"глюкоза в сыворотке крови","PublicCode":"20054900","OrderBy":null,"ID":200549,"StrID":"200549"},"ParameterValueID":null,"ParameterValue":null,"ResultText":"4.20","ResultValue":null,"ResultDate":"2026-09-02T10:34:15.3471064+05:00","PostID":0,"Post":null,"ExecuteMethod":2,"SourceResultText":"4.20","SourceResultValue":null,"SourceResultExpression":null,"SourceUnitTypeID":100051,"SourceUnitType":{"NameRU":"ммоль/л","NameKZ":"ммоль/л","Name":"ммоль/л","PublicCode":"10005100","OrderBy":52,"ID":100051,"StrID":"100051"},"IsApproved":false,"ApproveDate":null,"ApprovePostID":null,"ApprovePost":null,"OrderNum":1,"WorkPlaceID":20747,"DriverManagerID":150,"BacteriologyResult":null,"AnalyzerId":38,"IsOrderProductionControl":false,"ID":0,"StrID":"0"}
02.09.2026 10:34:14	Information:	Save string: 
02.09.2026 10:34:14	Information:	{"OrderResearchID":67131206,"OrderResearch":{"OrderID":31149907,"ServiceMoID":2164501,"ServiceMoMasterDataID":8269499,"ServiceMo":{"OrgHealthCareID":"45500000000000909","ServiceID":290,"NameRU":"Определение глюкозы в сыворотке крови на анализаторе","NameKZ":"Қан сарысуындағы глюкозаны талдауышта анықтау ","Name":"Определение глюкозы в сыворотке крови на анализаторе","ShortNameRU":"Определение глюкозы в сыворотке крови на анализаторе","ShortNameKZ":"Қан сарысуындағы глюкозаны талдауышта анықтау ","ShortName":"Определение глюкозы в сыворотке крови на анализаторе","FullName":"B03.335.002 - Определение глюкозы в сыворотке крови на анализаторе","Code":"B03.335.002","ExternalCode":null,"ServiceClassID":5,"ServiceClass":{"ServiceTypeID":2,"OrderBy":5,"MasterDataID":5,"NameRU":"Клиническая химия (биохимия)","NameKZ":"Клиникалық химия (биохимия)","Name":"Клиническая химия (биохимия)","PublicCode":"500","EndDate":null,"ID":"5","StrID":"5"},"Service":{"NameRU":"Определение глюкозы в сыворотке крови на анализаторе","NameKZ":"Қан сарысуындағы глюкозаны талдауышта анықтау","Name":"Определение глюкозы в сыворотке крови на анализаторе","ShortNameRU":"Глюкоза в сыворотке крови на анализаторе","ShortNameKZ":"Глюкоза в сыворотке крови на анализаторе","ShortName":"Глюкоза в сыворотке крови на анализаторе","FullName":"B03.335.002 - Определение глюкозы в сыворотке крови на анализаторе","Code":"B03.335.002","ServiceClassID":5,"ServiceClass":null,"ServiceSubClassID":6,"ServiceSubClass":null,"MaterialTypeID":202,"MaterialType":null,"MasterDataID":3131,"ID":"290","StrID":"290"},"MasterDataID":8269499,"ServiceSubClassID":6,"PayType":1,"ServiceSubClass":null,"ID":"2164501","StrID":"2164501"},"FullName":"B03.335.002 - Определение глюкозы в сыворотке крови на анализаторе  () ","IsMain":true,"SourceID":"145083630_34007190","WorkPlaceID":20747,"WorkPlace":null,"DriverManager":null,"ParameterID":null,"Parameter":null,"AdditionalInfo":null,"Status":1,"PerformetServiceCount":7,"ResearchResultCount":0,"ApproveResearchResultCount":0,"NotSaveResearchResultCount":0,"ParentID":null,"ScreeningCandidatePlanGuid":null,"ScreeningUrl":null,"TakePlace":null,"MaterialTypeID":null,"MaterialType":null,"PartCount":0,"IsOrderProductionControl":false,"Uid":"98ef8140-5786-4732-a195-9ad36d6cd423","OrderPerformerServices":[],"OrderResearchAllergens":[],"Results":[],"IsResumed":false,"ExecutionType":0,"ID":"67131206","StrID":"67131206"},"ParameterID":200549,"Parameter":{"ShortNameRU":"глюкоза в сыворотке крови","ShortNameKZ":"қан сарысуындағы глюкоза","ShortName":"глюкоза в сыворотке крови","DataType":0,"DataTypeName":"Число","UnitTypeID":100051,"UnitType":null,"MedicalFormID":null,"MasterDataID":0,"MedicalForm":null,"NameWithDataType":"глюкоза в сыворотке крови  (Число)","NameRU":"глюкоза в сыворотке крови","NameKZ":"қан сарысуындағы глюкоза","Name":"глюкоза в сыворотке крови","PublicCode":"20054900","EndDate":null,"ID":"200549","StrID":"200549"},"ParameterValues":null,"ParameterValueID":null,"ParameterValue":null,"ResultText":"4.20","ResultValue":"4.20","ResultDate":"2026-09-02T10:34:15.7870497+05:00","PostID":"189416","Post":null,"ExecuteMethod":2,"SourceResultText":"4.20","SourceResultValue":"4.20","SourceResultExpression":null,"SourceUnitTypeID":100051,"SourceUnitType":{"OrderBy":52,"MasterDataID":null,"CDD_ID":null,"NameRU":"ммоль/л","NameKZ":"ммоль/л","Name":"ммоль/л","PublicCode":"10005100","EndDate":null,"ID":"100051","StrID":"100051"},"MultiplierID":null,"IsApproved":false,"IsValidated":false,"StandardMatchType":0,"ApproveDate":null,"ApprovePostID":null,"ApprovePost":null,"OrderNum":1,"WorkPlaceID":20747,"OrderID":null,"BacteriologyResult":null,"AnalyzerId":38,"IsOrderProductionControl":false,"ID":"207372647","StrID":"207372647"}
02.09.2026 10:34:14	Information:	Result object to save: 
02.09.2026 10:34:14	Information:	{"OrderResearchID":67131211,"OrderResearch":null,"ParameterID":200852,"Parameter":{"ShortNameRU":"мочевина в сыворотке крови","ShortNameKZ":"қан сарысуындағы несепнәр","ShortName":"мочевина в сыворотке крови","DataType":0,"DataTypeName":"Число","UnitTypeID":100051,"UnitType":{"NameRU":"ммоль/л","NameKZ":"ммоль/л","Name":"ммоль/л","PublicCode":"10005100","OrderBy":52,"ID":100051,"StrID":"100051"},"MedicalFormID":null,"MedicalForm":null,"NameRU":"мочевина в сыворотке крови","NameKZ":"қан сарысуындағы несепнәр","Name":"мочевина в сыворотке крови","PublicCode":"20085200","OrderBy":null,"ID":200852,"StrID":"200852"},"ParameterValueID":null,"ParameterValue":null,"ResultText":"3.19","ResultValue":null,"ResultDate":"2026-09-02T10:34:15.3471064+05:00","PostID":0,"Post":null,"ExecuteMethod":2,"SourceResultText":"3.19","SourceResultValue":null,"SourceResultExpression":null,"SourceUnitTypeID":100051,"SourceUnitType":{"NameRU":"ммоль/л","NameKZ":"ммоль/л","Name":"ммоль/л","PublicCode":"10005100","OrderBy":52,"ID":100051,"StrID":"100051"},"IsApproved":false,"ApproveDate":null,"ApprovePostID":null,"ApprovePost":null,"OrderNum":1,"WorkPlaceID":20747,"DriverManagerID":150,"BacteriologyResult":null,"AnalyzerId":38,"IsOrderProductionControl":false,"ID":0,"StrID":"0"}
02.09.2026 10:34:14	Information:	Save string: 
02.09.2026 10:34:14	Information:	{"OrderResearchID":67131211,"OrderResearch":{"OrderID":31149907,"ServiceMoID":2164626,"ServiceMoMasterDataID":8269504,"ServiceMo":{"OrgHealthCareID":"45500000000000909","ServiceID":295,"NameRU":"Определение мочевины в сыворотке крови на анализаторе","NameKZ":"Қан сарысуындағы несепнәрді  талдауышта анықтау ","Name":"Определение мочевины в сыворотке крови на анализаторе","ShortNameRU":"Определение мочевины в сыворотке крови на анализаторе","ShortNameKZ":"Қан сарысуындағы несепнәрді  талдауышта анықтау ","ShortName":"Определение мочевины в сыворотке крови на анализаторе","FullName":"B03.386.002 - Определение мочевины в сыворотке крови на анализаторе","Code":"B03.386.002","ExternalCode":null,"ServiceClassID":5,"ServiceClass":{"ServiceTypeID":2,"OrderBy":5,"MasterDataID":5,"NameRU":"Клиническая химия (биохимия)","NameKZ":"Клиникалық химия (биохимия)","Name":"Клиническая химия (биохимия)","PublicCode":"500","EndDate":null,"ID":"5","StrID":"5"},"Service":{"NameRU":"Определение мочевины в сыворотке крови на анализаторе","NameKZ":"Қан сарысуындағы несепнәрді талдауышта анықтау","Name":"Определение мочевины в сыворотке крови на анализаторе","ShortNameRU":"Мочевина на анализаторе","ShortNameKZ":"Мочевина на анализаторе","ShortName":"Мочевина на анализаторе","FullName":"B03.386.002 - Определение мочевины в сыворотке крови на анализаторе","Code":"B03.386.002","ServiceClassID":5,"ServiceClass":null,"ServiceSubClassID":6,"ServiceSubClass":null,"MaterialTypeID":202,"MaterialType":null,"MasterDataID":3136,"ID":"295","StrID":"295"},"MasterDataID":8269504,"ServiceSubClassID":6,"PayType":1,"ServiceSubClass":null,"ID":"2164626","StrID":"2164626"},"FullName":"B03.386.002 - Определение мочевины в сыворотке крови на анализаторе  () ","IsMain":true,"SourceID":"145083630_34007196","WorkPlaceID":20747,"WorkPlace":null,"DriverManager":null,"ParameterID":null,"Parameter":null,"AdditionalInfo":null,"Status":1,"PerformetServiceCount":7,"ResearchResultCount":0,"ApproveResearchResultCount":0,"NotSaveResearchResultCount":0,"ParentID":null,"ScreeningCandidatePlanGuid":null,"ScreeningUrl":null,"TakePlace":null,"MaterialTypeID":null,"MaterialType":null,"PartCount":0,"IsOrderProductionControl":false,"Uid":"d8769f1d-2d30-4c22-98e5-7d308838df25","OrderPerformerServices":[],"OrderResearchAllergens":[],"Results":[],"IsResumed":false,"ExecutionType":0,"ID":"67131211","StrID":"67131211"},"ParameterID":200852,"Parameter":{"ShortNameRU":"мочевина в сыворотке крови","ShortNameKZ":"қан сарысуындағы несепнәр","ShortName":"мочевина в сыворотке крови","DataType":0,"DataTypeName":"Число","UnitTypeID":100051,"UnitType":null,"MedicalFormID":null,"MasterDataID":0,"MedicalForm":null,"NameWithDataType":"мочевина в сыворотке крови  (Число)","NameRU":"мочевина в сыворотке крови","NameKZ":"қан сарысуындағы несепнәр","Name":"мочевина в сыворотке крови","PublicCode":"20085200","EndDate":null,"ID":"200852","StrID":"200852"},"ParameterValues":null,"ParameterValueID":null,"ParameterValue":null,"ResultText":"3.19","ResultValue":"3.19","ResultDate":"2026-09-02T10:34:15.8344774+05:00","PostID":"189416","Post":null,"ExecuteMethod":2,"SourceResultText":"3.19","SourceResultValue":"3.19","SourceResultExpression":null,"SourceUnitTypeID":100051,"SourceUnitType":{"OrderBy":52,"MasterDataID":null,"CDD_ID":null,"NameRU":"ммоль/л","NameKZ":"ммоль/л","Name":"ммоль/л","PublicCode":"10005100","EndDate":null,"ID":"100051","StrID":"100051"},"MultiplierID":null,"IsApproved":false,"IsValidated":false,"StandardMatchType":0,"ApproveDate":null,"ApprovePostID":null,"ApprovePost":null,"OrderNum":1,"WorkPlaceID":20747,"OrderID":null,"BacteriologyResult":null,"AnalyzerId":38,"IsOrderProductionControl":false,"ID":"207372648","StrID":"207372648"}
02.09.2026 10:34:14	Information:	Result object to save: 
02.09.2026 10:34:14	Information:	{"OrderResearchID":67131212,"OrderResearch":null,"ParameterID":200744,"Parameter":{"ShortNameRU":"креатинин в крови","ShortNameKZ":"қандағы креатинин","ShortName":"креатинин в крови","DataType":0,"DataTypeName":"Число","UnitTypeID":100041,"UnitType":{"NameRU":"мкмоль/л","NameKZ":"мкмоль/л","Name":"мкмоль/л","PublicCode":"10004100","OrderBy":42,"ID":100041,"StrID":"100041"},"MedicalFormID":null,"MedicalForm":null,"NameRU":"креатинин в крови","NameKZ":"қандағы креатинин","Name":"креатинин в крови","PublicCode":"20074400","OrderBy":null,"ID":200744,"StrID":"200744"},"ParameterValueID":null,"ParameterValue":null,"ResultText":"39.1","ResultValue":null,"ResultDate":"2026-09-02T10:34:15.3628283+05:00","PostID":0,"Post":null,"ExecuteMethod":2,"SourceResultText":"39.1","SourceResultValue":null,"SourceResultExpression":null,"SourceUnitTypeID":100041,"SourceUnitType":{"NameRU":"мкмоль/л","NameKZ":"мкмоль/л","Name":"мкмоль/л","PublicCode":"10004100","OrderBy":42,"ID":100041,"StrID":"100041"},"IsApproved":false,"ApproveDate":null,"ApprovePostID":null,"ApprovePost":null,"OrderNum":1,"WorkPlaceID":20747,"DriverManagerID":150,"BacteriologyResult":null,"AnalyzerId":38,"IsOrderProductionControl":false,"ID":0,"StrID":"0"}
02.09.2026 10:34:14	Information:	Save string: 
02.09.2026 10:34:14	Information:	{"OrderResearchID":67131212,"OrderResearch":{"OrderID":31149907,"ServiceMoID":2164651,"ServiceMoMasterDataID":8269505,"ServiceMo":{"OrgHealthCareID":"45500000000000909","ServiceID":296,"NameRU":"Определение креатинина в сыворотке крови на анализаторе","NameKZ":"Қан сарысуындағы  креатининді талдауышта анықтау ","Name":"Определение креатинина в сыворотке крови на анализаторе","ShortNameRU":"Определение креатинина в сыворотке крови на анализаторе","ShortNameKZ":"Қан сарысуындағы  креатининді талдауышта анықтау ","ShortName":"Определение креатинина в сыворотке крови на анализаторе","FullName":"B03.363.002 - Определение креатинина в сыворотке крови на анализаторе","Code":"B03.363.002","ExternalCode":null,"ServiceClassID":5,"ServiceClass":{"ServiceTypeID":2,"OrderBy":5,"MasterDataID":5,"NameRU":"Клиническая химия (биохимия)","NameKZ":"Клиникалық химия (биохимия)","Name":"Клиническая химия (биохимия)","PublicCode":"500","EndDate":null,"ID":"5","StrID":"5"},"Service":{"NameRU":"Определение креатинина в сыворотке крови на анализаторе","NameKZ":"Қан сарысуындағы креатининді талдауышта анықтау","Name":"Определение креатинина в сыворотке крови на анализаторе","ShortNameRU":"Креатинин на анализаторе","ShortNameKZ":"Креатинин на анализаторе","ShortName":"Креатинин на анализаторе","FullName":"B03.363.002 - Определение креатинина в сыворотке крови на анализаторе","Code":"B03.363.002","ServiceClassID":5,"ServiceClass":null,"ServiceSubClassID":6,"ServiceSubClass":null,"MaterialTypeID":202,"MaterialType":null,"MasterDataID":3137,"ID":"296","StrID":"296"},"MasterDataID":8269505,"ServiceSubClassID":6,"PayType":1,"ServiceSubClass":null,"ID":"2164651","StrID":"2164651"},"FullName":"B03.363.002 - Определение креатинина в сыворотке крови на анализаторе  () ","IsMain":true,"SourceID":"145083630_34007195","WorkPlaceID":20747,"WorkPlace":null,"DriverManager":null,"ParameterID":null,"Parameter":null,"AdditionalInfo":null,"Status":1,"PerformetServiceCount":7,"ResearchResultCount":0,"ApproveResearchResultCount":0,"NotSaveResearchResultCount":0,"ParentID":null,"ScreeningCandidatePlanGuid":null,"ScreeningUrl":null,"TakePlace":null,"MaterialTypeID":null,"MaterialType":null,"PartCount":0,"IsOrderProductionControl":false,"Uid":"13d1116c-b044-4896-a774-11f65a93b9b3","OrderPerformerServices":[],"OrderResearchAllergens":[],"Results":[],"IsResumed":false,"ExecutionType":0,"ID":"67131212","StrID":"67131212"},"ParameterID":200744,"Parameter":{"ShortNameRU":"креатинин в крови","ShortNameKZ":"қандағы креатинин","ShortName":"креатинин в крови","DataType":0,"DataTypeName":"Число","UnitTypeID":100041,"UnitType":null,"MedicalFormID":null,"MasterDataID":0,"MedicalForm":null,"NameWithDataType":"креатинин в крови  (Число)","NameRU":"креатинин в крови","NameKZ":"қандағы креатинин","Name":"креатинин в крови","PublicCode":"20074400","EndDate":null,"ID":"200744","StrID":"200744"},"ParameterValues":null,"ParameterValueID":null,"ParameterValue":null,"ResultText":"39.10","ResultValue":"39.10","ResultDate":"2026-09-02T10:34:15.8968634+05:00","PostID":"189416","Post":null,"ExecuteMethod":2,"SourceResultText":"39.10","SourceResultValue":"39.10","SourceResultExpression":null,"SourceUnitTypeID":100041,"SourceUnitType":{"OrderBy":42,"MasterDataID":null,"CDD_ID":null,"NameRU":"мкмоль/л","NameKZ":"мкмоль/л","Name":"мкмоль/л","PublicCode":"10004100","EndDate":null,"ID":"100041","StrID":"100041"},"MultiplierID":null,"IsApproved":false,"IsValidated":false,"StandardMatchType":0,"ApproveDate":null,"ApprovePostID":null,"ApprovePost":null,"OrderNum":1,"WorkPlaceID":20747,"OrderID":null,"BacteriologyResult":null,"AnalyzerId":38,"IsOrderProductionControl":false,"ID":"207372649","StrID":"207372649"}
02.09.2026 10:34:14	Debug:	 SendResults SaveDeviceResults = 474 ms
02.09.2026 10:34:14	Debug:	 total for SendResults = 700 ms
02.09.2026 10:34:35	Information:	refresh tokens
02.09.2026 10:35:10	Information:	Received bytes(encoded):MSH|^~\&|||||20260902103411||ORU^R01|115|P|2.3.1||||0||ASCII|||PID|77|||||||O|||||||||||||||||||||||OBR|77|51566839|5|^|N|20260902100420|20260902100357|20260902100357||1^4||||20260902100357|?????|||||||||||||||||||||||||||||||||OBX|1|NM|CRP|C-Reactive Protein|3.741975|mg/L|-|N|||F||3.741975|20260902103411|||0||OBX|2|NM|CREA-S|Creatinine (Sarcosine Oxidase Method)|31.455769|?mol/L|-|N|||F||31.455769|20260902103341|||0||OBX|3|NM|UREA|Urea|5.777368|mmol/L|-|N|||F||5.777368|20260902103226|||0||
02.09.2026 10:35:10	Information:	Add Frame:
02.09.2026 10:35:10	Information:	MSH|^~\&|||||20260902103411||ORU^R01|115|P|2.3.1||||0||ASCII|||
02.09.2026 10:35:10	Information:	In Header
02.09.2026 10:35:10	Information:	MessageType: ORU
02.09.2026 10:35:10	Information:	After message type
02.09.2026 10:35:10	Information:	After ask
02.09.2026 10:35:10	Information:	After version
02.09.2026 10:35:10	Information:	Add Frame:
02.09.2026 10:35:10	Information:	PID|77|||||||O|||||||||||||||||||||||
02.09.2026 10:35:10	Information:	Add Frame:
02.09.2026 10:35:10	Information:	OBR|77|51566839|5|^|N|20260902100420|20260902100357|20260902100357||1^4||||20260902100357|?????|||||||||||||||||||||||||||||||||
02.09.2026 10:35:10	Information:	Add Frame:
02.09.2026 10:35:10	Information:	OBX|1|NM|CRP|C-Reactive Protein|3.741975|mg/L|-|N|||F||3.741975|20260902103411|||0||
02.09.2026 10:35:10	Information:	Add Frame:
02.09.2026 10:35:10	Information:	OBX|2|NM|CREA-S|Creatinine (Sarcosine Oxidase Method)|31.455769|?mol/L|-|N|||F||31.455769|20260902103341|||0||
02.09.2026 10:35:10	Information:	Add Frame:
02.09.2026 10:35:10	Information:	OBX|3|NM|UREA|Urea|5.777368|mmol/L|-|N|||F||5.777368|20260902103226|||0||
02.09.2026 10:35:10	Information:	Add Frame:
02.09.2026 10:35:10	Information:	
02.09.2026 10:35:10	Debug:	read message: 12ms
02.09.2026 10:35:10	Information:	The answer message is created successfully
02.09.2026 10:35:10	Information:	Sending answer...
02.09.2026 10:35:10	Information:	We are in ORU Message
02.09.2026 10:35:10	Information:	MSH MSH|^~\&|||||20260902103411||ORU^R01|115|P|2.3.1||||0||ASCII||||
02.09.2026 10:35:10	Information:	PID PID|77|||||||O||||||||||||||||||||||||
02.09.2026 10:35:10	Information:	PatientRecord in message is successfully  processed
02.09.2026 10:35:10	Information:	The patient order is successfully processed
02.09.2026 10:35:10	Information:	The order record is successfully processed
02.09.2026 10:35:10	Information:	The order record is successfully processed
02.09.2026 10:35:10	Information:	The order record is successfully processed
02.09.2026 10:35:10	Information:	The ORU message is successfully processed
02.09.2026 10:35:10	Debug:	Process message: 5ms
02.09.2026 10:35:10	Debug:	Total time : 18ms
02.09.2026 10:35:11	Information:	Sended bytes:  11 77 83 72 124 94 126 92 38 124 77 105 110 100 114 97 121 124 124 124 124 50 48 50 54 48 57 48 50 49 48 51 53 49 48 124 124 65 67 75 94 82 48 49 124 49 49 53 124 80 124 50 46 51 46 49 124 124 124 124 48 124 124 117 115 45 97 115 99 105 105 124 124 124 13 77 83 65 124 65 65 124 49 49 53 124 77 101 115 115 97 103 101 32 97 99 99 101 112 116 101 100 124 124 124 48 124 13 28 13
02.09.2026 10:35:11	Information:	Sended string MSH|^~\&|Mindray||||20260902103510||ACK^R01|115|P|2.3.1||||0||us-ascii|||MSA|AA|115|Message accepted|||0|
02.09.2026 10:35:12	Debug:	SendResults:	check DriverRequests=	0	ms
02.09.2026 10:35:12	Information:	ByBarcode 51566839
02.09.2026 10:35:12	Information:	GetLinesByBarcodes
02.09.2026 10:35:12	Information:	{
"WorkPlaceID": 20747,
"BeginDate": "2026-06-03",
"EndDate": "2026-09-03",
"OrderNumber": "51566839",
"Offset": 0,
"Limit": 1
}


02.09.2026 10:35:12	Information:	GetByBarcodeReturn: 
02.09.2026 10:35:12	Information:	{"Data":[{"ID":31153427,"StrID":"31153427","OrderNumber":"51566839","OrderRegDate":"2026-09-02T06:05:22.87","PlanExecutionDate":"2026-09-02T06:04:00","SenderMoID":45500000000000909,"SenderMo":{"NameRU":"Некоммерческое акционерное общество \"Медицинский университет Семей\"","NameKZ":"\"Семей медицина университеті\" коммерциялық емес акционерлік қоғамы","Name":"Некоммерческое акционерное общество \"Медицинский университет Семей\"","ShortNameRU":"НАО \"МУС\"","ShortNameKZ":"\"СМУ\" КеАҚ","ShortName":"НАО \"МУС\"","PublicCode":"237J","AddressRU":"ВКО, г. Семей, ул. Абая Кунанбаева 103","AddressKZ":"ВКО, г. Семей, ул. Абая Кунанбаева 103","Address":"ВКО, г. Семей, ул. Абая Кунанбаева 103","OriginalID":"45500000000000909","IsWork":true,"RegionID":20,"BIN":"190240004938","MasterDataID":4911,"PhonesData":{"OrgHealthCarePhones":[]},"IsPostmortem":false,"IsHospital":true,"Code":null,"ID":"45500000000000909","StrID":"45500000000000909"},"ReceiverMoID":45500000000000909,"ReceiverMo":null,"PatientDetailID":40980281,"PatientDetail":{"PersonID":"2308715","Person":{"IIN":"250313550011","LastName":"ОРАЗХАН","FirstName":"ӘБДІРАХМАН","SecondName":"МАҚСАТҰЛЫ","FullName":"ОРАЗХАН ӘБДІРАХМАН МАҚСАТҰЛЫ","FullNameIOF":"ӘБДІРАХМАН МАҚСАТҰЛЫ ОРАЗХАН","DisplayText":"250313550011 ӘБДІРАХМАН МАҚСАТҰЛЫ ОРАЗХАН 13.03.2025","IinFullName":"250313550011 - ОРАЗХАН ӘБДІРАХМАН МАҚСАТҰЛЫ","BirthDate":"2025-03-13T00:00:00","BirthDateStr":"13.03.2025","DeathDate":null,"DeathDateStr":"","BioSexID":3,"BioSex":null,"NationalityID":null,"Nationality":null,"CitizenshipID":85,"Citizenship":null,"MasterDataID":149885737,"RpnID":"15300000056533415","KmisID":"60300000001795036","Type":1,"Age":0,"IsStillborn":false,"IsEarlyNeonatalDeathUp28days":false,"IsDeadPerson":false,"ID":"2308715","StrID":"2308715"},"AddressRU":"РЕСПУБЛИКА: Казахстан , ОБЛАСТЬ: Абайская , ГОРОД ОБЛ.ЗНАЧ.: Семей , УЛИЦА: РОДНИКОВАЯ, ДОМ: д. 13","AddressKZ":": Қазақстан , : Абай , : Семей Қ. , РОДНИКОВАЯ көшесі, ҮЙ: д. 13","Address":"РЕСПУБЛИКА: Казахстан , ОБЛАСТЬ: Абайская , ГОРОД ОБЛ.ЗНАЧ.: Семей , УЛИЦА: РОДНИКОВАЯ, ДОМ: д. 13","MasterDataAddressID":2682254,"WorkPlace":"н/о","WorkPosition":null,"DocumentNumber":null,"DocumentTypeID":null,"DocumentType":null,"NationalityID":null,"DocumentTypeName":null,"Phones":"+7 (707) 683-39-69","ExternalCardID":"5962473","CardType":1,"CardNumber":"65820","CitizenshipCategoryID":1,"CitizenshipCategory":null,"ResidenceTypeID":3,"ResidenceType":null,"MotherPersonID":243705,"MotherPerson":null,"IsForeigner":false,"IsHomeless":false,"IsDeadPerson":false,"IsResident":true,"ID":"40980281","StrID":"40980281"},"Person":{"IIN":"250313550011","LastName":"ОРАЗХАН","FirstName":"ӘБДІРАХМАН","SecondName":"МАҚСАТҰЛЫ","FullName":"ОРАЗХАН ӘБДІРАХМАН МАҚСАТҰЛЫ","FullNameIOF":"ӘБДІРАХМАН МАҚСАТҰЛЫ ОРАЗХАН","DisplayText":"250313550011 ӘБДІРАХМАН МАҚСАТҰЛЫ ОРАЗХАН 13.03.2025","IinFullName":"250313550011 - ОРАЗХАН ӘБДІРАХМАН МАҚСАТҰЛЫ","BirthDate":"2025-03-13T00:00:00","BirthDateStr":"13.03.2025","DeathDate":null,"DeathDateStr":"","BioSexID":3,"BioSex":null,"NationalityID":null,"Nationality":null,"CitizenshipID":85,"Citizenship":null,"MasterDataID":149885737,"RpnID":"15300000056533415","KmisID":"60300000001795036","Type":1,"Age":0,"IsStillborn":false,"IsEarlyNeonatalDeathUp28days":false,"IsDeadPerson":false,"ID":"2308715","StrID":"2308715"},"IsCito":false,"ExternalSystem":1,"OrderResultFileID":null,"OrderResultFileStorageID":null,"OrderResultDate":null,"Status":1,"DeleteDate":null,"ResultNotes":null,"Comment":"","ExternalOrderNumber":"51566839","ExaminationTypeID":null,"ExaminationType":null,"ExaminationIndicationID":null,"ExaminationIndication":null,"Uid":"CFABF21F-8700-4B0D-ACCD-CB6D7E7E011F","SenderPostFullName":"САКЕНОВА ДАНА МУРАТКАНОВНА","SenderFuncStructureNameRU":"Отделение педиатрии","SenderFuncStructureNameKZ":"Педиатр бөлімі","IsSamplingOfMaterialsAtReceiver":false,"MisID":42171349,"Materials":[{"OrderID":31153427,"Uid":"d3014220-3ba8-4ba5-94c0-33fb41604ff3","MaterialNumber":"51566839","MaterialTypeID":363,"MaterialType":{"OrderBy":0,"ParentID":202,"HasChildren":false,"MasterDataID":489,"Parent":null,"NameRU":"Кровь венозная","NameKZ":"Кровь венозная","Name":"Кровь венозная","PublicCode":"36300","EndDate":null,"ID":"363","StrID":"363"},"TakeDate":"2026-09-02T06:05:00","TakeDateStr":"02.09.2026 06:05","TakePlace":"педиатрия","RejectionReason":null,"RejectionTakenMeasures":null,"ReceiptDate":null,"ReceiptDateStr":null,"RejectionCreatePostID":null,"RejectionCreatePost":null,"SampleCollectorPostIIN":"740708401205","SampleCollectorPostID":null,"Researches":[],"RejectedMaterialImageID":null,"File":null,"ID":"31440200","StrID":"31440200"}],"Researches":[]}],"Total":1}
02.09.2026 10:35:12	Information:	OrderedWW 51566839 Biomat 0 Device 20747
02.09.2026 10:35:12	Information:	ResearchResult
02.09.2026 10:35:12	Information:	{
"OrderID": "31153427",
"WorkPlaceID": 20747
}


02.09.2026 10:35:12	Information:	[{"OrderResearchID":67138335,"OrderResearch":null,"ParameterID":200852,"Parameter":{"ShortNameRU":"мочевина в сыворотке крови","ShortNameKZ":"қан сарысуындағы несепнәр","ShortName":"мочевина в сыворотке крови","DataType":0,"DataTypeName":"Число","UnitTypeID":100051,"UnitType":{"OrderBy":52,"MasterDataID":null,"CDD_ID":null,"NameRU":"ммоль/л","NameKZ":"ммоль/л","Name":"ммоль/л","PublicCode":"10005100","EndDate":null,"ID":"100051","StrID":"100051"},"MedicalFormID":null,"MasterDataID":0,"MedicalForm":null,"NameWithDataType":"мочевина в сыворотке крови  (Число)","NameRU":"мочевина в сыворотке крови","NameKZ":"қан сарысуындағы несепнәр","Name":"мочевина в сыворотке крови","PublicCode":"20085200","EndDate":null,"ID":"200852","StrID":"200852"},"ParameterValues":null,"ParameterValueID":null,"ParameterValue":null,"ResultText":null,"ResultValue":null,"ResultDate":"2026-09-02T10:35:13.4187074+05:00","PostID":"0","Post":null,"ExecuteMethod":2,"SourceResultText":null,"SourceResultValue":null,"SourceResultExpression":null,"SourceUnitTypeID":100051,"SourceUnitType":{"OrderBy":52,"MasterDataID":null,"CDD_ID":null,"NameRU":"ммоль/л","NameKZ":"ммоль/л","Name":"ммоль/л","PublicCode":"10005100","EndDate":null,"ID":"100051","StrID":"100051"},"MultiplierID":null,"IsApproved":false,"IsValidated":false,"StandardMatchType":0,"ApproveDate":null,"ApprovePostID":null,"ApprovePost":null,"OrderNum":1,"WorkPlaceID":20747,"OrderID":null,"BacteriologyResult":null,"AnalyzerId":null,"IsOrderProductionControl":false,"ID":"0","StrID":"0"},{"OrderResearchID":67138334,"OrderResearch":null,"ParameterID":200744,"Parameter":{"ShortNameRU":"креатинин в крови","ShortNameKZ":"қандағы креатинин","ShortName":"креатинин в крови","DataType":0,"DataTypeName":"Число","UnitTypeID":100041,"UnitType":{"OrderBy":42,"MasterDataID":null,"CDD_ID":null,"NameRU":"мкмоль/л","NameKZ":"мкмоль/л","Name":"мкмоль/л","PublicCode":"10004100","EndDate":null,"ID":"100041","StrID":"100041"},"MedicalFormID":null,"MasterDataID":0,"MedicalForm":null,"NameWithDataType":"креатинин в крови  (Число)","NameRU":"креатинин в крови","NameKZ":"қандағы креатинин","Name":"креатинин в крови","PublicCode":"20074400","EndDate":null,"ID":"200744","StrID":"200744"},"ParameterValues":null,"ParameterValueID":null,"ParameterValue":null,"ResultText":null,"ResultValue":null,"ResultDate":"2026-09-02T10:35:13.4187074+05:00","PostID":"0","Post":null,"ExecuteMethod":2,"SourceResultText":null,"SourceResultValue":null,"SourceResultExpression":null,"SourceUnitTypeID":100041,"SourceUnitType":{"OrderBy":42,"MasterDataID":null,"CDD_ID":null,"NameRU":"мкмоль/л","NameKZ":"мкмоль/л","Name":"мкмоль/л","PublicCode":"10004100","EndDate":null,"ID":"100041","StrID":"100041"},"MultiplierID":null,"IsApproved":false,"IsValidated":false,"StandardMatchType":0,"ApproveDate":null,"ApprovePostID":null,"ApprovePost":null,"OrderNum":1,"WorkPlaceID":20747,"OrderID":null,"BacteriologyResult":null,"AnalyzerId":null,"IsOrderProductionControl":false,"ID":"0","StrID":"0"},{"OrderResearchID":67138336,"OrderResearch":null,"ParameterID":201150,"Parameter":{"ShortNameRU":"СРБ","ShortNameKZ":"СРА","ShortName":"СРБ","DataType":0,"DataTypeName":"Число","UnitTypeID":100026,"UnitType":{"OrderBy":27,"MasterDataID":null,"CDD_ID":null,"NameRU":"мг/л","NameKZ":"мг/л","Name":"мг/л","PublicCode":"10002600","EndDate":null,"ID":"100026","StrID":"100026"},"MedicalFormID":null,"MasterDataID":0,"MedicalForm":null,"NameWithDataType":"СРБ  (Число)","NameRU":"СРБ","NameKZ":"СРА","Name":"СРБ","PublicCode":"20115000","EndDate":null,"ID":"201150","StrID":"201150"},"ParameterValues":null,"ParameterValueID":null,"ParameterValue":null,"ResultText":null,"ResultValue":null,"ResultDate":"2026-09-02T10:35:13.4187074+05:00","PostID":"0","Post":null,"ExecuteMethod":2,"SourceResultText":null,"SourceResultValue":null,"SourceResultExpression":null,"SourceUnitTypeID":100026,"SourceUnitType":{"OrderBy":27,"MasterDataID":null,"CDD_ID":null,"NameRU":"мг/л","NameKZ":"мг/л","Name":"мг/л","PublicCode":"10002600","EndDate":null,"ID":"100026","StrID":"100026"},"MultiplierID":null,"IsApproved":false,"IsValidated":false,"StandardMatchType":0,"ApproveDate":null,"ApprovePostID":null,"ApprovePost":null,"OrderNum":1,"WorkPlaceID":20747,"OrderID":null,"BacteriologyResult":null,"AnalyzerId":null,"IsOrderProductionControl":false,"ID":"0","StrID":"0"}]
02.09.2026 10:35:12	Information:	TestsWW spec 200852, spec 200744, spec 201150, 
02.09.2026 10:35:12	Information:	Querry lines count: 1
02.09.2026 10:35:12	Debug:	SendResults:	fix DriverRequests=	347	ms
02.09.2026 10:35:12	Information:	SAMPLE! 51566839 DeviceDriverResult Sample: 51566839 Suggest: . Do Request True
02.09.2026 10:35:12	Information:	Sample request count: 1
02.09.2026 10:35:12	Information:	MU is mg/L
02.09.2026 10:35:12	Information:	Driver Collations count 0
02.09.2026 10:35:12	Information:	MU collations count=0
02.09.2026 10:35:12	Information:	MU is ?mol/L
02.09.2026 10:35:12	Information:	Driver Collations count 0
02.09.2026 10:35:12	Information:	MU collations count=0
02.09.2026 10:35:12	Information:	MU is mmol/L
02.09.2026 10:35:12	Information:	Driver Collations count 0
02.09.2026 10:35:12	Information:	MU collations count=0
02.09.2026 10:35:12	Debug:	SendResults:	SetTestsValues first SetTestsValues=	14	ms
02.09.2026 10:35:12	Debug:	SendResults:	Device Total = 365 ms
02.09.2026 10:35:12	Information:	Saving 51566839
02.09.2026 10:35:12	Information:	Start test result saving
02.09.2026 10:35:12	Information:	Result object to save: 
02.09.2026 10:35:12	Information:	{"OrderResearchID":67138335,"OrderResearch":null,"ParameterID":200852,"Parameter":{"ShortNameRU":"мочевина в сыворотке крови","ShortNameKZ":"қан сарысуындағы несепнәр","ShortName":"мочевина в сыворотке крови","DataType":0,"DataTypeName":"Число","UnitTypeID":100051,"UnitType":{"NameRU":"ммоль/л","NameKZ":"ммоль/л","Name":"ммоль/л","PublicCode":"10005100","OrderBy":52,"ID":100051,"StrID":"100051"},"MedicalFormID":null,"MedicalForm":null,"NameRU":"мочевина в сыворотке крови","NameKZ":"қан сарысуындағы несепнәр","Name":"мочевина в сыворотке крови","PublicCode":"20085200","OrderBy":null,"ID":200852,"StrID":"200852"},"ParameterValueID":null,"ParameterValue":null,"ResultText":"5.78","ResultValue":null,"ResultDate":"2026-09-02T10:35:13.4187074+05:00","PostID":0,"Post":null,"ExecuteMethod":2,"SourceResultText":"5.78","SourceResultValue":null,"SourceResultExpression":null,"SourceUnitTypeID":100051,"SourceUnitType":{"NameRU":"ммоль/л","NameKZ":"ммоль/л","Name":"ммоль/л","PublicCode":"10005100","OrderBy":52,"ID":100051,"StrID":"100051"},"IsApproved":false,"ApproveDate":null,"ApprovePostID":null,"ApprovePost":null,"OrderNum":1,"WorkPlaceID":20747,"DriverManagerID":150,"BacteriologyResult":null,"AnalyzerId":38,"IsOrderProductionControl":false,"ID":0,"StrID":"0"}
02.09.2026 10:35:12	Information:	Save string: 
02.09.2026 10:35:12	Information:	{"OrderResearchID":67138335,"OrderResearch":{"OrderID":31153427,"ServiceMoID":2164626,"ServiceMoMasterDataID":8269504,"ServiceMo":{"OrgHealthCareID":"45500000000000909","ServiceID":295,"NameRU":"Определение мочевины в сыворотке крови на анализаторе","NameKZ":"Қан сарысуындағы несепнәрді  талдауышта анықтау ","Name":"Определение мочевины в сыворотке крови на анализаторе","ShortNameRU":"Определение мочевины в сыворотке крови на анализаторе","ShortNameKZ":"Қан сарысуындағы несепнәрді  талдауышта анықтау ","ShortName":"Определение мочевины в сыворотке крови на анализаторе","FullName":"B03.386.002 - Определение мочевины в сыворотке крови на анализаторе","Code":"B03.386.002","ExternalCode":null,"ServiceClassID":5,"ServiceClass":{"ServiceTypeID":2,"OrderBy":5,"MasterDataID":5,"NameRU":"Клиническая химия (биохимия)","NameKZ":"Клиникалық химия (биохимия)","Name":"Клиническая химия (биохимия)","PublicCode":"500","EndDate":null,"ID":"5","StrID":"5"},"Service":{"NameRU":"Определение мочевины в сыворотке крови на анализаторе","NameKZ":"Қан сарысуындағы несепнәрді талдауышта анықтау","Name":"Определение мочевины в сыворотке крови на анализаторе","ShortNameRU":"Мочевина на анализаторе","ShortNameKZ":"Мочевина на анализаторе","ShortName":"Мочевина на анализаторе","FullName":"B03.386.002 - Определение мочевины в сыворотке крови на анализаторе","Code":"B03.386.002","ServiceClassID":5,"ServiceClass":null,"ServiceSubClassID":6,"ServiceSubClass":null,"MaterialTypeID":202,"MaterialType":null,"MasterDataID":3136,"ID":"295","StrID":"295"},"MasterDataID":8269504,"ServiceSubClassID":6,"PayType":1,"ServiceSubClass":null,"ID":"2164626","StrID":"2164626"},"FullName":"B03.386.002 - Определение мочевины в сыворотке крови на анализаторе  () ","IsMain":true,"SourceID":"145071044_34004394","WorkPlaceID":20747,"WorkPlace":null,"DriverManager":null,"ParameterID":null,"Parameter":null,"AdditionalInfo":null,"Status":1,"PerformetServiceCount":7,"ResearchResultCount":0,"ApproveResearchResultCount":0,"NotSaveResearchResultCount":0,"ParentID":null,"ScreeningCandidatePlanGuid":null,"ScreeningUrl":null,"TakePlace":null,"MaterialTypeID":null,"MaterialType":null,"PartCount":0,"IsOrderProductionControl":false,"Uid":"49024794-ff9b-4df2-98d9-4289d4b9a38c","OrderPerformerServices":[],"OrderResearchAllergens":[],"Results":[],"IsResumed":false,"ExecutionType":0,"ID":"67138335","StrID":"67138335"},"ParameterID":200852,"Parameter":{"ShortNameRU":"мочевина в сыворотке крови","ShortNameKZ":"қан сарысуындағы несепнәр","ShortName":"мочевина в сыворотке крови","DataType":0,"DataTypeName":"Число","UnitTypeID":100051,"UnitType":null,"MedicalFormID":null,"MasterDataID":0,"MedicalForm":null,"NameWithDataType":"мочевина в сыворотке крови  (Число)","NameRU":"мочевина в сыворотке крови","NameKZ":"қан сарысуындағы несепнәр","Name":"мочевина в сыворотке крови","PublicCode":"20085200","EndDate":null,"ID":"200852","StrID":"200852"},"ParameterValues":null,"ParameterValueID":null,"ParameterValue":null,"ResultText":"5.78","ResultValue":"5.78","ResultDate":"2026-09-02T10:35:13.5794704+05:00","PostID":"189416","Post":null,"ExecuteMethod":2,"SourceResultText":"5.78","SourceResultValue":"5.78","SourceResultExpression":null,"SourceUnitTypeID":100051,"SourceUnitType":{"OrderBy":52,"MasterDataID":null,"CDD_ID":null,"NameRU":"ммоль/л","NameKZ":"ммоль/л","Name":"ммоль/л","PublicCode":"10005100","EndDate":null,"ID":"100051","StrID":"100051"},"MultiplierID":null,"IsApproved":false,"IsValidated":false,"StandardMatchType":0,"ApproveDate":null,"ApprovePostID":null,"ApprovePost":null,"OrderNum":1,"WorkPlaceID":20747,"OrderID":null,"BacteriologyResult":null,"AnalyzerId":38,"IsOrderProductionControl":false,"ID":"207372929","StrID":"207372929"}
02.09.2026 10:35:12	Information:	Result object to save: 
02.09.2026 10:35:12	Information:	{"OrderResearchID":67138334,"OrderResearch":null,"ParameterID":200744,"Parameter":{"ShortNameRU":"креатинин в крови","ShortNameKZ":"қандағы креатинин","ShortName":"креатинин в крови","DataType":0,"DataTypeName":"Число","UnitTypeID":100041,"UnitType":{"NameRU":"мкмоль/л","NameKZ":"мкмоль/л","Name":"мкмоль/л","PublicCode":"10004100","OrderBy":42,"ID":100041,"StrID":"100041"},"MedicalFormID":null,"MedicalForm":null,"NameRU":"креатинин в крови","NameKZ":"қандағы креатинин","Name":"креатинин в крови","PublicCode":"20074400","OrderBy":null,"ID":200744,"StrID":"200744"},"ParameterValueID":null,"ParameterValue":null,"ResultText":"31.46","ResultValue":null,"ResultDate":"2026-09-02T10:35:13.4187074+05:00","PostID":0,"Post":null,"ExecuteMethod":2,"SourceResultText":"31.46","SourceResultValue":null,"SourceResultExpression":null,"SourceUnitTypeID":100041,"SourceUnitType":{"NameRU":"мкмоль/л","NameKZ":"мкмоль/л","Name":"мкмоль/л","PublicCode":"10004100","OrderBy":42,"ID":100041,"StrID":"100041"},"IsApproved":false,"ApproveDate":null,"ApprovePostID":null,"ApprovePost":null,"OrderNum":1,"WorkPlaceID":20747,"DriverManagerID":150,"BacteriologyResult":null,"AnalyzerId":38,"IsOrderProductionControl":false,"ID":0,"StrID":"0"}
02.09.2026 10:35:12	Information:	Save string: 
02.09.2026 10:35:12	Information:	{"OrderResearchID":67138334,"OrderResearch":{"OrderID":31153427,"ServiceMoID":2164651,"ServiceMoMasterDataID":8269505,"ServiceMo":{"OrgHealthCareID":"45500000000000909","ServiceID":296,"NameRU":"Определение креатинина в сыворотке крови на анализаторе","NameKZ":"Қан сарысуындағы  креатининді талдауышта анықтау ","Name":"Определение креатинина в сыворотке крови на анализаторе","ShortNameRU":"Определение креатинина в сыворотке крови на анализаторе","ShortNameKZ":"Қан сарысуындағы  креатининді талдауышта анықтау ","ShortName":"Определение креатинина в сыворотке крови на анализаторе","FullName":"B03.363.002 - Определение креатинина в сыворотке крови на анализаторе","Code":"B03.363.002","ExternalCode":null,"ServiceClassID":5,"ServiceClass":{"ServiceTypeID":2,"OrderBy":5,"MasterDataID":5,"NameRU":"Клиническая химия (биохимия)","NameKZ":"Клиникалық химия (биохимия)","Name":"Клиническая химия (биохимия)","PublicCode":"500","EndDate":null,"ID":"5","StrID":"5"},"Service":{"NameRU":"Определение креатинина в сыворотке крови на анализаторе","NameKZ":"Қан сарысуындағы креатининді талдауышта анықтау","Name":"Определение креатинина в сыворотке крови на анализаторе","ShortNameRU":"Креатинин на анализаторе","ShortNameKZ":"Креатинин на анализаторе","ShortName":"Креатинин на анализаторе","FullName":"B03.363.002 - Определение креатинина в сыворотке крови на анализаторе","Code":"B03.363.002","ServiceClassID":5,"ServiceClass":null,"ServiceSubClassID":6,"ServiceSubClass":null,"MaterialTypeID":202,"MaterialType":null,"MasterDataID":3137,"ID":"296","StrID":"296"},"MasterDataID":8269505,"ServiceSubClassID":6,"PayType":1,"ServiceSubClass":null,"ID":"2164651","StrID":"2164651"},"FullName":"B03.363.002 - Определение креатинина в сыворотке крови на анализаторе  () ","IsMain":true,"SourceID":"145071044_34004393","WorkPlaceID":20747,"WorkPlace":null,"DriverManager":null,"ParameterID":null,"Parameter":null,"AdditionalInfo":null,"Status":1,"PerformetServiceCount":7,"ResearchResultCount":0,"ApproveResearchResultCount":0,"NotSaveResearchResultCount":0,"ParentID":null,"ScreeningCandidatePlanGuid":null,"ScreeningUrl":null,"TakePlace":null,"MaterialTypeID":null,"MaterialType":null,"PartCount":0,"IsOrderProductionControl":false,"Uid":"26575593-4f48-4765-b334-b81f295cfb2f","OrderPerformerServices":[],"OrderResearchAllergens":[],"Results":[],"IsResumed":false,"ExecutionType":0,"ID":"67138334","StrID":"67138334"},"ParameterID":200744,"Parameter":{"ShortNameRU":"креатинин в крови","ShortNameKZ":"қандағы креатинин","ShortName":"креатинин в крови","DataType":0,"DataTypeName":"Число","UnitTypeID":100041,"UnitType":null,"MedicalFormID":null,"MasterDataID":0,"MedicalForm":null,"NameWithDataType":"креатинин в крови  (Число)","NameRU":"креатинин в крови","NameKZ":"қандағы креатинин","Name":"креатинин в крови","PublicCode":"20074400","EndDate":null,"ID":"200744","StrID":"200744"},"ParameterValues":null,"ParameterValueID":null,"ParameterValue":null,"ResultText":"31.46","ResultValue":"31.46","ResultDate":"2026-09-02T10:35:13.6493449+05:00","PostID":"189416","Post":null,"ExecuteMethod":2,"SourceResultText":"31.46","SourceResultValue":"31.46","SourceResultExpression":null,"SourceUnitTypeID":100041,"SourceUnitType":{"OrderBy":42,"MasterDataID":null,"CDD_ID":null,"NameRU":"мкмоль/л","NameKZ":"мкмоль/л","Name":"мкмоль/л","PublicCode":"10004100","EndDate":null,"ID":"100041","StrID":"100041"},"MultiplierID":null,"IsApproved":false,"IsValidated":false,"StandardMatchType":0,"ApproveDate":null,"ApprovePostID":null,"ApprovePost":null,"OrderNum":1,"WorkPlaceID":20747,"OrderID":null,"BacteriologyResult":null,"AnalyzerId":38,"IsOrderProductionControl":false,"ID":"207372931","StrID":"207372931"}
02.09.2026 10:35:12	Information:	Result object to save: 
02.09.2026 10:35:12	Information:	{"OrderResearchID":67138336,"OrderResearch":null,"ParameterID":201150,"Parameter":{"ShortNameRU":"СРБ","ShortNameKZ":"СРА","ShortName":"СРБ","DataType":0,"DataTypeName":"Число","UnitTypeID":100026,"UnitType":{"NameRU":"мг/л","NameKZ":"мг/л","Name":"мг/л","PublicCode":"10002600","OrderBy":27,"ID":100026,"StrID":"100026"},"MedicalFormID":null,"MedicalForm":null,"NameRU":"СРБ","NameKZ":"СРА","Name":"СРБ","PublicCode":"20115000","OrderBy":null,"ID":201150,"StrID":"201150"},"ParameterValueID":null,"ParameterValue":null,"ResultText":"3.74","ResultValue":null,"ResultDate":"2026-09-02T10:35:13.4187074+05:00","PostID":0,"Post":null,"ExecuteMethod":2,"SourceResultText":"3.74","SourceResultValue":null,"SourceResultExpression":null,"SourceUnitTypeID":100026,"SourceUnitType":{"NameRU":"мг/л","NameKZ":"мг/л","Name":"мг/л","PublicCode":"10002600","OrderBy":27,"ID":100026,"StrID":"100026"},"IsApproved":false,"ApproveDate":null,"ApprovePostID":null,"ApprovePost":null,"OrderNum":1,"WorkPlaceID":20747,"DriverManagerID":150,"BacteriologyResult":null,"AnalyzerId":38,"IsOrderProductionControl":false,"ID":0,"StrID":"0"}
02.09.2026 10:35:12	Information:	Save string: 
02.09.2026 10:35:12	Information:	{"OrderResearchID":67138336,"OrderResearch":{"OrderID":31153427,"ServiceMoID":2164726,"ServiceMoMasterDataID":8269508,"ServiceMo":{"OrgHealthCareID":"45500000000000909","ServiceID":299,"NameRU":"Определение «C» реактивного белка (СРБ) в сыворотке крови количественно","NameKZ":"Қан сарысуында \"C\" реактивті нәруызын сандық анықтау","Name":"Определение «C» реактивного белка (СРБ) в сыворотке крови количественно","ShortNameRU":"Определение «C» реактивного белка (СРБ) в сыворотке крови количественно","ShortNameKZ":"Қан сарысуында \"C\" реактивті нәруызын сандық анықтау","ShortName":"Определение «C» реактивного белка (СРБ) в сыворотке крови количественно","FullName":"B03.115.002 - Определение «C» реактивного белка (СРБ) в сыворотке крови количественно","Code":"B03.115.002","ExternalCode":null,"ServiceClassID":5,"ServiceClass":{"ServiceTypeID":2,"OrderBy":5,"MasterDataID":5,"NameRU":"Клиническая химия (биохимия)","NameKZ":"Клиникалық химия (биохимия)","Name":"Клиническая химия (биохимия)","PublicCode":"500","EndDate":null,"ID":"5","StrID":"5"},"Service":{"NameRU":"Определение «C» реактивного белка (СРБ) в сыворотке крови количественно","NameKZ":"Қан сарысуында \"C\" реактивті нәруызын сандық анықтау","Name":"Определение «C» реактивного белка (СРБ) в сыворотке крови количественно","ShortNameRU":"СРБ на анализаторе","ShortNameKZ":"СРБ на анализаторе","ShortName":"СРБ на анализаторе","FullName":"B03.115.002 - Определение «C» реактивного белка (СРБ) в сыворотке крови количественно","Code":"B03.115.002","ServiceClassID":5,"ServiceClass":null,"ServiceSubClassID":6,"ServiceSubClass":null,"MaterialTypeID":202,"MaterialType":null,"MasterDataID":3140,"ID":"299","StrID":"299"},"MasterDataID":8269508,"ServiceSubClassID":6,"PayType":1,"ServiceSubClass":null,"ID":"2164726","StrID":"2164726"},"FullName":"B03.115.002 - Определение «C» реактивного белка (СРБ) в сыворотке крови количественно  () ","IsMain":true,"SourceID":"145071044_34004395","WorkPlaceID":20747,"WorkPlace":null,"DriverManager":null,"ParameterID":null,"Parameter":null,"AdditionalInfo":null,"Status":1,"PerformetServiceCount":7,"ResearchResultCount":0,"ApproveResearchResultCount":0,"NotSaveResearchResultCount":0,"ParentID":null,"ScreeningCandidatePlanGuid":null,"ScreeningUrl":null,"TakePlace":null,"MaterialTypeID":null,"MaterialType":null,"PartCount":0,"IsOrderProductionControl":false,"Uid":"f280ea5c-dc19-4e04-a4b7-95191d56cc03","OrderPerformerServices":[],"OrderResearchAllergens":[],"Results":[],"IsResumed":false,"ExecutionType":0,"ID":"67138336","StrID":"67138336"},"ParameterID":201150,"Parameter":{"ShortNameRU":"СРБ","ShortNameKZ":"СРА","ShortName":"СРБ","DataType":0,"DataTypeName":"Число","UnitTypeID":100026,"UnitType":null,"MedicalFormID":null,"MasterDataID":0,"MedicalForm":null,"NameWithDataType":"СРБ  (Число)","NameRU":"СРБ","NameKZ":"СРА","Name":"СРБ","PublicCode":"20115000","EndDate":null,"ID":"201150","StrID":"201150"},"ParameterValues":null,"ParameterValueID":null,"ParameterValue":null,"ResultText":"3.74","ResultValue":"3.74","ResultDate":"2026-09-02T10:35:13.7078591+05:00","PostID":"189416","Post":null,"ExecuteMethod":2,"SourceResultText":"3.74","SourceResultValue":"3.74","SourceResultExpression":null,"SourceUnitTypeID":100026,"SourceUnitType":{"OrderBy":27,"MasterDataID":null,"CDD_ID":null,"NameRU":"мг/л","NameKZ":"мг/л","Name":"мг/л","PublicCode":"10002600","EndDate":null,"ID":"100026","StrID":"100026"},"MultiplierID":null,"IsApproved":false,"IsValidated":false,"StandardMatchType":0,"ApproveDate":null,"ApprovePostID":null,"ApprovePost":null,"OrderNum":1,"WorkPlaceID":20747,"OrderID":null,"BacteriologyResult":null,"AnalyzerId":38,"IsOrderProductionControl":false,"ID":"207372932","StrID":"207372932"}
02.09.2026 10:35:12	Debug:	 SendResults SaveDeviceResults = 274 ms
02.09.2026 10:35:12	Debug:	 total for SendResults = 640 ms
02.09.2026 10:35:24	Information:	url https://lab-vko.dmed.kz/ /api/DriverManager/PingDevice
02.09.2026 10:35:24	Information:	{
"Hash": "w9LjvpRCyoByGV3Lzv0iX9dSI0tLK0uV+pRojL1kufc=",
"Status": 0
}


02.09.2026 10:35:24	Information:	Ping ret is {"Status":0,"Comment":null}
02.09.2026 10:35:25	Information:	Received bytes(encoded):MSH|^~\&|||||20260902103426||ORU^R01|116|P|2.3.1||||0||ASCII|||PID|78|||||||O|||||||||||||||||||||||OBR|78|51565856|6|^|N|20260902100438|20260902100420|20260902100420||1^5||||20260902100420|?????|||||||||||||||||||||||||||||||||OBX|1|NM|Glu-G|Glucose (GOD-POD Method)|4.328112|mmol/L|-|N|||F||4.328112|20260902103426|||0||
02.09.2026 10:35:25	Information:	Add Frame:
02.09.2026 10:35:25	Information:	MSH|^~\&|||||20260902103426||ORU^R01|116|P|2.3.1||||0||ASCII|||
02.09.2026 10:35:25	Information:	In Header
02.09.2026 10:35:25	Information:	MessageType: ORU
02.09.2026 10:35:25	Information:	After message type
02.09.2026 10:35:25	Information:	After ask
02.09.2026 10:35:25	Information:	After version
02.09.2026 10:35:25	Information:	Add Frame:
02.09.2026 10:35:25	Information:	PID|78|||||||O|||||||||||||||||||||||
02.09.2026 10:35:25	Information:	Add Frame:
02.09.2026 10:35:25	Information:	OBR|78|51565856|6|^|N|20260902100438|20260902100420|20260902100420||1^5||||20260902100420|?????|||||||||||||||||||||||||||||||||
02.09.2026 10:35:25	Information:	Add Frame:
02.09.2026 10:35:25	Information:	OBX|1|NM|Glu-G|Glucose (GOD-POD Method)|4.328112|mmol/L|-|N|||F||4.328112|20260902103426|||0||
02.09.2026 10:35:25	Information:	Add Frame:
02.09.2026 10:35:25	Information:	
02.09.2026 10:35:25	Debug:	read message: 10ms
02.09.2026 10:35:25	Information:	The answer message is created successfully
02.09.2026 10:35:25	Information:	Sending answer...
02.09.2026 10:35:25	Information:	We are in ORU Message
02.09.2026 10:35:25	Information:	MSH MSH|^~\&|||||20260902103426||ORU^R01|116|P|2.3.1||||0||ASCII||||
02.09.2026 10:35:25	Information:	PID PID|78|||||||O||||||||||||||||||||||||
02.09.2026 10:35:25	Information:	PatientRecord in message is successfully  processed
02.09.2026 10:35:25	Information:	The patient order is successfully processed
02.09.2026 10:35:25	Information:	The order record is successfully processed
02.09.2026 10:35:25	Information:	The ORU message is successfully processed
02.09.2026 10:35:25	Debug:	Process message: 3ms
02.09.2026 10:35:25	Debug:	Total time : 15ms
02.09.2026 10:35:26	Information:	Sended bytes:  11 77 83 72 124 94 126 92 38 124 77 105 110 100 114 97 121 124 124 124 124 50 48 50 54 48 57 48 50 49 48 51 53 50 53 124 124 65 67 75 94 82 48 49 124 49 49 54 124 80 124 50 46 51 46 49 124 124 124 124 48 124 124 117 115 45 97 115 99 105 105 124 124 124 13 77 83 65 124 65 65 124 49 49 54 124 77 101 115 115 97 103 101 32 97 99 99 101 112 116 101 100 124 124 124 48 124 13 28 13
02.09.2026 10:35:26	Information:	Sended string MSH|^~\&|Mindray||||20260902103525||ACK^R01|116|P|2.3.1||||0||us-ascii|||MSA|AA|116|Message accepted|||0|
02.09.2026 10:35:27	Debug:	SendResults:	check DriverRequests=	0	ms
02.09.2026 10:35:27	Information:	ByBarcode 51565856
02.09.2026 10:35:28	Information:	GetLinesByBarcodes
02.09.2026 10:35:28	Information:	{
"WorkPlaceID": 20747,
"BeginDate": "2026-06-03",
"EndDate": "2026-09-03",
"OrderNumber": "51565856",
"Offset": 0,
"Limit": 1
}


02.09.2026 10:35:28	Information:	GetByBarcodeReturn: 
02.09.2026 10:35:28	Information:	{"Data":[{"ID":31153079,"StrID":"31153079","OrderNumber":"51565856","OrderRegDate":"2026-09-02T00:43:04.853","PlanExecutionDate":"2026-09-02T00:42:00","SenderMoID":45500000000000909,"SenderMo":{"NameRU":"Некоммерческое акционерное общество \"Медицинский университет Семей\"","NameKZ":"\"Семей медицина университеті\" коммерциялық емес акционерлік қоғамы","Name":"Некоммерческое акционерное общество \"Медицинский университет Семей\"","ShortNameRU":"НАО \"МУС\"","ShortNameKZ":"\"СМУ\" КеАҚ","ShortName":"НАО \"МУС\"","PublicCode":"237J","AddressRU":"ВКО, г. Семей, ул. Абая Кунанбаева 103","AddressKZ":"ВКО, г. Семей, ул. Абая Кунанбаева 103","Address":"ВКО, г. Семей, ул. Абая Кунанбаева 103","OriginalID":"45500000000000909","IsWork":true,"RegionID":20,"BIN":"190240004938","MasterDataID":4911,"PhonesData":{"OrgHealthCarePhones":[]},"IsPostmortem":false,"IsHospital":true,"Code":null,"ID":"45500000000000909","StrID":"45500000000000909"},"ReceiverMoID":45500000000000909,"ReceiverMo":null,"PatientDetailID":41074710,"PatientDetail":{"PersonID":"158596","Person":{"IIN":"090829651893","LastName":"СЕРІКОВА","FirstName":"БАЛЫМ","SecondName":"ТӨЛЕУБЕКҚЫЗЫ","FullName":"СЕРІКОВА БАЛЫМ ТӨЛЕУБЕКҚЫЗЫ","FullNameIOF":"БАЛЫМ ТӨЛЕУБЕКҚЫЗЫ СЕРІКОВА","DisplayText":"090829651893 БАЛЫМ ТӨЛЕУБЕКҚЫЗЫ СЕРІКОВА 29.08.2009","IinFullName":"090829651893 - СЕРІКОВА БАЛЫМ ТӨЛЕУБЕКҚЫЗЫ","BirthDate":"2009-08-29T00:00:00","BirthDateStr":"29.08.2009","DeathDate":null,"DeathDateStr":"","BioSexID":2,"BioSex":null,"NationalityID":null,"Nationality":null,"CitizenshipID":null,"Citizenship":null,"MasterDataID":13358982,"RpnID":"15300000015300786","KmisID":"45500000000680996","Type":1,"Age":0,"IsStillborn":false,"IsEarlyNeonatalDeathUp28days":false,"IsDeadPerson":false,"ID":"158596","StrID":"158596"},"AddressRU":"РЕСПУБЛИКА: Казахстан , ОБЛАСТЬ: Абайская , ГОРОД ОБЛ.ЗНАЧ.: Аягоз , УЛИЦА: Школьная  , ДОМ: 23 ","AddressKZ":": Қазақстан , : Абай , : Аягөз Қ. , : Школьная  , YЙ: 23 ","Address":"РЕСПУБЛИКА: Казахстан , ОБЛАСТЬ: Абайская , ГОРОД ОБЛ.ЗНАЧ.: Аягоз , УЛИЦА: Школьная  , ДОМ: 23 ","MasterDataAddressID":8920203,"WorkPlace":"шакарим хайскул 11 класс","WorkPosition":null,"DocumentNumber":"1000442","DocumentTypeID":3,"DocumentType":null,"NationalityID":null,"DocumentTypeName":null,"Phones":"+7 (747) 655-39-65","ExternalCardID":"5973996","CardType":1,"CardNumber":"67480","CitizenshipCategoryID":1,"CitizenshipCategory":null,"ResidenceTypeID":3,"ResidenceType":null,"MotherPersonID":null,"MotherPerson":null,"IsForeigner":false,"IsHomeless":false,"IsDeadPerson":false,"IsResident":true,"ID":"41074710","StrID":"41074710"},"Person":{"IIN":"090829651893","LastName":"СЕРІКОВА","FirstName":"БАЛЫМ","SecondName":"ТӨЛЕУБЕКҚЫЗЫ","FullName":"СЕРІКОВА БАЛЫМ ТӨЛЕУБЕКҚЫЗЫ","FullNameIOF":"БАЛЫМ ТӨЛЕУБЕКҚЫЗЫ СЕРІКОВА","DisplayText":"090829651893 БАЛЫМ ТӨЛЕУБЕКҚЫЗЫ СЕРІКОВА 29.08.2009","IinFullName":"090829651893 - СЕРІКОВА БАЛЫМ ТӨЛЕУБЕКҚЫЗЫ","BirthDate":"2009-08-29T00:00:00","BirthDateStr":"29.08.2009","DeathDate":null,"DeathDateStr":"","BioSexID":2,"BioSex":null,"NationalityID":null,"Nationality":null,"CitizenshipID":null,"Citizenship":null,"MasterDataID":13358982,"RpnID":"15300000015300786","KmisID":"45500000000680996","Type":1,"Age":0,"IsStillborn":false,"IsEarlyNeonatalDeathUp28days":false,"IsDeadPerson":false,"ID":"158596","StrID":"158596"},"IsCito":false,"ExternalSystem":1,"OrderResultFileID":null,"OrderResultFileStorageID":null,"OrderResultDate":null,"Status":1,"DeleteDate":null,"ResultNotes":null,"Comment":"","ExternalOrderNumber":"51565856","ExaminationTypeID":null,"ExaminationType":null,"ExaminationIndicationID":null,"ExaminationIndication":null,"Uid":"C8D56458-01DC-42BA-AC1F-FF2D7EF2B538","SenderPostFullName":"ЕРКЕТАЕВА АКЕРКЕ ХАСЕНОВНА","SenderFuncStructureNameRU":"Отделение детской отоларингологии","SenderFuncStructureNameKZ":"Балалар отоларингология бөлімі","IsSamplingOfMaterialsAtReceiver":false,"MisID":42170691,"Materials":[{"OrderID":31153079,"Uid":"bdf2223a-6d30-4b10-ad4d-5a19c9642115","MaterialNumber":"51565856","MaterialTypeID":363,"MaterialType":{"OrderBy":0,"ParentID":202,"HasChildren":false,"MasterDataID":489,"Parent":null,"NameRU":"Кровь венозная","NameKZ":"Кровь венозная","Name":"Кровь венозная","PublicCode":"36300","EndDate":null,"ID":"363","StrID":"363"},"TakeDate":"2026-09-02T00:42:00","TakeDateStr":"02.09.2026 00:42","TakePlace":"дет лор","RejectionReason":null,"RejectionTakenMeasures":null,"ReceiptDate":null,"ReceiptDateStr":null,"RejectionCreatePostID":null,"RejectionCreatePost":null,"SampleCollectorPostIIN":"770729400633","SampleCollectorPostID":null,"Researches":[],"RejectedMaterialImageID":null,"File":null,"ID":"31439851","StrID":"31439851"}],"Researches":[]}],"Total":1}
02.09.2026 10:35:28	Information:	OrderedWW 51565856 Biomat 0 Device 20747
02.09.2026 10:35:28	Information:	ResearchResult
02.09.2026 10:35:28	Information:	{
"OrderID": "31153079",
"WorkPlaceID": 20747
}


02.09.2026 10:35:28	Information:	[{"OrderResearchID":67137294,"OrderResearch":null,"ParameterID":200549,"Parameter":{"ShortNameRU":"глюкоза в сыворотке крови","ShortNameKZ":"қан сарысуындағы глюкоза","ShortName":"глюкоза в сыворотке крови","DataType":0,"DataTypeName":"Число","UnitTypeID":100051,"UnitType":{"OrderBy":52,"MasterDataID":null,"CDD_ID":null,"NameRU":"ммоль/л","NameKZ":"ммоль/л","Name":"ммоль/л","PublicCode":"10005100","EndDate":null,"ID":"100051","StrID":"100051"},"MedicalFormID":null,"MasterDataID":0,"MedicalForm":null,"NameWithDataType":"глюкоза в сыворотке крови  (Число)","NameRU":"глюкоза в сыворотке крови","NameKZ":"қан сарысуындағы глюкоза","Name":"глюкоза в сыворотке крови","PublicCode":"20054900","EndDate":null,"ID":"200549","StrID":"200549"},"ParameterValues":null,"ParameterValueID":null,"ParameterValue":null,"ResultText":null,"ResultValue":null,"ResultDate":"2026-09-02T10:35:29.0451714+05:00","PostID":"0","Post":null,"ExecuteMethod":2,"SourceResultText":null,"SourceResultValue":null,"SourceResultExpression":null,"SourceUnitTypeID":100051,"SourceUnitType":{"OrderBy":52,"MasterDataID":null,"CDD_ID":null,"NameRU":"ммоль/л","NameKZ":"ммоль/л","Name":"ммоль/л","PublicCode":"10005100","EndDate":null,"ID":"100051","StrID":"100051"},"MultiplierID":null,"IsApproved":false,"IsValidated":false,"StandardMatchType":0,"ApproveDate":null,"ApprovePostID":null,"ApprovePost":null,"OrderNum":1,"WorkPlaceID":20747,"OrderID":null,"BacteriologyResult":null,"AnalyzerId":null,"IsOrderProductionControl":false,"ID":"0","StrID":"0"}]
02.09.2026 10:35:28	Information:	TestsWW spec 200549, 
02.09.2026 10:35:28	Information:	Querry lines count: 1
02.09.2026 10:35:28	Debug:	SendResults:	fix DriverRequests=	101	ms
02.09.2026 10:35:28	Information:	SAMPLE! 51565856 DeviceDriverResult Sample: 51565856 Suggest: . Do Request True
02.09.2026 10:35:28	Information:	Sample request count: 1
02.09.2026 10:35:28	Information:	MU is mmol/L
02.09.2026 10:35:28	Information:	Driver Collations count 0
02.09.2026 10:35:28	Information:	MU collations count=0
02.09.2026 10:35:28	Debug:	SendResults:	SetTestsValues first SetTestsValues=	2	ms
02.09.2026 10:35:28	Debug:	SendResults:	Device Total = 107 ms
02.09.2026 10:35:28	Information:	Saving 51565856
02.09.2026 10:35:28	Information:	Start test result saving
02.09.2026 10:35:28	Information:	Result object to save: 
02.09.2026 10:35:28	Information:	{"OrderResearchID":67137294,"OrderResearch":null,"ParameterID":200549,"Parameter":{"ShortNameRU":"глюкоза в сыворотке крови","ShortNameKZ":"қан сарысуындағы глюкоза","ShortName":"глюкоза в сыворотке крови","DataType":0,"DataTypeName":"Число","UnitTypeID":100051,"UnitType":{"NameRU":"ммоль/л","NameKZ":"ммоль/л","Name":"ммоль/л","PublicCode":"10005100","OrderBy":52,"ID":100051,"StrID":"100051"},"MedicalFormID":null,"MedicalForm":null,"NameRU":"глюкоза в сыворотке крови","NameKZ":"қан сарысуындағы глюкоза","Name":"глюкоза в сыворотке крови","PublicCode":"20054900","OrderBy":null,"ID":200549,"StrID":"200549"},"ParameterValueID":null,"ParameterValue":null,"ResultText":"4.33","ResultValue":null,"ResultDate":"2026-09-02T10:35:29.0451714+05:00","PostID":0,"Post":null,"ExecuteMethod":2,"SourceResultText":"4.33","SourceResultValue":null,"SourceResultExpression":null,"SourceUnitTypeID":100051,"SourceUnitType":{"NameRU":"ммоль/л","NameKZ":"ммоль/л","Name":"ммоль/л","PublicCode":"10005100","OrderBy":52,"ID":100051,"StrID":"100051"},"IsApproved":false,"ApproveDate":null,"ApprovePostID":null,"ApprovePost":null,"OrderNum":1,"WorkPlaceID":20747,"DriverManagerID":150,"BacteriologyResult":null,"AnalyzerId":38,"IsOrderProductionControl":false,"ID":0,"StrID":"0"}
02.09.2026 10:35:28	Information:	Save string: 
02.09.2026 10:35:28	Information:	{"OrderResearchID":67137294,"OrderResearch":{"OrderID":31153079,"ServiceMoID":2164501,"ServiceMoMasterDataID":8269499,"ServiceMo":{"OrgHealthCareID":"45500000000000909","ServiceID":290,"NameRU":"Определение глюкозы в сыворотке крови на анализаторе","NameKZ":"Қан сарысуындағы глюкозаны талдауышта анықтау ","Name":"Определение глюкозы в сыворотке крови на анализаторе","ShortNameRU":"Определение глюкозы в сыворотке крови на анализаторе","ShortNameKZ":"Қан сарысуындағы глюкозаны талдауышта анықтау ","ShortName":"Определение глюкозы в сыворотке крови на анализаторе","FullName":"B03.335.002 - Определение глюкозы в сыворотке крови на анализаторе","Code":"B03.335.002","ExternalCode":null,"ServiceClassID":5,"ServiceClass":{"ServiceTypeID":2,"OrderBy":5,"MasterDataID":5,"NameRU":"Клиническая химия (биохимия)","NameKZ":"Клиникалық химия (биохимия)","Name":"Клиническая химия (биохимия)","PublicCode":"500","EndDate":null,"ID":"5","StrID":"5"},"Service":{"NameRU":"Определение глюкозы в сыворотке крови на анализаторе","NameKZ":"Қан сарысуындағы глюкозаны талдауышта анықтау","Name":"Определение глюкозы в сыворотке крови на анализаторе","ShortNameRU":"Глюкоза в сыворотке крови на анализаторе","ShortNameKZ":"Глюкоза в сыворотке крови на анализаторе","ShortName":"Глюкоза в сыворотке крови на анализаторе","FullName":"B03.335.002 - Определение глюкозы в сыворотке крови на анализаторе","Code":"B03.335.002","ServiceClassID":5,"ServiceClass":null,"ServiceSubClassID":6,"ServiceSubClass":null,"MaterialTypeID":202,"MaterialType":null,"MasterDataID":3131,"ID":"290","StrID":"290"},"MasterDataID":8269499,"ServiceSubClassID":6,"PayType":1,"ServiceSubClass":null,"ID":"2164501","StrID":"2164501"},"FullName":"B03.335.002 - Определение глюкозы в сыворотке крови на анализаторе  () ","IsMain":true,"SourceID":"145103197_34012633","WorkPlaceID":20747,"WorkPlace":null,"DriverManager":null,"ParameterID":null,"Parameter":null,"AdditionalInfo":null,"Status":1,"PerformetServiceCount":7,"ResearchResultCount":0,"ApproveResearchResultCount":0,"NotSaveResearchResultCount":0,"ParentID":null,"ScreeningCandidatePlanGuid":null,"ScreeningUrl":null,"TakePlace":null,"MaterialTypeID":null,"MaterialType":null,"PartCount":0,"IsOrderProductionControl":false,"Uid":"f2f82749-b678-4e1e-aa88-5b3d7e3ea40c","OrderPerformerServices":[],"OrderResearchAllergens":[],"Results":[],"IsResumed":false,"ExecutionType":0,"ID":"67137294","StrID":"67137294"},"ParameterID":200549,"Parameter":{"ShortNameRU":"глюкоза в сыворотке крови","ShortNameKZ":"қан сарысуындағы глюкоза","ShortName":"глюкоза в сыворотке крови","DataType":0,"DataTypeName":"Число","UnitTypeID":100051,"UnitType":null,"MedicalFormID":null,"MasterDataID":0,"MedicalForm":null,"NameWithDataType":"глюкоза в сыворотке крови  (Число)","NameRU":"глюкоза в сыворотке крови","NameKZ":"қан сарысуындағы глюкоза","Name":"глюкоза в сыворотке крови","PublicCode":"20054900","EndDate":null,"ID":"200549","StrID":"200549"},"ParameterValues":null,"ParameterValueID":null,"ParameterValue":null,"ResultText":"4.33","ResultValue":"4.33","ResultDate":"2026-09-02T10:35:29.092044+05:00","PostID":"189416","Post":null,"ExecuteMethod":2,"SourceResultText":"4.33","SourceResultValue":"4.33","SourceResultExpression":null,"SourceUnitTypeID":100051,"SourceUnitType":{"OrderBy":52,"MasterDataID":null,"CDD_ID":null,"NameRU":"ммоль/л","NameKZ":"ммоль/л","Name":"ммоль/л","PublicCode":"10005100","EndDate":null,"ID":"100051","StrID":"100051"},"MultiplierID":null,"IsApproved":false,"IsValidated":false,"StandardMatchType":0,"ApproveDate":null,"ApprovePostID":null,"ApprovePost":null,"OrderNum":1,"WorkPlaceID":20747,"OrderID":null,"BacteriologyResult":null,"AnalyzerId":38,"IsOrderProductionControl":false,"ID":"207372976","StrID":"207372976"}
02.09.2026 10:35:28	Debug:	 SendResults SaveDeviceResults = 57 ms
02.09.2026 10:35:40	Information:	Received bytes(encoded):MSH|^~\&|||||20260902103441||ORU^R01|117|P|2.3.1||||0||ASCII|||PID|79|||||||O|||||||||||||||||||||||OBR|79|51565858|7|^|N|20260902100455|20260902100438|20260902100438||1^6||||20260902100438|?????|||||||||||||||||||||||||||||||||OBX|1|NM|Glu-G|Glucose (GOD-POD Method)|3.891796|mmol/L|-|N|||F||3.891796|20260902103441|||0||
02.09.2026 10:35:40	Information:	Add Frame:
02.09.2026 10:35:40	Information:	MSH|^~\&|||||20260902103441||ORU^R01|117|P|2.3.1||||0||ASCII|||
02.09.2026 10:35:40	Information:	In Header
02.09.2026 10:35:40	Information:	MessageType: ORU
02.09.2026 10:35:40	Information:	After message type
02.09.2026 10:35:40	Information:	After ask
02.09.2026 10:35:40	Information:	After version
02.09.2026 10:35:40	Information:	Add Frame:
02.09.2026 10:35:40	Information:	PID|79|||||||O|||||||||||||||||||||||
02.09.2026 10:35:40	Information:	Add Frame:
02.09.2026 10:35:40	Information:	OBR|79|51565858|7|^|N|20260902100455|20260902100438|20260902100438||1^6||||20260902100438|?????|||||||||||||||||||||||||||||||||
02.09.2026 10:35:40	Information:	Add Frame:
02.09.2026 10:35:40	Information:	OBX|1|NM|Glu-G|Glucose (GOD-POD Method)|3.891796|mmol/L|-|N|||F||3.891796|20260902103441|||0||
02.09.2026 10:35:40	Information:	Add Frame:
02.09.2026 10:35:40	Information:	
02.09.2026 10:35:40	Debug:	read message: 10ms
02.09.2026 10:35:40	Information:	The answer message is created successfully
02.09.2026 10:35:40	Information:	Sending answer...
02.09.2026 10:35:40	Information:	We are in ORU Message
02.09.2026 10:35:40	Information:	MSH MSH|^~\&|||||20260902103441||ORU^R01|117|P|2.3.1||||0||ASCII||||
02.09.2026 10:35:40	Information:	PID PID|79|||||||O||||||||||||||||||||||||
02.09.2026 10:35:40	Information:	PatientRecord in message is successfully  processed
02.09.2026 10:35:40	Information:	The patient order is successfully processed
02.09.2026 10:35:40	Information:	The order record is successfully processed
02.09.2026 10:35:40	Information:	The ORU message is successfully processed
02.09.2026 10:35:40	Debug:	Process message: 4ms
02.09.2026 10:35:40	Debug:	Total time : 15ms
02.09.2026 10:35:41	Information:	Sended bytes:  11 77 83 72 124 94 126 92 38 124 77 105 110 100 114 97 121 124 124 124 124 50 48 50 54 48 57 48 50 49 48 51 53 52 48 124 124 65 67 75 94 82 48 49 124 49 49 55 124 80 124 50 46 51 46 49 124 124 124 124 48 124 124 117 115 45 97 115 99 105 105 124 124 124 13 77 83 65 124 65 65 124 49 49 55 124 77 101 115 115 97 103 101 32 97 99 99 101 112 116 101 100 124 124 124 48 124 13 28 13
02.09.2026 10:35:41	Information:	Sended string MSH|^~\&|Mindray||||20260902103540||ACK^R01|117|P|2.3.1||||0||us-ascii|||MSA|AA|117|Message accepted|||0|
02.09.2026 10:35:43	Debug:	SendResults:	check DriverRequests=	0	ms
02.09.2026 10:35:43	Information:	ByBarcode 51565858
02.09.2026 10:35:43	Information:	GetLinesByBarcodes
02.09.2026 10:35:43	Information:	{
"WorkPlaceID": 20747,
"BeginDate": "2026-06-03",
"EndDate": "2026-09-03",
"OrderNumber": "51565858",
"Offset": 0,
"Limit": 1
}


02.09.2026 10:35:43	Information:	GetByBarcodeReturn: 
02.09.2026 10:35:43	Information:	{"Data":[{"ID":31153082,"StrID":"31153082","OrderNumber":"51565858","OrderRegDate":"2026-09-02T00:44:37.21","PlanExecutionDate":"2026-09-02T00:44:00","SenderMoID":45500000000000909,"SenderMo":{"NameRU":"Некоммерческое акционерное общество \"Медицинский университет Семей\"","NameKZ":"\"Семей медицина университеті\" коммерциялық емес акционерлік қоғамы","Name":"Некоммерческое акционерное общество \"Медицинский университет Семей\"","ShortNameRU":"НАО \"МУС\"","ShortNameKZ":"\"СМУ\" КеАҚ","ShortName":"НАО \"МУС\"","PublicCode":"237J","AddressRU":"ВКО, г. Семей, ул. Абая Кунанбаева 103","AddressKZ":"ВКО, г. Семей, ул. Абая Кунанбаева 103","Address":"ВКО, г. Семей, ул. Абая Кунанбаева 103","OriginalID":"45500000000000909","IsWork":true,"RegionID":20,"BIN":"190240004938","MasterDataID":4911,"PhonesData":{"OrgHealthCarePhones":[]},"IsPostmortem":false,"IsHospital":true,"Code":null,"ID":"45500000000000909","StrID":"45500000000000909"},"ReceiverMoID":45500000000000909,"ReceiverMo":null,"PatientDetailID":41074821,"PatientDetail":{"PersonID":"1849161","Person":{"IIN":"120830504280","LastName":"ҚУАНТАЕВ","FirstName":"МАНСҰР","SecondName":"АСҚАРҰЛЫ","FullName":"ҚУАНТАЕВ МАНСҰР АСҚАРҰЛЫ","FullNameIOF":"МАНСҰР АСҚАРҰЛЫ ҚУАНТАЕВ","DisplayText":"120830504280 МАНСҰР АСҚАРҰЛЫ ҚУАНТАЕВ 30.08.2012","IinFullName":"120830504280 - ҚУАНТАЕВ МАНСҰР АСҚАРҰЛЫ","BirthDate":"2012-08-30T00:00:00","BirthDateStr":"30.08.2012","DeathDate":null,"DeathDateStr":"","BioSexID":3,"BioSex":null,"NationalityID":null,"Nationality":null,"CitizenshipID":85,"Citizenship":null,"MasterDataID":16414851,"RpnID":"15300000018729653","KmisID":"45500000004458463","Type":1,"Age":0,"IsStillborn":false,"IsEarlyNeonatalDeathUp28days":false,"IsDeadPerson":false,"ID":"1849161","StrID":"1849161"},"AddressRU":"РЕСПУБЛИКА: Казахстан , ОБЛАСТЬ: Абайская , ГОРОД ОБЛ.ЗНАЧ.: Семей , УЛИЦА: заезд Азата, ДОМ: 10 ","AddressKZ":": Қазақстан , : Абай , : Семей Қ. , КӨШЕCI: заезд Азата, ҮЙ: 10 ","Address":"РЕСПУБЛИКА: Казахстан , ОБЛАСТЬ: Абайская , ГОРОД ОБЛ.ЗНАЧ.: Семей , УЛИЦА: заезд Азата, ДОМ: 10 ","MasterDataAddressID":2872326,"WorkPlace":"Школа ОСШВИ КГУ«СРЕДНЯЯ ОБЩЕОБРАЗОВАТЕЛЬНАЯ ШКОЛА №4 8 б класс»,","WorkPosition":null,"DocumentNumber":null,"DocumentTypeID":null,"DocumentType":null,"NationalityID":null,"DocumentTypeName":null,"Phones":"+7 (707) 315-64-77","ExternalCardID":"5974111","CardType":1,"CardNumber":"67500","CitizenshipCategoryID":1,"CitizenshipCategory":null,"ResidenceTypeID":4,"ResidenceType":null,"MotherPersonID":null,"MotherPerson":null,"IsForeigner":false,"IsHomeless":false,"IsDeadPerson":false,"IsResident":true,"ID":"41074821","StrID":"41074821"},"Person":{"IIN":"120830504280","LastName":"ҚУАНТАЕВ","FirstName":"МАНСҰР","SecondName":"АСҚАРҰЛЫ","FullName":"ҚУАНТАЕВ МАНСҰР АСҚАРҰЛЫ","FullNameIOF":"МАНСҰР АСҚАРҰЛЫ ҚУАНТАЕВ","DisplayText":"120830504280 МАНСҰР АСҚАРҰЛЫ ҚУАНТАЕВ 30.08.2012","IinFullName":"120830504280 - ҚУАНТАЕВ МАНСҰР АСҚАРҰЛЫ","BirthDate":"2012-08-30T00:00:00","BirthDateStr":"30.08.2012","DeathDate":null,"DeathDateStr":"","BioSexID":3,"BioSex":null,"NationalityID":null,"Nationality":null,"CitizenshipID":85,"Citizenship":null,"MasterDataID":16414851,"RpnID":"15300000018729653","KmisID":"45500000004458463","Type":1,"Age":0,"IsStillborn":false,"IsEarlyNeonatalDeathUp28days":false,"IsDeadPerson":false,"ID":"1849161","StrID":"1849161"},"IsCito":false,"ExternalSystem":1,"OrderResultFileID":null,"OrderResultFileStorageID":null,"OrderResultDate":null,"Status":1,"DeleteDate":null,"ResultNotes":null,"Comment":"","ExternalOrderNumber":"51565858","ExaminationTypeID":null,"ExaminationType":null,"ExaminationIndicationID":null,"ExaminationIndication":null,"Uid":"1CA0D926-3EAA-466A-B81C-B42FA7D371D6","SenderPostFullName":"ЕРКЕТАЕВА АКЕРКЕ ХАСЕНОВНА","SenderFuncStructureNameRU":"Отделение детской отоларингологии","SenderFuncStructureNameKZ":"Балалар отоларингология бөлімі","IsSamplingOfMaterialsAtReceiver":false,"MisID":42170699,"Materials":[{"OrderID":31153082,"Uid":"72ca3739-875e-4690-8074-937adbee114e","MaterialNumber":"51565858","MaterialTypeID":363,"MaterialType":{"OrderBy":0,"ParentID":202,"HasChildren":false,"MasterDataID":489,"Parent":null,"NameRU":"Кровь венозная","NameKZ":"Кровь венозная","Name":"Кровь венозная","PublicCode":"36300","EndDate":null,"ID":"363","StrID":"363"},"TakeDate":"2026-09-02T00:44:00","TakeDateStr":"02.09.2026 00:44","TakePlace":"дет лор","RejectionReason":null,"RejectionTakenMeasures":null,"ReceiptDate":null,"ReceiptDateStr":null,"RejectionCreatePostID":null,"RejectionCreatePost":null,"SampleCollectorPostIIN":"770729400633","SampleCollectorPostID":null,"Researches":[],"RejectedMaterialImageID":null,"File":null,"ID":"31439854","StrID":"31439854"}],"Researches":[]}],"Total":1}
02.09.2026 10:35:43	Information:	OrderedWW 51565858 Biomat 0 Device 20747
02.09.2026 10:35:43	Information:	ResearchResult
02.09.2026 10:35:43	Information:	{
"OrderID": "31153082",
"WorkPlaceID": 20747
}


02.09.2026 10:35:43	Information:	[{"OrderResearchID":67137298,"OrderResearch":null,"ParameterID":200549,"Parameter":{"ShortNameRU":"глюкоза в сыворотке крови","ShortNameKZ":"қан сарысуындағы глюкоза","ShortName":"глюкоза в сыворотке крови","DataType":0,"DataTypeName":"Число","UnitTypeID":100051,"UnitType":{"OrderBy":52,"MasterDataID":null,"CDD_ID":null,"NameRU":"ммоль/л","NameKZ":"ммоль/л","Name":"ммоль/л","PublicCode":"10005100","EndDate":null,"ID":"100051","StrID":"100051"},"MedicalFormID":null,"MasterDataID":0,"MedicalForm":null,"NameWithDataType":"глюкоза в сыворотке крови  (Число)","NameRU":"глюкоза в сыворотке крови","NameKZ":"қан сарысуындағы глюкоза","Name":"глюкоза в сыворотке крови","PublicCode":"20054900","EndDate":null,"ID":"200549","StrID":"200549"},"ParameterValues":null,"ParameterValueID":null,"ParameterValue":null,"ResultText":null,"ResultValue":null,"ResultDate":"2026-09-02T10:35:44.2420385+05:00","PostID":"0","Post":null,"ExecuteMethod":2,"SourceResultText":null,"SourceResultValue":null,"SourceResultExpression":null,"SourceUnitTypeID":100051,"SourceUnitType":{"OrderBy":52,"MasterDataID":null,"CDD_ID":null,"NameRU":"ммоль/л","NameKZ":"ммоль/л","Name":"ммоль/л","PublicCode":"10005100","EndDate":null,"ID":"100051","StrID":"100051"},"MultiplierID":null,"IsApproved":false,"IsValidated":false,"StandardMatchType":0,"ApproveDate":null,"ApprovePostID":null,"ApprovePost":null,"OrderNum":1,"WorkPlaceID":20747,"OrderID":null,"BacteriologyResult":null,"AnalyzerId":null,"IsOrderProductionControl":false,"ID":"0","StrID":"0"}]
02.09.2026 10:35:43	Information:	TestsWW spec 200549, 
02.09.2026 10:35:43	Information:	Querry lines count: 1
02.09.2026 10:35:43	Debug:	SendResults:	fix DriverRequests=	102	ms
02.09.2026 10:35:43	Information:	SAMPLE! 51565858 DeviceDriverResult Sample: 51565858 Suggest: . Do Request True
02.09.2026 10:35:43	Information:	Sample request count: 1
02.09.2026 10:35:43	Information:	MU is mmol/L
02.09.2026 10:35:43	Information:	Driver Collations count 0
02.09.2026 10:35:43	Information:	MU collations count=0
02.09.2026 10:35:43	Debug:	SendResults:	SetTestsValues first SetTestsValues=	2	ms
02.09.2026 10:35:43	Debug:	SendResults:	Device Total = 108 ms
02.09.2026 10:35:43	Information:	Saving 51565858
02.09.2026 10:35:43	Information:	Start test result saving
02.09.2026 10:35:43	Information:	Result object to save: 
02.09.2026 10:35:43	Information:	{"OrderResearchID":67137298,"OrderResearch":null,"ParameterID":200549,"Parameter":{"ShortNameRU":"глюкоза в сыворотке крови","ShortNameKZ":"қан сарысуындағы глюкоза","ShortName":"глюкоза в сыворотке крови","DataType":0,"DataTypeName":"Число","UnitTypeID":100051,"UnitType":{"NameRU":"ммоль/л","NameKZ":"ммоль/л","Name":"ммоль/л","PublicCode":"10005100","OrderBy":52,"ID":100051,"StrID":"100051"},"MedicalFormID":null,"MedicalForm":null,"NameRU":"глюкоза в сыворотке крови","NameKZ":"қан сарысуындағы глюкоза","Name":"глюкоза в сыворотке крови","PublicCode":"20054900","OrderBy":null,"ID":200549,"StrID":"200549"},"ParameterValueID":null,"ParameterValue":null,"ResultText":"3.89","ResultValue":null,"ResultDate":"2026-09-02T10:35:44.2420385+05:00","PostID":0,"Post":null,"ExecuteMethod":2,"SourceResultText":"3.89","SourceResultValue":null,"SourceResultExpression":null,"SourceUnitTypeID":100051,"SourceUnitType":{"NameRU":"ммоль/л","NameKZ":"ммоль/л","Name":"ммоль/л","PublicCode":"10005100","OrderBy":52,"ID":100051,"StrID":"100051"},"IsApproved":false,"ApproveDate":null,"ApprovePostID":null,"ApprovePost":null,"OrderNum":1,"WorkPlaceID":20747,"DriverManagerID":150,"BacteriologyResult":null,"AnalyzerId":38,"IsOrderProductionControl":false,"ID":0,"StrID":"0"}
02.09.2026 10:35:43	Information:	Save string: 
02.09.2026 10:35:43	Information:	{"OrderResearchID":67137298,"OrderResearch":{"OrderID":31153082,"ServiceMoID":2164501,"ServiceMoMasterDataID":8269499,"ServiceMo":{"OrgHealthCareID":"45500000000000909","ServiceID":290,"NameRU":"Определение глюкозы в сыворотке крови на анализаторе","NameKZ":"Қан сарысуындағы глюкозаны талдауышта анықтау ","Name":"Определение глюкозы в сыворотке крови на анализаторе","ShortNameRU":"Определение глюкозы в сыворотке крови на анализаторе","ShortNameKZ":"Қан сарысуындағы глюкозаны талдауышта анықтау ","ShortName":"Определение глюкозы в сыворотке крови на анализаторе","FullName":"B03.335.002 - Определение глюкозы в сыворотке крови на анализаторе","Code":"B03.335.002","ExternalCode":null,"ServiceClassID":5,"ServiceClass":{"ServiceTypeID":2,"OrderBy":5,"MasterDataID":5,"NameRU":"Клиническая химия (биохимия)","NameKZ":"Клиникалық химия (биохимия)","Name":"Клиническая химия (биохимия)","PublicCode":"500","EndDate":null,"ID":"5","StrID":"5"},"Service":{"NameRU":"Определение глюкозы в сыворотке крови на анализаторе","NameKZ":"Қан сарысуындағы глюкозаны талдауышта анықтау","Name":"Определение глюкозы в сыворотке крови на анализаторе","ShortNameRU":"Глюкоза в сыворотке крови на анализаторе","ShortNameKZ":"Глюкоза в сыворотке крови на анализаторе","ShortName":"Глюкоза в сыворотке крови на анализаторе","FullName":"B03.335.002 - Определение глюкозы в сыворотке крови на анализаторе","Code":"B03.335.002","ServiceClassID":5,"ServiceClass":null,"ServiceSubClassID":6,"ServiceSubClass":null,"MaterialTypeID":202,"MaterialType":null,"MasterDataID":3131,"ID":"290","StrID":"290"},"MasterDataID":8269499,"ServiceSubClassID":6,"PayType":1,"ServiceSubClass":null,"ID":"2164501","StrID":"2164501"},"FullName":"B03.335.002 - Определение глюкозы в сыворотке крови на анализаторе  () ","IsMain":true,"SourceID":"145104676_34013228","WorkPlaceID":20747,"WorkPlace":null,"DriverManager":null,"ParameterID":null,"Parameter":null,"AdditionalInfo":null,"Status":1,"PerformetServiceCount":7,"ResearchResultCount":0,"ApproveResearchResultCount":0,"NotSaveResearchResultCount":0,"ParentID":null,"ScreeningCandidatePlanGuid":null,"ScreeningUrl":null,"TakePlace":null,"MaterialTypeID":null,"MaterialType":null,"PartCount":0,"IsOrderProductionControl":false,"Uid":"a08ca68a-cc7f-488b-bd99-a2f681892488","OrderPerformerServices":[],"OrderResearchAllergens":[],"Results":[],"IsResumed":false,"ExecutionType":0,"ID":"67137298","StrID":"67137298"},"ParameterID":200549,"Parameter":{"ShortNameRU":"глюкоза в сыворотке крови","ShortNameKZ":"қан сарысуындағы глюкоза","ShortName":"глюкоза в сыворотке крови","DataType":0,"DataTypeName":"Число","UnitTypeID":100051,"UnitType":null,"MedicalFormID":null,"MasterDataID":0,"MedicalForm":null,"NameWithDataType":"глюкоза в сыворотке крови  (Число)","NameRU":"глюкоза в сыворотке крови","NameKZ":"қан сарысуындағы глюкоза","Name":"глюкоза в сыворотке крови","PublicCode":"20054900","EndDate":null,"ID":"200549","StrID":"200549"},"ParameterValues":null,"ParameterValueID":null,"ParameterValue":null,"ResultText":"3.89","ResultValue":"3.89","ResultDate":"2026-09-02T10:35:44.2897701+05:00","PostID":"189416","Post":null,"ExecuteMethod":2,"SourceResultText":"3.89","SourceResultValue":"3.89","SourceResultExpression":null,"SourceUnitTypeID":100051,"SourceUnitType":{"OrderBy":52,"MasterDataID":null,"CDD_ID":null,"NameRU":"ммоль/л","NameKZ":"ммоль/л","Name":"ммоль/л","PublicCode":"10005100","EndDate":null,"ID":"100051","StrID":"100051"},"MultiplierID":null,"IsApproved":false,"IsValidated":false,"StandardMatchType":0,"ApproveDate":null,"ApprovePostID":null,"ApprovePost":null,"OrderNum":1,"WorkPlaceID":20747,"OrderID":null,"BacteriologyResult":null,"AnalyzerId":38,"IsOrderProductionControl":false,"ID":"207373036","StrID":"207373036"}
02.09.2026 10:35:43	Debug:	 SendResults SaveDeviceResults = 56 ms
02.09.2026 10:37:25	Information:	url https://lab-vko.dmed.kz/ /api/DriverManager/PingDevice
02.09.2026 10:37:25	Information:	{
"Hash": "w9LjvpRCyoByGV3Lzv0iX9dSI0tLK0uV+pRojL1kufc=",
"Status": 0
}


02.09.2026 10:37:25	Information:	Ping ret is {"Status":0,"Comment":null}
02.09.2026 10:37:27	Information:	Received bytes(encoded):MSH|^~\&|||||20260902103628||ORU^R01|118|P|2.3.1||||0||ASCII|||PID|80|||||||O|||||||||||||||||||||||OBR|80|51562191|8|^|N|20260902100526|20260902100455|20260902100455||1^7||||20260902100455|?????|||||||||||||||||||||||||||||||||OBX|1|NM|Glu-G|Glucose (GOD-POD Method)|4.900494|mmol/L|-|N|||F||4.900494|20260902103556|||0||OBX|2|NM|T-Bil-V|Bilirubin Total (VOX Method)|8.436963|?mol/L|-|N|||F||8.436963|20260902103558|||0||OBX|3|NM|D-Bil-V|Bilirubin Direct (VOX Method)|3.089842|?mol/L|-|N|||F||3.089842|20260902103613|||0||OBX|4|NM|ALT|Alanine Aminotransferase|10.083928|U/L|-|N|||F||10.083928|20260902103426|||0||OBX|5|NM|AST|Aspartate Aminotransferase|16.643838|U/L|-|N|||F||16.643838|20260902103441|||0||OBX|6|NM|TP|Total Protein|82.470825|g/L|-|N|||F||82.470825|20260902103628|||0||OBX|7|NM||AST/ALT|1.643564||-|N|||F||1.643564||||||
02.09.2026 10:37:27	Information:	Add Frame:
02.09.2026 10:37:27	Information:	MSH|^~\&|||||20260902103628||ORU^R01|118|P|2.3.1||||0||ASCII|||
02.09.2026 10:37:27	Information:	In Header
02.09.2026 10:37:27	Information:	MessageType: ORU
02.09.2026 10:37:27	Information:	After message type
02.09.2026 10:37:27	Information:	After ask
02.09.2026 10:37:27	Information:	After version
02.09.2026 10:37:27	Information:	Add Frame:
02.09.2026 10:37:27	Information:	PID|80|||||||O|||||||||||||||||||||||
02.09.2026 10:37:27	Information:	Add Frame:
02.09.2026 10:37:27	Information:	OBR|80|51562191|8|^|N|20260902100526|20260902100455|20260902100455||1^7||||20260902100455|?????|||||||||||||||||||||||||||||||||
02.09.2026 10:37:27	Information:	Add Frame:
02.09.2026 10:37:27	Information:	OBX|1|NM|Glu-G|Glucose (GOD-POD Method)|4.900494|mmol/L|-|N|||F||4.900494|20260902103556|||0||
02.09.2026 10:37:27	Information:	Add Frame:
02.09.2026 10:37:27	Information:	OBX|2|NM|T-Bil-V|Bilirubin Total (VOX Method)|8.436963|?mol/L|-|N|||F||8.436963|20260902103558|||0||
02.09.2026 10:37:27	Information:	Add Frame:
02.09.2026 10:37:27	Information:	OBX|3|NM|D-Bil-V|Bilirubin Direct (VOX Method)|3.089842|?mol/L|-|N|||F||3.089842|20260902103613|||0||
02.09.2026 10:37:27	Information:	Add Frame:
02.09.2026 10:37:27	Information:	OBX|4|NM|ALT|Alanine Aminotransferase|10.083928|U/L|-|N|||F||10.083928|20260902103426|||0||
02.09.2026 10:37:27	Information:	Add Frame:
02.09.2026 10:37:27	Information:	OBX|5|NM|AST|Aspartate Aminotransferase|16.643838|U/L|-|N|||F||16.643838|20260902103441|||0||
02.09.2026 10:37:27	Information:	Add Frame:
02.09.2026 10:37:27	Information:	OBX|6|NM|TP|Total Protein|82.470825|g/L|-|N|||F||82.470825|20260902103628|||0||
02.09.2026 10:37:27	Information:	Add Frame:
02.09.2026 10:37:27	Information:	OBX|7|NM||AST/ALT|1.643564||-|N|||F||1.643564||||||
02.09.2026 10:37:27	Information:	Add Frame:
02.09.2026 10:37:27	Information:	
02.09.2026 10:37:27	Debug:	read message: 16ms
02.09.2026 10:37:27	Information:	The answer message is created successfully
02.09.2026 10:37:27	Information:	Sending answer...
02.09.2026 10:37:27	Information:	We are in ORU Message
02.09.2026 10:37:27	Information:	MSH MSH|^~\&|||||20260902103628||ORU^R01|118|P|2.3.1||||0||ASCII||||
02.09.2026 10:37:27	Information:	PID PID|80|||||||O||||||||||||||||||||||||
02.09.2026 10:37:27	Information:	PatientRecord in message is successfully  processed
02.09.2026 10:37:27	Information:	The patient order is successfully processed
02.09.2026 10:37:27	Information:	The order record is successfully processed
02.09.2026 10:37:27	Information:	The order record is successfully processed
02.09.2026 10:37:27	Information:	The order record is successfully processed
02.09.2026 10:37:27	Information:	The order record is successfully processed
02.09.2026 10:37:27	Information:	The order record is successfully processed
02.09.2026 10:37:27	Information:	The order record is successfully processed
02.09.2026 10:37:27	Information:	The order record is successfully processed
02.09.2026 10:37:27	Information:	The ORU message is successfully processed
02.09.2026 10:37:27	Debug:	Process message: 6ms
02.09.2026 10:37:27	Debug:	Total time : 23ms
02.09.2026 10:37:28	Information:	Sended bytes:  11 77 83 72 124 94 126 92 38 124 77 105 110 100 114 97 121 124 124 124 124 50 48 50 54 48 57 48 50 49 48 51 55 50 55 124 124 65 67 75 94 82 48 49 124 49 49 56 124 80 124 50 46 51 46 49 124 124 124 124 48 124 124 117 115 45 97 115 99 105 105 124 124 124 13 77 83 65 124 65 65 124 49 49 56 124 77 101 115 115 97 103 101 32 97 99 99 101 112 116 101 100 124 124 124 48 124 13 28 13
02.09.2026 10:37:28	Information:	Sended string MSH|^~\&|Mindray||||20260902103727||ACK^R01|118|P|2.3.1||||0||us-ascii|||MSA|AA|118|Message accepted|||0|
02.09.2026 10:37:28	Debug:	SendResults:	check DriverRequests=	0	ms
02.09.2026 10:37:28	Information:	ByBarcode 51562191
02.09.2026 10:37:28	Information:	GetLinesByBarcodes
02.09.2026 10:37:28	Information:	{
"WorkPlaceID": 20747,
"BeginDate": "2026-06-03",
"EndDate": "2026-09-03",
"OrderNumber": "51562191",
"Offset": 0,
"Limit": 1
}


02.09.2026 10:37:28	Information:	GetByBarcodeReturn: 
02.09.2026 10:37:28	Information:	{"Data":[{"ID":31153579,"StrID":"31153579","OrderNumber":"51562191","OrderRegDate":"2026-09-02T06:34:37.807","PlanExecutionDate":"2026-09-02T06:34:00","SenderMoID":45500000000000909,"SenderMo":{"NameRU":"Некоммерческое акционерное общество \"Медицинский университет Семей\"","NameKZ":"\"Семей медицина университеті\" коммерциялық емес акционерлік қоғамы","Name":"Некоммерческое акционерное общество \"Медицинский университет Семей\"","ShortNameRU":"НАО \"МУС\"","ShortNameKZ":"\"СМУ\" КеАҚ","ShortName":"НАО \"МУС\"","PublicCode":"237J","AddressRU":"ВКО, г. Семей, ул. Абая Кунанбаева 103","AddressKZ":"ВКО, г. Семей, ул. Абая Кунанбаева 103","Address":"ВКО, г. Семей, ул. Абая Кунанбаева 103","OriginalID":"45500000000000909","IsWork":true,"RegionID":20,"BIN":"190240004938","MasterDataID":4911,"PhonesData":{"OrgHealthCarePhones":[]},"IsPostmortem":false,"IsHospital":true,"Code":null,"ID":"45500000000000909","StrID":"45500000000000909"},"ReceiverMoID":45500000000000909,"ReceiverMo":null,"PatientDetailID":41074868,"PatientDetail":{"PersonID":"2292356","Person":{"IIN":"100202651131","LastName":"СОВЕТҚАНОВА","FirstName":"ТОЛҒАНАЙ","SecondName":"АРДАҚҚЫЗЫ","FullName":"СОВЕТҚАНОВА ТОЛҒАНАЙ АРДАҚҚЫЗЫ","FullNameIOF":"ТОЛҒАНАЙ АРДАҚҚЫЗЫ СОВЕТҚАНОВА","DisplayText":"100202651131 ТОЛҒАНАЙ АРДАҚҚЫЗЫ СОВЕТҚАНОВА 02.02.2010","IinFullName":"100202651131 - СОВЕТҚАНОВА ТОЛҒАНАЙ АРДАҚҚЫЗЫ","BirthDate":"2010-02-02T00:00:00","BirthDateStr":"02.02.2010","DeathDate":null,"DeathDateStr":"","BioSexID":2,"BioSex":null,"NationalityID":null,"Nationality":null,"CitizenshipID":null,"Citizenship":null,"MasterDataID":14489852,"RpnID":"15300000015018827","KmisID":"45500000000984372","Type":1,"Age":0,"IsStillborn":false,"IsEarlyNeonatalDeathUp28days":false,"IsDeadPerson":false,"ID":"2292356","StrID":"2292356"},"AddressRU":"РЕСПУБЛИКА: Казахстан , ОБЛАСТЬ: Абайская , ГОРОД ОБЛ.ЗНАЧ.: Семей , ПЕРЕУЛОК: 2-Й ПОС ЗАПАДНЫЙ, ДОМ: д. 11 ","AddressKZ":": Қазақстан , : Абай , : Семей Қ. , 2-Й ПОС ЗАПАДНЫЙ орамы, ҮЙ: д. 11 ","Address":"РЕСПУБЛИКА: Казахстан , ОБЛАСТЬ: Абайская , ГОРОД ОБЛ.ЗНАЧ.: Семей , ПЕРЕУЛОК: 2-Й ПОС ЗАПАДНЫЙ, ДОМ: д. 11 ","MasterDataAddressID":6522435,"WorkPlace":"Школа  Абай атындағы ММГИ мектебі кл11","WorkPosition":null,"DocumentNumber":"1025089","DocumentTypeID":3,"DocumentType":null,"NationalityID":null,"DocumentTypeName":null,"Phones":"+7 (702) 650-02-84","ExternalCardID":"5974173","CardType":1,"CardNumber":"67508","CitizenshipCategoryID":1,"CitizenshipCategory":null,"ResidenceTypeID":3,"ResidenceType":null,"MotherPersonID":null,"MotherPerson":null,"IsForeigner":false,"IsHomeless":false,"IsDeadPerson":false,"IsResident":true,"ID":"41074868","StrID":"41074868"},"Person":{"IIN":"100202651131","LastName":"СОВЕТҚАНОВА","FirstName":"ТОЛҒАНАЙ","SecondName":"АРДАҚҚЫЗЫ","FullName":"СОВЕТҚАНОВА ТОЛҒАНАЙ АРДАҚҚЫЗЫ","FullNameIOF":"ТОЛҒАНАЙ АРДАҚҚЫЗЫ СОВЕТҚАНОВА","DisplayText":"100202651131 ТОЛҒАНАЙ АРДАҚҚЫЗЫ СОВЕТҚАНОВА 02.02.2010","IinFullName":"100202651131 - СОВЕТҚАНОВА ТОЛҒАНАЙ АРДАҚҚЫЗЫ","BirthDate":"2010-02-02T00:00:00","BirthDateStr":"02.02.2010","DeathDate":null,"DeathDateStr":"","BioSexID":2,"BioSex":null,"NationalityID":null,"Nationality":null,"CitizenshipID":null,"Citizenship":null,"MasterDataID":14489852,"RpnID":"15300000015018827","KmisID":"45500000000984372","Type":1,"Age":0,"IsStillborn":false,"IsEarlyNeonatalDeathUp28days":false,"IsDeadPerson":false,"ID":"2292356","StrID":"2292356"},"IsCito":false,"ExternalSystem":1,"OrderResultFileID":null,"OrderResultFileStorageID":null,"OrderResultDate":null,"Status":1,"DeleteDate":null,"ResultNotes":null,"Comment":"","ExternalOrderNumber":"51562191","ExaminationTypeID":null,"ExaminationType":null,"ExaminationIndicationID":null,"ExaminationIndication":null,"Uid":"D586C7EF-C6D6-41BD-BC7A-21C19158A86E","SenderPostFullName":"МАҚАНОВ ӘЛИ ТОҚТАҒАНҰЛЫ","SenderFuncStructureNameRU":"Отделение детской челюстно-лицевой хирургии","SenderFuncStructureNameKZ":"Отделение детской челюстно-лицевой хирургии","IsSamplingOfMaterialsAtReceiver":false,"MisID":42171608,"Materials":[{"OrderID":31153579,"Uid":"9bc12d54-f1d4-414f-b75e-d0fd778d27c1","MaterialNumber":"51562191","MaterialTypeID":363,"MaterialType":{"OrderBy":0,"ParentID":202,"HasChildren":false,"MasterDataID":489,"Parent":null,"NameRU":"Кровь венозная","NameKZ":"Кровь венозная","Name":"Кровь венозная","PublicCode":"36300","EndDate":null,"ID":"363","StrID":"363"},"TakeDate":"2026-09-02T06:34:00","TakeDateStr":"02.09.2026 06:34","TakePlace":"ДЕТ ЧЛХ","RejectionReason":null,"RejectionTakenMeasures":null,"ReceiptDate":null,"ReceiptDateStr":null,"RejectionCreatePostID":null,"RejectionCreatePost":null,"SampleCollectorPostIIN":"851030402322","SampleCollectorPostID":null,"Researches":[],"RejectedMaterialImageID":null,"File":null,"ID":"31440352","StrID":"31440352"}],"Researches":[]}],"Total":1}
02.09.2026 10:37:28	Information:	OrderedWW 51562191 Biomat 0 Device 20747
02.09.2026 10:37:29	Information:	ResearchResult
02.09.2026 10:37:29	Information:	{
"OrderID": "31153579",
"WorkPlaceID": 20747
}


02.09.2026 10:37:29	Information:	[{"OrderResearchID":67138724,"OrderResearch":null,"ParameterID":200918,"Parameter":{"ShortNameRU":"общий белок в сыворотке крови","ShortNameKZ":"қан сарысуындағы жалпы ақуыз","ShortName":"общий белок в сыворотке крови","DataType":0,"DataTypeName":"Число","UnitTypeID":100012,"UnitType":{"OrderBy":13,"MasterDataID":null,"CDD_ID":null,"NameRU":"г/л","NameKZ":"г/л","Name":"г/л","PublicCode":"10001200","EndDate":null,"ID":"100012","StrID":"100012"},"MedicalFormID":null,"MasterDataID":0,"MedicalForm":null,"NameWithDataType":"общий белок в сыворотке крови  (Число)","NameRU":"общий белок в сыворотке крови","NameKZ":"қан сарысуындағы жалпы ақуыз","Name":"общий белок в сыворотке крови","PublicCode":"20091800","EndDate":null,"ID":"200918","StrID":"200918"},"ParameterValues":null,"ParameterValueID":null,"ParameterValue":null,"ResultText":null,"ResultValue":null,"ResultDate":"2026-09-02T10:37:30.0164301+05:00","PostID":"0","Post":null,"ExecuteMethod":2,"SourceResultText":null,"SourceResultValue":null,"SourceResultExpression":null,"SourceUnitTypeID":100012,"SourceUnitType":{"OrderBy":13,"MasterDataID":null,"CDD_ID":null,"NameRU":"г/л","NameKZ":"г/л","Name":"г/л","PublicCode":"10001200","EndDate":null,"ID":"100012","StrID":"100012"},"MultiplierID":null,"IsApproved":false,"IsValidated":false,"StandardMatchType":0,"ApproveDate":null,"ApprovePostID":null,"ApprovePost":null,"OrderNum":1,"WorkPlaceID":20747,"OrderID":null,"BacteriologyResult":null,"AnalyzerId":null,"IsOrderProductionControl":false,"ID":"0","StrID":"0"},{"OrderResearchID":67138725,"OrderResearch":null,"ParameterID":200357,"Parameter":{"ShortNameRU":"АЛаТ","ShortNameKZ":"АЛаТ","ShortName":"АЛаТ","DataType":0,"DataTypeName":"Число","UnitTypeID":100030,"UnitType":{"OrderBy":31,"MasterDataID":null,"CDD_ID":null,"NameRU":"МЕ/л","NameKZ":"ХБ/л","Name":"МЕ/л","PublicCode":"10003000","EndDate":null,"ID":"100030","StrID":"100030"},"MedicalFormID":null,"MasterDataID":0,"MedicalForm":null,"NameWithDataType":"АЛаТ  (Число)","NameRU":"АЛаТ","NameKZ":"АЛаТ","Name":"АЛаТ","PublicCode":"20035700","EndDate":null,"ID":"200357","StrID":"200357"},"ParameterValues":null,"ParameterValueID":null,"ParameterValue":null,"ResultText":null,"ResultValue":null,"ResultDate":"2026-09-02T10:37:30.0169531+05:00","PostID":"0","Post":null,"ExecuteMethod":2,"SourceResultText":null,"SourceResultValue":null,"SourceResultExpression":null,"SourceUnitTypeID":100030,"SourceUnitType":{"OrderBy":31,"MasterDataID":null,"CDD_ID":null,"NameRU":"МЕ/л","NameKZ":"ХБ/л","Name":"МЕ/л","PublicCode":"10003000","EndDate":null,"ID":"100030","StrID":"100030"},"MultiplierID":null,"IsApproved":false,"IsValidated":false,"StandardMatchType":0,"ApproveDate":null,"ApprovePostID":null,"ApprovePost":null,"OrderNum":1,"WorkPlaceID":20747,"OrderID":null,"BacteriologyResult":null,"AnalyzerId":null,"IsOrderProductionControl":false,"ID":"0","StrID":"0"},{"OrderResearchID":67138726,"OrderResearch":null,"ParameterID":201032,"Parameter":{"ShortNameRU":"прямой билирубин в сыворотке крови","ShortNameKZ":"қан сарысуындағы тікелей билирубин","ShortName":"прямой билирубин в сыворотке крови","DataType":0,"DataTypeName":"Число","UnitTypeID":100041,"UnitType":{"OrderBy":42,"MasterDataID":null,"CDD_ID":null,"NameRU":"мкмоль/л","NameKZ":"мкмоль/л","Name":"мкмоль/л","PublicCode":"10004100","EndDate":null,"ID":"100041","StrID":"100041"},"MedicalFormID":null,"MasterDataID":0,"MedicalForm":null,"NameWithDataType":"прямой билирубин в сыворотке крови  (Число)","NameRU":"прямой билирубин в сыворотке крови","NameKZ":"қан сарысуындағы тікелей билирубин","Name":"прямой билирубин в сыворотке крови","PublicCode":"20103200","EndDate":null,"ID":"201032","StrID":"201032"},"ParameterValues":null,"ParameterValueID":null,"ParameterValue":null,"ResultText":null,"ResultValue":null,"ResultDate":"2026-09-02T10:37:30.0224555+05:00","PostID":"0","Post":null,"ExecuteMethod":2,"SourceResultText":null,"SourceResultValue":null,"SourceResultExpression":null,"SourceUnitTypeID":100041,"SourceUnitType":{"OrderBy":42,"MasterDataID":null,"CDD_ID":null,"NameRU":"мкмоль/л","NameKZ":"мкмоль/л","Name":"мкмоль/л","PublicCode":"10004100","EndDate":null,"ID":"100041","StrID":"100041"},"MultiplierID":null,"IsApproved":false,"IsValidated":false,"StandardMatchType":0,"ApproveDate":null,"ApprovePostID":null,"ApprovePost":null,"OrderNum":1,"WorkPlaceID":20747,"OrderID":null,"BacteriologyResult":null,"AnalyzerId":null,"IsOrderProductionControl":false,"ID":"0","StrID":"0"},{"OrderResearchID":67138727,"OrderResearch":null,"ParameterID":200919,"Parameter":{"ShortNameRU":"общий билирубин в сыворотке крови","ShortNameKZ":"қан сарысуындағы жалпы билирубин","ShortName":"общий билирубин в сыворотке крови","DataType":0,"DataTypeName":"Число","UnitTypeID":100041,"UnitType":{"OrderBy":42,"MasterDataID":null,"CDD_ID":null,"NameRU":"мкмоль/л","NameKZ":"мкмоль/л","Name":"мкмоль/л","PublicCode":"10004100","EndDate":null,"ID":"100041","StrID":"100041"},"MedicalFormID":null,"MasterDataID":0,"MedicalForm":null,"NameWithDataType":"общий билирубин в сыворотке крови  (Число)","NameRU":"общий билирубин в сыворотке крови","NameKZ":"қан сарысуындағы жалпы билирубин","Name":"общий билирубин в сыворотке крови","PublicCode":"20091900","EndDate":null,"ID":"200919","StrID":"200919"},"ParameterValues":null,"ParameterValueID":null,"ParameterValue":null,"ResultText":null,"ResultValue":null,"ResultDate":"2026-09-02T10:37:30.0269773+05:00","PostID":"0","Post":null,"ExecuteMethod":2,"SourceResultText":null,"SourceResultValue":null,"SourceResultExpression":null,"SourceUnitTypeID":100041,"SourceUnitType":{"OrderBy":42,"MasterDataID":null,"CDD_ID":null,"NameRU":"мкмоль/л","NameKZ":"мкмоль/л","Name":"мкмоль/л","PublicCode":"10004100","EndDate":null,"ID":"100041","StrID":"100041"},"MultiplierID":null,"IsApproved":false,"IsValidated":false,"StandardMatchType":0,"ApproveDate":null,"ApprovePostID":null,"ApprovePost":null,"OrderNum":1,"WorkPlaceID":20747,"OrderID":null,"BacteriologyResult":null,"AnalyzerId":null,"IsOrderProductionControl":false,"ID":"0","StrID":"0"},{"OrderResearchID":67138728,"OrderResearch":null,"ParameterID":200408,"Parameter":{"ShortNameRU":"АСаТ","ShortNameKZ":"АСаТ","ShortName":"АСаТ","DataType":0,"DataTypeName":"Число","UnitTypeID":100030,"UnitType":{"OrderBy":31,"MasterDataID":null,"CDD_ID":null,"NameRU":"МЕ/л","NameKZ":"ХБ/л","Name":"МЕ/л","PublicCode":"10003000","EndDate":null,"ID":"100030","StrID":"100030"},"MedicalFormID":null,"MasterDataID":0,"MedicalForm":null,"NameWithDataType":"АСаТ  (Число)","NameRU":"АСаТ","NameKZ":"АСаТ","Name":"АСаТ","PublicCode":"20040800","EndDate":null,"ID":"200408","StrID":"200408"},"ParameterValues":null,"ParameterValueID":null,"ParameterValue":null,"ResultText":null,"ResultValue":null,"ResultDate":"2026-09-02T10:37:30.0310182+05:00","PostID":"0","Post":null,"ExecuteMethod":2,"SourceResultText":null,"SourceResultValue":null,"SourceResultExpression":null,"SourceUnitTypeID":100030,"SourceUnitType":{"OrderBy":31,"MasterDataID":null,"CDD_ID":null,"NameRU":"МЕ/л","NameKZ":"ХБ/л","Name":"МЕ/л","PublicCode":"10003000","EndDate":null,"ID":"100030","StrID":"100030"},"MultiplierID":null,"IsApproved":false,"IsValidated":false,"StandardMatchType":0,"ApproveDate":null,"ApprovePostID":null,"ApprovePost":null,"OrderNum":1,"WorkPlaceID":20747,"OrderID":null,"BacteriologyResult":null,"AnalyzerId":null,"IsOrderProductionControl":false,"ID":"0","StrID":"0"},{"OrderResearchID":67138729,"OrderResearch":null,"ParameterID":200549,"Parameter":{"ShortNameRU":"глюкоза в сыворотке крови","ShortNameKZ":"қан сарысуындағы глюкоза","ShortName":"глюкоза в сыворотке крови","DataType":0,"DataTypeName":"Число","UnitTypeID":100051,"UnitType":{"OrderBy":52,"MasterDataID":null,"CDD_ID":null,"NameRU":"ммоль/л","NameKZ":"ммоль/л","Name":"ммоль/л","PublicCode":"10005100","EndDate":null,"ID":"100051","StrID":"100051"},"MedicalFormID":null,"MasterDataID":0,"MedicalForm":null,"NameWithDataType":"глюкоза в сыворотке крови  (Число)","NameRU":"глюкоза в сыворотке крови","NameKZ":"қан сарысуындағы глюкоза","Name":"глюкоза в сыворотке крови","PublicCode":"20054900","EndDate":null,"ID":"200549","StrID":"200549"},"ParameterValues":null,"ParameterValueID":null,"ParameterValue":null,"ResultText":null,"ResultValue":null,"ResultDate":"2026-09-02T10:37:30.0346868+05:00","PostID":"0","Post":null,"ExecuteMethod":2,"SourceResultText":null,"SourceResultValue":null,"SourceResultExpression":null,"SourceUnitTypeID":100051,"SourceUnitType":{"OrderBy":52,"MasterDataID":null,"CDD_ID":null,"NameRU":"ммоль/л","NameKZ":"ммоль/л","Name":"ммоль/л","PublicCode":"10005100","EndDate":null,"ID":"100051","StrID":"100051"},"MultiplierID":null,"IsApproved":false,"IsValidated":false,"StandardMatchType":0,"ApproveDate":null,"ApprovePostID":null,"ApprovePost":null,"OrderNum":1,"WorkPlaceID":20747,"OrderID":null,"BacteriologyResult":null,"AnalyzerId":null,"IsOrderProductionControl":false,"ID":"0","StrID":"0"},{"OrderResearchID":67138730,"OrderResearch":null,"ParameterID":200852,"Parameter":{"ShortNameRU":"мочевина в сыворотке крови","ShortNameKZ":"қан сарысуындағы несепнәр","ShortName":"мочевина в сыворотке крови","DataType":0,"DataTypeName":"Число","UnitTypeID":100051,"UnitType":{"OrderBy":52,"MasterDataID":null,"CDD_ID":null,"NameRU":"ммоль/л","NameKZ":"ммоль/л","Name":"ммоль/л","PublicCode":"10005100","EndDate":null,"ID":"100051","StrID":"100051"},"MedicalFormID":null,"MasterDataID":0,"MedicalForm":null,"NameWithDataType":"мочевина в сыворотке крови  (Число)","NameRU":"мочевина в сыворотке крови","NameKZ":"қан сарысуындағы несепнәр","Name":"мочевина в сыворотке крови","PublicCode":"20085200","EndDate":null,"ID":"200852","StrID":"200852"},"ParameterValues":null,"ParameterValueID":null,"ParameterValue":null,"ResultText":null,"ResultValue":null,"ResultDate":"2026-09-02T10:37:30.0394063+05:00","PostID":"0","Post":null,"ExecuteMethod":2,"SourceResultText":null,"SourceResultValue":null,"SourceResultExpression":null,"SourceUnitTypeID":100051,"SourceUnitType":{"OrderBy":52,"MasterDataID":null,"CDD_ID":null,"NameRU":"ммоль/л","NameKZ":"ммоль/л","Name":"ммоль/л","PublicCode":"10005100","EndDate":null,"ID":"100051","StrID":"100051"},"MultiplierID":null,"IsApproved":false,"IsValidated":false,"StandardMatchType":0,"ApproveDate":null,"ApprovePostID":null,"ApprovePost":null,"OrderNum":1,"WorkPlaceID":20747,"OrderID":null,"BacteriologyResult":null,"AnalyzerId":null,"IsOrderProductionControl":false,"ID":"0","StrID":"0"}]
02.09.2026 10:37:29	Information:	TestsWW spec 200918, spec 200357, spec 201032, spec 200919, spec 200408, spec 200549, spec 200852, 
02.09.2026 10:37:29	Information:	Querry lines count: 1
02.09.2026 10:37:29	Debug:	SendResults:	fix DriverRequests=	182	ms
02.09.2026 10:37:29	Information:	SAMPLE! 51562191 DeviceDriverResult Sample: 51562191 Suggest: . Do Request True
02.09.2026 10:37:29	Information:	Sample request count: 1
02.09.2026 10:37:29	Information:	MU is mmol/L
02.09.2026 10:37:29	Information:	Driver Collations count 0
02.09.2026 10:37:29	Information:	MU collations count=0
02.09.2026 10:37:29	Information:	MU is ?mol/L
02.09.2026 10:37:29	Information:	Driver Collations count 0
02.09.2026 10:37:29	Information:	MU collations count=0
02.09.2026 10:37:29	Information:	MU is ?mol/L
02.09.2026 10:37:29	Information:	Driver Collations count 0
02.09.2026 10:37:29	Information:	MU collations count=0
02.09.2026 10:37:29	Information:	MU is U/L
02.09.2026 10:37:29	Information:	Driver Collations count 0
02.09.2026 10:37:29	Information:	MU collations count=0
02.09.2026 10:37:29	Information:	MU is U/L
02.09.2026 10:37:29	Information:	Driver Collations count 0
02.09.2026 10:37:29	Information:	MU collations count=0
02.09.2026 10:37:29	Information:	MU is g/L
02.09.2026 10:37:29	Information:	Driver Collations count 0
02.09.2026 10:37:29	Information:	MU collations count=0
02.09.2026 10:37:29	Debug:	SendResults:	SetTestsValues first SetTestsValues=	92	ms
02.09.2026 10:37:29	Debug:	SendResults:	Device Total = 279 ms
02.09.2026 10:37:29	Information:	Saving 51562191
02.09.2026 10:37:29	Information:	Start test result saving
02.09.2026 10:37:29	Information:	Result object to save: 
02.09.2026 10:37:29	Information:	{"OrderResearchID":67138724,"OrderResearch":null,"ParameterID":200918,"Parameter":{"ShortNameRU":"общий белок в сыворотке крови","ShortNameKZ":"қан сарысуындағы жалпы ақуыз","ShortName":"общий белок в сыворотке крови","DataType":0,"DataTypeName":"Число","UnitTypeID":100012,"UnitType":{"NameRU":"г/л","NameKZ":"г/л","Name":"г/л","PublicCode":"10001200","OrderBy":13,"ID":100012,"StrID":"100012"},"MedicalFormID":null,"MedicalForm":null,"NameRU":"общий белок в сыворотке крови","NameKZ":"қан сарысуындағы жалпы ақуыз","Name":"общий белок в сыворотке крови","PublicCode":"20091800","OrderBy":null,"ID":200918,"StrID":"200918"},"ParameterValueID":null,"ParameterValue":null,"ResultText":"82.47","ResultValue":null,"ResultDate":"2026-09-02T10:37:30.0164301+05:00","PostID":0,"Post":null,"ExecuteMethod":2,"SourceResultText":"82.47","SourceResultValue":null,"SourceResultExpression":null,"SourceUnitTypeID":100012,"SourceUnitType":{"NameRU":"г/л","NameKZ":"г/л","Name":"г/л","PublicCode":"10001200","OrderBy":13,"ID":100012,"StrID":"100012"},"IsApproved":false,"ApproveDate":null,"ApprovePostID":null,"ApprovePost":null,"OrderNum":1,"WorkPlaceID":20747,"DriverManagerID":150,"BacteriologyResult":null,"AnalyzerId":38,"IsOrderProductionControl":false,"ID":0,"StrID":"0"}
02.09.2026 10:37:29	Information:	Save string: 
02.09.2026 10:37:29	Information:	{"OrderResearchID":67138724,"OrderResearch":{"OrderID":31153579,"ServiceMoID":2163201,"ServiceMoMasterDataID":8269447,"ServiceMo":{"OrgHealthCareID":"45500000000000909","ServiceID":236,"NameRU":"Определение общего белка в сыворотке крови на анализаторе","NameKZ":"Қан сарысуындағы жалпы нәруызды талдауышта анықтау ","Name":"Определение общего белка в сыворотке крови на анализаторе","ShortNameRU":"Определение общего белка в сыворотке крови на анализаторе","ShortNameKZ":"Қан сарысуындағы жалпы нәруызды талдауышта анықтау ","ShortName":"Определение общего белка в сыворотке крови на анализаторе","FullName":"B03.397.002 - Определение общего белка в сыворотке крови на анализаторе","Code":"B03.397.002","ExternalCode":null,"ServiceClassID":5,"ServiceClass":{"ServiceTypeID":2,"OrderBy":5,"MasterDataID":5,"NameRU":"Клиническая химия (биохимия)","NameKZ":"Клиникалық химия (биохимия)","Name":"Клиническая химия (биохимия)","PublicCode":"500","EndDate":null,"ID":"5","StrID":"5"},"Service":{"NameRU":"Определение общего белка в сыворотке крови на анализаторе","NameKZ":"Қан сарысуындағы жалпы нәруызды талдауышта анықтау","Name":"Определение общего белка в сыворотке крови на анализаторе","ShortNameRU":"Общий белок на анализаторе","ShortNameKZ":"Общий белок на анализаторе","ShortName":"Общий белок на анализаторе","FullName":"B03.397.002 - Определение общего белка в сыворотке крови на анализаторе","Code":"B03.397.002","ServiceClassID":5,"ServiceClass":null,"ServiceSubClassID":6,"ServiceSubClass":null,"MaterialTypeID":202,"MaterialType":null,"MasterDataID":3079,"ID":"236","StrID":"236"},"MasterDataID":8269447,"ServiceSubClassID":6,"PayType":1,"ServiceSubClass":null,"ID":"2163201","StrID":"2163201"},"FullName":"B03.397.002 - Определение общего белка в сыворотке крови на анализаторе  () ","IsMain":true,"SourceID":"145106913_34013901","WorkPlaceID":20747,"WorkPlace":null,"DriverManager":null,"ParameterID":null,"Parameter":null,"AdditionalInfo":null,"Status":1,"PerformetServiceCount":7,"ResearchResultCount":0,"ApproveResearchResultCount":0,"NotSaveResearchResultCount":0,"ParentID":null,"ScreeningCandidatePlanGuid":null,"ScreeningUrl":null,"TakePlace":null,"MaterialTypeID":null,"MaterialType":null,"PartCount":0,"IsOrderProductionControl":false,"Uid":"4e4c083f-c111-49be-bbd7-6bf2cf0b80b3","OrderPerformerServices":[],"OrderResearchAllergens":[],"Results":[],"IsResumed":false,"ExecutionType":0,"ID":"67138724","StrID":"67138724"},"ParameterID":200918,"Parameter":{"ShortNameRU":"общий белок в сыворотке крови","ShortNameKZ":"қан сарысуындағы жалпы ақуыз","ShortName":"общий белок в сыворотке крови","DataType":0,"DataTypeName":"Число","UnitTypeID":100012,"UnitType":null,"MedicalFormID":null,"MasterDataID":0,"MedicalForm":null,"NameWithDataType":"общий белок в сыворотке крови  (Число)","NameRU":"общий белок в сыворотке крови","NameKZ":"қан сарысуындағы жалпы ақуыз","Name":"общий белок в сыворотке крови","PublicCode":"20091800","EndDate":null,"ID":"200918","StrID":"200918"},"ParameterValues":null,"ParameterValueID":null,"ParameterValue":null,"ResultText":"82.47","ResultValue":"82.47","ResultDate":"2026-09-02T10:37:30.211996+05:00","PostID":"189416","Post":null,"ExecuteMethod":2,"SourceResultText":"82.47","SourceResultValue":"82.47","SourceResultExpression":null,"SourceUnitTypeID":100012,"SourceUnitType":{"OrderBy":13,"MasterDataID":null,"CDD_ID":null,"NameRU":"г/л","NameKZ":"г/л","Name":"г/л","PublicCode":"10001200","EndDate":null,"ID":"100012","StrID":"100012"},"MultiplierID":null,"IsApproved":false,"IsValidated":false,"StandardMatchType":0,"ApproveDate":null,"ApprovePostID":null,"ApprovePost":null,"OrderNum":1,"WorkPlaceID":20747,"OrderID":null,"BacteriologyResult":null,"AnalyzerId":38,"IsOrderProductionControl":false,"ID":"207373484","StrID":"207373484"}
02.09.2026 10:37:29	Information:	Result object to save: 
02.09.2026 10:37:29	Information:	{"OrderResearchID":67138725,"OrderResearch":null,"ParameterID":200357,"Parameter":{"ShortNameRU":"АЛаТ","ShortNameKZ":"АЛаТ","ShortName":"АЛаТ","DataType":0,"DataTypeName":"Число","UnitTypeID":100030,"UnitType":{"NameRU":"МЕ/л","NameKZ":"ХБ/л","Name":"МЕ/л","PublicCode":"10003000","OrderBy":31,"ID":100030,"StrID":"100030"},"MedicalFormID":null,"MedicalForm":null,"NameRU":"АЛаТ","NameKZ":"АЛаТ","Name":"АЛаТ","PublicCode":"20035700","OrderBy":null,"ID":200357,"StrID":"200357"},"ParameterValueID":null,"ParameterValue":null,"ResultText":"10.08","ResultValue":null,"ResultDate":"2026-09-02T10:37:30.0169531+05:00","PostID":0,"Post":null,"ExecuteMethod":2,"SourceResultText":"10.08","SourceResultValue":null,"SourceResultExpression":null,"SourceUnitTypeID":100030,"SourceUnitType":{"NameRU":"МЕ/л","NameKZ":"ХБ/л","Name":"МЕ/л","PublicCode":"10003000","OrderBy":31,"ID":100030,"StrID":"100030"},"IsApproved":false,"ApproveDate":null,"ApprovePostID":null,"ApprovePost":null,"OrderNum":1,"WorkPlaceID":20747,"DriverManagerID":150,"BacteriologyResult":null,"AnalyzerId":38,"IsOrderProductionControl":false,"ID":0,"StrID":"0"}
02.09.2026 10:37:29	Information:	Save string: 
02.09.2026 10:37:29	Information:	{"OrderResearchID":67138725,"OrderResearch":{"OrderID":31153579,"ServiceMoID":2163576,"ServiceMoMasterDataID":8269462,"ServiceMo":{"OrgHealthCareID":"45500000000000909","ServiceID":253,"NameRU":"Определение аланинаминотрансферазы (АЛаТ) в сыворотке крови на анализаторе","NameKZ":"Қан сарысуындағы аланинаминотрансферазды (АЛаТ) талдауышта анықтау ","Name":"Определение аланинаминотрансферазы (АЛаТ) в сыворотке крови на анализаторе","ShortNameRU":"Определение аланинаминотрансферазы (АЛаТ) в сыворотке крови на анализаторе","ShortNameKZ":"Қан сарысуындағы аланинаминотрансферазды (АЛаТ) талдауышта анықтау ","ShortName":"Определение аланинаминотрансферазы (АЛаТ) в сыворотке крови на анализаторе","FullName":"B03.155.002 - Определение аланинаминотрансферазы (АЛаТ) в сыворотке крови на анализаторе","Code":"B03.155.002","ExternalCode":null,"ServiceClassID":5,"ServiceClass":{"ServiceTypeID":2,"OrderBy":5,"MasterDataID":5,"NameRU":"Клиническая химия (биохимия)","NameKZ":"Клиникалық химия (биохимия)","Name":"Клиническая химия (биохимия)","PublicCode":"500","EndDate":null,"ID":"5","StrID":"5"},"Service":{"NameRU":"Определение аланинаминотрансферазы (АЛаТ) в сыворотке крови на анализаторе","NameKZ":"Қан сарысуындағы аланинаминотрансферазды (АЛаТ) талдауышта анықтау","Name":"Определение аланинаминотрансферазы (АЛаТ) в сыворотке крови на анализаторе","ShortNameRU":"АЛаТ на анализаторе","ShortNameKZ":"АЛаТ на анализаторе","ShortName":"АЛаТ на анализаторе","FullName":"B03.155.002 - Определение аланинаминотрансферазы (АЛаТ) в сыворотке крови на анализаторе","Code":"B03.155.002","ServiceClassID":5,"ServiceClass":null,"ServiceSubClassID":6,"ServiceSubClass":null,"MaterialTypeID":202,"MaterialType":null,"MasterDataID":3094,"ID":"253","StrID":"253"},"MasterDataID":8269462,"ServiceSubClassID":6,"PayType":1,"ServiceSubClass":null,"ID":"2163576","StrID":"2163576"},"FullName":"B03.155.002 - Определение аланинаминотрансферазы (АЛаТ) в сыворотке крови на анализаторе  () ","IsMain":true,"SourceID":"145106913_34013902","WorkPlaceID":20747,"WorkPlace":null,"DriverManager":null,"ParameterID":null,"Parameter":null,"AdditionalInfo":null,"Status":1,"PerformetServiceCount":9,"ResearchResultCount":0,"ApproveResearchResultCount":0,"NotSaveResearchResultCount":0,"ParentID":null,"ScreeningCandidatePlanGuid":null,"ScreeningUrl":null,"TakePlace":null,"MaterialTypeID":null,"MaterialType":null,"PartCount":0,"IsOrderProductionControl":false,"Uid":"3300e4a6-ebd0-44c2-b607-10bd7df104c6","OrderPerformerServices":[],"OrderResearchAllergens":[],"Results":[],"IsResumed":false,"ExecutionType":0,"ID":"67138725","StrID":"67138725"},"ParameterID":200357,"Parameter":{"ShortNameRU":"АЛаТ","ShortNameKZ":"АЛаТ","ShortName":"АЛаТ","DataType":0,"DataTypeName":"Число","UnitTypeID":100030,"UnitType":null,"MedicalFormID":null,"MasterDataID":0,"MedicalForm":null,"NameWithDataType":"АЛаТ  (Число)","NameRU":"АЛаТ","NameKZ":"АЛаТ","Name":"АЛаТ","PublicCode":"20035700","EndDate":null,"ID":"200357","StrID":"200357"},"ParameterValues":null,"ParameterValueID":null,"ParameterValue":null,"ResultText":"10.08","ResultValue":"10.08","ResultDate":"2026-09-02T10:37:30.2951296+05:00","PostID":"189416","Post":null,"ExecuteMethod":2,"SourceResultText":"10.08","SourceResultValue":"10.08","SourceResultExpression":null,"SourceUnitTypeID":100030,"SourceUnitType":{"OrderBy":31,"MasterDataID":null,"CDD_ID":null,"NameRU":"МЕ/л","NameKZ":"ХБ/л","Name":"МЕ/л","PublicCode":"10003000","EndDate":null,"ID":"100030","StrID":"100030"},"MultiplierID":null,"IsApproved":false,"IsValidated":false,"StandardMatchType":0,"ApproveDate":null,"ApprovePostID":null,"ApprovePost":null,"OrderNum":1,"WorkPlaceID":20747,"OrderID":null,"BacteriologyResult":null,"AnalyzerId":38,"IsOrderProductionControl":false,"ID":"207373485","StrID":"207373485"}
02.09.2026 10:37:29	Information:	Result object to save: 
02.09.2026 10:37:29	Information:	{"OrderResearchID":67138726,"OrderResearch":null,"ParameterID":201032,"Parameter":{"ShortNameRU":"прямой билирубин в сыворотке крови","ShortNameKZ":"қан сарысуындағы тікелей билирубин","ShortName":"прямой билирубин в сыворотке крови","DataType":0,"DataTypeName":"Число","UnitTypeID":100041,"UnitType":{"NameRU":"мкмоль/л","NameKZ":"мкмоль/л","Name":"мкмоль/л","PublicCode":"10004100","OrderBy":42,"ID":100041,"StrID":"100041"},"MedicalFormID":null,"MedicalForm":null,"NameRU":"прямой билирубин в сыворотке крови","NameKZ":"қан сарысуындағы тікелей билирубин","Name":"прямой билирубин в сыворотке крови","PublicCode":"20103200","OrderBy":null,"ID":201032,"StrID":"201032"},"ParameterValueID":null,"ParameterValue":null,"ResultText":"3.09","ResultValue":null,"ResultDate":"2026-09-02T10:37:30.0224555+05:00","PostID":0,"Post":null,"ExecuteMethod":2,"SourceResultText":"3.09","SourceResultValue":null,"SourceResultExpression":null,"SourceUnitTypeID":100041,"SourceUnitType":{"NameRU":"мкмоль/л","NameKZ":"мкмоль/л","Name":"мкмоль/л","PublicCode":"10004100","OrderBy":42,"ID":100041,"StrID":"100041"},"IsApproved":false,"ApproveDate":null,"ApprovePostID":null,"ApprovePost":null,"OrderNum":1,"WorkPlaceID":20747,"DriverManagerID":150,"BacteriologyResult":null,"AnalyzerId":38,"IsOrderProductionControl":false,"ID":0,"StrID":"0"}
02.09.2026 10:37:29	Information:	Save string: 
02.09.2026 10:37:29	Information:	{"OrderResearchID":67138726,"OrderResearch":{"OrderID":31153579,"ServiceMoID":2163601,"ServiceMoMasterDataID":8269463,"ServiceMo":{"OrgHealthCareID":"45500000000000909","ServiceID":254,"NameRU":"Определение прямого билирубина в сыворотке крови на анализаторе","NameKZ":"Қан сарысуындағы тікелей  билирубинді талдауышта анықтау ","Name":"Определение прямого билирубина в сыворотке крови на анализаторе","ShortNameRU":"Определение прямого билирубина в сыворотке крови на анализаторе","ShortNameKZ":"Қан сарысуындағы тікелей  билирубинді талдауышта анықтау ","ShortName":"Определение прямого билирубина в сыворотке крови на анализаторе","FullName":"B03.435.002 - Определение прямого билирубина в сыворотке крови на анализаторе","Code":"B03.435.002","ExternalCode":null,"ServiceClassID":5,"ServiceClass":{"ServiceTypeID":2,"OrderBy":5,"MasterDataID":5,"NameRU":"Клиническая химия (биохимия)","NameKZ":"Клиникалық химия (биохимия)","Name":"Клиническая химия (биохимия)","PublicCode":"500","EndDate":null,"ID":"5","StrID":"5"},"Service":{"NameRU":"Определение прямого билирубина в сыворотке крови на анализаторе","NameKZ":"Қан сарысуындағы тікелей билирубинді талдауышта анықтау","Name":"Определение прямого билирубина в сыворотке крови на анализаторе","ShortNameRU":"Прямой Bi на анализаторе","ShortNameKZ":"Прямой Bi на анализаторе","ShortName":"Прямой Bi на анализаторе","FullName":"B03.435.002 - Определение прямого билирубина в сыворотке крови на анализаторе","Code":"B03.435.002","ServiceClassID":5,"ServiceClass":null,"ServiceSubClassID":6,"ServiceSubClass":null,"MaterialTypeID":202,"MaterialType":null,"MasterDataID":3095,"ID":"254","StrID":"254"},"MasterDataID":8269463,"ServiceSubClassID":6,"PayType":1,"ServiceSubClass":null,"ID":"2163601","StrID":"2163601"},"FullName":"B03.435.002 - Определение прямого билирубина в сыворотке крови на анализаторе  () ","IsMain":true,"SourceID":"145106913_34013904","WorkPlaceID":20747,"WorkPlace":null,"DriverManager":null,"ParameterID":null,"Parameter":null,"AdditionalInfo":null,"Status":1,"PerformetServiceCount":7,"ResearchResultCount":0,"ApproveResearchResultCount":0,"NotSaveResearchResultCount":0,"ParentID":null,"ScreeningCandidatePlanGuid":null,"ScreeningUrl":null,"TakePlace":null,"MaterialTypeID":null,"MaterialType":null,"PartCount":0,"IsOrderProductionControl":false,"Uid":"7c11efb2-9d9f-4339-a1e1-234f84b60bf2","OrderPerformerServices":[],"OrderResearchAllergens":[],"Results":[],"IsResumed":false,"ExecutionType":0,"ID":"67138726","StrID":"67138726"},"ParameterID":201032,"Parameter":{"ShortNameRU":"прямой билирубин в сыворотке крови","ShortNameKZ":"қан сарысуындағы тікелей билирубин","ShortName":"прямой билирубин в сыворотке крови","DataType":0,"DataTypeName":"Число","UnitTypeID":100041,"UnitType":null,"MedicalFormID":null,"MasterDataID":0,"MedicalForm":null,"NameWithDataType":"прямой билирубин в сыворотке крови  (Число)","NameRU":"прямой билирубин в сыворотке крови","NameKZ":"қан сарысуындағы тікелей билирубин","Name":"прямой билирубин в сыворотке крови","PublicCode":"20103200","EndDate":null,"ID":"201032","StrID":"201032"},"ParameterValues":null,"ParameterValueID":null,"ParameterValue":null,"ResultText":"3.09","ResultValue":"3.09","ResultDate":"2026-09-02T10:37:30.3745765+05:00","PostID":"189416","Post":null,"ExecuteMethod":2,"SourceResultText":"3.09","SourceResultValue":"3.09","SourceResultExpression":null,"SourceUnitTypeID":100041,"SourceUnitType":{"OrderBy":42,"MasterDataID":null,"CDD_ID":null,"NameRU":"мкмоль/л","NameKZ":"мкмоль/л","Name":"мкмоль/л","PublicCode":"10004100","EndDate":null,"ID":"100041","StrID":"100041"},"MultiplierID":null,"IsApproved":false,"IsValidated":false,"StandardMatchType":0,"ApproveDate":null,"ApprovePostID":null,"ApprovePost":null,"OrderNum":1,"WorkPlaceID":20747,"OrderID":null,"BacteriologyResult":null,"AnalyzerId":38,"IsOrderProductionControl":false,"ID":"207373486","StrID":"207373486"}
02.09.2026 10:37:29	Information:	Result object to save: 
02.09.2026 10:37:29	Information:	{"OrderResearchID":67138727,"OrderResearch":null,"ParameterID":200919,"Parameter":{"ShortNameRU":"общий билирубин в сыворотке крови","ShortNameKZ":"қан сарысуындағы жалпы билирубин","ShortName":"общий билирубин в сыворотке крови","DataType":0,"DataTypeName":"Число","UnitTypeID":100041,"UnitType":{"NameRU":"мкмоль/л","NameKZ":"мкмоль/л","Name":"мкмоль/л","PublicCode":"10004100","OrderBy":42,"ID":100041,"StrID":"100041"},"MedicalFormID":null,"MedicalForm":null,"NameRU":"общий билирубин в сыворотке крови","NameKZ":"қан сарысуындағы жалпы билирубин","Name":"общий билирубин в сыворотке крови","PublicCode":"20091900","OrderBy":null,"ID":200919,"StrID":"200919"},"ParameterValueID":null,"ParameterValue":null,"ResultText":"8.44","ResultValue":null,"ResultDate":"2026-09-02T10:37:30.0269773+05:00","PostID":0,"Post":null,"ExecuteMethod":2,"SourceResultText":"8.44","SourceResultValue":null,"SourceResultExpression":null,"SourceUnitTypeID":100041,"SourceUnitType":{"NameRU":"мкмоль/л","NameKZ":"мкмоль/л","Name":"мкмоль/л","PublicCode":"10004100","OrderBy":42,"ID":100041,"StrID":"100041"},"IsApproved":false,"ApproveDate":null,"ApprovePostID":null,"ApprovePost":null,"OrderNum":1,"WorkPlaceID":20747,"DriverManagerID":150,"BacteriologyResult":null,"AnalyzerId":38,"IsOrderProductionControl":false,"ID":0,"StrID":"0"}
02.09.2026 10:37:29	Information:	Save string: 
02.09.2026 10:37:29	Information:	{"OrderResearchID":67138727,"OrderResearch":{"OrderID":31153579,"ServiceMoID":2163626,"ServiceMoMasterDataID":8269464,"ServiceMo":{"OrgHealthCareID":"45500000000000909","ServiceID":255,"NameRU":"Определение общего билирубина в сыворотке крови на анализаторе","NameKZ":"Қан сарысуындағы жалпы  билирубинді талдауышта анықтау в сыворотке крови на анализаторе","Name":"Определение общего билирубина в сыворотке крови на анализаторе","ShortNameRU":"Определение общего билирубина в сыворотке крови на анализаторе","ShortNameKZ":"Қан сарысуындағы жалпы  билирубинді талдауышта анықтау в сыворотке крови на анализаторе","ShortName":"Определение общего билирубина в сыворотке крови на анализаторе","FullName":"B03.398.002 - Определение общего билирубина в сыворотке крови на анализаторе","Code":"B03.398.002","ExternalCode":null,"ServiceClassID":5,"ServiceClass":{"ServiceTypeID":2,"OrderBy":5,"MasterDataID":5,"NameRU":"Клиническая химия (биохимия)","NameKZ":"Клиникалық химия (биохимия)","Name":"Клиническая химия (биохимия)","PublicCode":"500","EndDate":null,"ID":"5","StrID":"5"},"Service":{"NameRU":"Определение общего билирубина в сыворотке крови на анализаторе","NameKZ":"Қан сарысуындағы жалпы билирубинді талдауышта анықтау в сыворотке крови на анализаторе","Name":"Определение общего билирубина в сыворотке крови на анализаторе","ShortNameRU":"Общий Bi на анализаторе","ShortNameKZ":"Общий Bi на анализаторе","ShortName":"Общий Bi на анализаторе","FullName":"B03.398.002 - Определение общего билирубина в сыворотке крови на анализаторе","Code":"B03.398.002","ServiceClassID":5,"ServiceClass":null,"ServiceSubClassID":6,"ServiceSubClass":null,"MaterialTypeID":202,"MaterialType":null,"MasterDataID":3096,"ID":"255","StrID":"255"},"MasterDataID":8269464,"ServiceSubClassID":6,"PayType":1,"ServiceSubClass":null,"ID":"2163626","StrID":"2163626"},"FullName":"B03.398.002 - Определение общего билирубина в сыворотке крови на анализаторе  () ","IsMain":true,"SourceID":"145106913_34013905","WorkPlaceID":20747,"WorkPlace":null,"DriverManager":null,"ParameterID":null,"Parameter":null,"AdditionalInfo":null,"Status":1,"PerformetServiceCount":7,"ResearchResultCount":0,"ApproveResearchResultCount":0,"NotSaveResearchResultCount":0,"ParentID":null,"ScreeningCandidatePlanGuid":null,"ScreeningUrl":null,"TakePlace":null,"MaterialTypeID":null,"MaterialType":null,"PartCount":0,"IsOrderProductionControl":false,"Uid":"ad5fb6a4-7168-46c9-9977-9783fe80ae95","OrderPerformerServices":[],"OrderResearchAllergens":[],"Results":[],"IsResumed":false,"ExecutionType":0,"ID":"67138727","StrID":"67138727"},"ParameterID":200919,"Parameter":{"ShortNameRU":"общий билирубин в сыворотке крови","ShortNameKZ":"қан сарысуындағы жалпы билирубин","ShortName":"общий билирубин в сыворотке крови","DataType":0,"DataTypeName":"Число","UnitTypeID":100041,"UnitType":null,"MedicalFormID":null,"MasterDataID":0,"MedicalForm":null,"NameWithDataType":"общий билирубин в сыворотке крови  (Число)","NameRU":"общий билирубин в сыворотке крови","NameKZ":"қан сарысуындағы жалпы билирубин","Name":"общий билирубин в сыворотке крови","PublicCode":"20091900","EndDate":null,"ID":"200919","StrID":"200919"},"ParameterValues":null,"ParameterValueID":null,"ParameterValue":null,"ResultText":"8.44","ResultValue":"8.44","ResultDate":"2026-09-02T10:37:30.4511958+05:00","PostID":"189416","Post":null,"ExecuteMethod":2,"SourceResultText":"8.44","SourceResultValue":"8.44","SourceResultExpression":null,"SourceUnitTypeID":100041,"SourceUnitType":{"OrderBy":42,"MasterDataID":null,"CDD_ID":null,"NameRU":"мкмоль/л","NameKZ":"мкмоль/л","Name":"мкмоль/л","PublicCode":"10004100","EndDate":null,"ID":"100041","StrID":"100041"},"MultiplierID":null,"IsApproved":false,"IsValidated":false,"StandardMatchType":0,"ApproveDate":null,"ApprovePostID":null,"ApprovePost":null,"OrderNum":1,"WorkPlaceID":20747,"OrderID":null,"BacteriologyResult":null,"AnalyzerId":38,"IsOrderProductionControl":false,"ID":"207373487","StrID":"207373487"}
02.09.2026 10:37:29	Information:	Result object to save: 
02.09.2026 10:37:29	Information:	{"OrderResearchID":67138728,"OrderResearch":null,"ParameterID":200408,"Parameter":{"ShortNameRU":"АСаТ","ShortNameKZ":"АСаТ","ShortName":"АСаТ","DataType":0,"DataTypeName":"Число","UnitTypeID":100030,"UnitType":{"NameRU":"МЕ/л","NameKZ":"ХБ/л","Name":"МЕ/л","PublicCode":"10003000","OrderBy":31,"ID":100030,"StrID":"100030"},"MedicalFormID":null,"MedicalForm":null,"NameRU":"АСаТ","NameKZ":"АСаТ","Name":"АСаТ","PublicCode":"20040800","OrderBy":null,"ID":200408,"StrID":"200408"},"ParameterValueID":null,"ParameterValue":null,"ResultText":"16.64","ResultValue":null,"ResultDate":"2026-09-02T10:37:30.0310182+05:00","PostID":0,"Post":null,"ExecuteMethod":2,"SourceResultText":"16.64","SourceResultValue":null,"SourceResultExpression":null,"SourceUnitTypeID":100030,"SourceUnitType":{"NameRU":"МЕ/л","NameKZ":"ХБ/л","Name":"МЕ/л","PublicCode":"10003000","OrderBy":31,"ID":100030,"StrID":"100030"},"IsApproved":false,"ApproveDate":null,"ApprovePostID":null,"ApprovePost":null,"OrderNum":1,"WorkPlaceID":20747,"DriverManagerID":150,"BacteriologyResult":null,"AnalyzerId":38,"IsOrderProductionControl":false,"ID":0,"StrID":"0"}
02.09.2026 10:37:29	Information:	Save string: 
02.09.2026 10:37:29	Information:	{"OrderResearchID":67138728,"OrderResearch":{"OrderID":31153579,"ServiceMoID":2163651,"ServiceMoMasterDataID":8269465,"ServiceMo":{"OrgHealthCareID":"45500000000000909","ServiceID":256,"NameRU":"Определение аспартатаминотрансферазы (АСаТ) в сыворотке крови на анализаторе","NameKZ":"Қан сарысуындағы  аспартатаминотрансферазды  (АСаТ) талдауышта анықтау  ","Name":"Определение аспартатаминотрансферазы (АСаТ) в сыворотке крови на анализаторе","ShortNameRU":"Определение аспартатаминотрансферазы (АСаТ) в сыворотке крови на анализаторе","ShortNameKZ":"Қан сарысуындағы  аспартатаминотрансферазды  (АСаТ) талдауышта анықтау  ","ShortName":"Определение аспартатаминотрансферазы (АСаТ) в сыворотке крови на анализаторе","FullName":"B03.293.002 - Определение аспартатаминотрансферазы (АСаТ) в сыворотке крови на анализаторе","Code":"B03.293.002","ExternalCode":null,"ServiceClassID":5,"ServiceClass":{"ServiceTypeID":2,"OrderBy":5,"MasterDataID":5,"NameRU":"Клиническая химия (биохимия)","NameKZ":"Клиникалық химия (биохимия)","Name":"Клиническая химия (биохимия)","PublicCode":"500","EndDate":null,"ID":"5","StrID":"5"},"Service":{"NameRU":"Определение аспартатаминотрансферазы (АСаТ) в сыворотке крови на анализаторе","NameKZ":"Қан сарысуындағы аспартатаминотрансферазды (АСаТ) талдауышта анықтау","Name":"Определение аспартатаминотрансферазы (АСаТ) в сыворотке крови на анализаторе","ShortNameRU":"АСаТ на анализаторе","ShortNameKZ":"АСаТ на анализаторе","ShortName":"АСаТ на анализаторе","FullName":"B03.293.002 - Определение аспартатаминотрансферазы (АСаТ) в сыворотке крови на анализаторе","Code":"B03.293.002","ServiceClassID":5,"ServiceClass":null,"ServiceSubClassID":6,"ServiceSubClass":null,"MaterialTypeID":202,"MaterialType":null,"MasterDataID":3097,"ID":"256","StrID":"256"},"MasterDataID":8269465,"ServiceSubClassID":6,"PayType":1,"ServiceSubClass":null,"ID":"2163651","StrID":"2163651"},"FullName":"B03.293.002 - Определение аспартатаминотрансферазы (АСаТ) в сыворотке крови на анализаторе  () ","IsMain":true,"SourceID":"145106913_34013903","WorkPlaceID":20747,"WorkPlace":null,"DriverManager":null,"ParameterID":null,"Parameter":null,"AdditionalInfo":null,"Status":1,"PerformetServiceCount":7,"ResearchResultCount":0,"ApproveResearchResultCount":0,"NotSaveResearchResultCount":0,"ParentID":null,"ScreeningCandidatePlanGuid":null,"ScreeningUrl":null,"TakePlace":null,"MaterialTypeID":null,"MaterialType":null,"PartCount":0,"IsOrderProductionControl":false,"Uid":"7f6c303e-5ba2-43e6-839a-06801b3dcbc4","OrderPerformerServices":[],"OrderResearchAllergens":[],"Results":[],"IsResumed":false,"ExecutionType":0,"ID":"67138728","StrID":"67138728"},"ParameterID":200408,"Parameter":{"ShortNameRU":"АСаТ","ShortNameKZ":"АСаТ","ShortName":"АСаТ","DataType":0,"DataTypeName":"Число","UnitTypeID":100030,"UnitType":null,"MedicalFormID":null,"MasterDataID":0,"MedicalForm":null,"NameWithDataType":"АСаТ  (Число)","NameRU":"АСаТ","NameKZ":"АСаТ","Name":"АСаТ","PublicCode":"20040800","EndDate":null,"ID":"200408","StrID":"200408"},"ParameterValues":null,"ParameterValueID":null,"ParameterValue":null,"ResultText":"16.64","ResultValue":"16.64","ResultDate":"2026-09-02T10:37:30.5224772+05:00","PostID":"189416","Post":null,"ExecuteMethod":2,"SourceResultText":"16.64","SourceResultValue":"16.64","SourceResultExpression":null,"SourceUnitTypeID":100030,"SourceUnitType":{"OrderBy":31,"MasterDataID":null,"CDD_ID":null,"NameRU":"МЕ/л","NameKZ":"ХБ/л","Name":"МЕ/л","PublicCode":"10003000","EndDate":null,"ID":"100030","StrID":"100030"},"MultiplierID":null,"IsApproved":false,"IsValidated":false,"StandardMatchType":0,"ApproveDate":null,"ApprovePostID":null,"ApprovePost":null,"OrderNum":1,"WorkPlaceID":20747,"OrderID":null,"BacteriologyResult":null,"AnalyzerId":38,"IsOrderProductionControl":false,"ID":"207373488","StrID":"207373488"}
02.09.2026 10:37:29	Information:	Result object to save: 
02.09.2026 10:37:29	Information:	{"OrderResearchID":67138729,"OrderResearch":null,"ParameterID":200549,"Parameter":{"ShortNameRU":"глюкоза в сыворотке крови","ShortNameKZ":"қан сарысуындағы глюкоза","ShortName":"глюкоза в сыворотке крови","DataType":0,"DataTypeName":"Число","UnitTypeID":100051,"UnitType":{"NameRU":"ммоль/л","NameKZ":"ммоль/л","Name":"ммоль/л","PublicCode":"10005100","OrderBy":52,"ID":100051,"StrID":"100051"},"MedicalFormID":null,"MedicalForm":null,"NameRU":"глюкоза в сыворотке крови","NameKZ":"қан сарысуындағы глюкоза","Name":"глюкоза в сыворотке крови","PublicCode":"20054900","OrderBy":null,"ID":200549,"StrID":"200549"},"ParameterValueID":null,"ParameterValue":null,"ResultText":"4.9","ResultValue":null,"ResultDate":"2026-09-02T10:37:30.0346868+05:00","PostID":0,"Post":null,"ExecuteMethod":2,"SourceResultText":"4.9","SourceResultValue":null,"SourceResultExpression":null,"SourceUnitTypeID":100051,"SourceUnitType":{"NameRU":"ммоль/л","NameKZ":"ммоль/л","Name":"ммоль/л","PublicCode":"10005100","OrderBy":52,"ID":100051,"StrID":"100051"},"IsApproved":false,"ApproveDate":null,"ApprovePostID":null,"ApprovePost":null,"OrderNum":1,"WorkPlaceID":20747,"DriverManagerID":150,"BacteriologyResult":null,"AnalyzerId":38,"IsOrderProductionControl":false,"ID":0,"StrID":"0"}
02.09.2026 10:37:29	Information:	Save string: 
02.09.2026 10:37:29	Information:	{"OrderResearchID":67138729,"OrderResearch":{"OrderID":31153579,"ServiceMoID":2164501,"ServiceMoMasterDataID":8269499,"ServiceMo":{"OrgHealthCareID":"45500000000000909","ServiceID":290,"NameRU":"Определение глюкозы в сыворотке крови на анализаторе","NameKZ":"Қан сарысуындағы глюкозаны талдауышта анықтау ","Name":"Определение глюкозы в сыворотке крови на анализаторе","ShortNameRU":"Определение глюкозы в сыворотке крови на анализаторе","ShortNameKZ":"Қан сарысуындағы глюкозаны талдауышта анықтау ","ShortName":"Определение глюкозы в сыворотке крови на анализаторе","FullName":"B03.335.002 - Определение глюкозы в сыворотке крови на анализаторе","Code":"B03.335.002","ExternalCode":null,"ServiceClassID":5,"ServiceClass":{"ServiceTypeID":2,"OrderBy":5,"MasterDataID":5,"NameRU":"Клиническая химия (биохимия)","NameKZ":"Клиникалық химия (биохимия)","Name":"Клиническая химия (биохимия)","PublicCode":"500","EndDate":null,"ID":"5","StrID":"5"},"Service":{"NameRU":"Определение глюкозы в сыворотке крови на анализаторе","NameKZ":"Қан сарысуындағы глюкозаны талдауышта анықтау","Name":"Определение глюкозы в сыворотке крови на анализаторе","ShortNameRU":"Глюкоза в сыворотке крови на анализаторе","ShortNameKZ":"Глюкоза в сыворотке крови на анализаторе","ShortName":"Глюкоза в сыворотке крови на анализаторе","FullName":"B03.335.002 - Определение глюкозы в сыворотке крови на анализаторе","Code":"B03.335.002","ServiceClassID":5,"ServiceClass":null,"ServiceSubClassID":6,"ServiceSubClass":null,"MaterialTypeID":202,"MaterialType":null,"MasterDataID":3131,"ID":"290","StrID":"290"},"MasterDataID":8269499,"ServiceSubClassID":6,"PayType":1,"ServiceSubClass":null,"ID":"2164501","StrID":"2164501"},"FullName":"B03.335.002 - Определение глюкозы в сыворотке крови на анализаторе  () ","IsMain":true,"SourceID":"145106913_34013906","WorkPlaceID":20747,"WorkPlace":null,"DriverManager":null,"ParameterID":null,"Parameter":null,"AdditionalInfo":null,"Status":1,"PerformetServiceCount":7,"ResearchResultCount":0,"ApproveResearchResultCount":0,"NotSaveResearchResultCount":0,"ParentID":null,"ScreeningCandidatePlanGuid":null,"ScreeningUrl":null,"TakePlace":null,"MaterialTypeID":null,"MaterialType":null,"PartCount":0,"IsOrderProductionControl":false,"Uid":"4beaa8cf-c9ef-4c97-b81e-a43a141453e4","OrderPerformerServices":[],"OrderResearchAllergens":[],"Results":[],"IsResumed":false,"ExecutionType":0,"ID":"67138729","StrID":"67138729"},"ParameterID":200549,"Parameter":{"ShortNameRU":"глюкоза в сыворотке крови","ShortNameKZ":"қан сарысуындағы глюкоза","ShortName":"глюкоза в сыворотке крови","DataType":0,"DataTypeName":"Число","UnitTypeID":100051,"UnitType":null,"MedicalFormID":null,"MasterDataID":0,"MedicalForm":null,"NameWithDataType":"глюкоза в сыворотке крови  (Число)","NameRU":"глюкоза в сыворотке крови","NameKZ":"қан сарысуындағы глюкоза","Name":"глюкоза в сыворотке крови","PublicCode":"20054900","EndDate":null,"ID":"200549","StrID":"200549"},"ParameterValues":null,"ParameterValueID":null,"ParameterValue":null,"ResultText":"4.90","ResultValue":"4.90","ResultDate":"2026-09-02T10:37:30.5996164+05:00","PostID":"189416","Post":null,"ExecuteMethod":2,"SourceResultText":"4.90","SourceResultValue":"4.90","SourceResultExpression":null,"SourceUnitTypeID":100051,"SourceUnitType":{"OrderBy":52,"MasterDataID":null,"CDD_ID":null,"NameRU":"ммоль/л","NameKZ":"ммоль/л","Name":"ммоль/л","PublicCode":"10005100","EndDate":null,"ID":"100051","StrID":"100051"},"MultiplierID":null,"IsApproved":false,"IsValidated":false,"StandardMatchType":0,"ApproveDate":null,"ApprovePostID":null,"ApprovePost":null,"OrderNum":1,"WorkPlaceID":20747,"OrderID":null,"BacteriologyResult":null,"AnalyzerId":38,"IsOrderProductionControl":false,"ID":"207373489","StrID":"207373489"}
02.09.2026 10:37:29	Information:	No result for test 200852 for sample with barcode 51562191 for device 20747
02.09.2026 10:37:29	Debug:	 SendResults SaveDeviceResults = 467 ms
02.09.2026 10:37:29	Debug:	 total for SendResults = 747 ms
02.09.2026 10:39:25	Information:	Received bytes(encoded):MSH|^~\&|||||20260902103826||ORU^R01|119|P|2.3.1||||0||ASCII|||PID|81|||||||O|||||||||||||||||||||||OBR|81|51558625|9|^|N|20260902100554|20260902100526|20260902100526||1^8||||20260902100526|?????|||||||||||||||||||||||||||||||||OBX|1|NM|Ca|Calcium|2.237627|mmol/L|-|N|||F||2.237627|20260902103112|||0||OBX|2|NM|Glu-G|Glucose (GOD-POD Method)|4.720535|mmol/L|-|N|||F||4.720535|20260902103726|||0||OBX|3|NM|T-Bil-V|Bilirubin Total (VOX Method)|6.728571|?mol/L|-|N|||F||6.728571|20260902103727|||0||OBX|4|NM|D-Bil-V|Bilirubin Direct (VOX Method)|1.879734|?mol/L|-|N|||F||1.879734|20260902103742|||0||OBX|5|NM|ALT|Alanine Aminotransferase|17.730443|U/L|-|N|||F||17.730443|20260902103556|||0||OBX|6|NM|AST|Aspartate Aminotransferase|20.415975|U/L|-|N|||F||20.415975|20260902103611|||0||OBX|7|NM|ALP|Alkaline phosphatase|260.487576|U/L|-|N|||F||260.487576|20260902103826|||0|RGTE|OBX|8|NM|TP|Total Protein|75.082431|g/L|-|N|||F||75.082431|20260902103757|||0||OBX|9|NM|AMY|?-Amylase|25.221486|U/L|-|N|||F||25.221486|202
02.09.2026 10:39:25	Information:	Add Frame:
02.09.2026 10:39:25	Information:	MSH|^~\&|||||20260902103826||ORU^R01|119|P|2.3.1||||0||ASCII|||
02.09.2026 10:39:25	Information:	In Header
02.09.2026 10:39:25	Information:	MessageType: ORU
02.09.2026 10:39:25	Information:	After message type
02.09.2026 10:39:25	Information:	After ask
02.09.2026 10:39:25	Information:	After version
02.09.2026 10:39:25	Information:	Add Frame:
02.09.2026 10:39:25	Information:	PID|81|||||||O|||||||||||||||||||||||
02.09.2026 10:39:25	Information:	Add Frame:
02.09.2026 10:39:25	Information:	OBR|81|51558625|9|^|N|20260902100554|20260902100526|20260902100526||1^8||||20260902100526|?????|||||||||||||||||||||||||||||||||
02.09.2026 10:39:25	Information:	Add Frame:
02.09.2026 10:39:25	Information:	OBX|1|NM|Ca|Calcium|2.237627|mmol/L|-|N|||F||2.237627|20260902103112|||0||
02.09.2026 10:39:25	Information:	Add Frame:
02.09.2026 10:39:25	Information:	OBX|2|NM|Glu-G|Glucose (GOD-POD Method)|4.720535|mmol/L|-|N|||F||4.720535|20260902103726|||0||
02.09.2026 10:39:25	Information:	Add Frame:
02.09.2026 10:39:25	Information:	OBX|3|NM|T-Bil-V|Bilirubin Total (VOX Method)|6.728571|?mol/L|-|N|||F||6.728571|20260902103727|||0||
02.09.2026 10:39:25	Information:	Add Frame:
02.09.2026 10:39:25	Information:	OBX|4|NM|D-Bil-V|Bilirubin Direct (VOX Method)|1.879734|?mol/L|-|N|||F||1.879734|20260902103742|||0||
02.09.2026 10:39:25	Information:	Add Frame:
02.09.2026 10:39:25	Information:	OBX|5|NM|ALT|Alanine Aminotransferase|17.730443|U/L|-|N|||F||17.730443|20260902103556|||0||
02.09.2026 10:39:25	Information:	Add Frame:
02.09.2026 10:39:25	Information:	OBX|6|NM|AST|Aspartate Aminotransferase|20.415975|U/L|-|N|||F||20.415975|20260902103611|||0||
02.09.2026 10:39:25	Information:	Add Frame:
02.09.2026 10:39:25	Information:	OBX|7|NM|ALP|Alkaline phosphatase|260.487576|U/L|-|N|||F||260.487576|20260902103826|||0|RGTE|
02.09.2026 10:39:25	Information:	Add Frame:
02.09.2026 10:39:25	Information:	OBX|8|NM|TP|Total Protein|75.082431|g/L|-|N|||F||75.082431|20260902103757|||0||
02.09.2026 10:39:25	Information:	Received bytes(encoded):60902103641|||0||OBX|10|NM|CREA-S|Creatinine (Sarcosine Oxidase Method)|69.541197|?mol/L|-|N|||F||69.541197|20260902103756|||0||OBX|11|NM|UREA|Urea|5.161372|mmol/L|-|N|||F||5.161372|20260902103641|||0||OBX|12|NM||AST/ALT|1.152542||-|N|||F||1.152542||||||
02.09.2026 10:39:25	Information:	Add Frame:
02.09.2026 10:39:25	Information:	OBX|9|NM|AMY|?-Amylase|25.221486|U/L|-|N|||F||25.221486|20260902103641|||0||
02.09.2026 10:39:25	Information:	Add Frame:
02.09.2026 10:39:25	Information:	OBX|10|NM|CREA-S|Creatinine (Sarcosine Oxidase Method)|69.541197|?mol/L|-|N|||F||69.541197|20260902103756|||0||
02.09.2026 10:39:25	Information:	Add Frame:
02.09.2026 10:39:25	Information:	OBX|11|NM|UREA|Urea|5.161372|mmol/L|-|N|||F||5.161372|20260902103641|||0||
02.09.2026 10:39:25	Information:	Add Frame:
02.09.2026 10:39:25	Information:	OBX|12|NM||AST/ALT|1.152542||-|N|||F||1.152542||||||
02.09.2026 10:39:25	Information:	Add Frame:
02.09.2026 10:39:25	Information:	
02.09.2026 10:39:25	Debug:	read message: 4ms
02.09.2026 10:39:25	Information:	The answer message is created successfully
02.09.2026 10:39:25	Information:	Sending answer...
02.09.2026 10:39:25	Information:	We are in ORU Message
02.09.2026 10:39:25	Information:	MSH MSH|^~\&|||||20260902103826||ORU^R01|119|P|2.3.1||||0||ASCII||||
02.09.2026 10:39:25	Information:	PID PID|81|||||||O||||||||||||||||||||||||
02.09.2026 10:39:25	Information:	PatientRecord in message is successfully  processed
02.09.2026 10:39:25	Information:	The patient order is successfully processed
02.09.2026 10:39:25	Information:	The order record is successfully processed
02.09.2026 10:39:25	Information:	The order record is successfully processed
02.09.2026 10:39:25	Information:	The order record is successfully processed
02.09.2026 10:39:25	Information:	The order record is successfully processed
02.09.2026 10:39:25	Information:	The order record is successfully processed
02.09.2026 10:39:25	Information:	The order record is successfully processed
02.09.2026 10:39:25	Information:	The order record is successfully processed
02.09.2026 10:39:25	Information:	The order record is successfully processed
02.09.2026 10:39:25	Information:	The order record is successfully processed
02.09.2026 10:39:25	Information:	The order record is successfully processed
02.09.2026 10:39:25	Information:	The order record is successfully processed
02.09.2026 10:39:25	Information:	The order record is successfully processed
02.09.2026 10:39:25	Information:	The ORU message is successfully processed
02.09.2026 10:39:25	Debug:	Process message: 8ms
02.09.2026 10:39:25	Debug:	Total time : 13ms
02.09.2026 10:39:25	Information:	Sended bytes:  11 77 83 72 124 94 126 92 38 124 77 105 110 100 114 97 121 124 124 124 124 50 48 50 54 48 57 48 50 49 48 51 57 50 53 124 124 65 67 75 94 82 48 49 124 49 49 57 124 80 124 50 46 51 46 49 124 124 124 124 48 124 124 117 115 45 97 115 99 105 105 124 124 124 13 77 83 65 124 65 65 124 49 49 57 124 77 101 115 115 97 103 101 32 97 99 99 101 112 116 101 100 124 124 124 48 124 13 28 13
02.09.2026 10:39:25	Information:	Sended string MSH|^~\&|Mindray||||20260902103925||ACK^R01|119|P|2.3.1||||0||us-ascii|||MSA|AA|119|Message accepted|||0|
02.09.2026 10:39:27	Information:	url https://lab-vko.dmed.kz/ /api/DriverManager/PingDevice
02.09.2026 10:39:27	Information:	{
"Hash": "w9LjvpRCyoByGV3Lzv0iX9dSI0tLK0uV+pRojL1kufc=",
"Status": 0
}


02.09.2026 10:39:27	Information:	Ping ret is {"Status":0,"Comment":null}
02.09.2026 10:39:27	Debug:	SendResults:	check DriverRequests=	0	ms
02.09.2026 10:39:27	Information:	ByBarcode 51558625
02.09.2026 10:39:27	Information:	GetLinesByBarcodes
02.09.2026 10:39:27	Information:	{
"WorkPlaceID": 20747,
"BeginDate": "2026-06-03",
"EndDate": "2026-09-03",
"OrderNumber": "51558625",
"Offset": 0,
"Limit": 1
}


02.09.2026 10:39:27	Information:	GetByBarcodeReturn: 
02.09.2026 10:39:27	Information:	{"Data":[{"ID":31153494,"StrID":"31153494","OrderNumber":"51558625","OrderRegDate":"2026-09-02T06:14:39.857","PlanExecutionDate":"2026-09-02T06:11:00","SenderMoID":45500000000000909,"SenderMo":{"NameRU":"Некоммерческое акционерное общество \"Медицинский университет Семей\"","NameKZ":"\"Семей медицина университеті\" коммерциялық емес акционерлік қоғамы","Name":"Некоммерческое акционерное общество \"Медицинский университет Семей\"","ShortNameRU":"НАО \"МУС\"","ShortNameKZ":"\"СМУ\" КеАҚ","ShortName":"НАО \"МУС\"","PublicCode":"237J","AddressRU":"ВКО, г. Семей, ул. Абая Кунанбаева 103","AddressKZ":"ВКО, г. Семей, ул. Абая Кунанбаева 103","Address":"ВКО, г. Семей, ул. Абая Кунанбаева 103","OriginalID":"45500000000000909","IsWork":true,"RegionID":20,"BIN":"190240004938","MasterDataID":4911,"PhonesData":{"OrgHealthCarePhones":[]},"IsPostmortem":false,"IsHospital":true,"Code":null,"ID":"45500000000000909","StrID":"45500000000000909"},"ReceiverMoID":45500000000000909,"ReceiverMo":null,"PatientDetailID":41058822,"PatientDetail":{"PersonID":"545128","Person":{"IIN":"190122505916","LastName":"САЙБАКОВ","FirstName":"АЛИХАН","SecondName":"СЕРИКОВИЧ","FullName":"САЙБАКОВ АЛИХАН СЕРИКОВИЧ","FullNameIOF":"АЛИХАН СЕРИКОВИЧ САЙБАКОВ","DisplayText":"190122505916 АЛИХАН СЕРИКОВИЧ САЙБАКОВ 22.01.2019","IinFullName":"190122505916 - САЙБАКОВ АЛИХАН СЕРИКОВИЧ","BirthDate":"2019-01-22T00:00:00","BirthDateStr":"22.01.2019","DeathDate":null,"DeathDateStr":"","BioSexID":3,"BioSex":null,"NationalityID":null,"Nationality":null,"CitizenshipID":null,"Citizenship":null,"MasterDataID":137981324,"RpnID":"15300000042320009","KmisID":"60300000000654199","Type":1,"Age":0,"IsStillborn":false,"IsEarlyNeonatalDeathUp28days":false,"IsDeadPerson":false,"ID":"545128","StrID":"545128"},"AddressRU":"РЕСПУБЛИКА: Казахстан , ОБЛАСТЬ: Абайская , ГОРОД ОБЛ.ЗНАЧ.: Семей , УЛИЦА: АЛЕКСАНДРА ПОСМАКОВА, ДОМ: 84 ","AddressKZ":": Қазақстан , : Абай , : Семей Қ. , АЛЕКСАНДР ПОСМАКОВ көшесі, ҮЙ: 84 ","Address":"РЕСПУБЛИКА: Казахстан , ОБЛАСТЬ: Абайская , ГОРОД ОБЛ.ЗНАЧ.: Семей , УЛИЦА: АЛЕКСАНДРА ПОСМАКОВА, ДОМ: 84 ","MasterDataAddressID":6522359,"WorkPlace":"АБасинсоря","WorkPosition":null,"DocumentNumber":"5946825","DocumentTypeID":3,"DocumentType":null,"NationalityID":null,"DocumentTypeName":null,"Phones":"+7 (707) 337-07-40","ExternalCardID":"5972364","CardType":1,"CardNumber":"67287","CitizenshipCategoryID":1,"CitizenshipCategory":null,"ResidenceTypeID":3,"ResidenceType":null,"MotherPersonID":null,"MotherPerson":null,"IsForeigner":false,"IsHomeless":false,"IsDeadPerson":false,"IsResident":true,"ID":"41058822","StrID":"41058822"},"Person":{"IIN":"190122505916","LastName":"САЙБАКОВ","FirstName":"АЛИХАН","SecondName":"СЕРИКОВИЧ","FullName":"САЙБАКОВ АЛИХАН СЕРИКОВИЧ","FullNameIOF":"АЛИХАН СЕРИКОВИЧ САЙБАКОВ","DisplayText":"190122505916 АЛИХАН СЕРИКОВИЧ САЙБАКОВ 22.01.2019","IinFullName":"190122505916 - САЙБАКОВ АЛИХАН СЕРИКОВИЧ","BirthDate":"2019-01-22T00:00:00","BirthDateStr":"22.01.2019","DeathDate":null,"DeathDateStr":"","BioSexID":3,"BioSex":null,"NationalityID":null,"Nationality":null,"CitizenshipID":null,"Citizenship":null,"MasterDataID":137981324,"RpnID":"15300000042320009","KmisID":"60300000000654199","Type":1,"Age":0,"IsStillborn":false,"IsEarlyNeonatalDeathUp28days":false,"IsDeadPerson":false,"ID":"545128","StrID":"545128"},"IsCito":false,"ExternalSystem":1,"OrderResultFileID":null,"OrderResultFileStorageID":null,"OrderResultDate":null,"Status":1,"DeleteDate":null,"ResultNotes":null,"Comment":"","ExternalOrderNumber":"51558625","ExaminationTypeID":null,"ExaminationType":null,"ExaminationIndicationID":null,"ExaminationIndication":null,"Uid":"85FF949B-41DE-46BF-840B-5F6B0EB7AE6C","SenderPostFullName":"АЛИБЕКОВА БАКЫТЖАН АЛИБЕКОВНА","SenderFuncStructureNameRU":"Отделение детской неврологии","SenderFuncStructureNameKZ":"Балалар неврология бөлімі","IsSamplingOfMaterialsAtReceiver":false,"MisID":42171451,"Materials":[{"OrderID":31153494,"Uid":"99977780-db4c-40c4-bd06-9dfcdb8f4546","MaterialNumber":"51558625","MaterialTypeID":363,"MaterialType":{"OrderBy":0,"ParentID":202,"HasChildren":false,"MasterDataID":489,"Parent":null,"NameRU":"Кровь венозная","NameKZ":"Кровь венозная","Name":"Кровь венозная","PublicCode":"36300","EndDate":null,"ID":"363","StrID":"363"},"TakeDate":"2026-09-02T06:12:00","TakeDateStr":"02.09.2026 06:12","TakePlace":"дет  невр","RejectionReason":null,"RejectionTakenMeasures":null,"ReceiptDate":null,"ReceiptDateStr":null,"RejectionCreatePostID":null,"RejectionCreatePost":null,"SampleCollectorPostIIN":"670820400240","SampleCollectorPostID":null,"Researches":[],"RejectedMaterialImageID":null,"File":null,"ID":"31440267","StrID":"31440267"}],"Researches":[]}],"Total":1}
02.09.2026 10:39:27	Information:	OrderedWW 51558625 Biomat 0 Device 20747
02.09.2026 10:39:27	Information:	ResearchResult
02.09.2026 10:39:27	Information:	{
"OrderID": "31153494",
"WorkPlaceID": 20747
}


02.09.2026 10:39:27	Information:	[{"OrderResearchID":67138499,"OrderResearch":null,"ParameterID":201191,"Parameter":{"ShortNameRU":"Тимоловая проба","ShortNameKZ":"Тимол сынағы","ShortName":"Тимоловая проба","DataType":0,"DataTypeName":"Число","UnitTypeID":100014,"UnitType":{"OrderBy":15,"MasterDataID":null,"CDD_ID":null,"NameRU":"Ед","NameKZ":"Бірл.","Name":"Ед","PublicCode":"10001400","EndDate":null,"ID":"100014","StrID":"100014"},"MedicalFormID":null,"MasterDataID":0,"MedicalForm":null,"NameWithDataType":"Тимоловая проба  (Число)","NameRU":"Тимоловая проба","NameKZ":"Тимол сынағы","Name":"Тимоловая проба","PublicCode":"20119100","EndDate":null,"ID":"201191","StrID":"201191"},"ParameterValues":null,"ParameterValueID":null,"ParameterValue":null,"ResultText":null,"ResultValue":null,"ResultDate":"2026-09-02T10:39:28.1521512+05:00","PostID":"0","Post":null,"ExecuteMethod":2,"SourceResultText":null,"SourceResultValue":null,"SourceResultExpression":null,"SourceUnitTypeID":100014,"SourceUnitType":{"OrderBy":15,"MasterDataID":null,"CDD_ID":null,"NameRU":"Ед","NameKZ":"Бірл.","Name":"Ед","PublicCode":"10001400","EndDate":null,"ID":"100014","StrID":"100014"},"MultiplierID":null,"IsApproved":false,"IsValidated":false,"StandardMatchType":0,"ApproveDate":null,"ApprovePostID":null,"ApprovePost":null,"OrderNum":1,"WorkPlaceID":20747,"OrderID":null,"BacteriologyResult":null,"AnalyzerId":null,"IsOrderProductionControl":false,"ID":"0","StrID":"0"},{"OrderResearchID":67138495,"OrderResearch":null,"ParameterID":200918,"Parameter":{"ShortNameRU":"общий белок в сыворотке крови","ShortNameKZ":"қан сарысуындағы жалпы ақуыз","ShortName":"общий белок в сыворотке крови","DataType":0,"DataTypeName":"Число","UnitTypeID":100012,"UnitType":{"OrderBy":13,"MasterDataID":null,"CDD_ID":null,"NameRU":"г/л","NameKZ":"г/л","Name":"г/л","PublicCode":"10001200","EndDate":null,"ID":"100012","StrID":"100012"},"MedicalFormID":null,"MasterDataID":0,"MedicalForm":null,"NameWithDataType":"общий белок в сыворотке крови  (Число)","NameRU":"общий белок в сыворотке крови","NameKZ":"қан сарысуындағы жалпы ақуыз","Name":"общий белок в сыворотке крови","PublicCode":"20091800","EndDate":null,"ID":"200918","StrID":"200918"},"ParameterValues":null,"ParameterValueID":null,"ParameterValue":null,"ResultText":null,"ResultValue":null,"ResultDate":"2026-09-02T10:39:28.1628763+05:00","PostID":"0","Post":null,"ExecuteMethod":2,"SourceResultText":null,"SourceResultValue":null,"SourceResultExpression":null,"SourceUnitTypeID":100012,"SourceUnitType":{"OrderBy":13,"MasterDataID":null,"CDD_ID":null,"NameRU":"г/л","NameKZ":"г/л","Name":"г/л","PublicCode":"10001200","EndDate":null,"ID":"100012","StrID":"100012"},"MultiplierID":null,"IsApproved":false,"IsValidated":false,"StandardMatchType":0,"ApproveDate":null,"ApprovePostID":null,"ApprovePost":null,"OrderNum":1,"WorkPlaceID":20747,"OrderID":null,"BacteriologyResult":null,"AnalyzerId":null,"IsOrderProductionControl":false,"ID":"0","StrID":"0"},{"OrderResearchID":67138496,"OrderResearch":null,"ParameterID":200357,"Parameter":{"ShortNameRU":"АЛаТ","ShortNameKZ":"АЛаТ","ShortName":"АЛаТ","DataType":0,"DataTypeName":"Число","UnitTypeID":100030,"UnitType":{"OrderBy":31,"MasterDataID":null,"CDD_ID":null,"NameRU":"МЕ/л","NameKZ":"ХБ/л","Name":"МЕ/л","PublicCode":"10003000","EndDate":null,"ID":"100030","StrID":"100030"},"MedicalFormID":null,"MasterDataID":0,"MedicalForm":null,"NameWithDataType":"АЛаТ  (Число)","NameRU":"АЛаТ","NameKZ":"АЛаТ","Name":"АЛаТ","PublicCode":"20035700","EndDate":null,"ID":"200357","StrID":"200357"},"ParameterValues":null,"ParameterValueID":null,"ParameterValue":null,"ResultText":null,"ResultValue":null,"ResultDate":"2026-09-02T10:39:28.1662038+05:00","PostID":"0","Post":null,"ExecuteMethod":2,"SourceResultText":null,"SourceResultValue":null,"SourceResultExpression":null,"SourceUnitTypeID":100030,"SourceUnitType":{"OrderBy":31,"MasterDataID":null,"CDD_ID":null,"NameRU":"МЕ/л","NameKZ":"ХБ/л","Name":"МЕ/л","PublicCode":"10003000","EndDate":null,"ID":"100030","StrID":"100030"},"MultiplierID":null,"IsApproved":false,"IsValidated":false,"StandardMatchType":0,"ApproveDate":null,"ApprovePostID":null,"ApprovePost":null,"OrderNum":1,"WorkPlaceID":20747,"OrderID":null,"BacteriologyResult":null,"AnalyzerId":null,"IsOrderProductionControl":false,"ID":"0","StrID":"0"},{"OrderResearchID":67138500,"OrderResearch":null,"ParameterID":201032,"Parameter":{"ShortNameRU":"прямой билирубин в сыворотке крови","ShortNameKZ":"қан сарысуындағы тікелей билирубин","ShortName":"прямой билирубин в сыворотке крови","DataType":0,"DataTypeName":"Число","UnitTypeID":100041,"UnitType":{"OrderBy":42,"MasterDataID":null,"CDD_ID":null,"NameRU":"мкмоль/л","NameKZ":"мкмоль/л","Name":"мкмоль/л","PublicCode":"10004100","EndDate":null,"ID":"100041","StrID":"100041"},"MedicalFormID":null,"MasterDataID":0,"MedicalForm":null,"NameWithDataType":"прямой билирубин в сыворотке крови  (Число)","NameRU":"прямой билирубин в сыворотке крови","NameKZ":"қан сарысуындағы тікелей билирубин","Name":"прямой билирубин в сыворотке крови","PublicCode":"20103200","EndDate":null,"ID":"201032","StrID":"201032"},"ParameterValues":null,"ParameterValueID":null,"ParameterValue":null,"ResultText":null,"ResultValue":null,"ResultDate":"2026-09-02T10:39:28.1690665+05:00","PostID":"0","Post":null,"ExecuteMethod":2,"SourceResultText":null,"SourceResultValue":null,"SourceResultExpression":null,"SourceUnitTypeID":100041,"SourceUnitType":{"OrderBy":42,"MasterDataID":null,"CDD_ID":null,"NameRU":"мкмоль/л","NameKZ":"мкмоль/л","Name":"мкмоль/л","PublicCode":"10004100","EndDate":null,"ID":"100041","StrID":"100041"},"MultiplierID":null,"IsApproved":false,"IsValidated":false,"StandardMatchType":0,"ApproveDate":null,"ApprovePostID":null,"ApprovePost":null,"OrderNum":1,"WorkPlaceID":20747,"OrderID":null,"BacteriologyResult":null,"AnalyzerId":null,"IsOrderProductionControl":false,"ID":"0","StrID":"0"},{"OrderResearchID":67138501,"OrderResearch":null,"ParameterID":200919,"Parameter":{"ShortNameRU":"общий билирубин в сыворотке крови","ShortNameKZ":"қан сарысуындағы жалпы билирубин","ShortName":"общий билирубин в сыворотке крови","DataType":0,"DataTypeName":"Число","UnitTypeID":100041,"UnitType":{"OrderBy":42,"MasterDataID":null,"CDD_ID":null,"NameRU":"мкмоль/л","NameKZ":"мкмоль/л","Name":"мкмоль/л","PublicCode":"10004100","EndDate":null,"ID":"100041","StrID":"100041"},"MedicalFormID":null,"MasterDataID":0,"MedicalForm":null,"NameWithDataType":"общий билирубин в сыворотке крови  (Число)","NameRU":"общий билирубин в сыворотке крови","NameKZ":"қан сарысуындағы жалпы билирубин","Name":"общий билирубин в сыворотке крови","PublicCode":"20091900","EndDate":null,"ID":"200919","StrID":"200919"},"ParameterValues":null,"ParameterValueID":null,"ParameterValue":null,"ResultText":null,"ResultValue":null,"ResultDate":"2026-09-02T10:39:28.1722534+05:00","PostID":"0","Post":null,"ExecuteMethod":2,"SourceResultText":null,"SourceResultValue":null,"SourceResultExpression":null,"SourceUnitTypeID":100041,"SourceUnitType":{"OrderBy":42,"MasterDataID":null,"CDD_ID":null,"NameRU":"мкмоль/л","NameKZ":"мкмоль/л","Name":"мкмоль/л","PublicCode":"10004100","EndDate":null,"ID":"100041","StrID":"100041"},"MultiplierID":null,"IsApproved":false,"IsValidated":false,"StandardMatchType":0,"ApproveDate":null,"ApprovePostID":null,"ApprovePost":null,"OrderNum":1,"WorkPlaceID":20747,"OrderID":null,"BacteriologyResult":null,"AnalyzerId":null,"IsOrderProductionControl":false,"ID":"0","StrID":"0"},{"OrderResearchID":67138497,"OrderResearch":null,"ParameterID":200408,"Parameter":{"ShortNameRU":"АСаТ","ShortNameKZ":"АСаТ","ShortName":"АСаТ","DataType":0,"DataTypeName":"Число","UnitTypeID":100030,"UnitType":{"OrderBy":31,"MasterDataID":null,"CDD_ID":null,"NameRU":"МЕ/л","NameKZ":"ХБ/л","Name":"МЕ/л","PublicCode":"10003000","EndDate":null,"ID":"100030","StrID":"100030"},"MedicalFormID":null,"MasterDataID":0,"MedicalForm":null,"NameWithDataType":"АСаТ  (Число)","NameRU":"АСаТ","NameKZ":"АСаТ","Name":"АСаТ","PublicCode":"20040800","EndDate":null,"ID":"200408","StrID":"200408"},"ParameterValues":null,"ParameterValueID":null,"ParameterValue":null,"ResultText":null,"ResultValue":null,"ResultDate":"2026-09-02T10:39:28.1747539+05:00","PostID":"0","Post":null,"ExecuteMethod":2,"SourceResultText":null,"SourceResultValue":null,"SourceResultExpression":null,"SourceUnitTypeID":100030,"SourceUnitType":{"OrderBy":31,"MasterDataID":null,"CDD_ID":null,"NameRU":"МЕ/л","NameKZ":"ХБ/л","Name":"МЕ/л","PublicCode":"10003000","EndDate":null,"ID":"100030","StrID":"100030"},"MultiplierID":null,"IsApproved":false,"IsValidated":false,"StandardMatchType":0,"ApproveDate":null,"ApprovePostID":null,"ApprovePost":null,"OrderNum":1,"WorkPlaceID":20747,"OrderID":null,"BacteriologyResult":null,"AnalyzerId":null,"IsOrderProductionControl":false,"ID":"0","StrID":"0"},{"OrderResearchID":67138498,"OrderResearch":null,"ParameterID":201306,"Parameter":{"ShortNameRU":"ЩФ","ShortNameKZ":"СФ","ShortName":"ЩФ","DataType":0,"DataTypeName":"Число","UnitTypeID":100030,"UnitType":{"OrderBy":31,"MasterDataID":null,"CDD_ID":null,"NameRU":"МЕ/л","NameKZ":"ХБ/л","Name":"МЕ/л","PublicCode":"10003000","EndDate":null,"ID":"100030","StrID":"100030"},"MedicalFormID":null,"MasterDataID":0,"MedicalForm":null,"NameWithDataType":"ЩФ  (Число)","NameRU":"ЩФ","NameKZ":"СФ","Name":"ЩФ","PublicCode":"20130600","EndDate":null,"ID":"201306","StrID":"201306"},"ParameterValues":null,"ParameterValueID":null,"ParameterValue":null,"ResultText":null,"ResultValue":null,"ResultDate":"2026-09-02T10:39:28.177696+05:00","PostID":"0","Post":null,"ExecuteMethod":2,"SourceResultText":null,"SourceResultValue":null,"SourceResultExpression":null,"SourceUnitTypeID":100030,"SourceUnitType":{"OrderBy":31,"MasterDataID":null,"CDD_ID":null,"NameRU":"МЕ/л","NameKZ":"ХБ/л","Name":"МЕ/л","PublicCode":"10003000","EndDate":null,"ID":"100030","StrID":"100030"},"MultiplierID":null,"IsApproved":false,"IsValidated":false,"StandardMatchType":0,"ApproveDate":null,"ApprovePostID":null,"ApprovePost":null,"OrderNum":1,"WorkPlaceID":20747,"OrderID":null,"BacteriologyResult":null,"AnalyzerId":null,"IsOrderProductionControl":false,"ID":"0","StrID":"0"},{"OrderResearchID":67138502,"OrderResearch":null,"ParameterID":200905,"Parameter":{"ShortNameRU":"общая ɑ-амилаза в сыворотке крови (анализатор)","ShortNameKZ":"қандағы жалпы ɑ-амилаза (анализатор)","ShortName":"общая ɑ-амилаза в сыворотке крови (анализатор)","DataType":0,"DataTypeName":"Число","UnitTypeID":100030,"UnitType":{"OrderBy":31,"MasterDataID":null,"CDD_ID":null,"NameRU":"МЕ/л","NameKZ":"ХБ/л","Name":"МЕ/л","PublicCode":"10003000","EndDate":null,"ID":"100030","StrID":"100030"},"MedicalFormID":null,"MasterDataID":0,"MedicalForm":null,"NameWithDataType":"общая ɑ-амилаза в сыворотке крови (анализатор)  (Число)","NameRU":"общая ɑ-амилаза в сыворотке крови (анализатор)","NameKZ":"қандағы жалпы ɑ-амилаза (анализатор)","Name":"общая ɑ-амилаза в сыворотке крови (анализатор)","PublicCode":"20090500","EndDate":null,"ID":"200905","StrID":"200905"},"ParameterValues":null,"ParameterValueID":null,"ParameterValue":null,"ResultText":null,"ResultValue":null,"ResultDate":"2026-09-02T10:39:28.1798516+05:00","PostID":"0","Post":null,"ExecuteMethod":2,"SourceResultText":null,"SourceResultValue":null,"SourceResultExpression":null,"SourceUnitTypeID":100030,"SourceUnitType":{"OrderBy":31,"MasterDataID":null,"CDD_ID":null,"NameRU":"МЕ/л","NameKZ":"ХБ/л","Name":"МЕ/л","PublicCode":"10003000","EndDate":null,"ID":"100030","StrID":"100030"},"MultiplierID":null,"IsApproved":false,"IsValidated":false,"StandardMatchType":0,"ApproveDate":null,"ApprovePostID":null,"ApprovePost":null,"OrderNum":1,"WorkPlaceID":20747,"OrderID":null,"BacteriologyResult":null,"AnalyzerId":null,"IsOrderProductionControl":false,"ID":"0","StrID":"0"},{"OrderResearchID":67138503,"OrderResearch":null,"ParameterID":201415,"Parameter":{"ShortNameRU":"кальций в сыворотке крови (анализатор)","ShortNameKZ":"қан сарысуындағы кальций (анализатор)","ShortName":"кальций в сыворотке крови (анализатор)","DataType":0,"DataTypeName":"Число","UnitTypeID":100051,"UnitType":{"OrderBy":52,"MasterDataID":null,"CDD_ID":null,"NameRU":"ммоль/л","NameKZ":"ммоль/л","Name":"ммоль/л","PublicCode":"10005100","EndDate":null,"ID":"100051","StrID":"100051"},"MedicalFormID":null,"MasterDataID":0,"MedicalForm":null,"NameWithDataType":"кальций в сыворотке крови (анализатор)  (Число)","NameRU":"кальций в сыворотке крови (анализатор)","NameKZ":"қан сарысуындағы кальций (анализатор)","Name":"кальций в сыворотке крови (анализатор)","PublicCode":"20141500","EndDate":null,"ID":"201415","StrID":"201415"},"ParameterValues":null,"ParameterValueID":null,"ParameterValue":null,"ResultText":null,"ResultValue":null,"ResultDate":"2026-09-02T10:39:28.1825826+05:00","PostID":"0","Post":null,"ExecuteMethod":2,"SourceResultText":null,"SourceResultValue":null,"SourceResultExpression":null,"SourceUnitTypeID":100051,"SourceUnitType":{"OrderBy":52,"MasterDataID":null,"CDD_ID":null,"NameRU":"ммоль/л","NameKZ":"ммоль/л","Name":"ммоль/л","PublicCode":"10005100","EndDate":null,"ID":"100051","StrID":"100051"},"MultiplierID":null,"IsApproved":false,"IsValidated":false,"StandardMatchType":0,"ApproveDate":null,"ApprovePostID":null,"ApprovePost":null,"OrderNum":1,"WorkPlaceID":20747,"OrderID":null,"BacteriologyResult":null,"AnalyzerId":null,"IsOrderProductionControl":false,"ID":"0","StrID":"0"},{"OrderResearchID":67138504,"OrderResearch":null,"ParameterID":200549,"Parameter":{"ShortNameRU":"глюкоза в сыворотке крови","ShortNameKZ":"қан сарысуындағы глюкоза","ShortName":"глюкоза в сыворотке крови","DataType":0,"DataTypeName":"Число","UnitTypeID":100051,"UnitType":{"OrderBy":52,"MasterDataID":null,"CDD_ID":null,"NameRU":"ммоль/л","NameKZ":"ммоль/л","Name":"ммоль/л","PublicCode":"10005100","EndDate":null,"ID":"100051","StrID":"100051"},"MedicalFormID":null,"MasterDataID":0,"MedicalForm":null,"NameWithDataType":"глюкоза в сыворотке крови  (Число)","NameRU":"глюкоза в сыворотке крови","NameKZ":"қан сарысуындағы глюкоза","Name":"глюкоза в сыворотке крови","PublicCode":"20054900","EndDate":null,"ID":"200549","StrID":"200549"},"ParameterValues":null,"ParameterValueID":null,"ParameterValue":null,"ResultText":null,"ResultValue":null,"ResultDate":"2026-09-02T10:39:28.1857361+05:00","PostID":"0","Post":null,"ExecuteMethod":2,"SourceResultText":null,"SourceResultValue":null,"SourceResultExpression":null,"SourceUnitTypeID":100051,"SourceUnitType":{"OrderBy":52,"MasterDataID":null,"CDD_ID":null,"NameRU":"ммоль/л","NameKZ":"ммоль/л","Name":"ммоль/л","PublicCode":"10005100","EndDate":null,"ID":"100051","StrID":"100051"},"MultiplierID":null,"IsApproved":false,"IsValidated":false,"StandardMatchType":0,"ApproveDate":null,"ApprovePostID":null,"ApprovePost":null,"OrderNum":1,"WorkPlaceID":20747,"OrderID":null,"BacteriologyResult":null,"AnalyzerId":null,"IsOrderProductionControl":false,"ID":"0","StrID":"0"},{"OrderResearchID":67138505,"OrderResearch":null,"ParameterID":200852,"Parameter":{"ShortNameRU":"мочевина в сыворотке крови","ShortNameKZ":"қан сарысуындағы несепнәр","ShortName":"мочевина в сыворотке крови","DataType":0,"DataTypeName":"Число","UnitTypeID":100051,"UnitType":{"OrderBy":52,"MasterDataID":null,"CDD_ID":null,"NameRU":"ммоль/л","NameKZ":"ммоль/л","Name":"ммоль/л","PublicCode":"10005100","EndDate":null,"ID":"100051","StrID":"100051"},"MedicalFormID":null,"MasterDataID":0,"MedicalForm":null,"NameWithDataType":"мочевина в сыворотке крови  (Число)","NameRU":"мочевина в сыворотке крови","NameKZ":"қан сарысуындағы несепнәр","Name":"мочевина в сыворотке крови","PublicCode":"20085200","EndDate":null,"ID":"200852","StrID":"200852"},"ParameterValues":null,"ParameterValueID":null,"ParameterValue":null,"ResultText":null,"ResultValue":null,"ResultDate":"2026-09-02T10:39:28.1857361+05:00","PostID":"0","Post":null,"ExecuteMethod":2,"SourceResultText":null,"SourceResultValue":null,"SourceResultExpression":null,"SourceUnitTypeID":100051,"SourceUnitType":{"OrderBy":52,"MasterDataID":null,"CDD_ID":null,"NameRU":"ммоль/л","NameKZ":"ммоль/л","Name":"ммоль/л","PublicCode":"10005100","EndDate":null,"ID":"100051","StrID":"100051"},"MultiplierID":null,"IsApproved":false,"IsValidated":false,"StandardMatchType":0,"ApproveDate":null,"ApprovePostID":null,"ApprovePost":null,"OrderNum":1,"WorkPlaceID":20747,"OrderID":null,"BacteriologyResult":null,"AnalyzerId":null,"IsOrderProductionControl":false,"ID":"0","StrID":"0"},{"OrderResearchID":67138506,"OrderResearch":null,"ParameterID":200744,"Parameter":{"ShortNameRU":"креатинин в крови","ShortNameKZ":"қандағы креатинин","ShortName":"креатинин в крови","DataType":0,"DataTypeName":"Число","UnitTypeID":100041,"UnitType":{"OrderBy":42,"MasterDataID":null,"CDD_ID":null,"NameRU":"мкмоль/л","NameKZ":"мкмоль/л","Name":"мкмоль/л","PublicCode":"10004100","EndDate":null,"ID":"100041","StrID":"100041"},"MedicalFormID":null,"MasterDataID":0,"MedicalForm":null,"NameWithDataType":"креатинин в крови  (Число)","NameRU":"креатинин в крови","NameKZ":"қандағы креатинин","Name":"креатинин в крови","PublicCode":"20074400","EndDate":null,"ID":"200744","StrID":"200744"},"ParameterValues":null,"ParameterValueID":null,"ParameterValue":null,"ResultText":null,"ResultValue":null,"ResultDate":"2026-09-02T10:39:28.1933931+05:00","PostID":"0","Post":null,"ExecuteMethod":2,"SourceResultText":null,"SourceResultValue":null,"SourceResultExpression":null,"SourceUnitTypeID":100041,"SourceUnitType":{"OrderBy":42,"MasterDataID":null,"CDD_ID":null,"NameRU":"мкмоль/л","NameKZ":"мкмоль/л","Name":"мкмоль/л","PublicCode":"10004100","EndDate":null,"ID":"100041","StrID":"100041"},"MultiplierID":null,"IsApproved":false,"IsValidated":false,"StandardMatchType":0,"ApproveDate":null,"ApprovePostID":null,"ApprovePost":null,"OrderNum":1,"WorkPlaceID":20747,"OrderID":null,"BacteriologyResult":null,"AnalyzerId":null,"IsOrderProductionControl":false,"ID":"0","StrID":"0"}]
02.09.2026 10:39:27	Information:	TestsWW spec 201191, spec 200918, spec 200357, spec 201032, spec 200919, spec 200408, spec 201306, spec 200905, spec 201415, spec 200549, spec 200852, spec 200744, 
02.09.2026 10:39:27	Information:	Querry lines count: 1
02.09.2026 10:39:27	Debug:	SendResults:	fix DriverRequests=	161	ms
02.09.2026 10:39:27	Information:	SAMPLE! 51558625 DeviceDriverResult Sample: 51558625 Suggest: . Do Request True
02.09.2026 10:39:27	Information:	Sample request count: 1
02.09.2026 10:39:27	Information:	MU is mmol/L
02.09.2026 10:39:27	Information:	Driver Collations count 0
02.09.2026 10:39:27	Information:	MU collations count=0
02.09.2026 10:39:27	Information:	MU is ?mol/L
02.09.2026 10:39:27	Information:	Driver Collations count 0
02.09.2026 10:39:27	Information:	MU collations count=0
02.09.2026 10:39:27	Information:	MU is ?mol/L
02.09.2026 10:39:27	Information:	Driver Collations count 0
02.09.2026 10:39:27	Information:	MU collations count=0
02.09.2026 10:39:27	Information:	MU is U/L
02.09.2026 10:39:27	Information:	Driver Collations count 0
02.09.2026 10:39:27	Information:	MU collations count=0
02.09.2026 10:39:27	Information:	MU is U/L
02.09.2026 10:39:27	Information:	Driver Collations count 0
02.09.2026 10:39:27	Information:	MU collations count=0
02.09.2026 10:39:27	Information:	MU is U/L
02.09.2026 10:39:27	Information:	Driver Collations count 0
02.09.2026 10:39:27	Information:	MU collations count=0
02.09.2026 10:39:27	Information:	MU is g/L
02.09.2026 10:39:27	Information:	Driver Collations count 0
02.09.2026 10:39:27	Information:	MU collations count=0
02.09.2026 10:39:27	Information:	MU is U/L
02.09.2026 10:39:27	Information:	Driver Collations count 0
02.09.2026 10:39:27	Information:	MU collations count=0
02.09.2026 10:39:27	Information:	MU is ?mol/L
02.09.2026 10:39:27	Information:	Driver Collations count 0
02.09.2026 10:39:27	Information:	MU collations count=0
02.09.2026 10:39:27	Information:	MU is mmol/L
02.09.2026 10:39:27	Information:	Driver Collations count 0
02.09.2026 10:39:27	Information:	MU collations count=0
02.09.2026 10:39:27	Debug:	SendResults:	SetTestsValues first SetTestsValues=	103	ms
02.09.2026 10:39:27	Debug:	SendResults:	Device Total = 268 ms
02.09.2026 10:39:27	Information:	Saving 51558625
02.09.2026 10:39:27	Information:	Start test result saving
02.09.2026 10:39:27	Information:	No result for test 201191 for sample with barcode 51558625 for device 20747
02.09.2026 10:39:27	Information:	Result object to save: 
02.09.2026 10:39:27	Information:	{"OrderResearchID":67138495,"OrderResearch":null,"ParameterID":200918,"Parameter":{"ShortNameRU":"общий белок в сыворотке крови","ShortNameKZ":"қан сарысуындағы жалпы ақуыз","ShortName":"общий белок в сыворотке крови","DataType":0,"DataTypeName":"Число","UnitTypeID":100012,"UnitType":{"NameRU":"г/л","NameKZ":"г/л","Name":"г/л","PublicCode":"10001200","OrderBy":13,"ID":100012,"StrID":"100012"},"MedicalFormID":null,"MedicalForm":null,"NameRU":"общий белок в сыворотке крови","NameKZ":"қан сарысуындағы жалпы ақуыз","Name":"общий белок в сыворотке крови","PublicCode":"20091800","OrderBy":null,"ID":200918,"StrID":"200918"},"ParameterValueID":null,"ParameterValue":null,"ResultText":"75.08","ResultValue":null,"ResultDate":"2026-09-02T10:39:28.1628763+05:00","PostID":0,"Post":null,"ExecuteMethod":2,"SourceResultText":"75.08","SourceResultValue":null,"SourceResultExpression":null,"SourceUnitTypeID":100012,"SourceUnitType":{"NameRU":"г/л","NameKZ":"г/л","Name":"г/л","PublicCode":"10001200","OrderBy":13,"ID":100012,"StrID":"100012"},"IsApproved":false,"ApproveDate":null,"ApprovePostID":null,"ApprovePost":null,"OrderNum":1,"WorkPlaceID":20747,"DriverManagerID":150,"BacteriologyResult":null,"AnalyzerId":38,"IsOrderProductionControl":false,"ID":0,"StrID":"0"}
02.09.2026 10:39:27	Information:	Save string: 
02.09.2026 10:39:27	Information:	{"OrderResearchID":67138495,"OrderResearch":{"OrderID":31153494,"ServiceMoID":2163201,"ServiceMoMasterDataID":8269447,"ServiceMo":{"OrgHealthCareID":"45500000000000909","ServiceID":236,"NameRU":"Определение общего белка в сыворотке крови на анализаторе","NameKZ":"Қан сарысуындағы жалпы нәруызды талдауышта анықтау ","Name":"Определение общего белка в сыворотке крови на анализаторе","ShortNameRU":"Определение общего белка в сыворотке крови на анализаторе","ShortNameKZ":"Қан сарысуындағы жалпы нәруызды талдауышта анықтау ","ShortName":"Определение общего белка в сыворотке крови на анализаторе","FullName":"B03.397.002 - Определение общего белка в сыворотке крови на анализаторе","Code":"B03.397.002","ExternalCode":null,"ServiceClassID":5,"ServiceClass":{"ServiceTypeID":2,"OrderBy":5,"MasterDataID":5,"NameRU":"Клиническая химия (биохимия)","NameKZ":"Клиникалық химия (биохимия)","Name":"Клиническая химия (биохимия)","PublicCode":"500","EndDate":null,"ID":"5","StrID":"5"},"Service":{"NameRU":"Определение общего белка в сыворотке крови на анализаторе","NameKZ":"Қан сарысуындағы жалпы нәруызды талдауышта анықтау","Name":"Определение общего белка в сыворотке крови на анализаторе","ShortNameRU":"Общий белок на анализаторе","ShortNameKZ":"Общий белок на анализаторе","ShortName":"Общий белок на анализаторе","FullName":"B03.397.002 - Определение общего белка в сыворотке крови на анализаторе","Code":"B03.397.002","ServiceClassID":5,"ServiceClass":null,"ServiceSubClassID":6,"ServiceSubClass":null,"MaterialTypeID":202,"MaterialType":null,"MasterDataID":3079,"ID":"236","StrID":"236"},"MasterDataID":8269447,"ServiceSubClassID":6,"PayType":1,"ServiceSubClass":null,"ID":"2163201","StrID":"2163201"},"FullName":"B03.397.002 - Определение общего белка в сыворотке крови на анализаторе  () ","IsMain":true,"SourceID":"145063741_34002769","WorkPlaceID":20747,"WorkPlace":null,"DriverManager":null,"ParameterID":null,"Parameter":null,"AdditionalInfo":null,"Status":1,"PerformetServiceCount":7,"ResearchResultCount":0,"ApproveResearchResultCount":0,"NotSaveResearchResultCount":0,"ParentID":null,"ScreeningCandidatePlanGuid":null,"ScreeningUrl":null,"TakePlace":null,"MaterialTypeID":null,"MaterialType":null,"PartCount":0,"IsOrderProductionControl":false,"Uid":"0476ea2d-ca4b-4d67-af80-8085a2ddc57c","OrderPerformerServices":[],"OrderResearchAllergens":[],"Results":[],"IsResumed":false,"ExecutionType":0,"ID":"67138495","StrID":"67138495"},"ParameterID":200918,"Parameter":{"ShortNameRU":"общий белок в сыворотке крови","ShortNameKZ":"қан сарысуындағы жалпы ақуыз","ShortName":"общий белок в сыворотке крови","DataType":0,"DataTypeName":"Число","UnitTypeID":100012,"UnitType":null,"MedicalFormID":null,"MasterDataID":0,"MedicalForm":null,"NameWithDataType":"общий белок в сыворотке крови  (Число)","NameRU":"общий белок в сыворотке крови","NameKZ":"қан сарысуындағы жалпы ақуыз","Name":"общий белок в сыворотке крови","PublicCode":"20091800","EndDate":null,"ID":"200918","StrID":"200918"},"ParameterValues":null,"ParameterValueID":null,"ParameterValue":null,"ResultText":"75.08","ResultValue":"75.08","ResultDate":"2026-09-02T10:39:28.3655575+05:00","PostID":"189416","Post":null,"ExecuteMethod":2,"SourceResultText":"75.08","SourceResultValue":"75.08","SourceResultExpression":null,"SourceUnitTypeID":100012,"SourceUnitType":{"OrderBy":13,"MasterDataID":null,"CDD_ID":null,"NameRU":"г/л","NameKZ":"г/л","Name":"г/л","PublicCode":"10001200","EndDate":null,"ID":"100012","StrID":"100012"},"MultiplierID":null,"IsApproved":false,"IsValidated":false,"StandardMatchType":0,"ApproveDate":null,"ApprovePostID":null,"ApprovePost":null,"OrderNum":1,"WorkPlaceID":20747,"OrderID":null,"BacteriologyResult":null,"AnalyzerId":38,"IsOrderProductionControl":false,"ID":"207373814","StrID":"207373814"}
02.09.2026 10:39:27	Information:	Result object to save: 
02.09.2026 10:39:27	Information:	{"OrderResearchID":67138496,"OrderResearch":null,"ParameterID":200357,"Parameter":{"ShortNameRU":"АЛаТ","ShortNameKZ":"АЛаТ","ShortName":"АЛаТ","DataType":0,"DataTypeName":"Число","UnitTypeID":100030,"UnitType":{"NameRU":"МЕ/л","NameKZ":"ХБ/л","Name":"МЕ/л","PublicCode":"10003000","OrderBy":31,"ID":100030,"StrID":"100030"},"MedicalFormID":null,"MedicalForm":null,"NameRU":"АЛаТ","NameKZ":"АЛаТ","Name":"АЛаТ","PublicCode":"20035700","OrderBy":null,"ID":200357,"StrID":"200357"},"ParameterValueID":null,"ParameterValue":null,"ResultText":"17.73","ResultValue":null,"ResultDate":"2026-09-02T10:39:28.1662038+05:00","PostID":0,"Post":null,"ExecuteMethod":2,"SourceResultText":"17.73","SourceResultValue":null,"SourceResultExpression":null,"SourceUnitTypeID":100030,"SourceUnitType":{"NameRU":"МЕ/л","NameKZ":"ХБ/л","Name":"МЕ/л","PublicCode":"10003000","OrderBy":31,"ID":100030,"StrID":"100030"},"IsApproved":false,"ApproveDate":null,"ApprovePostID":null,"ApprovePost":null,"OrderNum":1,"WorkPlaceID":20747,"DriverManagerID":150,"BacteriologyResult":null,"AnalyzerId":38,"IsOrderProductionControl":false,"ID":0,"StrID":"0"}
02.09.2026 10:39:27	Information:	Save string: 
02.09.2026 10:39:27	Information:	{"OrderResearchID":67138496,"OrderResearch":{"OrderID":31153494,"ServiceMoID":2163576,"ServiceMoMasterDataID":8269462,"ServiceMo":{"OrgHealthCareID":"45500000000000909","ServiceID":253,"NameRU":"Определение аланинаминотрансферазы (АЛаТ) в сыворотке крови на анализаторе","NameKZ":"Қан сарысуындағы аланинаминотрансферазды (АЛаТ) талдауышта анықтау ","Name":"Определение аланинаминотрансферазы (АЛаТ) в сыворотке крови на анализаторе","ShortNameRU":"Определение аланинаминотрансферазы (АЛаТ) в сыворотке крови на анализаторе","ShortNameKZ":"Қан сарысуындағы аланинаминотрансферазды (АЛаТ) талдауышта анықтау ","ShortName":"Определение аланинаминотрансферазы (АЛаТ) в сыворотке крови на анализаторе","FullName":"B03.155.002 - Определение аланинаминотрансферазы (АЛаТ) в сыворотке крови на анализаторе","Code":"B03.155.002","ExternalCode":null,"ServiceClassID":5,"ServiceClass":{"ServiceTypeID":2,"OrderBy":5,"MasterDataID":5,"NameRU":"Клиническая химия (биохимия)","NameKZ":"Клиникалық химия (биохимия)","Name":"Клиническая химия (биохимия)","PublicCode":"500","EndDate":null,"ID":"5","StrID":"5"},"Service":{"NameRU":"Определение аланинаминотрансферазы (АЛаТ) в сыворотке крови на анализаторе","NameKZ":"Қан сарысуындағы аланинаминотрансферазды (АЛаТ) талдауышта анықтау","Name":"Определение аланинаминотрансферазы (АЛаТ) в сыворотке крови на анализаторе","ShortNameRU":"АЛаТ на анализаторе","ShortNameKZ":"АЛаТ на анализаторе","ShortName":"АЛаТ на анализаторе","FullName":"B03.155.002 - Определение аланинаминотрансферазы (АЛаТ) в сыворотке крови на анализаторе","Code":"B03.155.002","ServiceClassID":5,"ServiceClass":null,"ServiceSubClassID":6,"ServiceSubClass":null,"MaterialTypeID":202,"MaterialType":null,"MasterDataID":3094,"ID":"253","StrID":"253"},"MasterDataID":8269462,"ServiceSubClassID":6,"PayType":1,"ServiceSubClass":null,"ID":"2163576","StrID":"2163576"},"FullName":"B03.155.002 - Определение аланинаминотрансферазы (АЛаТ) в сыворотке крови на анализаторе  () ","IsMain":true,"SourceID":"145063741_34002770","WorkPlaceID":20747,"WorkPlace":null,"DriverManager":null,"ParameterID":null,"Parameter":null,"AdditionalInfo":null,"Status":1,"PerformetServiceCount":9,"ResearchResultCount":0,"ApproveResearchResultCount":0,"NotSaveResearchResultCount":0,"ParentID":null,"ScreeningCandidatePlanGuid":null,"ScreeningUrl":null,"TakePlace":null,"MaterialTypeID":null,"MaterialType":null,"PartCount":0,"IsOrderProductionControl":false,"Uid":"0a56fcd3-2ab9-4565-a6c3-85e990539867","OrderPerformerServices":[],"OrderResearchAllergens":[],"Results":[],"IsResumed":false,"ExecutionType":0,"ID":"67138496","StrID":"67138496"},"ParameterID":200357,"Parameter":{"ShortNameRU":"АЛаТ","ShortNameKZ":"АЛаТ","ShortName":"АЛаТ","DataType":0,"DataTypeName":"Число","UnitTypeID":100030,"UnitType":null,"MedicalFormID":null,"MasterDataID":0,"MedicalForm":null,"NameWithDataType":"АЛаТ  (Число)","NameRU":"АЛаТ","NameKZ":"АЛаТ","Name":"АЛаТ","PublicCode":"20035700","EndDate":null,"ID":"200357","StrID":"200357"},"ParameterValues":null,"ParameterValueID":null,"ParameterValue":null,"ResultText":"17.73","ResultValue":"17.73","ResultDate":"2026-09-02T10:39:28.4242736+05:00","PostID":"189416","Post":null,"ExecuteMethod":2,"SourceResultText":"17.73","SourceResultValue":"17.73","SourceResultExpression":null,"SourceUnitTypeID":100030,"SourceUnitType":{"OrderBy":31,"MasterDataID":null,"CDD_ID":null,"NameRU":"МЕ/л","NameKZ":"ХБ/л","Name":"МЕ/л","PublicCode":"10003000","EndDate":null,"ID":"100030","StrID":"100030"},"MultiplierID":null,"IsApproved":false,"IsValidated":false,"StandardMatchType":0,"ApproveDate":null,"ApprovePostID":null,"ApprovePost":null,"OrderNum":1,"WorkPlaceID":20747,"OrderID":null,"BacteriologyResult":null,"AnalyzerId":38,"IsOrderProductionControl":false,"ID":"207373816","StrID":"207373816"}
02.09.2026 10:39:27	Information:	Result object to save: 
02.09.2026 10:39:27	Information:	{"OrderResearchID":67138500,"OrderResearch":null,"ParameterID":201032,"Parameter":{"ShortNameRU":"прямой билирубин в сыворотке крови","ShortNameKZ":"қан сарысуындағы тікелей билирубин","ShortName":"прямой билирубин в сыворотке крови","DataType":0,"DataTypeName":"Число","UnitTypeID":100041,"UnitType":{"NameRU":"мкмоль/л","NameKZ":"мкмоль/л","Name":"мкмоль/л","PublicCode":"10004100","OrderBy":42,"ID":100041,"StrID":"100041"},"MedicalFormID":null,"MedicalForm":null,"NameRU":"прямой билирубин в сыворотке крови","NameKZ":"қан сарысуындағы тікелей билирубин","Name":"прямой билирубин в сыворотке крови","PublicCode":"20103200","OrderBy":null,"ID":201032,"StrID":"201032"},"ParameterValueID":null,"ParameterValue":null,"ResultText":"1.88","ResultValue":null,"ResultDate":"2026-09-02T10:39:28.1690665+05:00","PostID":0,"Post":null,"ExecuteMethod":2,"SourceResultText":"1.88","SourceResultValue":null,"SourceResultExpression":null,"SourceUnitTypeID":100041,"SourceUnitType":{"NameRU":"мкмоль/л","NameKZ":"мкмоль/л","Name":"мкмоль/л","PublicCode":"10004100","OrderBy":42,"ID":100041,"StrID":"100041"},"IsApproved":false,"ApproveDate":null,"ApprovePostID":null,"ApprovePost":null,"OrderNum":1,"WorkPlaceID":20747,"DriverManagerID":150,"BacteriologyResult":null,"AnalyzerId":38,"IsOrderProductionControl":false,"ID":0,"StrID":"0"}
02.09.2026 10:39:27	Information:	Save string: 
02.09.2026 10:39:27	Information:	{"OrderResearchID":67138500,"OrderResearch":{"OrderID":31153494,"ServiceMoID":2163601,"ServiceMoMasterDataID":8269463,"ServiceMo":{"OrgHealthCareID":"45500000000000909","ServiceID":254,"NameRU":"Определение прямого билирубина в сыворотке крови на анализаторе","NameKZ":"Қан сарысуындағы тікелей  билирубинді талдауышта анықтау ","Name":"Определение прямого билирубина в сыворотке крови на анализаторе","ShortNameRU":"Определение прямого билирубина в сыворотке крови на анализаторе","ShortNameKZ":"Қан сарысуындағы тікелей  билирубинді талдауышта анықтау ","ShortName":"Определение прямого билирубина в сыворотке крови на анализаторе","FullName":"B03.435.002 - Определение прямого билирубина в сыворотке крови на анализаторе","Code":"B03.435.002","ExternalCode":null,"ServiceClassID":5,"ServiceClass":{"ServiceTypeID":2,"OrderBy":5,"MasterDataID":5,"NameRU":"Клиническая химия (биохимия)","NameKZ":"Клиникалық химия (биохимия)","Name":"Клиническая химия (биохимия)","PublicCode":"500","EndDate":null,"ID":"5","StrID":"5"},"Service":{"NameRU":"Определение прямого билирубина в сыворотке крови на анализаторе","NameKZ":"Қан сарысуындағы тікелей билирубинді талдауышта анықтау","Name":"Определение прямого билирубина в сыворотке крови на анализаторе","ShortNameRU":"Прямой Bi на анализаторе","ShortNameKZ":"Прямой Bi на анализаторе","ShortName":"Прямой Bi на анализаторе","FullName":"B03.435.002 - Определение прямого билирубина в сыворотке крови на анализаторе","Code":"B03.435.002","ServiceClassID":5,"ServiceClass":null,"ServiceSubClassID":6,"ServiceSubClass":null,"MaterialTypeID":202,"MaterialType":null,"MasterDataID":3095,"ID":"254","StrID":"254"},"MasterDataID":8269463,"ServiceSubClassID":6,"PayType":1,"ServiceSubClass":null,"ID":"2163601","StrID":"2163601"},"FullName":"B03.435.002 - Определение прямого билирубина в сыворотке крови на анализаторе  () ","IsMain":true,"SourceID":"145063741_34002779","WorkPlaceID":20747,"WorkPlace":null,"DriverManager":null,"ParameterID":null,"Parameter":null,"AdditionalInfo":null,"Status":1,"PerformetServiceCount":7,"ResearchResultCount":0,"ApproveResearchResultCount":0,"NotSaveResearchResultCount":0,"ParentID":null,"ScreeningCandidatePlanGuid":null,"ScreeningUrl":null,"TakePlace":null,"MaterialTypeID":null,"MaterialType":null,"PartCount":0,"IsOrderProductionControl":false,"Uid":"f570cf04-4675-4bec-9a5f-56cc367cf900","OrderPerformerServices":[],"OrderResearchAllergens":[],"Results":[],"IsResumed":false,"ExecutionType":0,"ID":"67138500","StrID":"67138500"},"ParameterID":201032,"Parameter":{"ShortNameRU":"прямой билирубин в сыворотке крови","ShortNameKZ":"қан сарысуындағы тікелей билирубин","ShortName":"прямой билирубин в сыворотке крови","DataType":0,"DataTypeName":"Число","UnitTypeID":100041,"UnitType":null,"MedicalFormID":null,"MasterDataID":0,"MedicalForm":null,"NameWithDataType":"прямой билирубин в сыворотке крови  (Число)","NameRU":"прямой билирубин в сыворотке крови","NameKZ":"қан сарысуындағы тікелей билирубин","Name":"прямой билирубин в сыворотке крови","PublicCode":"20103200","EndDate":null,"ID":"201032","StrID":"201032"},"ParameterValues":null,"ParameterValueID":null,"ParameterValue":null,"ResultText":"1.88","ResultValue":"1.88","ResultDate":"2026-09-02T10:39:28.4750967+05:00","PostID":"189416","Post":null,"ExecuteMethod":2,"SourceResultText":"1.88","SourceResultValue":"1.88","SourceResultExpression":null,"SourceUnitTypeID":100041,"SourceUnitType":{"OrderBy":42,"MasterDataID":null,"CDD_ID":null,"NameRU":"мкмоль/л","NameKZ":"мкмоль/л","Name":"мкмоль/л","PublicCode":"10004100","EndDate":null,"ID":"100041","StrID":"100041"},"MultiplierID":null,"IsApproved":false,"IsValidated":false,"StandardMatchType":0,"ApproveDate":null,"ApprovePostID":null,"ApprovePost":null,"OrderNum":1,"WorkPlaceID":20747,"OrderID":null,"BacteriologyResult":null,"AnalyzerId":38,"IsOrderProductionControl":false,"ID":"207373817","StrID":"207373817"}
02.09.2026 10:39:27	Information:	Result object to save: 
02.09.2026 10:39:27	Information:	{"OrderResearchID":67138501,"OrderResearch":null,"ParameterID":200919,"Parameter":{"ShortNameRU":"общий билирубин в сыворотке крови","ShortNameKZ":"қан сарысуындағы жалпы билирубин","ShortName":"общий билирубин в сыворотке крови","DataType":0,"DataTypeName":"Число","UnitTypeID":100041,"UnitType":{"NameRU":"мкмоль/л","NameKZ":"мкмоль/л","Name":"мкмоль/л","PublicCode":"10004100","OrderBy":42,"ID":100041,"StrID":"100041"},"MedicalFormID":null,"MedicalForm":null,"NameRU":"общий билирубин в сыворотке крови","NameKZ":"қан сарысуындағы жалпы билирубин","Name":"общий билирубин в сыворотке крови","PublicCode":"20091900","OrderBy":null,"ID":200919,"StrID":"200919"},"ParameterValueID":null,"ParameterValue":null,"ResultText":"6.73","ResultValue":null,"ResultDate":"2026-09-02T10:39:28.1722534+05:00","PostID":0,"Post":null,"ExecuteMethod":2,"SourceResultText":"6.73","SourceResultValue":null,"SourceResultExpression":null,"SourceUnitTypeID":100041,"SourceUnitType":{"NameRU":"мкмоль/л","NameKZ":"мкмоль/л","Name":"мкмоль/л","PublicCode":"10004100","OrderBy":42,"ID":100041,"StrID":"100041"},"IsApproved":false,"ApproveDate":null,"ApprovePostID":null,"ApprovePost":null,"OrderNum":1,"WorkPlaceID":20747,"DriverManagerID":150,"BacteriologyResult":null,"AnalyzerId":38,"IsOrderProductionControl":false,"ID":0,"StrID":"0"}
02.09.2026 10:39:27	Information:	Save string: 
02.09.2026 10:39:27	Information:	{"OrderResearchID":67138501,"OrderResearch":{"OrderID":31153494,"ServiceMoID":2163626,"ServiceMoMasterDataID":8269464,"ServiceMo":{"OrgHealthCareID":"45500000000000909","ServiceID":255,"NameRU":"Определение общего билирубина в сыворотке крови на анализаторе","NameKZ":"Қан сарысуындағы жалпы  билирубинді талдауышта анықтау в сыворотке крови на анализаторе","Name":"Определение общего билирубина в сыворотке крови на анализаторе","ShortNameRU":"Определение общего билирубина в сыворотке крови на анализаторе","ShortNameKZ":"Қан сарысуындағы жалпы  билирубинді талдауышта анықтау в сыворотке крови на анализаторе","ShortName":"Определение общего билирубина в сыворотке крови на анализаторе","FullName":"B03.398.002 - Определение общего билирубина в сыворотке крови на анализаторе","Code":"B03.398.002","ExternalCode":null,"ServiceClassID":5,"ServiceClass":{"ServiceTypeID":2,"OrderBy":5,"MasterDataID":5,"NameRU":"Клиническая химия (биохимия)","NameKZ":"Клиникалық химия (биохимия)","Name":"Клиническая химия (биохимия)","PublicCode":"500","EndDate":null,"ID":"5","StrID":"5"},"Service":{"NameRU":"Определение общего билирубина в сыворотке крови на анализаторе","NameKZ":"Қан сарысуындағы жалпы билирубинді талдауышта анықтау в сыворотке крови на анализаторе","Name":"Определение общего билирубина в сыворотке крови на анализаторе","ShortNameRU":"Общий Bi на анализаторе","ShortNameKZ":"Общий Bi на анализаторе","ShortName":"Общий Bi на анализаторе","FullName":"B03.398.002 - Определение общего билирубина в сыворотке крови на анализаторе","Code":"B03.398.002","ServiceClassID":5,"ServiceClass":null,"ServiceSubClassID":6,"ServiceSubClass":null,"MaterialTypeID":202,"MaterialType":null,"MasterDataID":3096,"ID":"255","StrID":"255"},"MasterDataID":8269464,"ServiceSubClassID":6,"PayType":1,"ServiceSubClass":null,"ID":"2163626","StrID":"2163626"},"FullName":"B03.398.002 - Определение общего билирубина в сыворотке крови на анализаторе  () ","IsMain":true,"SourceID":"145063741_34002780","WorkPlaceID":20747,"WorkPlace":null,"DriverManager":null,"ParameterID":null,"Parameter":null,"AdditionalInfo":null,"Status":1,"PerformetServiceCount":7,"ResearchResultCount":0,"ApproveResearchResultCount":0,"NotSaveResearchResultCount":0,"ParentID":null,"ScreeningCandidatePlanGuid":null,"ScreeningUrl":null,"TakePlace":null,"MaterialTypeID":null,"MaterialType":null,"PartCount":0,"IsOrderProductionControl":false,"Uid":"062d3c3c-db58-42b6-a6dc-df5365645fdf","OrderPerformerServices":[],"OrderResearchAllergens":[],"Results":[],"IsResumed":false,"ExecutionType":0,"ID":"67138501","StrID":"67138501"},"ParameterID":200919,"Parameter":{"ShortNameRU":"общий билирубин в сыворотке крови","ShortNameKZ":"қан сарысуындағы жалпы билирубин","ShortName":"общий билирубин в сыворотке крови","DataType":0,"DataTypeName":"Число","UnitTypeID":100041,"UnitType":null,"MedicalFormID":null,"MasterDataID":0,"MedicalForm":null,"NameWithDataType":"общий билирубин в сыворотке крови  (Число)","NameRU":"общий билирубин в сыворотке крови","NameKZ":"қан сарысуындағы жалпы билирубин","Name":"общий билирубин в сыворотке крови","PublicCode":"20091900","EndDate":null,"ID":"200919","StrID":"200919"},"ParameterValues":null,"ParameterValueID":null,"ParameterValue":null,"ResultText":"6.73","ResultValue":"6.73","ResultDate":"2026-09-02T10:39:28.5330963+05:00","PostID":"189416","Post":null,"ExecuteMethod":2,"SourceResultText":"6.73","SourceResultValue":"6.73","SourceResultExpression":null,"SourceUnitTypeID":100041,"SourceUnitType":{"OrderBy":42,"MasterDataID":null,"CDD_ID":null,"NameRU":"мкмоль/л","NameKZ":"мкмоль/л","Name":"мкмоль/л","PublicCode":"10004100","EndDate":null,"ID":"100041","StrID":"100041"},"MultiplierID":null,"IsApproved":false,"IsValidated":false,"StandardMatchType":0,"ApproveDate":null,"ApprovePostID":null,"ApprovePost":null,"OrderNum":1,"WorkPlaceID":20747,"OrderID":null,"BacteriologyResult":null,"AnalyzerId":38,"IsOrderProductionControl":false,"ID":"207373818","StrID":"207373818"}
02.09.2026 10:39:27	Information:	Result object to save: 
02.09.2026 10:39:27	Information:	{"OrderResearchID":67138497,"OrderResearch":null,"ParameterID":200408,"Parameter":{"ShortNameRU":"АСаТ","ShortNameKZ":"АСаТ","ShortName":"АСаТ","DataType":0,"DataTypeName":"Число","UnitTypeID":100030,"UnitType":{"NameRU":"МЕ/л","NameKZ":"ХБ/л","Name":"МЕ/л","PublicCode":"10003000","OrderBy":31,"ID":100030,"StrID":"100030"},"MedicalFormID":null,"MedicalForm":null,"NameRU":"АСаТ","NameKZ":"АСаТ","Name":"АСаТ","PublicCode":"20040800","OrderBy":null,"ID":200408,"StrID":"200408"},"ParameterValueID":null,"ParameterValue":null,"ResultText":"20.42","ResultValue":null,"ResultDate":"2026-09-02T10:39:28.1747539+05:00","PostID":0,"Post":null,"ExecuteMethod":2,"SourceResultText":"20.42","SourceResultValue":null,"SourceResultExpression":null,"SourceUnitTypeID":100030,"SourceUnitType":{"NameRU":"МЕ/л","NameKZ":"ХБ/л","Name":"МЕ/л","PublicCode":"10003000","OrderBy":31,"ID":100030,"StrID":"100030"},"IsApproved":false,"ApproveDate":null,"ApprovePostID":null,"ApprovePost":null,"OrderNum":1,"WorkPlaceID":20747,"DriverManagerID":150,"BacteriologyResult":null,"AnalyzerId":38,"IsOrderProductionControl":false,"ID":0,"StrID":"0"}
02.09.2026 10:39:27	Information:	Save string: 
02.09.2026 10:39:27	Information:	{"OrderResearchID":67138497,"OrderResearch":{"OrderID":31153494,"ServiceMoID":2163651,"ServiceMoMasterDataID":8269465,"ServiceMo":{"OrgHealthCareID":"45500000000000909","ServiceID":256,"NameRU":"Определение аспартатаминотрансферазы (АСаТ) в сыворотке крови на анализаторе","NameKZ":"Қан сарысуындағы  аспартатаминотрансферазды  (АСаТ) талдауышта анықтау  ","Name":"Определение аспартатаминотрансферазы (АСаТ) в сыворотке крови на анализаторе","ShortNameRU":"Определение аспартатаминотрансферазы (АСаТ) в сыворотке крови на анализаторе","ShortNameKZ":"Қан сарысуындағы  аспартатаминотрансферазды  (АСаТ) талдауышта анықтау  ","ShortName":"Определение аспартатаминотрансферазы (АСаТ) в сыворотке крови на анализаторе","FullName":"B03.293.002 - Определение аспартатаминотрансферазы (АСаТ) в сыворотке крови на анализаторе","Code":"B03.293.002","ExternalCode":null,"ServiceClassID":5,"ServiceClass":{"ServiceTypeID":2,"OrderBy":5,"MasterDataID":5,"NameRU":"Клиническая химия (биохимия)","NameKZ":"Клиникалық химия (биохимия)","Name":"Клиническая химия (биохимия)","PublicCode":"500","EndDate":null,"ID":"5","StrID":"5"},"Service":{"NameRU":"Определение аспартатаминотрансферазы (АСаТ) в сыворотке крови на анализаторе","NameKZ":"Қан сарысуындағы аспартатаминотрансферазды (АСаТ) талдауышта анықтау","Name":"Определение аспартатаминотрансферазы (АСаТ) в сыворотке крови на анализаторе","ShortNameRU":"АСаТ на анализаторе","ShortNameKZ":"АСаТ на анализаторе","ShortName":"АСаТ на анализаторе","FullName":"B03.293.002 - Определение аспартатаминотрансферазы (АСаТ) в сыворотке крови на анализаторе","Code":"B03.293.002","ServiceClassID":5,"ServiceClass":null,"ServiceSubClassID":6,"ServiceSubClass":null,"MaterialTypeID":202,"MaterialType":null,"MasterDataID":3097,"ID":"256","StrID":"256"},"MasterDataID":8269465,"ServiceSubClassID":6,"PayType":1,"ServiceSubClass":null,"ID":"2163651","StrID":"2163651"},"FullName":"B03.293.002 - Определение аспартатаминотрансферазы (АСаТ) в сыворотке крови на анализаторе  () ","IsMain":true,"SourceID":"145063741_34002771","WorkPlaceID":20747,"WorkPlace":null,"DriverManager":null,"ParameterID":null,"Parameter":null,"AdditionalInfo":null,"Status":1,"PerformetServiceCount":7,"ResearchResultCount":0,"ApproveResearchResultCount":0,"NotSaveResearchResultCount":0,"ParentID":null,"ScreeningCandidatePlanGuid":null,"ScreeningUrl":null,"TakePlace":null,"MaterialTypeID":null,"MaterialType":null,"PartCount":0,"IsOrderProductionControl":false,"Uid":"1cb79a14-040a-4f5f-b4d5-34b1a32fd873","OrderPerformerServices":[],"OrderResearchAllergens":[],"Results":[],"IsResumed":false,"ExecutionType":0,"ID":"67138497","StrID":"67138497"},"ParameterID":200408,"Parameter":{"ShortNameRU":"АСаТ","ShortNameKZ":"АСаТ","ShortName":"АСаТ","DataType":0,"DataTypeName":"Число","UnitTypeID":100030,"UnitType":null,"MedicalFormID":null,"MasterDataID":0,"MedicalForm":null,"NameWithDataType":"АСаТ  (Число)","NameRU":"АСаТ","NameKZ":"АСаТ","Name":"АСаТ","PublicCode":"20040800","EndDate":null,"ID":"200408","StrID":"200408"},"ParameterValues":null,"ParameterValueID":null,"ParameterValue":null,"ResultText":"20.42","ResultValue":"20.42","ResultDate":"2026-09-02T10:39:28.5866128+05:00","PostID":"189416","Post":null,"ExecuteMethod":2,"SourceResultText":"20.42","SourceResultValue":"20.42","SourceResultExpression":null,"SourceUnitTypeID":100030,"SourceUnitType":{"OrderBy":31,"MasterDataID":null,"CDD_ID":null,"NameRU":"МЕ/л","NameKZ":"ХБ/л","Name":"МЕ/л","PublicCode":"10003000","EndDate":null,"ID":"100030","StrID":"100030"},"MultiplierID":null,"IsApproved":false,"IsValidated":false,"StandardMatchType":0,"ApproveDate":null,"ApprovePostID":null,"ApprovePost":null,"OrderNum":1,"WorkPlaceID":20747,"OrderID":null,"BacteriologyResult":null,"AnalyzerId":38,"IsOrderProductionControl":false,"ID":"207373819","StrID":"207373819"}
02.09.2026 10:39:27	Information:	Result object to save: 
02.09.2026 10:39:27	Information:	{"OrderResearchID":67138498,"OrderResearch":null,"ParameterID":201306,"Parameter":{"ShortNameRU":"ЩФ","ShortNameKZ":"СФ","ShortName":"ЩФ","DataType":0,"DataTypeName":"Число","UnitTypeID":100030,"UnitType":{"NameRU":"МЕ/л","NameKZ":"ХБ/л","Name":"МЕ/л","PublicCode":"10003000","OrderBy":31,"ID":100030,"StrID":"100030"},"MedicalFormID":null,"MedicalForm":null,"NameRU":"ЩФ","NameKZ":"СФ","Name":"ЩФ","PublicCode":"20130600","OrderBy":null,"ID":201306,"StrID":"201306"},"ParameterValueID":null,"ParameterValue":null,"ResultText":"260.49","ResultValue":null,"ResultDate":"2026-09-02T10:39:28.177696+05:00","PostID":0,"Post":null,"ExecuteMethod":2,"SourceResultText":"260.49","SourceResultValue":null,"SourceResultExpression":null,"SourceUnitTypeID":100030,"SourceUnitType":{"NameRU":"МЕ/л","NameKZ":"ХБ/л","Name":"МЕ/л","PublicCode":"10003000","OrderBy":31,"ID":100030,"StrID":"100030"},"IsApproved":false,"ApproveDate":null,"ApprovePostID":null,"ApprovePost":null,"OrderNum":1,"WorkPlaceID":20747,"DriverManagerID":150,"BacteriologyResult":null,"AnalyzerId":38,"IsOrderProductionControl":false,"ID":0,"StrID":"0"}
02.09.2026 10:39:27	Information:	Save string: 
02.09.2026 10:39:27	Information:	{"OrderResearchID":67138498,"OrderResearch":{"OrderID":31153494,"ServiceMoID":2163676,"ServiceMoMasterDataID":8269466,"ServiceMo":{"OrgHealthCareID":"45500000000000909","ServiceID":257,"NameRU":"Определение щелочной фосфатазы в сыворотке крови на анализаторе","NameKZ":"Қан сарысуындағы сілтілік фосфатазаны талдауышта анықтау ","Name":"Определение щелочной фосфатазы в сыворотке крови на анализаторе","ShortNameRU":"Определение щелочной фосфатазы в сыворотке крови на анализаторе","ShortNameKZ":"Қан сарысуындағы сілтілік фосфатазаны талдауышта анықтау ","ShortName":"Определение щелочной фосфатазы в сыворотке крови на анализаторе","FullName":"B03.526.002 - Определение щелочной фосфатазы в сыворотке крови на анализаторе","Code":"B03.526.002","ExternalCode":null,"ServiceClassID":5,"ServiceClass":{"ServiceTypeID":2,"OrderBy":5,"MasterDataID":5,"NameRU":"Клиническая химия (биохимия)","NameKZ":"Клиникалық химия (биохимия)","Name":"Клиническая химия (биохимия)","PublicCode":"500","EndDate":null,"ID":"5","StrID":"5"},"Service":{"NameRU":"Определение щелочной фосфатазы в сыворотке крови на анализаторе","NameKZ":"Қан сарысуындағы сілтілік фосфатазаны талдауышта анықтау","Name":"Определение щелочной фосфатазы в сыворотке крови на анализаторе","ShortNameRU":"ЩФ на анализаторе","ShortNameKZ":"ЩФ на анализаторе","ShortName":"ЩФ на анализаторе","FullName":"B03.526.002 - Определение щелочной фосфатазы в сыворотке крови на анализаторе","Code":"B03.526.002","ServiceClassID":5,"ServiceClass":null,"ServiceSubClassID":6,"ServiceSubClass":null,"MaterialTypeID":202,"MaterialType":null,"MasterDataID":3098,"ID":"257","StrID":"257"},"MasterDataID":8269466,"ServiceSubClassID":6,"PayType":1,"ServiceSubClass":null,"ID":"2163676","StrID":"2163676"},"FullName":"B03.526.002 - Определение щелочной фосфатазы в сыворотке крови на анализаторе  () ","IsMain":true,"SourceID":"145063741_34002772","WorkPlaceID":20747,"WorkPlace":null,"DriverManager":null,"ParameterID":null,"Parameter":null,"AdditionalInfo":null,"Status":1,"PerformetServiceCount":0,"ResearchResultCount":0,"ApproveResearchResultCount":0,"NotSaveResearchResultCount":0,"ParentID":null,"ScreeningCandidatePlanGuid":null,"ScreeningUrl":null,"TakePlace":null,"MaterialTypeID":null,"MaterialType":null,"PartCount":0,"IsOrderProductionControl":false,"Uid":"fa407df8-f537-493f-8b15-d35fa819ed23","OrderPerformerServices":[],"OrderResearchAllergens":[],"Results":[],"IsResumed":false,"ExecutionType":0,"ID":"67138498","StrID":"67138498"},"ParameterID":201306,"Parameter":{"ShortNameRU":"ЩФ","ShortNameKZ":"СФ","ShortName":"ЩФ","DataType":0,"DataTypeName":"Число","UnitTypeID":100030,"UnitType":null,"MedicalFormID":null,"MasterDataID":0,"MedicalForm":null,"NameWithDataType":"ЩФ  (Число)","NameRU":"ЩФ","NameKZ":"СФ","Name":"ЩФ","PublicCode":"20130600","EndDate":null,"ID":"201306","StrID":"201306"},"ParameterValues":null,"ParameterValueID":null,"ParameterValue":null,"ResultText":"260.49","ResultValue":"260.49","ResultDate":"2026-09-02T10:39:28.6378762+05:00","PostID":"189416","Post":null,"ExecuteMethod":2,"SourceResultText":"260.49","SourceResultValue":"260.49","SourceResultExpression":null,"SourceUnitTypeID":100030,"SourceUnitType":{"OrderBy":31,"MasterDataID":null,"CDD_ID":null,"NameRU":"МЕ/л","NameKZ":"ХБ/л","Name":"МЕ/л","PublicCode":"10003000","EndDate":null,"ID":"100030","StrID":"100030"},"MultiplierID":null,"IsApproved":false,"IsValidated":false,"StandardMatchType":0,"ApproveDate":null,"ApprovePostID":null,"ApprovePost":null,"OrderNum":1,"WorkPlaceID":20747,"OrderID":null,"BacteriologyResult":null,"AnalyzerId":38,"IsOrderProductionControl":false,"ID":"207373820","StrID":"207373820"}
02.09.2026 10:39:27	Information:	Result object to save: 
02.09.2026 10:39:27	Information:	{"OrderResearchID":67138502,"OrderResearch":null,"ParameterID":200905,"Parameter":{"ShortNameRU":"общая ɑ-амилаза в сыворотке крови (анализатор)","ShortNameKZ":"қандағы жалпы ɑ-амилаза (анализатор)","ShortName":"общая ɑ-амилаза в сыворотке крови (анализатор)","DataType":0,"DataTypeName":"Число","UnitTypeID":100030,"UnitType":{"NameRU":"МЕ/л","NameKZ":"ХБ/л","Name":"МЕ/л","PublicCode":"10003000","OrderBy":31,"ID":100030,"StrID":"100030"},"MedicalFormID":null,"MedicalForm":null,"NameRU":"общая ɑ-амилаза в сыворотке крови (анализатор)","NameKZ":"қандағы жалпы ɑ-амилаза (анализатор)","Name":"общая ɑ-амилаза в сыворотке крови (анализатор)","PublicCode":"20090500","OrderBy":null,"ID":200905,"StrID":"200905"},"ParameterValueID":null,"ParameterValue":null,"ResultText":"25.22","ResultValue":null,"ResultDate":"2026-09-02T10:39:28.1798516+05:00","PostID":0,"Post":null,"ExecuteMethod":2,"SourceResultText":"25.22","SourceResultValue":null,"SourceResultExpression":null,"SourceUnitTypeID":100030,"SourceUnitType":{"NameRU":"МЕ/л","NameKZ":"ХБ/л","Name":"МЕ/л","PublicCode":"10003000","OrderBy":31,"ID":100030,"StrID":"100030"},"IsApproved":false,"ApproveDate":null,"ApprovePostID":null,"ApprovePost":null,"OrderNum":1,"WorkPlaceID":20747,"DriverManagerID":150,"BacteriologyResult":null,"AnalyzerId":38,"IsOrderProductionControl":false,"ID":0,"StrID":"0"}
02.09.2026 10:39:27	Information:	Save string: 
02.09.2026 10:39:27	Information:	{"OrderResearchID":67138502,"OrderResearch":{"OrderID":31153494,"ServiceMoID":2163851,"ServiceMoMasterDataID":8269473,"ServiceMo":{"OrgHealthCareID":"45500000000000909","ServiceID":264,"NameRU":"Определение общей альфа-амилазы в сыворотке крови на анализаторе","NameKZ":"Қан сарысуындағы жалпы  альфа-амилазаны талдауышта анықтау ","Name":"Определение общей альфа-амилазы в сыворотке крови на анализаторе","ShortNameRU":"Определение общей альфа-амилазы в сыворотке крови на анализаторе","ShortNameKZ":"Қан сарысуындағы жалпы  альфа-амилазаны талдауышта анықтау ","ShortName":"Определение общей альфа-амилазы в сыворотке крови на анализаторе","FullName":"B03.403.002 - Определение общей альфа-амилазы в сыворотке крови на анализаторе","Code":"B03.403.002","ExternalCode":null,"ServiceClassID":5,"ServiceClass":{"ServiceTypeID":2,"OrderBy":5,"MasterDataID":5,"NameRU":"Клиническая химия (биохимия)","NameKZ":"Клиникалық химия (биохимия)","Name":"Клиническая химия (биохимия)","PublicCode":"500","EndDate":null,"ID":"5","StrID":"5"},"Service":{"NameRU":"Определение общей альфа-амилазы в сыворотке крови на анализаторе","NameKZ":"Қан сарысуындағы жалпы альфа-амилазаны талдауышта анықтау","Name":"Определение общей альфа-амилазы в сыворотке крови на анализаторе","ShortNameRU":"Общая ɑ-амилаза на анализаторе","ShortNameKZ":"Общая ɑ-амилаза на анализаторе","ShortName":"Общая ɑ-амилаза на анализаторе","FullName":"B03.403.002 - Определение общей альфа-амилазы в сыворотке крови на анализаторе","Code":"B03.403.002","ServiceClassID":5,"ServiceClass":null,"ServiceSubClassID":6,"ServiceSubClass":null,"MaterialTypeID":202,"MaterialType":null,"MasterDataID":3105,"ID":"264","StrID":"264"},"MasterDataID":8269473,"ServiceSubClassID":6,"PayType":1,"ServiceSubClass":null,"ID":"2163851","StrID":"2163851"},"FullName":"B03.403.002 - Определение общей альфа-амилазы в сыворотке крови на анализаторе  () ","IsMain":true,"SourceID":"145063741_34002773","WorkPlaceID":20747,"WorkPlace":null,"DriverManager":null,"ParameterID":null,"Parameter":null,"AdditionalInfo":null,"Status":1,"PerformetServiceCount":5,"ResearchResultCount":0,"ApproveResearchResultCount":0,"NotSaveResearchResultCount":0,"ParentID":null,"ScreeningCandidatePlanGuid":null,"ScreeningUrl":null,"TakePlace":null,"MaterialTypeID":null,"MaterialType":null,"PartCount":0,"IsOrderProductionControl":false,"Uid":"47c9de85-7230-4941-a03b-fe3d59855411","OrderPerformerServices":[],"OrderResearchAllergens":[],"Results":[],"IsResumed":false,"ExecutionType":0,"ID":"67138502","StrID":"67138502"},"ParameterID":200905,"Parameter":{"ShortNameRU":"общая ɑ-амилаза в сыворотке крови (анализатор)","ShortNameKZ":"қандағы жалпы ɑ-амилаза (анализатор)","ShortName":"общая ɑ-амилаза в сыворотке крови (анализатор)","DataType":0,"DataTypeName":"Число","UnitTypeID":100030,"UnitType":null,"MedicalFormID":null,"MasterDataID":0,"MedicalForm":null,"NameWithDataType":"общая ɑ-амилаза в сыворотке крови (анализатор)  (Число)","NameRU":"общая ɑ-амилаза в сыворотке крови (анализатор)","NameKZ":"қандағы жалпы ɑ-амилаза (анализатор)","Name":"общая ɑ-амилаза в сыворотке крови (анализатор)","PublicCode":"20090500","EndDate":null,"ID":"200905","StrID":"200905"},"ParameterValues":null,"ParameterValueID":null,"ParameterValue":null,"ResultText":"25.22","ResultValue":"25.22","ResultDate":"2026-09-02T10:39:28.6945086+05:00","PostID":"189416","Post":null,"ExecuteMethod":2,"SourceResultText":"25.22","SourceResultValue":"25.22","SourceResultExpression":null,"SourceUnitTypeID":100030,"SourceUnitType":{"OrderBy":31,"MasterDataID":null,"CDD_ID":null,"NameRU":"МЕ/л","NameKZ":"ХБ/л","Name":"МЕ/л","PublicCode":"10003000","EndDate":null,"ID":"100030","StrID":"100030"},"MultiplierID":null,"IsApproved":false,"IsValidated":false,"StandardMatchType":0,"ApproveDate":null,"ApprovePostID":null,"ApprovePost":null,"OrderNum":1,"WorkPlaceID":20747,"OrderID":null,"BacteriologyResult":null,"AnalyzerId":38,"IsOrderProductionControl":false,"ID":"207373821","StrID":"207373821"}
02.09.2026 10:39:27	Information:	No result for test 201415 for sample with barcode 51558625 for device 20747
02.09.2026 10:39:27	Information:	Result object to save: 
02.09.2026 10:39:27	Information:	{"OrderResearchID":67138504,"OrderResearch":null,"ParameterID":200549,"Parameter":{"ShortNameRU":"глюкоза в сыворотке крови","ShortNameKZ":"қан сарысуындағы глюкоза","ShortName":"глюкоза в сыворотке крови","DataType":0,"DataTypeName":"Число","UnitTypeID":100051,"UnitType":{"NameRU":"ммоль/л","NameKZ":"ммоль/л","Name":"ммоль/л","PublicCode":"10005100","OrderBy":52,"ID":100051,"StrID":"100051"},"MedicalFormID":null,"MedicalForm":null,"NameRU":"глюкоза в сыворотке крови","NameKZ":"қан сарысуындағы глюкоза","Name":"глюкоза в сыворотке крови","PublicCode":"20054900","OrderBy":null,"ID":200549,"StrID":"200549"},"ParameterValueID":null,"ParameterValue":null,"ResultText":"4.72","ResultValue":null,"ResultDate":"2026-09-02T10:39:28.1857361+05:00","PostID":0,"Post":null,"ExecuteMethod":2,"SourceResultText":"4.72","SourceResultValue":null,"SourceResultExpression":null,"SourceUnitTypeID":100051,"SourceUnitType":{"NameRU":"ммоль/л","NameKZ":"ммоль/л","Name":"ммоль/л","PublicCode":"10005100","OrderBy":52,"ID":100051,"StrID":"100051"},"IsApproved":false,"ApproveDate":null,"ApprovePostID":null,"ApprovePost":null,"OrderNum":1,"WorkPlaceID":20747,"DriverManagerID":150,"BacteriologyResult":null,"AnalyzerId":38,"IsOrderProductionControl":false,"ID":0,"StrID":"0"}
02.09.2026 10:39:27	Information:	Save string: 
02.09.2026 10:39:27	Information:	{"OrderResearchID":67138504,"OrderResearch":{"OrderID":31153494,"ServiceMoID":2164501,"ServiceMoMasterDataID":8269499,"ServiceMo":{"OrgHealthCareID":"45500000000000909","ServiceID":290,"NameRU":"Определение глюкозы в сыворотке крови на анализаторе","NameKZ":"Қан сарысуындағы глюкозаны талдауышта анықтау ","Name":"Определение глюкозы в сыворотке крови на анализаторе","ShortNameRU":"Определение глюкозы в сыворотке крови на анализаторе","ShortNameKZ":"Қан сарысуындағы глюкозаны талдауышта анықтау ","ShortName":"Определение глюкозы в сыворотке крови на анализаторе","FullName":"B03.335.002 - Определение глюкозы в сыворотке крови на анализаторе","Code":"B03.335.002","ExternalCode":null,"ServiceClassID":5,"ServiceClass":{"ServiceTypeID":2,"OrderBy":5,"MasterDataID":5,"NameRU":"Клиническая химия (биохимия)","NameKZ":"Клиникалық химия (биохимия)","Name":"Клиническая химия (биохимия)","PublicCode":"500","EndDate":null,"ID":"5","StrID":"5"},"Service":{"NameRU":"Определение глюкозы в сыворотке крови на анализаторе","NameKZ":"Қан сарысуындағы глюкозаны талдауышта анықтау","Name":"Определение глюкозы в сыворотке крови на анализаторе","ShortNameRU":"Глюкоза в сыворотке крови на анализаторе","ShortNameKZ":"Глюкоза в сыворотке крови на анализаторе","ShortName":"Глюкоза в сыворотке крови на анализаторе","FullName":"B03.335.002 - Определение глюкозы в сыворотке крови на анализаторе","Code":"B03.335.002","ServiceClassID":5,"ServiceClass":null,"ServiceSubClassID":6,"ServiceSubClass":null,"MaterialTypeID":202,"MaterialType":null,"MasterDataID":3131,"ID":"290","StrID":"290"},"MasterDataID":8269499,"ServiceSubClassID":6,"PayType":1,"ServiceSubClass":null,"ID":"2164501","StrID":"2164501"},"FullName":"B03.335.002 - Определение глюкозы в сыворотке крови на анализаторе  () ","IsMain":true,"SourceID":"145063741_34002777","WorkPlaceID":20747,"WorkPlace":null,"DriverManager":null,"ParameterID":null,"Parameter":null,"AdditionalInfo":null,"Status":1,"PerformetServiceCount":7,"ResearchResultCount":0,"ApproveResearchResultCount":0,"NotSaveResearchResultCount":0,"ParentID":null,"ScreeningCandidatePlanGuid":null,"ScreeningUrl":null,"TakePlace":null,"MaterialTypeID":null,"MaterialType":null,"PartCount":0,"IsOrderProductionControl":false,"Uid":"c5e4d095-377f-406f-8721-3836f881e018","OrderPerformerServices":[],"OrderResearchAllergens":[],"Results":[],"IsResumed":false,"ExecutionType":0,"ID":"67138504","StrID":"67138504"},"ParameterID":200549,"Parameter":{"ShortNameRU":"глюкоза в сыворотке крови","ShortNameKZ":"қан сарысуындағы глюкоза","ShortName":"глюкоза в сыворотке крови","DataType":0,"DataTypeName":"Число","UnitTypeID":100051,"UnitType":null,"MedicalFormID":null,"MasterDataID":0,"MedicalForm":null,"NameWithDataType":"глюкоза в сыворотке крови  (Число)","NameRU":"глюкоза в сыворотке крови","NameKZ":"қан сарысуындағы глюкоза","Name":"глюкоза в сыворотке крови","PublicCode":"20054900","EndDate":null,"ID":"200549","StrID":"200549"},"ParameterValues":null,"ParameterValueID":null,"ParameterValue":null,"ResultText":"4.72","ResultValue":"4.72","ResultDate":"2026-09-02T10:39:28.7474495+05:00","PostID":"189416","Post":null,"ExecuteMethod":2,"SourceResultText":"4.72","SourceResultValue":"4.72","SourceResultExpression":null,"SourceUnitTypeID":100051,"SourceUnitType":{"OrderBy":52,"MasterDataID":null,"CDD_ID":null,"NameRU":"ммоль/л","NameKZ":"ммоль/л","Name":"ммоль/л","PublicCode":"10005100","EndDate":null,"ID":"100051","StrID":"100051"},"MultiplierID":null,"IsApproved":false,"IsValidated":false,"StandardMatchType":0,"ApproveDate":null,"ApprovePostID":null,"ApprovePost":null,"OrderNum":1,"WorkPlaceID":20747,"OrderID":null,"BacteriologyResult":null,"AnalyzerId":38,"IsOrderProductionControl":false,"ID":"207373822","StrID":"207373822"}
02.09.2026 10:39:27	Information:	Result object to save: 
02.09.2026 10:39:27	Information:	{"OrderResearchID":67138505,"OrderResearch":null,"ParameterID":200852,"Parameter":{"ShortNameRU":"мочевина в сыворотке крови","ShortNameKZ":"қан сарысуындағы несепнәр","ShortName":"мочевина в сыворотке крови","DataType":0,"DataTypeName":"Число","UnitTypeID":100051,"UnitType":{"NameRU":"ммоль/л","NameKZ":"ммоль/л","Name":"ммоль/л","PublicCode":"10005100","OrderBy":52,"ID":100051,"StrID":"100051"},"MedicalFormID":null,"MedicalForm":null,"NameRU":"мочевина в сыворотке крови","NameKZ":"қан сарысуындағы несепнәр","Name":"мочевина в сыворотке крови","PublicCode":"20085200","OrderBy":null,"ID":200852,"StrID":"200852"},"ParameterValueID":null,"ParameterValue":null,"ResultText":"5.16","ResultValue":null,"ResultDate":"2026-09-02T10:39:28.1857361+05:00","PostID":0,"Post":null,"ExecuteMethod":2,"SourceResultText":"5.16","SourceResultValue":null,"SourceResultExpression":null,"SourceUnitTypeID":100051,"SourceUnitType":{"NameRU":"ммоль/л","NameKZ":"ммоль/л","Name":"ммоль/л","PublicCode":"10005100","OrderBy":52,"ID":100051,"StrID":"100051"},"IsApproved":false,"ApproveDate":null,"ApprovePostID":null,"ApprovePost":null,"OrderNum":1,"WorkPlaceID":20747,"DriverManagerID":150,"BacteriologyResult":null,"AnalyzerId":38,"IsOrderProductionControl":false,"ID":0,"StrID":"0"}
02.09.2026 10:39:27	Information:	Save string: 
02.09.2026 10:39:27	Information:	{"OrderResearchID":67138505,"OrderResearch":{"OrderID":31153494,"ServiceMoID":2164626,"ServiceMoMasterDataID":8269504,"ServiceMo":{"OrgHealthCareID":"45500000000000909","ServiceID":295,"NameRU":"Определение мочевины в сыворотке крови на анализаторе","NameKZ":"Қан сарысуындағы несепнәрді  талдауышта анықтау ","Name":"Определение мочевины в сыворотке крови на анализаторе","ShortNameRU":"Определение мочевины в сыворотке крови на анализаторе","ShortNameKZ":"Қан сарысуындағы несепнәрді  талдауышта анықтау ","ShortName":"Определение мочевины в сыворотке крови на анализаторе","FullName":"B03.386.002 - Определение мочевины в сыворотке крови на анализаторе","Code":"B03.386.002","ExternalCode":null,"ServiceClassID":5,"ServiceClass":{"ServiceTypeID":2,"OrderBy":5,"MasterDataID":5,"NameRU":"Клиническая химия (биохимия)","NameKZ":"Клиникалық химия (биохимия)","Name":"Клиническая химия (биохимия)","PublicCode":"500","EndDate":null,"ID":"5","StrID":"5"},"Service":{"NameRU":"Определение мочевины в сыворотке крови на анализаторе","NameKZ":"Қан сарысуындағы несепнәрді талдауышта анықтау","Name":"Определение мочевины в сыворотке крови на анализаторе","ShortNameRU":"Мочевина на анализаторе","ShortNameKZ":"Мочевина на анализаторе","ShortName":"Мочевина на анализаторе","FullName":"B03.386.002 - Определение мочевины в сыворотке крови на анализаторе","Code":"B03.386.002","ServiceClassID":5,"ServiceClass":null,"ServiceSubClassID":6,"ServiceSubClass":null,"MaterialTypeID":202,"MaterialType":null,"MasterDataID":3136,"ID":"295","StrID":"295"},"MasterDataID":8269504,"ServiceSubClassID":6,"PayType":1,"ServiceSubClass":null,"ID":"2164626","StrID":"2164626"},"FullName":"B03.386.002 - Определение мочевины в сыворотке крови на анализаторе  () ","IsMain":true,"SourceID":"145063741_34002774","WorkPlaceID":20747,"WorkPlace":null,"DriverManager":null,"ParameterID":null,"Parameter":null,"AdditionalInfo":null,"Status":1,"PerformetServiceCount":7,"ResearchResultCount":0,"ApproveResearchResultCount":0,"NotSaveResearchResultCount":0,"ParentID":null,"ScreeningCandidatePlanGuid":null,"ScreeningUrl":null,"TakePlace":null,"MaterialTypeID":null,"MaterialType":null,"PartCount":0,"IsOrderProductionControl":false,"Uid":"51566411-a1f0-4dc5-a2c4-8178e0a449d3","OrderPerformerServices":[],"OrderResearchAllergens":[],"Results":[],"IsResumed":false,"ExecutionType":0,"ID":"67138505","StrID":"67138505"},"ParameterID":200852,"Parameter":{"ShortNameRU":"мочевина в сыворотке крови","ShortNameKZ":"қан сарысуындағы несепнәр","ShortName":"мочевина в сыворотке крови","DataType":0,"DataTypeName":"Число","UnitTypeID":100051,"UnitType":null,"MedicalFormID":null,"MasterDataID":0,"MedicalForm":null,"NameWithDataType":"мочевина в сыворотке крови  (Число)","NameRU":"мочевина в сыворотке крови","NameKZ":"қан сарысуындағы несепнәр","Name":"мочевина в сыворотке крови","PublicCode":"20085200","EndDate":null,"ID":"200852","StrID":"200852"},"ParameterValues":null,"ParameterValueID":null,"ParameterValue":null,"ResultText":"5.16","ResultValue":"5.16","ResultDate":"2026-09-02T10:39:28.7950345+05:00","PostID":"189416","Post":null,"ExecuteMethod":2,"SourceResultText":"5.16","SourceResultValue":"5.16","SourceResultExpression":null,"SourceUnitTypeID":100051,"SourceUnitType":{"OrderBy":52,"MasterDataID":null,"CDD_ID":null,"NameRU":"ммоль/л","NameKZ":"ммоль/л","Name":"ммоль/л","PublicCode":"10005100","EndDate":null,"ID":"100051","StrID":"100051"},"MultiplierID":null,"IsApproved":false,"IsValidated":false,"StandardMatchType":0,"ApproveDate":null,"ApprovePostID":null,"ApprovePost":null,"OrderNum":1,"WorkPlaceID":20747,"OrderID":null,"BacteriologyResult":null,"AnalyzerId":38,"IsOrderProductionControl":false,"ID":"207373823","StrID":"207373823"}
02.09.2026 10:39:27	Information:	Result object to save: 
02.09.2026 10:39:27	Information:	{"OrderResearchID":67138506,"OrderResearch":null,"ParameterID":200744,"Parameter":{"ShortNameRU":"креатинин в крови","ShortNameKZ":"қандағы креатинин","ShortName":"креатинин в крови","DataType":0,"DataTypeName":"Число","UnitTypeID":100041,"UnitType":{"NameRU":"мкмоль/л","NameKZ":"мкмоль/л","Name":"мкмоль/л","PublicCode":"10004100","OrderBy":42,"ID":100041,"StrID":"100041"},"MedicalFormID":null,"MedicalForm":null,"NameRU":"креатинин в крови","NameKZ":"қандағы креатинин","Name":"креатинин в крови","PublicCode":"20074400","OrderBy":null,"ID":200744,"StrID":"200744"},"ParameterValueID":null,"ParameterValue":null,"ResultText":"69.54","ResultValue":null,"ResultDate":"2026-09-02T10:39:28.1933931+05:00","PostID":0,"Post":null,"ExecuteMethod":2,"SourceResultText":"69.54","SourceResultValue":null,"SourceResultExpression":null,"SourceUnitTypeID":100041,"SourceUnitType":{"NameRU":"мкмоль/л","NameKZ":"мкмоль/л","Name":"мкмоль/л","PublicCode":"10004100","OrderBy":42,"ID":100041,"StrID":"100041"},"IsApproved":false,"ApproveDate":null,"ApprovePostID":null,"ApprovePost":null,"OrderNum":1,"WorkPlaceID":20747,"DriverManagerID":150,"BacteriologyResult":null,"AnalyzerId":38,"IsOrderProductionControl":false,"ID":0,"StrID":"0"}
02.09.2026 10:39:27	Information:	Save string: 
02.09.2026 10:39:27	Information:	{"OrderResearchID":67138506,"OrderResearch":{"OrderID":31153494,"ServiceMoID":2164651,"ServiceMoMasterDataID":8269505,"ServiceMo":{"OrgHealthCareID":"45500000000000909","ServiceID":296,"NameRU":"Определение креатинина в сыворотке крови на анализаторе","NameKZ":"Қан сарысуындағы  креатининді талдауышта анықтау ","Name":"Определение креатинина в сыворотке крови на анализаторе","ShortNameRU":"Определение креатинина в сыворотке крови на анализаторе","ShortNameKZ":"Қан сарысуындағы  креатининді талдауышта анықтау ","ShortName":"Определение креатинина в сыворотке крови на анализаторе","FullName":"B03.363.002 - Определение креатинина в сыворотке крови на анализаторе","Code":"B03.363.002","ExternalCode":null,"ServiceClassID":5,"ServiceClass":{"ServiceTypeID":2,"OrderBy":5,"MasterDataID":5,"NameRU":"Клиническая химия (биохимия)","NameKZ":"Клиникалық химия (биохимия)","Name":"Клиническая химия (биохимия)","PublicCode":"500","EndDate":null,"ID":"5","StrID":"5"},"Service":{"NameRU":"Определение креатинина в сыворотке крови на анализаторе","NameKZ":"Қан сарысуындағы креатининді талдауышта анықтау","Name":"Определение креатинина в сыворотке крови на анализаторе","ShortNameRU":"Креатинин на анализаторе","ShortNameKZ":"Креатинин на анализаторе","ShortName":"Креатинин на анализаторе","FullName":"B03.363.002 - Определение креатинина в сыворотке крови на анализаторе","Code":"B03.363.002","ServiceClassID":5,"ServiceClass":null,"ServiceSubClassID":6,"ServiceSubClass":null,"MaterialTypeID":202,"MaterialType":null,"MasterDataID":3137,"ID":"296","StrID":"296"},"MasterDataID":8269505,"ServiceSubClassID":6,"PayType":1,"ServiceSubClass":null,"ID":"2164651","StrID":"2164651"},"FullName":"B03.363.002 - Определение креатинина в сыворотке крови на анализаторе  () ","IsMain":true,"SourceID":"145063741_34002775","WorkPlaceID":20747,"WorkPlace":null,"DriverManager":null,"ParameterID":null,"Parameter":null,"AdditionalInfo":null,"Status":1,"PerformetServiceCount":7,"ResearchResultCount":0,"ApproveResearchResultCount":0,"NotSaveResearchResultCount":0,"ParentID":null,"ScreeningCandidatePlanGuid":null,"ScreeningUrl":null,"TakePlace":null,"MaterialTypeID":null,"MaterialType":null,"PartCount":0,"IsOrderProductionControl":false,"Uid":"ec575057-bdc3-4b83-85a4-28201264e5b6","OrderPerformerServices":[],"OrderResearchAllergens":[],"Results":[],"IsResumed":false,"ExecutionType":0,"ID":"67138506","StrID":"67138506"},"ParameterID":200744,"Parameter":{"ShortNameRU":"креатинин в крови","ShortNameKZ":"қандағы креатинин","ShortName":"креатинин в крови","DataType":0,"DataTypeName":"Число","UnitTypeID":100041,"UnitType":null,"MedicalFormID":null,"MasterDataID":0,"MedicalForm":null,"NameWithDataType":"креатинин в крови  (Число)","NameRU":"креатинин в крови","NameKZ":"қандағы креатинин","Name":"креатинин в крови","PublicCode":"20074400","EndDate":null,"ID":"200744","StrID":"200744"},"ParameterValues":null,"ParameterValueID":null,"ParameterValue":null,"ResultText":"69.54","ResultValue":"69.54","ResultDate":"2026-09-02T10:39:28.8511353+05:00","PostID":"189416","Post":null,"ExecuteMethod":2,"SourceResultText":"69.54","SourceResultValue":"69.54","SourceResultExpression":null,"SourceUnitTypeID":100041,"SourceUnitType":{"OrderBy":42,"MasterDataID":null,"CDD_ID":null,"NameRU":"мкмоль/л","NameKZ":"мкмоль/л","Name":"мкмоль/л","PublicCode":"10004100","EndDate":null,"ID":"100041","StrID":"100041"},"MultiplierID":null,"IsApproved":false,"IsValidated":false,"StandardMatchType":0,"ApproveDate":null,"ApprovePostID":null,"ApprovePost":null,"OrderNum":1,"WorkPlaceID":20747,"OrderID":null,"BacteriologyResult":null,"AnalyzerId":38,"IsOrderProductionControl":false,"ID":"207373824","StrID":"207373824"}
02.09.2026 10:39:27	Debug:	 SendResults SaveDeviceResults = 539 ms
02.09.2026 10:39:27	Debug:	 total for SendResults = 808 ms
02.09.2026 10:41:28	Information:	url https://lab-vko.dmed.kz/ /api/DriverManager/PingDevice
02.09.2026 10:41:28	Information:	{
"Hash": "w9LjvpRCyoByGV3Lzv0iX9dSI0tLK0uV+pRojL1kufc=",
"Status": 0
}


02.09.2026 10:41:28	Information:	Ping ret is {"Status":0,"Comment":null}
02.09.2026 10:42:10	Information:	Received bytes(encoded):MSH|^~\&|||||20260902104111||ORU^R01|120|P|2.3.1||||0||ASCII|||PID|82|||||||O|||||||||||||||||||||||OBR|82|51568626|10|^|N|20260902100617|20260902100554|20260902100554||1^9||||20260902100554|?????|||||||||||||||||||||||||||||||||OBX|1|NM|Ca|Calcium|2.392264|mmol/L|-|N|||F||2.392264|20260902103357|||0||OBX|2|NM|Glu-G|Glucose (GOD-POD Method)|7.309743|mmol/L|-|N|||F||7.309743|20260902104011|||0||OBX|3|NM|T-Bil-V|Bilirubin Total (VOX Method)|9.864001|?mol/L|-|N|||F||9.864001|20260902104012|||0||OBX|4|NM|D-Bil-V|Bilirubin Direct (VOX Method)|3.219868|?mol/L|-|N|||F||3.219868|20260902104027|||0||OBX|5|NM|ALT|Alanine Aminotransferase|14.507690|U/L|-|N|||F||14.507690|20260902103841|||0||OBX|6|NM|AST|Aspartate Aminotransferase|36.922131|U/L|-|N|||F||36.922131|20260902103856|||0||OBX|7|NM|ALP|Alkaline phosphatase|236.874863|U/L|-|N|||F||236.874863|20260902104111|||0|RGTE|OBX|8|NM|TP|Total Protein|88.903193|g/L|-|N|||F||88.903193|20260902104043|||0||OBX|9|NM|AMY|?-Amylase|60.405036|U/L|-|N|||F||60.405036|20
02.09.2026 10:42:10	Information:	Add Frame:
02.09.2026 10:42:10	Information:	MSH|^~\&|||||20260902104111||ORU^R01|120|P|2.3.1||||0||ASCII|||
02.09.2026 10:42:10	Information:	In Header
02.09.2026 10:42:10	Information:	MessageType: ORU
02.09.2026 10:42:10	Information:	After message type
02.09.2026 10:42:10	Information:	After ask
02.09.2026 10:42:10	Information:	After version
02.09.2026 10:42:10	Information:	Add Frame:
02.09.2026 10:42:10	Information:	PID|82|||||||O|||||||||||||||||||||||
02.09.2026 10:42:10	Information:	Add Frame:
02.09.2026 10:42:10	Information:	OBR|82|51568626|10|^|N|20260902100617|20260902100554|20260902100554||1^9||||20260902100554|?????|||||||||||||||||||||||||||||||||
02.09.2026 10:42:10	Information:	Add Frame:
02.09.2026 10:42:10	Information:	OBX|1|NM|Ca|Calcium|2.392264|mmol/L|-|N|||F||2.392264|20260902103357|||0||
02.09.2026 10:42:10	Information:	Add Frame:
02.09.2026 10:42:10	Information:	OBX|2|NM|Glu-G|Glucose (GOD-POD Method)|7.309743|mmol/L|-|N|||F||7.309743|20260902104011|||0||
02.09.2026 10:42:10	Information:	Add Frame:
02.09.2026 10:42:10	Information:	OBX|3|NM|T-Bil-V|Bilirubin Total (VOX Method)|9.864001|?mol/L|-|N|||F||9.864001|20260902104012|||0||
02.09.2026 10:42:10	Information:	Add Frame:
02.09.2026 10:42:10	Information:	OBX|4|NM|D-Bil-V|Bilirubin Direct (VOX Method)|3.219868|?mol/L|-|N|||F||3.219868|20260902104027|||0||
02.09.2026 10:42:10	Information:	Add Frame:
02.09.2026 10:42:10	Information:	OBX|5|NM|ALT|Alanine Aminotransferase|14.507690|U/L|-|N|||F||14.507690|20260902103841|||0||
02.09.2026 10:42:10	Information:	Add Frame:
02.09.2026 10:42:10	Information:	OBX|6|NM|AST|Aspartate Aminotransferase|36.922131|U/L|-|N|||F||36.922131|20260902103856|||0||
02.09.2026 10:42:10	Information:	Add Frame:
02.09.2026 10:42:10	Information:	OBX|7|NM|ALP|Alkaline phosphatase|236.874863|U/L|-|N|||F||236.874863|20260902104111|||0|RGTE|
02.09.2026 10:42:10	Information:	Add Frame:
02.09.2026 10:42:10	Information:	OBX|8|NM|TP|Total Protein|88.903193|g/L|-|N|||F||88.903193|20260902104043|||0||
02.09.2026 10:42:10	Information:	Received bytes(encoded):260902103926|||0||OBX|10|NM|CREA-S|Creatinine (Sarcosine Oxidase Method)|30.758757|?mol/L|-|N|||F||30.758757|20260902104041|||0||OBX|11|NM|UREA|Urea|4.394416|mmol/L|-|N|||F||4.394416|20260902103926|||0||OBX|12|NM||AST/ALT|2.544828||-|N|||F||2.544828||||||
02.09.2026 10:42:10	Information:	Add Frame:
02.09.2026 10:42:10	Information:	OBX|9|NM|AMY|?-Amylase|60.405036|U/L|-|N|||F||60.405036|20260902103926|||0||
02.09.2026 10:42:10	Information:	Add Frame:
02.09.2026 10:42:10	Information:	OBX|10|NM|CREA-S|Creatinine (Sarcosine Oxidase Method)|30.758757|?mol/L|-|N|||F||30.758757|20260902104041|||0||
02.09.2026 10:42:10	Information:	Add Frame:
02.09.2026 10:42:10	Information:	OBX|11|NM|UREA|Urea|4.394416|mmol/L|-|N|||F||4.394416|20260902103926|||0||
02.09.2026 10:42:10	Information:	Add Frame:
02.09.2026 10:42:10	Information:	OBX|12|NM||AST/ALT|2.544828||-|N|||F||2.544828||||||
02.09.2026 10:42:10	Information:	Add Frame:
02.09.2026 10:42:10	Information:	
02.09.2026 10:42:10	Debug:	read message: 4ms
02.09.2026 10:42:10	Information:	The answer message is created successfully
02.09.2026 10:42:10	Information:	Sending answer...
02.09.2026 10:42:10	Information:	We are in ORU Message
02.09.2026 10:42:10	Information:	MSH MSH|^~\&|||||20260902104111||ORU^R01|120|P|2.3.1||||0||ASCII||||
02.09.2026 10:42:10	Information:	PID PID|82|||||||O||||||||||||||||||||||||
02.09.2026 10:42:10	Information:	PatientRecord in message is successfully  processed
02.09.2026 10:42:10	Information:	The patient order is successfully processed
02.09.2026 10:42:10	Information:	The order record is successfully processed
02.09.2026 10:42:10	Information:	The order record is successfully processed
02.09.2026 10:42:10	Information:	The order record is successfully processed
02.09.2026 10:42:10	Information:	The order record is successfully processed
02.09.2026 10:42:10	Information:	The order record is successfully processed
02.09.2026 10:42:10	Information:	The order record is successfully processed
02.09.2026 10:42:10	Information:	The order record is successfully processed
02.09.2026 10:42:10	Information:	The order record is successfully processed
02.09.2026 10:42:10	Information:	The order record is successfully processed
02.09.2026 10:42:10	Information:	The order record is successfully processed
02.09.2026 10:42:10	Information:	The order record is successfully processed
02.09.2026 10:42:10	Information:	The order record is successfully processed
02.09.2026 10:42:10	Information:	The ORU message is successfully processed
02.09.2026 10:42:10	Debug:	Process message: 8ms
02.09.2026 10:42:10	Debug:	Total time : 14ms
02.09.2026 10:42:11	Information:	Sended bytes:  11 77 83 72 124 94 126 92 38 124 77 105 110 100 114 97 121 124 124 124 124 50 48 50 54 48 57 48 50 49 48 52 50 49 48 124 124 65 67 75 94 82 48 49 124 49 50 48 124 80 124 50 46 51 46 49 124 124 124 124 48 124 124 117 115 45 97 115 99 105 105 124 124 124 13 77 83 65 124 65 65 124 49 50 48 124 77 101 115 115 97 103 101 32 97 99 99 101 112 116 101 100 124 124 124 48 124 13 28 13
02.09.2026 10:42:11	Information:	Sended string MSH|^~\&|Mindray||||20260902104210||ACK^R01|120|P|2.3.1||||0||us-ascii|||MSA|AA|120|Message accepted|||0|
02.09.2026 10:42:13	Debug:	SendResults:	check DriverRequests=	0	ms
02.09.2026 10:42:13	Information:	ByBarcode 51568626
02.09.2026 10:42:13	Information:	GetLinesByBarcodes
02.09.2026 10:42:13	Information:	{
"WorkPlaceID": 20747,
"BeginDate": "2026-06-03",
"EndDate": "2026-09-03",
"OrderNumber": "51568626",
"Offset": 0,
"Limit": 1
}


02.09.2026 10:42:13	Information:	GetByBarcodeReturn: 
02.09.2026 10:42:13	Information:	{"Data":[],"Total":0}
02.09.2026 10:42:13	Information:	We have MISSED Barcodes! count: 1
02.09.2026 10:42:13	Debug:	SendResults:	fix DriverRequests=	51	ms
02.09.2026 10:42:13	Information:	SAMPLE! 51568626 DeviceDriverResult Sample: 51568626 Suggest: . Do Request True
02.09.2026 10:42:13	Information:	THERE IS NO SR FOR Barcode 51568626
02.09.2026 10:42:13	Error:	dev.name = BS-240, samplerequests==0 
02.09.2026 10:42:13	Debug:	SendResults:	SetTestsValues first SetTestsValues=	1	ms
02.09.2026 10:42:13	Debug:	SendResults:	Device Total = 54 ms
02.09.2026 10:43:28	Information:	url https://lab-vko.dmed.kz/ /api/DriverManager/PingDevice
02.09.2026 10:43:28	Information:	{
"Hash": "w9LjvpRCyoByGV3Lzv0iX9dSI0tLK0uV+pRojL1kufc=",
"Status": 0
}


02.09.2026 10:43:28	Information:	Ping ret is {"Status":0,"Comment":null}
02.09.2026 10:44:12	Information:	Received bytes(encoded):MSH|^~\&|||||20260902104313||ORU^R01|121|P|2.3.1||||0||ASCII|||PID|83|||||||O|||||||||||||||||||||||OBR|83|0010|11|^|N|20260902100700|20260902100617|20260902100617||1^10||||20260902100617|?????|||||||||||||||||||||||||||||||||OBX|1|NM|T-Bil-V|Bilirubin Total (VOX Method)|9.849323|?mol/L|-|N|||F||9.849323|20260902104257|||0||OBX|2|NM|D-Bil-V|Bilirubin Direct (VOX Method)|2.321277|?mol/L|-|N|||F||2.321277|20260902104312|||0||OBX|3|NM|ALT|Alanine Aminotransferase|19.465339|U/L|-|N|||F||19.465339|20260902104126|||0||OBX|4|NM|AST|Aspartate Aminotransferase|18.190568|U/L|-|N|||F||18.190568|20260902104141|||0||OBX|5|NM|TP|Total Protein|74.266310|g/L|-|N|||F||74.266310|20260902104312|||0||OBX|6|NM|CREA-S|Creatinine (Sarcosine Oxidase Method)|85.527560|?mol/L|-|N|||F||85.527560|20260902104311|||0||OBX|7|NM|UREA|Urea|4.506866|mmol/L|-|N|||F||4.506866|20260902104156|||0||OBX|8|NM||AST/ALT|0.933333||-|N|||F||0.933333||||||
02.09.2026 10:44:12	Information:	Add Frame:
02.09.2026 10:44:12	Information:	MSH|^~\&|||||20260902104313||ORU^R01|121|P|2.3.1||||0||ASCII|||
02.09.2026 10:44:12	Information:	In Header
02.09.2026 10:44:12	Information:	MessageType: ORU
02.09.2026 10:44:12	Information:	After message type
02.09.2026 10:44:12	Information:	After ask
02.09.2026 10:44:12	Information:	After version
02.09.2026 10:44:12	Information:	Add Frame:
02.09.2026 10:44:12	Information:	PID|83|||||||O|||||||||||||||||||||||
02.09.2026 10:44:12	Information:	Add Frame:
02.09.2026 10:44:12	Information:	OBR|83|0010|11|^|N|20260902100700|20260902100617|20260902100617||1^10||||20260902100617|?????|||||||||||||||||||||||||||||||||
02.09.2026 10:44:12	Information:	Add Frame:
02.09.2026 10:44:12	Information:	OBX|1|NM|T-Bil-V|Bilirubin Total (VOX Method)|9.849323|?mol/L|-|N|||F||9.849323|20260902104257|||0||
02.09.2026 10:44:12	Information:	Add Frame:
02.09.2026 10:44:12	Information:	OBX|2|NM|D-Bil-V|Bilirubin Direct (VOX Method)|2.321277|?mol/L|-|N|||F||2.321277|20260902104312|||0||
02.09.2026 10:44:12	Information:	Add Frame:
02.09.2026 10:44:12	Information:	OBX|3|NM|ALT|Alanine Aminotransferase|19.465339|U/L|-|N|||F||19.465339|20260902104126|||0||
02.09.2026 10:44:12	Information:	Add Frame:
02.09.2026 10:44:12	Information:	OBX|4|NM|AST|Aspartate Aminotransferase|18.190568|U/L|-|N|||F||18.190568|20260902104141|||0||
02.09.2026 10:44:12	Information:	Add Frame:
02.09.2026 10:44:12	Information:	OBX|5|NM|TP|Total Protein|74.266310|g/L|-|N|||F||74.266310|20260902104312|||0||
02.09.2026 10:44:12	Information:	Add Frame:
02.09.2026 10:44:12	Information:	OBX|6|NM|CREA-S|Creatinine (Sarcosine Oxidase Method)|85.527560|?mol/L|-|N|||F||85.527560|20260902104311|||0||
02.09.2026 10:44:12	Information:	Add Frame:
02.09.2026 10:44:12	Information:	OBX|7|NM|UREA|Urea|4.506866|mmol/L|-|N|||F||4.506866|20260902104156|||0||
02.09.2026 10:44:12	Information:	Add Frame:
02.09.2026 10:44:12	Information:	OBX|8|NM||AST/ALT|0.933333||-|N|||F||0.933333||||||
02.09.2026 10:44:12	Information:	Add Frame:
02.09.2026 10:44:12	Information:	
02.09.2026 10:44:12	Debug:	read message: 17ms
02.09.2026 10:44:12	Information:	The answer message is created successfully
02.09.2026 10:44:12	Information:	Sending answer...
02.09.2026 10:44:12	Information:	We are in ORU Message
02.09.2026 10:44:12	Information:	MSH MSH|^~\&|||||20260902104313||ORU^R01|121|P|2.3.1||||0||ASCII||||
02.09.2026 10:44:12	Information:	PID PID|83|||||||O||||||||||||||||||||||||
02.09.2026 10:44:12	Information:	PatientRecord in message is successfully  processed
02.09.2026 10:44:12	Information:	The patient order is successfully processed
02.09.2026 10:44:12	Information:	The order record is successfully processed
02.09.2026 10:44:12	Information:	The order record is successfully processed
02.09.2026 10:44:12	Information:	The order record is successfully processed
02.09.2026 10:44:12	Information:	The order record is successfully processed
02.09.2026 10:44:12	Information:	The order record is successfully processed
02.09.2026 10:44:12	Information:	The order record is successfully processed
02.09.2026 10:44:12	Information:	The order record is successfully processed
02.09.2026 10:44:12	Information:	The order record is successfully processed
02.09.2026 10:44:12	Information:	The ORU message is successfully processed
02.09.2026 10:44:12	Debug:	Process message: 6ms
02.09.2026 10:44:12	Debug:	Total time : 24ms
02.09.2026 10:44:12	Information:	Sended bytes:  11 77 83 72 124 94 126 92 38 124 77 105 110 100 114 97 121 124 124 124 124 50 48 50 54 48 57 48 50 49 48 52 52 49 50 124 124 65 67 75 94 82 48 49 124 49 50 49 124 80 124 50 46 51 46 49 124 124 124 124 48 124 124 117 115 45 97 115 99 105 105 124 124 124 13 77 83 65 124 65 65 124 49 50 49 124 77 101 115 115 97 103 101 32 97 99 99 101 112 116 101 100 124 124 124 48 124 13 28 13
02.09.2026 10:44:12	Information:	Sended string MSH|^~\&|Mindray||||20260902104412||ACK^R01|121|P|2.3.1||||0||us-ascii|||MSA|AA|121|Message accepted|||0|
02.09.2026 10:44:14	Debug:	SendResults:	check DriverRequests=	0	ms
02.09.2026 10:44:14	Information:	ByBarcode 0010
02.09.2026 10:44:14	Information:	GetLinesByBarcodes
02.09.2026 10:44:14	Information:	{
"WorkPlaceID": 20747,
"BeginDate": "2026-06-03",
"EndDate": "2026-09-03",
"OrderNumber": "0010",
"Offset": 0,
"Limit": 1
}


02.09.2026 10:44:14	Information:	GetByBarcodeReturn: 
02.09.2026 10:44:14	Information:	{"Data":[],"Total":0}
02.09.2026 10:44:14	Information:	We have MISSED Barcodes! count: 1
02.09.2026 10:44:14	Debug:	SendResults:	fix DriverRequests=	61	ms
02.09.2026 10:44:14	Information:	SAMPLE! 0010 DeviceDriverResult Sample: 0010 Suggest: . Do Request True
02.09.2026 10:44:14	Information:	THERE IS NO SR FOR Barcode 0010
02.09.2026 10:44:14	Error:	dev.name = BS-240, samplerequests==0 
02.09.2026 10:44:14	Debug:	SendResults:	SetTestsValues first SetTestsValues=	1	ms
02.09.2026 10:44:14	Debug:	SendResults:	Device Total = 66 ms
02.09.2026 10:44:35	Information:	refresh tokens
02.09.2026 10:44:40	Information:	Received bytes(encoded):MSH|^~\&|||||20260902104341||ORU^R01|122|P|2.3.1||||0||ASCII|||PID|84|||||||O|||||||||||||||||||||||OBR|84|0011|12|^|N|20260902100719|20260902100700|20260902100700||1^11||||20260902100700|?????|||||||||||||||||||||||||||||||||OBX|1|NM|CREA-S|Creatinine (Sarcosine Oxidase Method)|62.793224|?mol/L|-|N|||F||62.793224|20260902104341|||0||
02.09.2026 10:44:40	Information:	Add Frame:
02.09.2026 10:44:40	Information:	MSH|^~\&|||||20260902104341||ORU^R01|122|P|2.3.1||||0||ASCII|||
02.09.2026 10:44:40	Information:	In Header
02.09.2026 10:44:40	Information:	MessageType: ORU
02.09.2026 10:44:40	Information:	After message type
02.09.2026 10:44:40	Information:	After ask
02.09.2026 10:44:40	Information:	After version
02.09.2026 10:44:40	Information:	Add Frame:
02.09.2026 10:44:40	Information:	PID|84|||||||O|||||||||||||||||||||||
02.09.2026 10:44:40	Information:	Add Frame:
02.09.2026 10:44:40	Information:	OBR|84|0011|12|^|N|20260902100719|20260902100700|20260902100700||1^11||||20260902100700|?????|||||||||||||||||||||||||||||||||
02.09.2026 10:44:40	Information:	Add Frame:
02.09.2026 10:44:40	Information:	OBX|1|NM|CREA-S|Creatinine (Sarcosine Oxidase Method)|62.793224|?mol/L|-|N|||F||62.793224|20260902104341|||0||
02.09.2026 10:44:40	Information:	Add Frame:
02.09.2026 10:44:40	Information:	
02.09.2026 10:44:40	Debug:	read message: 10ms
02.09.2026 10:44:40	Information:	The answer message is created successfully
02.09.2026 10:44:40	Information:	Sending answer...
02.09.2026 10:44:40	Information:	We are in ORU Message
02.09.2026 10:44:40	Information:	MSH MSH|^~\&|||||20260902104341||ORU^R01|122|P|2.3.1||||0||ASCII||||
02.09.2026 10:44:40	Information:	PID PID|84|||||||O||||||||||||||||||||||||
02.09.2026 10:44:40	Information:	PatientRecord in message is successfully  processed
02.09.2026 10:44:40	Information:	The patient order is successfully processed
02.09.2026 10:44:40	Information:	The order record is successfully processed
02.09.2026 10:44:40	Information:	The ORU message is successfully processed
02.09.2026 10:44:40	Debug:	Process message: 3ms
02.09.2026 10:44:40	Debug:	Total time : 15ms
02.09.2026 10:44:41	Debug:	SendResults:	check DriverRequests=	0	ms
02.09.2026 10:44:41	Information:	ByBarcode 0011
02.09.2026 10:44:41	Information:	Sended bytes:  11 77 83 72 124 94 126 92 38 124 77 105 110 100 114 97 121 124 124 124 124 50 48 50 54 48 57 48 50 49 48 52 52 52 48 124 124 65 67 75 94 82 48 49 124 49 50 50 124 80 124 50 46 51 46 49 124 124 124 124 48 124 124 117 115 45 97 115 99 105 105 124 124 124 13 77 83 65 124 65 65 124 49 50 50 124 77 101 115 115 97 103 101 32 97 99 99 101 112 116 101 100 124 124 124 48 124 13 28 13
02.09.2026 10:44:41	Information:	Sended string MSH|^~\&|Mindray||||20260902104440||ACK^R01|122|P|2.3.1||||0||us-ascii|||MSA|AA|122|Message accepted|||0|
02.09.2026 10:44:41	Information:	GetLinesByBarcodes
02.09.2026 10:44:41	Information:	{
"WorkPlaceID": 20747,
"BeginDate": "2026-06-03",
"EndDate": "2026-09-03",
"OrderNumber": "0011",
"Offset": 0,
"Limit": 1
}


02.09.2026 10:44:41	Information:	GetByBarcodeReturn: 
02.09.2026 10:44:41	Information:	{"Data":[],"Total":0}
02.09.2026 10:44:41	Information:	We have MISSED Barcodes! count: 1
02.09.2026 10:44:41	Debug:	SendResults:	fix DriverRequests=	202	ms
02.09.2026 10:44:41	Information:	SAMPLE! 0011 DeviceDriverResult Sample: 0011 Suggest: . Do Request True
02.09.2026 10:44:41	Information:	THERE IS NO SR FOR Barcode 0011
02.09.2026 10:44:41	Error:	dev.name = BS-240, samplerequests==0 
02.09.2026 10:44:41	Debug:	SendResults:	SetTestsValues first SetTestsValues=	4	ms
02.09.2026 10:44:41	Debug:	SendResults:	Device Total = 212 ms
02.09.2026 10:45:29	Information:	url https://lab-vko.dmed.kz/ /api/DriverManager/PingDevice
02.09.2026 10:45:29	Information:	{
"Hash": "w9LjvpRCyoByGV3Lzv0iX9dSI0tLK0uV+pRojL1kufc=",
"Status": 0
}


02.09.2026 10:45:29	Information:	Ping ret is {"Status":0,"Comment":null}
02.09.2026 10:46:40	Information:	Received bytes(encoded):MSH|^~\&|||||20260902104541||ORU^R01|123|P|2.3.1||||0||ASCII|||PID|85|||||||O|||||||||||||||||||||||OBR|85|0029|14|^|N|20260902100847|20260902100822|20260902100822||1^13||||20260902100822|?????|||||||||||||||||||||||||||||||||OBX|1|NM|FER|Ferritin|674.486005|ng/mL|-|N|||F||674.486005|20260902104541|||0||
02.09.2026 10:46:40	Information:	Add Frame:
02.09.2026 10:46:40	Information:	MSH|^~\&|||||20260902104541||ORU^R01|123|P|2.3.1||||0||ASCII|||
02.09.2026 10:46:40	Information:	In Header
02.09.2026 10:46:40	Information:	MessageType: ORU
02.09.2026 10:46:40	Information:	After message type
02.09.2026 10:46:40	Information:	After ask
02.09.2026 10:46:40	Information:	After version
02.09.2026 10:46:40	Information:	Add Frame:
02.09.2026 10:46:40	Information:	PID|85|||||||O|||||||||||||||||||||||
02.09.2026 10:46:40	Information:	Add Frame:
02.09.2026 10:46:40	Information:	OBR|85|0029|14|^|N|20260902100847|20260902100822|20260902100822||1^13||||20260902100822|?????|||||||||||||||||||||||||||||||||
02.09.2026 10:46:40	Information:	Add Frame:
02.09.2026 10:46:40	Information:	OBX|1|NM|FER|Ferritin|674.486005|ng/mL|-|N|||F||674.486005|20260902104541|||0||
02.09.2026 10:46:40	Information:	Add Frame:
02.09.2026 10:46:40	Information:	
02.09.2026 10:46:40	Debug:	read message: 10ms
02.09.2026 10:46:40	Information:	The answer message is created successfully
02.09.2026 10:46:40	Information:	Sending answer...
02.09.2026 10:46:40	Information:	We are in ORU Message
02.09.2026 10:46:40	Information:	MSH MSH|^~\&|||||20260902104541||ORU^R01|123|P|2.3.1||||0||ASCII||||
02.09.2026 10:46:40	Information:	PID PID|85|||||||O||||||||||||||||||||||||
02.09.2026 10:46:40	Information:	PatientRecord in message is successfully  processed
02.09.2026 10:46:40	Information:	The patient order is successfully processed
02.09.2026 10:46:40	Information:	The order record is successfully processed
02.09.2026 10:46:40	Information:	The ORU message is successfully processed
02.09.2026 10:46:40	Debug:	Process message: 4ms
02.09.2026 10:46:40	Debug:	Total time : 16ms
02.09.2026 10:46:40	Information:	Sended bytes:  11 77 83 72 124 94 126 92 38 124 77 105 110 100 114 97 121 124 124 124 124 50 48 50 54 48 57 48 50 49 48 52 54 52 48 124 124 65 67 75 94 82 48 49 124 49 50 51 124 80 124 50 46 51 46 49 124 124 124 124 48 124 124 117 115 45 97 115 99 105 105 124 124 124 13 77 83 65 124 65 65 124 49 50 51 124 77 101 115 115 97 103 101 32 97 99 99 101 112 116 101 100 124 124 124 48 124 13 28 13
02.09.2026 10:46:40	Information:	Sended string MSH|^~\&|Mindray||||20260902104640||ACK^R01|123|P|2.3.1||||0||us-ascii|||MSA|AA|123|Message accepted|||0|
02.09.2026 10:46:41	Debug:	SendResults:	check DriverRequests=	0	ms
02.09.2026 10:46:41	Information:	ByBarcode 0029
02.09.2026 10:46:41	Information:	GetLinesByBarcodes
02.09.2026 10:46:41	Information:	{
"WorkPlaceID": 20747,
"BeginDate": "2026-06-03",
"EndDate": "2026-09-03",
"OrderNumber": "0029",
"Offset": 0,
"Limit": 1
}


02.09.2026 10:46:41	Information:	GetByBarcodeReturn: 
02.09.2026 10:46:41	Information:	{"Data":[],"Total":0}
02.09.2026 10:46:41	Information:	We have MISSED Barcodes! count: 1
02.09.2026 10:46:41	Debug:	SendResults:	fix DriverRequests=	92	ms
02.09.2026 10:46:41	Information:	SAMPLE! 0029 DeviceDriverResult Sample: 0029 Suggest: . Do Request True
02.09.2026 10:46:41	Information:	THERE IS NO SR FOR Barcode 0029
02.09.2026 10:46:41	Error:	dev.name = BS-240, samplerequests==0 
02.09.2026 10:46:41	Debug:	SendResults:	SetTestsValues first SetTestsValues=	1	ms
02.09.2026 10:46:41	Debug:	SendResults:	Device Total = 96 ms
02.09.2026 10:46:55	Information:	Received bytes(encoded):MSH|^~\&|||||20260902104556||ORU^R01|124|P|2.3.1||||0||ASCII|||PID|86|||||||O|||||||||||||||||||||||OBR|86|51569262|13|^|N|20260902100822|20260902100719|20260902100719||1^12||||20260902100719|?????|||||||||||||||||||||||||||||||||OBX|1|NM|Glu-G|Glucose (GOD-POD Method)|4.552559|mmol/L|-|N|||F||4.552559|20260902104456|||0||OBX|2|NM|T-Bil-V|Bilirubin Total (VOX Method)|10.936344|?mol/L|-|N|||F||10.936344|20260902104457|||0||OBX|3|NM|D-Bil-V|Bilirubin Direct (VOX Method)|2.957293|?mol/L|-|N|||F||2.957293|20260902104512|||0||OBX|4|NM|ALT|Alanine Aminotransferase|15.987411|U/L|-|N|||F||15.987411|20260902104326|||0||OBX|5|NM|AST|Aspartate Aminotransferase|15.642312|U/L|-|N|||F||15.642312|20260902104341|||0||OBX|6|NM|CRP|C-Reactive Protein|0.750046|mg/L|-|N|||F||0.750046|20260902104556|||0|<|OBX|7|NM|ALP|Alkaline phosphatase|85.590992|U/L|-|N|||F||85.590992|20260902104556|||0|RGTE|OBX|8|NM|TP|Total Protein|74.429636|g/L|-|N|||F||74.429636|20260902104527|||0||OBX|9|NM|AMY|?-Amylase|55.051454|U/L|-|N|||F||
02.09.2026 10:46:55	Information:	Add Frame:
02.09.2026 10:46:55	Information:	MSH|^~\&|||||20260902104556||ORU^R01|124|P|2.3.1||||0||ASCII|||
02.09.2026 10:46:55	Information:	In Header
02.09.2026 10:46:55	Information:	MessageType: ORU
02.09.2026 10:46:55	Information:	After message type
02.09.2026 10:46:55	Information:	After ask
02.09.2026 10:46:55	Information:	After version
02.09.2026 10:46:55	Information:	Add Frame:
02.09.2026 10:46:55	Information:	PID|86|||||||O|||||||||||||||||||||||
02.09.2026 10:46:55	Information:	Add Frame:
02.09.2026 10:46:55	Information:	OBR|86|51569262|13|^|N|20260902100822|20260902100719|20260902100719||1^12||||20260902100719|?????|||||||||||||||||||||||||||||||||
02.09.2026 10:46:55	Information:	Add Frame:
02.09.2026 10:46:55	Information:	OBX|1|NM|Glu-G|Glucose (GOD-POD Method)|4.552559|mmol/L|-|N|||F||4.552559|20260902104456|||0||
02.09.2026 10:46:55	Information:	Add Frame:
02.09.2026 10:46:55	Information:	OBX|2|NM|T-Bil-V|Bilirubin Total (VOX Method)|10.936344|?mol/L|-|N|||F||10.936344|20260902104457|||0||
02.09.2026 10:46:55	Information:	Add Frame:
02.09.2026 10:46:55	Information:	OBX|3|NM|D-Bil-V|Bilirubin Direct (VOX Method)|2.957293|?mol/L|-|N|||F||2.957293|20260902104512|||0||
02.09.2026 10:46:55	Information:	Add Frame:
02.09.2026 10:46:55	Information:	OBX|4|NM|ALT|Alanine Aminotransferase|15.987411|U/L|-|N|||F||15.987411|20260902104326|||0||
02.09.2026 10:46:55	Information:	Add Frame:
02.09.2026 10:46:55	Information:	OBX|5|NM|AST|Aspartate Aminotransferase|15.642312|U/L|-|N|||F||15.642312|20260902104341|||0||
02.09.2026 10:46:55	Information:	Add Frame:
02.09.2026 10:46:55	Information:	OBX|6|NM|CRP|C-Reactive Protein|0.750046|mg/L|-|N|||F||0.750046|20260902104556|||0|<|
02.09.2026 10:46:55	Information:	Add Frame:
02.09.2026 10:46:55	Information:	OBX|7|NM|ALP|Alkaline phosphatase|85.590992|U/L|-|N|||F||85.590992|20260902104556|||0|RGTE|
02.09.2026 10:46:55	Information:	Add Frame:
02.09.2026 10:46:55	Information:	OBX|8|NM|TP|Total Protein|74.429636|g/L|-|N|||F||74.429636|20260902104527|||0||
02.09.2026 10:46:55	Information:	Received bytes(encoded):55.051454|20260902104426|||0||OBX|10|NM|CREA-S|Creatinine (Sarcosine Oxidase Method)|89.749461|?mol/L|-|N|||F||89.749461|20260902104526|||0||OBX|11|NM|UREA|Urea|3.380517|mmol/L|-|N|||F||3.380517|20260902104411|||0||OBX|12|NM||AST/ALT|0.975000||-|N|||F||0.975000||||||
02.09.2026 10:46:55	Information:	Add Frame:
02.09.2026 10:46:55	Information:	OBX|9|NM|AMY|?-Amylase|55.051454|U/L|-|N|||F||55.051454|20260902104426|||0||
02.09.2026 10:46:55	Information:	Add Frame:
02.09.2026 10:46:55	Information:	OBX|10|NM|CREA-S|Creatinine (Sarcosine Oxidase Method)|89.749461|?mol/L|-|N|||F||89.749461|20260902104526|||0||
02.09.2026 10:46:55	Information:	Add Frame:
02.09.2026 10:46:55	Information:	OBX|11|NM|UREA|Urea|3.380517|mmol/L|-|N|||F||3.380517|20260902104411|||0||
02.09.2026 10:46:55	Information:	Add Frame:
02.09.2026 10:46:55	Information:	OBX|12|NM||AST/ALT|0.975000||-|N|||F||0.975000||||||
02.09.2026 10:46:55	Information:	Add Frame:
02.09.2026 10:46:55	Information:	
02.09.2026 10:46:55	Debug:	read message: 4ms
02.09.2026 10:46:55	Information:	The answer message is created successfully
02.09.2026 10:46:55	Information:	Sending answer...
02.09.2026 10:46:55	Information:	We are in ORU Message
02.09.2026 10:46:55	Information:	MSH MSH|^~\&|||||20260902104556||ORU^R01|124|P|2.3.1||||0||ASCII||||
02.09.2026 10:46:55	Information:	PID PID|86|||||||O||||||||||||||||||||||||
02.09.2026 10:46:55	Information:	PatientRecord in message is successfully  processed
02.09.2026 10:46:55	Information:	The patient order is successfully processed
02.09.2026 10:46:55	Information:	The order record is successfully processed
02.09.2026 10:46:55	Information:	The order record is successfully processed
02.09.2026 10:46:55	Information:	The order record is successfully processed
02.09.2026 10:46:55	Information:	The order record is successfully processed
02.09.2026 10:46:55	Information:	The order record is successfully processed
02.09.2026 10:46:55	Information:	The order record is successfully processed
02.09.2026 10:46:55	Information:	The order record is successfully processed
02.09.2026 10:46:55	Information:	The order record is successfully processed
02.09.2026 10:46:55	Information:	The order record is successfully processed
02.09.2026 10:46:55	Information:	The order record is successfully processed
02.09.2026 10:46:55	Information:	The order record is successfully processed
02.09.2026 10:46:55	Information:	The order record is successfully processed
02.09.2026 10:46:55	Information:	The ORU message is successfully processed
02.09.2026 10:46:55	Debug:	Process message: 8ms
02.09.2026 10:46:55	Debug:	Total time : 13ms
02.09.2026 10:46:56	Information:	Sended bytes:  11 77 83 72 124 94 126 92 38 124 77 105 110 100 114 97 121 124 124 124 124 50 48 50 54 48 57 48 50 49 48 52 54 53 53 124 124 65 67 75 94 82 48 49 124 49 50 52 124 80 124 50 46 51 46 49 124 124 124 124 48 124 124 117 115 45 97 115 99 105 105 124 124 124 13 77 83 65 124 65 65 124 49 50 52 124 77 101 115 115 97 103 101 32 97 99 99 101 112 116 101 100 124 124 124 48 124 13 28 13
02.09.2026 10:46:56	Information:	Sended string MSH|^~\&|Mindray||||20260902104655||ACK^R01|124|P|2.3.1||||0||us-ascii|||MSA|AA|124|Message accepted|||0|
02.09.2026 10:46:56	Debug:	SendResults:	check DriverRequests=	0	ms
02.09.2026 10:46:56	Information:	ByBarcode 51569262
02.09.2026 10:46:56	Information:	GetLinesByBarcodes
02.09.2026 10:46:56	Information:	{
"WorkPlaceID": 20747,
"BeginDate": "2026-06-03",
"EndDate": "2026-09-03",
"OrderNumber": "51569262",
"Offset": 0,
"Limit": 1
}


02.09.2026 10:46:56	Information:	GetByBarcodeReturn: 
02.09.2026 10:46:56	Information:	{"Data":[{"ID":31158744,"StrID":"31158744","OrderNumber":"51569262","OrderRegDate":"2026-09-02T09:50:51.893","PlanExecutionDate":"2026-09-02T09:50:00","SenderMoID":45500000000000909,"SenderMo":{"NameRU":"Некоммерческое акционерное общество \"Медицинский университет Семей\"","NameKZ":"\"Семей медицина университеті\" коммерциялық емес акционерлік қоғамы","Name":"Некоммерческое акционерное общество \"Медицинский университет Семей\"","ShortNameRU":"НАО \"МУС\"","ShortNameKZ":"\"СМУ\" КеАҚ","ShortName":"НАО \"МУС\"","PublicCode":"237J","AddressRU":"ВКО, г. Семей, ул. Абая Кунанбаева 103","AddressKZ":"ВКО, г. Семей, ул. Абая Кунанбаева 103","Address":"ВКО, г. Семей, ул. Абая Кунанбаева 103","OriginalID":"45500000000000909","IsWork":true,"RegionID":20,"BIN":"190240004938","MasterDataID":4911,"PhonesData":{"OrgHealthCarePhones":[]},"IsPostmortem":false,"IsHospital":true,"Code":null,"ID":"45500000000000909","StrID":"45500000000000909"},"ReceiverMoID":45500000000000909,"ReceiverMo":null,"PatientDetailID":41079994,"PatientDetail":{"PersonID":"1020639","Person":{"IIN":"110112602106","LastName":"ҚАСЫМХАН","FirstName":"АҚМАРАЛ","SecondName":"СЕРІКЖАНҚЫЗЫ","FullName":"ҚАСЫМХАН АҚМАРАЛ СЕРІКЖАНҚЫЗЫ","FullNameIOF":"АҚМАРАЛ СЕРІКЖАНҚЫЗЫ ҚАСЫМХАН","DisplayText":"110112602106 АҚМАРАЛ СЕРІКЖАНҚЫЗЫ ҚАСЫМХАН 12.01.2011","IinFullName":"110112602106 - ҚАСЫМХАН АҚМАРАЛ СЕРІКЖАНҚЫЗЫ","BirthDate":"2011-01-12T00:00:00","BirthDateStr":"12.01.2011","DeathDate":null,"DeathDateStr":"","BioSexID":2,"BioSex":null,"NationalityID":null,"Nationality":null,"CitizenshipID":null,"Citizenship":null,"MasterDataID":12615665,"RpnID":"15300000002418872","KmisID":"45500000002051689","Type":1,"Age":0,"IsStillborn":false,"IsEarlyNeonatalDeathUp28days":false,"IsDeadPerson":false,"ID":"1020639","StrID":"1020639"},"AddressRU":"РЕСПУБЛИКА: Казахстан , ОБЛАСТЬ: Восточно-казахстанская , ГОРОД ОБЛ.ЗНАЧ.: Семей , УЛИЦА: ГЛИНКИ, ДОМ: 31 А, КВАРТИРА: 50 ","AddressKZ":": Қазақстан , : Шығыс Қазақстан , : Семей Қ. , ГЛИНКИ көшесі, ҮЙ: 31 А, ПӘТЕР: 50 ","Address":"РЕСПУБЛИКА: Казахстан , ОБЛАСТЬ: Восточно-казахстанская , ГОРОД ОБЛ.ЗНАЧ.: Семей , УЛИЦА: ГЛИНКИ, ДОМ: 31 А, КВАРТИРА: 50 ","MasterDataAddressID":2776322,"WorkPlace":"Школа ОСШВИ IT - ШКОЛА -ЛИЦЕЙ № 50, Класс 8 Б, 20.02.2025 - ","WorkPosition":null,"DocumentNumber":"1911397","DocumentTypeID":3,"DocumentType":null,"NationalityID":null,"DocumentTypeName":null,"Phones":"+7 (722) 231-51-03","ExternalCardID":"5974559","CardType":1,"CardNumber":"67550","CitizenshipCategoryID":1,"CitizenshipCategory":null,"ResidenceTypeID":3,"ResidenceType":null,"MotherPersonID":null,"MotherPerson":null,"IsForeigner":false,"IsHomeless":false,"IsDeadPerson":false,"IsResident":true,"ID":"41079994","StrID":"41079994"},"Person":{"IIN":"110112602106","LastName":"ҚАСЫМХАН","FirstName":"АҚМАРАЛ","SecondName":"СЕРІКЖАНҚЫЗЫ","FullName":"ҚАСЫМХАН АҚМАРАЛ СЕРІКЖАНҚЫЗЫ","FullNameIOF":"АҚМАРАЛ СЕРІКЖАНҚЫЗЫ ҚАСЫМХАН","DisplayText":"110112602106 АҚМАРАЛ СЕРІКЖАНҚЫЗЫ ҚАСЫМХАН 12.01.2011","IinFullName":"110112602106 - ҚАСЫМХАН АҚМАРАЛ СЕРІКЖАНҚЫЗЫ","BirthDate":"2011-01-12T00:00:00","BirthDateStr":"12.01.2011","DeathDate":null,"DeathDateStr":"","BioSexID":2,"BioSex":null,"NationalityID":null,"Nationality":null,"CitizenshipID":null,"Citizenship":null,"MasterDataID":12615665,"RpnID":"15300000002418872","KmisID":"45500000002051689","Type":1,"Age":0,"IsStillborn":false,"IsEarlyNeonatalDeathUp28days":false,"IsDeadPerson":false,"ID":"1020639","StrID":"1020639"},"IsCito":false,"ExternalSystem":1,"OrderResultFileID":null,"OrderResultFileStorageID":null,"OrderResultDate":null,"Status":1,"DeleteDate":null,"ResultNotes":null,"Comment":"","ExternalOrderNumber":"51569262","ExaminationTypeID":null,"ExaminationType":null,"ExaminationIndicationID":null,"ExaminationIndication":null,"Uid":"8966C99D-0AEE-4466-B464-12D39B5B0151","SenderPostFullName":"КЕРІМТАЕВА НАЗЕРКЕ ЕРІКҚЫЗЫ","SenderFuncStructureNameRU":"Приемное отделение детское","SenderFuncStructureNameKZ":"Балалар қабылдау бөлімі","IsSamplingOfMaterialsAtReceiver":false,"MisID":42179164,"Materials":[{"OrderID":31158744,"Uid":"884d1e32-cf8a-436a-a679-517691a194fb","MaterialNumber":"51569262","MaterialTypeID":363,"MaterialType":{"OrderBy":0,"ParentID":202,"HasChildren":false,"MasterDataID":489,"Parent":null,"NameRU":"Кровь венозная","NameKZ":"Кровь венозная","Name":"Кровь венозная","PublicCode":"36300","EndDate":null,"ID":"363","StrID":"363"},"TakeDate":"2026-09-02T09:50:00","TakeDateStr":"02.09.2026 09:50","TakePlace":"дет пп","RejectionReason":null,"RejectionTakenMeasures":null,"ReceiptDate":null,"ReceiptDateStr":null,"RejectionCreatePostID":null,"RejectionCreatePost":null,"SampleCollectorPostIIN":"061122650270","SampleCollectorPostID":null,"Researches":[],"RejectedMaterialImageID":null,"File":null,"ID":"31445553","StrID":"31445553"}],"Researches":[]}],"Total":1}
02.09.2026 10:46:56	Information:	OrderedWW 51569262 Biomat 0 Device 20747
02.09.2026 10:46:57	Information:	ResearchResult
02.09.2026 10:46:57	Information:	{
"OrderID": "31158744",
"WorkPlaceID": 20747
}


02.09.2026 10:46:57	Information:	[{"OrderResearchID":67151408,"OrderResearch":null,"ParameterID":200918,"Parameter":{"ShortNameRU":"общий белок в сыворотке крови","ShortNameKZ":"қан сарысуындағы жалпы ақуыз","ShortName":"общий белок в сыворотке крови","DataType":0,"DataTypeName":"Число","UnitTypeID":100012,"UnitType":{"OrderBy":13,"MasterDataID":null,"CDD_ID":null,"NameRU":"г/л","NameKZ":"г/л","Name":"г/л","PublicCode":"10001200","EndDate":null,"ID":"100012","StrID":"100012"},"MedicalFormID":null,"MasterDataID":0,"MedicalForm":null,"NameWithDataType":"общий белок в сыворотке крови  (Число)","NameRU":"общий белок в сыворотке крови","NameKZ":"қан сарысуындағы жалпы ақуыз","Name":"общий белок в сыворотке крови","PublicCode":"20091800","EndDate":null,"ID":"200918","StrID":"200918"},"ParameterValues":null,"ParameterValueID":null,"ParameterValue":null,"ResultText":null,"ResultValue":null,"ResultDate":"2026-09-02T10:46:58.1233832+05:00","PostID":"0","Post":null,"ExecuteMethod":2,"SourceResultText":null,"SourceResultValue":null,"SourceResultExpression":null,"SourceUnitTypeID":100012,"SourceUnitType":{"OrderBy":13,"MasterDataID":null,"CDD_ID":null,"NameRU":"г/л","NameKZ":"г/л","Name":"г/л","PublicCode":"10001200","EndDate":null,"ID":"100012","StrID":"100012"},"MultiplierID":null,"IsApproved":false,"IsValidated":false,"StandardMatchType":0,"ApproveDate":null,"ApprovePostID":null,"ApprovePost":null,"OrderNum":1,"WorkPlaceID":20747,"OrderID":null,"BacteriologyResult":null,"AnalyzerId":null,"IsOrderProductionControl":false,"ID":"0","StrID":"0"},{"OrderResearchID":67151404,"OrderResearch":null,"ParameterID":200357,"Parameter":{"ShortNameRU":"АЛаТ","ShortNameKZ":"АЛаТ","ShortName":"АЛаТ","DataType":0,"DataTypeName":"Число","UnitTypeID":100030,"UnitType":{"OrderBy":31,"MasterDataID":null,"CDD_ID":null,"NameRU":"МЕ/л","NameKZ":"ХБ/л","Name":"МЕ/л","PublicCode":"10003000","EndDate":null,"ID":"100030","StrID":"100030"},"MedicalFormID":null,"MasterDataID":0,"MedicalForm":null,"NameWithDataType":"АЛаТ  (Число)","NameRU":"АЛаТ","NameKZ":"АЛаТ","Name":"АЛаТ","PublicCode":"20035700","EndDate":null,"ID":"200357","StrID":"200357"},"ParameterValues":null,"ParameterValueID":null,"ParameterValue":null,"ResultText":null,"ResultValue":null,"ResultDate":"2026-09-02T10:46:58.1279305+05:00","PostID":"0","Post":null,"ExecuteMethod":2,"SourceResultText":null,"SourceResultValue":null,"SourceResultExpression":null,"SourceUnitTypeID":100030,"SourceUnitType":{"OrderBy":31,"MasterDataID":null,"CDD_ID":null,"NameRU":"МЕ/л","NameKZ":"ХБ/л","Name":"МЕ/л","PublicCode":"10003000","EndDate":null,"ID":"100030","StrID":"100030"},"MultiplierID":null,"IsApproved":false,"IsValidated":false,"StandardMatchType":0,"ApproveDate":null,"ApprovePostID":null,"ApprovePost":null,"OrderNum":1,"WorkPlaceID":20747,"OrderID":null,"BacteriologyResult":null,"AnalyzerId":null,"IsOrderProductionControl":false,"ID":"0","StrID":"0"},{"OrderResearchID":67151406,"OrderResearch":null,"ParameterID":201032,"Parameter":{"ShortNameRU":"прямой билирубин в сыворотке крови","ShortNameKZ":"қан сарысуындағы тікелей билирубин","ShortName":"прямой билирубин в сыворотке крови","DataType":0,"DataTypeName":"Число","UnitTypeID":100041,"UnitType":{"OrderBy":42,"MasterDataID":null,"CDD_ID":null,"NameRU":"мкмоль/л","NameKZ":"мкмоль/л","Name":"мкмоль/л","PublicCode":"10004100","EndDate":null,"ID":"100041","StrID":"100041"},"MedicalFormID":null,"MasterDataID":0,"MedicalForm":null,"NameWithDataType":"прямой билирубин в сыворотке крови  (Число)","NameRU":"прямой билирубин в сыворотке крови","NameKZ":"қан сарысуындағы тікелей билирубин","Name":"прямой билирубин в сыворотке крови","PublicCode":"20103200","EndDate":null,"ID":"201032","StrID":"201032"},"ParameterValues":null,"ParameterValueID":null,"ParameterValue":null,"ResultText":null,"ResultValue":null,"ResultDate":"2026-09-02T10:46:58.1279305+05:00","PostID":"0","Post":null,"ExecuteMethod":2,"SourceResultText":null,"SourceResultValue":null,"SourceResultExpression":null,"SourceUnitTypeID":100041,"SourceUnitType":{"OrderBy":42,"MasterDataID":null,"CDD_ID":null,"NameRU":"мкмоль/л","NameKZ":"мкмоль/л","Name":"мкмоль/л","PublicCode":"10004100","EndDate":null,"ID":"100041","StrID":"100041"},"MultiplierID":null,"IsApproved":false,"IsValidated":false,"StandardMatchType":0,"ApproveDate":null,"ApprovePostID":null,"ApprovePost":null,"OrderNum":1,"WorkPlaceID":20747,"OrderID":null,"BacteriologyResult":null,"AnalyzerId":null,"IsOrderProductionControl":false,"ID":"0","StrID":"0"},{"OrderResearchID":67151407,"OrderResearch":null,"ParameterID":200919,"Parameter":{"ShortNameRU":"общий билирубин в сыворотке крови","ShortNameKZ":"қан сарысуындағы жалпы билирубин","ShortName":"общий билирубин в сыворотке крови","DataType":0,"DataTypeName":"Число","UnitTypeID":100041,"UnitType":{"OrderBy":42,"MasterDataID":null,"CDD_ID":null,"NameRU":"мкмоль/л","NameKZ":"мкмоль/л","Name":"мкмоль/л","PublicCode":"10004100","EndDate":null,"ID":"100041","StrID":"100041"},"MedicalFormID":null,"MasterDataID":0,"MedicalForm":null,"NameWithDataType":"общий билирубин в сыворотке крови  (Число)","NameRU":"общий билирубин в сыворотке крови","NameKZ":"қан сарысуындағы жалпы билирубин","Name":"общий билирубин в сыворотке крови","PublicCode":"20091900","EndDate":null,"ID":"200919","StrID":"200919"},"ParameterValues":null,"ParameterValueID":null,"ParameterValue":null,"ResultText":null,"ResultValue":null,"ResultDate":"2026-09-02T10:46:58.133729+05:00","PostID":"0","Post":null,"ExecuteMethod":2,"SourceResultText":null,"SourceResultValue":null,"SourceResultExpression":null,"SourceUnitTypeID":100041,"SourceUnitType":{"OrderBy":42,"MasterDataID":null,"CDD_ID":null,"NameRU":"мкмоль/л","NameKZ":"мкмоль/л","Name":"мкмоль/л","PublicCode":"10004100","EndDate":null,"ID":"100041","StrID":"100041"},"MultiplierID":null,"IsApproved":false,"IsValidated":false,"StandardMatchType":0,"ApproveDate":null,"ApprovePostID":null,"ApprovePost":null,"OrderNum":1,"WorkPlaceID":20747,"OrderID":null,"BacteriologyResult":null,"AnalyzerId":null,"IsOrderProductionControl":false,"ID":"0","StrID":"0"},{"OrderResearchID":67151405,"OrderResearch":null,"ParameterID":200408,"Parameter":{"ShortNameRU":"АСаТ","ShortNameKZ":"АСаТ","ShortName":"АСаТ","DataType":0,"DataTypeName":"Число","UnitTypeID":100030,"UnitType":{"OrderBy":31,"MasterDataID":null,"CDD_ID":null,"NameRU":"МЕ/л","NameKZ":"ХБ/л","Name":"МЕ/л","PublicCode":"10003000","EndDate":null,"ID":"100030","StrID":"100030"},"MedicalFormID":null,"MasterDataID":0,"MedicalForm":null,"NameWithDataType":"АСаТ  (Число)","NameRU":"АСаТ","NameKZ":"АСаТ","Name":"АСаТ","PublicCode":"20040800","EndDate":null,"ID":"200408","StrID":"200408"},"ParameterValues":null,"ParameterValueID":null,"ParameterValue":null,"ResultText":null,"ResultValue":null,"ResultDate":"2026-09-02T10:46:58.133729+05:00","PostID":"0","Post":null,"ExecuteMethod":2,"SourceResultText":null,"SourceResultValue":null,"SourceResultExpression":null,"SourceUnitTypeID":100030,"SourceUnitType":{"OrderBy":31,"MasterDataID":null,"CDD_ID":null,"NameRU":"МЕ/л","NameKZ":"ХБ/л","Name":"МЕ/л","PublicCode":"10003000","EndDate":null,"ID":"100030","StrID":"100030"},"MultiplierID":null,"IsApproved":false,"IsValidated":false,"StandardMatchType":0,"ApproveDate":null,"ApprovePostID":null,"ApprovePost":null,"OrderNum":1,"WorkPlaceID":20747,"OrderID":null,"BacteriologyResult":null,"AnalyzerId":null,"IsOrderProductionControl":false,"ID":"0","StrID":"0"},{"OrderResearchID":67151409,"OrderResearch":null,"ParameterID":201306,"Parameter":{"ShortNameRU":"ЩФ","ShortNameKZ":"СФ","ShortName":"ЩФ","DataType":0,"DataTypeName":"Число","UnitTypeID":100030,"UnitType":{"OrderBy":31,"MasterDataID":null,"CDD_ID":null,"NameRU":"МЕ/л","NameKZ":"ХБ/л","Name":"МЕ/л","PublicCode":"10003000","EndDate":null,"ID":"100030","StrID":"100030"},"MedicalFormID":null,"MasterDataID":0,"MedicalForm":null,"NameWithDataType":"ЩФ  (Число)","NameRU":"ЩФ","NameKZ":"СФ","Name":"ЩФ","PublicCode":"20130600","EndDate":null,"ID":"201306","StrID":"201306"},"ParameterValues":null,"ParameterValueID":null,"ParameterValue":null,"ResultText":null,"ResultValue":null,"ResultDate":"2026-09-02T10:46:58.1387791+05:00","PostID":"0","Post":null,"ExecuteMethod":2,"SourceResultText":null,"SourceResultValue":null,"SourceResultExpression":null,"SourceUnitTypeID":100030,"SourceUnitType":{"OrderBy":31,"MasterDataID":null,"CDD_ID":null,"NameRU":"МЕ/л","NameKZ":"ХБ/л","Name":"МЕ/л","PublicCode":"10003000","EndDate":null,"ID":"100030","StrID":"100030"},"MultiplierID":null,"IsApproved":false,"IsValidated":false,"StandardMatchType":0,"ApproveDate":null,"ApprovePostID":null,"ApprovePost":null,"OrderNum":1,"WorkPlaceID":20747,"OrderID":null,"BacteriologyResult":null,"AnalyzerId":null,"IsOrderProductionControl":false,"ID":"0","StrID":"0"},{"OrderResearchID":67151410,"OrderResearch":null,"ParameterID":200905,"Parameter":{"ShortNameRU":"общая ɑ-амилаза в сыворотке крови (анализатор)","ShortNameKZ":"қандағы жалпы ɑ-амилаза (анализатор)","ShortName":"общая ɑ-амилаза в сыворотке крови (анализатор)","DataType":0,"DataTypeName":"Число","UnitTypeID":100030,"UnitType":{"OrderBy":31,"MasterDataID":null,"CDD_ID":null,"NameRU":"МЕ/л","NameKZ":"ХБ/л","Name":"МЕ/л","PublicCode":"10003000","EndDate":null,"ID":"100030","StrID":"100030"},"MedicalFormID":null,"MasterDataID":0,"MedicalForm":null,"NameWithDataType":"общая ɑ-амилаза в сыворотке крови (анализатор)  (Число)","NameRU":"общая ɑ-амилаза в сыворотке крови (анализатор)","NameKZ":"қандағы жалпы ɑ-амилаза (анализатор)","Name":"общая ɑ-амилаза в сыворотке крови (анализатор)","PublicCode":"20090500","EndDate":null,"ID":"200905","StrID":"200905"},"ParameterValues":null,"ParameterValueID":null,"ParameterValue":null,"ResultText":null,"ResultValue":null,"ResultDate":"2026-09-02T10:46:58.1437956+05:00","PostID":"0","Post":null,"ExecuteMethod":2,"SourceResultText":null,"SourceResultValue":null,"SourceResultExpression":null,"SourceUnitTypeID":100030,"SourceUnitType":{"OrderBy":31,"MasterDataID":null,"CDD_ID":null,"NameRU":"МЕ/л","NameKZ":"ХБ/л","Name":"МЕ/л","PublicCode":"10003000","EndDate":null,"ID":"100030","StrID":"100030"},"MultiplierID":null,"IsApproved":false,"IsValidated":false,"StandardMatchType":0,"ApproveDate":null,"ApprovePostID":null,"ApprovePost":null,"OrderNum":1,"WorkPlaceID":20747,"OrderID":null,"BacteriologyResult":null,"AnalyzerId":null,"IsOrderProductionControl":false,"ID":"0","StrID":"0"},{"OrderResearchID":67151411,"OrderResearch":null,"ParameterID":200549,"Parameter":{"ShortNameRU":"глюкоза в сыворотке крови","ShortNameKZ":"қан сарысуындағы глюкоза","ShortName":"глюкоза в сыворотке крови","DataType":0,"DataTypeName":"Число","UnitTypeID":100051,"UnitType":{"OrderBy":52,"MasterDataID":null,"CDD_ID":null,"NameRU":"ммоль/л","NameKZ":"ммоль/л","Name":"ммоль/л","PublicCode":"10005100","EndDate":null,"ID":"100051","StrID":"100051"},"MedicalFormID":null,"MasterDataID":0,"MedicalForm":null,"NameWithDataType":"глюкоза в сыворотке крови  (Число)","NameRU":"глюкоза в сыворотке крови","NameKZ":"қан сарысуындағы глюкоза","Name":"глюкоза в сыворотке крови","PublicCode":"20054900","EndDate":null,"ID":"200549","StrID":"200549"},"ParameterValues":null,"ParameterValueID":null,"ParameterValue":null,"ResultText":null,"ResultValue":null,"ResultDate":"2026-09-02T10:46:58.1437956+05:00","PostID":"0","Post":null,"ExecuteMethod":2,"SourceResultText":null,"SourceResultValue":null,"SourceResultExpression":null,"SourceUnitTypeID":100051,"SourceUnitType":{"OrderBy":52,"MasterDataID":null,"CDD_ID":null,"NameRU":"ммоль/л","NameKZ":"ммоль/л","Name":"ммоль/л","PublicCode":"10005100","EndDate":null,"ID":"100051","StrID":"100051"},"MultiplierID":null,"IsApproved":false,"IsValidated":false,"StandardMatchType":0,"ApproveDate":null,"ApprovePostID":null,"ApprovePost":null,"OrderNum":1,"WorkPlaceID":20747,"OrderID":null,"BacteriologyResult":null,"AnalyzerId":null,"IsOrderProductionControl":false,"ID":"0","StrID":"0"},{"OrderResearchID":67151412,"OrderResearch":null,"ParameterID":201150,"Parameter":{"ShortNameRU":"СРБ","ShortNameKZ":"СРА","ShortName":"СРБ","DataType":0,"DataTypeName":"Число","UnitTypeID":100026,"UnitType":{"OrderBy":27,"MasterDataID":null,"CDD_ID":null,"NameRU":"мг/л","NameKZ":"мг/л","Name":"мг/л","PublicCode":"10002600","EndDate":null,"ID":"100026","StrID":"100026"},"MedicalFormID":null,"MasterDataID":0,"MedicalForm":null,"NameWithDataType":"СРБ  (Число)","NameRU":"СРБ","NameKZ":"СРА","Name":"СРБ","PublicCode":"20115000","EndDate":null,"ID":"201150","StrID":"201150"},"ParameterValues":null,"ParameterValueID":null,"ParameterValue":null,"ResultText":null,"ResultValue":null,"ResultDate":"2026-09-02T10:46:58.1437956+05:00","PostID":"0","Post":null,"ExecuteMethod":2,"SourceResultText":null,"SourceResultValue":null,"SourceResultExpression":null,"SourceUnitTypeID":100026,"SourceUnitType":{"OrderBy":27,"MasterDataID":null,"CDD_ID":null,"NameRU":"мг/л","NameKZ":"мг/л","Name":"мг/л","PublicCode":"10002600","EndDate":null,"ID":"100026","StrID":"100026"},"MultiplierID":null,"IsApproved":false,"IsValidated":false,"StandardMatchType":0,"ApproveDate":null,"ApprovePostID":null,"ApprovePost":null,"OrderNum":1,"WorkPlaceID":20747,"OrderID":null,"BacteriologyResult":null,"AnalyzerId":null,"IsOrderProductionControl":false,"ID":"0","StrID":"0"}]
02.09.2026 10:46:57	Information:	TestsWW spec 200918, spec 200357, spec 201032, spec 200919, spec 200408, spec 201306, spec 200905, spec 200549, spec 201150, 
02.09.2026 10:46:57	Information:	Querry lines count: 1
02.09.2026 10:46:57	Debug:	SendResults:	fix DriverRequests=	214	ms
02.09.2026 10:46:57	Information:	SAMPLE! 51569262 DeviceDriverResult Sample: 51569262 Suggest: . Do Request True
02.09.2026 10:46:57	Information:	Sample request count: 1
02.09.2026 10:46:57	Information:	MU is mmol/L
02.09.2026 10:46:57	Information:	Driver Collations count 0
02.09.2026 10:46:57	Information:	MU collations count=0
02.09.2026 10:46:57	Information:	MU is ?mol/L
02.09.2026 10:46:57	Information:	Driver Collations count 0
02.09.2026 10:46:57	Information:	MU collations count=0
02.09.2026 10:46:57	Information:	MU is ?mol/L
02.09.2026 10:46:57	Information:	Driver Collations count 0
02.09.2026 10:46:57	Information:	MU collations count=0
02.09.2026 10:46:57	Information:	MU is U/L
02.09.2026 10:46:57	Information:	Driver Collations count 0
02.09.2026 10:46:57	Information:	MU collations count=0
02.09.2026 10:46:57	Information:	MU is U/L
02.09.2026 10:46:57	Information:	Driver Collations count 0
02.09.2026 10:46:57	Information:	MU collations count=0
02.09.2026 10:46:57	Information:	MU is mg/L
02.09.2026 10:46:57	Information:	Driver Collations count 0
02.09.2026 10:46:57	Information:	MU collations count=0
02.09.2026 10:46:57	Information:	MU is U/L
02.09.2026 10:46:57	Information:	Driver Collations count 0
02.09.2026 10:46:57	Information:	MU collations count=0
02.09.2026 10:46:57	Information:	MU is g/L
02.09.2026 10:46:57	Information:	Driver Collations count 0
02.09.2026 10:46:57	Information:	MU collations count=0
02.09.2026 10:46:57	Information:	MU is U/L
02.09.2026 10:46:57	Information:	Driver Collations count 0
02.09.2026 10:46:57	Information:	MU collations count=0
02.09.2026 10:46:57	Debug:	SendResults:	SetTestsValues first SetTestsValues=	89	ms
02.09.2026 10:46:57	Debug:	SendResults:	Device Total = 308 ms
02.09.2026 10:46:57	Information:	Saving 51569262
02.09.2026 10:46:57	Information:	Start test result saving
02.09.2026 10:46:57	Information:	Result object to save: 
02.09.2026 10:46:57	Information:	{"OrderResearchID":67151408,"OrderResearch":null,"ParameterID":200918,"Parameter":{"ShortNameRU":"общий белок в сыворотке крови","ShortNameKZ":"қан сарысуындағы жалпы ақуыз","ShortName":"общий белок в сыворотке крови","DataType":0,"DataTypeName":"Число","UnitTypeID":100012,"UnitType":{"NameRU":"г/л","NameKZ":"г/л","Name":"г/л","PublicCode":"10001200","OrderBy":13,"ID":100012,"StrID":"100012"},"MedicalFormID":null,"MedicalForm":null,"NameRU":"общий белок в сыворотке крови","NameKZ":"қан сарысуындағы жалпы ақуыз","Name":"общий белок в сыворотке крови","PublicCode":"20091800","OrderBy":null,"ID":200918,"StrID":"200918"},"ParameterValueID":null,"ParameterValue":null,"ResultText":"74.43","ResultValue":null,"ResultDate":"2026-09-02T10:46:58.1233832+05:00","PostID":0,"Post":null,"ExecuteMethod":2,"SourceResultText":"74.43","SourceResultValue":null,"SourceResultExpression":null,"SourceUnitTypeID":100012,"SourceUnitType":{"NameRU":"г/л","NameKZ":"г/л","Name":"г/л","PublicCode":"10001200","OrderBy":13,"ID":100012,"StrID":"100012"},"IsApproved":false,"ApproveDate":null,"ApprovePostID":null,"ApprovePost":null,"OrderNum":1,"WorkPlaceID":20747,"DriverManagerID":150,"BacteriologyResult":null,"AnalyzerId":38,"IsOrderProductionControl":false,"ID":0,"StrID":"0"}
02.09.2026 10:46:57	Information:	Save string: 
02.09.2026 10:46:57	Information:	{"OrderResearchID":67151408,"OrderResearch":{"OrderID":31158744,"ServiceMoID":2163201,"ServiceMoMasterDataID":8269447,"ServiceMo":{"OrgHealthCareID":"45500000000000909","ServiceID":236,"NameRU":"Определение общего белка в сыворотке крови на анализаторе","NameKZ":"Қан сарысуындағы жалпы нәруызды талдауышта анықтау ","Name":"Определение общего белка в сыворотке крови на анализаторе","ShortNameRU":"Определение общего белка в сыворотке крови на анализаторе","ShortNameKZ":"Қан сарысуындағы жалпы нәруызды талдауышта анықтау ","ShortName":"Определение общего белка в сыворотке крови на анализаторе","FullName":"B03.397.002 - Определение общего белка в сыворотке крови на анализаторе","Code":"B03.397.002","ExternalCode":null,"ServiceClassID":5,"ServiceClass":{"ServiceTypeID":2,"OrderBy":5,"MasterDataID":5,"NameRU":"Клиническая химия (биохимия)","NameKZ":"Клиникалық химия (биохимия)","Name":"Клиническая химия (биохимия)","PublicCode":"500","EndDate":null,"ID":"5","StrID":"5"},"Service":{"NameRU":"Определение общего белка в сыворотке крови на анализаторе","NameKZ":"Қан сарысуындағы жалпы нәруызды талдауышта анықтау","Name":"Определение общего белка в сыворотке крови на анализаторе","ShortNameRU":"Общий белок на анализаторе","ShortNameKZ":"Общий белок на анализаторе","ShortName":"Общий белок на анализаторе","FullName":"B03.397.002 - Определение общего белка в сыворотке крови на анализаторе","Code":"B03.397.002","ServiceClassID":5,"ServiceClass":null,"ServiceSubClassID":6,"ServiceSubClass":null,"MaterialTypeID":202,"MaterialType":null,"MasterDataID":3079,"ID":"236","StrID":"236"},"MasterDataID":8269447,"ServiceSubClassID":6,"PayType":1,"ServiceSubClass":null,"ID":"2163201","StrID":"2163201"},"FullName":"B03.397.002 - Определение общего белка в сыворотке крови на анализаторе  () ","IsMain":true,"SourceID":"145116163_34016616","WorkPlaceID":20747,"WorkPlace":null,"DriverManager":null,"ParameterID":null,"Parameter":null,"AdditionalInfo":null,"Status":1,"PerformetServiceCount":7,"ResearchResultCount":0,"ApproveResearchResultCount":0,"NotSaveResearchResultCount":0,"ParentID":null,"ScreeningCandidatePlanGuid":null,"ScreeningUrl":null,"TakePlace":null,"MaterialTypeID":null,"MaterialType":null,"PartCount":0,"IsOrderProductionControl":false,"Uid":"0d47d598-d9af-4a4f-bb8e-a289042d3f08","OrderPerformerServices":[],"OrderResearchAllergens":[],"Results":[],"IsResumed":false,"ExecutionType":0,"ID":"67151408","StrID":"67151408"},"ParameterID":200918,"Parameter":{"ShortNameRU":"общий белок в сыворотке крови","ShortNameKZ":"қан сарысуындағы жалпы ақуыз","ShortName":"общий белок в сыворотке крови","DataType":0,"DataTypeName":"Число","UnitTypeID":100012,"UnitType":null,"MedicalFormID":null,"MasterDataID":0,"MedicalForm":null,"NameWithDataType":"общий белок в сыворотке крови  (Число)","NameRU":"общий белок в сыворотке крови","NameKZ":"қан сарысуындағы жалпы ақуыз","Name":"общий белок в сыворотке крови","PublicCode":"20091800","EndDate":null,"ID":"200918","StrID":"200918"},"ParameterValues":null,"ParameterValueID":null,"ParameterValue":null,"ResultText":"74.43","ResultValue":"74.43","ResultDate":"2026-09-02T10:46:58.3662182+05:00","PostID":"189416","Post":null,"ExecuteMethod":2,"SourceResultText":"74.43","SourceResultValue":"74.43","SourceResultExpression":null,"SourceUnitTypeID":100012,"SourceUnitType":{"OrderBy":13,"MasterDataID":null,"CDD_ID":null,"NameRU":"г/л","NameKZ":"г/л","Name":"г/л","PublicCode":"10001200","EndDate":null,"ID":"100012","StrID":"100012"},"MultiplierID":null,"IsApproved":false,"IsValidated":false,"StandardMatchType":0,"ApproveDate":null,"ApprovePostID":null,"ApprovePost":null,"OrderNum":1,"WorkPlaceID":20747,"OrderID":null,"BacteriologyResult":null,"AnalyzerId":38,"IsOrderProductionControl":false,"ID":"207375565","StrID":"207375565"}
02.09.2026 10:46:57	Information:	Result object to save: 
02.09.2026 10:46:57	Information:	{"OrderResearchID":67151404,"OrderResearch":null,"ParameterID":200357,"Parameter":{"ShortNameRU":"АЛаТ","ShortNameKZ":"АЛаТ","ShortName":"АЛаТ","DataType":0,"DataTypeName":"Число","UnitTypeID":100030,"UnitType":{"NameRU":"МЕ/л","NameKZ":"ХБ/л","Name":"МЕ/л","PublicCode":"10003000","OrderBy":31,"ID":100030,"StrID":"100030"},"MedicalFormID":null,"MedicalForm":null,"NameRU":"АЛаТ","NameKZ":"АЛаТ","Name":"АЛаТ","PublicCode":"20035700","OrderBy":null,"ID":200357,"StrID":"200357"},"ParameterValueID":null,"ParameterValue":null,"ResultText":"15.99","ResultValue":null,"ResultDate":"2026-09-02T10:46:58.1279305+05:00","PostID":0,"Post":null,"ExecuteMethod":2,"SourceResultText":"15.99","SourceResultValue":null,"SourceResultExpression":null,"SourceUnitTypeID":100030,"SourceUnitType":{"NameRU":"МЕ/л","NameKZ":"ХБ/л","Name":"МЕ/л","PublicCode":"10003000","OrderBy":31,"ID":100030,"StrID":"100030"},"IsApproved":false,"ApproveDate":null,"ApprovePostID":null,"ApprovePost":null,"OrderNum":1,"WorkPlaceID":20747,"DriverManagerID":150,"BacteriologyResult":null,"AnalyzerId":38,"IsOrderProductionControl":false,"ID":0,"StrID":"0"}
02.09.2026 10:46:57	Information:	Save string: 
02.09.2026 10:46:57	Information:	{"OrderResearchID":67151404,"OrderResearch":{"OrderID":31158744,"ServiceMoID":2163576,"ServiceMoMasterDataID":8269462,"ServiceMo":{"OrgHealthCareID":"45500000000000909","ServiceID":253,"NameRU":"Определение аланинаминотрансферазы (АЛаТ) в сыворотке крови на анализаторе","NameKZ":"Қан сарысуындағы аланинаминотрансферазды (АЛаТ) талдауышта анықтау ","Name":"Определение аланинаминотрансферазы (АЛаТ) в сыворотке крови на анализаторе","ShortNameRU":"Определение аланинаминотрансферазы (АЛаТ) в сыворотке крови на анализаторе","ShortNameKZ":"Қан сарысуындағы аланинаминотрансферазды (АЛаТ) талдауышта анықтау ","ShortName":"Определение аланинаминотрансферазы (АЛаТ) в сыворотке крови на анализаторе","FullName":"B03.155.002 - Определение аланинаминотрансферазы (АЛаТ) в сыворотке крови на анализаторе","Code":"B03.155.002","ExternalCode":null,"ServiceClassID":5,"ServiceClass":{"ServiceTypeID":2,"OrderBy":5,"MasterDataID":5,"NameRU":"Клиническая химия (биохимия)","NameKZ":"Клиникалық химия (биохимия)","Name":"Клиническая химия (биохимия)","PublicCode":"500","EndDate":null,"ID":"5","StrID":"5"},"Service":{"NameRU":"Определение аланинаминотрансферазы (АЛаТ) в сыворотке крови на анализаторе","NameKZ":"Қан сарысуындағы аланинаминотрансферазды (АЛаТ) талдауышта анықтау","Name":"Определение аланинаминотрансферазы (АЛаТ) в сыворотке крови на анализаторе","ShortNameRU":"АЛаТ на анализаторе","ShortNameKZ":"АЛаТ на анализаторе","ShortName":"АЛаТ на анализаторе","FullName":"B03.155.002 - Определение аланинаминотрансферазы (АЛаТ) в сыворотке крови на анализаторе","Code":"B03.155.002","ServiceClassID":5,"ServiceClass":null,"ServiceSubClassID":6,"ServiceSubClass":null,"MaterialTypeID":202,"MaterialType":null,"MasterDataID":3094,"ID":"253","StrID":"253"},"MasterDataID":8269462,"ServiceSubClassID":6,"PayType":1,"ServiceSubClass":null,"ID":"2163576","StrID":"2163576"},"FullName":"B03.155.002 - Определение аланинаминотрансферазы (АЛаТ) в сыворотке крови на анализаторе  () ","IsMain":true,"SourceID":"145116163_34016609","WorkPlaceID":20747,"WorkPlace":null,"DriverManager":null,"ParameterID":null,"Parameter":null,"AdditionalInfo":null,"Status":1,"PerformetServiceCount":9,"ResearchResultCount":0,"ApproveResearchResultCount":0,"NotSaveResearchResultCount":0,"ParentID":null,"ScreeningCandidatePlanGuid":null,"ScreeningUrl":null,"TakePlace":null,"MaterialTypeID":null,"MaterialType":null,"PartCount":0,"IsOrderProductionControl":false,"Uid":"931d1ca6-369e-4345-931e-57ea068ff621","OrderPerformerServices":[],"OrderResearchAllergens":[],"Results":[],"IsResumed":false,"ExecutionType":0,"ID":"67151404","StrID":"67151404"},"ParameterID":200357,"Parameter":{"ShortNameRU":"АЛаТ","ShortNameKZ":"АЛаТ","ShortName":"АЛаТ","DataType":0,"DataTypeName":"Число","UnitTypeID":100030,"UnitType":null,"MedicalFormID":null,"MasterDataID":0,"MedicalForm":null,"NameWithDataType":"АЛаТ  (Число)","NameRU":"АЛаТ","NameKZ":"АЛаТ","Name":"АЛаТ","PublicCode":"20035700","EndDate":null,"ID":"200357","StrID":"200357"},"ParameterValues":null,"ParameterValueID":null,"ParameterValue":null,"ResultText":"15.99","ResultValue":"15.99","ResultDate":"2026-09-02T10:46:58.432452+05:00","PostID":"189416","Post":null,"ExecuteMethod":2,"SourceResultText":"15.99","SourceResultValue":"15.99","SourceResultExpression":null,"SourceUnitTypeID":100030,"SourceUnitType":{"OrderBy":31,"MasterDataID":null,"CDD_ID":null,"NameRU":"МЕ/л","NameKZ":"ХБ/л","Name":"МЕ/л","PublicCode":"10003000","EndDate":null,"ID":"100030","StrID":"100030"},"MultiplierID":null,"IsApproved":false,"IsValidated":false,"StandardMatchType":0,"ApproveDate":null,"ApprovePostID":null,"ApprovePost":null,"OrderNum":1,"WorkPlaceID":20747,"OrderID":null,"BacteriologyResult":null,"AnalyzerId":38,"IsOrderProductionControl":false,"ID":"207375566","StrID":"207375566"}
02.09.2026 10:46:57	Information:	Result object to save: 
02.09.2026 10:46:57	Information:	{"OrderResearchID":67151406,"OrderResearch":null,"ParameterID":201032,"Parameter":{"ShortNameRU":"прямой билирубин в сыворотке крови","ShortNameKZ":"қан сарысуындағы тікелей билирубин","ShortName":"прямой билирубин в сыворотке крови","DataType":0,"DataTypeName":"Число","UnitTypeID":100041,"UnitType":{"NameRU":"мкмоль/л","NameKZ":"мкмоль/л","Name":"мкмоль/л","PublicCode":"10004100","OrderBy":42,"ID":100041,"StrID":"100041"},"MedicalFormID":null,"MedicalForm":null,"NameRU":"прямой билирубин в сыворотке крови","NameKZ":"қан сарысуындағы тікелей билирубин","Name":"прямой билирубин в сыворотке крови","PublicCode":"20103200","OrderBy":null,"ID":201032,"StrID":"201032"},"ParameterValueID":null,"ParameterValue":null,"ResultText":"2.96","ResultValue":null,"ResultDate":"2026-09-02T10:46:58.1279305+05:00","PostID":0,"Post":null,"ExecuteMethod":2,"SourceResultText":"2.96","SourceResultValue":null,"SourceResultExpression":null,"SourceUnitTypeID":100041,"SourceUnitType":{"NameRU":"мкмоль/л","NameKZ":"мкмоль/л","Name":"мкмоль/л","PublicCode":"10004100","OrderBy":42,"ID":100041,"StrID":"100041"},"IsApproved":false,"ApproveDate":null,"ApprovePostID":null,"ApprovePost":null,"OrderNum":1,"WorkPlaceID":20747,"DriverManagerID":150,"BacteriologyResult":null,"AnalyzerId":38,"IsOrderProductionControl":false,"ID":0,"StrID":"0"}
02.09.2026 10:46:57	Information:	Save string: 
02.09.2026 10:46:57	Information:	{"OrderResearchID":67151406,"OrderResearch":{"OrderID":31158744,"ServiceMoID":2163601,"ServiceMoMasterDataID":8269463,"ServiceMo":{"OrgHealthCareID":"45500000000000909","ServiceID":254,"NameRU":"Определение прямого билирубина в сыворотке крови на анализаторе","NameKZ":"Қан сарысуындағы тікелей  билирубинді талдауышта анықтау ","Name":"Определение прямого билирубина в сыворотке крови на анализаторе","ShortNameRU":"Определение прямого билирубина в сыворотке крови на анализаторе","ShortNameKZ":"Қан сарысуындағы тікелей  билирубинді талдауышта анықтау ","ShortName":"Определение прямого билирубина в сыворотке крови на анализаторе","FullName":"B03.435.002 - Определение прямого билирубина в сыворотке крови на анализаторе","Code":"B03.435.002","ExternalCode":null,"ServiceClassID":5,"ServiceClass":{"ServiceTypeID":2,"OrderBy":5,"MasterDataID":5,"NameRU":"Клиническая химия (биохимия)","NameKZ":"Клиникалық химия (биохимия)","Name":"Клиническая химия (биохимия)","PublicCode":"500","EndDate":null,"ID":"5","StrID":"5"},"Service":{"NameRU":"Определение прямого билирубина в сыворотке крови на анализаторе","NameKZ":"Қан сарысуындағы тікелей билирубинді талдауышта анықтау","Name":"Определение прямого билирубина в сыворотке крови на анализаторе","ShortNameRU":"Прямой Bi на анализаторе","ShortNameKZ":"Прямой Bi на анализаторе","ShortName":"Прямой Bi на анализаторе","FullName":"B03.435.002 - Определение прямого билирубина в сыворотке крови на анализаторе","Code":"B03.435.002","ServiceClassID":5,"ServiceClass":null,"ServiceSubClassID":6,"ServiceSubClass":null,"MaterialTypeID":202,"MaterialType":null,"MasterDataID":3095,"ID":"254","StrID":"254"},"MasterDataID":8269463,"ServiceSubClassID":6,"PayType":1,"ServiceSubClass":null,"ID":"2163601","StrID":"2163601"},"FullName":"B03.435.002 - Определение прямого билирубина в сыворотке крови на анализаторе  () ","IsMain":true,"SourceID":"145116163_34016614","WorkPlaceID":20747,"WorkPlace":null,"DriverManager":null,"ParameterID":null,"Parameter":null,"AdditionalInfo":null,"Status":1,"PerformetServiceCount":7,"ResearchResultCount":0,"ApproveResearchResultCount":0,"NotSaveResearchResultCount":0,"ParentID":null,"ScreeningCandidatePlanGuid":null,"ScreeningUrl":null,"TakePlace":null,"MaterialTypeID":null,"MaterialType":null,"PartCount":0,"IsOrderProductionControl":false,"Uid":"61668460-40b0-4d0e-8588-fb49fb084b4d","OrderPerformerServices":[],"OrderResearchAllergens":[],"Results":[],"IsResumed":false,"ExecutionType":0,"ID":"67151406","StrID":"67151406"},"ParameterID":201032,"Parameter":{"ShortNameRU":"прямой билирубин в сыворотке крови","ShortNameKZ":"қан сарысуындағы тікелей билирубин","ShortName":"прямой билирубин в сыворотке крови","DataType":0,"DataTypeName":"Число","UnitTypeID":100041,"UnitType":null,"MedicalFormID":null,"MasterDataID":0,"MedicalForm":null,"NameWithDataType":"прямой билирубин в сыворотке крови  (Число)","NameRU":"прямой билирубин в сыворотке крови","NameKZ":"қан сарысуындағы тікелей билирубин","Name":"прямой билирубин в сыворотке крови","PublicCode":"20103200","EndDate":null,"ID":"201032","StrID":"201032"},"ParameterValues":null,"ParameterValueID":null,"ParameterValue":null,"ResultText":"2.96","ResultValue":"2.96","ResultDate":"2026-09-02T10:46:58.4879908+05:00","PostID":"189416","Post":null,"ExecuteMethod":2,"SourceResultText":"2.96","SourceResultValue":"2.96","SourceResultExpression":null,"SourceUnitTypeID":100041,"SourceUnitType":{"OrderBy":42,"MasterDataID":null,"CDD_ID":null,"NameRU":"мкмоль/л","NameKZ":"мкмоль/л","Name":"мкмоль/л","PublicCode":"10004100","EndDate":null,"ID":"100041","StrID":"100041"},"MultiplierID":null,"IsApproved":false,"IsValidated":false,"StandardMatchType":0,"ApproveDate":null,"ApprovePostID":null,"ApprovePost":null,"OrderNum":1,"WorkPlaceID":20747,"OrderID":null,"BacteriologyResult":null,"AnalyzerId":38,"IsOrderProductionControl":false,"ID":"207375567","StrID":"207375567"}
02.09.2026 10:46:57	Information:	Result object to save: 
02.09.2026 10:46:57	Information:	{"OrderResearchID":67151407,"OrderResearch":null,"ParameterID":200919,"Parameter":{"ShortNameRU":"общий билирубин в сыворотке крови","ShortNameKZ":"қан сарысуындағы жалпы билирубин","ShortName":"общий билирубин в сыворотке крови","DataType":0,"DataTypeName":"Число","UnitTypeID":100041,"UnitType":{"NameRU":"мкмоль/л","NameKZ":"мкмоль/л","Name":"мкмоль/л","PublicCode":"10004100","OrderBy":42,"ID":100041,"StrID":"100041"},"MedicalFormID":null,"MedicalForm":null,"NameRU":"общий билирубин в сыворотке крови","NameKZ":"қан сарысуындағы жалпы билирубин","Name":"общий билирубин в сыворотке крови","PublicCode":"20091900","OrderBy":null,"ID":200919,"StrID":"200919"},"ParameterValueID":null,"ParameterValue":null,"ResultText":"10.94","ResultValue":null,"ResultDate":"2026-09-02T10:46:58.133729+05:00","PostID":0,"Post":null,"ExecuteMethod":2,"SourceResultText":"10.94","SourceResultValue":null,"SourceResultExpression":null,"SourceUnitTypeID":100041,"SourceUnitType":{"NameRU":"мкмоль/л","NameKZ":"мкмоль/л","Name":"мкмоль/л","PublicCode":"10004100","OrderBy":42,"ID":100041,"StrID":"100041"},"IsApproved":false,"ApproveDate":null,"ApprovePostID":null,"ApprovePost":null,"OrderNum":1,"WorkPlaceID":20747,"DriverManagerID":150,"BacteriologyResult":null,"AnalyzerId":38,"IsOrderProductionControl":false,"ID":0,"StrID":"0"}
02.09.2026 10:46:57	Information:	Save string: 
02.09.2026 10:46:57	Information:	{"OrderResearchID":67151407,"OrderResearch":{"OrderID":31158744,"ServiceMoID":2163626,"ServiceMoMasterDataID":8269464,"ServiceMo":{"OrgHealthCareID":"45500000000000909","ServiceID":255,"NameRU":"Определение общего билирубина в сыворотке крови на анализаторе","NameKZ":"Қан сарысуындағы жалпы  билирубинді талдауышта анықтау в сыворотке крови на анализаторе","Name":"Определение общего билирубина в сыворотке крови на анализаторе","ShortNameRU":"Определение общего билирубина в сыворотке крови на анализаторе","ShortNameKZ":"Қан сарысуындағы жалпы  билирубинді талдауышта анықтау в сыворотке крови на анализаторе","ShortName":"Определение общего билирубина в сыворотке крови на анализаторе","FullName":"B03.398.002 - Определение общего билирубина в сыворотке крови на анализаторе","Code":"B03.398.002","ExternalCode":null,"ServiceClassID":5,"ServiceClass":{"ServiceTypeID":2,"OrderBy":5,"MasterDataID":5,"NameRU":"Клиническая химия (биохимия)","NameKZ":"Клиникалық химия (биохимия)","Name":"Клиническая химия (биохимия)","PublicCode":"500","EndDate":null,"ID":"5","StrID":"5"},"Service":{"NameRU":"Определение общего билирубина в сыворотке крови на анализаторе","NameKZ":"Қан сарысуындағы жалпы билирубинді талдауышта анықтау в сыворотке крови на анализаторе","Name":"Определение общего билирубина в сыворотке крови на анализаторе","ShortNameRU":"Общий Bi на анализаторе","ShortNameKZ":"Общий Bi на анализаторе","ShortName":"Общий Bi на анализаторе","FullName":"B03.398.002 - Определение общего билирубина в сыворотке крови на анализаторе","Code":"B03.398.002","ServiceClassID":5,"ServiceClass":null,"ServiceSubClassID":6,"ServiceSubClass":null,"MaterialTypeID":202,"MaterialType":null,"MasterDataID":3096,"ID":"255","StrID":"255"},"MasterDataID":8269464,"ServiceSubClassID":6,"PayType":1,"ServiceSubClass":null,"ID":"2163626","StrID":"2163626"},"FullName":"B03.398.002 - Определение общего билирубина в сыворотке крови на анализаторе  () ","IsMain":true,"SourceID":"145116163_34016613","WorkPlaceID":20747,"WorkPlace":null,"DriverManager":null,"ParameterID":null,"Parameter":null,"AdditionalInfo":null,"Status":1,"PerformetServiceCount":7,"ResearchResultCount":0,"ApproveResearchResultCount":0,"NotSaveResearchResultCount":0,"ParentID":null,"ScreeningCandidatePlanGuid":null,"ScreeningUrl":null,"TakePlace":null,"MaterialTypeID":null,"MaterialType":null,"PartCount":0,"IsOrderProductionControl":false,"Uid":"4021359d-26b0-460f-bda7-ce39b030c07c","OrderPerformerServices":[],"OrderResearchAllergens":[],"Results":[],"IsResumed":false,"ExecutionType":0,"ID":"67151407","StrID":"67151407"},"ParameterID":200919,"Parameter":{"ShortNameRU":"общий билирубин в сыворотке крови","ShortNameKZ":"қан сарысуындағы жалпы билирубин","ShortName":"общий билирубин в сыворотке крови","DataType":0,"DataTypeName":"Число","UnitTypeID":100041,"UnitType":null,"MedicalFormID":null,"MasterDataID":0,"MedicalForm":null,"NameWithDataType":"общий билирубин в сыворотке крови  (Число)","NameRU":"общий билирубин в сыворотке крови","NameKZ":"қан сарысуындағы жалпы билирубин","Name":"общий билирубин в сыворотке крови","PublicCode":"20091900","EndDate":null,"ID":"200919","StrID":"200919"},"ParameterValues":null,"ParameterValueID":null,"ParameterValue":null,"ResultText":"10.94","ResultValue":"10.94","ResultDate":"2026-09-02T10:46:58.5437066+05:00","PostID":"189416","Post":null,"ExecuteMethod":2,"SourceResultText":"10.94","SourceResultValue":"10.94","SourceResultExpression":null,"SourceUnitTypeID":100041,"SourceUnitType":{"OrderBy":42,"MasterDataID":null,"CDD_ID":null,"NameRU":"мкмоль/л","NameKZ":"мкмоль/л","Name":"мкмоль/л","PublicCode":"10004100","EndDate":null,"ID":"100041","StrID":"100041"},"MultiplierID":null,"IsApproved":false,"IsValidated":false,"StandardMatchType":0,"ApproveDate":null,"ApprovePostID":null,"ApprovePost":null,"OrderNum":1,"WorkPlaceID":20747,"OrderID":null,"BacteriologyResult":null,"AnalyzerId":38,"IsOrderProductionControl":false,"ID":"207375568","StrID":"207375568"}
02.09.2026 10:46:57	Information:	Result object to save: 
02.09.2026 10:46:57	Information:	{"OrderResearchID":67151405,"OrderResearch":null,"ParameterID":200408,"Parameter":{"ShortNameRU":"АСаТ","ShortNameKZ":"АСаТ","ShortName":"АСаТ","DataType":0,"DataTypeName":"Число","UnitTypeID":100030,"UnitType":{"NameRU":"МЕ/л","NameKZ":"ХБ/л","Name":"МЕ/л","PublicCode":"10003000","OrderBy":31,"ID":100030,"StrID":"100030"},"MedicalFormID":null,"MedicalForm":null,"NameRU":"АСаТ","NameKZ":"АСаТ","Name":"АСаТ","PublicCode":"20040800","OrderBy":null,"ID":200408,"StrID":"200408"},"ParameterValueID":null,"ParameterValue":null,"ResultText":"15.64","ResultValue":null,"ResultDate":"2026-09-02T10:46:58.133729+05:00","PostID":0,"Post":null,"ExecuteMethod":2,"SourceResultText":"15.64","SourceResultValue":null,"SourceResultExpression":null,"SourceUnitTypeID":100030,"SourceUnitType":{"NameRU":"МЕ/л","NameKZ":"ХБ/л","Name":"МЕ/л","PublicCode":"10003000","OrderBy":31,"ID":100030,"StrID":"100030"},"IsApproved":false,"ApproveDate":null,"ApprovePostID":null,"ApprovePost":null,"OrderNum":1,"WorkPlaceID":20747,"DriverManagerID":150,"BacteriologyResult":null,"AnalyzerId":38,"IsOrderProductionControl":false,"ID":0,"StrID":"0"}
02.09.2026 10:46:57	Information:	Save string: 
02.09.2026 10:46:57	Information:	{"OrderResearchID":67151405,"OrderResearch":{"OrderID":31158744,"ServiceMoID":2163651,"ServiceMoMasterDataID":8269465,"ServiceMo":{"OrgHealthCareID":"45500000000000909","ServiceID":256,"NameRU":"Определение аспартатаминотрансферазы (АСаТ) в сыворотке крови на анализаторе","NameKZ":"Қан сарысуындағы  аспартатаминотрансферазды  (АСаТ) талдауышта анықтау  ","Name":"Определение аспартатаминотрансферазы (АСаТ) в сыворотке крови на анализаторе","ShortNameRU":"Определение аспартатаминотрансферазы (АСаТ) в сыворотке крови на анализаторе","ShortNameKZ":"Қан сарысуындағы  аспартатаминотрансферазды  (АСаТ) талдауышта анықтау  ","ShortName":"Определение аспартатаминотрансферазы (АСаТ) в сыворотке крови на анализаторе","FullName":"B03.293.002 - Определение аспартатаминотрансферазы (АСаТ) в сыворотке крови на анализаторе","Code":"B03.293.002","ExternalCode":null,"ServiceClassID":5,"ServiceClass":{"ServiceTypeID":2,"OrderBy":5,"MasterDataID":5,"NameRU":"Клиническая химия (биохимия)","NameKZ":"Клиникалық химия (биохимия)","Name":"Клиническая химия (биохимия)","PublicCode":"500","EndDate":null,"ID":"5","StrID":"5"},"Service":{"NameRU":"Определение аспартатаминотрансферазы (АСаТ) в сыворотке крови на анализаторе","NameKZ":"Қан сарысуындағы аспартатаминотрансферазды (АСаТ) талдауышта анықтау","Name":"Определение аспартатаминотрансферазы (АСаТ) в сыворотке крови на анализаторе","ShortNameRU":"АСаТ на анализаторе","ShortNameKZ":"АСаТ на анализаторе","ShortName":"АСаТ на анализаторе","FullName":"B03.293.002 - Определение аспартатаминотрансферазы (АСаТ) в сыворотке крови на анализаторе","Code":"B03.293.002","ServiceClassID":5,"ServiceClass":null,"ServiceSubClassID":6,"ServiceSubClass":null,"MaterialTypeID":202,"MaterialType":null,"MasterDataID":3097,"ID":"256","StrID":"256"},"MasterDataID":8269465,"ServiceSubClassID":6,"PayType":1,"ServiceSubClass":null,"ID":"2163651","StrID":"2163651"},"FullName":"B03.293.002 - Определение аспартатаминотрансферазы (АСаТ) в сыворотке крови на анализаторе  () ","IsMain":true,"SourceID":"145116163_34016610","WorkPlaceID":20747,"WorkPlace":null,"DriverManager":null,"ParameterID":null,"Parameter":null,"AdditionalInfo":null,"Status":1,"PerformetServiceCount":7,"ResearchResultCount":0,"ApproveResearchResultCount":0,"NotSaveResearchResultCount":0,"ParentID":null,"ScreeningCandidatePlanGuid":null,"ScreeningUrl":null,"TakePlace":null,"MaterialTypeID":null,"MaterialType":null,"PartCount":0,"IsOrderProductionControl":false,"Uid":"fefcc956-efa8-4c05-b114-4f27088b592f","OrderPerformerServices":[],"OrderResearchAllergens":[],"Results":[],"IsResumed":false,"ExecutionType":0,"ID":"67151405","StrID":"67151405"},"ParameterID":200408,"Parameter":{"ShortNameRU":"АСаТ","ShortNameKZ":"АСаТ","ShortName":"АСаТ","DataType":0,"DataTypeName":"Число","UnitTypeID":100030,"UnitType":null,"MedicalFormID":null,"MasterDataID":0,"MedicalForm":null,"NameWithDataType":"АСаТ  (Число)","NameRU":"АСаТ","NameKZ":"АСаТ","Name":"АСаТ","PublicCode":"20040800","EndDate":null,"ID":"200408","StrID":"200408"},"ParameterValues":null,"ParameterValueID":null,"ParameterValue":null,"ResultText":"15.64","ResultValue":"15.64","ResultDate":"2026-09-02T10:46:58.6668904+05:00","PostID":"189416","Post":null,"ExecuteMethod":2,"SourceResultText":"15.64","SourceResultValue":"15.64","SourceResultExpression":null,"SourceUnitTypeID":100030,"SourceUnitType":{"OrderBy":31,"MasterDataID":null,"CDD_ID":null,"NameRU":"МЕ/л","NameKZ":"ХБ/л","Name":"МЕ/л","PublicCode":"10003000","EndDate":null,"ID":"100030","StrID":"100030"},"MultiplierID":null,"IsApproved":false,"IsValidated":false,"StandardMatchType":0,"ApproveDate":null,"ApprovePostID":null,"ApprovePost":null,"OrderNum":1,"WorkPlaceID":20747,"OrderID":null,"BacteriologyResult":null,"AnalyzerId":38,"IsOrderProductionControl":false,"ID":"207375569","StrID":"207375569"}
02.09.2026 10:46:57	Information:	Result object to save: 
02.09.2026 10:46:57	Information:	{"OrderResearchID":67151409,"OrderResearch":null,"ParameterID":201306,"Parameter":{"ShortNameRU":"ЩФ","ShortNameKZ":"СФ","ShortName":"ЩФ","DataType":0,"DataTypeName":"Число","UnitTypeID":100030,"UnitType":{"NameRU":"МЕ/л","NameKZ":"ХБ/л","Name":"МЕ/л","PublicCode":"10003000","OrderBy":31,"ID":100030,"StrID":"100030"},"MedicalFormID":null,"MedicalForm":null,"NameRU":"ЩФ","NameKZ":"СФ","Name":"ЩФ","PublicCode":"20130600","OrderBy":null,"ID":201306,"StrID":"201306"},"ParameterValueID":null,"ParameterValue":null,"ResultText":"85.59","ResultValue":null,"ResultDate":"2026-09-02T10:46:58.1387791+05:00","PostID":0,"Post":null,"ExecuteMethod":2,"SourceResultText":"85.59","SourceResultValue":null,"SourceResultExpression":null,"SourceUnitTypeID":100030,"SourceUnitType":{"NameRU":"МЕ/л","NameKZ":"ХБ/л","Name":"МЕ/л","PublicCode":"10003000","OrderBy":31,"ID":100030,"StrID":"100030"},"IsApproved":false,"ApproveDate":null,"ApprovePostID":null,"ApprovePost":null,"OrderNum":1,"WorkPlaceID":20747,"DriverManagerID":150,"BacteriologyResult":null,"AnalyzerId":38,"IsOrderProductionControl":false,"ID":0,"StrID":"0"}
02.09.2026 10:46:57	Information:	Save string: 
02.09.2026 10:46:57	Information:	{"OrderResearchID":67151409,"OrderResearch":{"OrderID":31158744,"ServiceMoID":2163676,"ServiceMoMasterDataID":8269466,"ServiceMo":{"OrgHealthCareID":"45500000000000909","ServiceID":257,"NameRU":"Определение щелочной фосфатазы в сыворотке крови на анализаторе","NameKZ":"Қан сарысуындағы сілтілік фосфатазаны талдауышта анықтау ","Name":"Определение щелочной фосфатазы в сыворотке крови на анализаторе","ShortNameRU":"Определение щелочной фосфатазы в сыворотке крови на анализаторе","ShortNameKZ":"Қан сарысуындағы сілтілік фосфатазаны талдауышта анықтау ","ShortName":"Определение щелочной фосфатазы в сыворотке крови на анализаторе","FullName":"B03.526.002 - Определение щелочной фосфатазы в сыворотке крови на анализаторе","Code":"B03.526.002","ExternalCode":null,"ServiceClassID":5,"ServiceClass":{"ServiceTypeID":2,"OrderBy":5,"MasterDataID":5,"NameRU":"Клиническая химия (биохимия)","NameKZ":"Клиникалық химия (биохимия)","Name":"Клиническая химия (биохимия)","PublicCode":"500","EndDate":null,"ID":"5","StrID":"5"},"Service":{"NameRU":"Определение щелочной фосфатазы в сыворотке крови на анализаторе","NameKZ":"Қан сарысуындағы сілтілік фосфатазаны талдауышта анықтау","Name":"Определение щелочной фосфатазы в сыворотке крови на анализаторе","ShortNameRU":"ЩФ на анализаторе","ShortNameKZ":"ЩФ на анализаторе","ShortName":"ЩФ на анализаторе","FullName":"B03.526.002 - Определение щелочной фосфатазы в сыворотке крови на анализаторе","Code":"B03.526.002","ServiceClassID":5,"ServiceClass":null,"ServiceSubClassID":6,"ServiceSubClass":null,"MaterialTypeID":202,"MaterialType":null,"MasterDataID":3098,"ID":"257","StrID":"257"},"MasterDataID":8269466,"ServiceSubClassID":6,"PayType":1,"ServiceSubClass":null,"ID":"2163676","StrID":"2163676"},"FullName":"B03.526.002 - Определение щелочной фосфатазы в сыворотке крови на анализаторе  () ","IsMain":true,"SourceID":"145116163_34016615","WorkPlaceID":20747,"WorkPlace":null,"DriverManager":null,"ParameterID":null,"Parameter":null,"AdditionalInfo":null,"Status":1,"PerformetServiceCount":0,"ResearchResultCount":0,"ApproveResearchResultCount":0,"NotSaveResearchResultCount":0,"ParentID":null,"ScreeningCandidatePlanGuid":null,"ScreeningUrl":null,"TakePlace":null,"MaterialTypeID":null,"MaterialType":null,"PartCount":0,"IsOrderProductionControl":false,"Uid":"93ac7ec0-df03-40e6-8571-85696ecd5ebf","OrderPerformerServices":[],"OrderResearchAllergens":[],"Results":[],"IsResumed":false,"ExecutionType":0,"ID":"67151409","StrID":"67151409"},"ParameterID":201306,"Parameter":{"ShortNameRU":"ЩФ","ShortNameKZ":"СФ","ShortName":"ЩФ","DataType":0,"DataTypeName":"Число","UnitTypeID":100030,"UnitType":null,"MedicalFormID":null,"MasterDataID":0,"MedicalForm":null,"NameWithDataType":"ЩФ  (Число)","NameRU":"ЩФ","NameKZ":"СФ","Name":"ЩФ","PublicCode":"20130600","EndDate":null,"ID":"201306","StrID":"201306"},"ParameterValues":null,"ParameterValueID":null,"ParameterValue":null,"ResultText":"85.59","ResultValue":"85.59","ResultDate":"2026-09-02T10:46:58.7224594+05:00","PostID":"189416","Post":null,"ExecuteMethod":2,"SourceResultText":"85.59","SourceResultValue":"85.59","SourceResultExpression":null,"SourceUnitTypeID":100030,"SourceUnitType":{"OrderBy":31,"MasterDataID":null,"CDD_ID":null,"NameRU":"МЕ/л","NameKZ":"ХБ/л","Name":"МЕ/л","PublicCode":"10003000","EndDate":null,"ID":"100030","StrID":"100030"},"MultiplierID":null,"IsApproved":false,"IsValidated":false,"StandardMatchType":0,"ApproveDate":null,"ApprovePostID":null,"ApprovePost":null,"OrderNum":1,"WorkPlaceID":20747,"OrderID":null,"BacteriologyResult":null,"AnalyzerId":38,"IsOrderProductionControl":false,"ID":"207375570","StrID":"207375570"}
02.09.2026 10:46:57	Information:	Result object to save: 
02.09.2026 10:46:57	Information:	{"OrderResearchID":67151410,"OrderResearch":null,"ParameterID":200905,"Parameter":{"ShortNameRU":"общая ɑ-амилаза в сыворотке крови (анализатор)","ShortNameKZ":"қандағы жалпы ɑ-амилаза (анализатор)","ShortName":"общая ɑ-амилаза в сыворотке крови (анализатор)","DataType":0,"DataTypeName":"Число","UnitTypeID":100030,"UnitType":{"NameRU":"МЕ/л","NameKZ":"ХБ/л","Name":"МЕ/л","PublicCode":"10003000","OrderBy":31,"ID":100030,"StrID":"100030"},"MedicalFormID":null,"MedicalForm":null,"NameRU":"общая ɑ-амилаза в сыворотке крови (анализатор)","NameKZ":"қандағы жалпы ɑ-амилаза (анализатор)","Name":"общая ɑ-амилаза в сыворотке крови (анализатор)","PublicCode":"20090500","OrderBy":null,"ID":200905,"StrID":"200905"},"ParameterValueID":null,"ParameterValue":null,"ResultText":"55.05","ResultValue":null,"ResultDate":"2026-09-02T10:46:58.1437956+05:00","PostID":0,"Post":null,"ExecuteMethod":2,"SourceResultText":"55.05","SourceResultValue":null,"SourceResultExpression":null,"SourceUnitTypeID":100030,"SourceUnitType":{"NameRU":"МЕ/л","NameKZ":"ХБ/л","Name":"МЕ/л","PublicCode":"10003000","OrderBy":31,"ID":100030,"StrID":"100030"},"IsApproved":false,"ApproveDate":null,"ApprovePostID":null,"ApprovePost":null,"OrderNum":1,"WorkPlaceID":20747,"DriverManagerID":150,"BacteriologyResult":null,"AnalyzerId":38,"IsOrderProductionControl":false,"ID":0,"StrID":"0"}
02.09.2026 10:46:57	Information:	Save string: 
02.09.2026 10:46:57	Information:	{"OrderResearchID":67151410,"OrderResearch":{"OrderID":31158744,"ServiceMoID":2163851,"ServiceMoMasterDataID":8269473,"ServiceMo":{"OrgHealthCareID":"45500000000000909","ServiceID":264,"NameRU":"Определение общей альфа-амилазы в сыворотке крови на анализаторе","NameKZ":"Қан сарысуындағы жалпы  альфа-амилазаны талдауышта анықтау ","Name":"Определение общей альфа-амилазы в сыворотке крови на анализаторе","ShortNameRU":"Определение общей альфа-амилазы в сыворотке крови на анализаторе","ShortNameKZ":"Қан сарысуындағы жалпы  альфа-амилазаны талдауышта анықтау ","ShortName":"Определение общей альфа-амилазы в сыворотке крови на анализаторе","FullName":"B03.403.002 - Определение общей альфа-амилазы в сыворотке крови на анализаторе","Code":"B03.403.002","ExternalCode":null,"ServiceClassID":5,"ServiceClass":{"ServiceTypeID":2,"OrderBy":5,"MasterDataID":5,"NameRU":"Клиническая химия (биохимия)","NameKZ":"Клиникалық химия (биохимия)","Name":"Клиническая химия (биохимия)","PublicCode":"500","EndDate":null,"ID":"5","StrID":"5"},"Service":{"NameRU":"Определение общей альфа-амилазы в сыворотке крови на анализаторе","NameKZ":"Қан сарысуындағы жалпы альфа-амилазаны талдауышта анықтау","Name":"Определение общей альфа-амилазы в сыворотке крови на анализаторе","ShortNameRU":"Общая ɑ-амилаза на анализаторе","ShortNameKZ":"Общая ɑ-амилаза на анализаторе","ShortName":"Общая ɑ-амилаза на анализаторе","FullName":"B03.403.002 - Определение общей альфа-амилазы в сыворотке крови на анализаторе","Code":"B03.403.002","ServiceClassID":5,"ServiceClass":null,"ServiceSubClassID":6,"ServiceSubClass":null,"MaterialTypeID":202,"MaterialType":null,"MasterDataID":3105,"ID":"264","StrID":"264"},"MasterDataID":8269473,"ServiceSubClassID":6,"PayType":1,"ServiceSubClass":null,"ID":"2163851","StrID":"2163851"},"FullName":"B03.403.002 - Определение общей альфа-амилазы в сыворотке крови на анализаторе  () ","IsMain":true,"SourceID":"145116163_34016612","WorkPlaceID":20747,"WorkPlace":null,"DriverManager":null,"ParameterID":null,"Parameter":null,"AdditionalInfo":null,"Status":1,"PerformetServiceCount":5,"ResearchResultCount":0,"ApproveResearchResultCount":0,"NotSaveResearchResultCount":0,"ParentID":null,"ScreeningCandidatePlanGuid":null,"ScreeningUrl":null,"TakePlace":null,"MaterialTypeID":null,"MaterialType":null,"PartCount":0,"IsOrderProductionControl":false,"Uid":"fdedbd11-4b38-44cd-97a3-d70b2fffb01e","OrderPerformerServices":[],"OrderResearchAllergens":[],"Results":[],"IsResumed":false,"ExecutionType":0,"ID":"67151410","StrID":"67151410"},"ParameterID":200905,"Parameter":{"ShortNameRU":"общая ɑ-амилаза в сыворотке крови (анализатор)","ShortNameKZ":"қандағы жалпы ɑ-амилаза (анализатор)","ShortName":"общая ɑ-амилаза в сыворотке крови (анализатор)","DataType":0,"DataTypeName":"Число","UnitTypeID":100030,"UnitType":null,"MedicalFormID":null,"MasterDataID":0,"MedicalForm":null,"NameWithDataType":"общая ɑ-амилаза в сыворотке крови (анализатор)  (Число)","NameRU":"общая ɑ-амилаза в сыворотке крови (анализатор)","NameKZ":"қандағы жалпы ɑ-амилаза (анализатор)","Name":"общая ɑ-амилаза в сыворотке крови (анализатор)","PublicCode":"20090500","EndDate":null,"ID":"200905","StrID":"200905"},"ParameterValues":null,"ParameterValueID":null,"ParameterValue":null,"ResultText":"55.05","ResultValue":"55.05","ResultDate":"2026-09-02T10:46:58.8132701+05:00","PostID":"189416","Post":null,"ExecuteMethod":2,"SourceResultText":"55.05","SourceResultValue":"55.05","SourceResultExpression":null,"SourceUnitTypeID":100030,"SourceUnitType":{"OrderBy":31,"MasterDataID":null,"CDD_ID":null,"NameRU":"МЕ/л","NameKZ":"ХБ/л","Name":"МЕ/л","PublicCode":"10003000","EndDate":null,"ID":"100030","StrID":"100030"},"MultiplierID":null,"IsApproved":false,"IsValidated":false,"StandardMatchType":0,"ApproveDate":null,"ApprovePostID":null,"ApprovePost":null,"OrderNum":1,"WorkPlaceID":20747,"OrderID":null,"BacteriologyResult":null,"AnalyzerId":38,"IsOrderProductionControl":false,"ID":"207375571","StrID":"207375571"}
02.09.2026 10:46:57	Information:	Result object to save: 
02.09.2026 10:46:57	Information:	{"OrderResearchID":67151411,"OrderResearch":null,"ParameterID":200549,"Parameter":{"ShortNameRU":"глюкоза в сыворотке крови","ShortNameKZ":"қан сарысуындағы глюкоза","ShortName":"глюкоза в сыворотке крови","DataType":0,"DataTypeName":"Число","UnitTypeID":100051,"UnitType":{"NameRU":"ммоль/л","NameKZ":"ммоль/л","Name":"ммоль/л","PublicCode":"10005100","OrderBy":52,"ID":100051,"StrID":"100051"},"MedicalFormID":null,"MedicalForm":null,"NameRU":"глюкоза в сыворотке крови","NameKZ":"қан сарысуындағы глюкоза","Name":"глюкоза в сыворотке крови","PublicCode":"20054900","OrderBy":null,"ID":200549,"StrID":"200549"},"ParameterValueID":null,"ParameterValue":null,"ResultText":"4.55","ResultValue":null,"ResultDate":"2026-09-02T10:46:58.1437956+05:00","PostID":0,"Post":null,"ExecuteMethod":2,"SourceResultText":"4.55","SourceResultValue":null,"SourceResultExpression":null,"SourceUnitTypeID":100051,"SourceUnitType":{"NameRU":"ммоль/л","NameKZ":"ммоль/л","Name":"ммоль/л","PublicCode":"10005100","OrderBy":52,"ID":100051,"StrID":"100051"},"IsApproved":false,"ApproveDate":null,"ApprovePostID":null,"ApprovePost":null,"OrderNum":1,"WorkPlaceID":20747,"DriverManagerID":150,"BacteriologyResult":null,"AnalyzerId":38,"IsOrderProductionControl":false,"ID":0,"StrID":"0"}
02.09.2026 10:46:57	Information:	Save string: 
02.09.2026 10:46:57	Information:	{"OrderResearchID":67151411,"OrderResearch":{"OrderID":31158744,"ServiceMoID":2164501,"ServiceMoMasterDataID":8269499,"ServiceMo":{"OrgHealthCareID":"45500000000000909","ServiceID":290,"NameRU":"Определение глюкозы в сыворотке крови на анализаторе","NameKZ":"Қан сарысуындағы глюкозаны талдауышта анықтау ","Name":"Определение глюкозы в сыворотке крови на анализаторе","ShortNameRU":"Определение глюкозы в сыворотке крови на анализаторе","ShortNameKZ":"Қан сарысуындағы глюкозаны талдауышта анықтау ","ShortName":"Определение глюкозы в сыворотке крови на анализаторе","FullName":"B03.335.002 - Определение глюкозы в сыворотке крови на анализаторе","Code":"B03.335.002","ExternalCode":null,"ServiceClassID":5,"ServiceClass":{"ServiceTypeID":2,"OrderBy":5,"MasterDataID":5,"NameRU":"Клиническая химия (биохимия)","NameKZ":"Клиникалық химия (биохимия)","Name":"Клиническая химия (биохимия)","PublicCode":"500","EndDate":null,"ID":"5","StrID":"5"},"Service":{"NameRU":"Определение глюкозы в сыворотке крови на анализаторе","NameKZ":"Қан сарысуындағы глюкозаны талдауышта анықтау","Name":"Определение глюкозы в сыворотке крови на анализаторе","ShortNameRU":"Глюкоза в сыворотке крови на анализаторе","ShortNameKZ":"Глюкоза в сыворотке крови на анализаторе","ShortName":"Глюкоза в сыворотке крови на анализаторе","FullName":"B03.335.002 - Определение глюкозы в сыворотке крови на анализаторе","Code":"B03.335.002","ServiceClassID":5,"ServiceClass":null,"ServiceSubClassID":6,"ServiceSubClass":null,"MaterialTypeID":202,"MaterialType":null,"MasterDataID":3131,"ID":"290","StrID":"290"},"MasterDataID":8269499,"ServiceSubClassID":6,"PayType":1,"ServiceSubClass":null,"ID":"2164501","StrID":"2164501"},"FullName":"B03.335.002 - Определение глюкозы в сыворотке крови на анализаторе  () ","IsMain":true,"SourceID":"145116163_34016611","WorkPlaceID":20747,"WorkPlace":null,"DriverManager":null,"ParameterID":null,"Parameter":null,"AdditionalInfo":null,"Status":1,"PerformetServiceCount":7,"ResearchResultCount":0,"ApproveResearchResultCount":0,"NotSaveResearchResultCount":0,"ParentID":null,"ScreeningCandidatePlanGuid":null,"ScreeningUrl":null,"TakePlace":null,"MaterialTypeID":null,"MaterialType":null,"PartCount":0,"IsOrderProductionControl":false,"Uid":"72546394-75b1-4cda-8f2b-17ed5f4586dc","OrderPerformerServices":[],"OrderResearchAllergens":[],"Results":[],"IsResumed":false,"ExecutionType":0,"ID":"67151411","StrID":"67151411"},"ParameterID":200549,"Parameter":{"ShortNameRU":"глюкоза в сыворотке крови","ShortNameKZ":"қан сарысуындағы глюкоза","ShortName":"глюкоза в сыворотке крови","DataType":0,"DataTypeName":"Число","UnitTypeID":100051,"UnitType":null,"MedicalFormID":null,"MasterDataID":0,"MedicalForm":null,"NameWithDataType":"глюкоза в сыворотке крови  (Число)","NameRU":"глюкоза в сыворотке крови","NameKZ":"қан сарысуындағы глюкоза","Name":"глюкоза в сыворотке крови","PublicCode":"20054900","EndDate":null,"ID":"200549","StrID":"200549"},"ParameterValues":null,"ParameterValueID":null,"ParameterValue":null,"ResultText":"4.55","ResultValue":"4.55","ResultDate":"2026-09-02T10:46:58.9442509+05:00","PostID":"189416","Post":null,"ExecuteMethod":2,"SourceResultText":"4.55","SourceResultValue":"4.55","SourceResultExpression":null,"SourceUnitTypeID":100051,"SourceUnitType":{"OrderBy":52,"MasterDataID":null,"CDD_ID":null,"NameRU":"ммоль/л","NameKZ":"ммоль/л","Name":"ммоль/л","PublicCode":"10005100","EndDate":null,"ID":"100051","StrID":"100051"},"MultiplierID":null,"IsApproved":false,"IsValidated":false,"StandardMatchType":0,"ApproveDate":null,"ApprovePostID":null,"ApprovePost":null,"OrderNum":1,"WorkPlaceID":20747,"OrderID":null,"BacteriologyResult":null,"AnalyzerId":38,"IsOrderProductionControl":false,"ID":"207375573","StrID":"207375573"}
02.09.2026 10:46:58	Information:	Result object to save: 
02.09.2026 10:46:58	Information:	{"OrderResearchID":67151412,"OrderResearch":null,"ParameterID":201150,"Parameter":{"ShortNameRU":"СРБ","ShortNameKZ":"СРА","ShortName":"СРБ","DataType":0,"DataTypeName":"Число","UnitTypeID":100026,"UnitType":{"NameRU":"мг/л","NameKZ":"мг/л","Name":"мг/л","PublicCode":"10002600","OrderBy":27,"ID":100026,"StrID":"100026"},"MedicalFormID":null,"MedicalForm":null,"NameRU":"СРБ","NameKZ":"СРА","Name":"СРБ","PublicCode":"20115000","OrderBy":null,"ID":201150,"StrID":"201150"},"ParameterValueID":null,"ParameterValue":null,"ResultText":"0.75","ResultValue":null,"ResultDate":"2026-09-02T10:46:58.1437956+05:00","PostID":0,"Post":null,"ExecuteMethod":2,"SourceResultText":"0.75","SourceResultValue":null,"SourceResultExpression":null,"SourceUnitTypeID":100026,"SourceUnitType":{"NameRU":"мг/л","NameKZ":"мг/л","Name":"мг/л","PublicCode":"10002600","OrderBy":27,"ID":100026,"StrID":"100026"},"IsApproved":false,"ApproveDate":null,"ApprovePostID":null,"ApprovePost":null,"OrderNum":1,"WorkPlaceID":20747,"DriverManagerID":150,"BacteriologyResult":null,"AnalyzerId":38,"IsOrderProductionControl":false,"ID":0,"StrID":"0"}
02.09.2026 10:46:58	Information:	Save string: 
02.09.2026 10:46:58	Information:	{"OrderResearchID":67151412,"OrderResearch":{"OrderID":31158744,"ServiceMoID":2164726,"ServiceMoMasterDataID":8269508,"ServiceMo":{"OrgHealthCareID":"45500000000000909","ServiceID":299,"NameRU":"Определение «C» реактивного белка (СРБ) в сыворотке крови количественно","NameKZ":"Қан сарысуында \"C\" реактивті нәруызын сандық анықтау","Name":"Определение «C» реактивного белка (СРБ) в сыворотке крови количественно","ShortNameRU":"Определение «C» реактивного белка (СРБ) в сыворотке крови количественно","ShortNameKZ":"Қан сарысуында \"C\" реактивті нәруызын сандық анықтау","ShortName":"Определение «C» реактивного белка (СРБ) в сыворотке крови количественно","FullName":"B03.115.002 - Определение «C» реактивного белка (СРБ) в сыворотке крови количественно","Code":"B03.115.002","ExternalCode":null,"ServiceClassID":5,"ServiceClass":{"ServiceTypeID":2,"OrderBy":5,"MasterDataID":5,"NameRU":"Клиническая химия (биохимия)","NameKZ":"Клиникалық химия (биохимия)","Name":"Клиническая химия (биохимия)","PublicCode":"500","EndDate":null,"ID":"5","StrID":"5"},"Service":{"NameRU":"Определение «C» реактивного белка (СРБ) в сыворотке крови количественно","NameKZ":"Қан сарысуында \"C\" реактивті нәруызын сандық анықтау","Name":"Определение «C» реактивного белка (СРБ) в сыворотке крови количественно","ShortNameRU":"СРБ на анализаторе","ShortNameKZ":"СРБ на анализаторе","ShortName":"СРБ на анализаторе","FullName":"B03.115.002 - Определение «C» реактивного белка (СРБ) в сыворотке крови количественно","Code":"B03.115.002","ServiceClassID":5,"ServiceClass":null,"ServiceSubClassID":6,"ServiceSubClass":null,"MaterialTypeID":202,"MaterialType":null,"MasterDataID":3140,"ID":"299","StrID":"299"},"MasterDataID":8269508,"ServiceSubClassID":6,"PayType":1,"ServiceSubClass":null,"ID":"2164726","StrID":"2164726"},"FullName":"B03.115.002 - Определение «C» реактивного белка (СРБ) в сыворотке крови количественно  () ","IsMain":true,"SourceID":"145116163_34016617","WorkPlaceID":20747,"WorkPlace":null,"DriverManager":null,"ParameterID":null,"Parameter":null,"AdditionalInfo":null,"Status":1,"PerformetServiceCount":7,"ResearchResultCount":0,"ApproveResearchResultCount":0,"NotSaveResearchResultCount":0,"ParentID":null,"ScreeningCandidatePlanGuid":null,"ScreeningUrl":null,"TakePlace":null,"MaterialTypeID":null,"MaterialType":null,"PartCount":0,"IsOrderProductionControl":false,"Uid":"586bd131-3b44-4ced-9edd-bc572053d144","OrderPerformerServices":[],"OrderResearchAllergens":[],"Results":[],"IsResumed":false,"ExecutionType":0,"ID":"67151412","StrID":"67151412"},"ParameterID":201150,"Parameter":{"ShortNameRU":"СРБ","ShortNameKZ":"СРА","ShortName":"СРБ","DataType":0,"DataTypeName":"Число","UnitTypeID":100026,"UnitType":null,"MedicalFormID":null,"MasterDataID":0,"MedicalForm":null,"NameWithDataType":"СРБ  (Число)","NameRU":"СРБ","NameKZ":"СРА","Name":"СРБ","PublicCode":"20115000","EndDate":null,"ID":"201150","StrID":"201150"},"ParameterValues":null,"ParameterValueID":null,"ParameterValue":null,"ResultText":"0.75","ResultValue":"0.75","ResultDate":"2026-09-02T10:46:59.0020836+05:00","PostID":"189416","Post":null,"ExecuteMethod":2,"SourceResultText":"0.75","SourceResultValue":"0.75","SourceResultExpression":null,"SourceUnitTypeID":100026,"SourceUnitType":{"OrderBy":27,"MasterDataID":null,"CDD_ID":null,"NameRU":"мг/л","NameKZ":"мг/л","Name":"мг/л","PublicCode":"10002600","EndDate":null,"ID":"100026","StrID":"100026"},"MultiplierID":null,"IsApproved":false,"IsValidated":false,"StandardMatchType":0,"ApproveDate":null,"ApprovePostID":null,"ApprovePost":null,"OrderNum":1,"WorkPlaceID":20747,"OrderID":null,"BacteriologyResult":null,"AnalyzerId":38,"IsOrderProductionControl":false,"ID":"207375574","StrID":"207375574"}
02.09.2026 10:46:58	Debug:	 SendResults SaveDeviceResults = 767 ms
02.09.2026 10:46:58	Debug:	 total for SendResults = 1077 ms
02.09.2026 10:47:31	Information:	url https://lab-vko.dmed.kz/ /api/DriverManager/PingDevice
02.09.2026 10:47:31	Information:	{
"Hash": "w9LjvpRCyoByGV3Lzv0iX9dSI0tLK0uV+pRojL1kufc=",
"Status": 0
}


02.09.2026 10:47:31	Information:	Ping ret is {"Status":0,"Comment":null}
02.09.2026 10:49:25	Information:	Received bytes(encoded):MSH|^~\&|||||20260902104826||ORU^R01|125|P|2.3.1||||0||ASCII|||PID|87|||||||O|||||||||||||||||||||||OBR|87|51566844|15|^|N|20260902100914|20260902100847|20260902100847||1^14||||20260902100847|????|||||||||||||||||||||||||||||||||OBX|1|NM|CREA-S|Creatinine (Sarcosine Oxidase Method)|2916.392973|?mol/L|-|N|||F||2916.392973|20260902104826|||0||
02.09.2026 10:49:25	Information:	Add Frame:
02.09.2026 10:49:25	Information:	MSH|^~\&|||||20260902104826||ORU^R01|125|P|2.3.1||||0||ASCII|||
02.09.2026 10:49:25	Information:	In Header
02.09.2026 10:49:25	Information:	MessageType: ORU
02.09.2026 10:49:25	Information:	After message type
02.09.2026 10:49:25	Information:	After ask
02.09.2026 10:49:25	Information:	After version
02.09.2026 10:49:25	Information:	Add Frame:
02.09.2026 10:49:25	Information:	PID|87|||||||O|||||||||||||||||||||||
02.09.2026 10:49:25	Information:	Add Frame:
02.09.2026 10:49:25	Information:	OBR|87|51566844|15|^|N|20260902100914|20260902100847|20260902100847||1^14||||20260902100847|????|||||||||||||||||||||||||||||||||
02.09.2026 10:49:25	Information:	Add Frame:
02.09.2026 10:49:25	Information:	OBX|1|NM|CREA-S|Creatinine (Sarcosine Oxidase Method)|2916.392973|?mol/L|-|N|||F||2916.392973|20260902104826|||0||
02.09.2026 10:49:25	Information:	Add Frame:
02.09.2026 10:49:25	Information:	
02.09.2026 10:49:25	Debug:	read message: 12ms
02.09.2026 10:49:25	Information:	The answer message is created successfully
02.09.2026 10:49:25	Information:	Sending answer...
02.09.2026 10:49:25	Information:	We are in ORU Message
02.09.2026 10:49:25	Information:	MSH MSH|^~\&|||||20260902104826||ORU^R01|125|P|2.3.1||||0||ASCII||||
02.09.2026 10:49:25	Information:	PID PID|87|||||||O||||||||||||||||||||||||
02.09.2026 10:49:25	Information:	PatientRecord in message is successfully  processed
02.09.2026 10:49:25	Information:	The patient order is successfully processed
02.09.2026 10:49:25	Information:	The order record is successfully processed
02.09.2026 10:49:25	Information:	The ORU message is successfully processed
02.09.2026 10:49:25	Debug:	Process message: 4ms
02.09.2026 10:49:25	Debug:	Total time : 17ms
02.09.2026 10:49:26	Information:	Sended bytes:  11 77 83 72 124 94 126 92 38 124 77 105 110 100 114 97 121 124 124 124 124 50 48 50 54 48 57 48 50 49 48 52 57 50 53 124 124 65 67 75 94 82 48 49 124 49 50 53 124 80 124 50 46 51 46 49 124 124 124 124 48 124 124 117 115 45 97 115 99 105 105 124 124 124 13 77 83 65 124 65 65 124 49 50 53 124 77 101 115 115 97 103 101 32 97 99 99 101 112 116 101 100 124 124 124 48 124 13 28 13
02.09.2026 10:49:26	Information:	Sended string MSH|^~\&|Mindray||||20260902104925||ACK^R01|125|P|2.3.1||||0||us-ascii|||MSA|AA|125|Message accepted|||0|
02.09.2026 10:49:28	Debug:	SendResults:	check DriverRequests=	0	ms
02.09.2026 10:49:28	Information:	ByBarcode 51566844
02.09.2026 10:49:28	Information:	GetLinesByBarcodes
02.09.2026 10:49:28	Information:	{
"WorkPlaceID": 20747,
"BeginDate": "2026-06-03",
"EndDate": "2026-09-03",
"OrderNumber": "51566844",
"Offset": 0,
"Limit": 1
}


02.09.2026 10:49:28	Information:	GetByBarcodeReturn: 
02.09.2026 10:49:28	Information:	{"Data":[{"ID":31153429,"StrID":"31153429","OrderNumber":"51566844","OrderRegDate":"2026-09-02T06:06:00.62","PlanExecutionDate":"2026-09-02T06:05:00","SenderMoID":45500000000000909,"SenderMo":{"NameRU":"Некоммерческое акционерное общество \"Медицинский университет Семей\"","NameKZ":"\"Семей медицина университеті\" коммерциялық емес акционерлік қоғамы","Name":"Некоммерческое акционерное общество \"Медицинский университет Семей\"","ShortNameRU":"НАО \"МУС\"","ShortNameKZ":"\"СМУ\" КеАҚ","ShortName":"НАО \"МУС\"","PublicCode":"237J","AddressRU":"ВКО, г. Семей, ул. Абая Кунанбаева 103","AddressKZ":"ВКО, г. Семей, ул. Абая Кунанбаева 103","Address":"ВКО, г. Семей, ул. Абая Кунанбаева 103","OriginalID":"45500000000000909","IsWork":true,"RegionID":20,"BIN":"190240004938","MasterDataID":4911,"PhonesData":{"OrgHealthCarePhones":[]},"IsPostmortem":false,"IsHospital":true,"Code":null,"ID":"45500000000000909","StrID":"45500000000000909"},"ReceiverMoID":45500000000000909,"ReceiverMo":null,"PatientDetailID":40980281,"PatientDetail":{"PersonID":"2308715","Person":{"IIN":"250313550011","LastName":"ОРАЗХАН","FirstName":"ӘБДІРАХМАН","SecondName":"МАҚСАТҰЛЫ","FullName":"ОРАЗХАН ӘБДІРАХМАН МАҚСАТҰЛЫ","FullNameIOF":"ӘБДІРАХМАН МАҚСАТҰЛЫ ОРАЗХАН","DisplayText":"250313550011 ӘБДІРАХМАН МАҚСАТҰЛЫ ОРАЗХАН 13.03.2025","IinFullName":"250313550011 - ОРАЗХАН ӘБДІРАХМАН МАҚСАТҰЛЫ","BirthDate":"2025-03-13T00:00:00","BirthDateStr":"13.03.2025","DeathDate":null,"DeathDateStr":"","BioSexID":3,"BioSex":null,"NationalityID":null,"Nationality":null,"CitizenshipID":85,"Citizenship":null,"MasterDataID":149885737,"RpnID":"15300000056533415","KmisID":"60300000001795036","Type":1,"Age":0,"IsStillborn":false,"IsEarlyNeonatalDeathUp28days":false,"IsDeadPerson":false,"ID":"2308715","StrID":"2308715"},"AddressRU":"РЕСПУБЛИКА: Казахстан , ОБЛАСТЬ: Абайская , ГОРОД ОБЛ.ЗНАЧ.: Семей , УЛИЦА: РОДНИКОВАЯ, ДОМ: д. 13","AddressKZ":": Қазақстан , : Абай , : Семей Қ. , РОДНИКОВАЯ көшесі, ҮЙ: д. 13","Address":"РЕСПУБЛИКА: Казахстан , ОБЛАСТЬ: Абайская , ГОРОД ОБЛ.ЗНАЧ.: Семей , УЛИЦА: РОДНИКОВАЯ, ДОМ: д. 13","MasterDataAddressID":2682254,"WorkPlace":"н/о","WorkPosition":null,"DocumentNumber":null,"DocumentTypeID":null,"DocumentType":null,"NationalityID":null,"DocumentTypeName":null,"Phones":"+7 (707) 683-39-69","ExternalCardID":"5962473","CardType":1,"CardNumber":"65820","CitizenshipCategoryID":1,"CitizenshipCategory":null,"ResidenceTypeID":3,"ResidenceType":null,"MotherPersonID":243705,"MotherPerson":null,"IsForeigner":false,"IsHomeless":false,"IsDeadPerson":false,"IsResident":true,"ID":"40980281","StrID":"40980281"},"Person":{"IIN":"250313550011","LastName":"ОРАЗХАН","FirstName":"ӘБДІРАХМАН","SecondName":"МАҚСАТҰЛЫ","FullName":"ОРАЗХАН ӘБДІРАХМАН МАҚСАТҰЛЫ","FullNameIOF":"ӘБДІРАХМАН МАҚСАТҰЛЫ ОРАЗХАН","DisplayText":"250313550011 ӘБДІРАХМАН МАҚСАТҰЛЫ ОРАЗХАН 13.03.2025","IinFullName":"250313550011 - ОРАЗХАН ӘБДІРАХМАН МАҚСАТҰЛЫ","BirthDate":"2025-03-13T00:00:00","BirthDateStr":"13.03.2025","DeathDate":null,"DeathDateStr":"","BioSexID":3,"BioSex":null,"NationalityID":null,"Nationality":null,"CitizenshipID":85,"Citizenship":null,"MasterDataID":149885737,"RpnID":"15300000056533415","KmisID":"60300000001795036","Type":1,"Age":0,"IsStillborn":false,"IsEarlyNeonatalDeathUp28days":false,"IsDeadPerson":false,"ID":"2308715","StrID":"2308715"},"IsCito":false,"ExternalSystem":1,"OrderResultFileID":null,"OrderResultFileStorageID":null,"OrderResultDate":null,"Status":1,"DeleteDate":null,"ResultNotes":null,"Comment":"","ExternalOrderNumber":"51566844","ExaminationTypeID":null,"ExaminationType":null,"ExaminationIndicationID":null,"ExaminationIndication":null,"Uid":"16F07C1E-2D38-4C8D-B3A2-4D2E79B424CB","SenderPostFullName":"САКЕНОВА ДАНА МУРАТКАНОВНА","SenderFuncStructureNameRU":"Отделение педиатрии","SenderFuncStructureNameKZ":"Педиатр бөлімі","IsSamplingOfMaterialsAtReceiver":false,"MisID":42171353,"Materials":[{"OrderID":31153429,"Uid":"530ae536-37cd-4829-b9c7-78190bc260d1","MaterialNumber":"51566844","MaterialTypeID":204,"MaterialType":{"OrderBy":0,"ParentID":3,"HasChildren":false,"MasterDataID":123,"Parent":null,"NameRU":"Моча","NameKZ":"Моча","Name":"Моча","PublicCode":"20400","EndDate":null,"ID":"204","StrID":"204"},"TakeDate":"2026-09-02T06:05:00","TakeDateStr":"02.09.2026 06:05","TakePlace":"педиатрия","RejectionReason":null,"RejectionTakenMeasures":null,"ReceiptDate":null,"ReceiptDateStr":null,"RejectionCreatePostID":null,"RejectionCreatePost":null,"SampleCollectorPostIIN":"740708401205","SampleCollectorPostID":null,"Researches":[],"RejectedMaterialImageID":null,"File":null,"ID":"31440202","StrID":"31440202"}],"Researches":[]}],"Total":1}
02.09.2026 10:49:28	Information:	OrderedWW 51566844 Biomat 0 Device 20747
02.09.2026 10:49:28	Information:	ResearchResult
02.09.2026 10:49:28	Information:	{
"OrderID": "31153429",
"WorkPlaceID": 20747
}


02.09.2026 10:49:28	Information:	[{"OrderResearchID":67138338,"OrderResearch":null,"ParameterID":200745,"Parameter":{"ShortNameRU":"креатинин в моче","ShortNameKZ":"несептегі креатинин","ShortName":"креатинин в моче","DataType":0,"DataTypeName":"Число","UnitTypeID":100052,"UnitType":{"OrderBy":53,"MasterDataID":null,"CDD_ID":null,"NameRU":"ммоль/сутки","NameKZ":"ммоль/тәулік","Name":"ммоль/сутки","PublicCode":"10005200","EndDate":null,"ID":"100052","StrID":"100052"},"MedicalFormID":null,"MasterDataID":0,"MedicalForm":null,"NameWithDataType":"креатинин в моче  (Число)","NameRU":"креатинин в моче","NameKZ":"несептегі креатинин","Name":"креатинин в моче","PublicCode":"20074500","EndDate":null,"ID":"200745","StrID":"200745"},"ParameterValues":null,"ParameterValueID":null,"ParameterValue":null,"ResultText":null,"ResultValue":null,"ResultDate":"2026-09-02T10:49:29.8145302+05:00","PostID":"0","Post":null,"ExecuteMethod":2,"SourceResultText":null,"SourceResultValue":null,"SourceResultExpression":null,"SourceUnitTypeID":100041,"SourceUnitType":{"OrderBy":42,"MasterDataID":null,"CDD_ID":null,"NameRU":"мкмоль/л","NameKZ":"мкмоль/л","Name":"мкмоль/л","PublicCode":"10004100","EndDate":null,"ID":"100041","StrID":"100041"},"MultiplierID":null,"IsApproved":false,"IsValidated":false,"StandardMatchType":0,"ApproveDate":null,"ApprovePostID":null,"ApprovePost":null,"OrderNum":1,"WorkPlaceID":20747,"OrderID":null,"BacteriologyResult":null,"AnalyzerId":null,"IsOrderProductionControl":false,"ID":"0","StrID":"0"}]
02.09.2026 10:49:28	Information:	TestsWW spec 200745, 
02.09.2026 10:49:28	Information:	Querry lines count: 1
02.09.2026 10:49:28	Debug:	SendResults:	fix DriverRequests=	136	ms
02.09.2026 10:49:28	Information:	SAMPLE! 51566844 DeviceDriverResult Sample: 51566844 Suggest: . Do Request True
02.09.2026 10:49:28	Information:	Sample request count: 1
02.09.2026 10:49:28	Debug:	SendResults:	SetTestsValues first SetTestsValues=	0	ms
02.09.2026 10:49:28	Debug:	SendResults:	Device Total = 140 ms
02.09.2026 10:49:31	Information:	url https://lab-vko.dmed.kz/ /api/DriverManager/PingDevice
02.09.2026 10:49:31	Information:	{
"Hash": "w9LjvpRCyoByGV3Lzv0iX9dSI0tLK0uV+pRojL1kufc=",
"Status": 0
}


02.09.2026 10:49:31	Information:	Ping ret is {"Status":0,"Comment":null}
02.09.2026 10:51:32	Information:	url https://lab-vko.dmed.kz/ /api/DriverManager/PingDevice
02.09.2026 10:51:32	Information:	{
"Hash": "w9LjvpRCyoByGV3Lzv0iX9dSI0tLK0uV+pRojL1kufc=",
"Status": 0
}


02.09.2026 10:51:32	Information:	Ping ret is {"Status":0,"Comment":null}
02.09.2026 10:53:32	Information:	url https://lab-vko.dmed.kz/ /api/DriverManager/PingDevice
02.09.2026 10:53:32	Information:	{
"Hash": "w9LjvpRCyoByGV3Lzv0iX9dSI0tLK0uV+pRojL1kufc=",
"Status": 0
}


02.09.2026 10:53:32	Information:	Ping ret is {"Status":0,"Comment":null}
02.09.2026 10:54:35	Information:	refresh tokens
02.09.2026 10:55:33	Information:	url https://lab-vko.dmed.kz/ /api/DriverManager/PingDevice
02.09.2026 10:55:33	Information:	{
"Hash": "w9LjvpRCyoByGV3Lzv0iX9dSI0tLK0uV+pRojL1kufc=",
"Status": 0
}


02.09.2026 10:55:33	Information:	Ping ret is {"Status":0,"Comment":null}
02.09.2026 10:57:34	Information:	url https://lab-vko.dmed.kz/ /api/DriverManager/PingDevice
02.09.2026 10:57:34	Information:	{
"Hash": "w9LjvpRCyoByGV3Lzv0iX9dSI0tLK0uV+pRojL1kufc=",
"Status": 0
}


02.09.2026 10:57:34	Information:	Ping ret is {"Status":0,"Comment":null}
02.09.2026 10:59:34	Information:	url https://lab-vko.dmed.kz/ /api/DriverManager/PingDevice
02.09.2026 10:59:34	Information:	{
"Hash": "w9LjvpRCyoByGV3Lzv0iX9dSI0tLK0uV+pRojL1kufc=",
"Status": 0
}


02.09.2026 10:59:34	Information:	Ping ret is {"Status":0,"Comment":null}
02.09.2026 11:01:35	Information:	url https://lab-vko.dmed.kz/ /api/DriverManager/PingDevice
02.09.2026 11:01:35	Information:	{
"Hash": "w9LjvpRCyoByGV3Lzv0iX9dSI0tLK0uV+pRojL1kufc=",
"Status": 0
}


02.09.2026 11:01:35	Information:	Ping ret is {"Status":0,"Comment":null}
02.09.2026 11:03:35	Information:	url https://lab-vko.dmed.kz/ /api/DriverManager/PingDevice
02.09.2026 11:03:35	Information:	{
"Hash": "w9LjvpRCyoByGV3Lzv0iX9dSI0tLK0uV+pRojL1kufc=",
"Status": 0
}


02.09.2026 11:03:35	Information:	Ping ret is {"Status":0,"Comment":null}
02.09.2026 11:04:35	Information:	refresh tokens
02.09.2026 11:05:36	Information:	url https://lab-vko.dmed.kz/ /api/DriverManager/PingDevice
02.09.2026 11:05:36	Information:	{
"Hash": "w9LjvpRCyoByGV3Lzv0iX9dSI0tLK0uV+pRojL1kufc=",
"Status": 0
}


02.09.2026 11:05:36	Information:	Ping ret is {"Status":0,"Comment":null}
02.09.2026 11:07:36	Information:	url https://lab-vko.dmed.kz/ /api/DriverManager/PingDevice
02.09.2026 11:07:36	Information:	{
"Hash": "w9LjvpRCyoByGV3Lzv0iX9dSI0tLK0uV+pRojL1kufc=",
"Status": 0
}


02.09.2026 11:07:36	Information:	Ping ret is {"Status":0,"Comment":null}
02.09.2026 11:09:37	Information:	url https://lab-vko.dmed.kz/ /api/DriverManager/PingDevice
02.09.2026 11:09:37	Information:	{
"Hash": "w9LjvpRCyoByGV3Lzv0iX9dSI0tLK0uV+pRojL1kufc=",
"Status": 0
}


02.09.2026 11:09:37	Information:	Ping ret is {"Status":0,"Comment":null}
02.09.2026 11:11:37	Information:	url https://lab-vko.dmed.kz/ /api/DriverManager/PingDevice
02.09.2026 11:11:37	Information:	{
"Hash": "w9LjvpRCyoByGV3Lzv0iX9dSI0tLK0uV+pRojL1kufc=",
"Status": 0
}


02.09.2026 11:11:37	Information:	Ping ret is {"Status":0,"Comment":null}
02.09.2026 11:13:38	Information:	url https://lab-vko.dmed.kz/ /api/DriverManager/PingDevice
02.09.2026 11:13:38	Information:	{
"Hash": "w9LjvpRCyoByGV3Lzv0iX9dSI0tLK0uV+pRojL1kufc=",
"Status": 0
}


02.09.2026 11:13:38	Information:	Ping ret is {"Status":0,"Comment":null}
02.09.2026 11:14:35	Information:	refresh tokens
02.09.2026 11:15:39	Information:	url https://lab-vko.dmed.kz/ /api/DriverManager/PingDevice
02.09.2026 11:15:39	Information:	{
"Hash": "w9LjvpRCyoByGV3Lzv0iX9dSI0tLK0uV+pRojL1kufc=",
"Status": 0
}


02.09.2026 11:15:39	Information:	Ping ret is {"Status":0,"Comment":null}
02.09.2026 11:17:39	Information:	url https://lab-vko.dmed.kz/ /api/DriverManager/PingDevice
02.09.2026 11:17:39	Information:	{
"Hash": "w9LjvpRCyoByGV3Lzv0iX9dSI0tLK0uV+pRojL1kufc=",
"Status": 0
}


02.09.2026 11:17:39	Information:	Ping ret is {"Status":0,"Comment":null}
02.09.2026 11:19:40	Information:	url https://lab-vko.dmed.kz/ /api/DriverManager/PingDevice
02.09.2026 11:19:40	Information:	{
"Hash": "w9LjvpRCyoByGV3Lzv0iX9dSI0tLK0uV+pRojL1kufc=",
"Status": 0
}


02.09.2026 11:19:40	Information:	Ping ret is {"Status":0,"Comment":null}
02.09.2026 11:21:40	Information:	url https://lab-vko.dmed.kz/ /api/DriverManager/PingDevice
02.09.2026 11:21:40	Information:	{
"Hash": "w9LjvpRCyoByGV3Lzv0iX9dSI0tLK0uV+pRojL1kufc=",
"Status": 0
}


02.09.2026 11:21:40	Information:	Ping ret is {"Status":0,"Comment":null}
02.09.2026 11:23:41	Information:	url https://lab-vko.dmed.kz/ /api/DriverManager/PingDevice
02.09.2026 11:23:41	Information:	{
"Hash": "w9LjvpRCyoByGV3Lzv0iX9dSI0tLK0uV+pRojL1kufc=",
"Status": 0
}


02.09.2026 11:23:41	Information:	Ping ret is {"Status":0,"Comment":null}
02.09.2026 11:24:35	Information:	refresh tokens
02.09.2026 11:25:42	Information:	url https://lab-vko.dmed.kz/ /api/DriverManager/PingDevice
02.09.2026 11:25:42	Information:	{
"Hash": "w9LjvpRCyoByGV3Lzv0iX9dSI0tLK0uV+pRojL1kufc=",
"Status": 0
}


02.09.2026 11:25:42	Information:	Ping ret is {"Status":0,"Comment":null}
02.09.2026 11:27:42	Information:	url https://lab-vko.dmed.kz/ /api/DriverManager/PingDevice
02.09.2026 11:27:42	Information:	{
"Hash": "w9LjvpRCyoByGV3Lzv0iX9dSI0tLK0uV+pRojL1kufc=",
"Status": 0
}


02.09.2026 11:27:42	Information:	Ping ret is {"Status":0,"Comment":null}
02.09.2026 11:29:43	Information:	url https://lab-vko.dmed.kz/ /api/DriverManager/PingDevice
02.09.2026 11:29:43	Information:	{
"Hash": "w9LjvpRCyoByGV3Lzv0iX9dSI0tLK0uV+pRojL1kufc=",
"Status": 0
}


02.09.2026 11:29:43	Information:	Ping ret is {"Status":0,"Comment":null}
02.09.2026 11:31:43	Information:	url https://lab-vko.dmed.kz/ /api/DriverManager/PingDevice
02.09.2026 11:31:43	Information:	{
"Hash": "w9LjvpRCyoByGV3Lzv0iX9dSI0tLK0uV+pRojL1kufc=",
"Status": 0
}


02.09.2026 11:31:43	Information:	Ping ret is {"Status":0,"Comment":null}
02.09.2026 11:33:44	Information:	url https://lab-vko.dmed.kz/ /api/DriverManager/PingDevice
02.09.2026 11:33:44	Information:	{
"Hash": "w9LjvpRCyoByGV3Lzv0iX9dSI0tLK0uV+pRojL1kufc=",
"Status": 0
}


02.09.2026 11:33:44	Information:	Ping ret is {"Status":0,"Comment":null}
02.09.2026 11:34:35	Information:	refresh tokens
02.09.2026 11:35:45	Information:	url https://lab-vko.dmed.kz/ /api/DriverManager/PingDevice
02.09.2026 11:35:45	Information:	{
"Hash": "w9LjvpRCyoByGV3Lzv0iX9dSI0tLK0uV+pRojL1kufc=",
"Status": 0
}


02.09.2026 11:35:45	Information:	Ping ret is {"Status":0,"Comment":null}
02.09.2026 11:37:45	Information:	url https://lab-vko.dmed.kz/ /api/DriverManager/PingDevice
02.09.2026 11:37:45	Information:	{
"Hash": "w9LjvpRCyoByGV3Lzv0iX9dSI0tLK0uV+pRojL1kufc=",
"Status": 0
}


02.09.2026 11:37:45	Information:	Ping ret is {"Status":0,"Comment":null}
02.09.2026 11:39:46	Information:	url https://lab-vko.dmed.kz/ /api/DriverManager/PingDevice
02.09.2026 11:39:46	Information:	{
"Hash": "w9LjvpRCyoByGV3Lzv0iX9dSI0tLK0uV+pRojL1kufc=",
"Status": 0
}


02.09.2026 11:39:46	Information:	Ping ret is {"Status":0,"Comment":null}
02.09.2026 11:41:46	Information:	url https://lab-vko.dmed.kz/ /api/DriverManager/PingDevice
02.09.2026 11:41:46	Information:	{
"Hash": "w9LjvpRCyoByGV3Lzv0iX9dSI0tLK0uV+pRojL1kufc=",
"Status": 0
}


02.09.2026 11:41:46	Information:	Ping ret is {"Status":0,"Comment":null}
02.09.2026 11:43:47	Information:	url https://lab-vko.dmed.kz/ /api/DriverManager/PingDevice
02.09.2026 11:43:47	Information:	{
"Hash": "w9LjvpRCyoByGV3Lzv0iX9dSI0tLK0uV+pRojL1kufc=",
"Status": 0
}


02.09.2026 11:43:47	Information:	Ping ret is {"Status":0,"Comment":null}
02.09.2026 11:44:35	Information:	refresh tokens
02.09.2026 11:45:48	Information:	url https://lab-vko.dmed.kz/ /api/DriverManager/PingDevice
02.09.2026 11:45:48	Information:	{
"Hash": "w9LjvpRCyoByGV3Lzv0iX9dSI0tLK0uV+pRojL1kufc=",
"Status": 0
}


02.09.2026 11:45:48	Information:	Ping ret is {"Status":0,"Comment":null}
02.09.2026 11:47:48	Information:	url https://lab-vko.dmed.kz/ /api/DriverManager/PingDevice
02.09.2026 11:47:48	Information:	{
"Hash": "w9LjvpRCyoByGV3Lzv0iX9dSI0tLK0uV+pRojL1kufc=",
"Status": 0
}


02.09.2026 11:47:48	Information:	Ping ret is {"Status":0,"Comment":null}
02.09.2026 11:49:49	Information:	url https://lab-vko.dmed.kz/ /api/DriverManager/PingDevice
02.09.2026 11:49:49	Information:	{
"Hash": "w9LjvpRCyoByGV3Lzv0iX9dSI0tLK0uV+pRojL1kufc=",
"Status": 0
}


02.09.2026 11:49:49	Information:	Ping ret is {"Status":0,"Comment":null}
02.09.2026 11:51:49	Information:	url https://lab-vko.dmed.kz/ /api/DriverManager/PingDevice
02.09.2026 11:51:49	Information:	{
"Hash": "w9LjvpRCyoByGV3Lzv0iX9dSI0tLK0uV+pRojL1kufc=",
"Status": 0
}


02.09.2026 11:51:49	Information:	Ping ret is {"Status":0,"Comment":null}
02.09.2026 11:53:50	Information:	url https://lab-vko.dmed.kz/ /api/DriverManager/PingDevice
02.09.2026 11:53:50	Information:	{
"Hash": "w9LjvpRCyoByGV3Lzv0iX9dSI0tLK0uV+pRojL1kufc=",
"Status": 0
}


02.09.2026 11:53:50	Information:	Ping ret is {"Status":0,"Comment":null}
02.09.2026 11:54:35	Information:	refresh tokens
02.09.2026 11:55:51	Information:	url https://lab-vko.dmed.kz/ /api/DriverManager/PingDevice
02.09.2026 11:55:51	Information:	{
"Hash": "w9LjvpRCyoByGV3Lzv0iX9dSI0tLK0uV+pRojL1kufc=",
"Status": 0
}


02.09.2026 11:55:51	Information:	Ping ret is {"Status":0,"Comment":null}
02.09.2026 11:57:51	Information:	url https://lab-vko.dmed.kz/ /api/DriverManager/PingDevice
02.09.2026 11:57:51	Information:	{
"Hash": "w9LjvpRCyoByGV3Lzv0iX9dSI0tLK0uV+pRojL1kufc=",
"Status": 0
}


02.09.2026 11:57:51	Information:	Ping ret is {"Status":0,"Comment":null}
02.09.2026 11:59:52	Information:	url https://lab-vko.dmed.kz/ /api/DriverManager/PingDevice
02.09.2026 11:59:52	Information:	{
"Hash": "w9LjvpRCyoByGV3Lzv0iX9dSI0tLK0uV+pRojL1kufc=",
"Status": 0
}


02.09.2026 11:59:52	Information:	Ping ret is {"Status":0,"Comment":null}
02.09.2026 12:01:52	Information:	url https://lab-vko.dmed.kz/ /api/DriverManager/PingDevice
02.09.2026 12:01:52	Information:	{
"Hash": "w9LjvpRCyoByGV3Lzv0iX9dSI0tLK0uV+pRojL1kufc=",
"Status": 0
}


02.09.2026 12:01:52	Information:	Ping ret is {"Status":0,"Comment":null}
02.09.2026 12:03:43	Information:	Received bytes(encoded):MSH|^~\&|||||20260902120244||ORU^R01|126|P|2.3.1||||0||ASCII|||PID|88|||||||O|||||||||||||||||||||||OBR|88|22297168|16|^|N|20260902114443|20260902114409|20260902114409||1^1||||20260902114409|?????|||||||||||||||||||||||||||||||||OBX|1|NM|Fe|Iron|4.420747|?mol/L|-|N|||F||4.420747|20260902120244|||0|RGTE|OBX|2|NM|FER|Ferritin|13.876880|ng/mL|-|N|||F||13.876880|20260902120058|||0||
02.09.2026 12:03:43	Information:	Add Frame:
02.09.2026 12:03:43	Information:	MSH|^~\&|||||20260902120244||ORU^R01|126|P|2.3.1||||0||ASCII|||
02.09.2026 12:03:43	Information:	In Header
02.09.2026 12:03:43	Information:	MessageType: ORU
02.09.2026 12:03:43	Information:	After message type
02.09.2026 12:03:43	Information:	After ask
02.09.2026 12:03:43	Information:	After version
02.09.2026 12:03:43	Information:	Add Frame:
02.09.2026 12:03:43	Information:	PID|88|||||||O|||||||||||||||||||||||
02.09.2026 12:03:43	Information:	Add Frame:
02.09.2026 12:03:43	Information:	OBR|88|22297168|16|^|N|20260902114443|20260902114409|20260902114409||1^1||||20260902114409|?????|||||||||||||||||||||||||||||||||
02.09.2026 12:03:43	Information:	Add Frame:
02.09.2026 12:03:43	Information:	OBX|1|NM|Fe|Iron|4.420747|?mol/L|-|N|||F||4.420747|20260902120244|||0|RGTE|
02.09.2026 12:03:43	Information:	Add Frame:
02.09.2026 12:03:43	Information:	OBX|2|NM|FER|Ferritin|13.876880|ng/mL|-|N|||F||13.876880|20260902120058|||0||
02.09.2026 12:03:43	Information:	Add Frame:
02.09.2026 12:03:43	Information:	
02.09.2026 12:03:43	Debug:	read message: 11ms
02.09.2026 12:03:43	Information:	The answer message is created successfully
02.09.2026 12:03:43	Information:	Sending answer...
02.09.2026 12:03:43	Information:	We are in ORU Message
02.09.2026 12:03:43	Information:	MSH MSH|^~\&|||||20260902120244||ORU^R01|126|P|2.3.1||||0||ASCII||||
02.09.2026 12:03:43	Information:	PID PID|88|||||||O||||||||||||||||||||||||
02.09.2026 12:03:43	Information:	PatientRecord in message is successfully  processed
02.09.2026 12:03:43	Information:	The patient order is successfully processed
02.09.2026 12:03:43	Information:	The order record is successfully processed
02.09.2026 12:03:43	Information:	The order record is successfully processed
02.09.2026 12:03:43	Information:	The ORU message is successfully processed
02.09.2026 12:03:43	Debug:	Process message: 4ms
02.09.2026 12:03:43	Debug:	Total time : 17ms
02.09.2026 12:03:44	Information:	Sended bytes:  11 77 83 72 124 94 126 92 38 124 77 105 110 100 114 97 121 124 124 124 124 50 48 50 54 48 57 48 50 49 50 48 51 52 51 124 124 65 67 75 94 82 48 49 124 49 50 54 124 80 124 50 46 51 46 49 124 124 124 124 48 124 124 117 115 45 97 115 99 105 105 124 124 124 13 77 83 65 124 65 65 124 49 50 54 124 77 101 115 115 97 103 101 32 97 99 99 101 112 116 101 100 124 124 124 48 124 13 28 13
02.09.2026 12:03:44	Information:	Sended string MSH|^~\&|Mindray||||20260902120343||ACK^R01|126|P|2.3.1||||0||us-ascii|||MSA|AA|126|Message accepted|||0|
02.09.2026 12:03:46	Debug:	SendResults:	check DriverRequests=	0	ms
02.09.2026 12:03:46	Information:	ByBarcode 22297168
02.09.2026 12:03:47	Information:	GetLinesByBarcodes
02.09.2026 12:03:47	Information:	{
"WorkPlaceID": 20747,
"BeginDate": "2026-06-03",
"EndDate": "2026-09-03",
"OrderNumber": "22297168",
"Offset": 0,
"Limit": 1
}


02.09.2026 12:03:47	Information:	GetByBarcodeReturn: 
02.09.2026 12:03:47	Information:	{"Data":[{"ID":31155072,"StrID":"31155072","OrderNumber":"22297168","OrderRegDate":"2026-09-02T08:20:23.473","PlanExecutionDate":"2026-09-02T08:19:00","SenderMoID":45500000000000909,"SenderMo":{"NameRU":"Некоммерческое акционерное общество \"Медицинский университет Семей\"","NameKZ":"\"Семей медицина университеті\" коммерциялық емес акционерлік қоғамы","Name":"Некоммерческое акционерное общество \"Медицинский университет Семей\"","ShortNameRU":"НАО \"МУС\"","ShortNameKZ":"\"СМУ\" КеАҚ","ShortName":"НАО \"МУС\"","PublicCode":"237J","AddressRU":"ВКО, г. Семей, ул. Абая Кунанбаева 103","AddressKZ":"ВКО, г. Семей, ул. Абая Кунанбаева 103","Address":"ВКО, г. Семей, ул. Абая Кунанбаева 103","OriginalID":"45500000000000909","IsWork":true,"RegionID":20,"BIN":"190240004938","MasterDataID":4911,"PhonesData":{"OrgHealthCarePhones":[]},"IsPostmortem":false,"IsHospital":true,"Code":null,"ID":"45500000000000909","StrID":"45500000000000909"},"ReceiverMoID":45500000000000909,"ReceiverMo":null,"PatientDetailID":41066550,"PatientDetail":{"PersonID":"2301314","Person":{"IIN":"250125650680","LastName":"АХАНСЕРЫ","FirstName":"АСЫЛЫМ","SecondName":"ӘДІЛЕТҚЫЗЫ","FullName":"АХАНСЕРЫ АСЫЛЫМ ӘДІЛЕТҚЫЗЫ","FullNameIOF":"АСЫЛЫМ ӘДІЛЕТҚЫЗЫ АХАНСЕРЫ","DisplayText":"250125650680 АСЫЛЫМ ӘДІЛЕТҚЫЗЫ АХАНСЕРЫ 25.01.2025","IinFullName":"250125650680 - АХАНСЕРЫ АСЫЛЫМ ӘДІЛЕТҚЫЗЫ","BirthDate":"2025-01-25T00:00:00","BirthDateStr":"25.01.2025","DeathDate":null,"DeathDateStr":"","BioSexID":2,"BioSex":null,"NationalityID":null,"Nationality":null,"CitizenshipID":null,"Citizenship":null,"MasterDataID":149526419,"RpnID":"15300000056434677","KmisID":"60300000001775178","Type":1,"Age":0,"IsStillborn":false,"IsEarlyNeonatalDeathUp28days":false,"IsDeadPerson":false,"ID":"2301314","StrID":"2301314"},"AddressRU":"УЛИЦА: Е.Танирбергенов , ДОМ: 10 ","AddressKZ":"УЛИЦА: Е.Танирбергенов , ДОМ: 10 ","Address":"УЛИЦА: Е.Танирбергенов , ДОМ: 10 ","MasterDataAddressID":74252830,"WorkPlace":null,"WorkPosition":null,"DocumentNumber":null,"DocumentTypeID":null,"DocumentType":null,"NationalityID":null,"DocumentTypeName":null,"Phones":"+77766111905","ExternalCardID":"205119636","CardType":2,"CardNumber":null,"CitizenshipCategoryID":null,"CitizenshipCategory":null,"ResidenceTypeID":null,"ResidenceType":null,"MotherPersonID":null,"MotherPerson":null,"IsForeigner":false,"IsHomeless":false,"IsDeadPerson":false,"IsResident":false,"ID":"41066550","StrID":"41066550"},"Person":{"IIN":"250125650680","LastName":"АХАНСЕРЫ","FirstName":"АСЫЛЫМ","SecondName":"ӘДІЛЕТҚЫЗЫ","FullName":"АХАНСЕРЫ АСЫЛЫМ ӘДІЛЕТҚЫЗЫ","FullNameIOF":"АСЫЛЫМ ӘДІЛЕТҚЫЗЫ АХАНСЕРЫ","DisplayText":"250125650680 АСЫЛЫМ ӘДІЛЕТҚЫЗЫ АХАНСЕРЫ 25.01.2025","IinFullName":"250125650680 - АХАНСЕРЫ АСЫЛЫМ ӘДІЛЕТҚЫЗЫ","BirthDate":"2025-01-25T00:00:00","BirthDateStr":"25.01.2025","DeathDate":null,"DeathDateStr":"","BioSexID":2,"BioSex":null,"NationalityID":null,"Nationality":null,"CitizenshipID":null,"Citizenship":null,"MasterDataID":149526419,"RpnID":"15300000056434677","KmisID":"60300000001775178","Type":1,"Age":0,"IsStillborn":false,"IsEarlyNeonatalDeathUp28days":false,"IsDeadPerson":false,"ID":"2301314","StrID":"2301314"},"IsCito":false,"ExternalSystem":1,"OrderResultFileID":null,"OrderResultFileStorageID":null,"OrderResultDate":null,"Status":1,"DeleteDate":null,"ResultNotes":null,"Comment":"","ExternalOrderNumber":"22297168","ExaminationTypeID":null,"ExaminationType":null,"ExaminationIndicationID":null,"ExaminationIndication":null,"Uid":"74C5EB5D-1A3C-49D9-9897-429C464B7DFC","SenderPostFullName":"БАУЕДИНОВА ЖАНЕРКЕ КУНСЛЯМҚЫЗЫ","SenderFuncStructureNameRU":"Поликлиника","SenderFuncStructureNameKZ":"Емхана","IsSamplingOfMaterialsAtReceiver":true,"MisID":42173680,"Materials":[{"OrderID":31155072,"Uid":"68e1d3bb-28d2-4b00-a620-0eed475253cd","MaterialNumber":"22297168","MaterialTypeID":363,"MaterialType":{"OrderBy":0,"ParentID":202,"HasChildren":false,"MasterDataID":489,"Parent":null,"NameRU":"Кровь венозная","NameKZ":"Кровь венозная","Name":"Кровь венозная","PublicCode":"36300","EndDate":null,"ID":"363","StrID":"363"},"TakeDate":"2026-09-02T08:19:00","TakeDateStr":"02.09.2026 08:19","TakePlace":"101","RejectionReason":null,"RejectionTakenMeasures":null,"ReceiptDate":null,"ReceiptDateStr":null,"RejectionCreatePostID":null,"RejectionCreatePost":null,"SampleCollectorPostIIN":"660401402752","SampleCollectorPostID":null,"Researches":[],"RejectedMaterialImageID":null,"File":null,"ID":"31441873","StrID":"31441873"}],"Researches":[]}],"Total":1}
02.09.2026 12:03:47	Information:	OrderedWW 22297168 Biomat 0 Device 20747
02.09.2026 12:03:47	Information:	ResearchResult
02.09.2026 12:03:47	Information:	{
"OrderID": "31155072",
"WorkPlaceID": 20747
}


02.09.2026 12:03:47	Information:	[{"OrderResearchID":67142459,"OrderResearch":null,"ParameterID":200592,"Parameter":{"ShortNameRU":"железо в сыворотке крови","ShortNameKZ":"қан сарысуындағы темір","ShortName":"железо в сыворотке крови","DataType":0,"DataTypeName":"Число","UnitTypeID":100041,"UnitType":{"OrderBy":42,"MasterDataID":null,"CDD_ID":null,"NameRU":"мкмоль/л","NameKZ":"мкмоль/л","Name":"мкмоль/л","PublicCode":"10004100","EndDate":null,"ID":"100041","StrID":"100041"},"MedicalFormID":null,"MasterDataID":0,"MedicalForm":null,"NameWithDataType":"железо в сыворотке крови  (Число)","NameRU":"железо в сыворотке крови","NameKZ":"қан сарысуындағы темір","Name":"железо в сыворотке крови","PublicCode":"20059200","EndDate":null,"ID":"200592","StrID":"200592"},"ParameterValues":null,"ParameterValueID":null,"ParameterValue":null,"ResultText":null,"ResultValue":null,"ResultDate":"2026-09-02T12:03:48.4238859+05:00","PostID":"0","Post":null,"ExecuteMethod":2,"SourceResultText":null,"SourceResultValue":null,"SourceResultExpression":null,"SourceUnitTypeID":100041,"SourceUnitType":{"OrderBy":42,"MasterDataID":null,"CDD_ID":null,"NameRU":"мкмоль/л","NameKZ":"мкмоль/л","Name":"мкмоль/л","PublicCode":"10004100","EndDate":null,"ID":"100041","StrID":"100041"},"MultiplierID":null,"IsApproved":false,"IsValidated":false,"StandardMatchType":0,"ApproveDate":null,"ApprovePostID":null,"ApprovePost":null,"OrderNum":1,"WorkPlaceID":20747,"OrderID":null,"BacteriologyResult":null,"AnalyzerId":null,"IsOrderProductionControl":false,"ID":"0","StrID":"0"},{"OrderResearchID":67142458,"OrderResearch":null,"ParameterID":201234,"Parameter":{"ShortNameRU":"ферритин в сыворотке крови","ShortNameKZ":"қан сарысуындағы ферритин","ShortName":"ферритин в сыворотке крови","DataType":0,"DataTypeName":"Число","UnitTypeID":100035,"UnitType":{"OrderBy":36,"MasterDataID":null,"CDD_ID":null,"NameRU":"мкг/л","NameKZ":"мкг/л","Name":"мкг/л","PublicCode":"10003500","EndDate":null,"ID":"100035","StrID":"100035"},"MedicalFormID":null,"MasterDataID":0,"MedicalForm":null,"NameWithDataType":"ферритин в сыворотке крови  (Число)","NameRU":"ферритин в сыворотке крови","NameKZ":"қан сарысуындағы ферритин","Name":"ферритин в сыворотке крови","PublicCode":"20123400","EndDate":null,"ID":"201234","StrID":"201234"},"ParameterValues":null,"ParameterValueID":null,"ParameterValue":null,"ResultText":null,"ResultValue":null,"ResultDate":"2026-09-02T12:03:48.4281813+05:00","PostID":"0","Post":null,"ExecuteMethod":1,"SourceResultText":null,"SourceResultValue":null,"SourceResultExpression":null,"SourceUnitTypeID":100035,"SourceUnitType":{"OrderBy":36,"MasterDataID":null,"CDD_ID":null,"NameRU":"мкг/л","NameKZ":"мкг/л","Name":"мкг/л","PublicCode":"10003500","EndDate":null,"ID":"100035","StrID":"100035"},"MultiplierID":null,"IsApproved":false,"IsValidated":false,"StandardMatchType":0,"ApproveDate":null,"ApprovePostID":null,"ApprovePost":null,"OrderNum":1,"WorkPlaceID":20747,"OrderID":null,"BacteriologyResult":null,"AnalyzerId":null,"IsOrderProductionControl":false,"ID":"0","StrID":"0"}]
02.09.2026 12:03:47	Information:	TestsWW spec 200592, spec 201234, 
02.09.2026 12:03:47	Information:	Querry lines count: 1
02.09.2026 12:03:47	Debug:	SendResults:	fix DriverRequests=	530	ms
02.09.2026 12:03:47	Information:	SAMPLE! 22297168 DeviceDriverResult Sample: 22297168 Suggest: . Do Request True
02.09.2026 12:03:47	Information:	Sample request count: 1
02.09.2026 12:03:47	Information:	MU is ?mol/L
02.09.2026 12:03:47	Information:	Driver Collations count 0
02.09.2026 12:03:47	Information:	MU collations count=0
02.09.2026 12:03:47	Information:	MU is ng/mL
02.09.2026 12:03:47	Information:	Driver Collations count 0
02.09.2026 12:03:47	Information:	MU collations count=0
02.09.2026 12:03:47	Debug:	SendResults:	SetTestsValues first SetTestsValues=	12	ms
02.09.2026 12:03:47	Debug:	SendResults:	Device Total = 545 ms
02.09.2026 12:03:47	Information:	Saving 22297168
02.09.2026 12:03:47	Information:	Start test result saving
02.09.2026 12:03:47	Information:	Result object to save: 
02.09.2026 12:03:47	Information:	{"OrderResearchID":67142459,"OrderResearch":null,"ParameterID":200592,"Parameter":{"ShortNameRU":"железо в сыворотке крови","ShortNameKZ":"қан сарысуындағы темір","ShortName":"железо в сыворотке крови","DataType":0,"DataTypeName":"Число","UnitTypeID":100041,"UnitType":{"NameRU":"мкмоль/л","NameKZ":"мкмоль/л","Name":"мкмоль/л","PublicCode":"10004100","OrderBy":42,"ID":100041,"StrID":"100041"},"MedicalFormID":null,"MedicalForm":null,"NameRU":"железо в сыворотке крови","NameKZ":"қан сарысуындағы темір","Name":"железо в сыворотке крови","PublicCode":"20059200","OrderBy":null,"ID":200592,"StrID":"200592"},"ParameterValueID":null,"ParameterValue":null,"ResultText":"4.42","ResultValue":null,"ResultDate":"2026-09-02T12:03:48.4238859+05:00","PostID":0,"Post":null,"ExecuteMethod":2,"SourceResultText":"4.42","SourceResultValue":null,"SourceResultExpression":null,"SourceUnitTypeID":100041,"SourceUnitType":{"NameRU":"мкмоль/л","NameKZ":"мкмоль/л","Name":"мкмоль/л","PublicCode":"10004100","OrderBy":42,"ID":100041,"StrID":"100041"},"IsApproved":false,"ApproveDate":null,"ApprovePostID":null,"ApprovePost":null,"OrderNum":1,"WorkPlaceID":20747,"DriverManagerID":150,"BacteriologyResult":null,"AnalyzerId":38,"IsOrderProductionControl":false,"ID":0,"StrID":"0"}
02.09.2026 12:03:47	Information:	Save string: 
02.09.2026 12:03:47	Information:	{"OrderResearchID":67142459,"OrderResearch":{"OrderID":31155072,"ServiceMoID":2164276,"ServiceMoMasterDataID":8269490,"ServiceMo":{"OrgHealthCareID":"45500000000000909","ServiceID":281,"NameRU":"Определение железа (Fe) в сыворотке крови на анализаторе","NameKZ":"Қан сарысуындағы темірді  (Fe) талдауышта анықтау  ","Name":"Определение железа (Fe) в сыворотке крови на анализаторе","ShortNameRU":"Определение железа (Fe) в сыворотке крови на анализаторе","ShortNameKZ":"Қан сарысуындағы темірді  (Fe) талдауышта анықтау  ","ShortName":"Определение железа (Fe) в сыворотке крови на анализаторе","FullName":"B03.340.002 - Определение железа (Fe) в сыворотке крови на анализаторе","Code":"B03.340.002","ExternalCode":null,"ServiceClassID":5,"ServiceClass":{"ServiceTypeID":2,"OrderBy":5,"MasterDataID":5,"NameRU":"Клиническая химия (биохимия)","NameKZ":"Клиникалық химия (биохимия)","Name":"Клиническая химия (биохимия)","PublicCode":"500","EndDate":null,"ID":"5","StrID":"5"},"Service":{"NameRU":"Определение железа (Fe) в сыворотке крови на анализаторе","NameKZ":"Қан сарысуындағы темірді (Fe) талдауышта анықтау","Name":"Определение железа (Fe) в сыворотке крови на анализаторе","ShortNameRU":"Fe на анализаторе","ShortNameKZ":"Fe на анализаторе","ShortName":"Fe на анализаторе","FullName":"B03.340.002 - Определение железа (Fe) в сыворотке крови на анализаторе","Code":"B03.340.002","ServiceClassID":5,"ServiceClass":null,"ServiceSubClassID":6,"ServiceSubClass":null,"MaterialTypeID":202,"MaterialType":null,"MasterDataID":3122,"ID":"281","StrID":"281"},"MasterDataID":8269490,"ServiceSubClassID":6,"PayType":1,"ServiceSubClass":null,"ID":"2164276","StrID":"2164276"},"FullName":"B03.340.002 - Определение железа (Fe) в сыворотке крови на анализаторе  () ","IsMain":true,"SourceID":"113406830","WorkPlaceID":20747,"WorkPlace":null,"DriverManager":null,"ParameterID":null,"Parameter":null,"AdditionalInfo":null,"Status":1,"PerformetServiceCount":0,"ResearchResultCount":0,"ApproveResearchResultCount":0,"NotSaveResearchResultCount":0,"ParentID":null,"ScreeningCandidatePlanGuid":null,"ScreeningUrl":null,"TakePlace":null,"MaterialTypeID":null,"MaterialType":null,"PartCount":0,"IsOrderProductionControl":false,"Uid":"55912ae5-5027-4f19-8846-e9817c9f2535","OrderPerformerServices":[],"OrderResearchAllergens":[],"Results":[],"IsResumed":false,"ExecutionType":0,"ID":"67142459","StrID":"67142459"},"ParameterID":200592,"Parameter":{"ShortNameRU":"железо в сыворотке крови","ShortNameKZ":"қан сарысуындағы темір","ShortName":"железо в сыворотке крови","DataType":0,"DataTypeName":"Число","UnitTypeID":100041,"UnitType":null,"MedicalFormID":null,"MasterDataID":0,"MedicalForm":null,"NameWithDataType":"железо в сыворотке крови  (Число)","NameRU":"железо в сыворотке крови","NameKZ":"қан сарысуындағы темір","Name":"железо в сыворотке крови","PublicCode":"20059200","EndDate":null,"ID":"200592","StrID":"200592"},"ParameterValues":null,"ParameterValueID":null,"ParameterValue":null,"ResultText":"4.42","ResultValue":"4.42","ResultDate":"2026-09-02T12:03:48.5795437+05:00","PostID":"189416","Post":null,"ExecuteMethod":2,"SourceResultText":"4.42","SourceResultValue":"4.42","SourceResultExpression":null,"SourceUnitTypeID":100041,"SourceUnitType":{"OrderBy":42,"MasterDataID":null,"CDD_ID":null,"NameRU":"мкмоль/л","NameKZ":"мкмоль/л","Name":"мкмоль/л","PublicCode":"10004100","EndDate":null,"ID":"100041","StrID":"100041"},"MultiplierID":null,"IsApproved":false,"IsValidated":false,"StandardMatchType":0,"ApproveDate":null,"ApprovePostID":null,"ApprovePost":null,"OrderNum":1,"WorkPlaceID":20747,"OrderID":null,"BacteriologyResult":null,"AnalyzerId":38,"IsOrderProductionControl":false,"ID":"207397182","StrID":"207397182"}
02.09.2026 12:03:47	Information:	Result object to save: 
02.09.2026 12:03:47	Information:	{"OrderResearchID":67142458,"OrderResearch":null,"ParameterID":201234,"Parameter":{"ShortNameRU":"ферритин в сыворотке крови","ShortNameKZ":"қан сарысуындағы ферритин","ShortName":"ферритин в сыворотке крови","DataType":0,"DataTypeName":"Число","UnitTypeID":100035,"UnitType":{"NameRU":"мкг/л","NameKZ":"мкг/л","Name":"мкг/л","PublicCode":"10003500","OrderBy":36,"ID":100035,"StrID":"100035"},"MedicalFormID":null,"MedicalForm":null,"NameRU":"ферритин в сыворотке крови","NameKZ":"қан сарысуындағы ферритин","Name":"ферритин в сыворотке крови","PublicCode":"20123400","OrderBy":null,"ID":201234,"StrID":"201234"},"ParameterValueID":null,"ParameterValue":null,"ResultText":"13.88","ResultValue":null,"ResultDate":"2026-09-02T12:03:48.4281813+05:00","PostID":0,"Post":null,"ExecuteMethod":1,"SourceResultText":"13.88","SourceResultValue":null,"SourceResultExpression":null,"SourceUnitTypeID":100035,"SourceUnitType":{"NameRU":"мкг/л","NameKZ":"мкг/л","Name":"мкг/л","PublicCode":"10003500","OrderBy":36,"ID":100035,"StrID":"100035"},"IsApproved":false,"ApproveDate":null,"ApprovePostID":null,"ApprovePost":null,"OrderNum":1,"WorkPlaceID":20747,"DriverManagerID":150,"BacteriologyResult":null,"AnalyzerId":38,"IsOrderProductionControl":false,"ID":0,"StrID":"0"}
02.09.2026 12:03:47	Information:	Save string: 
02.09.2026 12:03:47	Information:	{"OrderResearchID":67142458,"OrderResearch":{"OrderID":31155072,"ServiceMoID":2164351,"ServiceMoMasterDataID":8269493,"ServiceMo":{"OrgHealthCareID":"45500000000000909","ServiceID":284,"NameRU":"Определение ферритина в сыворотке крови на анализаторе","NameKZ":"Қан сарысуындағы ферритинді талдауышта анықтау   ","Name":"Определение ферритина в сыворотке крови на анализаторе","ShortNameRU":"Определение ферритина в сыворотке крови на анализаторе","ShortNameKZ":"Қан сарысуындағы ферритинді талдауышта анықтау   ","ShortName":"Определение ферритина в сыворотке крови на анализаторе","FullName":"B03.500.002 - Определение ферритина в сыворотке крови на анализаторе","Code":"B03.500.002","ExternalCode":null,"ServiceClassID":5,"ServiceClass":{"ServiceTypeID":2,"OrderBy":5,"MasterDataID":5,"NameRU":"Клиническая химия (биохимия)","NameKZ":"Клиникалық химия (биохимия)","Name":"Клиническая химия (биохимия)","PublicCode":"500","EndDate":null,"ID":"5","StrID":"5"},"Service":{"NameRU":"Определение ферритина в сыворотке крови на анализаторе","NameKZ":"Қан сарысуындағы ферритинді талдауышта анықтау","Name":"Определение ферритина в сыворотке крови на анализаторе","ShortNameRU":"Ферритин на анализаторе","ShortNameKZ":"Ферритин на анализаторе","ShortName":"Ферритин на анализаторе","FullName":"B03.500.002 - Определение ферритина в сыворотке крови на анализаторе","Code":"B03.500.002","ServiceClassID":5,"ServiceClass":null,"ServiceSubClassID":6,"ServiceSubClass":null,"MaterialTypeID":202,"MaterialType":null,"MasterDataID":3125,"ID":"284","StrID":"284"},"MasterDataID":8269493,"ServiceSubClassID":6,"PayType":1,"ServiceSubClass":null,"ID":"2164351","StrID":"2164351"},"FullName":"B03.500.002 - Определение ферритина в сыворотке крови на анализаторе  () ","IsMain":true,"SourceID":"113406718","WorkPlaceID":20747,"WorkPlace":null,"DriverManager":null,"ParameterID":null,"Parameter":null,"AdditionalInfo":null,"Status":1,"PerformetServiceCount":6,"ResearchResultCount":0,"ApproveResearchResultCount":0,"NotSaveResearchResultCount":0,"ParentID":null,"ScreeningCandidatePlanGuid":null,"ScreeningUrl":null,"TakePlace":null,"MaterialTypeID":null,"MaterialType":null,"PartCount":0,"IsOrderProductionControl":false,"Uid":"a4eaecaa-14cf-4233-a6c9-0c361bf01d6a","OrderPerformerServices":[],"OrderResearchAllergens":[],"Results":[],"IsResumed":false,"ExecutionType":0,"ID":"67142458","StrID":"67142458"},"ParameterID":201234,"Parameter":{"ShortNameRU":"ферритин в сыворотке крови","ShortNameKZ":"қан сарысуындағы ферритин","ShortName":"ферритин в сыворотке крови","DataType":0,"DataTypeName":"Число","UnitTypeID":100035,"UnitType":null,"MedicalFormID":null,"MasterDataID":0,"MedicalForm":null,"NameWithDataType":"ферритин в сыворотке крови  (Число)","NameRU":"ферритин в сыворотке крови","NameKZ":"қан сарысуындағы ферритин","Name":"ферритин в сыворотке крови","PublicCode":"20123400","EndDate":null,"ID":"201234","StrID":"201234"},"ParameterValues":null,"ParameterValueID":null,"ParameterValue":null,"ResultText":"13.88000","ResultValue":"13.88000","ResultDate":"2026-09-02T12:03:48.8438987+05:00","PostID":"189416","Post":null,"ExecuteMethod":2,"SourceResultText":"13.88000","SourceResultValue":"13.88000","SourceResultExpression":null,"SourceUnitTypeID":100035,"SourceUnitType":{"OrderBy":36,"MasterDataID":null,"CDD_ID":null,"NameRU":"мкг/л","NameKZ":"мкг/л","Name":"мкг/л","PublicCode":"10003500","EndDate":null,"ID":"100035","StrID":"100035"},"MultiplierID":null,"IsApproved":false,"IsValidated":false,"StandardMatchType":0,"ApproveDate":null,"ApprovePostID":null,"ApprovePost":null,"OrderNum":1,"WorkPlaceID":20747,"OrderID":null,"BacteriologyResult":null,"AnalyzerId":38,"IsOrderProductionControl":false,"ID":"207397184","StrID":"207397184"}
02.09.2026 12:03:47	Debug:	 SendResults SaveDeviceResults = 490 ms
02.09.2026 12:03:47	Debug:	 total for SendResults = 1036 ms
02.09.2026 12:03:54	Information:	url https://lab-vko.dmed.kz/ /api/DriverManager/PingDevice
02.09.2026 12:03:54	Information:	{
"Hash": "w9LjvpRCyoByGV3Lzv0iX9dSI0tLK0uV+pRojL1kufc=",
"Status": 0
}


02.09.2026 12:03:54	Information:	Ping ret is {"Status":0,"Comment":null}
02.09.2026 12:04:35	Information:	refresh tokens
02.09.2026 12:05:54	Information:	url https://lab-vko.dmed.kz/ /api/DriverManager/PingDevice
02.09.2026 12:05:54	Information:	{
"Hash": "w9LjvpRCyoByGV3Lzv0iX9dSI0tLK0uV+pRojL1kufc=",
"Status": 0
}


02.09.2026 12:05:54	Information:	Ping ret is {"Status":0,"Comment":null}
02.09.2026 12:07:55	Information:	url https://lab-vko.dmed.kz/ /api/DriverManager/PingDevice
02.09.2026 12:07:55	Information:	{
"Hash": "w9LjvpRCyoByGV3Lzv0iX9dSI0tLK0uV+pRojL1kufc=",
"Status": 0
}


02.09.2026 12:07:55	Information:	Ping ret is {"Status":0,"Comment":null}
02.09.2026 12:09:55	Information:	url https://lab-vko.dmed.kz/ /api/DriverManager/PingDevice
02.09.2026 12:09:55	Information:	{
"Hash": "w9LjvpRCyoByGV3Lzv0iX9dSI0tLK0uV+pRojL1kufc=",
"Status": 0
}


02.09.2026 12:09:55	Information:	Ping ret is {"Status":0,"Comment":null}
02.09.2026 12:11:56	Information:	url https://lab-vko.dmed.kz/ /api/DriverManager/PingDevice
02.09.2026 12:11:56	Information:	{
"Hash": "w9LjvpRCyoByGV3Lzv0iX9dSI0tLK0uV+pRojL1kufc=",
"Status": 0
}


02.09.2026 12:11:56	Information:	Ping ret is {"Status":0,"Comment":null}
02.09.2026 12:13:56	Information:	url https://lab-vko.dmed.kz/ /api/DriverManager/PingDevice
02.09.2026 12:13:56	Information:	{
"Hash": "w9LjvpRCyoByGV3Lzv0iX9dSI0tLK0uV+pRojL1kufc=",
"Status": 0
}


02.09.2026 12:13:56	Information:	Ping ret is {"Status":0,"Comment":null}
02.09.2026 12:14:35	Information:	refresh tokens
02.09.2026 12:15:57	Information:	url https://lab-vko.dmed.kz/ /api/DriverManager/PingDevice
02.09.2026 12:15:57	Information:	{
"Hash": "w9LjvpRCyoByGV3Lzv0iX9dSI0tLK0uV+pRojL1kufc=",
"Status": 0
}


02.09.2026 12:15:57	Information:	Ping ret is {"Status":0,"Comment":null}
02.09.2026 12:17:58	Information:	url https://lab-vko.dmed.kz/ /api/DriverManager/PingDevice
02.09.2026 12:17:58	Information:	{
"Hash": "w9LjvpRCyoByGV3Lzv0iX9dSI0tLK0uV+pRojL1kufc=",
"Status": 0
}


02.09.2026 12:17:58	Information:	Ping ret is {"Status":0,"Comment":null}
02.09.2026 12:19:58	Information:	url https://lab-vko.dmed.kz/ /api/DriverManager/PingDevice
02.09.2026 12:19:58	Information:	{
"Hash": "w9LjvpRCyoByGV3Lzv0iX9dSI0tLK0uV+pRojL1kufc=",
"Status": 0
}


02.09.2026 12:19:58	Information:	Ping ret is {"Status":0,"Comment":null}
02.09.2026 12:21:59	Information:	url https://lab-vko.dmed.kz/ /api/DriverManager/PingDevice
02.09.2026 12:21:59	Information:	{
"Hash": "w9LjvpRCyoByGV3Lzv0iX9dSI0tLK0uV+pRojL1kufc=",
"Status": 0
}


02.09.2026 12:21:59	Information:	Ping ret is {"Status":0,"Comment":null}
02.09.2026 12:24:00	Information:	url https://lab-vko.dmed.kz/ /api/DriverManager/PingDevice
02.09.2026 12:24:00	Information:	{
"Hash": "w9LjvpRCyoByGV3Lzv0iX9dSI0tLK0uV+pRojL1kufc=",
"Status": 0
}


02.09.2026 12:24:00	Information:	Ping ret is {"Status":0,"Comment":null}
02.09.2026 12:24:35	Information:	refresh tokens
02.09.2026 12:26:01	Information:	url https://lab-vko.dmed.kz/ /api/DriverManager/PingDevice
02.09.2026 12:26:01	Information:	{
"Hash": "w9LjvpRCyoByGV3Lzv0iX9dSI0tLK0uV+pRojL1kufc=",
"Status": 0
}


02.09.2026 12:26:01	Information:	Ping ret is {"Status":0,"Comment":null}
02.09.2026 12:28:01	Information:	url https://lab-vko.dmed.kz/ /api/DriverManager/PingDevice
02.09.2026 12:28:01	Information:	{
"Hash": "w9LjvpRCyoByGV3Lzv0iX9dSI0tLK0uV+pRojL1kufc=",
"Status": 0
}


02.09.2026 12:28:01	Information:	Ping ret is {"Status":0,"Comment":null}
02.09.2026 12:30:02	Information:	url https://lab-vko.dmed.kz/ /api/DriverManager/PingDevice
02.09.2026 12:30:02	Information:	{
"Hash": "w9LjvpRCyoByGV3Lzv0iX9dSI0tLK0uV+pRojL1kufc=",
"Status": 0
}


02.09.2026 12:30:02	Information:	Ping ret is {"Status":0,"Comment":null}
02.09.2026 12:32:02	Information:	url https://lab-vko.dmed.kz/ /api/DriverManager/PingDevice
02.09.2026 12:32:02	Information:	{
"Hash": "w9LjvpRCyoByGV3Lzv0iX9dSI0tLK0uV+pRojL1kufc=",
"Status": 0
}


02.09.2026 12:32:02	Information:	Ping ret is {"Status":0,"Comment":null}
02.09.2026 12:34:03	Information:	url https://lab-vko.dmed.kz/ /api/DriverManager/PingDevice
02.09.2026 12:34:03	Information:	{
"Hash": "w9LjvpRCyoByGV3Lzv0iX9dSI0tLK0uV+pRojL1kufc=",
"Status": 0
}


02.09.2026 12:34:03	Information:	Ping ret is {"Status":0,"Comment":null}
02.09.2026 12:34:35	Information:	refresh tokens
02.09.2026 12:36:03	Information:	url https://lab-vko.dmed.kz/ /api/DriverManager/PingDevice
02.09.2026 12:36:03	Information:	{
"Hash": "w9LjvpRCyoByGV3Lzv0iX9dSI0tLK0uV+pRojL1kufc=",
"Status": 0
}


02.09.2026 12:36:03	Information:	Ping ret is {"Status":0,"Comment":null}
02.09.2026 12:38:04	Information:	url https://lab-vko.dmed.kz/ /api/DriverManager/PingDevice
02.09.2026 12:38:04	Information:	{
"Hash": "w9LjvpRCyoByGV3Lzv0iX9dSI0tLK0uV+pRojL1kufc=",
"Status": 0
}


02.09.2026 12:38:04	Information:	Ping ret is {"Status":0,"Comment":null}
02.09.2026 12:40:04	Information:	url https://lab-vko.dmed.kz/ /api/DriverManager/PingDevice
02.09.2026 12:40:04	Information:	{
"Hash": "w9LjvpRCyoByGV3Lzv0iX9dSI0tLK0uV+pRojL1kufc=",
"Status": 0
}


02.09.2026 12:40:04	Information:	Ping ret is {"Status":0,"Comment":null}
02.09.2026 12:42:05	Information:	url https://lab-vko.dmed.kz/ /api/DriverManager/PingDevice
02.09.2026 12:42:05	Information:	{
"Hash": "w9LjvpRCyoByGV3Lzv0iX9dSI0tLK0uV+pRojL1kufc=",
"Status": 0
}


02.09.2026 12:42:05	Information:	Ping ret is {"Status":0,"Comment":null}
02.09.2026 12:44:05	Information:	url https://lab-vko.dmed.kz/ /api/DriverManager/PingDevice
02.09.2026 12:44:05	Information:	{
"Hash": "w9LjvpRCyoByGV3Lzv0iX9dSI0tLK0uV+pRojL1kufc=",
"Status": 0
}


02.09.2026 12:44:05	Information:	Ping ret is {"Status":0,"Comment":null}
02.09.2026 12:44:35	Information:	refresh tokens
02.09.2026 12:46:06	Information:	url https://lab-vko.dmed.kz/ /api/DriverManager/PingDevice
02.09.2026 12:46:06	Information:	{
"Hash": "w9LjvpRCyoByGV3Lzv0iX9dSI0tLK0uV+pRojL1kufc=",
"Status": 0
}


02.09.2026 12:46:06	Information:	Ping ret is {"Status":0,"Comment":null}
02.09.2026 12:48:06	Information:	url https://lab-vko.dmed.kz/ /api/DriverManager/PingDevice
02.09.2026 12:48:06	Information:	{
"Hash": "w9LjvpRCyoByGV3Lzv0iX9dSI0tLK0uV+pRojL1kufc=",
"Status": 0
}


02.09.2026 12:48:06	Information:	Ping ret is {"Status":0,"Comment":null}
02.09.2026 12:50:07	Information:	url https://lab-vko.dmed.kz/ /api/DriverManager/PingDevice
02.09.2026 12:50:07	Information:	{
"Hash": "w9LjvpRCyoByGV3Lzv0iX9dSI0tLK0uV+pRojL1kufc=",
"Status": 0
}


02.09.2026 12:50:07	Information:	Ping ret is {"Status":0,"Comment":null}
02.09.2026 12:52:07	Information:	url https://lab-vko.dmed.kz/ /api/DriverManager/PingDevice
02.09.2026 12:52:07	Information:	{
"Hash": "w9LjvpRCyoByGV3Lzv0iX9dSI0tLK0uV+pRojL1kufc=",
"Status": 0
}


02.09.2026 12:52:07	Information:	Ping ret is {"Status":0,"Comment":null}
02.09.2026 12:54:08	Information:	url https://lab-vko.dmed.kz/ /api/DriverManager/PingDevice
02.09.2026 12:54:08	Information:	{
"Hash": "w9LjvpRCyoByGV3Lzv0iX9dSI0tLK0uV+pRojL1kufc=",
"Status": 0
}


02.09.2026 12:54:08	Information:	Ping ret is {"Status":0,"Comment":null}
02.09.2026 12:54:35	Information:	refresh tokens
02.09.2026 12:56:08	Information:	url https://lab-vko.dmed.kz/ /api/DriverManager/PingDevice
02.09.2026 12:56:08	Information:	{
"Hash": "w9LjvpRCyoByGV3Lzv0iX9dSI0tLK0uV+pRojL1kufc=",
"Status": 0
}


02.09.2026 12:56:08	Information:	Ping ret is {"Status":0,"Comment":null}
02.09.2026 12:58:09	Information:	url https://lab-vko.dmed.kz/ /api/DriverManager/PingDevice
02.09.2026 12:58:09	Information:	{
"Hash": "w9LjvpRCyoByGV3Lzv0iX9dSI0tLK0uV+pRojL1kufc=",
"Status": 0
}


02.09.2026 12:58:09	Information:	Ping ret is {"Status":0,"Comment":null}
02.09.2026 13:00:09	Information:	url https://lab-vko.dmed.kz/ /api/DriverManager/PingDevice
02.09.2026 13:00:09	Information:	{
"Hash": "w9LjvpRCyoByGV3Lzv0iX9dSI0tLK0uV+pRojL1kufc=",
"Status": 0
}


02.09.2026 13:00:09	Information:	Ping ret is {"Status":0,"Comment":null}
02.09.2026 13:02:10	Information:	url https://lab-vko.dmed.kz/ /api/DriverManager/PingDevice
02.09.2026 13:02:10	Information:	{
"Hash": "w9LjvpRCyoByGV3Lzv0iX9dSI0tLK0uV+pRojL1kufc=",
"Status": 0
}


02.09.2026 13:02:10	Information:	Ping ret is {"Status":0,"Comment":null}
02.09.2026 13:04:10	Information:	url https://lab-vko.dmed.kz/ /api/DriverManager/PingDevice
02.09.2026 13:04:10	Information:	{
"Hash": "w9LjvpRCyoByGV3Lzv0iX9dSI0tLK0uV+pRojL1kufc=",
"Status": 0
}


02.09.2026 13:04:10	Information:	Ping ret is {"Status":0,"Comment":null}
02.09.2026 13:04:35	Information:	refresh tokens
02.09.2026 13:06:11	Information:	url https://lab-vko.dmed.kz/ /api/DriverManager/PingDevice
02.09.2026 13:06:11	Information:	{
"Hash": "w9LjvpRCyoByGV3Lzv0iX9dSI0tLK0uV+pRojL1kufc=",
"Status": 0
}


02.09.2026 13:06:11	Information:	Ping ret is {"Status":0,"Comment":null}
02.09.2026 13:08:11	Information:	url https://lab-vko.dmed.kz/ /api/DriverManager/PingDevice
02.09.2026 13:08:11	Information:	{
"Hash": "w9LjvpRCyoByGV3Lzv0iX9dSI0tLK0uV+pRojL1kufc=",
"Status": 0
}


02.09.2026 13:08:11	Information:	Ping ret is {"Status":0,"Comment":null}
02.09.2026 13:10:12	Information:	url https://lab-vko.dmed.kz/ /api/DriverManager/PingDevice
02.09.2026 13:10:12	Information:	{
"Hash": "w9LjvpRCyoByGV3Lzv0iX9dSI0tLK0uV+pRojL1kufc=",
"Status": 0
}


02.09.2026 13:10:12	Information:	Ping ret is {"Status":0,"Comment":null}
02.09.2026 13:12:12	Information:	url https://lab-vko.dmed.kz/ /api/DriverManager/PingDevice
02.09.2026 13:12:12	Information:	{
"Hash": "w9LjvpRCyoByGV3Lzv0iX9dSI0tLK0uV+pRojL1kufc=",
"Status": 0
}


02.09.2026 13:12:12	Information:	Ping ret is {"Status":0,"Comment":null}
02.09.2026 13:14:13	Information:	url https://lab-vko.dmed.kz/ /api/DriverManager/PingDevice
02.09.2026 13:14:13	Information:	{
"Hash": "w9LjvpRCyoByGV3Lzv0iX9dSI0tLK0uV+pRojL1kufc=",
"Status": 0
}


02.09.2026 13:14:13	Information:	Ping ret is {"Status":0,"Comment":null}
02.09.2026 13:14:35	Information:	refresh tokens
02.09.2026 13:16:14	Information:	url https://lab-vko.dmed.kz/ /api/DriverManager/PingDevice
02.09.2026 13:16:14	Information:	{
"Hash": "w9LjvpRCyoByGV3Lzv0iX9dSI0tLK0uV+pRojL1kufc=",
"Status": 0
}


02.09.2026 13:16:14	Information:	Ping ret is {"Status":0,"Comment":null}
02.09.2026 13:18:14	Information:	url https://lab-vko.dmed.kz/ /api/DriverManager/PingDevice
02.09.2026 13:18:14	Information:	{
"Hash": "w9LjvpRCyoByGV3Lzv0iX9dSI0tLK0uV+pRojL1kufc=",
"Status": 0
}


02.09.2026 13:18:14	Information:	Ping ret is {"Status":0,"Comment":null}
02.09.2026 13:20:15	Information:	url https://lab-vko.dmed.kz/ /api/DriverManager/PingDevice
02.09.2026 13:20:15	Information:	{
"Hash": "w9LjvpRCyoByGV3Lzv0iX9dSI0tLK0uV+pRojL1kufc=",
"Status": 0
}


02.09.2026 13:20:15	Information:	Ping ret is {"Status":0,"Comment":null}
02.09.2026 13:22:15	Information:	url https://lab-vko.dmed.kz/ /api/DriverManager/PingDevice
02.09.2026 13:22:15	Information:	{
"Hash": "w9LjvpRCyoByGV3Lzv0iX9dSI0tLK0uV+pRojL1kufc=",
"Status": 0
}


02.09.2026 13:22:15	Information:	Ping ret is {"Status":0,"Comment":null}
02.09.2026 13:24:15	Information:	url https://lab-vko.dmed.kz/ /api/DriverManager/PingDevice
02.09.2026 13:24:15	Information:	{
"Hash": "w9LjvpRCyoByGV3Lzv0iX9dSI0tLK0uV+pRojL1kufc=",
"Status": 0
}


02.09.2026 13:24:15	Information:	Ping ret is {"Status":0,"Comment":null}
02.09.2026 13:24:35	Information:	refresh tokens
02.09.2026 13:26:16	Information:	url https://lab-vko.dmed.kz/ /api/DriverManager/PingDevice
02.09.2026 13:26:16	Information:	{
"Hash": "w9LjvpRCyoByGV3Lzv0iX9dSI0tLK0uV+pRojL1kufc=",
"Status": 0
}


02.09.2026 13:26:16	Information:	Ping ret is {"Status":0,"Comment":null}
02.09.2026 13:28:17	Information:	url https://lab-vko.dmed.kz/ /api/DriverManager/PingDevice
02.09.2026 13:28:17	Information:	{
"Hash": "w9LjvpRCyoByGV3Lzv0iX9dSI0tLK0uV+pRojL1kufc=",
"Status": 0
}


02.09.2026 13:28:17	Information:	Ping ret is {"Status":0,"Comment":null}
02.09.2026 13:30:17	Information:	url https://lab-vko.dmed.kz/ /api/DriverManager/PingDevice
02.09.2026 13:30:17	Information:	{
"Hash": "w9LjvpRCyoByGV3Lzv0iX9dSI0tLK0uV+pRojL1kufc=",
"Status": 0
}


02.09.2026 13:30:17	Information:	Ping ret is {"Status":0,"Comment":null}
02.09.2026 13:32:18	Information:	url https://lab-vko.dmed.kz/ /api/DriverManager/PingDevice
02.09.2026 13:32:18	Information:	{
"Hash": "w9LjvpRCyoByGV3Lzv0iX9dSI0tLK0uV+pRojL1kufc=",
"Status": 0
}


02.09.2026 13:32:18	Information:	Ping ret is {"Status":0,"Comment":null}
02.09.2026 13:34:18	Information:	url https://lab-vko.dmed.kz/ /api/DriverManager/PingDevice
02.09.2026 13:34:18	Information:	{
"Hash": "w9LjvpRCyoByGV3Lzv0iX9dSI0tLK0uV+pRojL1kufc=",
"Status": 0
}


02.09.2026 13:34:18	Information:	Ping ret is {"Status":0,"Comment":null}
02.09.2026 13:34:35	Information:	refresh tokens
02.09.2026 13:36:19	Information:	url https://lab-vko.dmed.kz/ /api/DriverManager/PingDevice
02.09.2026 13:36:19	Information:	{
"Hash": "w9LjvpRCyoByGV3Lzv0iX9dSI0tLK0uV+pRojL1kufc=",
"Status": 0
}


02.09.2026 13:36:19	Information:	Ping ret is {"Status":0,"Comment":null}
02.09.2026 13:38:20	Information:	url https://lab-vko.dmed.kz/ /api/DriverManager/PingDevice
02.09.2026 13:38:20	Information:	{
"Hash": "w9LjvpRCyoByGV3Lzv0iX9dSI0tLK0uV+pRojL1kufc=",
"Status": 0
}


02.09.2026 13:38:20	Information:	Ping ret is {"Status":0,"Comment":null}
02.09.2026 13:40:20	Information:	url https://lab-vko.dmed.kz/ /api/DriverManager/PingDevice
02.09.2026 13:40:20	Information:	{
"Hash": "w9LjvpRCyoByGV3Lzv0iX9dSI0tLK0uV+pRojL1kufc=",
"Status": 0
}


02.09.2026 13:40:20	Information:	Ping ret is {"Status":0,"Comment":null}
02.09.2026 13:42:21	Information:	url https://lab-vko.dmed.kz/ /api/DriverManager/PingDevice
02.09.2026 13:42:21	Information:	{
"Hash": "w9LjvpRCyoByGV3Lzv0iX9dSI0tLK0uV+pRojL1kufc=",
"Status": 0
}


02.09.2026 13:42:21	Information:	Ping ret is {"Status":0,"Comment":null}
02.09.2026 13:44:21	Information:	url https://lab-vko.dmed.kz/ /api/DriverManager/PingDevice
02.09.2026 13:44:21	Information:	{
"Hash": "w9LjvpRCyoByGV3Lzv0iX9dSI0tLK0uV+pRojL1kufc=",
"Status": 0
}


02.09.2026 13:44:21	Information:	Ping ret is {"Status":0,"Comment":null}
02.09.2026 13:44:36	Information:	refresh tokens
02.09.2026 13:46:22	Information:	url https://lab-vko.dmed.kz/ /api/DriverManager/PingDevice
02.09.2026 13:46:22	Information:	{
"Hash": "w9LjvpRCyoByGV3Lzv0iX9dSI0tLK0uV+pRojL1kufc=",
"Status": 0
}


02.09.2026 13:46:22	Information:	Ping ret is {"Status":0,"Comment":null}
02.09.2026 13:48:22	Information:	url https://lab-vko.dmed.kz/ /api/DriverManager/PingDevice
02.09.2026 13:48:22	Information:	{
"Hash": "w9LjvpRCyoByGV3Lzv0iX9dSI0tLK0uV+pRojL1kufc=",
"Status": 0
}


02.09.2026 13:48:22	Information:	Ping ret is {"Status":0,"Comment":null}
02.09.2026 13:50:23	Information:	url https://lab-vko.dmed.kz/ /api/DriverManager/PingDevice
02.09.2026 13:50:23	Information:	{
"Hash": "w9LjvpRCyoByGV3Lzv0iX9dSI0tLK0uV+pRojL1kufc=",
"Status": 0
}


02.09.2026 13:50:23	Information:	Ping ret is {"Status":0,"Comment":null}
02.09.2026 13:52:24	Information:	url https://lab-vko.dmed.kz/ /api/DriverManager/PingDevice
02.09.2026 13:52:24	Information:	{
"Hash": "w9LjvpRCyoByGV3Lzv0iX9dSI0tLK0uV+pRojL1kufc=",
"Status": 0
}


02.09.2026 13:52:24	Information:	Ping ret is {"Status":0,"Comment":null}
02.09.2026 13:54:24	Information:	url https://lab-vko.dmed.kz/ /api/DriverManager/PingDevice
02.09.2026 13:54:24	Information:	{
"Hash": "w9LjvpRCyoByGV3Lzv0iX9dSI0tLK0uV+pRojL1kufc=",
"Status": 0
}


02.09.2026 13:54:24	Information:	Ping ret is {"Status":0,"Comment":null}
02.09.2026 13:54:36	Information:	refresh tokens
02.09.2026 13:56:25	Information:	url https://lab-vko.dmed.kz/ /api/DriverManager/PingDevice
02.09.2026 13:56:25	Information:	{
"Hash": "w9LjvpRCyoByGV3Lzv0iX9dSI0tLK0uV+pRojL1kufc=",
"Status": 0
}


02.09.2026 13:56:25	Information:	Ping ret is {"Status":0,"Comment":null}
02.09.2026 13:58:26	Information:	url https://lab-vko.dmed.kz/ /api/DriverManager/PingDevice
02.09.2026 13:58:26	Information:	{
"Hash": "w9LjvpRCyoByGV3Lzv0iX9dSI0tLK0uV+pRojL1kufc=",
"Status": 0
}


02.09.2026 13:58:26	Information:	Ping ret is {"Status":0,"Comment":null}
02.09.2026 14:00:26	Information:	url https://lab-vko.dmed.kz/ /api/DriverManager/PingDevice
02.09.2026 14:00:26	Information:	{
"Hash": "w9LjvpRCyoByGV3Lzv0iX9dSI0tLK0uV+pRojL1kufc=",
"Status": 0
}


02.09.2026 14:00:26	Information:	Ping ret is {"Status":0,"Comment":null}
02.09.2026 14:02:27	Information:	url https://lab-vko.dmed.kz/ /api/DriverManager/PingDevice
02.09.2026 14:02:27	Information:	{
"Hash": "w9LjvpRCyoByGV3Lzv0iX9dSI0tLK0uV+pRojL1kufc=",
"Status": 0
}


02.09.2026 14:02:27	Information:	Ping ret is {"Status":0,"Comment":null}
02.09.2026 14:04:27	Information:	url https://lab-vko.dmed.kz/ /api/DriverManager/PingDevice
02.09.2026 14:04:27	Information:	{
"Hash": "w9LjvpRCyoByGV3Lzv0iX9dSI0tLK0uV+pRojL1kufc=",
"Status": 0
}


02.09.2026 14:04:27	Information:	Ping ret is {"Status":0,"Comment":null}
02.09.2026 14:04:36	Information:	refresh tokens
02.09.2026 14:06:28	Information:	url https://lab-vko.dmed.kz/ /api/DriverManager/PingDevice
02.09.2026 14:06:28	Information:	{
"Hash": "w9LjvpRCyoByGV3Lzv0iX9dSI0tLK0uV+pRojL1kufc=",
"Status": 0
}


02.09.2026 14:06:28	Information:	Ping ret is {"Status":0,"Comment":null}
02.09.2026 14:08:28	Information:	url https://lab-vko.dmed.kz/ /api/DriverManager/PingDevice
02.09.2026 14:08:28	Information:	{
"Hash": "w9LjvpRCyoByGV3Lzv0iX9dSI0tLK0uV+pRojL1kufc=",
"Status": 0
}


02.09.2026 14:08:28	Information:	Ping ret is {"Status":0,"Comment":null}
02.09.2026 14:10:29	Information:	url https://lab-vko.dmed.kz/ /api/DriverManager/PingDevice
02.09.2026 14:10:29	Information:	{
"Hash": "w9LjvpRCyoByGV3Lzv0iX9dSI0tLK0uV+pRojL1kufc=",
"Status": 0
}


02.09.2026 14:10:29	Information:	Ping ret is {"Status":0,"Comment":null}
02.09.2026 14:12:29	Information:	url https://lab-vko.dmed.kz/ /api/DriverManager/PingDevice
02.09.2026 14:12:29	Information:	{
"Hash": "w9LjvpRCyoByGV3Lzv0iX9dSI0tLK0uV+pRojL1kufc=",
"Status": 0
}


02.09.2026 14:12:29	Information:	Ping ret is {"Status":0,"Comment":null}
02.09.2026 14:14:30	Information:	url https://lab-vko.dmed.kz/ /api/DriverManager/PingDevice
02.09.2026 14:14:30	Information:	{
"Hash": "w9LjvpRCyoByGV3Lzv0iX9dSI0tLK0uV+pRojL1kufc=",
"Status": 0
}


02.09.2026 14:14:30	Information:	Ping ret is {"Status":0,"Comment":null}
02.09.2026 14:14:36	Information:	refresh tokens
02.09.2026 14:16:31	Information:	url https://lab-vko.dmed.kz/ /api/DriverManager/PingDevice
02.09.2026 14:16:31	Information:	{
"Hash": "w9LjvpRCyoByGV3Lzv0iX9dSI0tLK0uV+pRojL1kufc=",
"Status": 0
}


02.09.2026 14:16:31	Information:	Ping ret is {"Status":0,"Comment":null}
02.09.2026 14:18:31	Information:	url https://lab-vko.dmed.kz/ /api/DriverManager/PingDevice
02.09.2026 14:18:31	Information:	{
"Hash": "w9LjvpRCyoByGV3Lzv0iX9dSI0tLK0uV+pRojL1kufc=",
"Status": 0
}


02.09.2026 14:18:31	Information:	Ping ret is {"Status":0,"Comment":null}
02.09.2026 14:20:32	Information:	url https://lab-vko.dmed.kz/ /api/DriverManager/PingDevice
02.09.2026 14:20:32	Information:	{
"Hash": "w9LjvpRCyoByGV3Lzv0iX9dSI0tLK0uV+pRojL1kufc=",
"Status": 0
}


02.09.2026 14:20:32	Information:	Ping ret is {"Status":0,"Comment":null}
02.09.2026 14:22:32	Information:	url https://lab-vko.dmed.kz/ /api/DriverManager/PingDevice
02.09.2026 14:22:32	Information:	{
"Hash": "w9LjvpRCyoByGV3Lzv0iX9dSI0tLK0uV+pRojL1kufc=",
"Status": 0
}


02.09.2026 14:22:32	Information:	Ping ret is {"Status":0,"Comment":null}
02.09.2026 14:24:33	Information:	url https://lab-vko.dmed.kz/ /api/DriverManager/PingDevice
02.09.2026 14:24:33	Information:	{
"Hash": "w9LjvpRCyoByGV3Lzv0iX9dSI0tLK0uV+pRojL1kufc=",
"Status": 0
}


02.09.2026 14:24:33	Information:	Ping ret is {"Status":0,"Comment":null}
02.09.2026 14:24:36	Information:	refresh tokens
02.09.2026 14:26:33	Information:	url https://lab-vko.dmed.kz/ /api/DriverManager/PingDevice
02.09.2026 14:26:33	Information:	{
"Hash": "w9LjvpRCyoByGV3Lzv0iX9dSI0tLK0uV+pRojL1kufc=",
"Status": 0
}


02.09.2026 14:26:33	Information:	Ping ret is {"Status":0,"Comment":null}
02.09.2026 14:28:33	Information:	url https://lab-vko.dmed.kz/ /api/DriverManager/PingDevice
02.09.2026 14:28:33	Information:	{
"Hash": "w9LjvpRCyoByGV3Lzv0iX9dSI0tLK0uV+pRojL1kufc=",
"Status": 0
}


02.09.2026 14:28:33	Information:	Ping ret is {"Status":0,"Comment":null}
02.09.2026 14:30:34	Information:	url https://lab-vko.dmed.kz/ /api/DriverManager/PingDevice
02.09.2026 14:30:34	Information:	{
"Hash": "w9LjvpRCyoByGV3Lzv0iX9dSI0tLK0uV+pRojL1kufc=",
"Status": 0
}


02.09.2026 14:30:34	Information:	Ping ret is {"Status":0,"Comment":null}
02.09.2026 14:32:34	Information:	url https://lab-vko.dmed.kz/ /api/DriverManager/PingDevice
02.09.2026 14:32:34	Information:	{
"Hash": "w9LjvpRCyoByGV3Lzv0iX9dSI0tLK0uV+pRojL1kufc=",
"Status": 0
}


02.09.2026 14:32:34	Information:	Ping ret is {"Status":0,"Comment":null}
02.09.2026 14:34:35	Information:	url https://lab-vko.dmed.kz/ /api/DriverManager/PingDevice
02.09.2026 14:34:35	Information:	{
"Hash": "w9LjvpRCyoByGV3Lzv0iX9dSI0tLK0uV+pRojL1kufc=",
"Status": 0
}


02.09.2026 14:34:35	Information:	Ping ret is {"Status":0,"Comment":null}
02.09.2026 14:34:36	Information:	refresh tokens
02.09.2026 14:36:35	Information:	url https://lab-vko.dmed.kz/ /api/DriverManager/PingDevice
02.09.2026 14:36:35	Information:	{
"Hash": "w9LjvpRCyoByGV3Lzv0iX9dSI0tLK0uV+pRojL1kufc=",
"Status": 0
}


02.09.2026 14:36:35	Information:	Ping ret is {"Status":0,"Comment":null}
02.09.2026 14:38:36	Information:	url https://lab-vko.dmed.kz/ /api/DriverManager/PingDevice
02.09.2026 14:38:36	Information:	{
"Hash": "w9LjvpRCyoByGV3Lzv0iX9dSI0tLK0uV+pRojL1kufc=",
"Status": 0
}


02.09.2026 14:38:36	Information:	Ping ret is {"Status":0,"Comment":null}
02.09.2026 14:40:36	Information:	url https://lab-vko.dmed.kz/ /api/DriverManager/PingDevice
02.09.2026 14:40:36	Information:	{
"Hash": "w9LjvpRCyoByGV3Lzv0iX9dSI0tLK0uV+pRojL1kufc=",
"Status": 0
}


02.09.2026 14:40:36	Information:	Ping ret is {"Status":0,"Comment":null}
02.09.2026 14:42:37	Information:	url https://lab-vko.dmed.kz/ /api/DriverManager/PingDevice
02.09.2026 14:42:37	Information:	{
"Hash": "w9LjvpRCyoByGV3Lzv0iX9dSI0tLK0uV+pRojL1kufc=",
"Status": 0
}


02.09.2026 14:42:37	Information:	Ping ret is {"Status":0,"Comment":null}
02.09.2026 14:44:36	Information:	refresh tokens
02.09.2026 14:44:37	Information:	url https://lab-vko.dmed.kz/ /api/DriverManager/PingDevice
02.09.2026 14:44:37	Information:	{
"Hash": "w9LjvpRCyoByGV3Lzv0iX9dSI0tLK0uV+pRojL1kufc=",
"Status": 0
}


02.09.2026 14:44:37	Information:	Ping ret is {"Status":0,"Comment":null}
02.09.2026 14:46:38	Information:	url https://lab-vko.dmed.kz/ /api/DriverManager/PingDevice
02.09.2026 14:46:38	Information:	{
"Hash": "w9LjvpRCyoByGV3Lzv0iX9dSI0tLK0uV+pRojL1kufc=",
"Status": 0
}


02.09.2026 14:46:38	Information:	Ping ret is {"Status":0,"Comment":null}
02.09.2026 14:48:39	Information:	url https://lab-vko.dmed.kz/ /api/DriverManager/PingDevice
02.09.2026 14:48:39	Information:	{
"Hash": "w9LjvpRCyoByGV3Lzv0iX9dSI0tLK0uV+pRojL1kufc=",
"Status": 0
}


02.09.2026 14:48:39	Information:	Ping ret is {"Status":0,"Comment":null}
02.09.2026 14:50:39	Information:	url https://lab-vko.dmed.kz/ /api/DriverManager/PingDevice
02.09.2026 14:50:39	Information:	{
"Hash": "w9LjvpRCyoByGV3Lzv0iX9dSI0tLK0uV+pRojL1kufc=",
"Status": 0
}


02.09.2026 14:50:39	Information:	Ping ret is {"Status":0,"Comment":null}
02.09.2026 14:52:40	Information:	url https://lab-vko.dmed.kz/ /api/DriverManager/PingDevice
02.09.2026 14:52:40	Information:	{
"Hash": "w9LjvpRCyoByGV3Lzv0iX9dSI0tLK0uV+pRojL1kufc=",
"Status": 0
}


02.09.2026 14:52:40	Information:	Ping ret is {"Status":0,"Comment":null}
02.09.2026 14:54:36	Information:	refresh tokens
02.09.2026 14:54:40	Information:	url https://lab-vko.dmed.kz/ /api/DriverManager/PingDevice
02.09.2026 14:54:40	Information:	{
"Hash": "w9LjvpRCyoByGV3Lzv0iX9dSI0tLK0uV+pRojL1kufc=",
"Status": 0
}


02.09.2026 14:54:40	Information:	Ping ret is {"Status":0,"Comment":null}
02.09.2026 14:56:41	Information:	url https://lab-vko.dmed.kz/ /api/DriverManager/PingDevice
02.09.2026 14:56:41	Information:	{
"Hash": "w9LjvpRCyoByGV3Lzv0iX9dSI0tLK0uV+pRojL1kufc=",
"Status": 0
}


02.09.2026 14:56:41	Information:	Ping ret is {"Status":0,"Comment":null}
02.09.2026 14:58:41	Information:	url https://lab-vko.dmed.kz/ /api/DriverManager/PingDevice
02.09.2026 14:58:41	Information:	{
"Hash": "w9LjvpRCyoByGV3Lzv0iX9dSI0tLK0uV+pRojL1kufc=",
"Status": 0
}


02.09.2026 14:58:41	Information:	Ping ret is {"Status":0,"Comment":null}
02.09.2026 15:00:42	Information:	url https://lab-vko.dmed.kz/ /api/DriverManager/PingDevice
02.09.2026 15:00:42	Information:	{
"Hash": "w9LjvpRCyoByGV3Lzv0iX9dSI0tLK0uV+pRojL1kufc=",
"Status": 0
}


02.09.2026 15:00:42	Information:	Ping ret is {"Status":0,"Comment":null}
02.09.2026 15:02:42	Information:	url https://lab-vko.dmed.kz/ /api/DriverManager/PingDevice
02.09.2026 15:02:42	Information:	{
"Hash": "w9LjvpRCyoByGV3Lzv0iX9dSI0tLK0uV+pRojL1kufc=",
"Status": 0
}


02.09.2026 15:02:42	Information:	Ping ret is {"Status":0,"Comment":null}
02.09.2026 15:04:36	Information:	refresh tokens
02.09.2026 15:04:43	Information:	url https://lab-vko.dmed.kz/ /api/DriverManager/PingDevice
02.09.2026 15:04:43	Information:	{
"Hash": "w9LjvpRCyoByGV3Lzv0iX9dSI0tLK0uV+pRojL1kufc=",
"Status": 0
}


02.09.2026 15:04:43	Information:	Ping ret is {"Status":0,"Comment":null}
02.09.2026 15:06:43	Information:	url https://lab-vko.dmed.kz/ /api/DriverManager/PingDevice
02.09.2026 15:06:43	Information:	{
"Hash": "w9LjvpRCyoByGV3Lzv0iX9dSI0tLK0uV+pRojL1kufc=",
"Status": 0
}


02.09.2026 15:06:43	Information:	Ping ret is {"Status":0,"Comment":null}
02.09.2026 15:08:44	Information:	url https://lab-vko.dmed.kz/ /api/DriverManager/PingDevice
02.09.2026 15:08:44	Information:	{
"Hash": "w9LjvpRCyoByGV3Lzv0iX9dSI0tLK0uV+pRojL1kufc=",
"Status": 0
}


02.09.2026 15:08:44	Information:	Ping ret is {"Status":0,"Comment":null}
02.09.2026 15:10:45	Information:	url https://lab-vko.dmed.kz/ /api/DriverManager/PingDevice
02.09.2026 15:10:45	Information:	{
"Hash": "w9LjvpRCyoByGV3Lzv0iX9dSI0tLK0uV+pRojL1kufc=",
"Status": 0
}


02.09.2026 15:10:45	Information:	Ping ret is {"Status":0,"Comment":null}
02.09.2026 15:12:45	Information:	url https://lab-vko.dmed.kz/ /api/DriverManager/PingDevice
02.09.2026 15:12:45	Information:	{
"Hash": "w9LjvpRCyoByGV3Lzv0iX9dSI0tLK0uV+pRojL1kufc=",
"Status": 0
}


02.09.2026 15:12:45	Information:	Ping ret is {"Status":0,"Comment":null}
02.09.2026 15:14:36	Information:	refresh tokens
02.09.2026 15:14:46	Information:	url https://lab-vko.dmed.kz/ /api/DriverManager/PingDevice
02.09.2026 15:14:46	Information:	{
"Hash": "w9LjvpRCyoByGV3Lzv0iX9dSI0tLK0uV+pRojL1kufc=",
"Status": 0
}


02.09.2026 15:14:46	Information:	Ping ret is {"Status":0,"Comment":null}
02.09.2026 15:16:46	Information:	url https://lab-vko.dmed.kz/ /api/DriverManager/PingDevice
02.09.2026 15:16:46	Information:	{
"Hash": "w9LjvpRCyoByGV3Lzv0iX9dSI0tLK0uV+pRojL1kufc=",
"Status": 0
}


02.09.2026 15:16:46	Information:	Ping ret is {"Status":0,"Comment":null}
02.09.2026 15:18:47	Information:	url https://lab-vko.dmed.kz/ /api/DriverManager/PingDevice
02.09.2026 15:18:47	Information:	{
"Hash": "w9LjvpRCyoByGV3Lzv0iX9dSI0tLK0uV+pRojL1kufc=",
"Status": 0
}


02.09.2026 15:18:47	Information:	Ping ret is {"Status":0,"Comment":null}
02.09.2026 15:20:47	Information:	url https://lab-vko.dmed.kz/ /api/DriverManager/PingDevice
02.09.2026 15:20:47	Information:	{
"Hash": "w9LjvpRCyoByGV3Lzv0iX9dSI0tLK0uV+pRojL1kufc=",
"Status": 0
}


02.09.2026 15:20:47	Information:	Ping ret is {"Status":0,"Comment":null}
02.09.2026 15:22:48	Information:	url https://lab-vko.dmed.kz/ /api/DriverManager/PingDevice
02.09.2026 15:22:48	Information:	{
"Hash": "w9LjvpRCyoByGV3Lzv0iX9dSI0tLK0uV+pRojL1kufc=",
"Status": 0
}


02.09.2026 15:22:48	Information:	Ping ret is {"Status":0,"Comment":null}
02.09.2026 15:24:36	Information:	refresh tokens
02.09.2026 15:24:48	Information:	url https://lab-vko.dmed.kz/ /api/DriverManager/PingDevice
02.09.2026 15:24:48	Information:	{
"Hash": "w9LjvpRCyoByGV3Lzv0iX9dSI0tLK0uV+pRojL1kufc=",
"Status": 0
}


02.09.2026 15:24:48	Information:	Ping ret is {"Status":0,"Comment":null}
02.09.2026 15:26:49	Information:	url https://lab-vko.dmed.kz/ /api/DriverManager/PingDevice
02.09.2026 15:26:49	Information:	{
"Hash": "w9LjvpRCyoByGV3Lzv0iX9dSI0tLK0uV+pRojL1kufc=",
"Status": 0
}


02.09.2026 15:26:49	Information:	Ping ret is {"Status":0,"Comment":null}
02.09.2026 15:28:50	Information:	url https://lab-vko.dmed.kz/ /api/DriverManager/PingDevice
02.09.2026 15:28:50	Information:	{
"Hash": "w9LjvpRCyoByGV3Lzv0iX9dSI0tLK0uV+pRojL1kufc=",
"Status": 0
}


02.09.2026 15:28:50	Information:	Ping ret is {"Status":0,"Comment":null}
02.09.2026 15:30:50	Information:	url https://lab-vko.dmed.kz/ /api/DriverManager/PingDevice
02.09.2026 15:30:50	Information:	{
"Hash": "w9LjvpRCyoByGV3Lzv0iX9dSI0tLK0uV+pRojL1kufc=",
"Status": 0
}


02.09.2026 15:30:50	Information:	Ping ret is {"Status":0,"Comment":null}
02.09.2026 15:32:51	Information:	url https://lab-vko.dmed.kz/ /api/DriverManager/PingDevice
02.09.2026 15:32:51	Information:	{
"Hash": "w9LjvpRCyoByGV3Lzv0iX9dSI0tLK0uV+pRojL1kufc=",
"Status": 0
}


02.09.2026 15:32:51	Information:	Ping ret is {"Status":0,"Comment":null}
02.09.2026 15:34:36	Information:	refresh tokens
02.09.2026 15:34:51	Information:	url https://lab-vko.dmed.kz/ /api/DriverManager/PingDevice
02.09.2026 15:34:51	Information:	{
"Hash": "w9LjvpRCyoByGV3Lzv0iX9dSI0tLK0uV+pRojL1kufc=",
"Status": 0
}


02.09.2026 15:34:51	Information:	Ping ret is {"Status":0,"Comment":null}
02.09.2026 15:36:52	Information:	url https://lab-vko.dmed.kz/ /api/DriverManager/PingDevice
02.09.2026 15:36:52	Information:	{
"Hash": "w9LjvpRCyoByGV3Lzv0iX9dSI0tLK0uV+pRojL1kufc=",
"Status": 0
}


02.09.2026 15:36:52	Information:	Ping ret is {"Status":0,"Comment":null}
02.09.2026 15:38:52	Information:	url https://lab-vko.dmed.kz/ /api/DriverManager/PingDevice
02.09.2026 15:38:52	Information:	{
"Hash": "w9LjvpRCyoByGV3Lzv0iX9dSI0tLK0uV+pRojL1kufc=",
"Status": 0
}


02.09.2026 15:38:52	Information:	Ping ret is {"Status":0,"Comment":null}
02.09.2026 15:40:53	Information:	url https://lab-vko.dmed.kz/ /api/DriverManager/PingDevice
02.09.2026 15:40:53	Information:	{
"Hash": "w9LjvpRCyoByGV3Lzv0iX9dSI0tLK0uV+pRojL1kufc=",
"Status": 0
}


02.09.2026 15:40:53	Information:	Ping ret is {"Status":0,"Comment":null}
02.09.2026 15:42:54	Information:	url https://lab-vko.dmed.kz/ /api/DriverManager/PingDevice
02.09.2026 15:42:54	Information:	{
"Hash": "w9LjvpRCyoByGV3Lzv0iX9dSI0tLK0uV+pRojL1kufc=",
"Status": 0
}


02.09.2026 15:42:54	Information:	Ping ret is {"Status":0,"Comment":null}
02.09.2026 15:44:36	Information:	refresh tokens
02.09.2026 15:44:55	Information:	url https://lab-vko.dmed.kz/ /api/DriverManager/PingDevice
02.09.2026 15:44:55	Information:	{
"Hash": "w9LjvpRCyoByGV3Lzv0iX9dSI0tLK0uV+pRojL1kufc=",
"Status": 0
}


02.09.2026 15:44:55	Information:	Ping ret is {"Status":0,"Comment":null}
02.09.2026 15:46:55	Information:	url https://lab-vko.dmed.kz/ /api/DriverManager/PingDevice
02.09.2026 15:46:55	Information:	{
"Hash": "w9LjvpRCyoByGV3Lzv0iX9dSI0tLK0uV+pRojL1kufc=",
"Status": 0
}


02.09.2026 15:46:55	Information:	Ping ret is {"Status":0,"Comment":null}
02.09.2026 15:48:56	Information:	url https://lab-vko.dmed.kz/ /api/DriverManager/PingDevice
02.09.2026 15:48:56	Information:	{
"Hash": "w9LjvpRCyoByGV3Lzv0iX9dSI0tLK0uV+pRojL1kufc=",
"Status": 0
}


02.09.2026 15:48:56	Information:	Ping ret is {"Status":0,"Comment":null}
02.09.2026 15:50:56	Information:	url https://lab-vko.dmed.kz/ /api/DriverManager/PingDevice
02.09.2026 15:50:56	Information:	{
"Hash": "w9LjvpRCyoByGV3Lzv0iX9dSI0tLK0uV+pRojL1kufc=",
"Status": 0
}


02.09.2026 15:50:56	Information:	Ping ret is {"Status":0,"Comment":null}
02.09.2026 15:52:57	Information:	url https://lab-vko.dmed.kz/ /api/DriverManager/PingDevice
02.09.2026 15:52:57	Information:	{
"Hash": "w9LjvpRCyoByGV3Lzv0iX9dSI0tLK0uV+pRojL1kufc=",
"Status": 0
}


02.09.2026 15:52:57	Information:	Ping ret is {"Status":0,"Comment":null}
02.09.2026 15:54:36	Information:	refresh tokens
02.09.2026 15:54:57	Information:	url https://lab-vko.dmed.kz/ /api/DriverManager/PingDevice
02.09.2026 15:54:57	Information:	{
"Hash": "w9LjvpRCyoByGV3Lzv0iX9dSI0tLK0uV+pRojL1kufc=",
"Status": 0
}


02.09.2026 15:54:57	Information:	Ping ret is {"Status":0,"Comment":null}
02.09.2026 15:56:58	Information:	url https://lab-vko.dmed.kz/ /api/DriverManager/PingDevice
02.09.2026 15:56:58	Information:	{
"Hash": "w9LjvpRCyoByGV3Lzv0iX9dSI0tLK0uV+pRojL1kufc=",
"Status": 0
}


02.09.2026 15:56:58	Information:	Ping ret is {"Status":0,"Comment":null}
02.09.2026 15:58:59	Information:	url https://lab-vko.dmed.kz/ /api/DriverManager/PingDevice
02.09.2026 15:58:59	Information:	{
"Hash": "w9LjvpRCyoByGV3Lzv0iX9dSI0tLK0uV+pRojL1kufc=",
"Status": 0
}


02.09.2026 15:58:59	Information:	Ping ret is {"Status":0,"Comment":null}
02.09.2026 16:00:59	Information:	url https://lab-vko.dmed.kz/ /api/DriverManager/PingDevice
02.09.2026 16:00:59	Information:	{
"Hash": "w9LjvpRCyoByGV3Lzv0iX9dSI0tLK0uV+pRojL1kufc=",
"Status": 0
}


02.09.2026 16:00:59	Information:	Ping ret is {"Status":0,"Comment":null}
02.09.2026 16:03:00	Information:	url https://lab-vko.dmed.kz/ /api/DriverManager/PingDevice
02.09.2026 16:03:00	Information:	{
"Hash": "w9LjvpRCyoByGV3Lzv0iX9dSI0tLK0uV+pRojL1kufc=",
"Status": 0
}


02.09.2026 16:03:00	Information:	Ping ret is {"Status":0,"Comment":null}
02.09.2026 16:04:36	Information:	refresh tokens
02.09.2026 16:05:00	Information:	url https://lab-vko.dmed.kz/ /api/DriverManager/PingDevice
02.09.2026 16:05:00	Information:	{
"Hash": "w9LjvpRCyoByGV3Lzv0iX9dSI0tLK0uV+pRojL1kufc=",
"Status": 0
}


02.09.2026 16:05:00	Information:	Ping ret is {"Status":0,"Comment":null}
02.09.2026 16:07:01	Information:	url https://lab-vko.dmed.kz/ /api/DriverManager/PingDevice
02.09.2026 16:07:01	Information:	{
"Hash": "w9LjvpRCyoByGV3Lzv0iX9dSI0tLK0uV+pRojL1kufc=",
"Status": 0
}


02.09.2026 16:07:01	Information:	Ping ret is {"Status":0,"Comment":null}
02.09.2026 16:09:01	Information:	url https://lab-vko.dmed.kz/ /api/DriverManager/PingDevice
02.09.2026 16:09:01	Information:	{
"Hash": "w9LjvpRCyoByGV3Lzv0iX9dSI0tLK0uV+pRojL1kufc=",
"Status": 0
}


02.09.2026 16:09:01	Information:	Ping ret is {"Status":0,"Comment":null}
02.09.2026 16:11:02	Information:	url https://lab-vko.dmed.kz/ /api/DriverManager/PingDevice
02.09.2026 16:11:02	Information:	{
"Hash": "w9LjvpRCyoByGV3Lzv0iX9dSI0tLK0uV+pRojL1kufc=",
"Status": 0
}


02.09.2026 16:11:02	Information:	Ping ret is {"Status":0,"Comment":null}
02.09.2026 16:13:02	Information:	url https://lab-vko.dmed.kz/ /api/DriverManager/PingDevice
02.09.2026 16:13:02	Information:	{
"Hash": "w9LjvpRCyoByGV3Lzv0iX9dSI0tLK0uV+pRojL1kufc=",
"Status": 0
}


02.09.2026 16:13:02	Information:	Ping ret is {"Status":0,"Comment":null}
02.09.2026 16:14:36	Information:	refresh tokens
02.09.2026 16:15:03	Information:	url https://lab-vko.dmed.kz/ /api/DriverManager/PingDevice
02.09.2026 16:15:03	Information:	{
"Hash": "w9LjvpRCyoByGV3Lzv0iX9dSI0tLK0uV+pRojL1kufc=",
"Status": 0
}


02.09.2026 16:15:03	Information:	Ping ret is {"Status":0,"Comment":null}
02.09.2026 16:17:03	Information:	url https://lab-vko.dmed.kz/ /api/DriverManager/PingDevice
02.09.2026 16:17:03	Information:	{
"Hash": "w9LjvpRCyoByGV3Lzv0iX9dSI0tLK0uV+pRojL1kufc=",
"Status": 0
}


02.09.2026 16:17:03	Information:	Ping ret is {"Status":0,"Comment":null}
02.09.2026 16:19:04	Information:	url https://lab-vko.dmed.kz/ /api/DriverManager/PingDevice
02.09.2026 16:19:04	Information:	{
"Hash": "w9LjvpRCyoByGV3Lzv0iX9dSI0tLK0uV+pRojL1kufc=",
"Status": 0
}


02.09.2026 16:19:04	Information:	Ping ret is {"Status":0,"Comment":null}
02.09.2026 16:21:05	Information:	url https://lab-vko.dmed.kz/ /api/DriverManager/PingDevice
02.09.2026 16:21:05	Information:	{
"Hash": "w9LjvpRCyoByGV3Lzv0iX9dSI0tLK0uV+pRojL1kufc=",
"Status": 0
}


02.09.2026 16:21:05	Information:	Ping ret is {"Status":0,"Comment":null}
02.09.2026 16:23:05	Information:	url https://lab-vko.dmed.kz/ /api/DriverManager/PingDevice
02.09.2026 16:23:05	Information:	{
"Hash": "w9LjvpRCyoByGV3Lzv0iX9dSI0tLK0uV+pRojL1kufc=",
"Status": 0
}


02.09.2026 16:23:05	Information:	Ping ret is {"Status":0,"Comment":null}
02.09.2026 16:24:36	Information:	refresh tokens
02.09.2026 16:25:06	Information:	url https://lab-vko.dmed.kz/ /api/DriverManager/PingDevice
02.09.2026 16:25:06	Information:	{
"Hash": "w9LjvpRCyoByGV3Lzv0iX9dSI0tLK0uV+pRojL1kufc=",
"Status": 0
}


02.09.2026 16:25:06	Information:	Ping ret is {"Status":0,"Comment":null}
02.09.2026 16:27:06	Information:	url https://lab-vko.dmed.kz/ /api/DriverManager/PingDevice
02.09.2026 16:27:06	Information:	{
"Hash": "w9LjvpRCyoByGV3Lzv0iX9dSI0tLK0uV+pRojL1kufc=",
"Status": 0
}


02.09.2026 16:27:06	Information:	Ping ret is {"Status":0,"Comment":null}
02.09.2026 16:29:07	Information:	url https://lab-vko.dmed.kz/ /api/DriverManager/PingDevice
02.09.2026 16:29:07	Information:	{
"Hash": "w9LjvpRCyoByGV3Lzv0iX9dSI0tLK0uV+pRojL1kufc=",
"Status": 0
}


02.09.2026 16:29:07	Information:	Ping ret is {"Status":0,"Comment":null}
02.09.2026 16:31:07	Information:	url https://lab-vko.dmed.kz/ /api/DriverManager/PingDevice
02.09.2026 16:31:07	Information:	{
"Hash": "w9LjvpRCyoByGV3Lzv0iX9dSI0tLK0uV+pRojL1kufc=",
"Status": 0
}


02.09.2026 16:31:07	Information:	Ping ret is {"Status":0,"Comment":null}
02.09.2026 16:33:08	Information:	url https://lab-vko.dmed.kz/ /api/DriverManager/PingDevice
02.09.2026 16:33:08	Information:	{
"Hash": "w9LjvpRCyoByGV3Lzv0iX9dSI0tLK0uV+pRojL1kufc=",
"Status": 0
}


02.09.2026 16:33:08	Information:	Ping ret is {"Status":0,"Comment":null}
02.09.2026 16:34:36	Information:	refresh tokens
02.09.2026 16:35:08	Information:	url https://lab-vko.dmed.kz/ /api/DriverManager/PingDevice
02.09.2026 16:35:08	Information:	{
"Hash": "w9LjvpRCyoByGV3Lzv0iX9dSI0tLK0uV+pRojL1kufc=",
"Status": 0
}


02.09.2026 16:35:08	Information:	Ping ret is {"Status":0,"Comment":null}
02.09.2026 16:37:09	Information:	url https://lab-vko.dmed.kz/ /api/DriverManager/PingDevice
02.09.2026 16:37:09	Information:	{
"Hash": "w9LjvpRCyoByGV3Lzv0iX9dSI0tLK0uV+pRojL1kufc=",
"Status": 0
}


02.09.2026 16:37:09	Information:	Ping ret is {"Status":0,"Comment":null}
02.09.2026 16:39:09	Information:	url https://lab-vko.dmed.kz/ /api/DriverManager/PingDevice
02.09.2026 16:39:09	Information:	{
"Hash": "w9LjvpRCyoByGV3Lzv0iX9dSI0tLK0uV+pRojL1kufc=",
"Status": 0
}


02.09.2026 16:39:09	Information:	Ping ret is {"Status":0,"Comment":null}
02.09.2026 16:41:10	Information:	url https://lab-vko.dmed.kz/ /api/DriverManager/PingDevice
02.09.2026 16:41:10	Information:	{
"Hash": "w9LjvpRCyoByGV3Lzv0iX9dSI0tLK0uV+pRojL1kufc=",
"Status": 0
}


02.09.2026 16:41:10	Information:	Ping ret is {"Status":0,"Comment":null}
02.09.2026 16:43:11	Information:	url https://lab-vko.dmed.kz/ /api/DriverManager/PingDevice
02.09.2026 16:43:11	Information:	{
"Hash": "w9LjvpRCyoByGV3Lzv0iX9dSI0tLK0uV+pRojL1kufc=",
"Status": 0
}


02.09.2026 16:43:11	Information:	Ping ret is {"Status":0,"Comment":null}
02.09.2026 16:44:36	Information:	refresh tokens
02.09.2026 16:45:11	Information:	url https://lab-vko.dmed.kz/ /api/DriverManager/PingDevice
02.09.2026 16:45:11	Information:	{
"Hash": "w9LjvpRCyoByGV3Lzv0iX9dSI0tLK0uV+pRojL1kufc=",
"Status": 0
}


02.09.2026 16:45:11	Information:	Ping ret is {"Status":0,"Comment":null}
02.09.2026 16:47:12	Information:	url https://lab-vko.dmed.kz/ /api/DriverManager/PingDevice
02.09.2026 16:47:12	Information:	{
"Hash": "w9LjvpRCyoByGV3Lzv0iX9dSI0tLK0uV+pRojL1kufc=",
"Status": 0
}


02.09.2026 16:47:12	Information:	Ping ret is {"Status":0,"Comment":null}
02.09.2026 16:49:12	Information:	url https://lab-vko.dmed.kz/ /api/DriverManager/PingDevice
02.09.2026 16:49:12	Information:	{
"Hash": "w9LjvpRCyoByGV3Lzv0iX9dSI0tLK0uV+pRojL1kufc=",
"Status": 0
}


02.09.2026 16:49:12	Information:	Ping ret is {"Status":0,"Comment":null}
02.09.2026 16:51:13	Information:	url https://lab-vko.dmed.kz/ /api/DriverManager/PingDevice
02.09.2026 16:51:13	Information:	{
"Hash": "w9LjvpRCyoByGV3Lzv0iX9dSI0tLK0uV+pRojL1kufc=",
"Status": 0
}


02.09.2026 16:51:13	Information:	Ping ret is {"Status":0,"Comment":null}
02.09.2026 16:53:13	Information:	url https://lab-vko.dmed.kz/ /api/DriverManager/PingDevice
02.09.2026 16:53:13	Information:	{
"Hash": "w9LjvpRCyoByGV3Lzv0iX9dSI0tLK0uV+pRojL1kufc=",
"Status": 0
}


02.09.2026 16:53:13	Information:	Ping ret is {"Status":0,"Comment":null}
02.09.2026 16:54:36	Information:	refresh tokens
02.09.2026 16:55:14	Information:	url https://lab-vko.dmed.kz/ /api/DriverManager/PingDevice
02.09.2026 16:55:14	Information:	{
"Hash": "w9LjvpRCyoByGV3Lzv0iX9dSI0tLK0uV+pRojL1kufc=",
"Status": 0
}


02.09.2026 16:55:14	Information:	Ping ret is {"Status":0,"Comment":null}
02.09.2026 16:57:15	Information:	url https://lab-vko.dmed.kz/ /api/DriverManager/PingDevice
02.09.2026 16:57:15	Information:	{
"Hash": "w9LjvpRCyoByGV3Lzv0iX9dSI0tLK0uV+pRojL1kufc=",
"Status": 0
}


02.09.2026 16:57:15	Information:	Ping ret is {"Status":0,"Comment":null}
02.09.2026 16:59:15	Information:	url https://lab-vko.dmed.kz/ /api/DriverManager/PingDevice
02.09.2026 16:59:15	Information:	{
"Hash": "w9LjvpRCyoByGV3Lzv0iX9dSI0tLK0uV+pRojL1kufc=",
"Status": 0
}


02.09.2026 16:59:15	Information:	Ping ret is {"Status":0,"Comment":null}
02.09.2026 17:01:16	Information:	url https://lab-vko.dmed.kz/ /api/DriverManager/PingDevice
02.09.2026 17:01:16	Information:	{
"Hash": "w9LjvpRCyoByGV3Lzv0iX9dSI0tLK0uV+pRojL1kufc=",
"Status": 0
}


02.09.2026 17:01:16	Information:	Ping ret is {"Status":0,"Comment":null}
02.09.2026 17:03:16	Information:	url https://lab-vko.dmed.kz/ /api/DriverManager/PingDevice
02.09.2026 17:03:16	Information:	{
"Hash": "w9LjvpRCyoByGV3Lzv0iX9dSI0tLK0uV+pRojL1kufc=",
"Status": 0
}


02.09.2026 17:03:16	Information:	Ping ret is {"Status":0,"Comment":null}
02.09.2026 17:04:36	Information:	refresh tokens
02.09.2026 17:05:17	Information:	url https://lab-vko.dmed.kz/ /api/DriverManager/PingDevice
02.09.2026 17:05:17	Information:	{
"Hash": "w9LjvpRCyoByGV3Lzv0iX9dSI0tLK0uV+pRojL1kufc=",
"Status": 0
}


02.09.2026 17:05:17	Information:	Ping ret is {"Status":0,"Comment":null}
02.09.2026 17:07:17	Information:	url https://lab-vko.dmed.kz/ /api/DriverManager/PingDevice
02.09.2026 17:07:17	Information:	{
"Hash": "w9LjvpRCyoByGV3Lzv0iX9dSI0tLK0uV+pRojL1kufc=",
"Status": 0
}


02.09.2026 17:07:17	Information:	Ping ret is {"Status":0,"Comment":null}
02.09.2026 17:09:18	Information:	url https://lab-vko.dmed.kz/ /api/DriverManager/PingDevice
02.09.2026 17:09:18	Information:	{
"Hash": "w9LjvpRCyoByGV3Lzv0iX9dSI0tLK0uV+pRojL1kufc=",
"Status": 0
}


02.09.2026 17:09:18	Information:	Ping ret is {"Status":0,"Comment":null}
02.09.2026 17:11:18	Information:	url https://lab-vko.dmed.kz/ /api/DriverManager/PingDevice
02.09.2026 17:11:18	Information:	{
"Hash": "w9LjvpRCyoByGV3Lzv0iX9dSI0tLK0uV+pRojL1kufc=",
"Status": 0
}


02.09.2026 17:11:18	Information:	Ping ret is {"Status":0,"Comment":null}
02.09.2026 17:13:19	Information:	url https://lab-vko.dmed.kz/ /api/DriverManager/PingDevice
02.09.2026 17:13:19	Information:	{
"Hash": "w9LjvpRCyoByGV3Lzv0iX9dSI0tLK0uV+pRojL1kufc=",
"Status": 0
}


02.09.2026 17:13:19	Information:	Ping ret is {"Status":0,"Comment":null}
02.09.2026 17:14:36	Information:	refresh tokens
02.09.2026 17:15:20	Information:	url https://lab-vko.dmed.kz/ /api/DriverManager/PingDevice
02.09.2026 17:15:20	Information:	{
"Hash": "w9LjvpRCyoByGV3Lzv0iX9dSI0tLK0uV+pRojL1kufc=",
"Status": 0
}


02.09.2026 17:15:20	Information:	Ping ret is {"Status":0,"Comment":null}
02.09.2026 17:17:20	Information:	url https://lab-vko.dmed.kz/ /api/DriverManager/PingDevice
02.09.2026 17:17:20	Information:	{
"Hash": "w9LjvpRCyoByGV3Lzv0iX9dSI0tLK0uV+pRojL1kufc=",
"Status": 0
}


02.09.2026 17:17:20	Information:	Ping ret is {"Status":0,"Comment":null}
02.09.2026 17:19:21	Information:	url https://lab-vko.dmed.kz/ /api/DriverManager/PingDevice
02.09.2026 17:19:21	Information:	{
"Hash": "w9LjvpRCyoByGV3Lzv0iX9dSI0tLK0uV+pRojL1kufc=",
"Status": 0
}


02.09.2026 17:19:21	Information:	Ping ret is {"Status":0,"Comment":null}
02.09.2026 17:21:21	Information:	url https://lab-vko.dmed.kz/ /api/DriverManager/PingDevice
02.09.2026 17:21:21	Information:	{
"Hash": "w9LjvpRCyoByGV3Lzv0iX9dSI0tLK0uV+pRojL1kufc=",
"Status": 0
}


02.09.2026 17:21:21	Information:	Ping ret is {"Status":0,"Comment":null}
02.09.2026 17:23:22	Information:	url https://lab-vko.dmed.kz/ /api/DriverManager/PingDevice
02.09.2026 17:23:22	Information:	{
"Hash": "w9LjvpRCyoByGV3Lzv0iX9dSI0tLK0uV+pRojL1kufc=",
"Status": 0
}


02.09.2026 17:23:22	Information:	Ping ret is {"Status":0,"Comment":null}
02.09.2026 17:24:36	Information:	refresh tokens
02.09.2026 17:25:22	Information:	url https://lab-vko.dmed.kz/ /api/DriverManager/PingDevice
02.09.2026 17:25:22	Information:	{
"Hash": "w9LjvpRCyoByGV3Lzv0iX9dSI0tLK0uV+pRojL1kufc=",
"Status": 0
}


02.09.2026 17:25:22	Information:	Ping ret is {"Status":0,"Comment":null}
02.09.2026 17:27:23	Information:	url https://lab-vko.dmed.kz/ /api/DriverManager/PingDevice
02.09.2026 17:27:23	Information:	{
"Hash": "w9LjvpRCyoByGV3Lzv0iX9dSI0tLK0uV+pRojL1kufc=",
"Status": 0
}


02.09.2026 17:27:23	Information:	Ping ret is {"Status":0,"Comment":null}
02.09.2026 17:29:23	Information:	url https://lab-vko.dmed.kz/ /api/DriverManager/PingDevice
02.09.2026 17:29:23	Information:	{
"Hash": "w9LjvpRCyoByGV3Lzv0iX9dSI0tLK0uV+pRojL1kufc=",
"Status": 0
}


02.09.2026 17:29:23	Information:	Ping ret is {"Status":0,"Comment":null}
02.09.2026 17:31:24	Information:	url https://lab-vko.dmed.kz/ /api/DriverManager/PingDevice
02.09.2026 17:31:24	Information:	{
"Hash": "w9LjvpRCyoByGV3Lzv0iX9dSI0tLK0uV+pRojL1kufc=",
"Status": 0
}


02.09.2026 17:31:24	Information:	Ping ret is {"Status":0,"Comment":null}
02.09.2026 17:33:24	Information:	url https://lab-vko.dmed.kz/ /api/DriverManager/PingDevice
02.09.2026 17:33:24	Information:	{
"Hash": "w9LjvpRCyoByGV3Lzv0iX9dSI0tLK0uV+pRojL1kufc=",
"Status": 0
}


02.09.2026 17:33:24	Information:	Ping ret is {"Status":0,"Comment":null}
02.09.2026 17:34:36	Information:	refresh tokens
02.09.2026 17:35:25	Information:	url https://lab-vko.dmed.kz/ /api/DriverManager/PingDevice
02.09.2026 17:35:25	Information:	{
"Hash": "w9LjvpRCyoByGV3Lzv0iX9dSI0tLK0uV+pRojL1kufc=",
"Status": 0
}


02.09.2026 17:35:25	Information:	Ping ret is {"Status":0,"Comment":null}
02.09.2026 17:37:25	Information:	url https://lab-vko.dmed.kz/ /api/DriverManager/PingDevice
02.09.2026 17:37:25	Information:	{
"Hash": "w9LjvpRCyoByGV3Lzv0iX9dSI0tLK0uV+pRojL1kufc=",
"Status": 0
}


02.09.2026 17:37:25	Information:	Ping ret is {"Status":0,"Comment":null}
02.09.2026 17:39:26	Information:	url https://lab-vko.dmed.kz/ /api/DriverManager/PingDevice
02.09.2026 17:39:26	Information:	{
"Hash": "w9LjvpRCyoByGV3Lzv0iX9dSI0tLK0uV+pRojL1kufc=",
"Status": 0
}


02.09.2026 17:39:26	Information:	Ping ret is {"Status":0,"Comment":null}
02.09.2026 17:41:26	Information:	url https://lab-vko.dmed.kz/ /api/DriverManager/PingDevice
02.09.2026 17:41:26	Information:	{
"Hash": "w9LjvpRCyoByGV3Lzv0iX9dSI0tLK0uV+pRojL1kufc=",
"Status": 0
}


02.09.2026 17:41:27	Information:	Ping ret is {"Status":0,"Comment":null}
02.09.2026 17:43:27	Information:	url https://lab-vko.dmed.kz/ /api/DriverManager/PingDevice
02.09.2026 17:43:27	Information:	{
"Hash": "w9LjvpRCyoByGV3Lzv0iX9dSI0tLK0uV+pRojL1kufc=",
"Status": 0
}


02.09.2026 17:43:27	Information:	Ping ret is {"Status":0,"Comment":null}
02.09.2026 17:44:36	Information:	refresh tokens
02.09.2026 17:45:28	Information:	url https://lab-vko.dmed.kz/ /api/DriverManager/PingDevice
02.09.2026 17:45:28	Information:	{
"Hash": "w9LjvpRCyoByGV3Lzv0iX9dSI0tLK0uV+pRojL1kufc=",
"Status": 0
}


02.09.2026 17:45:28	Information:	Ping ret is {"Status":0,"Comment":null}
02.09.2026 17:47:28	Information:	url https://lab-vko.dmed.kz/ /api/DriverManager/PingDevice
02.09.2026 17:47:28	Information:	{
"Hash": "w9LjvpRCyoByGV3Lzv0iX9dSI0tLK0uV+pRojL1kufc=",
"Status": 0
}


02.09.2026 17:47:28	Information:	Ping ret is {"Status":0,"Comment":null}
02.09.2026 17:49:29	Information:	url https://lab-vko.dmed.kz/ /api/DriverManager/PingDevice
02.09.2026 17:49:29	Information:	{
"Hash": "w9LjvpRCyoByGV3Lzv0iX9dSI0tLK0uV+pRojL1kufc=",
"Status": 0
}


02.09.2026 17:49:29	Information:	Ping ret is {"Status":0,"Comment":null}
02.09.2026 17:51:29	Information:	url https://lab-vko.dmed.kz/ /api/DriverManager/PingDevice
02.09.2026 17:51:29	Information:	{
"Hash": "w9LjvpRCyoByGV3Lzv0iX9dSI0tLK0uV+pRojL1kufc=",
"Status": 0
}


02.09.2026 17:51:29	Information:	Ping ret is {"Status":0,"Comment":null}
02.09.2026 17:53:30	Information:	url https://lab-vko.dmed.kz/ /api/DriverManager/PingDevice
02.09.2026 17:53:30	Information:	{
"Hash": "w9LjvpRCyoByGV3Lzv0iX9dSI0tLK0uV+pRojL1kufc=",
"Status": 0
}


02.09.2026 17:53:30	Information:	Ping ret is {"Status":0,"Comment":null}
02.09.2026 17:54:36	Information:	refresh tokens
02.09.2026 17:55:30	Information:	url https://lab-vko.dmed.kz/ /api/DriverManager/PingDevice
02.09.2026 17:55:30	Information:	{
"Hash": "w9LjvpRCyoByGV3Lzv0iX9dSI0tLK0uV+pRojL1kufc=",
"Status": 0
}


02.09.2026 17:55:30	Information:	Ping ret is {"Status":0,"Comment":null}
02.09.2026 17:57:31	Information:	url https://lab-vko.dmed.kz/ /api/DriverManager/PingDevice
02.09.2026 17:57:31	Information:	{
"Hash": "w9LjvpRCyoByGV3Lzv0iX9dSI0tLK0uV+pRojL1kufc=",
"Status": 0
}


02.09.2026 17:57:31	Information:	Ping ret is {"Status":0,"Comment":null}
02.09.2026 17:59:31	Information:	url https://lab-vko.dmed.kz/ /api/DriverManager/PingDevice
02.09.2026 17:59:31	Information:	{
"Hash": "w9LjvpRCyoByGV3Lzv0iX9dSI0tLK0uV+pRojL1kufc=",
"Status": 0
}


02.09.2026 17:59:31	Information:	Ping ret is {"Status":0,"Comment":null}
02.09.2026 18:01:32	Information:	url https://lab-vko.dmed.kz/ /api/DriverManager/PingDevice
02.09.2026 18:01:32	Information:	{
"Hash": "w9LjvpRCyoByGV3Lzv0iX9dSI0tLK0uV+pRojL1kufc=",
"Status": 0
}


02.09.2026 18:01:32	Information:	Ping ret is {"Status":0,"Comment":null}
02.09.2026 18:03:32	Information:	url https://lab-vko.dmed.kz/ /api/DriverManager/PingDevice
02.09.2026 18:03:32	Information:	{
"Hash": "w9LjvpRCyoByGV3Lzv0iX9dSI0tLK0uV+pRojL1kufc=",
"Status": 0
}


02.09.2026 18:03:32	Information:	Ping ret is {"Status":0,"Comment":null}
02.09.2026 18:04:36	Information:	refresh tokens
02.09.2026 18:05:33	Information:	url https://lab-vko.dmed.kz/ /api/DriverManager/PingDevice
02.09.2026 18:05:33	Information:	{
"Hash": "w9LjvpRCyoByGV3Lzv0iX9dSI0tLK0uV+pRojL1kufc=",
"Status": 0
}


02.09.2026 18:05:33	Information:	Ping ret is {"Status":0,"Comment":null}
02.09.2026 18:07:33	Information:	url https://lab-vko.dmed.kz/ /api/DriverManager/PingDevice
02.09.2026 18:07:33	Information:	{
"Hash": "w9LjvpRCyoByGV3Lzv0iX9dSI0tLK0uV+pRojL1kufc=",
"Status": 0
}


02.09.2026 18:07:33	Information:	Ping ret is {"Status":0,"Comment":null}
02.09.2026 18:09:34	Information:	url https://lab-vko.dmed.kz/ /api/DriverManager/PingDevice
02.09.2026 18:09:34	Information:	{
"Hash": "w9LjvpRCyoByGV3Lzv0iX9dSI0tLK0uV+pRojL1kufc=",
"Status": 0
}


02.09.2026 18:09:34	Information:	Ping ret is {"Status":0,"Comment":null}
02.09.2026 18:11:35	Information:	url https://lab-vko.dmed.kz/ /api/DriverManager/PingDevice
02.09.2026 18:11:35	Information:	{
"Hash": "w9LjvpRCyoByGV3Lzv0iX9dSI0tLK0uV+pRojL1kufc=",
"Status": 0
}


02.09.2026 18:11:35	Information:	Ping ret is {"Status":0,"Comment":null}
02.09.2026 18:13:35	Information:	url https://lab-vko.dmed.kz/ /api/DriverManager/PingDevice
02.09.2026 18:13:35	Information:	{
"Hash": "w9LjvpRCyoByGV3Lzv0iX9dSI0tLK0uV+pRojL1kufc=",
"Status": 0
}


02.09.2026 18:13:35	Information:	Ping ret is {"Status":0,"Comment":null}
02.09.2026 18:14:36	Information:	refresh tokens
02.09.2026 18:15:36	Information:	url https://lab-vko.dmed.kz/ /api/DriverManager/PingDevice
02.09.2026 18:15:36	Information:	{
"Hash": "w9LjvpRCyoByGV3Lzv0iX9dSI0tLK0uV+pRojL1kufc=",
"Status": 0
}


02.09.2026 18:15:36	Information:	Ping ret is {"Status":0,"Comment":null}
02.09.2026 18:17:37	Information:	url https://lab-vko.dmed.kz/ /api/DriverManager/PingDevice
02.09.2026 18:17:37	Information:	{
"Hash": "w9LjvpRCyoByGV3Lzv0iX9dSI0tLK0uV+pRojL1kufc=",
"Status": 0
}


02.09.2026 18:17:37	Information:	Ping ret is {"Status":0,"Comment":null}
02.09.2026 18:19:37	Information:	url https://lab-vko.dmed.kz/ /api/DriverManager/PingDevice
02.09.2026 18:19:37	Information:	{
"Hash": "w9LjvpRCyoByGV3Lzv0iX9dSI0tLK0uV+pRojL1kufc=",
"Status": 0
}


02.09.2026 18:19:37	Information:	Ping ret is {"Status":0,"Comment":null}
02.09.2026 18:21:38	Information:	url https://lab-vko.dmed.kz/ /api/DriverManager/PingDevice
02.09.2026 18:21:38	Information:	{
"Hash": "w9LjvpRCyoByGV3Lzv0iX9dSI0tLK0uV+pRojL1kufc=",
"Status": 0
}


02.09.2026 18:21:38	Information:	Ping ret is {"Status":0,"Comment":null}
02.09.2026 18:23:38	Information:	url https://lab-vko.dmed.kz/ /api/DriverManager/PingDevice
02.09.2026 18:23:38	Information:	{
"Hash": "w9LjvpRCyoByGV3Lzv0iX9dSI0tLK0uV+pRojL1kufc=",
"Status": 0
}


02.09.2026 18:23:38	Information:	Ping ret is {"Status":0,"Comment":null}
02.09.2026 18:24:36	Information:	refresh tokens
02.09.2026 18:25:39	Information:	url https://lab-vko.dmed.kz/ /api/DriverManager/PingDevice
02.09.2026 18:25:39	Information:	{
"Hash": "w9LjvpRCyoByGV3Lzv0iX9dSI0tLK0uV+pRojL1kufc=",
"Status": 0
}


02.09.2026 18:25:39	Information:	Ping ret is {"Status":0,"Comment":null}
02.09.2026 18:27:40	Information:	url https://lab-vko.dmed.kz/ /api/DriverManager/PingDevice
02.09.2026 18:27:40	Information:	{
"Hash": "w9LjvpRCyoByGV3Lzv0iX9dSI0tLK0uV+pRojL1kufc=",
"Status": 0
}


02.09.2026 18:27:40	Information:	Ping ret is {"Status":0,"Comment":null}
02.09.2026 18:29:40	Information:	url https://lab-vko.dmed.kz/ /api/DriverManager/PingDevice
02.09.2026 18:29:40	Information:	{
"Hash": "w9LjvpRCyoByGV3Lzv0iX9dSI0tLK0uV+pRojL1kufc=",
"Status": 0
}


02.09.2026 18:29:40	Information:	Ping ret is {"Status":0,"Comment":null}
02.09.2026 18:31:41	Information:	url https://lab-vko.dmed.kz/ /api/DriverManager/PingDevice
02.09.2026 18:31:41	Information:	{
"Hash": "w9LjvpRCyoByGV3Lzv0iX9dSI0tLK0uV+pRojL1kufc=",
"Status": 0
}


02.09.2026 18:31:41	Information:	Ping ret is {"Status":0,"Comment":null}
02.09.2026 18:33:41	Information:	url https://lab-vko.dmed.kz/ /api/DriverManager/PingDevice
02.09.2026 18:33:41	Information:	{
"Hash": "w9LjvpRCyoByGV3Lzv0iX9dSI0tLK0uV+pRojL1kufc=",
"Status": 0
}


02.09.2026 18:33:41	Information:	Ping ret is {"Status":0,"Comment":null}
02.09.2026 18:34:36	Information:	refresh tokens
02.09.2026 18:35:42	Information:	url https://lab-vko.dmed.kz/ /api/DriverManager/PingDevice
02.09.2026 18:35:42	Information:	{
"Hash": "w9LjvpRCyoByGV3Lzv0iX9dSI0tLK0uV+pRojL1kufc=",
"Status": 0
}


02.09.2026 18:35:42	Information:	Ping ret is {"Status":0,"Comment":null}
02.09.2026 18:37:42	Information:	url https://lab-vko.dmed.kz/ /api/DriverManager/PingDevice
02.09.2026 18:37:42	Information:	{
"Hash": "w9LjvpRCyoByGV3Lzv0iX9dSI0tLK0uV+pRojL1kufc=",
"Status": 0
}


02.09.2026 18:37:42	Information:	Ping ret is {"Status":0,"Comment":null}
02.09.2026 18:39:43	Information:	url https://lab-vko.dmed.kz/ /api/DriverManager/PingDevice
02.09.2026 18:39:43	Information:	{
"Hash": "w9LjvpRCyoByGV3Lzv0iX9dSI0tLK0uV+pRojL1kufc=",
"Status": 0
}


02.09.2026 18:39:43	Information:	Ping ret is {"Status":0,"Comment":null}
02.09.2026 18:41:43	Information:	url https://lab-vko.dmed.kz/ /api/DriverManager/PingDevice
02.09.2026 18:41:43	Information:	{
"Hash": "w9LjvpRCyoByGV3Lzv0iX9dSI0tLK0uV+pRojL1kufc=",
"Status": 0
}


02.09.2026 18:41:43	Information:	Ping ret is {"Status":0,"Comment":null}
02.09.2026 18:43:44	Information:	url https://lab-vko.dmed.kz/ /api/DriverManager/PingDevice
02.09.2026 18:43:44	Information:	{
"Hash": "w9LjvpRCyoByGV3Lzv0iX9dSI0tLK0uV+pRojL1kufc=",
"Status": 0
}


02.09.2026 18:43:44	Information:	Ping ret is {"Status":0,"Comment":null}
02.09.2026 18:44:36	Information:	refresh tokens
02.09.2026 18:45:44	Information:	url https://lab-vko.dmed.kz/ /api/DriverManager/PingDevice
02.09.2026 18:45:44	Information:	{
"Hash": "w9LjvpRCyoByGV3Lzv0iX9dSI0tLK0uV+pRojL1kufc=",
"Status": 0
}


02.09.2026 18:45:44	Information:	Ping ret is {"Status":0,"Comment":null}
02.09.2026 18:47:45	Information:	url https://lab-vko.dmed.kz/ /api/DriverManager/PingDevice
02.09.2026 18:47:45	Information:	{
"Hash": "w9LjvpRCyoByGV3Lzv0iX9dSI0tLK0uV+pRojL1kufc=",
"Status": 0
}


02.09.2026 18:47:45	Information:	Ping ret is {"Status":0,"Comment":null}
02.09.2026 18:49:45	Information:	url https://lab-vko.dmed.kz/ /api/DriverManager/PingDevice
02.09.2026 18:49:45	Information:	{
"Hash": "w9LjvpRCyoByGV3Lzv0iX9dSI0tLK0uV+pRojL1kufc=",
"Status": 0
}


02.09.2026 18:49:45	Information:	Ping ret is {"Status":0,"Comment":null}
02.09.2026 18:51:46	Information:	url https://lab-vko.dmed.kz/ /api/DriverManager/PingDevice
02.09.2026 18:51:46	Information:	{
"Hash": "w9LjvpRCyoByGV3Lzv0iX9dSI0tLK0uV+pRojL1kufc=",
"Status": 0
}


02.09.2026 18:51:46	Information:	Ping ret is {"Status":0,"Comment":null}
02.09.2026 18:53:46	Information:	url https://lab-vko.dmed.kz/ /api/DriverManager/PingDevice
02.09.2026 18:53:46	Information:	{
"Hash": "w9LjvpRCyoByGV3Lzv0iX9dSI0tLK0uV+pRojL1kufc=",
"Status": 0
}


02.09.2026 18:53:46	Information:	Ping ret is {"Status":0,"Comment":null}
02.09.2026 18:54:36	Information:	refresh tokens
02.09.2026 18:55:47	Information:	url https://lab-vko.dmed.kz/ /api/DriverManager/PingDevice
02.09.2026 18:55:47	Information:	{
"Hash": "w9LjvpRCyoByGV3Lzv0iX9dSI0tLK0uV+pRojL1kufc=",
"Status": 0
}


02.09.2026 18:55:47	Information:	Ping ret is {"Status":0,"Comment":null}
02.09.2026 18:57:47	Information:	url https://lab-vko.dmed.kz/ /api/DriverManager/PingDevice
02.09.2026 18:57:47	Information:	{
"Hash": "w9LjvpRCyoByGV3Lzv0iX9dSI0tLK0uV+pRojL1kufc=",
"Status": 0
}


02.09.2026 18:57:47	Information:	Ping ret is {"Status":0,"Comment":null}
02.09.2026 18:59:48	Information:	url https://lab-vko.dmed.kz/ /api/DriverManager/PingDevice
02.09.2026 18:59:48	Information:	{
"Hash": "w9LjvpRCyoByGV3Lzv0iX9dSI0tLK0uV+pRojL1kufc=",
"Status": 0
}


02.09.2026 18:59:48	Information:	Ping ret is {"Status":0,"Comment":null}
02.09.2026 19:01:48	Information:	url https://lab-vko.dmed.kz/ /api/DriverManager/PingDevice
02.09.2026 19:01:48	Information:	{
"Hash": "w9LjvpRCyoByGV3Lzv0iX9dSI0tLK0uV+pRojL1kufc=",
"Status": 0
}


02.09.2026 19:01:48	Information:	Ping ret is {"Status":0,"Comment":null}
02.09.2026 19:03:49	Information:	url https://lab-vko.dmed.kz/ /api/DriverManager/PingDevice
02.09.2026 19:03:49	Information:	{
"Hash": "w9LjvpRCyoByGV3Lzv0iX9dSI0tLK0uV+pRojL1kufc=",
"Status": 0
}


02.09.2026 19:03:49	Information:	Ping ret is {"Status":0,"Comment":null}
02.09.2026 19:04:36	Information:	refresh tokens
02.09.2026 19:05:49	Information:	url https://lab-vko.dmed.kz/ /api/DriverManager/PingDevice
02.09.2026 19:05:49	Information:	{
"Hash": "w9LjvpRCyoByGV3Lzv0iX9dSI0tLK0uV+pRojL1kufc=",
"Status": 0
}


02.09.2026 19:05:50	Information:	Ping ret is {"Status":0,"Comment":null}
02.09.2026 19:07:50	Information:	url https://lab-vko.dmed.kz/ /api/DriverManager/PingDevice
02.09.2026 19:07:50	Information:	{
"Hash": "w9LjvpRCyoByGV3Lzv0iX9dSI0tLK0uV+pRojL1kufc=",
"Status": 0
}


02.09.2026 19:07:50	Information:	Ping ret is {"Status":0,"Comment":null}
02.09.2026 19:09:51	Information:	url https://lab-vko.dmed.kz/ /api/DriverManager/PingDevice
02.09.2026 19:09:51	Information:	{
"Hash": "w9LjvpRCyoByGV3Lzv0iX9dSI0tLK0uV+pRojL1kufc=",
"Status": 0
}


02.09.2026 19:09:51	Information:	Ping ret is {"Status":0,"Comment":null}
02.09.2026 19:11:51	Information:	url https://lab-vko.dmed.kz/ /api/DriverManager/PingDevice
02.09.2026 19:11:51	Information:	{
"Hash": "w9LjvpRCyoByGV3Lzv0iX9dSI0tLK0uV+pRojL1kufc=",
"Status": 0
}


02.09.2026 19:11:51	Information:	Ping ret is {"Status":0,"Comment":null}
02.09.2026 19:13:13	Information:	Received bytes(encoded):MSH|^~\&|||||20260902191214||ORU^R01|127|P|2.3.1||||0||ASCII|||PID|89|||||||O|||||||||||||||||||||||OBR|89|51563972|17|^|N|20260902183747|20260902183638|20260902183638||1^1||||20260902183638|?????|||||||||||||||||||||||||||||||||OBX|1|NM|Glu-G|Glucose (GOD-POD Method)|7.563927|mmol/L|-|N|||F||7.563927|20260902191143|||0||OBX|2|NM|T-Bil-V|Bilirubin Total (VOX Method)|4.318027|?mol/L|-|N|||F||4.318027|20260902191144|||0||OBX|3|NM|D-Bil-V|Bilirubin Direct (VOX Method)|0.576060|?mol/L|-|N|||F||0.576060|20260902191159|||0|<|OBX|4|NM|ALT|Alanine Aminotransferase|13.600235|U/L|-|N|||F||13.600235|20260902191013|||0||OBX|5|NM|AST|Aspartate Aminotransferase|21.671940|U/L|-|N|||F||21.671940|20260902191028|||0||OBX|6|NM|TP|Total Protein|52.643282|g/L|-|N|||F||52.643282|20260902191214|||0||OBX|7|NM|TC|Total Cholesterol|8.211676|mmol/L|-|N|||F||8.211676|20260902190758|||0||OBX|8|NM|CREA-S|Creatinine (Sarcosine Oxidase Method)|36.940078|?mol/L|-|N|||F||36.940078|20260902191212|||0||OBX|9|NM|UREA|Urea|5.269940|mm
02.09.2026 19:13:13	Information:	Add Frame:
02.09.2026 19:13:13	Information:	MSH|^~\&|||||20260902191214||ORU^R01|127|P|2.3.1||||0||ASCII|||
02.09.2026 19:13:13	Information:	In Header
02.09.2026 19:13:13	Information:	MessageType: ORU
02.09.2026 19:13:13	Information:	After message type
02.09.2026 19:13:13	Information:	After ask
02.09.2026 19:13:13	Information:	After version
02.09.2026 19:13:13	Information:	Add Frame:
02.09.2026 19:13:13	Information:	PID|89|||||||O|||||||||||||||||||||||
02.09.2026 19:13:13	Information:	Add Frame:
02.09.2026 19:13:13	Information:	OBR|89|51563972|17|^|N|20260902183747|20260902183638|20260902183638||1^1||||20260902183638|?????|||||||||||||||||||||||||||||||||
02.09.2026 19:13:13	Information:	Add Frame:
02.09.2026 19:13:13	Information:	OBX|1|NM|Glu-G|Glucose (GOD-POD Method)|7.563927|mmol/L|-|N|||F||7.563927|20260902191143|||0||
02.09.2026 19:13:13	Information:	Add Frame:
02.09.2026 19:13:13	Information:	OBX|2|NM|T-Bil-V|Bilirubin Total (VOX Method)|4.318027|?mol/L|-|N|||F||4.318027|20260902191144|||0||
02.09.2026 19:13:13	Information:	Add Frame:
02.09.2026 19:13:13	Information:	OBX|3|NM|D-Bil-V|Bilirubin Direct (VOX Method)|0.576060|?mol/L|-|N|||F||0.576060|20260902191159|||0|<|
02.09.2026 19:13:13	Information:	Add Frame:
02.09.2026 19:13:13	Information:	OBX|4|NM|ALT|Alanine Aminotransferase|13.600235|U/L|-|N|||F||13.600235|20260902191013|||0||
02.09.2026 19:13:13	Information:	Add Frame:
02.09.2026 19:13:13	Information:	OBX|5|NM|AST|Aspartate Aminotransferase|21.671940|U/L|-|N|||F||21.671940|20260902191028|||0||
02.09.2026 19:13:13	Information:	Add Frame:
02.09.2026 19:13:13	Information:	OBX|6|NM|TP|Total Protein|52.643282|g/L|-|N|||F||52.643282|20260902191214|||0||
02.09.2026 19:13:13	Information:	Add Frame:
02.09.2026 19:13:13	Information:	OBX|7|NM|TC|Total Cholesterol|8.211676|mmol/L|-|N|||F||8.211676|20260902190758|||0||
02.09.2026 19:13:13	Information:	Add Frame:
02.09.2026 19:13:13	Information:	OBX|8|NM|CREA-S|Creatinine (Sarcosine Oxidase Method)|36.940078|?mol/L|-|N|||F||36.940078|20260902191212|||0||
02.09.2026 19:13:13	Information:	Received bytes(encoded):ol/L|-|N|||F||5.269940|20260902191058|||0||OBX|10|NM||Albumin|32.280181|g/L|-|N|||F||32.280181|20260902190913|||0|RGTE|OBX|11|NM||AST/ALT|1.595588||-|N|||F||1.595588||||||
02.09.2026 19:13:13	Information:	Add Frame:
02.09.2026 19:13:13	Information:	OBX|9|NM|UREA|Urea|5.269940|mmol/L|-|N|||F||5.269940|20260902191058|||0||
02.09.2026 19:13:13	Information:	Add Frame:
02.09.2026 19:13:13	Information:	OBX|10|NM||Albumin|32.280181|g/L|-|N|||F||32.280181|20260902190913|||0|RGTE|
02.09.2026 19:13:13	Information:	Add Frame:
02.09.2026 19:13:13	Information:	OBX|11|NM||AST/ALT|1.595588||-|N|||F||1.595588||||||
02.09.2026 19:13:13	Information:	Add Frame:
02.09.2026 19:13:13	Information:	
02.09.2026 19:13:13	Debug:	read message: 3ms
02.09.2026 19:13:13	Information:	The answer message is created successfully
02.09.2026 19:13:13	Information:	Sending answer...
02.09.2026 19:13:13	Information:	We are in ORU Message
02.09.2026 19:13:13	Information:	MSH MSH|^~\&|||||20260902191214||ORU^R01|127|P|2.3.1||||0||ASCII||||
02.09.2026 19:13:13	Information:	PID PID|89|||||||O||||||||||||||||||||||||
02.09.2026 19:13:13	Information:	PatientRecord in message is successfully  processed
02.09.2026 19:13:13	Information:	The patient order is successfully processed
02.09.2026 19:13:13	Information:	The order record is successfully processed
02.09.2026 19:13:13	Information:	The order record is successfully processed
02.09.2026 19:13:13	Information:	The order record is successfully processed
02.09.2026 19:13:13	Information:	The order record is successfully processed
02.09.2026 19:13:13	Information:	The order record is successfully processed
02.09.2026 19:13:13	Information:	The order record is successfully processed
02.09.2026 19:13:13	Information:	The order record is successfully processed
02.09.2026 19:13:13	Information:	The order record is successfully processed
02.09.2026 19:13:13	Information:	The order record is successfully processed
02.09.2026 19:13:13	Information:	The order record is successfully processed
02.09.2026 19:13:13	Information:	The order record is successfully processed
02.09.2026 19:13:13	Information:	The ORU message is successfully processed
02.09.2026 19:13:13	Debug:	Process message: 9ms
02.09.2026 19:13:13	Debug:	Total time : 13ms
02.09.2026 19:13:13	Information:	Sended bytes:  11 77 83 72 124 94 126 92 38 124 77 105 110 100 114 97 121 124 124 124 124 50 48 50 54 48 57 48 50 49 57 49 51 49 51 124 124 65 67 75 94 82 48 49 124 49 50 55 124 80 124 50 46 51 46 49 124 124 124 124 48 124 124 117 115 45 97 115 99 105 105 124 124 124 13 77 83 65 124 65 65 124 49 50 55 124 77 101 115 115 97 103 101 32 97 99 99 101 112 116 101 100 124 124 124 48 124 13 28 13
02.09.2026 19:13:13	Information:	Sended string MSH|^~\&|Mindray||||20260902191313||ACK^R01|127|P|2.3.1||||0||us-ascii|||MSA|AA|127|Message accepted|||0|
02.09.2026 19:13:15	Debug:	SendResults:	check DriverRequests=	0	ms
02.09.2026 19:13:15	Information:	ByBarcode 51563972
02.09.2026 19:13:16	Information:	GetLinesByBarcodes
02.09.2026 19:13:16	Information:	{
"WorkPlaceID": 20747,
"BeginDate": "2026-06-03",
"EndDate": "2026-09-03",
"OrderNumber": "51563972",
"Offset": 0,
"Limit": 1
}


02.09.2026 19:13:16	Information:	GetByBarcodeReturn: 
02.09.2026 19:13:16	Information:	{"Data":[{"ID":31167739,"StrID":"31167739","OrderNumber":"51563972","OrderRegDate":"2026-09-02T18:23:12.927","PlanExecutionDate":"2026-09-02T18:22:00","SenderMoID":45500000000000909,"SenderMo":{"NameRU":"Некоммерческое акционерное общество \"Медицинский университет Семей\"","NameKZ":"\"Семей медицина университеті\" коммерциялық емес акционерлік қоғамы","Name":"Некоммерческое акционерное общество \"Медицинский университет Семей\"","ShortNameRU":"НАО \"МУС\"","ShortNameKZ":"\"СМУ\" КеАҚ","ShortName":"НАО \"МУС\"","PublicCode":"237J","AddressRU":"ВКО, г. Семей, ул. Абая Кунанбаева 103","AddressKZ":"ВКО, г. Семей, ул. Абая Кунанбаева 103","Address":"ВКО, г. Семей, ул. Абая Кунанбаева 103","OriginalID":"45500000000000909","IsWork":true,"RegionID":20,"BIN":"190240004938","MasterDataID":4911,"PhonesData":{"OrgHealthCarePhones":[]},"IsPostmortem":false,"IsHospital":true,"Code":null,"ID":"45500000000000909","StrID":"45500000000000909"},"ReceiverMoID":45500000000000909,"ReceiverMo":null,"PatientDetailID":41095796,"PatientDetail":{"PersonID":"2183994","Person":{"IIN":"210618556507","LastName":"ҚАДЫЛ","FirstName":"ТӨРЕ","SecondName":"БАХТИЯРҰЛЫ","FullName":"ҚАДЫЛ ТӨРЕ БАХТИЯРҰЛЫ","FullNameIOF":"ТӨРЕ БАХТИЯРҰЛЫ ҚАДЫЛ","DisplayText":"210618556507 ТӨРЕ БАХТИЯРҰЛЫ ҚАДЫЛ 18.06.2021","IinFullName":"210618556507 - ҚАДЫЛ ТӨРЕ БАХТИЯРҰЛЫ","BirthDate":"2021-06-18T00:00:00","BirthDateStr":"18.06.2021","DeathDate":null,"DeathDateStr":"","BioSexID":3,"BioSex":null,"NationalityID":null,"Nationality":null,"CitizenshipID":85,"Citizenship":null,"MasterDataID":143759013,"RpnID":"15300000048653394","KmisID":"60300000001172335","Type":1,"Age":0,"IsStillborn":false,"IsEarlyNeonatalDeathUp28days":false,"IsDeadPerson":false,"ID":"2183994","StrID":"2183994"},"AddressRU":" РЕСПУБЛИКА: Казахстан , ОБЛАСТЬ: Абайская , РАЙОН: УРДЖАРСКИЙ, СЕЛЬСКИЙ ОКРУГ: КОНЫРШАУЛИНСКИЙ, АУЛ(СЕЛО): ТАСКЕСКЕН, УЛИЦА:  Ж. БАЛГАБАЕВА, ДОМ: 20","AddressKZ":" : Қазақстан , Абай облысы, ҮРЖАР ауданы, ҚОҢЫРШАУЛЫ ауылды округы, ТАСКЕСКЕН ауылы, Ж. БАЛҒАБАЕВ көшесі, ҮЙ: 20","Address":" РЕСПУБЛИКА: Казахстан , ОБЛАСТЬ: Абайская , РАЙОН: УРДЖАРСКИЙ, СЕЛЬСКИЙ ОКРУГ: КОНЫРШАУЛИНСКИЙ, АУЛ(СЕЛО): ТАСКЕСКЕН, УЛИЦА:  Ж. БАЛГАБАЕВА, ДОМ: 20","MasterDataAddressID":2740238,"WorkPlace":"МИНИ ЦЕНТР","WorkPosition":null,"DocumentNumber":null,"DocumentTypeID":null,"DocumentType":null,"NationalityID":null,"DocumentTypeName":null,"Phones":"+7 (702) 482-21-89","ExternalCardID":"5975950","CardType":1,"CardNumber":"67705","CitizenshipCategoryID":1,"CitizenshipCategory":null,"ResidenceTypeID":3,"ResidenceType":null,"MotherPersonID":1359282,"MotherPerson":null,"IsForeigner":false,"IsHomeless":false,"IsDeadPerson":false,"IsResident":true,"ID":"41095796","StrID":"41095796"},"Person":{"IIN":"210618556507","LastName":"ҚАДЫЛ","FirstName":"ТӨРЕ","SecondName":"БАХТИЯРҰЛЫ","FullName":"ҚАДЫЛ ТӨРЕ БАХТИЯРҰЛЫ","FullNameIOF":"ТӨРЕ БАХТИЯРҰЛЫ ҚАДЫЛ","DisplayText":"210618556507 ТӨРЕ БАХТИЯРҰЛЫ ҚАДЫЛ 18.06.2021","IinFullName":"210618556507 - ҚАДЫЛ ТӨРЕ БАХТИЯРҰЛЫ","BirthDate":"2021-06-18T00:00:00","BirthDateStr":"18.06.2021","DeathDate":null,"DeathDateStr":"","BioSexID":3,"BioSex":null,"NationalityID":null,"Nationality":null,"CitizenshipID":85,"Citizenship":null,"MasterDataID":143759013,"RpnID":"15300000048653394","KmisID":"60300000001172335","Type":1,"Age":0,"IsStillborn":false,"IsEarlyNeonatalDeathUp28days":false,"IsDeadPerson":false,"ID":"2183994","StrID":"2183994"},"IsCito":true,"ExternalSystem":1,"OrderResultFileID":null,"OrderResultFileStorageID":null,"OrderResultDate":null,"Status":1,"DeleteDate":null,"ResultNotes":null,"Comment":"","ExternalOrderNumber":"51563972","ExaminationTypeID":null,"ExaminationType":null,"ExaminationIndicationID":null,"ExaminationIndication":null,"Uid":"5C357AB7-8BF2-495C-B36B-EC9002CA8F28","SenderPostFullName":"КЫДЫРБАЕВА МЕРУЕРТ МАНАРБЕКОВНА","SenderFuncStructureNameRU":"Отделение педиатрии","SenderFuncStructureNameKZ":"Педиатр бөлімі","IsSamplingOfMaterialsAtReceiver":false,"MisID":42193137,"Materials":[{"OrderID":31167739,"Uid":"02c6feba-3081-4866-94b8-3ece76851fa9","MaterialNumber":"51563972","MaterialTypeID":363,"MaterialType":{"OrderBy":0,"ParentID":202,"HasChildren":false,"MasterDataID":489,"Parent":null,"NameRU":"Кровь венозная","NameKZ":"Кровь венозная","Name":"Кровь венозная","PublicCode":"36300","EndDate":null,"ID":"363","StrID":"363"},"TakeDate":"2026-09-02T18:23:00","TakeDateStr":"02.09.2026 18:23","TakePlace":"педиатрия","RejectionReason":null,"RejectionTakenMeasures":null,"ReceiptDate":null,"ReceiptDateStr":null,"RejectionCreatePostID":null,"RejectionCreatePost":null,"SampleCollectorPostIIN":"670604401046","SampleCollectorPostID":null,"Researches":[],"RejectedMaterialImageID":null,"File":null,"ID":"31454618","StrID":"31454618"}],"Researches":[]}],"Total":1}
02.09.2026 19:13:16	Information:	OrderedWW 51563972 Biomat 0 Device 20747
02.09.2026 19:13:16	Information:	ResearchResult
02.09.2026 19:13:16	Information:	{
"OrderID": "31167739",
"WorkPlaceID": 20747
}


02.09.2026 19:13:16	Information:	[{"OrderResearchID":67169734,"OrderResearch":null,"ParameterID":200918,"Parameter":{"ShortNameRU":"общий белок в сыворотке крови","ShortNameKZ":"қан сарысуындағы жалпы ақуыз","ShortName":"общий белок в сыворотке крови","DataType":0,"DataTypeName":"Число","UnitTypeID":100012,"UnitType":{"OrderBy":13,"MasterDataID":null,"CDD_ID":null,"NameRU":"г/л","NameKZ":"г/л","Name":"г/л","PublicCode":"10001200","EndDate":null,"ID":"100012","StrID":"100012"},"MedicalFormID":null,"MasterDataID":0,"MedicalForm":null,"NameWithDataType":"общий белок в сыворотке крови  (Число)","NameRU":"общий белок в сыворотке крови","NameKZ":"қан сарысуындағы жалпы ақуыз","Name":"общий белок в сыворотке крови","PublicCode":"20091800","EndDate":null,"ID":"200918","StrID":"200918"},"ParameterValues":null,"ParameterValueID":null,"ParameterValue":null,"ResultText":null,"ResultValue":null,"ResultDate":"2026-09-02T19:13:17.5550019+05:00","PostID":"0","Post":null,"ExecuteMethod":2,"SourceResultText":null,"SourceResultValue":null,"SourceResultExpression":null,"SourceUnitTypeID":100012,"SourceUnitType":{"OrderBy":13,"MasterDataID":null,"CDD_ID":null,"NameRU":"г/л","NameKZ":"г/л","Name":"г/л","PublicCode":"10001200","EndDate":null,"ID":"100012","StrID":"100012"},"MultiplierID":null,"IsApproved":false,"IsValidated":false,"StandardMatchType":0,"ApproveDate":null,"ApprovePostID":null,"ApprovePost":null,"OrderNum":1,"WorkPlaceID":20747,"OrderID":null,"BacteriologyResult":null,"AnalyzerId":null,"IsOrderProductionControl":false,"ID":"0","StrID":"0"},{"OrderResearchID":67169735,"OrderResearch":null,"ParameterID":201451,"Parameter":{"ShortNameRU":"альбумин  в сыворотке крови (анализатор)","ShortNameKZ":"қан сарысуындағы альбумин (анализатор)","ShortName":"альбумин  в сыворотке крови (анализатор)","DataType":0,"DataTypeName":"Число","UnitTypeID":100000,"UnitType":{"OrderBy":1,"MasterDataID":null,"CDD_ID":null,"NameRU":"%","NameKZ":"%","Name":"%","PublicCode":"10000000","EndDate":null,"ID":"100000","StrID":"100000"},"MedicalFormID":null,"MasterDataID":0,"MedicalForm":null,"NameWithDataType":"альбумин  в сыворотке крови (анализатор)  (Число)","NameRU":"альбумин  в сыворотке крови (анализатор)","NameKZ":"қан сарысуындағы альбумин (анализатор)","Name":"альбумин  в сыворотке крови (анализатор)","PublicCode":"20145100","EndDate":null,"ID":"201451","StrID":"201451"},"ParameterValues":null,"ParameterValueID":null,"ParameterValue":null,"ResultText":null,"ResultValue":null,"ResultDate":"2026-09-02T19:13:17.5550019+05:00","PostID":"0","Post":null,"ExecuteMethod":2,"SourceResultText":null,"SourceResultValue":null,"SourceResultExpression":null,"SourceUnitTypeID":100000,"SourceUnitType":{"OrderBy":1,"MasterDataID":null,"CDD_ID":null,"NameRU":"%","NameKZ":"%","Name":"%","PublicCode":"10000000","EndDate":null,"ID":"100000","StrID":"100000"},"MultiplierID":null,"IsApproved":false,"IsValidated":false,"StandardMatchType":0,"ApproveDate":null,"ApprovePostID":null,"ApprovePost":null,"OrderNum":1,"WorkPlaceID":20747,"OrderID":null,"BacteriologyResult":null,"AnalyzerId":null,"IsOrderProductionControl":false,"ID":"0","StrID":"0"},{"OrderResearchID":67169735,"OrderResearch":null,"ParameterID":201448,"Parameter":{"ShortNameRU":"ɑ1-глобулины  в сыворотке крови (анализатор)","ShortNameKZ":"қан сарысуындағы ɑ1-глобулиндер (анализатор)","ShortName":"ɑ1-глобулины  в сыворотке крови (анализатор)","DataType":0,"DataTypeName":"Число","UnitTypeID":100000,"UnitType":{"OrderBy":1,"MasterDataID":null,"CDD_ID":null,"NameRU":"%","NameKZ":"%","Name":"%","PublicCode":"10000000","EndDate":null,"ID":"100000","StrID":"100000"},"MedicalFormID":null,"MasterDataID":0,"MedicalForm":null,"NameWithDataType":"ɑ1-глобулины  в сыворотке крови (анализатор)  (Число)","NameRU":"ɑ1-глобулины  в сыворотке крови (анализатор)","NameKZ":"қан сарысуындағы ɑ1-глобулиндер (анализатор)","Name":"ɑ1-глобулины  в сыворотке крови (анализатор)","PublicCode":"20144800","EndDate":null,"ID":"201448","StrID":"201448"},"ParameterValues":null,"ParameterValueID":null,"ParameterValue":null,"ResultText":null,"ResultValue":null,"ResultDate":"2026-09-02T19:13:17.5550019+05:00","PostID":"0","Post":null,"ExecuteMethod":2,"SourceResultText":null,"SourceResultValue":null,"SourceResultExpression":null,"SourceUnitTypeID":100000,"SourceUnitType":{"OrderBy":1,"MasterDataID":null,"CDD_ID":null,"NameRU":"%","NameKZ":"%","Name":"%","PublicCode":"10000000","EndDate":null,"ID":"100000","StrID":"100000"},"MultiplierID":null,"IsApproved":false,"IsValidated":false,"StandardMatchType":0,"ApproveDate":null,"ApprovePostID":null,"ApprovePost":null,"OrderNum":2,"WorkPlaceID":20747,"OrderID":null,"BacteriologyResult":null,"AnalyzerId":null,"IsOrderProductionControl":false,"ID":"0","StrID":"0"},{"OrderResearchID":67169735,"OrderResearch":null,"ParameterID":201449,"Parameter":{"ShortNameRU":"ɑ2-глобулины  в сыворотке крови (анализатор)","ShortNameKZ":"қан сарысуындағы ɑ2-глобулиндер (анализатор)","ShortName":"ɑ2-глобулины  в сыворотке крови (анализатор)","DataType":0,"DataTypeName":"Число","UnitTypeID":100000,"UnitType":{"OrderBy":1,"MasterDataID":null,"CDD_ID":null,"NameRU":"%","NameKZ":"%","Name":"%","PublicCode":"10000000","EndDate":null,"ID":"100000","StrID":"100000"},"MedicalFormID":null,"MasterDataID":0,"MedicalForm":null,"NameWithDataType":"ɑ2-глобулины  в сыворотке крови (анализатор)  (Число)","NameRU":"ɑ2-глобулины  в сыворотке крови (анализатор)","NameKZ":"қан сарысуындағы ɑ2-глобулиндер (анализатор)","Name":"ɑ2-глобулины  в сыворотке крови (анализатор)","PublicCode":"20144900","EndDate":null,"ID":"201449","StrID":"201449"},"ParameterValues":null,"ParameterValueID":null,"ParameterValue":null,"ResultText":null,"ResultValue":null,"ResultDate":"2026-09-02T19:13:17.5550019+05:00","PostID":"0","Post":null,"ExecuteMethod":2,"SourceResultText":null,"SourceResultValue":null,"SourceResultExpression":null,"SourceUnitTypeID":100000,"SourceUnitType":{"OrderBy":1,"MasterDataID":null,"CDD_ID":null,"NameRU":"%","NameKZ":"%","Name":"%","PublicCode":"10000000","EndDate":null,"ID":"100000","StrID":"100000"},"MultiplierID":null,"IsApproved":false,"IsValidated":false,"StandardMatchType":0,"ApproveDate":null,"ApprovePostID":null,"ApprovePost":null,"OrderNum":3,"WorkPlaceID":20747,"OrderID":null,"BacteriologyResult":null,"AnalyzerId":null,"IsOrderProductionControl":false,"ID":"0","StrID":"0"},{"OrderResearchID":67169735,"OrderResearch":null,"ParameterID":201446,"Parameter":{"ShortNameRU":"ß1-глобулины  в сыворотке крови (анализатор)","ShortNameKZ":"қан сарысуындағы ß1-глобулиндер (анализатор)","ShortName":"ß1-глобулины  в сыворотке крови (анализатор)","DataType":0,"DataTypeName":"Число","UnitTypeID":100000,"UnitType":{"OrderBy":1,"MasterDataID":null,"CDD_ID":null,"NameRU":"%","NameKZ":"%","Name":"%","PublicCode":"10000000","EndDate":null,"ID":"100000","StrID":"100000"},"MedicalFormID":null,"MasterDataID":0,"MedicalForm":null,"NameWithDataType":"ß1-глобулины  в сыворотке крови (анализатор)  (Число)","NameRU":"ß1-глобулины  в сыворотке крови (анализатор)","NameKZ":"қан сарысуындағы ß1-глобулиндер (анализатор)","Name":"ß1-глобулины  в сыворотке крови (анализатор)","PublicCode":"20144600","EndDate":null,"ID":"201446","StrID":"201446"},"ParameterValues":null,"ParameterValueID":null,"ParameterValue":null,"ResultText":null,"ResultValue":null,"ResultDate":"2026-09-02T19:13:17.5550019+05:00","PostID":"0","Post":null,"ExecuteMethod":2,"SourceResultText":null,"SourceResultValue":null,"SourceResultExpression":null,"SourceUnitTypeID":100000,"SourceUnitType":{"OrderBy":1,"MasterDataID":null,"CDD_ID":null,"NameRU":"%","NameKZ":"%","Name":"%","PublicCode":"10000000","EndDate":null,"ID":"100000","StrID":"100000"},"MultiplierID":null,"IsApproved":false,"IsValidated":false,"StandardMatchType":0,"ApproveDate":null,"ApprovePostID":null,"ApprovePost":null,"OrderNum":4,"WorkPlaceID":20747,"OrderID":null,"BacteriologyResult":null,"AnalyzerId":null,"IsOrderProductionControl":false,"ID":"0","StrID":"0"},{"OrderResearchID":67169735,"OrderResearch":null,"ParameterID":201450,"Parameter":{"ShortNameRU":"ɣ-глобулины  в сыворотке крови (анализатор)","ShortNameKZ":"қан сарысуындағы ɣ-глобулиндер (анализатор)","ShortName":"ɣ-глобулины  в сыворотке крови (анализатор)","DataType":0,"DataTypeName":"Число","UnitTypeID":100000,"UnitType":{"OrderBy":1,"MasterDataID":null,"CDD_ID":null,"NameRU":"%","NameKZ":"%","Name":"%","PublicCode":"10000000","EndDate":null,"ID":"100000","StrID":"100000"},"MedicalFormID":null,"MasterDataID":0,"MedicalForm":null,"NameWithDataType":"ɣ-глобулины  в сыворотке крови (анализатор)  (Число)","NameRU":"ɣ-глобулины  в сыворотке крови (анализатор)","NameKZ":"қан сарысуындағы ɣ-глобулиндер (анализатор)","Name":"ɣ-глобулины  в сыворотке крови (анализатор)","PublicCode":"20145000","EndDate":null,"ID":"201450","StrID":"201450"},"ParameterValues":null,"ParameterValueID":null,"ParameterValue":null,"ResultText":null,"ResultValue":null,"ResultDate":"2026-09-02T19:13:17.5550019+05:00","PostID":"0","Post":null,"ExecuteMethod":2,"SourceResultText":null,"SourceResultValue":null,"SourceResultExpression":null,"SourceUnitTypeID":100000,"SourceUnitType":{"OrderBy":1,"MasterDataID":null,"CDD_ID":null,"NameRU":"%","NameKZ":"%","Name":"%","PublicCode":"10000000","EndDate":null,"ID":"100000","StrID":"100000"},"MultiplierID":null,"IsApproved":false,"IsValidated":false,"StandardMatchType":0,"ApproveDate":null,"ApprovePostID":null,"ApprovePost":null,"OrderNum":5,"WorkPlaceID":20747,"OrderID":null,"BacteriologyResult":null,"AnalyzerId":null,"IsOrderProductionControl":false,"ID":"0","StrID":"0"},{"OrderResearchID":67169730,"OrderResearch":null,"ParameterID":200357,"Parameter":{"ShortNameRU":"АЛаТ","ShortNameKZ":"АЛаТ","ShortName":"АЛаТ","DataType":0,"DataTypeName":"Число","UnitTypeID":100030,"UnitType":{"OrderBy":31,"MasterDataID":null,"CDD_ID":null,"NameRU":"МЕ/л","NameKZ":"ХБ/л","Name":"МЕ/л","PublicCode":"10003000","EndDate":null,"ID":"100030","StrID":"100030"},"MedicalFormID":null,"MasterDataID":0,"MedicalForm":null,"NameWithDataType":"АЛаТ  (Число)","NameRU":"АЛаТ","NameKZ":"АЛаТ","Name":"АЛаТ","PublicCode":"20035700","EndDate":null,"ID":"200357","StrID":"200357"},"ParameterValues":null,"ParameterValueID":null,"ParameterValue":null,"ResultText":null,"ResultValue":null,"ResultDate":"2026-09-02T19:13:17.5550019+05:00","PostID":"0","Post":null,"ExecuteMethod":2,"SourceResultText":null,"SourceResultValue":null,"SourceResultExpression":null,"SourceUnitTypeID":100030,"SourceUnitType":{"OrderBy":31,"MasterDataID":null,"CDD_ID":null,"NameRU":"МЕ/л","NameKZ":"ХБ/л","Name":"МЕ/л","PublicCode":"10003000","EndDate":null,"ID":"100030","StrID":"100030"},"MultiplierID":null,"IsApproved":false,"IsValidated":false,"StandardMatchType":0,"ApproveDate":null,"ApprovePostID":null,"ApprovePost":null,"OrderNum":1,"WorkPlaceID":20747,"OrderID":null,"BacteriologyResult":null,"AnalyzerId":null,"IsOrderProductionControl":false,"ID":"0","StrID":"0"},{"OrderResearchID":67169732,"OrderResearch":null,"ParameterID":201032,"Parameter":{"ShortNameRU":"прямой билирубин в сыворотке крови","ShortNameKZ":"қан сарысуындағы тікелей билирубин","ShortName":"прямой билирубин в сыворотке крови","DataType":0,"DataTypeName":"Число","UnitTypeID":100041,"UnitType":{"OrderBy":42,"MasterDataID":null,"CDD_ID":null,"NameRU":"мкмоль/л","NameKZ":"мкмоль/л","Name":"мкмоль/л","PublicCode":"10004100","EndDate":null,"ID":"100041","StrID":"100041"},"MedicalFormID":null,"MasterDataID":0,"MedicalForm":null,"NameWithDataType":"прямой билирубин в сыворотке крови  (Число)","NameRU":"прямой билирубин в сыворотке крови","NameKZ":"қан сарысуындағы тікелей билирубин","Name":"прямой билирубин в сыворотке крови","PublicCode":"20103200","EndDate":null,"ID":"201032","StrID":"201032"},"ParameterValues":null,"ParameterValueID":null,"ParameterValue":null,"ResultText":null,"ResultValue":null,"ResultDate":"2026-09-02T19:13:17.5550019+05:00","PostID":"0","Post":null,"ExecuteMethod":2,"SourceResultText":null,"SourceResultValue":null,"SourceResultExpression":null,"SourceUnitTypeID":100041,"SourceUnitType":{"OrderBy":42,"MasterDataID":null,"CDD_ID":null,"NameRU":"мкмоль/л","NameKZ":"мкмоль/л","Name":"мкмоль/л","PublicCode":"10004100","EndDate":null,"ID":"100041","StrID":"100041"},"MultiplierID":null,"IsApproved":false,"IsValidated":false,"StandardMatchType":0,"ApproveDate":null,"ApprovePostID":null,"ApprovePost":null,"OrderNum":1,"WorkPlaceID":20747,"OrderID":null,"BacteriologyResult":null,"AnalyzerId":null,"IsOrderProductionControl":false,"ID":"0","StrID":"0"},{"OrderResearchID":67169733,"OrderResearch":null,"ParameterID":200919,"Parameter":{"ShortNameRU":"общий билирубин в сыворотке крови","ShortNameKZ":"қан сарысуындағы жалпы билирубин","ShortName":"общий билирубин в сыворотке крови","DataType":0,"DataTypeName":"Число","UnitTypeID":100041,"UnitType":{"OrderBy":42,"MasterDataID":null,"CDD_ID":null,"NameRU":"мкмоль/л","NameKZ":"мкмоль/л","Name":"мкмоль/л","PublicCode":"10004100","EndDate":null,"ID":"100041","StrID":"100041"},"MedicalFormID":null,"MasterDataID":0,"MedicalForm":null,"NameWithDataType":"общий билирубин в сыворотке крови  (Число)","NameRU":"общий билирубин в сыворотке крови","NameKZ":"қан сарысуындағы жалпы билирубин","Name":"общий билирубин в сыворотке крови","PublicCode":"20091900","EndDate":null,"ID":"200919","StrID":"200919"},"ParameterValues":null,"ParameterValueID":null,"ParameterValue":null,"ResultText":null,"ResultValue":null,"ResultDate":"2026-09-02T19:13:17.5706156+05:00","PostID":"0","Post":null,"ExecuteMethod":2,"SourceResultText":null,"SourceResultValue":null,"SourceResultExpression":null,"SourceUnitTypeID":100041,"SourceUnitType":{"OrderBy":42,"MasterDataID":null,"CDD_ID":null,"NameRU":"мкмоль/л","NameKZ":"мкмоль/л","Name":"мкмоль/л","PublicCode":"10004100","EndDate":null,"ID":"100041","StrID":"100041"},"MultiplierID":null,"IsApproved":false,"IsValidated":false,"StandardMatchType":0,"ApproveDate":null,"ApprovePostID":null,"ApprovePost":null,"OrderNum":1,"WorkPlaceID":20747,"OrderID":null,"BacteriologyResult":null,"AnalyzerId":null,"IsOrderProductionControl":false,"ID":"0","StrID":"0"},{"OrderResearchID":67169731,"OrderResearch":null,"ParameterID":200408,"Parameter":{"ShortNameRU":"АСаТ","ShortNameKZ":"АСаТ","ShortName":"АСаТ","DataType":0,"DataTypeName":"Число","UnitTypeID":100030,"UnitType":{"OrderBy":31,"MasterDataID":null,"CDD_ID":null,"NameRU":"МЕ/л","NameKZ":"ХБ/л","Name":"МЕ/л","PublicCode":"10003000","EndDate":null,"ID":"100030","StrID":"100030"},"MedicalFormID":null,"MasterDataID":0,"MedicalForm":null,"NameWithDataType":"АСаТ  (Число)","NameRU":"АСаТ","NameKZ":"АСаТ","Name":"АСаТ","PublicCode":"20040800","EndDate":null,"ID":"200408","StrID":"200408"},"ParameterValues":null,"ParameterValueID":null,"ParameterValue":null,"ResultText":null,"ResultValue":null,"ResultDate":"2026-09-02T19:13:17.5706156+05:00","PostID":"0","Post":null,"ExecuteMethod":2,"SourceResultText":null,"SourceResultValue":null,"SourceResultExpression":null,"SourceUnitTypeID":100030,"SourceUnitType":{"OrderBy":31,"MasterDataID":null,"CDD_ID":null,"NameRU":"МЕ/л","NameKZ":"ХБ/л","Name":"МЕ/л","PublicCode":"10003000","EndDate":null,"ID":"100030","StrID":"100030"},"MultiplierID":null,"IsApproved":false,"IsValidated":false,"StandardMatchType":0,"ApproveDate":null,"ApprovePostID":null,"ApprovePost":null,"OrderNum":1,"WorkPlaceID":20747,"OrderID":null,"BacteriologyResult":null,"AnalyzerId":null,"IsOrderProductionControl":false,"ID":"0","StrID":"0"},{"OrderResearchID":67169736,"OrderResearch":null,"ParameterID":201268,"Parameter":{"ShortNameRU":"холестерин в сыворотке крови","ShortNameKZ":"қан сарысуындағы холестерин","ShortName":"холестерин в сыворотке крови","DataType":0,"DataTypeName":"Число","UnitTypeID":100051,"UnitType":{"OrderBy":52,"MasterDataID":null,"CDD_ID":null,"NameRU":"ммоль/л","NameKZ":"ммоль/л","Name":"ммоль/л","PublicCode":"10005100","EndDate":null,"ID":"100051","StrID":"100051"},"MedicalFormID":null,"MasterDataID":0,"MedicalForm":null,"NameWithDataType":"холестерин в сыворотке крови  (Число)","NameRU":"холестерин в сыворотке крови","NameKZ":"қан сарысуындағы холестерин","Name":"холестерин в сыворотке крови","PublicCode":"20126800","EndDate":null,"ID":"201268","StrID":"201268"},"ParameterValues":null,"ParameterValueID":null,"ParameterValue":null,"ResultText":null,"ResultValue":null,"ResultDate":"2026-09-02T19:13:17.5706156+05:00","PostID":"0","Post":null,"ExecuteMethod":2,"SourceResultText":null,"SourceResultValue":null,"SourceResultExpression":null,"SourceUnitTypeID":100051,"SourceUnitType":{"OrderBy":52,"MasterDataID":null,"CDD_ID":null,"NameRU":"ммоль/л","NameKZ":"ммоль/л","Name":"ммоль/л","PublicCode":"10005100","EndDate":null,"ID":"100051","StrID":"100051"},"MultiplierID":null,"IsApproved":false,"IsValidated":false,"StandardMatchType":0,"ApproveDate":null,"ApprovePostID":null,"ApprovePost":null,"OrderNum":1,"WorkPlaceID":20747,"OrderID":null,"BacteriologyResult":null,"AnalyzerId":null,"IsOrderProductionControl":false,"ID":"0","StrID":"0"},{"OrderResearchID":67169737,"OrderResearch":null,"ParameterID":200549,"Parameter":{"ShortNameRU":"глюкоза в сыворотке крови","ShortNameKZ":"қан сарысуындағы глюкоза","ShortName":"глюкоза в сыворотке крови","DataType":0,"DataTypeName":"Число","UnitTypeID":100051,"UnitType":{"OrderBy":52,"MasterDataID":null,"CDD_ID":null,"NameRU":"ммоль/л","NameKZ":"ммоль/л","Name":"ммоль/л","PublicCode":"10005100","EndDate":null,"ID":"100051","StrID":"100051"},"MedicalFormID":null,"MasterDataID":0,"MedicalForm":null,"NameWithDataType":"глюкоза в сыворотке крови  (Число)","NameRU":"глюкоза в сыворотке крови","NameKZ":"қан сарысуындағы глюкоза","Name":"глюкоза в сыворотке крови","PublicCode":"20054900","EndDate":null,"ID":"200549","StrID":"200549"},"ParameterValues":null,"ParameterValueID":null,"ParameterValue":null,"ResultText":null,"ResultValue":null,"ResultDate":"2026-09-02T19:13:17.5706156+05:00","PostID":"0","Post":null,"ExecuteMethod":2,"SourceResultText":null,"SourceResultValue":null,"SourceResultExpression":null,"SourceUnitTypeID":100051,"SourceUnitType":{"OrderBy":52,"MasterDataID":null,"CDD_ID":null,"NameRU":"ммоль/л","NameKZ":"ммоль/л","Name":"ммоль/л","PublicCode":"10005100","EndDate":null,"ID":"100051","StrID":"100051"},"MultiplierID":null,"IsApproved":false,"IsValidated":false,"StandardMatchType":0,"ApproveDate":null,"ApprovePostID":null,"ApprovePost":null,"OrderNum":1,"WorkPlaceID":20747,"OrderID":null,"BacteriologyResult":null,"AnalyzerId":null,"IsOrderProductionControl":false,"ID":"0","StrID":"0"},{"OrderResearchID":67169738,"OrderResearch":null,"ParameterID":200852,"Parameter":{"ShortNameRU":"мочевина в сыворотке крови","ShortNameKZ":"қан сарысуындағы несепнәр","ShortName":"мочевина в сыворотке крови","DataType":0,"DataTypeName":"Число","UnitTypeID":100051,"UnitType":{"OrderBy":52,"MasterDataID":null,"CDD_ID":null,"NameRU":"ммоль/л","NameKZ":"ммоль/л","Name":"ммоль/л","PublicCode":"10005100","EndDate":null,"ID":"100051","StrID":"100051"},"MedicalFormID":null,"MasterDataID":0,"MedicalForm":null,"NameWithDataType":"мочевина в сыворотке крови  (Число)","NameRU":"мочевина в сыворотке крови","NameKZ":"қан сарысуындағы несепнәр","Name":"мочевина в сыворотке крови","PublicCode":"20085200","EndDate":null,"ID":"200852","StrID":"200852"},"ParameterValues":null,"ParameterValueID":null,"ParameterValue":null,"ResultText":null,"ResultValue":null,"ResultDate":"2026-09-02T19:13:17.5706156+05:00","PostID":"0","Post":null,"ExecuteMethod":2,"SourceResultText":null,"SourceResultValue":null,"SourceResultExpression":null,"SourceUnitTypeID":100051,"SourceUnitType":{"OrderBy":52,"MasterDataID":null,"CDD_ID":null,"NameRU":"ммоль/л","NameKZ":"ммоль/л","Name":"ммоль/л","PublicCode":"10005100","EndDate":null,"ID":"100051","StrID":"100051"},"MultiplierID":null,"IsApproved":false,"IsValidated":false,"StandardMatchType":0,"ApproveDate":null,"ApprovePostID":null,"ApprovePost":null,"OrderNum":1,"WorkPlaceID":20747,"OrderID":null,"BacteriologyResult":null,"AnalyzerId":null,"IsOrderProductionControl":false,"ID":"0","StrID":"0"},{"OrderResearchID":67169739,"OrderResearch":null,"ParameterID":200744,"Parameter":{"ShortNameRU":"креатинин в крови","ShortNameKZ":"қандағы креатинин","ShortName":"креатинин в крови","DataType":0,"DataTypeName":"Число","UnitTypeID":100041,"UnitType":{"OrderBy":42,"MasterDataID":null,"CDD_ID":null,"NameRU":"мкмоль/л","NameKZ":"мкмоль/л","Name":"мкмоль/л","PublicCode":"10004100","EndDate":null,"ID":"100041","StrID":"100041"},"MedicalFormID":null,"MasterDataID":0,"MedicalForm":null,"NameWithDataType":"креатинин в крови  (Число)","NameRU":"креатинин в крови","NameKZ":"қандағы креатинин","Name":"креатинин в крови","PublicCode":"20074400","EndDate":null,"ID":"200744","StrID":"200744"},"ParameterValues":null,"ParameterValueID":null,"ParameterValue":null,"ResultText":null,"ResultValue":null,"ResultDate":"2026-09-02T19:13:17.5706156+05:00","PostID":"0","Post":null,"ExecuteMethod":2,"SourceResultText":null,"SourceResultValue":null,"SourceResultExpression":null,"SourceUnitTypeID":100041,"SourceUnitType":{"OrderBy":42,"MasterDataID":null,"CDD_ID":null,"NameRU":"мкмоль/л","NameKZ":"мкмоль/л","Name":"мкмоль/л","PublicCode":"10004100","EndDate":null,"ID":"100041","StrID":"100041"},"MultiplierID":null,"IsApproved":false,"IsValidated":false,"StandardMatchType":0,"ApproveDate":null,"ApprovePostID":null,"ApprovePost":null,"OrderNum":1,"WorkPlaceID":20747,"OrderID":null,"BacteriologyResult":null,"AnalyzerId":null,"IsOrderProductionControl":false,"ID":"0","StrID":"0"},{"OrderResearchID":67169740,"OrderResearch":null,"ParameterID":201150,"Parameter":{"ShortNameRU":"СРБ","ShortNameKZ":"СРА","ShortName":"СРБ","DataType":0,"DataTypeName":"Число","UnitTypeID":100026,"UnitType":{"OrderBy":27,"MasterDataID":null,"CDD_ID":null,"NameRU":"мг/л","NameKZ":"мг/л","Name":"мг/л","PublicCode":"10002600","EndDate":null,"ID":"100026","StrID":"100026"},"MedicalFormID":null,"MasterDataID":0,"MedicalForm":null,"NameWithDataType":"СРБ  (Число)","NameRU":"СРБ","NameKZ":"СРА","Name":"СРБ","PublicCode":"20115000","EndDate":null,"ID":"201150","StrID":"201150"},"ParameterValues":null,"ParameterValueID":null,"ParameterValue":null,"ResultText":null,"ResultValue":null,"ResultDate":"2026-09-02T19:13:17.586238+05:00","PostID":"0","Post":null,"ExecuteMethod":2,"SourceResultText":null,"SourceResultValue":null,"SourceResultExpression":null,"SourceUnitTypeID":100026,"SourceUnitType":{"OrderBy":27,"MasterDataID":null,"CDD_ID":null,"NameRU":"мг/л","NameKZ":"мг/л","Name":"мг/л","PublicCode":"10002600","EndDate":null,"ID":"100026","StrID":"100026"},"MultiplierID":null,"IsApproved":false,"IsValidated":false,"StandardMatchType":0,"ApproveDate":null,"ApprovePostID":null,"ApprovePost":null,"OrderNum":1,"WorkPlaceID":20747,"OrderID":null,"BacteriologyResult":null,"AnalyzerId":null,"IsOrderProductionControl":false,"ID":"0","StrID":"0"},{"OrderResearchID":67169741,"OrderResearch":null,"ParameterID":200376,"Parameter":{"ShortNameRU":"антистрептолизин \"O\"","ShortNameKZ":"антистрептолизин \"O\"","ShortName":"антистрептолизин \"O\"","DataType":0,"DataTypeName":"Число","UnitTypeID":100030,"UnitType":{"OrderBy":31,"MasterDataID":null,"CDD_ID":null,"NameRU":"МЕ/л","NameKZ":"ХБ/л","Name":"МЕ/л","PublicCode":"10003000","EndDate":null,"ID":"100030","StrID":"100030"},"MedicalFormID":null,"MasterDataID":0,"MedicalForm":null,"NameWithDataType":"антистрептолизин \"O\"  (Число)","NameRU":"антистрептолизин \"O\"","NameKZ":"антистрептолизин \"O\"","Name":"антистрептолизин \"O\"","PublicCode":"20037600","EndDate":null,"ID":"200376","StrID":"200376"},"ParameterValues":null,"ParameterValueID":null,"ParameterValue":null,"ResultText":null,"ResultValue":null,"ResultDate":"2026-09-02T19:13:17.586238+05:00","PostID":"0","Post":null,"ExecuteMethod":2,"SourceResultText":null,"SourceResultValue":null,"SourceResultExpression":null,"SourceUnitTypeID":100030,"SourceUnitType":{"OrderBy":31,"MasterDataID":null,"CDD_ID":null,"NameRU":"МЕ/л","NameKZ":"ХБ/л","Name":"МЕ/л","PublicCode":"10003000","EndDate":null,"ID":"100030","StrID":"100030"},"MultiplierID":null,"IsApproved":false,"IsValidated":false,"StandardMatchType":0,"ApproveDate":null,"ApprovePostID":null,"ApprovePost":null,"OrderNum":1,"WorkPlaceID":20747,"OrderID":null,"BacteriologyResult":null,"AnalyzerId":null,"IsOrderProductionControl":false,"ID":"0","StrID":"0"}]
02.09.2026 19:13:16	Information:	TestsWW spec 200918, spec 201451, spec 201448, spec 201449, spec 201446, spec 201450, spec 200357, spec 201032, spec 200919, spec 200408, spec 201268, spec 200549, spec 200852, spec 200744, spec 201150, spec 200376, 
02.09.2026 19:13:16	Information:	Querry lines count: 1
02.09.2026 19:13:16	Debug:	SendResults:	fix DriverRequests=	532	ms
02.09.2026 19:13:16	Information:	SAMPLE! 51563972 DeviceDriverResult Sample: 51563972 Suggest: . Do Request True
02.09.2026 19:13:16	Information:	Sample request count: 1
02.09.2026 19:13:16	Information:	MU is mmol/L
02.09.2026 19:13:16	Information:	Driver Collations count 0
02.09.2026 19:13:16	Information:	MU collations count=0
02.09.2026 19:13:16	Information:	MU is ?mol/L
02.09.2026 19:13:16	Information:	Driver Collations count 0
02.09.2026 19:13:16	Information:	MU collations count=0
02.09.2026 19:13:16	Information:	MU is ?mol/L
02.09.2026 19:13:16	Information:	Driver Collations count 0
02.09.2026 19:13:16	Information:	MU collations count=0
02.09.2026 19:13:16	Information:	MU is U/L
02.09.2026 19:13:16	Information:	Driver Collations count 0
02.09.2026 19:13:16	Information:	MU collations count=0
02.09.2026 19:13:16	Information:	MU is U/L
02.09.2026 19:13:16	Information:	Driver Collations count 0
02.09.2026 19:13:16	Information:	MU collations count=0
02.09.2026 19:13:16	Information:	MU is g/L
02.09.2026 19:13:16	Information:	Driver Collations count 0
02.09.2026 19:13:16	Information:	MU collations count=0
02.09.2026 19:13:16	Information:	MU is mmol/L
02.09.2026 19:13:16	Information:	Driver Collations count 0
02.09.2026 19:13:16	Information:	MU collations count=0
02.09.2026 19:13:16	Information:	MU is ?mol/L
02.09.2026 19:13:16	Information:	Driver Collations count 0
02.09.2026 19:13:16	Information:	MU collations count=0
02.09.2026 19:13:16	Information:	MU is mmol/L
02.09.2026 19:13:16	Information:	Driver Collations count 0
02.09.2026 19:13:16	Information:	MU collations count=0
02.09.2026 19:13:16	Debug:	SendResults:	SetTestsValues first SetTestsValues=	75	ms
02.09.2026 19:13:16	Debug:	SendResults:	Device Total = 611 ms
02.09.2026 19:13:16	Information:	Saving 51563972
02.09.2026 19:13:16	Information:	Start test result saving
02.09.2026 19:13:16	Information:	Result object to save: 
02.09.2026 19:13:16	Information:	{"OrderResearchID":67169734,"OrderResearch":null,"ParameterID":200918,"Parameter":{"ShortNameRU":"общий белок в сыворотке крови","ShortNameKZ":"қан сарысуындағы жалпы ақуыз","ShortName":"общий белок в сыворотке крови","DataType":0,"DataTypeName":"Число","UnitTypeID":100012,"UnitType":{"NameRU":"г/л","NameKZ":"г/л","Name":"г/л","PublicCode":"10001200","OrderBy":13,"ID":100012,"StrID":"100012"},"MedicalFormID":null,"MedicalForm":null,"NameRU":"общий белок в сыворотке крови","NameKZ":"қан сарысуындағы жалпы ақуыз","Name":"общий белок в сыворотке крови","PublicCode":"20091800","OrderBy":null,"ID":200918,"StrID":"200918"},"ParameterValueID":null,"ParameterValue":null,"ResultText":"52.64","ResultValue":null,"ResultDate":"2026-09-02T19:13:17.5550019+05:00","PostID":0,"Post":null,"ExecuteMethod":2,"SourceResultText":"52.64","SourceResultValue":null,"SourceResultExpression":null,"SourceUnitTypeID":100012,"SourceUnitType":{"NameRU":"г/л","NameKZ":"г/л","Name":"г/л","PublicCode":"10001200","OrderBy":13,"ID":100012,"StrID":"100012"},"IsApproved":false,"ApproveDate":null,"ApprovePostID":null,"ApprovePost":null,"OrderNum":1,"WorkPlaceID":20747,"DriverManagerID":150,"BacteriologyResult":null,"AnalyzerId":38,"IsOrderProductionControl":false,"ID":0,"StrID":"0"}
02.09.2026 19:13:16	Information:	Save string: 
02.09.2026 19:13:16	Information:	{"OrderResearchID":67169734,"OrderResearch":{"OrderID":31167739,"ServiceMoID":2163201,"ServiceMoMasterDataID":8269447,"ServiceMo":{"OrgHealthCareID":"45500000000000909","ServiceID":236,"NameRU":"Определение общего белка в сыворотке крови на анализаторе","NameKZ":"Қан сарысуындағы жалпы нәруызды талдауышта анықтау ","Name":"Определение общего белка в сыворотке крови на анализаторе","ShortNameRU":"Определение общего белка в сыворотке крови на анализаторе","ShortNameKZ":"Қан сарысуындағы жалпы нәруызды талдауышта анықтау ","ShortName":"Определение общего белка в сыворотке крови на анализаторе","FullName":"B03.397.002 - Определение общего белка в сыворотке крови на анализаторе","Code":"B03.397.002","ExternalCode":null,"ServiceClassID":5,"ServiceClass":{"ServiceTypeID":2,"OrderBy":5,"MasterDataID":5,"NameRU":"Клиническая химия (биохимия)","NameKZ":"Клиникалық химия (биохимия)","Name":"Клиническая химия (биохимия)","PublicCode":"500","EndDate":null,"ID":"5","StrID":"5"},"Service":{"NameRU":"Определение общего белка в сыворотке крови на анализаторе","NameKZ":"Қан сарысуындағы жалпы нәруызды талдауышта анықтау","Name":"Определение общего белка в сыворотке крови на анализаторе","ShortNameRU":"Общий белок на анализаторе","ShortNameKZ":"Общий белок на анализаторе","ShortName":"Общий белок на анализаторе","FullName":"B03.397.002 - Определение общего белка в сыворотке крови на анализаторе","Code":"B03.397.002","ServiceClassID":5,"ServiceClass":null,"ServiceSubClassID":6,"ServiceSubClass":null,"MaterialTypeID":202,"MaterialType":null,"MasterDataID":3079,"ID":"236","StrID":"236"},"MasterDataID":8269447,"ServiceSubClassID":6,"PayType":1,"ServiceSubClass":null,"ID":"2163201","StrID":"2163201"},"FullName":"B03.397.002 - Определение общего белка в сыворотке крови на анализаторе  () ","IsMain":true,"SourceID":"145160144_34024969","WorkPlaceID":20747,"WorkPlace":null,"DriverManager":null,"ParameterID":null,"Parameter":null,"AdditionalInfo":null,"Status":1,"PerformetServiceCount":7,"ResearchResultCount":0,"ApproveResearchResultCount":0,"NotSaveResearchResultCount":0,"ParentID":null,"ScreeningCandidatePlanGuid":null,"ScreeningUrl":null,"TakePlace":null,"MaterialTypeID":null,"MaterialType":null,"PartCount":0,"IsOrderProductionControl":false,"Uid":"d6b287fa-83fd-4699-9e23-423868ae08ec","OrderPerformerServices":[],"OrderResearchAllergens":[],"Results":[],"IsResumed":false,"ExecutionType":0,"ID":"67169734","StrID":"67169734"},"ParameterID":200918,"Parameter":{"ShortNameRU":"общий белок в сыворотке крови","ShortNameKZ":"қан сарысуындағы жалпы ақуыз","ShortName":"общий белок в сыворотке крови","DataType":0,"DataTypeName":"Число","UnitTypeID":100012,"UnitType":null,"MedicalFormID":null,"MasterDataID":0,"MedicalForm":null,"NameWithDataType":"общий белок в сыворотке крови  (Число)","NameRU":"общий белок в сыворотке крови","NameKZ":"қан сарысуындағы жалпы ақуыз","Name":"общий белок в сыворотке крови","PublicCode":"20091800","EndDate":null,"ID":"200918","StrID":"200918"},"ParameterValues":null,"ParameterValueID":null,"ParameterValue":null,"ResultText":"52.64","ResultValue":"52.64","ResultDate":"2026-09-02T19:13:17.8369059+05:00","PostID":"189416","Post":null,"ExecuteMethod":2,"SourceResultText":"52.64","SourceResultValue":"52.64","SourceResultExpression":null,"SourceUnitTypeID":100012,"SourceUnitType":{"OrderBy":13,"MasterDataID":null,"CDD_ID":null,"NameRU":"г/л","NameKZ":"г/л","Name":"г/л","PublicCode":"10001200","EndDate":null,"ID":"100012","StrID":"100012"},"MultiplierID":null,"IsApproved":false,"IsValidated":false,"StandardMatchType":0,"ApproveDate":null,"ApprovePostID":null,"ApprovePost":null,"OrderNum":1,"WorkPlaceID":20747,"OrderID":null,"BacteriologyResult":null,"AnalyzerId":38,"IsOrderProductionControl":false,"ID":"207446783","StrID":"207446783"}
02.09.2026 19:13:16	Information:	No result for test 201451 for sample with barcode 51563972 for device 20747
02.09.2026 19:13:16	Information:	No result for test 201448 for sample with barcode 51563972 for device 20747
02.09.2026 19:13:16	Information:	No result for test 201449 for sample with barcode 51563972 for device 20747
02.09.2026 19:13:16	Information:	No result for test 201446 for sample with barcode 51563972 for device 20747
02.09.2026 19:13:16	Information:	No result for test 201450 for sample with barcode 51563972 for device 20747
02.09.2026 19:13:16	Information:	Result object to save: 
02.09.2026 19:13:16	Information:	{"OrderResearchID":67169730,"OrderResearch":null,"ParameterID":200357,"Parameter":{"ShortNameRU":"АЛаТ","ShortNameKZ":"АЛаТ","ShortName":"АЛаТ","DataType":0,"DataTypeName":"Число","UnitTypeID":100030,"UnitType":{"NameRU":"МЕ/л","NameKZ":"ХБ/л","Name":"МЕ/л","PublicCode":"10003000","OrderBy":31,"ID":100030,"StrID":"100030"},"MedicalFormID":null,"MedicalForm":null,"NameRU":"АЛаТ","NameKZ":"АЛаТ","Name":"АЛаТ","PublicCode":"20035700","OrderBy":null,"ID":200357,"StrID":"200357"},"ParameterValueID":null,"ParameterValue":null,"ResultText":"13.6","ResultValue":null,"ResultDate":"2026-09-02T19:13:17.5550019+05:00","PostID":0,"Post":null,"ExecuteMethod":2,"SourceResultText":"13.6","SourceResultValue":null,"SourceResultExpression":null,"SourceUnitTypeID":100030,"SourceUnitType":{"NameRU":"МЕ/л","NameKZ":"ХБ/л","Name":"МЕ/л","PublicCode":"10003000","OrderBy":31,"ID":100030,"StrID":"100030"},"IsApproved":false,"ApproveDate":null,"ApprovePostID":null,"ApprovePost":null,"OrderNum":1,"WorkPlaceID":20747,"DriverManagerID":150,"BacteriologyResult":null,"AnalyzerId":38,"IsOrderProductionControl":false,"ID":0,"StrID":"0"}
02.09.2026 19:13:16	Information:	Save string: 
02.09.2026 19:13:16	Information:	{"OrderResearchID":67169730,"OrderResearch":{"OrderID":31167739,"ServiceMoID":2163576,"ServiceMoMasterDataID":8269462,"ServiceMo":{"OrgHealthCareID":"45500000000000909","ServiceID":253,"NameRU":"Определение аланинаминотрансферазы (АЛаТ) в сыворотке крови на анализаторе","NameKZ":"Қан сарысуындағы аланинаминотрансферазды (АЛаТ) талдауышта анықтау ","Name":"Определение аланинаминотрансферазы (АЛаТ) в сыворотке крови на анализаторе","ShortNameRU":"Определение аланинаминотрансферазы (АЛаТ) в сыворотке крови на анализаторе","ShortNameKZ":"Қан сарысуындағы аланинаминотрансферазды (АЛаТ) талдауышта анықтау ","ShortName":"Определение аланинаминотрансферазы (АЛаТ) в сыворотке крови на анализаторе","FullName":"B03.155.002 - Определение аланинаминотрансферазы (АЛаТ) в сыворотке крови на анализаторе","Code":"B03.155.002","ExternalCode":null,"ServiceClassID":5,"ServiceClass":{"ServiceTypeID":2,"OrderBy":5,"MasterDataID":5,"NameRU":"Клиническая химия (биохимия)","NameKZ":"Клиникалық химия (биохимия)","Name":"Клиническая химия (биохимия)","PublicCode":"500","EndDate":null,"ID":"5","StrID":"5"},"Service":{"NameRU":"Определение аланинаминотрансферазы (АЛаТ) в сыворотке крови на анализаторе","NameKZ":"Қан сарысуындағы аланинаминотрансферазды (АЛаТ) талдауышта анықтау","Name":"Определение аланинаминотрансферазы (АЛаТ) в сыворотке крови на анализаторе","ShortNameRU":"АЛаТ на анализаторе","ShortNameKZ":"АЛаТ на анализаторе","ShortName":"АЛаТ на анализаторе","FullName":"B03.155.002 - Определение аланинаминотрансферазы (АЛаТ) в сыворотке крови на анализаторе","Code":"B03.155.002","ServiceClassID":5,"ServiceClass":null,"ServiceSubClassID":6,"ServiceSubClass":null,"MaterialTypeID":202,"MaterialType":null,"MasterDataID":3094,"ID":"253","StrID":"253"},"MasterDataID":8269462,"ServiceSubClassID":6,"PayType":1,"ServiceSubClass":null,"ID":"2163576","StrID":"2163576"},"FullName":"B03.155.002 - Определение аланинаминотрансферазы (АЛаТ) в сыворотке крови на анализаторе  () ","IsMain":true,"SourceID":"145160144_34024961","WorkPlaceID":20747,"WorkPlace":null,"DriverManager":null,"ParameterID":null,"Parameter":null,"AdditionalInfo":null,"Status":1,"PerformetServiceCount":9,"ResearchResultCount":0,"ApproveResearchResultCount":0,"NotSaveResearchResultCount":0,"ParentID":null,"ScreeningCandidatePlanGuid":null,"ScreeningUrl":null,"TakePlace":null,"MaterialTypeID":null,"MaterialType":null,"PartCount":0,"IsOrderProductionControl":false,"Uid":"8249bde2-e31c-4246-ab98-0b78600b4d4d","OrderPerformerServices":[],"OrderResearchAllergens":[],"Results":[],"IsResumed":false,"ExecutionType":0,"ID":"67169730","StrID":"67169730"},"ParameterID":200357,"Parameter":{"ShortNameRU":"АЛаТ","ShortNameKZ":"АЛаТ","ShortName":"АЛаТ","DataType":0,"DataTypeName":"Число","UnitTypeID":100030,"UnitType":null,"MedicalFormID":null,"MasterDataID":0,"MedicalForm":null,"NameWithDataType":"АЛаТ  (Число)","NameRU":"АЛаТ","NameKZ":"АЛаТ","Name":"АЛаТ","PublicCode":"20035700","EndDate":null,"ID":"200357","StrID":"200357"},"ParameterValues":null,"ParameterValueID":null,"ParameterValue":null,"ResultText":"13.60","ResultValue":"13.60","ResultDate":"2026-09-02T19:13:17.9002403+05:00","PostID":"189416","Post":null,"ExecuteMethod":2,"SourceResultText":"13.60","SourceResultValue":"13.60","SourceResultExpression":null,"SourceUnitTypeID":100030,"SourceUnitType":{"OrderBy":31,"MasterDataID":null,"CDD_ID":null,"NameRU":"МЕ/л","NameKZ":"ХБ/л","Name":"МЕ/л","PublicCode":"10003000","EndDate":null,"ID":"100030","StrID":"100030"},"MultiplierID":null,"IsApproved":false,"IsValidated":false,"StandardMatchType":0,"ApproveDate":null,"ApprovePostID":null,"ApprovePost":null,"OrderNum":1,"WorkPlaceID":20747,"OrderID":null,"BacteriologyResult":null,"AnalyzerId":38,"IsOrderProductionControl":false,"ID":"207446784","StrID":"207446784"}
02.09.2026 19:13:16	Information:	Result object to save: 
02.09.2026 19:13:16	Information:	{"OrderResearchID":67169732,"OrderResearch":null,"ParameterID":201032,"Parameter":{"ShortNameRU":"прямой билирубин в сыворотке крови","ShortNameKZ":"қан сарысуындағы тікелей билирубин","ShortName":"прямой билирубин в сыворотке крови","DataType":0,"DataTypeName":"Число","UnitTypeID":100041,"UnitType":{"NameRU":"мкмоль/л","NameKZ":"мкмоль/л","Name":"мкмоль/л","PublicCode":"10004100","OrderBy":42,"ID":100041,"StrID":"100041"},"MedicalFormID":null,"MedicalForm":null,"NameRU":"прямой билирубин в сыворотке крови","NameKZ":"қан сарысуындағы тікелей билирубин","Name":"прямой билирубин в сыворотке крови","PublicCode":"20103200","OrderBy":null,"ID":201032,"StrID":"201032"},"ParameterValueID":null,"ParameterValue":null,"ResultText":"0.5761","ResultValue":null,"ResultDate":"2026-09-02T19:13:17.5550019+05:00","PostID":0,"Post":null,"ExecuteMethod":2,"SourceResultText":"0.5761","SourceResultValue":null,"SourceResultExpression":null,"SourceUnitTypeID":100041,"SourceUnitType":{"NameRU":"мкмоль/л","NameKZ":"мкмоль/л","Name":"мкмоль/л","PublicCode":"10004100","OrderBy":42,"ID":100041,"StrID":"100041"},"IsApproved":false,"ApproveDate":null,"ApprovePostID":null,"ApprovePost":null,"OrderNum":1,"WorkPlaceID":20747,"DriverManagerID":150,"BacteriologyResult":null,"AnalyzerId":38,"IsOrderProductionControl":false,"ID":0,"StrID":"0"}
02.09.2026 19:13:16	Information:	Save string: 
02.09.2026 19:13:16	Information:	{"OrderResearchID":67169732,"OrderResearch":{"OrderID":31167739,"ServiceMoID":2163601,"ServiceMoMasterDataID":8269463,"ServiceMo":{"OrgHealthCareID":"45500000000000909","ServiceID":254,"NameRU":"Определение прямого билирубина в сыворотке крови на анализаторе","NameKZ":"Қан сарысуындағы тікелей  билирубинді талдауышта анықтау ","Name":"Определение прямого билирубина в сыворотке крови на анализаторе","ShortNameRU":"Определение прямого билирубина в сыворотке крови на анализаторе","ShortNameKZ":"Қан сарысуындағы тікелей  билирубинді талдауышта анықтау ","ShortName":"Определение прямого билирубина в сыворотке крови на анализаторе","FullName":"B03.435.002 - Определение прямого билирубина в сыворотке крови на анализаторе","Code":"B03.435.002","ExternalCode":null,"ServiceClassID":5,"ServiceClass":{"ServiceTypeID":2,"OrderBy":5,"MasterDataID":5,"NameRU":"Клиническая химия (биохимия)","NameKZ":"Клиникалық химия (биохимия)","Name":"Клиническая химия (биохимия)","PublicCode":"500","EndDate":null,"ID":"5","StrID":"5"},"Service":{"NameRU":"Определение прямого билирубина в сыворотке крови на анализаторе","NameKZ":"Қан сарысуындағы тікелей билирубинді талдауышта анықтау","Name":"Определение прямого билирубина в сыворотке крови на анализаторе","ShortNameRU":"Прямой Bi на анализаторе","ShortNameKZ":"Прямой Bi на анализаторе","ShortName":"Прямой Bi на анализаторе","FullName":"B03.435.002 - Определение прямого билирубина в сыворотке крови на анализаторе","Code":"B03.435.002","ServiceClassID":5,"ServiceClass":null,"ServiceSubClassID":6,"ServiceSubClass":null,"MaterialTypeID":202,"MaterialType":null,"MasterDataID":3095,"ID":"254","StrID":"254"},"MasterDataID":8269463,"ServiceSubClassID":6,"PayType":1,"ServiceSubClass":null,"ID":"2163601","StrID":"2163601"},"FullName":"B03.435.002 - Определение прямого билирубина в сыворотке крови на анализаторе  () ","IsMain":true,"SourceID":"145160144_34024964","WorkPlaceID":20747,"WorkPlace":null,"DriverManager":null,"ParameterID":null,"Parameter":null,"AdditionalInfo":null,"Status":1,"PerformetServiceCount":7,"ResearchResultCount":0,"ApproveResearchResultCount":0,"NotSaveResearchResultCount":0,"ParentID":null,"ScreeningCandidatePlanGuid":null,"ScreeningUrl":null,"TakePlace":null,"MaterialTypeID":null,"MaterialType":null,"PartCount":0,"IsOrderProductionControl":false,"Uid":"24d3841e-187a-4554-9f9b-cf8f63bb0a66","OrderPerformerServices":[],"OrderResearchAllergens":[],"Results":[],"IsResumed":false,"ExecutionType":0,"ID":"67169732","StrID":"67169732"},"ParameterID":201032,"Parameter":{"ShortNameRU":"прямой билирубин в сыворотке крови","ShortNameKZ":"қан сарысуындағы тікелей билирубин","ShortName":"прямой билирубин в сыворотке крови","DataType":0,"DataTypeName":"Число","UnitTypeID":100041,"UnitType":null,"MedicalFormID":null,"MasterDataID":0,"MedicalForm":null,"NameWithDataType":"прямой билирубин в сыворотке крови  (Число)","NameRU":"прямой билирубин в сыворотке крови","NameKZ":"қан сарысуындағы тікелей билирубин","Name":"прямой билирубин в сыворотке крови","PublicCode":"20103200","EndDate":null,"ID":"201032","StrID":"201032"},"ParameterValues":null,"ParameterValueID":null,"ParameterValue":null,"ResultText":"0.58","ResultValue":"0.58","ResultDate":"2026-09-02T19:13:17.9479073+05:00","PostID":"189416","Post":null,"ExecuteMethod":2,"SourceResultText":"0.58","SourceResultValue":"0.58","SourceResultExpression":null,"SourceUnitTypeID":100041,"SourceUnitType":{"OrderBy":42,"MasterDataID":null,"CDD_ID":null,"NameRU":"мкмоль/л","NameKZ":"мкмоль/л","Name":"мкмоль/л","PublicCode":"10004100","EndDate":null,"ID":"100041","StrID":"100041"},"MultiplierID":null,"IsApproved":false,"IsValidated":false,"StandardMatchType":0,"ApproveDate":null,"ApprovePostID":null,"ApprovePost":null,"OrderNum":1,"WorkPlaceID":20747,"OrderID":null,"BacteriologyResult":null,"AnalyzerId":38,"IsOrderProductionControl":false,"ID":"207446785","StrID":"207446785"}
02.09.2026 19:13:16	Information:	Result object to save: 
02.09.2026 19:13:16	Information:	{"OrderResearchID":67169733,"OrderResearch":null,"ParameterID":200919,"Parameter":{"ShortNameRU":"общий билирубин в сыворотке крови","ShortNameKZ":"қан сарысуындағы жалпы билирубин","ShortName":"общий билирубин в сыворотке крови","DataType":0,"DataTypeName":"Число","UnitTypeID":100041,"UnitType":{"NameRU":"мкмоль/л","NameKZ":"мкмоль/л","Name":"мкмоль/л","PublicCode":"10004100","OrderBy":42,"ID":100041,"StrID":"100041"},"MedicalFormID":null,"MedicalForm":null,"NameRU":"общий билирубин в сыворотке крови","NameKZ":"қан сарысуындағы жалпы билирубин","Name":"общий билирубин в сыворотке крови","PublicCode":"20091900","OrderBy":null,"ID":200919,"StrID":"200919"},"ParameterValueID":null,"ParameterValue":null,"ResultText":"4.32","ResultValue":null,"ResultDate":"2026-09-02T19:13:17.5706156+05:00","PostID":0,"Post":null,"ExecuteMethod":2,"SourceResultText":"4.32","SourceResultValue":null,"SourceResultExpression":null,"SourceUnitTypeID":100041,"SourceUnitType":{"NameRU":"мкмоль/л","NameKZ":"мкмоль/л","Name":"мкмоль/л","PublicCode":"10004100","OrderBy":42,"ID":100041,"StrID":"100041"},"IsApproved":false,"ApproveDate":null,"ApprovePostID":null,"ApprovePost":null,"OrderNum":1,"WorkPlaceID":20747,"DriverManagerID":150,"BacteriologyResult":null,"AnalyzerId":38,"IsOrderProductionControl":false,"ID":0,"StrID":"0"}
02.09.2026 19:13:16	Information:	Save string: 
02.09.2026 19:13:16	Information:	{"OrderResearchID":67169733,"OrderResearch":{"OrderID":31167739,"ServiceMoID":2163626,"ServiceMoMasterDataID":8269464,"ServiceMo":{"OrgHealthCareID":"45500000000000909","ServiceID":255,"NameRU":"Определение общего билирубина в сыворотке крови на анализаторе","NameKZ":"Қан сарысуындағы жалпы  билирубинді талдауышта анықтау в сыворотке крови на анализаторе","Name":"Определение общего билирубина в сыворотке крови на анализаторе","ShortNameRU":"Определение общего билирубина в сыворотке крови на анализаторе","ShortNameKZ":"Қан сарысуындағы жалпы  билирубинді талдауышта анықтау в сыворотке крови на анализаторе","ShortName":"Определение общего билирубина в сыворотке крови на анализаторе","FullName":"B03.398.002 - Определение общего билирубина в сыворотке крови на анализаторе","Code":"B03.398.002","ExternalCode":null,"ServiceClassID":5,"ServiceClass":{"ServiceTypeID":2,"OrderBy":5,"MasterDataID":5,"NameRU":"Клиническая химия (биохимия)","NameKZ":"Клиникалық химия (биохимия)","Name":"Клиническая химия (биохимия)","PublicCode":"500","EndDate":null,"ID":"5","StrID":"5"},"Service":{"NameRU":"Определение общего билирубина в сыворотке крови на анализаторе","NameKZ":"Қан сарысуындағы жалпы билирубинді талдауышта анықтау в сыворотке крови на анализаторе","Name":"Определение общего билирубина в сыворотке крови на анализаторе","ShortNameRU":"Общий Bi на анализаторе","ShortNameKZ":"Общий Bi на анализаторе","ShortName":"Общий Bi на анализаторе","FullName":"B03.398.002 - Определение общего билирубина в сыворотке крови на анализаторе","Code":"B03.398.002","ServiceClassID":5,"ServiceClass":null,"ServiceSubClassID":6,"ServiceSubClass":null,"MaterialTypeID":202,"MaterialType":null,"MasterDataID":3096,"ID":"255","StrID":"255"},"MasterDataID":8269464,"ServiceSubClassID":6,"PayType":1,"ServiceSubClass":null,"ID":"2163626","StrID":"2163626"},"FullName":"B03.398.002 - Определение общего билирубина в сыворотке крови на анализаторе  () ","IsMain":true,"SourceID":"145160144_34024963","WorkPlaceID":20747,"WorkPlace":null,"DriverManager":null,"ParameterID":null,"Parameter":null,"AdditionalInfo":null,"Status":1,"PerformetServiceCount":7,"ResearchResultCount":0,"ApproveResearchResultCount":0,"NotSaveResearchResultCount":0,"ParentID":null,"ScreeningCandidatePlanGuid":null,"ScreeningUrl":null,"TakePlace":null,"MaterialTypeID":null,"MaterialType":null,"PartCount":0,"IsOrderProductionControl":false,"Uid":"f8ef12d1-b4ef-4550-ab22-3a9fdb466ab2","OrderPerformerServices":[],"OrderResearchAllergens":[],"Results":[],"IsResumed":false,"ExecutionType":0,"ID":"67169733","StrID":"67169733"},"ParameterID":200919,"Parameter":{"ShortNameRU":"общий билирубин в сыворотке крови","ShortNameKZ":"қан сарысуындағы жалпы билирубин","ShortName":"общий билирубин в сыворотке крови","DataType":0,"DataTypeName":"Число","UnitTypeID":100041,"UnitType":null,"MedicalFormID":null,"MasterDataID":0,"MedicalForm":null,"NameWithDataType":"общий билирубин в сыворотке крови  (Число)","NameRU":"общий билирубин в сыворотке крови","NameKZ":"қан сарысуындағы жалпы билирубин","Name":"общий билирубин в сыворотке крови","PublicCode":"20091900","EndDate":null,"ID":"200919","StrID":"200919"},"ParameterValues":null,"ParameterValueID":null,"ParameterValue":null,"ResultText":"4.32","ResultValue":"4.32","ResultDate":"2026-09-02T19:13:17.9942096+05:00","PostID":"189416","Post":null,"ExecuteMethod":2,"SourceResultText":"4.32","SourceResultValue":"4.32","SourceResultExpression":null,"SourceUnitTypeID":100041,"SourceUnitType":{"OrderBy":42,"MasterDataID":null,"CDD_ID":null,"NameRU":"мкмоль/л","NameKZ":"мкмоль/л","Name":"мкмоль/л","PublicCode":"10004100","EndDate":null,"ID":"100041","StrID":"100041"},"MultiplierID":null,"IsApproved":false,"IsValidated":false,"StandardMatchType":0,"ApproveDate":null,"ApprovePostID":null,"ApprovePost":null,"OrderNum":1,"WorkPlaceID":20747,"OrderID":null,"BacteriologyResult":null,"AnalyzerId":38,"IsOrderProductionControl":false,"ID":"207446786","StrID":"207446786"}
02.09.2026 19:13:16	Information:	Result object to save: 
02.09.2026 19:13:16	Information:	{"OrderResearchID":67169731,"OrderResearch":null,"ParameterID":200408,"Parameter":{"ShortNameRU":"АСаТ","ShortNameKZ":"АСаТ","ShortName":"АСаТ","DataType":0,"DataTypeName":"Число","UnitTypeID":100030,"UnitType":{"NameRU":"МЕ/л","NameKZ":"ХБ/л","Name":"МЕ/л","PublicCode":"10003000","OrderBy":31,"ID":100030,"StrID":"100030"},"MedicalFormID":null,"MedicalForm":null,"NameRU":"АСаТ","NameKZ":"АСаТ","Name":"АСаТ","PublicCode":"20040800","OrderBy":null,"ID":200408,"StrID":"200408"},"ParameterValueID":null,"ParameterValue":null,"ResultText":"21.67","ResultValue":null,"ResultDate":"2026-09-02T19:13:17.5706156+05:00","PostID":0,"Post":null,"ExecuteMethod":2,"SourceResultText":"21.67","SourceResultValue":null,"SourceResultExpression":null,"SourceUnitTypeID":100030,"SourceUnitType":{"NameRU":"МЕ/л","NameKZ":"ХБ/л","Name":"МЕ/л","PublicCode":"10003000","OrderBy":31,"ID":100030,"StrID":"100030"},"IsApproved":false,"ApproveDate":null,"ApprovePostID":null,"ApprovePost":null,"OrderNum":1,"WorkPlaceID":20747,"DriverManagerID":150,"BacteriologyResult":null,"AnalyzerId":38,"IsOrderProductionControl":false,"ID":0,"StrID":"0"}
02.09.2026 19:13:16	Information:	Save string: 
02.09.2026 19:13:16	Information:	{"OrderResearchID":67169731,"OrderResearch":{"OrderID":31167739,"ServiceMoID":2163651,"ServiceMoMasterDataID":8269465,"ServiceMo":{"OrgHealthCareID":"45500000000000909","ServiceID":256,"NameRU":"Определение аспартатаминотрансферазы (АСаТ) в сыворотке крови на анализаторе","NameKZ":"Қан сарысуындағы  аспартатаминотрансферазды  (АСаТ) талдауышта анықтау  ","Name":"Определение аспартатаминотрансферазы (АСаТ) в сыворотке крови на анализаторе","ShortNameRU":"Определение аспартатаминотрансферазы (АСаТ) в сыворотке крови на анализаторе","ShortNameKZ":"Қан сарысуындағы  аспартатаминотрансферазды  (АСаТ) талдауышта анықтау  ","ShortName":"Определение аспартатаминотрансферазы (АСаТ) в сыворотке крови на анализаторе","FullName":"B03.293.002 - Определение аспартатаминотрансферазы (АСаТ) в сыворотке крови на анализаторе","Code":"B03.293.002","ExternalCode":null,"ServiceClassID":5,"ServiceClass":{"ServiceTypeID":2,"OrderBy":5,"MasterDataID":5,"NameRU":"Клиническая химия (биохимия)","NameKZ":"Клиникалық химия (биохимия)","Name":"Клиническая химия (биохимия)","PublicCode":"500","EndDate":null,"ID":"5","StrID":"5"},"Service":{"NameRU":"Определение аспартатаминотрансферазы (АСаТ) в сыворотке крови на анализаторе","NameKZ":"Қан сарысуындағы аспартатаминотрансферазды (АСаТ) талдауышта анықтау","Name":"Определение аспартатаминотрансферазы (АСаТ) в сыворотке крови на анализаторе","ShortNameRU":"АСаТ на анализаторе","ShortNameKZ":"АСаТ на анализаторе","ShortName":"АСаТ на анализаторе","FullName":"B03.293.002 - Определение аспартатаминотрансферазы (АСаТ) в сыворотке крови на анализаторе","Code":"B03.293.002","ServiceClassID":5,"ServiceClass":null,"ServiceSubClassID":6,"ServiceSubClass":null,"MaterialTypeID":202,"MaterialType":null,"MasterDataID":3097,"ID":"256","StrID":"256"},"MasterDataID":8269465,"ServiceSubClassID":6,"PayType":1,"ServiceSubClass":null,"ID":"2163651","StrID":"2163651"},"FullName":"B03.293.002 - Определение аспартатаминотрансферазы (АСаТ) в сыворотке крови на анализаторе  () ","IsMain":true,"SourceID":"145160144_34024962","WorkPlaceID":20747,"WorkPlace":null,"DriverManager":null,"ParameterID":null,"Parameter":null,"AdditionalInfo":null,"Status":1,"PerformetServiceCount":7,"ResearchResultCount":0,"ApproveResearchResultCount":0,"NotSaveResearchResultCount":0,"ParentID":null,"ScreeningCandidatePlanGuid":null,"ScreeningUrl":null,"TakePlace":null,"MaterialTypeID":null,"MaterialType":null,"PartCount":0,"IsOrderProductionControl":false,"Uid":"d7d17115-0530-41f4-98ff-af6f87fd6d2c","OrderPerformerServices":[],"OrderResearchAllergens":[],"Results":[],"IsResumed":false,"ExecutionType":0,"ID":"67169731","StrID":"67169731"},"ParameterID":200408,"Parameter":{"ShortNameRU":"АСаТ","ShortNameKZ":"АСаТ","ShortName":"АСаТ","DataType":0,"DataTypeName":"Число","UnitTypeID":100030,"UnitType":null,"MedicalFormID":null,"MasterDataID":0,"MedicalForm":null,"NameWithDataType":"АСаТ  (Число)","NameRU":"АСаТ","NameKZ":"АСаТ","Name":"АСаТ","PublicCode":"20040800","EndDate":null,"ID":"200408","StrID":"200408"},"ParameterValues":null,"ParameterValueID":null,"ParameterValue":null,"ResultText":"21.67","ResultValue":"21.67","ResultDate":"2026-09-02T19:13:18.0567412+05:00","PostID":"189416","Post":null,"ExecuteMethod":2,"SourceResultText":"21.67","SourceResultValue":"21.67","SourceResultExpression":null,"SourceUnitTypeID":100030,"SourceUnitType":{"OrderBy":31,"MasterDataID":null,"CDD_ID":null,"NameRU":"МЕ/л","NameKZ":"ХБ/л","Name":"МЕ/л","PublicCode":"10003000","EndDate":null,"ID":"100030","StrID":"100030"},"MultiplierID":null,"IsApproved":false,"IsValidated":false,"StandardMatchType":0,"ApproveDate":null,"ApprovePostID":null,"ApprovePost":null,"OrderNum":1,"WorkPlaceID":20747,"OrderID":null,"BacteriologyResult":null,"AnalyzerId":38,"IsOrderProductionControl":false,"ID":"207446787","StrID":"207446787"}
02.09.2026 19:13:16	Information:	Result object to save: 
02.09.2026 19:13:16	Information:	{"OrderResearchID":67169736,"OrderResearch":null,"ParameterID":201268,"Parameter":{"ShortNameRU":"холестерин в сыворотке крови","ShortNameKZ":"қан сарысуындағы холестерин","ShortName":"холестерин в сыворотке крови","DataType":0,"DataTypeName":"Число","UnitTypeID":100051,"UnitType":{"NameRU":"ммоль/л","NameKZ":"ммоль/л","Name":"ммоль/л","PublicCode":"10005100","OrderBy":52,"ID":100051,"StrID":"100051"},"MedicalFormID":null,"MedicalForm":null,"NameRU":"холестерин в сыворотке крови","NameKZ":"қан сарысуындағы холестерин","Name":"холестерин в сыворотке крови","PublicCode":"20126800","OrderBy":null,"ID":201268,"StrID":"201268"},"ParameterValueID":null,"ParameterValue":null,"ResultText":"8.21","ResultValue":null,"ResultDate":"2026-09-02T19:13:17.5706156+05:00","PostID":0,"Post":null,"ExecuteMethod":2,"SourceResultText":"8.21","SourceResultValue":null,"SourceResultExpression":null,"SourceUnitTypeID":100051,"SourceUnitType":{"NameRU":"ммоль/л","NameKZ":"ммоль/л","Name":"ммоль/л","PublicCode":"10005100","OrderBy":52,"ID":100051,"StrID":"100051"},"IsApproved":false,"ApproveDate":null,"ApprovePostID":null,"ApprovePost":null,"OrderNum":1,"WorkPlaceID":20747,"DriverManagerID":150,"BacteriologyResult":null,"AnalyzerId":38,"IsOrderProductionControl":false,"ID":0,"StrID":"0"}
02.09.2026 19:13:16	Information:	Save string: 
02.09.2026 19:13:16	Information:	{"OrderResearchID":67169736,"OrderResearch":{"OrderID":31167739,"ServiceMoID":2164426,"ServiceMoMasterDataID":8269496,"ServiceMo":{"OrgHealthCareID":"45500000000000909","ServiceID":287,"NameRU":"Определение общего холестерина в сыворотке крови на анализаторе","NameKZ":"Қан сарысуындағы жалпы  холестеринді талдауышта анықтау ","Name":"Определение общего холестерина в сыворотке крови на анализаторе","ShortNameRU":"Определение общего холестерина в сыворотке крови на анализаторе","ShortNameKZ":"Қан сарысуындағы жалпы  холестеринді талдауышта анықтау ","ShortName":"Определение общего холестерина в сыворотке крови на анализаторе","FullName":"B03.401.002 - Определение общего холестерина в сыворотке крови на анализаторе","Code":"B03.401.002","ExternalCode":null,"ServiceClassID":5,"ServiceClass":{"ServiceTypeID":2,"OrderBy":5,"MasterDataID":5,"NameRU":"Клиническая химия (биохимия)","NameKZ":"Клиникалық химия (биохимия)","Name":"Клиническая химия (биохимия)","PublicCode":"500","EndDate":null,"ID":"5","StrID":"5"},"Service":{"NameRU":"Определение общего холестерина в сыворотке крови на анализаторе","NameKZ":"Қан сарысуындағы жалпы холестеринді талдауышта анықтау","Name":"Определение общего холестерина в сыворотке крови на анализаторе","ShortNameRU":"Холестерин на анализаторе","ShortNameKZ":"Холестерин на анализаторе","ShortName":"Холестерин на анализаторе","FullName":"B03.401.002 - Определение общего холестерина в сыворотке крови на анализаторе","Code":"B03.401.002","ServiceClassID":5,"ServiceClass":null,"ServiceSubClassID":6,"ServiceSubClass":null,"MaterialTypeID":202,"MaterialType":null,"MasterDataID":3128,"ID":"287","StrID":"287"},"MasterDataID":8269496,"ServiceSubClassID":6,"PayType":1,"ServiceSubClass":null,"ID":"2164426","StrID":"2164426"},"FullName":"B03.401.002 - Определение общего холестерина в сыворотке крови на анализаторе  () ","IsMain":true,"SourceID":"145160144_34024966","WorkPlaceID":20747,"WorkPlace":null,"DriverManager":null,"ParameterID":null,"Parameter":null,"AdditionalInfo":null,"Status":1,"PerformetServiceCount":7,"ResearchResultCount":0,"ApproveResearchResultCount":0,"NotSaveResearchResultCount":0,"ParentID":null,"ScreeningCandidatePlanGuid":null,"ScreeningUrl":null,"TakePlace":null,"MaterialTypeID":null,"MaterialType":null,"PartCount":0,"IsOrderProductionControl":false,"Uid":"8cb93b7d-2feb-4617-b85d-065811afa859","OrderPerformerServices":[],"OrderResearchAllergens":[],"Results":[],"IsResumed":false,"ExecutionType":0,"ID":"67169736","StrID":"67169736"},"ParameterID":201268,"Parameter":{"ShortNameRU":"холестерин в сыворотке крови","ShortNameKZ":"қан сарысуындағы холестерин","ShortName":"холестерин в сыворотке крови","DataType":0,"DataTypeName":"Число","UnitTypeID":100051,"UnitType":null,"MedicalFormID":null,"MasterDataID":0,"MedicalForm":null,"NameWithDataType":"холестерин в сыворотке крови  (Число)","NameRU":"холестерин в сыворотке крови","NameKZ":"қан сарысуындағы холестерин","Name":"холестерин в сыворотке крови","PublicCode":"20126800","EndDate":null,"ID":"201268","StrID":"201268"},"ParameterValues":null,"ParameterValueID":null,"ParameterValue":null,"ResultText":"8.21","ResultValue":"8.21","ResultDate":"2026-09-02T19:13:18.1037037+05:00","PostID":"189416","Post":null,"ExecuteMethod":2,"SourceResultText":"8.21","SourceResultValue":"8.21","SourceResultExpression":null,"SourceUnitTypeID":100051,"SourceUnitType":{"OrderBy":52,"MasterDataID":null,"CDD_ID":null,"NameRU":"ммоль/л","NameKZ":"ммоль/л","Name":"ммоль/л","PublicCode":"10005100","EndDate":null,"ID":"100051","StrID":"100051"},"MultiplierID":null,"IsApproved":false,"IsValidated":false,"StandardMatchType":0,"ApproveDate":null,"ApprovePostID":null,"ApprovePost":null,"OrderNum":1,"WorkPlaceID":20747,"OrderID":null,"BacteriologyResult":null,"AnalyzerId":38,"IsOrderProductionControl":false,"ID":"207446788","StrID":"207446788"}
02.09.2026 19:13:16	Information:	Result object to save: 
02.09.2026 19:13:16	Information:	{"OrderResearchID":67169737,"OrderResearch":null,"ParameterID":200549,"Parameter":{"ShortNameRU":"глюкоза в сыворотке крови","ShortNameKZ":"қан сарысуындағы глюкоза","ShortName":"глюкоза в сыворотке крови","DataType":0,"DataTypeName":"Число","UnitTypeID":100051,"UnitType":{"NameRU":"ммоль/л","NameKZ":"ммоль/л","Name":"ммоль/л","PublicCode":"10005100","OrderBy":52,"ID":100051,"StrID":"100051"},"MedicalFormID":null,"MedicalForm":null,"NameRU":"глюкоза в сыворотке крови","NameKZ":"қан сарысуындағы глюкоза","Name":"глюкоза в сыворотке крови","PublicCode":"20054900","OrderBy":null,"ID":200549,"StrID":"200549"},"ParameterValueID":null,"ParameterValue":null,"ResultText":"7.56","ResultValue":null,"ResultDate":"2026-09-02T19:13:17.5706156+05:00","PostID":0,"Post":null,"ExecuteMethod":2,"SourceResultText":"7.56","SourceResultValue":null,"SourceResultExpression":null,"SourceUnitTypeID":100051,"SourceUnitType":{"NameRU":"ммоль/л","NameKZ":"ммоль/л","Name":"ммоль/л","PublicCode":"10005100","OrderBy":52,"ID":100051,"StrID":"100051"},"IsApproved":false,"ApproveDate":null,"ApprovePostID":null,"ApprovePost":null,"OrderNum":1,"WorkPlaceID":20747,"DriverManagerID":150,"BacteriologyResult":null,"AnalyzerId":38,"IsOrderProductionControl":false,"ID":0,"StrID":"0"}
02.09.2026 19:13:16	Information:	Save string: 
02.09.2026 19:13:16	Information:	{"OrderResearchID":67169737,"OrderResearch":{"OrderID":31167739,"ServiceMoID":2164501,"ServiceMoMasterDataID":8269499,"ServiceMo":{"OrgHealthCareID":"45500000000000909","ServiceID":290,"NameRU":"Определение глюкозы в сыворотке крови на анализаторе","NameKZ":"Қан сарысуындағы глюкозаны талдауышта анықтау ","Name":"Определение глюкозы в сыворотке крови на анализаторе","ShortNameRU":"Определение глюкозы в сыворотке крови на анализаторе","ShortNameKZ":"Қан сарысуындағы глюкозаны талдауышта анықтау ","ShortName":"Определение глюкозы в сыворотке крови на анализаторе","FullName":"B03.335.002 - Определение глюкозы в сыворотке крови на анализаторе","Code":"B03.335.002","ExternalCode":null,"ServiceClassID":5,"ServiceClass":{"ServiceTypeID":2,"OrderBy":5,"MasterDataID":5,"NameRU":"Клиническая химия (биохимия)","NameKZ":"Клиникалық химия (биохимия)","Name":"Клиническая химия (биохимия)","PublicCode":"500","EndDate":null,"ID":"5","StrID":"5"},"Service":{"NameRU":"Определение глюкозы в сыворотке крови на анализаторе","NameKZ":"Қан сарысуындағы глюкозаны талдауышта анықтау","Name":"Определение глюкозы в сыворотке крови на анализаторе","ShortNameRU":"Глюкоза в сыворотке крови на анализаторе","ShortNameKZ":"Глюкоза в сыворотке крови на анализаторе","ShortName":"Глюкоза в сыворотке крови на анализаторе","FullName":"B03.335.002 - Определение глюкозы в сыворотке крови на анализаторе","Code":"B03.335.002","ServiceClassID":5,"ServiceClass":null,"ServiceSubClassID":6,"ServiceSubClass":null,"MaterialTypeID":202,"MaterialType":null,"MasterDataID":3131,"ID":"290","StrID":"290"},"MasterDataID":8269499,"ServiceSubClassID":6,"PayType":1,"ServiceSubClass":null,"ID":"2164501","StrID":"2164501"},"FullName":"B03.335.002 - Определение глюкозы в сыворотке крови на анализаторе  () ","IsMain":true,"SourceID":"145160144_34024965","WorkPlaceID":20747,"WorkPlace":null,"DriverManager":null,"ParameterID":null,"Parameter":null,"AdditionalInfo":null,"Status":1,"PerformetServiceCount":7,"ResearchResultCount":0,"ApproveResearchResultCount":0,"NotSaveResearchResultCount":0,"ParentID":null,"ScreeningCandidatePlanGuid":null,"ScreeningUrl":null,"TakePlace":null,"MaterialTypeID":null,"MaterialType":null,"PartCount":0,"IsOrderProductionControl":false,"Uid":"a40387de-3a0d-4c3a-b65c-8b36cb1b140a","OrderPerformerServices":[],"OrderResearchAllergens":[],"Results":[],"IsResumed":false,"ExecutionType":0,"ID":"67169737","StrID":"67169737"},"ParameterID":200549,"Parameter":{"ShortNameRU":"глюкоза в сыворотке крови","ShortNameKZ":"қан сарысуындағы глюкоза","ShortName":"глюкоза в сыворотке крови","DataType":0,"DataTypeName":"Число","UnitTypeID":100051,"UnitType":null,"MedicalFormID":null,"MasterDataID":0,"MedicalForm":null,"NameWithDataType":"глюкоза в сыворотке крови  (Число)","NameRU":"глюкоза в сыворотке крови","NameKZ":"қан сарысуындағы глюкоза","Name":"глюкоза в сыворотке крови","PublicCode":"20054900","EndDate":null,"ID":"200549","StrID":"200549"},"ParameterValues":null,"ParameterValueID":null,"ParameterValue":null,"ResultText":"7.56","ResultValue":"7.56","ResultDate":"2026-09-02T19:13:18.1505744+05:00","PostID":"189416","Post":null,"ExecuteMethod":2,"SourceResultText":"7.56","SourceResultValue":"7.56","SourceResultExpression":null,"SourceUnitTypeID":100051,"SourceUnitType":{"OrderBy":52,"MasterDataID":null,"CDD_ID":null,"NameRU":"ммоль/л","NameKZ":"ммоль/л","Name":"ммоль/л","PublicCode":"10005100","EndDate":null,"ID":"100051","StrID":"100051"},"MultiplierID":null,"IsApproved":false,"IsValidated":false,"StandardMatchType":0,"ApproveDate":null,"ApprovePostID":null,"ApprovePost":null,"OrderNum":1,"WorkPlaceID":20747,"OrderID":null,"BacteriologyResult":null,"AnalyzerId":38,"IsOrderProductionControl":false,"ID":"207446789","StrID":"207446789"}
